simulation_id	longitude	latitude	inclination	distance	mass1	mass2	spin1z	spin2z
0	4.2620217	0.6847603	1.3204223	332.39895	10.483115	9.0746579	0.00080121883	0.26317235
1	4.16646	0.1384404	2.1691204	1012.6975	41.761345	40.646826	0.010328374	0.15138042
2	2.2682742	-0.56883262	0.41407712	2591.0942	37.100228	23.301318	0.012117236	0.055269937
3	2.2241974	-0.97164647	2.5341614	2746.8767	22.350065	13.447781	0.71834846	-0.069559011
4	1.4714451	-0.6398126	1.6305539	761.81266	16.006386	10.284198	-0.0043930732	0.094284687
5	1.0267201	-0.83707702	2.4291088	1899.1575	10.738402	7.9465432	0.40181505	0.1786674
6	2.3650673	-0.8619666	2.1812584	657.28301	11.306469	9.2031877	0.34177992	0.0043677111
7	5.2306863	0.17499876	2.3534463	2140.5586	97.926596	48.909772	0.087903662	0.015781669
8	5.2884446	-0.3925152	2.7789984	1771.0374	11.242031	10.779497	-0.20315166	0.011198851
9	4.9078645	-0.27543558	1.9063025	1706.5865	84.513272	45.651776	0.21048756	0.019712421
10	5.1249645	-0.77774614	2.5698231	4928.4635	46.670015	29.073202	-0.01302791	-0.025048122
11	3.3870832	0.83179312	0.58871141	1315.0714	12.107254	9.8767085	0.016201468	-0.038259013
12	5.9947987	0.58448203	2.421729	1046.8954	21.667095	2.5970969	0.033014809	-0.077887453
13	3.70423	0.69447503	0.19379682	1889.3768	42.663578	29.488064	0.037515191	-0.088100291
14	3.7971859	0.87535684	0.38678959	158.44363	29.254971	1.4870773	0.10605007	0.095806078
15	6.1280585	-0.5691877	0.23365737	4695.9729	74.556845	69.477744	0.052572812	0.05803096
16	3.7392392	-0.21207263	1.1334813	1036.3013	22.625625	11.201338	0.050476614	0.013443353
17	1.7338857	0.6036851	0.40141782	8979.804	88.271069	49.442212	0.062015731	0.011672964
18	4.4653021	-0.077385241	0.72186005	5116.6653	109.78088	98.038365	0.060606936	0.11493553
19	4.5625499	-0.0033924737	0.32873468	964.94609	38.984723	26.590566	0.12360189	-0.0025739413
20	4.8019913	-1.2053481	0.85885508	5745.8185	61.014352	54.536017	0.0019968496	-0.087078245
21	1.446385	0.48462754	0.90684716	2201.7507	44.556291	31.301363	0.02041686	-0.0048403211
22	5.6884721	0.11746066	2.4076972	1141.0926	41.827941	35.345459	0.010499686	-0.20261268
23	2.986839	-0.89209796	1.8635908	1337.3149	44.336	27.372861	-0.29529435	-0.020579305
24	3.2130478	-1.008214	2.4053838	809.6539	3.0690108	2.9783639	0.014529428	-0.025750324
25	0.96535827	1.405876	2.6485628	267.31783	8.1019711	7.6679082	-0.0180451	0.16123343
26	0.86125001	-0.38782735	0.29863599	7772.6169	66.967462	65.877048	-0.060953034	-0.098613167
27	5.787684	0.76007296	0.23724288	5845.7757	66.272307	64.515913	0.14910476	0.042955013
28	2.1300433	0.37971655	0.79373039	3456.577	53.063392	38.746533	0.06909906	0.005671593
29	2.7534096	-0.54364461	1.0069017	2700.4384	48.323252	40.226398	0.24653668	0.068639181
30	3.3950243	-0.33706707	2.3010108	291.64302	2.9933189	1.4054389	0.20923589	-0.0074675106
31	2.4084685	0.086911397	0.26154381	569.1875	8.5728464	7.8880664	0.083276578	0.020198748
32	1.4256659	-1.163838	1.2945891	600.33354	12.256169	10.218022	0.13254021	0.18361665
33	0.59251636	-1.2848864	0.045897956	2443.7663	44.305366	28.213219	-0.005771393	0.039054571
34	0.78005649	1.0052041	0.67907597	2262.0679	12.136557	12.059285	0.036523182	-0.0042232407
35	3.1877311	0.031799557	1.0878383	439.31641	10.343173	9.6386583	0.14733691	0.019418433
36	1.2937638	0.85417064	2.5954271	3047.9687	48.296062	40.59958	-0.091699882	-0.16477007
37	1.6187509	-1.2082629	2.241285	648.70115	15.918375	5.5915534	0.024379148	0.096629564
38	2.2987218	-0.66782778	2.2454705	882.61038	13.128914	10.885258	-0.044384971	-0.4342195
39	0.71179619	-0.57124169	0.43502244	2026.5864	10.252064	7.1780028	0.03233895	0.18349549
40	1.0680127	0.41541339	2.4063556	4797.681	69.827014	63.308603	0.17651622	-0.0733373
41	3.3135728	0.72209747	2.3516611	1526.8327	11.997277	11.799292	0.12251345	-0.043402255
42	4.2690116	-0.061137693	2.7058954	269.42772	2.182162	1.3915589	-0.068748995	0.018145183
43	4.9260559	0.77806619	2.7293805	1358.5308	33.91893	32.407851	-0.21561496	0.12802247
44	6.2328929	-0.54661009	0.80578592	1907.5926	30.117614	19.074932	0.045789077	-0.042034988
45	0.1322557	0.47360286	2.0492857	1945.5447	46.772644	36.272726	0.034669021	-0.3064073
46	5.5724093	0.016154442	0.67794466	2339.6969	48.467505	14.378543	0.079396711	-0.0050287798
47	1.786631	0.68409147	0.40715415	1275.9568	22.084129	11.289327	0.015817692	0.049029435
48	3.8360637	0.46732018	2.6287626	1305.2055	13.108715	9.8096085	-0.25874941	-0.00062905877
49	4.8641515	-1.1185281	0.66906745	1314.3446	71.129043	41.944144	0.0054773518	-0.082924619
50	3.8774262	0.005712595	0.6649997	1717.9937	15.248269	14.953832	0.1023262	0.08845249
51	4.2703887	0.87247801	2.2879091	1643.8886	13.609113	9.5231372	-0.013203319	0.01834814
52	1.7542944	-0.024825885	0.4115078	1421.4822	38.277442	30.216636	0.0013480028	-0.27094591
53	4.6016685	-0.43314576	2.5337191	936.70746	38.313979	22.406617	-0.23810808	0.15425384
54	3.9255614	-1.1696885	1.7913443	2967.256	102.13484	99.814307	0.18895842	-0.21027237
55	5.3373964	0.1944663	2.1127356	133.37401	9.1420386	8.8430516	0.024826951	0.35050101
56	5.6967739	0.28608051	0.4561375	1433.4187	42.23418	29.377196	0.060438071	0.032348405
57	5.7311327	0.79517612	0.80954091	562.46258	10.976297	10.538387	-0.2097672	-0.0056332215
58	0.45024997	-0.40209449	2.5918789	9610.8367	72.35244	57.916577	-0.18486091	0.46547382
59	4.1117304	1.1776959	2.6930017	519.36725	12.159349	9.5663032	0.039434593	-0.0021920969
60	5.7735064	0.17923819	0.4441044	1172.4563	12.485785	7.804607	-0.03622813	-0.0084249452
61	1.1751204	1.0358351	2.8450869	1898.221	38.129597	12.722142	0.27305154	0.025598712
62	4.7244838	0.055420077	2.6755138	373.19421	4.1222444	1.973065	-0.049893034	0.011440425
63	1.3956603	-1.2660667	2.9460804	787.51162	10.050251	9.5212995	0.02819613	-0.035277385
64	0.76268374	-0.33575691	2.9391875	1282.3999	11.124996	9.9737652	-0.10460619	0.11560359
65	4.6484458	0.3994863	0.98852277	159.2333	1.2546699	1.2531525	0.032205486	0.25227239
66	1.4484263	-0.63576369	0.93861788	634.65597	9.9431557	6.7991227	0.2151622	0.22278446
67	1.3324137	0.7934745	0.36663142	5995.3006	47.234275	39.83858	0.10060462	-0.19219981
68	1.9759382	-0.777022	2.2119842	2490.5855	38.711155	37.036785	0.29549131	0.026371234
69	4.5066651	0.64139551	2.3743805	1065.1305	10.454873	10.209012	-0.094924595	-0.030521742
70	5.2001806	-0.47649348	2.7998761	902.59017	9.4673723	2.0335132	0.020991135	-0.20717443
71	0.4239015	0.16744121	2.2705218	991.92247	11.47656	11.328168	0.55065675	-0.18254017
72	4.7860584	0.68903642	0.77036909	438.60863	9.1427552	1.6743948	0.054479016	0.013392442
73	3.4406046	-0.046089288	2.0887053	1933.6373	47.383363	36.294842	-0.062746862	0.011917264
74	0.74084987	-0.15450337	2.4096784	625.28959	18.157322	9.5443686	-0.26582414	0.29527992
75	5.7142997	-0.20353962	1.0293295	551.96009	40.398722	36.345063	0.029966797	0.42643379
76	6.0422185	-0.82245846	2.5673898	754.77445	51.225501	44.60454	0.16450249	0.0073848226
77	4.4045878	0.50015572	0.79676252	1804.9464	48.586093	46.17622	0.098461988	0.018505931
78	3.0608573	0.70943968	1.5734348	293.2124	5.9632665	2.7669252	0.018950138	0.032417361
79	0.15310425	0.31416332	2.2774638	5835.3699	67.120096	66.412194	0.075587782	0.0049824055
80	2.3379953	-0.3882047	2.6574881	3434.7341	49.125745	41.760538	0.02008919	0.13966686
81	1.0549683	-0.86239473	2.6694697	4783.9818	43.322196	37.721335	0.16456339	0.023374071
82	3.7539149	-1.1841494	3.051582	4271.1935	57.208015	55.17171	0.022523019	-0.047358383
83	5.3942362	-0.75930781	1.1613845	104.65231	9.5660744	1.8295644	0.085590989	0.028852934
84	2.4581263	-1.4129542	2.079836	1121.5417	11.048158	10.071215	0.0061859812	0.12694775
85	3.1153562	0.30342824	2.4094622	792.60476	35.105655	29.219634	-0.012409799	-0.039368663
86	3.0974585	-0.68239946	1.1365684	453.13738	39.250077	38.982248	0.16208556	-0.0033149676
87	0.22181978	-1.0038999	1.7644685	280.95004	2.4063024	1.1493308	0.13734902	0.20002043
88	4.5556185	0.50804401	2.5254805	1329.2117	68.479148	11.054892	-0.33533973	-0.15557068
89	5.2092049	-0.47766167	2.5205483	4785.2	66.444626	51.923752	-0.0017571923	0.24663265
90	0.64996012	-0.53496933	2.6347221	1774.4881	22.347232	13.339537	-0.10918472	-0.011739975
91	2.8922604	-0.71794359	1.220061	586.62986	72.982331	45.234058	-0.021968776	0.16864494
92	2.4400603	1.3253426	0.62853526	438.02055	10.556803	1.4324761	-0.11311483	-0.0037316143
93	0.33978415	0.13406128	2.5756882	1251.0912	12.128465	5.3465098	-0.25004193	-0.074561397
94	5.3009943	0.73230499	2.1752874	834.54776	11.91382	10.785799	-0.22376483	-0.010036749
95	4.7274346	-0.15893878	2.772101	1305.9297	43.767283	28.100729	0.088211972	-0.047944147
96	2.9452442	0.78161025	2.0900674	1776.7992	52.071929	38.042858	-0.02699431	-0.55229402
97	0.37666265	-0.2451943	0.72130166	4706.3953	64.361656	54.668253	0.19624307	0.29670343
98	0.99667958	-0.025636206	0.8655526	4282.6074	52.475356	46.413373	0.059688608	-0.021215486
99	2.0062155	0.011335822	2.4338023	2950.344	47.096285	29.532423	0.044610196	0.13886932
100	0.85922384	-0.91662939	2.0270559	293.75113	9.8500534	2.2295311	0.27352022	-0.031993457
101	2.8824834	-0.18194166	2.6717784	706.19032	2.6984922	1.8657171	0.023931836	0.020901308
102	1.2494087	-0.65017802	0.67286493	370.42024	7.1707778	1.6914953	0.0054994213	-0.027476458
103	4.2940089	0.95392067	2.9912653	2426.9649	13.261995	12.863963	-0.092335897	0.32670615
104	0.033814742	-0.65855387	1.4639607	631.30888	22.327688	18.425842	0.13632924	-0.027317777
105	3.830283	0.24040831	2.468018	667.72555	10.792474	9.2052888	0.14361726	0.049505727
106	2.3893545	-0.25865662	0.63523167	1580.9728	12.423681	10.462209	0.1950206	-0.074227795
107	0.78230303	-0.84910351	0.82161027	1078.588	10.18936	8.9542599	0.066479721	0.36840491
108	5.242805	0.35495284	0.3820189	3932.1653	47.057121	43.154723	0.073239214	0.012623626
109	4.5855215	-0.30201351	0.18699219	3415.1342	55.152679	39.079223	0.020704289	0.0066194748
110	2.9124411	-1.124759	2.0826885	407.12385	9.8404817	1.7438576	0.35371536	0.075095529
111	1.9339128	0.67520258	2.4848932	1104.1396	12.301901	9.4458621	0.019032543	-0.028893464
112	4.6209564	-0.53275633	0.36179919	2941.6861	116.43075	109.3168	-0.022630093	-0.045708863
113	2.4041229	-0.2547009	2.3868201	719.6087	10.53003	9.7145167	-0.030476666	-0.0029683454
114	2.0577919	-0.64574097	0.50992998	1503.1662	26.993222	14.438471	0.1849037	-0.007790721
115	3.7210825	0.21674095	0.98190121	1266.2238	11.798163	11.139367	0.062585495	-0.068688446
116	1.9447457	-0.49472089	2.5847512	44.172839	1.4251158	1.364322	-0.054058213	-0.081707767
117	1.4351769	-0.36110157	0.90201167	1343.1199	42.81455	38.2487	0.017461344	-0.01514356
118	6.0157148	-1.006307	2.9199146	2432.5019	18.505275	13.604634	0.010352559	-0.041389104
119	3.4012173	0.43611604	0.50179812	2577.3556	13.774674	13.597179	0.06008018	0.061492773
120	3.2766243	0.17193163	2.2850471	504.94726	4.5912026	3.2497988	-0.29907452	0.018970694
121	0.21553895	1.1719583	2.5816087	614.47275	3.4848852	1.4593947	0.06825336	-0.053751072
122	0.045531208	0.41438007	0.16634249	5138.6017	64.549792	62.389091	0.36190671	-0.089786676
123	4.8161088	-1.2955216	2.4875824	184.64273	31.681647	1.0968532	-0.048572155	-0.08757427
124	2.9558267	-0.25724981	1.0674687	703.74793	10.533027	10.489562	-0.063869695	0.3463801
125	2.6636977	-1.1281262	0.36931392	1051.1921	43.332942	30.853233	0.070368787	0.033928776
126	5.8382931	-0.26658126	2.9833028	930.02148	10.082051	10.032492	-0.34420728	0.25269372
127	0.61230462	0.64064238	0.35073974	303.88641	8.8851756	1.2931227	-0.10329731	0.0045779219
128	1.7550028	0.14338984	2.1171866	2463.3361	53.512927	29.826035	0.056183385	0.0057430948
129	2.3818106	0.76216971	0.74409471	3010.9863	47.456051	41.905571	-0.087573661	-0.03851257
130	4.4065805	0.33367119	0.42137856	2488.3009	53.593689	53.262214	0.17785744	0.14145485
131	5.3976868	0.49031711	1.0495639	362.32372	9.9233892	1.2988031	0.081085905	-0.078233031
132	0.25007206	-0.98847519	0.57958481	1301.8669	12.025914	10.105593	-0.23897531	-0.067526467
133	1.0251905	-1.0788777	2.3624264	2651.6111	57.202116	54.090932	-0.093523542	0.055529081
134	3.4818966	0.55752482	1.0926795	4263.1481	39.160565	30.41038	0.070232942	-0.01738583
135	1.895599	-0.47743272	1.8330318	854.16783	11.703168	11.358471	0.19338334	-0.0038640591
136	4.5533927	0.15530625	0.17207432	6507.9198	91.397683	31.217794	-0.01811362	-0.049003235
137	1.5301937	0.08829681	0.33105021	637.72558	9.166549	1.838829	-0.23563077	0.044368337
138	3.3643683	1.0011479	0.53688799	2051.0584	13.337732	12.944751	0.041878777	-0.20548273
139	4.0165991	0.50657333	0.53762049	436.06792	10.236148	1.4769936	-0.12571636	0.022443016
140	2.7486114	1.192453	0.60684177	853.96039	13.031813	8.742214	0.01004606	0.30933174
141	0.86219854	0.92602345	2.6501302	3394.5482	60.162519	54.666701	0.0049951959	0.011315667
142	5.1936662	0.21035691	1.1477974	2812.0911	57.114653	21.186901	0.4498118	0.17316767
143	3.2141073	-0.079762207	2.531635	4501.0436	69.360163	48.853797	-0.1166832	0.033377468
144	3.4829313	0.59753761	2.9313987	241.97403	1.5534119	1.3159063	0.033283262	0.025481806
145	0.76568873	-0.15664344	0.41750037	4291.3023	60.746385	25.829135	0.87168825	0.0068455958
146	4.4282994	-0.1798959	0.57349225	1229.3941	46.861002	45.497717	0.1354944	-0.002375677
147	1.6437071	-0.81851653	1.3166613	1201.1328	67.61879	46.581573	0.010536237	0.093102109
148	2.5535429	-0.9302375	1.1512561	1906.8502	36.218702	28.560465	-0.076136125	0.035927757
149	5.9616427	-0.85571432	1.0730842	576.20526	10.396561	10.069243	-0.0041516865	0.28800627
150	2.9113577	0.40868149	1.0580133	1471.7537	20.481449	18.278989	0.018304766	-0.12023841
151	1.8317857	0.88288424	2.6438004	1160.022	10.522317	9.2746986	0.076644103	0.035884882
152	3.7831092	0.80943441	1.9688655	2265.9871	37.433639	34.330338	0.088679697	0.27183752
153	0.0075715341	-1.0562929	0.5493295	1586.3862	16.69112	10.807171	0.016551418	0.0025352852
154	5.8017966	-1.0031065	1.7980862	583.19068	9.683464	9.3902058	-0.1038453	-0.20616527
155	5.065619	0.48839916	3.0973429	1057.1512	41.998639	2.4287168	0.038948648	0.020653544
156	2.6168888	0.47624437	2.0667969	258.14853	8.9354197	8.8257497	0.15806569	0.031238678
157	1.6594981	1.061614	2.6012839	1423.0178	46.390936	44.504161	-0.055965967	0.1423627
158	1.9941452	-0.31551523	2.339075	4199.5576	61.154332	47.626493	0.0071704159	0.04334816
159	5.7411583	-1.1560175	1.7369263	549.98154	19.606144	7.8075538	-0.0018993012	0.36093563
160	2.2180824	-0.34733926	2.9974481	3577.4251	44.503798	38.295234	0.02910778	-0.072074068
161	4.4665121	1.5113202	0.46527255	740.60262	39.757644	11.936376	0.091453537	0.39680281
162	4.3488331	1.0179461	2.2655797	8352.9132	207.70415	143.99539	0.27567025	0.24775904
163	3.5914366	0.5435096	3.0924724	615.06883	5.0700092	1.957281	-0.019008966	-0.11905739
164	2.3545364	0.95296988	0.51816305	561.44633	35.918805	26.305972	0.27828573	-0.1309323
165	0.17654581	0.31361447	0.45814077	2070.4278	13.505354	12.200715	-0.016506925	-0.040149374
166	2.5019405	0.20603404	2.3327975	5089.2245	62.59774	51.78196	0.12871508	0.10806232
167	3.1227281	1.1622612	0.92305214	1813.85	15.299481	12.372778	-0.07867028	0.011304407
168	3.4672691	-0.85035293	2.7682958	1012.8623	11.410519	9.133951	0.13801808	0.23056699
169	4.0064508	0.55932509	2.438276	691.33925	11.735178	10.714263	0.056218547	-0.064431448
170	0.13819433	0.52349043	0.16069659	452.57417	34.140035	9.8292661	0.26081181	0.008503713
171	6.0581246	0.6909257	0.64558025	1950.8807	38.041617	34.465676	0.017031637	-0.031128082
172	2.3226413	-0.73372873	1.4939482	714.08669	9.8400153	9.5468387	0.15828385	0.0044223779
173	3.7728814	1.2463086	2.9269078	2599.4085	41.145803	30.681503	-0.057831113	-0.29511699
174	3.0938909	-0.66452088	0.3334959	2856.8426	17.604394	13.565675	-0.021527015	-0.058217924
175	4.0643852	-0.81783086	2.8614378	595.31791	9.6641997	9.5322714	0.11241224	-0.26671394
176	4.1688856	0.23967323	2.4487704	1732.4509	46.823323	34.951719	-0.19532866	-0.16338825
177	0.49963058	0.62011338	1.5154563	991.68805	39.757482	37.923133	-0.0004749074	-0.036980232
178	2.8625233	0.38667805	0.58801912	3715.8094	49.659688	41.331575	0.16755463	0.067626376
179	1.5883047	0.49574451	2.2279299	2139.4222	60.543668	51.509759	-0.00025700738	0.15186922
180	3.9608653	-0.86938698	2.8670044	2855.3824	33.439571	13.998041	0.42394029	-0.068117826
181	4.109542	-0.91407583	2.2219811	6270.2272	68.321331	57.33793	0.38358672	0.067363629
182	5.3643324	0.48686897	0.56608592	9889.4348	86.248905	72.513642	0.063585843	0.11826259
183	1.2447544	-0.22823967	2.2947819	464.32019	16.314345	9.4669211	-0.24170968	0.084539191
184	4.9323555	0.67865002	0.48871369	874.59583	11.888283	11.082709	0.024070481	0.2252108
185	3.1695342	-0.29969188	0.27127156	160.85128	1.5432705	1.2932277	0.17407223	0.074789542
186	2.1011219	0.43875023	0.87831252	2045.3772	87.838127	46.999625	-0.010183416	0.009601514
187	0.88703221	0.43816993	0.75797817	466.62303	3.0994551	3.0646788	0.039722924	0.0025229348
188	1.5307664	1.0476795	2.6346606	584.66475	2.5465947	1.6815079	-0.1067503	-0.03091456
189	0.46859683	-1.0962544	0.7662463	736.84534	27.587717	25.2754	0.17824608	-0.049799875
190	4.2704558	-0.44885268	1.1033805	6536.6169	71.974964	54.349563	0.0042443641	0.095764206
191	1.3120584	0.72438008	0.2287892	673.63771	2.0414028	1.6913272	-0.0077087893	0.024884136
192	1.9610587	0.36881197	2.2291221	936.26105	11.556491	10.638359	0.13800758	-0.13152838
193	1.1921035	-1.145484	1.4685884	3747.504	92.214214	79.497276	0.4189166	0.028699296
194	4.4157576	0.2028663	2.5068485	865.02374	24.493695	10.983083	0.015169426	-0.32455998
195	5.4402539	0.50745755	2.3896553	755.49881	9.9059647	7.3567539	0.22342456	-0.030676408
196	0.49425428	-0.27872384	2.4760497	175.84876	10.189145	1.2840204	-0.087858871	-0.025703898
197	2.7591152	-0.52819453	0.71783405	1095.5393	33.560277	2.9371363	0.011850664	0.10024714
198	4.4988469	-0.22742186	2.1587308	1040.6282	25.881765	10.209494	0.38433156	0.054426724
199	5.8706993	-0.0081279427	0.80450412	3770.6303	42.514482	33.410384	-0.1105933	0.013988371
200	4.7450982	0.60725045	0.5045325	5672.295	68.078837	62.383036	0.45478472	0.0013799412
201	4.6929644	-1.2154043	1.9058593	385.1324	13.331762	9.0322392	-0.11814695	0.04290363
202	2.928093	0.09395302	0.255166	7847.3292	203.55261	196.88578	0.17292931	-0.00872194
203	0.99299464	0.3905491	0.63031424	63.17336	1.32885	1.2453067	-0.0042331117	0.049144384
204	4.3071662	-0.71540193	1.8330854	171.29937	2.7110739	1.5909293	0.18196745	-0.0045679808
205	3.7810228	-0.034177463	0.9485216	1721.9797	35.602662	32.258705	-0.22223803	-0.011493598
206	4.5719603	0.18239625	2.7323827	1107.0438	10.306609	9.8784801	0.11557241	0.057249638
207	2.8755508	1.4214707	0.61107342	3297.4977	65.544986	51.799252	0.12837947	0.15105184
208	0.26491013	0.31212682	0.069100812	1364.0052	27.561281	23.800572	0.019273436	-0.017422982
209	2.4726894	-0.89003317	0.72008145	211.18276	1.613239	1.4967921	-0.007696419	0.010432738
210	1.6187366	0.60848274	3.0804378	2697.5621	53.739566	45.64391	0.064727697	-0.0012122615
211	2.3319136	-0.24578845	0.84446245	126.95515	1.6297956	1.3905472	-0.053629764	0.0055927438
212	5.6438237	0.47008208	2.1446016	562.11583	34.899961	28.642985	0.069165886	0.3188648
213	5.710239	0.24358993	3.0334561	1219.242	11.291742	10.021707	-0.016513665	0.020772085
214	4.9124603	-0.27902336	1.1341237	2092.6891	63.071733	35.341328	-0.19220658	0.064030203
215	5.6560177	1.3021828	0.78530953	404.85081	37.664162	37.227636	0.12670584	0.063034776
216	0.14458171	-0.56041997	0.754721	287.58403	1.7061544	1.461666	-0.016472772	0.11036708
217	4.5033931	0.91068077	2.3536608	474.57889	30.030559	20.944285	0.046765896	0.11443994
218	1.3413519	0.4605968	0.16981319	3880.0676	56.255544	41.523298	0.00023530061	-0.10992571
219	1.8331983	0.27060885	0.63420383	1368.4368	19.67884	15.346413	-0.015622503	-0.028557779
220	0.978379	-0.29880442	1.8624741	457.52487	26.671568	23.042643	-0.047299485	-0.3805833
221	4.739022	-0.23133611	0.53098505	1393.9928	36.921115	30.036668	0.035009221	0.23922502
222	4.8611208	0.31656487	2.3612594	2510.7842	41.798028	37.30335	0.0031741301	0.15092824
223	3.1994965	1.3981916	0.84442436	1067.3701	29.894554	8.4807487	0.15141752	0.046390355
224	5.2260035	-0.6179166	3.0813155	1021.8521	35.457308	27.919722	-0.15183836	-0.034992026
225	4.4376401	1.2197278	1.1736541	2050.7882	63.88915	40.663268	0.26664656	-0.017776953
226	5.68873	-0.85699604	2.7247137	1288.878	14.404171	11.579391	0.10367807	0.074144621
227	4.6842071	0.26274361	2.2144855	480.728	10.433245	8.5629662	0.027925524	0.44083431
228	4.7878369	-0.82028209	1.7535469	1996.3436	58.339865	49.200803	0.099692768	0.034726431
229	1.7277678	0.36972964	0.59935085	956.28043	18.174396	9.5706508	0.0082706831	0.017238272
230	6.2327545	0.82587335	1.1725777	846.64412	38.269185	35.424613	0.11465676	-0.024925242
231	4.764119	-0.93833646	0.27578225	5352.0107	23.075129	15.060122	0.11046808	0.019173017
232	0.42655099	-0.71006228	2.1071808	128.53149	1.6169489	1.5512197	-0.017942155	0.0395526
233	4.0431006	-0.61500787	1.1729893	926.12214	10.049264	9.0486503	-0.018649592	-0.091035738
234	2.847617	-0.69804951	1.9312609	2707.1138	45.76034	37.666601	-0.12956919	0.12625655
235	1.7631592	-0.1589885	0.88172919	3366.0749	43.552376	40.741967	0.05390865	0.11095217
236	1.4446454	-0.64825676	1.9951249	257.50767	10.33416	8.9138094	-0.077079228	0.12419146
237	0.50655525	0.88773825	2.5876638	1237.6173	13.832051	10.816394	0.00069405587	0.18338737
238	3.5227149	-0.63114863	0.49742876	893.08363	11.507214	5.7408949	-0.018387544	0.03696049
239	6.2722092	0.65761411	1.9680962	2259.1488	34.782298	32.390463	-0.060484677	0.21392594
240	5.9666068	0.50129317	1.3755984	2405.9583	55.29441	37.519199	0.10627224	0.11035855
241	4.3375435	-0.19699651	0.80269854	365.62757	9.6619465	8.3917264	-0.062107035	-0.19372321
242	2.1645141	0.52893073	1.7206526	1619.8793	79.807729	41.599589	-0.19124479	-0.40068002
243	4.4885979	0.99921413	2.4138069	1824.1929	34.904806	25.658395	-0.001305708	0.0055723037
244	4.6567405	-0.42393972	0.38446431	1911.6755	40.923772	13.068881	0.040523277	-0.017639563
245	0.92266806	-0.062689416	0.88217115	4688.5017	46.855019	42.687225	-0.0074717913	0.085675911
246	1.8953151	-0.87674742	0.60799303	1060.9159	11.481527	10.244711	0.06000546	0.18882303
247	3.9745056	-0.31527133	2.8203219	2477.5906	54.105788	43.772842	0.30513625	0.012409119
248	4.3084685	-0.84934503	0.96685793	4355.3372	42.415535	42.075324	0.011829526	0.0046032012
249	5.6036994	0.99036681	0.28154378	1422.053	11.165878	10.423884	-0.0040585831	-0.021250015
250	0.2500698	0.4138741	0.73741414	1696.6291	13.708166	12.003669	0.0099411221	-0.077955734
251	1.303739	1.106811	1.9228943	1332.1824	48.633873	12.893657	0.022758917	0.050830446
252	3.6596316	0.73148499	1.9479494	2181.5818	38.623527	30.519029	-0.070889778	0.027078442
253	5.838717	-0.95545329	2.2150784	1995.3944	46.310395	34.581685	0.088967501	0.38711078
254	1.6147339	0.035500984	0.20309923	4129.2367	36.221552	34.193809	0.10241152	-0.04132876
255	5.659131	-0.22343418	1.2570629	3191.7655	114.88942	61.134842	-0.018298676	0.0063673935
256	0.8914197	1.3290935	2.6644896	1546.5764	11.700999	11.412411	0.1573223	-0.011459353
257	4.1477615	-1.2366053	1.637941	245.47255	1.7229114	1.7158401	0.12452823	-0.089158424
258	5.6189084	0.74851116	1.9623462	2918.6904	39.478186	35.491468	0.12829798	0.016098312
259	3.102647	0.53755472	2.3062604	1174.8707	12.755077	12.595785	-0.2342833	-0.41042188
260	3.440342	1.3089702	0.31763393	781.10909	9.8938825	1.6281325	0.032485953	0.12451725
261	4.4693603	0.0060227824	0.36704139	302.79499	15.241067	1.3291936	0.20572721	0.081211379
262	4.1121145	0.52192537	2.5874748	1181.8788	13.944289	9.2611535	0.62749571	0.14015142
263	3.5871988	0.15916471	0.74875053	1450.2951	10.788355	10.654913	0.024020127	0.2435368
264	0.49147205	-0.14818532	2.1112503	155.99226	2.7485747	1.256405	-0.013327327	0.26746013
265	4.9695331	0.3707407	2.3698441	8789.0906	76.376152	74.435385	0.16017897	0.022430671
266	4.9510558	-0.19484226	0.92021205	1633.1894	32.489442	22.988252	0.07621512	0.01535677
267	0.72501806	0.5639408	2.0965741	5442.8363	67.043127	63.288182	0.11740091	0.2915744
268	0.99330731	0.31368211	0.76253823	126.27188	2.2015693	1.399913	0.30659791	0.020629505
269	4.9609265	-0.56979029	0.70194091	1054.7851	13.207467	12.445698	-0.15480957	-0.087596716
270	4.3594302	0.86720116	2.5192511	2946.1286	63.784576	57.71357	0.016633853	0.065341242
271	5.927368	0.14622923	0.89471856	3847.4212	54.716037	46.156213	0.29083584	0.17637721
272	6.1390167	-0.4820593	1.1569568	1118.4754	9.27741	8.8837085	-0.10738848	-0.062829232
273	1.4172355	0.50730068	2.4716301	675.55536	10.778656	9.3298026	0.17529797	0.016832504
274	5.9524653	0.2141489	2.0095465	2775.9063	51.928958	51.472075	0.0024109269	0.24023191
275	4.2022346	-0.25300961	2.2662394	578.73807	11.078321	9.6521211	-0.21987125	0.016112003
276	6.1574166	0.23199303	1.7175932	2137.0343	98.220586	54.654881	0.002575	-0.13533115
277	4.6597698	-0.27353027	0.33246731	1291.1583	9.0962795	7.8994508	-0.32092122	-0.23285818
278	2.1802093	0.18353073	2.3996818	1052.737	25.287216	22.259249	0.00055140152	-0.0004176669
279	3.0917404	0.7462277	2.8922072	1238.978	12.779879	11.792458	0.037326664	0.027740926
280	4.4465907	-0.52462484	2.1040702	267.21314	9.3713756	1.5083763	0.0004433905	-0.062857676
281	3.3279711	-0.52666544	2.7433974	4953.8655	38.822589	38.345718	-0.089129923	-0.2064207
282	2.4177912	0.42763286	1.1474627	951.9848	21.025499	19.440853	0.06235486	0.18172738
283	0.044165834	0.12219182	0.45868948	4320.3343	55.128472	54.008702	0.0058716849	0.33506549
284	0.99306268	0.41354738	2.9388185	521.94278	11.064753	9.5436549	-0.070645776	0.10538272
285	6.0398887	-0.30238419	1.4904539	1729.3912	49.681703	43.921778	0.030639974	-0.088480352
286	2.6057284	0.8713701	0.40015052	2805.6131	41.641948	14.124799	-0.11364911	-0.10533896
287	6.1106344	0.83747799	2.4720001	1141.7062	11.11446	10.353279	-4.8139302e-05	0.012363701
288	1.7323155	1.0728166	3.054899	410.46366	2.6475282	1.3364195	0.048503009	0.025382146
289	2.746034	-0.1168182	0.52469837	2732.8903	34.458478	10.844162	0.11288906	0.0035047824
290	5.0456321	0.17325571	1.1491728	3067.8738	50.759004	48.008954	0.01211919	0.77415654
291	4.0926606	0.38449669	2.4685996	3049.2292	44.614469	37.226946	0.0080170519	0.16074464
292	3.8464701	0.18718526	1.6482003	391.86602	42.3809	37.505088	0.15283608	-0.0042619463
293	2.2490435	0.79413604	0.71548204	8883.1081	76.848144	72.901389	0.045195676	0.064662242
294	4.2724915	-0.017139	2.6923134	325.94815	1.6864632	1.4452561	0.11197202	-0.013713017
295	2.3522334	-0.32140043	0.55084737	2515.6642	12.169457	11.884134	0.32372519	0.34736397
296	3.8975611	0.23718835	3.0451518	2262.939	50.30515	31.258401	0.048721317	-0.0090471224
297	4.4197952	-0.9407694	0.87333763	1036.0795	11.51838	4.0418386	-0.17688501	0.091795254
298	2.0611928	0.01763526	2.6692748	3195.9048	44.330845	43.527935	-0.047526774	-0.018836878
299	5.0504573	0.92882725	0.17802614	359.64584	10.058274	3.6724718	0.13505412	0.14442916
300	5.262562	-0.57421277	0.49825425	806.15728	6.1782403	5.6117481	0.048304935	0.14959143
301	2.4027929	-0.57929629	0.52407159	368.97583	4.2127535	3.2878213	0.045939053	-0.18631171
302	2.0894482	-0.44859951	0.85665982	3583.3654	66.00102	56.51749	0.40034343	0.123937
303	5.9637837	-0.75591493	2.978562	4313.6407	76.414683	62.15782	-0.27250253	-0.0095132263
304	0.46548894	-0.42124342	2.262494	739.57458	10.488424	3.5798035	-0.010661556	0.071994747
305	3.6338678	-0.53606121	1.3994734	418.01544	8.6843207	6.632395	-0.0091299167	-0.10959109
306	1.7106052	-0.832744	2.344923	1747.5436	14.524038	10.288702	-0.007526754	0.10117761
307	5.4450103	-0.47040831	1.298153	266.6302	9.533167	8.8661584	0.2406116	-0.013880528
308	5.8711861	0.42768283	0.26849428	4819.5419	54.186359	44.833719	0.094565798	0.26130226
309	0.083675279	0.84012121	2.8187352	1428.3208	35.82821	34.772845	0.093884461	0.016366862
310	4.0402091	-0.14435856	0.74287651	1182.518	11.960448	10.984831	0.084237501	0.12825414
311	2.5317968	0.44349527	2.5626156	2329.6986	67.479016	48.730123	-0.0087528849	0.00075576957
312	5.4538014	-0.30145734	2.721945	293.11846	68.39067	19.649799	0.26108193	-0.0042952874
313	1.4683244	-0.94747489	0.40674572	4391.8129	58.907907	39.081447	-0.17552581	0.33472861
314	0.12997943	0.33860802	0.56949464	1491.4489	23.305855	20.777383	0.2779606	-0.010794633
315	2.5489294	-0.38773652	0.2086043	1093.5207	11.873451	10.717362	-0.00043919385	0.15289082
316	2.3120269	0.52327146	0.84541849	889.09502	11.196168	10.751752	-0.002559141	0.042130859
317	5.9777386	1.1942137	2.190126	998.67246	15.395325	10.09049	-0.0085066262	0.25309756
318	4.8048476	-0.42736547	1.1458364	892.74604	33.681497	32.294804	0.10346163	0.044668181
319	6.2615737	0.42665915	0.57003035	527.32013	9.5732051	8.3770664	0.08319901	-0.37418555
320	3.1167526	-0.28651356	0.88649257	1891.1385	29.109057	27.728494	-0.15094331	-0.032228769
321	5.0412946	-0.2243889	0.44296942	2696.847	32.291404	31.719592	0.087856582	0.12077398
322	3.6799273	0.71660583	0.94068033	2631.0053	40.572371	37.090522	0.012481244	0.21772816
323	0.089592517	-0.45955854	0.45288012	744.41206	11.161982	5.1983769	0.12467789	0.061254564
324	2.0915601	-0.89701621	2.199447	347.17155	11.124026	10.697775	0.053460203	-0.063883359
325	3.29384	-0.011506603	0.8063446	3244.6065	49.005832	33.871681	0.037515191	-0.088100291
326	3.1593392	0.58262255	2.1459098	1427.1713	18.496918	11.265504	0.0019170645	0.10272294
327	4.2301288	0.77649477	0.43309751	3918.2417	58.805209	55.782894	0.12218765	-0.063021013
328	0.9729432	0.035795264	3.0360519	877.50161	28.244001	22.588514	0.0014005046	0.073499779
329	0.99401671	-0.093226676	0.18486803	1456.7376	12.9625	12.87604	0.11736122	-0.10375703
330	2.3270475	0.91073846	2.1236939	1632.9564	34.822556	34.088522	0.16953064	0.058046305
331	0.5546788	-0.48953438	2.3696974	259.37801	8.250209	3.9403681	0.11633105	0.10936716
332	4.2410194	1.0140129	1.3013479	1949.6595	54.135745	33.797216	0.027994392	0.50363034
333	4.6751256	-0.40271448	0.50498561	407.09251	24.036617	23.406755	0.21418452	0.14968426
334	5.1306522	-0.35679073	1.5192907	1147.2134	28.63426	20.669571	-0.004331289	-0.19327279
335	5.7443493	0.33737241	0.24015541	11479.052	94.967957	88.395444	0.0018800149	-0.017053646
336	4.2959318	0.19979566	1.144445	124.58309	1.7417572	1.5726492	0.021371629	0.0064929588
337	5.4535351	-0.39925509	0.34840378	4235.222	42.565064	17.450555	-0.10425741	0.014812522
338	1.5401435	0.31303888	2.3743171	3311.9889	71.74372	56.020123	-0.050573074	-0.0022241966
339	1.3197391	0.96814111	2.6896627	3873.2946	60.253242	22.025813	-0.11463538	0.024545254
340	1.6569981	-0.19302335	1.232738	410.81514	41.667837	39.647885	0.36625707	0.020298259
341	6.0799118	-0.28348083	0.21943161	331.43321	1.7033155	1.4483796	0.17940064	0.040089148
342	0.86073383	0.6182576	2.3811607	1080.0769	19.111142	14.914687	0.064294233	0.0075174946
343	2.5335224	-1.1140749	1.5617733	3983.6268	128.43425	113.45325	0.23796126	0.074469425
344	3.2457841	-0.71598216	3.0473851	1150.1458	28.456802	24.191088	0.19636527	-0.0059898193
345	0.51629961	-0.42489351	2.8898016	1245.8037	45.110808	9.1200273	-0.21262331	0.26955966
346	6.0889873	-0.84449629	2.4420141	6674.5022	131.99948	107.52894	0.11345811	0.047541019
347	4.7014271	-0.78372906	3.0489324	3061.7443	20.466282	9.7976559	-0.31075368	-0.097072667
348	6.204207	-0.89420389	0.61679952	412.94699	10.378665	9.0321977	0.0024699172	0.075052307
349	0.92852213	0.026617515	1.3704697	803.83502	14.807907	10.336271	0.032988297	5.286345e-05
350	1.6451937	0.63040746	3.1207486	913.5392	23.032738	2.2479576	0.11028361	0.039692317
351	4.4001293	-0.38535585	0.88241491	311.83738	7.2338235	1.3323829	-0.10693882	-0.038192467
352	3.022019	-1.2910539	0.2666642	296.31041	1.8122342	1.7899435	-0.0025189135	0.17632075
353	3.9408242	-0.2534432	0.46934329	2931.9285	53.886919	23.726509	0.20847691	0.067572707
354	5.2123194	1.2637094	0.83293242	2228.0662	50.818648	43.586576	-0.41510219	0.074574906
355	2.633147	0.12413204	2.5605413	107.5659	7.8871338	2.5213738	-0.28685636	0.015530731
356	2.7515938	-0.1018146	2.7869332	1477.3038	39.50538	11.338183	0.014282616	0.25111728
357	5.6349554	-0.14079324	2.9146103	4360.5141	60.10938	50.809505	0.57932728	0.064026405
358	1.3345635	0.56360969	0.39313184	4616.7184	58.358381	43.381131	0.10379562	0.29535966
359	0.40170866	0.26368956	2.3391591	1531.1762	34.74703	24.882355	-0.018338332	0.10664082
360	4.3853072	-0.63397593	0.72912427	3358.665	44.264849	13.406438	0.32662187	0.080032451
361	1.7515067	-0.45224276	1.0718198	1119.4251	25.908365	22.211313	0.016879271	0.4094322
362	0.44119433	0.66617664	2.6872433	325.33982	1.5908367	1.4248585	0.016162884	-0.0032393982
363	0.39890384	1.310718	2.4175673	4382.4841	45.166842	37.234841	-0.015176006	0.07487376
364	2.1728677	0.9286246	1.1185223	917.67128	11.035297	3.5044222	0.00017719382	0.019635734
365	0.34211576	-0.17225059	0.31918888	5235.0016	56.675546	49.90486	0.012066705	0.18241199
366	4.5498517	0.69496199	1.9094948	5276.7665	120.02651	78.178305	0.10580812	-0.04515653
367	4.4392066	-1.2102825	0.28072452	2467.5735	125.17334	53.752732	-0.088518367	0.02438345
368	5.2319725	-0.34381004	2.925702	6448.1286	71.167705	55.272469	0.0020360287	0.18529616
369	0.52308739	0.32312923	1.3745809	4736.1292	106.84185	62.123327	0.050792946	-0.0080196774
370	1.1846447	0.45146109	1.6478252	162.26123	2.1333047	1.3456546	0.19436139	0.26558546
371	2.9812049	0.24089886	2.2753464	2172.3908	33.409072	30.671005	0.051948372	0.033432596
372	4.0460273	-0.26323312	2.8238311	529.67849	9.355647	9.0629594	0.4184003	0.11787226
373	1.3170856	0.44276578	2.7391609	8501.6958	74.266802	70.462396	0.3366841	0.051708777
374	2.7333364	-0.28912714	2.4218429	1727.4371	12.258898	11.058716	-0.041460352	0.11321122
375	5.6026512	0.87696123	0.95561713	1103.3227	17.020418	12.303582	0.028088141	0.006125876
376	4.6909396	0.85164159	2.9452504	1254.1922	39.238824	1.5148342	0.24505193	0.052697339
377	3.4222685	0.90763484	0.67060147	4176.3597	42.465115	35.437318	-0.0025607446	-0.21345341
378	1.016999	0.19906826	0.68720367	3268.0815	53.656525	43.589263	-0.1711537	0.32249748
379	3.0977081	0.75466283	2.7259956	453.5166	13.124077	1.5784368	0.090945187	0.026384418
380	2.934643	1.2001079	2.696075	1938.1845	41.953764	11.735046	0.014017554	0.031231759
381	2.0066968	0.46403191	0.4968426	732.8135	10.765093	9.6559617	0.069283536	0.030769508
382	0.47323922	0.70118757	2.2941951	1141.5917	12.400551	11.948931	-0.0068832595	0.00019225938
383	2.3455665	-0.98611382	1.4148143	4311.1891	55.378106	49.726018	0.19981687	0.17811191
384	4.3985945	-0.61825104	2.7935668	15090.451	212.95334	208.96314	-0.094402638	0.0082582378
385	0.48000828	-0.75646142	0.35553918	2410.3805	22.628304	19.041288	0.34831337	0.2041937
386	2.0396578	0.3402754	0.60595626	6660.6051	75.275038	51.312693	-0.27728264	0.076364354
387	6.2434358	-0.56999054	2.1247983	602.8512	11.322925	10.705163	0.040671303	0.097737216
388	2.4140182	-0.10018109	2.7008925	4011.5816	50.747174	35.909968	-0.12162421	-0.32766485
389	4.1394935	-0.97993761	2.9155627	1700.9611	13.127814	12.488983	-0.15403382	0.30351979
390	2.3823751	0.4575622	2.9404342	265.08217	11.586998	10.997665	0.14669939	-0.0083468305
391	0.65366348	-0.58558589	1.7897481	3537.1039	58.351867	50.580296	0.0073680496	0.10016038
392	2.2997929	-0.14482172	2.5604834	2969.0876	70.331261	58.552517	0.028044477	0.084749824
393	5.6693296	-0.80280272	0.91346963	804.80084	36.108769	8.8115029	0.11097158	0.084861333
394	1.6826213	1.0337428	0.68635843	256.28761	9.0938774	1.3988187	0.004305803	0.10245945
395	6.1846504	-0.76578073	1.9226693	151.17218	11.586211	1.721829	-0.087655262	0.099777882
396	2.4751098	-0.66798939	0.46606176	2288.0837	47.976119	43.591021	0.091369677	-0.22661969
397	2.0214081	-0.5686013	2.1167961	1305.0395	51.806248	30.390335	0.14321827	0.11602238
398	2.3572376	-0.58743029	2.5136404	2498.9387	48.340761	13.728985	0.0042838509	0.045373429
399	5.3617328	-0.77315007	0.75360097	468.56741	27.110188	4.2473248	0.086705954	0.08775306
400	0.95254348	-0.261437	2.3257155	1368.0246	33.837381	23.433707	0.47727908	0.026371446
401	2.2405309	-0.63938075	3.0725845	6869.8014	56.688006	50.432771	0.043098143	0.086516916
402	5.164262	1.3370816	2.6780663	1187.5846	10.684336	10.20832	-0.078242887	0.0053778547
403	3.3511338	-1.1675363	1.9191939	4379.1408	103.82655	68.859052	0.019199804	0.045022926
404	1.5393338	-0.048079208	0.79464679	2081.0636	32.829747	28.29279	0.11362357	0.012372492
405	1.5253544	-0.77413937	2.2494918	3316.9593	56.493887	32.961701	-0.32450521	-0.021185332
406	1.1266269	0.12189824	1.6557026	3063.7744	118.24146	86.906633	0.047564667	0.013646639
407	3.6291712	0.83921097	0.81131886	357.07188	37.70216	34.153979	0.19869595	-0.05025321
408	4.5340672	-0.19870031	2.8502419	1819.5453	14.440227	11.556449	-0.15938739	0.0045026561
409	5.9220112	0.56618785	2.1196308	468.19864	10.168273	9.7866686	0.026237108	-0.042375554
410	5.0882305	-0.79483647	0.45003357	1843.1261	12.682197	12.286859	0.046137308	0.20920087
411	0.81032889	0.1318375	0.3971431	523.33677	11.972002	2.2611002	0.00094801676	-0.023810101
412	4.1459796	-0.67187858	2.4892614	2960.5663	45.422153	40.225249	0.20732945	-0.091275396
413	1.8982035	0.73022227	0.61435506	1956.1489	11.202582	10.555292	0.12987267	0.056190046
414	1.1116094	0.90339726	0.55622382	817.95769	9.1387716	1.4804878	0.10969994	0.010840802
415	2.6894911	0.64489384	2.4759768	196.1349	1.8784952	1.5896441	0.027777011	-0.019041275
416	1.0336457	0.57272927	0.94861214	511.91713	25.406026	11.01762	-0.025723198	0.12127629
417	1.8543926	0.77416535	2.4142299	2435.4649	22.220085	12.705557	-0.012791211	-0.31713298
418	0.37486765	-0.10322196	2.1710426	404.52003	9.2220209	8.4603442	-0.063143873	0.22489535
419	3.9205333	-0.24949032	1.8299789	1656.2314	26.354691	24.893712	0.12675386	-0.039972649
420	5.7677127	0.71018599	2.5941855	6542.6828	70.384362	64.907653	0.3212125	0.036946648
421	5.9417075	0.087900458	1.9598614	4034.5134	147.7734	92.07505	0.089538285	0.17863474
422	1.2790212	0.62251984	0.92001559	286.42534	8.0390406	1.6055304	0.31878768	0.22817733
423	4.7102745	0.26674113	1.8569356	187.30234	1.3405603	1.3403372	0.0012897996	-0.0023828772
424	3.8377926	0.60320652	0.48563979	3401.9461	141.53374	84.291999	-0.1659608	0.24703856
425	2.552947	0.52381911	2.0315533	1862.5924	49.068916	28.661741	0.00023436346	0.02575797
426	0.57647477	0.97924433	0.93557624	286.14125	9.6185904	1.4459128	0.14001992	0.20936018
427	0.65026173	-1.3129303	1.077248	521.10616	11.350121	1.9999809	-0.011838301	0.039607818
428	5.2526707	-1.1629736	0.8775703	802.73443	14.138127	12.413453	-0.0022921539	-0.18573142
429	3.8401886	-0.59815377	0.15246071	2724.3795	54.687946	42.120969	0.14668101	-0.17187472
430	4.7685348	-1.0641022	2.4175315	533.21237	42.894273	41.450998	0.048235651	0.01411406
431	4.572293	1.4468752	2.7608058	995.94657	75.939819	28.174731	0.05591073	-0.075342068
432	4.5250767	-0.70461986	2.8472076	1074.5163	11.140675	10.197847	-0.10012831	0.098765854
433	0.53220245	0.30010322	2.6912448	2508.0972	56.25514	27.813204	0.17146069	0.12465098
434	4.0716628	0.099164027	1.0100558	6298.1581	99.956182	93.739995	0.08744549	-0.026428772
435	2.6849612	0.12592846	1.5185362	1005.7864	34.872125	32.463865	-0.011755501	-0.03871571
436	0.77020674	0.90846115	2.5706382	2211.4345	22.268814	14.346493	-0.0061815887	0.022223261
437	0.68202145	-1.2227982	0.26681655	3090.613	13.277351	12.620154	0.062283116	0.14102259
438	1.926593	0.42932033	2.2881203	1594.5614	11.286182	9.6846039	0.16831512	-0.14090087
439	0.75443614	-0.26688024	2.6556673	1262.3885	47.806937	42.554882	-0.013561603	0.0032881467
440	1.8465272	-0.7417613	2.9284273	1478.1094	36.836923	11.155454	0.060457361	0.042882802
441	1.5419445	-0.078265952	2.7381877	1190.3712	10.578206	9.3783587	0.10198967	-0.039753151
442	4.0327444	0.58637514	2.8473085	2960.1381	34.095457	28.231479	-0.0070421785	0.019462713
443	4.232707	0.62530562	1.0275107	318.54956	7.7747194	3.0656147	0.020140167	-0.074206781
444	0.9505715	0.95757474	2.2078652	3249.5256	47.596297	23.713873	-0.0092199716	0.30960094
445	5.8833222	0.56875573	2.027878	795.0884	10.156923	9.4297987	0.23503902	0.1537037
446	2.3423317	0.39635542	2.0524731	1373.9525	12.521037	9.1279053	-0.045428866	-0.33929967
447	2.0726735	-0.30837388	2.7668368	2142.9882	47.446053	35.79835	0.3279451	0.012892547
448	6.002164	1.1587567	2.9590777	517.41458	11.487267	10.26765	-0.026834103	0.20847508
449	0.1711706	0.69269465	1.0122713	779.65627	32.01523	16.494113	0.0035001663	-0.069502492
450	5.4467005	-0.075694838	0.47992033	655.94062	32.572874	1.5997912	-0.042933105	-0.043614871
451	6.0984272	0.39213331	2.7371631	2074.0891	48.877717	11.754653	0.34626742	0.035733385
452	1.8461695	0.15599487	2.9372222	158.87322	1.2132679	1.2004422	0.0062920657	-0.0043693888
453	3.0133291	0.31479657	2.3705239	3345.5213	60.854079	57.269806	0.023542465	-0.056938257
454	2.9388456	-0.20430036	2.3115543	1829.0364	55.608646	40.128996	-0.037801394	0.07444293
455	4.1635911	0.38218711	1.7863056	387.69638	8.8004094	1.5102665	0.065251915	0.24112883
456	0.019492982	-1.3919079	1.6259183	760.05681	36.13611	22.659683	0.044610196	0.13886932
457	5.7356906	0.87370062	2.207859	4953.8453	53.226624	52.16194	0.016099605	-0.0027044971
458	3.9089746	-0.66672438	0.77339487	694.16642	10.049011	9.5836649	0.022678505	0.021204151
459	4.3346626	-0.71549329	2.6563139	1134.7392	44.625753	24.675563	0.021036557	0.017787861
460	5.3711463	-0.64734958	0.15854964	3937.2521	59.26119	38.356489	0.15125177	0.075831959
461	6.1738417	-1.0294137	2.6586846	1319.0918	41.360722	29.8297	-0.021586019	-0.071944226
462	1.6903765	0.77208153	1.7501079	3818.7802	160.61415	121.00492	0.17321775	0.39352024
463	2.1832559	-0.36265267	2.4199714	2075.2754	19.812779	11.760041	0.12034365	0.0071817892
464	6.2277554	-0.48514323	0.32547225	3781.4795	14.897963	14.845539	-0.00010487223	-0.0082564755
465	4.0221462	0.35624952	2.0370087	324.9718	12.190879	10.560025	-0.084769156	0.14755175
466	5.3120013	-0.88826985	0.71954088	2137.8147	79.845268	43.153306	0.032636492	0.22702692
467	1.2493916	0.44509412	0.3135953	1566.74	11.32133	11.111131	0.015651474	-0.29441576
468	0.93548221	-0.15371159	2.3124922	3636.4561	66.38518	57.029875	0.024759892	0.0032609841
469	2.6752802	-0.060971637	2.1791781	880.5736	32.013132	21.552101	0.0053484602	0.085417475
470	0.1402614	0.74582851	1.1329669	671.69734	11.699753	9.8164815	0.22193305	0.1987
471	4.4124016	-0.4955506	1.9482775	2277.0364	39.060188	35.166822	0.0076438484	0.0075086614
472	6.1793294	-1.0586067	1.6060316	186.14312	2.5254298	2.4420521	-0.29355119	0.034198263
473	1.1405801	-0.2739311	2.2754455	1436.0392	41.452128	40.980132	0.068487854	-0.0064026552
474	1.9706309	0.33962235	2.7923174	2643.7955	14.085394	13.630881	-0.067018318	-0.0068409313
475	2.1782159	-0.1993409	1.0274183	127.61351	9.1107666	2.0168461	-0.01771626	0.026937008
476	1.0174301	-0.098227982	2.0874943	2290.0488	92.361693	30.255996	0.16167524	-0.14356386
477	2.3750146	0.42075324	2.0526996	3276.1575	71.819485	39.441843	-0.37099484	-0.05707228
478	3.0825675	-0.34153668	2.6026053	3925.89	87.672096	39.667084	0.19097755	-0.00081277099
479	1.5960882	0.54232677	0.39092018	3396.5129	47.655974	36.845797	0.18987837	-0.016130636
480	5.3504014	0.67241471	1.5031451	389.7092	11.186075	10.36826	-0.018355487	-0.36520881
481	0.58855637	0.18317254	0.93394328	1595.6978	42.136859	29.806596	0.044033181	0.15683035
482	1.7378685	0.70357206	2.5668873	3903.0131	54.996382	38.673721	0.24373705	0.080421569
483	2.6281548	-0.68541831	2.8203825	125.46045	1.4277444	1.1472814	-0.036780605	0.16036788
484	1.945415	-0.22953921	1.071389	255.50703	3.6914409	2.975	0.10678709	0.24140517
485	4.5889131	-1.3497708	0.72850416	1113.6824	14.681963	11.427846	-3.2877866e-05	0.087807506
486	4.0453523	-0.99680536	1.3623852	492.92436	10.753036	9.9675334	0.39593252	0.15519754
487	0.082489989	0.56358971	2.3980443	2721.4922	28.20937	26.360464	0.06161608	-0.2650329
488	2.485102	1.1266097	2.4803078	1673.5354	46.412254	44.146627	-0.29867089	0.0099764986
489	2.1703264	-0.31815195	2.8738421	1380.7849	12.710441	10.346208	0.038239093	-0.22780438
490	5.8467326	0.5435107	2.348693	4454.0996	54.481871	40.12893	0.015953251	-0.013471075
491	5.0093099	1.0124684	0.32974315	2256.5572	40.590242	13.88434	0.007196282	0.070586318
492	5.3651636	-0.77341336	0.32603602	4849.6721	46.862132	28.283104	0.29420118	0.1884473
493	0.19415661	-0.92464038	0.86917755	1106.6165	39.826801	28.720759	0.4382926	0.0078315638
494	4.4437011	-0.58447847	2.4958853	623.48333	10.968136	1.5246141	0.060821743	0.0028074479
495	0.98755743	1.0301705	0.79321117	4853.1059	91.403471	40.778338	0.018498526	-0.008528969
496	6.0070937	-0.29273712	2.7440441	5632.0528	76.192724	38.002494	0.20422103	0.010058806
497	4.8129023	-0.73799749	2.7825868	907.68073	9.7834408	2.2108248	0.00091380812	0.062128169
498	4.9179532	-0.16192222	2.3138364	2795.5285	29.781075	12.970717	0.052345972	0.16265765
499	5.367027	-0.39329494	1.0419117	1186.3131	25.893907	12.465142	0.32602346	-0.068275567
500	1.7958683	0.600505	2.1156915	532.24038	11.030069	3.0991877	0.076086347	0.019448167
501	1.489356	0.16436362	2.1982725	2999.6204	53.282106	52.230951	-0.19773546	0.0062903593
502	4.0690645	-0.61949142	1.4440985	1382.474	17.820901	12.895519	0.13860266	0.064462525
503	2.8251045	0.53094126	0.40045457	998.09298	35.934166	11.877959	-0.0055505729	-0.2350802
504	5.8350669	-0.18353019	2.6732591	975.73791	10.927994	9.763673	0.24477451	0.025819608
505	0.19617742	0.068579279	1.923374	839.81635	9.8454955	8.828267	0.20267822	-0.0017871858
506	4.8071813	-0.21054541	2.6897905	4242.0458	61.462517	54.307408	0.010743333	-0.087068138
507	3.3765102	-1.0355649	0.33348559	3543.4094	48.815319	47.674929	0.093878972	0.040786384
508	0.87964541	-1.0764963	0.90901487	856.85088	18.320398	18.191933	0.039157392	0.015623162
509	1.0353039	1.186608	0.36573184	3963.0903	57.714794	57.207006	0.0024109269	0.24023191
510	5.3270161	-0.11062682	0.54522607	5139.4927	133.5805	53.870495	0.014384432	0.012247931
511	4.2005184	0.74689065	2.7490041	682.87023	10.204739	9.5162974	0.062142368	-0.0072277688
512	1.1000029	-0.27224823	2.5032169	1884.5895	43.430186	22.813237	0.1622668	0.10876967
513	4.6103201	-0.72769659	2.986707	243.29041	15.434287	11.740523	0.18380701	0.15841479
514	4.8692727	0.67724289	1.1976984	1564.2676	46.35094	43.095056	0.59370001	0.16567397
515	0.12644354	-0.042511096	0.48999077	995.69471	29.469944	23.988901	0.061711889	-0.014045298
516	5.0247944	0.77859609	2.0129987	517.32796	8.832364	7.7381797	0.055889301	-0.38306921
517	2.1539093	0.46768821	2.6642966	379.31395	3.7296038	2.7395306	0.0064807864	0.060231611
518	5.7478524	-0.063601994	0.89900634	5172.1465	109.06905	82.882701	0.12231221	-0.026341675
519	6.2824947	-1.2950544	0.50003789	2946.2174	39.849303	35.26015	0.044452843	0.022007454
520	3.7808532	-0.097358927	1.0788257	1167.6961	38.637613	31.551497	0.16414846	0.037224947
521	1.3519555	1.4041072	0.45993497	2727.9229	26.650682	25.465041	-0.0071981866	-0.04918516
522	2.1296764	-0.57450167	0.43383431	1282.0612	11.973959	4.8360234	0.027076431	-0.033627411
523	5.5438502	-0.43276724	0.24768082	2363.7209	58.204117	47.524116	0.10039048	0.42163397
524	3.3410053	1.3815615	0.60373989	4247.6069	51.274868	44.375679	0.028765956	0.086891983
525	2.7068117	-1.1345303	2.3099257	5513.4213	50.008466	48.960704	0.079805145	0.022871937
526	1.3336348	-0.62681252	2.8578614	1421.3703	12.198462	11.096812	-0.09032787	0.043042259
527	0.36709956	1.1305896	1.7316348	177.21656	3.6566787	1.6835443	-0.012195728	0.060690476
528	1.85023	0.51087955	1.0139776	1000.9814	13.087511	12.061367	-0.41761387	-0.030942979
529	1.1241568	-0.28485272	2.7746137	2253.7257	26.076835	25.863544	8.6197289e-05	0.20701677
530	5.2319987	0.50674125	2.8688661	2424.938	38.671579	36.960404	0.013241833	-0.099584992
531	3.4321779	0.56803376	2.492602	4058.6958	97.471052	61.606265	-0.11364925	0.08625954
532	5.0218813	-0.33800337	3.0524978	1100.3108	11.859442	10.869176	-0.048531023	0.31225458
533	6.0604071	-0.47755148	0.2346249	303.33824	2.0992478	1.3035328	-0.021430605	0.0070935774
534	2.1872728	0.64439642	2.3635282	388.74517	25.991123	1.5277688	-0.011735634	0.10561592
535	2.9982588	0.42685313	1.8809936	799.99286	13.137455	10.345344	0.38486624	0.11339881
536	2.7378756	0.35290176	2.8044737	4249.1316	47.27437	37.375765	-0.16264267	0.29972443
537	3.8240387	-0.25949979	2.4535767	506.61008	10.785407	10.440242	0.089942916	0.078593571
538	0.11697315	-0.28126323	0.45780795	1856.4832	12.406098	11.914789	-0.062612834	-0.15436842
539	4.0119207	1.0322775	1.1590618	1638.627	26.217316	18.591752	0.043812862	0.036692535
540	1.4266842	-1.3575707	1.0758658	594.65506	8.9521008	8.851035	0.087961749	0.16492019
541	1.6731186	0.57138334	1.3048092	1083.2137	36.79028	10.001428	-0.34418976	0.010010462
542	1.1838516	-0.079074631	1.8868434	1868.2475	96.191706	86.408014	0.017264506	0.042944423
543	3.8487755	0.084517995	2.3614849	3053.5469	53.505849	47.885507	0.0042482935	-0.10799098
544	6.0432955	-0.96851554	0.9726923	1160.5853	10.823474	10.479991	0.070442249	0.24507494
545	1.1345083	-0.77115195	2.478289	3331.4997	50.679023	16.940063	0.14846688	0.028708298
546	1.5530954	-0.29960143	1.0053957	320.70474	4.2787238	2.5559106	0.14640067	0.0004768311
547	5.0079452	0.17149927	0.57264686	1979.8234	30.727049	12.165242	0.052311489	0.04252592
548	3.5582169	0.52944054	1.8997502	4173.947	56.608058	45.989816	-0.0056656936	0.017284841
549	2.2299417	0.66770611	0.65318393	501.08567	2.4265197	1.7050702	0.19457357	0.028663528
550	2.5881168	-1.1366307	1.8931178	1545.9726	44.333259	29.65645	-0.17188303	0.16568523
551	1.3600765	0.72812873	0.96089629	876.22771	11.598995	9.7311714	0.18270074	0.17563139
552	0.79992067	0.43494028	2.4823271	4115.4743	65.511777	60.534911	-0.035991795	-0.02880085
553	3.4098657	1.1419722	1.9594972	1860.0422	36.269766	35.16622	0.045278979	-0.17088409
554	4.9530364	0.067668996	2.3787911	2845.911	62.731554	45.723506	-0.12071851	0.010700751
555	5.0366219	0.054613689	2.7871976	1082.845	11.393407	2.6804063	-0.07578243	-0.079520778
556	1.9591477	0.65649174	0.90121406	865.1322	12.045746	2.7082568	0.17578608	-0.053912579
557	1.419871	-1.3684356	2.1345337	937.9226	35.331121	22.837306	0.55272058	0.098971244
558	4.4922154	-0.030404009	0.31188722	854.61659	38.131467	27.811889	-0.17637594	-0.11068758
559	5.4674856	0.64172822	0.50606165	1914.0107	11.814825	8.4270165	-0.29431856	0.02960304
560	4.3550949	0.74168988	3.100806	266.07708	1.2927069	1.2737133	0.055615354	0.00053590226
561	0.84973767	1.0643859	1.6758827	1997.5727	40.913435	32.981593	0.16474301	0.047968688
562	0.4478032	-0.9439542	0.7871509	456.54584	10.096517	8.7410632	0.0062491905	0.020223308
563	4.5168295	-0.024335772	0.53457355	7831.8944	96.489722	90.885773	0.0064639807	-0.0098868446
564	3.71677	0.74207933	0.73427036	4376.6042	64.894189	54.791092	0.24814334	0.22463356
565	3.1892122	0.209682	1.3247209	2212.3976	91.540445	58.236106	0.063734202	-0.0063816689
566	3.9528885	-0.49575973	0.46104796	2231.1083	30.277231	21.107193	0.00060103708	0.10920958
567	4.3643602	-0.84286861	1.8679794	1879.0434	37.948141	36.348895	0.070984382	0.21234893
568	2.5582533	0.0071265599	0.91274962	908.80478	10.142918	8.3524906	0.33822198	0.22406704
569	4.7325548	-0.05908616	1.0331782	840.8796	32.855125	31.138499	0.28760068	-0.18009912
570	4.704032	1.008633	0.86148707	4963.2084	118.94389	95.688742	0.038400882	-0.40867567
571	5.3197008	0.44987752	1.3553502	316.15449	24.521126	22.326823	0.085489224	0.050861139
572	0.66485522	0.015430767	2.6501219	1442.6649	9.3115174	8.6693806	0.098892814	-0.0040776303
573	4.291359	-0.32732698	0.36974502	5466.1228	52.245626	33.42031	-0.022397295	-0.22737011
574	5.179987	0.81829278	0.53495497	4755.2858	43.698293	37.422382	0.44545123	0.081825145
575	0.46579382	-0.45028093	2.7728818	2195.8388	13.027768	12.07832	0.49595553	-0.066054299
576	1.9493668	1.1425561	0.63965454	2692.3671	39.218282	32.945855	0.0019168631	0.00018894015
577	2.6104938	-0.22965048	2.2808252	3127.7946	51.77938	42.619193	0.010802526	0.029426076
578	3.3168563	1.1588475	0.58550842	4689.7173	44.771849	42.597731	0.021914689	0.0063147111
579	5.1009505	-0.54488284	2.2459543	977.53496	12.884057	9.6409251	0.1125626	-0.27691876
580	4.2778889	-0.62557418	1.8872707	5359.3628	150.27471	142.92653	0.016718633	0.096709232
581	4.2769462	0.45444339	2.8229586	6215.6114	58.487503	55.519843	0.031466627	0.04075547
582	0.66627845	0.37944218	1.259583	177.30647	8.7240435	2.1998617	-0.010321427	0.1823426
583	3.3045355	0.23992653	0.19025869	6546.1844	56.410813	41.85027	-0.15013629	0.0076901422
584	6.1322158	-0.28388192	1.0299097	3990.0278	67.974032	60.970822	0.0024766663	0.0044834877
585	2.0039838	0.063312015	1.1970579	1309.5303	52.482221	28.564053	-0.22610769	-0.036275279
586	0.82344629	-0.27231762	0.35088577	10667.987	88.907422	70.786068	-0.030356923	-0.017690519
587	0.41006799	-1.240627	2.7391901	2069.5716	30.095704	19.299993	0.010484539	0.12536665
588	4.4191588	-0.50021355	0.71534571	693.0172	38.046512	28.029884	0.32286524	0.11045023
589	2.7528749	0.22949971	0.80241344	983.3436	52.626417	44.30351	-0.0012033112	0.00062481549
590	5.7037568	-0.69825477	1.1944022	2360.7321	35.957215	25.785202	0.15833738	0.027528204
591	5.1338281	1.1379482	2.5495384	1526.1299	14.251855	11.726695	-0.036919235	-0.0073340528
592	1.7303231	0.40535128	2.7308052	431.85496	2.325338	2.079448	-0.094774618	0.21453572
593	3.968289	0.083368975	0.8718493	1410.1149	14.741376	12.29887	0.05432318	-0.051440217
594	4.1805883	0.3497275	2.4372717	4387.3235	52.767095	50.448294	0.26812789	0.025945451
595	1.3311316	-0.021494284	0.11206585	1966.9969	13.343501	11.329213	0.24308457	0.014234324
596	5.8475712	0.084801581	2.7491851	5227.5889	102.91768	47.808849	0.23392505	-0.044090229
597	3.4967197	-0.67131947	2.5860575	706.89715	9.9091301	9.0748469	-0.0099194524	-0.013731652
598	4.7033078	-0.47086633	2.0315314	8610.5446	84.402423	83.060931	-0.23379431	0.028252244
599	0.2636156	0.52954816	2.7204297	2881.0534	41.050281	31.280038	0.39779137	0.007396302
600	2.7781862	0.52454569	3.0706906	1548.7369	14.159538	13.099732	0.26272786	0.0073741337
601	5.5339551	0.8814306	2.8583537	2305.8079	46.627991	33.369234	0.15722119	0.017084431
602	5.3723851	-0.05485666	0.74116606	656.73075	40.697477	22.854224	0.16768852	0.045149411
603	3.7892828	0.79142853	2.0095681	1406.3504	16.615557	9.0502034	0.221028	-0.035475952
604	2.4518138	-0.32545405	0.80789932	5003.6174	79.981034	58.067523	0.13397718	0.055594238
605	0.56429511	1.5065237	0.93670882	304.00085	2.2444563	1.9246637	-0.041993622	-0.0045112515
606	6.1048272	0.56578332	3.0403327	1342.0714	13.490601	13.229765	0.017133594	0.038155388
607	4.6465122	-0.25512461	2.7167509	1645.2248	20.505991	12.306546	0.058077549	-0.0065593794
608	5.0159193	-1.122701	2.157549	1233.7166	11.102074	10.882575	-0.0028292965	0.10981204
609	4.1521491	0.78223604	2.5512574	898.08767	29.830356	10.839308	0.23464033	-0.48322313
610	4.2585108	-0.23686349	0.28854851	2078.7772	46.79367	25.576002	0.27752256	-0.0073668504
611	4.6767594	-0.55385234	2.2643729	162.16414	1.2627964	1.2384606	-0.077238846	-0.047931876
612	5.0106044	0.45588602	0.75928352	3767.9655	61.40353	55.074679	0.019243693	0.11976504
613	1.0604796	-0.73797748	0.52439052	1092.5344	12.609752	11.317481	0.070168847	-0.0076749714
614	0.029196968	-0.031222678	2.2067191	906.75993	25.22567	12.01987	-0.15977847	0.21772509
615	5.7863903	0.85619391	2.0043294	278.27698	10.547674	1.2733569	0.002738789	-0.19552061
616	0.016139149	0.56129727	2.8045496	358.2603	12.251641	10.307699	-0.053152372	-0.019620607
617	3.4131317	-0.49040444	0.42249894	4168.9659	40.222533	29.356119	-0.071561456	0.24690684
618	3.2351463	0.79173946	2.1359017	548.73494	9.0667732	8.5371943	0.066707428	-0.068572581
619	5.0025412	0.23773559	1.2170787	356.19055	7.0927068	3.065148	0.014232982	0.021779592
620	2.8723404	-0.73886682	0.21577892	1615.7258	12.606554	11.16193	0.02927184	0.0090253457
621	5.3070831	0.56391947	2.1973911	7941.0179	68.994856	59.770691	0.21732646	0.084271827
622	4.5307691	0.71139613	0.85660528	3725.2818	50.445338	34.194053	0.42122039	0.37238749
623	0.068147178	-0.78291775	0.81021792	2180.374	51.423411	48.750662	0.07307245	0.0040731109
624	3.276471	-0.93863845	0.85890674	945.22187	32.23131	15.914011	-0.075476441	0.016944375
625	4.8682239	0.57402842	0.7307856	3036.453	19.332491	16.314265	0.11599081	0.25841707
626	2.9301227	0.82879787	2.5051992	3668.6273	64.458531	51.501846	0.12565706	0.032744893
627	3.7151058	0.066282727	0.65497545	724.4716	12.404381	10.048005	0.053625083	0.034112934
628	4.4728947	-0.068033719	2.7192822	4658.7368	107.32241	82.760374	-0.363872	-0.064323157
629	1.7563385	-0.14069052	0.62168982	6140.4054	108.76439	56.879167	0.72500702	-0.18676985
630	1.1897681	0.63895991	0.31723459	2318.8678	51.901085	35.316227	0.16568631	0.0072488779
631	5.5627197	-0.88100569	1.2667716	1332.8886	49.753261	48.815681	0.058506466	0.0042997469
632	3.6255915	-0.89508754	0.41981093	682.94197	2.7875518	2.4853994	-0.02444787	0.014430657
633	0.90203954	-0.49394388	1.9536806	1174.6056	46.686987	43.306778	0.026182748	-0.00073305068
634	4.0263618	-0.43728706	0.98783429	1239.9745	36.391425	33.082772	0.23248498	0.13187918
635	0.093910052	-1.1073827	2.9136672	3274.0178	14.92208	14.033893	-0.080068139	0.32919664
636	5.1648877	0.32927537	2.4025788	1348.3336	11.456047	9.8590386	0.038648813	-0.10175967
637	1.5132737	-0.90530526	0.46163863	2037.1786	14.645095	13.417609	0.15274871	-0.019884795
638	2.1599404	0.91970543	2.4932514	4977.8226	66.060094	55.603703	0.18473434	0.0055402342
639	1.0724817	0.36952312	2.928892	2556.1282	40.408104	34.291323	0.29651886	0.042110921
640	5.1332514	-0.85502724	0.65324448	4359.5355	78.424593	56.516841	0.29022451	-0.23242712
641	1.6758179	-0.025050032	0.82021923	4181.1476	69.225973	66.878884	-0.16066617	0.084483886
642	1.5269035	-0.28503851	2.8106495	3000.0344	30.202793	26.593975	-0.022197215	-0.1673221
643	4.4682579	-0.32601609	0.28727597	4587.0052	59.965606	38.103802	0.11462844	0.0060550172
644	0.22449393	-1.0617218	1.7159071	335.30739	13.215831	10.775188	0.0114221	0.00029479671
645	0.16732849	-0.76369035	2.1347502	1711.8668	12.419086	10.804662	0.037549779	0.22108167
646	5.9038875	-0.64189218	0.50932884	1769.7607	12.023776	11.739558	-0.00012314574	0.0016913005
647	0.083320622	1.3961657	0.42905476	3446.2357	53.845863	38.25179	0.054199527	0.011461063
648	0.4664044	0.27832155	2.4551761	1101.414	18.973085	10.392257	0.05653989	0.011354978
649	0.046836589	0.016391578	0.80014893	2403.0102	44.923282	39.73632	-0.24007702	0.076246067
650	6.0790541	0.051053379	1.0739874	690.21726	10.466724	8.7807292	0.32766681	0.17245747
651	5.0307377	0.2230838	2.6239343	293.99775	31.128376	18.648132	0.12681003	-0.022326762
652	5.1664561	-0.6424588	2.215331	2639.002	40.091205	39.492418	0.069015466	0.039678525
653	6.0262254	-1.3282035	0.19544755	5416.1971	51.79831	51.274136	-0.020800788	0.041723619
654	3.7645022	-0.42439696	2.8368253	3300.4461	44.302419	23.390928	-0.015993793	0.089633125
655	2.2992724	1.0494953	2.0633941	807.68225	12.488348	10.785749	-0.067234569	0.038836673
656	5.1295921	0.65636159	2.2584141	2259.6743	100.1136	60.234389	0.028386062	0.15916398
657	4.9645019	0.39689723	2.7246551	5069.049	34.049888	31.681172	-0.066695442	-0.094547137
658	1.5994318	-1.4123761	1.31975	212.12391	9.2277238	8.8021226	-0.0019777287	0.020226231
659	0.54242995	-0.72821834	1.6154622	1200.7492	40.096337	27.100612	0.021344817	0.045603992
660	0.07535219	0.85005524	0.80812252	887.59786	37.334437	6.1674417	-0.0035295679	0.4218889
661	3.0004521	-0.35029054	2.8470882	589.15655	10.094136	8.0706493	-0.024376841	0.063785535
662	3.6810313	-0.84282911	2.9828499	4467.885	66.315296	53.308069	0.14620221	0.41134866
663	4.7695309	-0.49988973	2.3191358	437.2914	34.318449	22.937486	0.26260931	0.00053204042
664	4.2396688	-0.14810309	0.45146613	3952.5224	55.876169	49.138732	0.010460791	0.0048288639
665	5.52101	0.74576328	0.84950818	241.77308	2.0810003	1.8231954	-0.027997089	0.049508912
666	1.53604	0.29803602	2.6996305	1158.6307	9.7340515	8.5176678	-0.0003562576	0.11562302
667	4.4986499	0.40016071	2.232463	1432.0418	49.317057	36.11046	0.029728822	-0.013996433
668	0.88594418	0.38146174	0.32158825	915.11902	19.779705	11.415254	0.021932544	-0.0091577834
669	2.6793395	0.37779457	1.9554681	3642.398	52.034019	41.138433	-0.16650252	0.0036380271
670	3.3212362	-1.0044036	0.3923056	5478.0976	64.926576	40.085396	-0.29529435	-0.020579305
671	0.70567002	1.4033546	2.3859971	844.38183	11.167799	9.9288381	-0.045674608	0.072858875
672	5.7121504	-0.15958552	0.97817851	5301.9328	103.39322	84.856369	-0.18135721	-0.050265184
673	0.19162246	-0.48131939	2.1584491	682.78575	9.994493	9.9457277	-0.12027076	-0.020426169
674	5.7455616	0.30720471	0.18776839	1781.2349	40.521235	31.052899	-0.16737111	0.056531252
675	3.2480838	0.3238936	2.6906708	1114.9891	54.071344	38.27069	0.14907385	0.11703294
676	1.4998417	0.47892479	2.4945666	1445.8755	20.832479	10.54812	0.0074701399	0.030823804
677	4.6771917	1.2027071	2.6757798	2565.9023	32.476797	22.560658	0.041095708	0.030936344
678	5.9984364	-0.18345913	2.4028809	1252.2978	11.849826	11.348207	0.0041814318	0.39141596
679	5.7954135	-0.16490869	2.7440522	2873.9254	31.24497	28.081993	-0.11871457	-0.12816546
680	1.2168292	0.67102899	2.6915001	14244.678	244.26636	223.629	-0.093026729	-0.047417497
681	4.5353691	0.78757673	2.3123783	2430.5376	54.731875	38.611036	0.11506176	0.068792669
682	1.3339812	0.46816403	1.0135546	2601.8738	30.690867	25.337982	0.00055455299	-0.052401796
683	3.1391997	0.8350181	1.669318	972.92528	23.602066	22.904111	0.28965936	0.40199499
684	3.1059233	0.57854629	2.7916435	2336.2833	13.697123	12.813011	0.033538808	0.47935807
685	2.1836246	0.68044777	2.6616974	1611.9289	52.79327	6.8217035	0.19531526	0.29001944
686	2.5781069	0.2476348	1.2013236	2193.5989	78.472558	50.223008	-0.024822331	0.17486381
687	1.4040136	-0.032029157	0.36540993	2081.697	52.947178	51.920366	-0.039886179	0.20601948
688	4.8862669	0.70426964	2.6200197	1586.1242	52.918071	45.129072	-0.036996777	0.013671308
689	2.6090431	1.3108605	1.4210296	2528.4198	109.56794	94.576677	0.37821718	0.098928491
690	5.1193255	0.13811126	1.9520266	1206.1593	44.607592	16.820399	0.11725906	-0.13418157
691	0.83288314	0.46881203	0.89334737	312.89623	1.8927643	1.8066495	0.18441397	0.2567839
692	3.5955742	0.12922957	2.5408416	872.57071	10.362697	10.212456	0.032277786	-0.11408081
693	3.8065172	0.9558832	2.9790147	6574.4929	66.642121	53.910881	0.065995757	0.21249446
694	5.3447972	-0.37910172	2.5420609	5005.6712	61.648041	59.123677	-0.23044298	0.050895577
695	5.065992	0.1265409	2.3061831	328.25428	33.474883	23.2197	0.067408824	0.19777469
696	2.5644358	-0.86559344	1.0250332	649.34827	5.3388234	3.1559029	-0.44606154	-0.063671249
697	6.1656293	0.11676505	2.9414995	288.50418	1.8271553	1.2543254	0.25322636	0.09801553
698	5.7062019	1.1148787	0.41496866	456.45643	1.4778789	1.4308386	-0.010844862	-0.063707252
699	1.7725393	1.333598	2.7866077	4422.3799	75.280927	56.924118	0.10098145	0.070696126
700	4.1554614	1.0838266	1.849241	2471.9245	49.263254	44.375684	-0.018477387	0.018447491
701	5.4788414	-0.64257275	0.61135215	2345.1853	46.203101	45.616854	-0.035261981	0.0049970875
702	5.8650421	-1.1335024	0.81738826	749.36581	10.112739	8.5190257	-0.11410386	0.023957724
703	2.3395171	-0.048731016	2.9990916	4011.8273	69.474869	54.780593	0.0019905237	-0.0060006202
704	3.7937672	-0.4783565	0.77631848	659.93341	11.06256	9.1778833	0.042864311	-0.083462269
705	4.270966	0.44238659	2.0185969	458.65335	7.8636689	1.9644515	-0.024557223	0.052959918
706	2.3212263	0.56938515	2.8761081	2797.6113	52.092482	47.316404	-0.00029224667	-0.00022404128
707	4.5398199	0.9237829	2.2036466	780.42991	35.849298	32.915189	-0.032412833	0.015389272
708	1.6700428	1.1497133	0.55763558	1096.9521	11.384817	10.723781	-0.08857026	0.46660984
709	0.32900176	-0.32661685	0.54332818	3919.3882	55.712375	54.252035	0.31762963	0.0057002533
710	4.8347308	1.2217842	0.54661718	3169.5007	54.68278	49.411858	-0.14731001	0.036921918
711	3.8379939	0.092991133	0.25284578	4650.9688	55.83188	38.109942	0.16245559	0.087499913
712	2.5893758	-0.22713025	0.32904342	1553.6387	16.461761	12.212459	0.013540469	-0.014645535
713	0.31792818	0.87694474	0.78257499	699.82135	33.000004	2.4323573	0.040060595	0.056212976
714	5.4728814	0.80824782	2.2020959	2720.4748	53.447695	44.993828	0.14672058	0.036790567
715	2.2247078	-0.93296318	0.71432233	494.66163	21.706911	2.7954196	0.15356629	0.15777893
716	3.758324	1.1568703	2.7428007	500.27069	30.876604	2.0013146	0.34347669	-0.0092993164
717	0.35003558	-0.36817553	2.9710712	187.15706	9.8964414	4.1385604	-0.15293245	-0.10130544
718	1.558052	0.5771233	0.73504983	482.98981	10.293271	1.8380059	0.053910557	0.070288359
719	0.28058396	-0.72908376	0.55654562	6039.5674	65.869565	35.768419	-0.00097777161	0.0820228
720	5.9683215	-0.41282323	0.68190935	4994.3529	52.742411	43.632628	0.073442771	-0.00075143409
721	0.77556934	-0.31091208	2.7428101	176.22439	1.6879743	1.4006835	-0.093266309	-0.0053631106
722	4.9713824	-0.99929662	2.0244323	1872.7821	67.179553	34.266993	-0.017415334	0.041690092
723	5.0137787	0.4590319	1.2653545	1216.0127	40.784932	37.77432	0.50331915	-0.089149784
724	0.16028197	0.071752404	2.8714177	1985.0208	25.284336	20.865621	0.0048007519	0.024784126
725	4.425913	-1.1348996	0.31137699	967.66167	11.042374	5.687771	-0.012557535	-0.097787205
726	1.8889821	0.78217413	2.718178	862.34039	12.906797	10.209464	-0.019815708	0.00871114
727	3.8446584	-0.17699686	0.50871947	2802.5584	61.721939	43.712232	-0.075890536	0.16714761
728	2.1893412	-0.23214198	0.59897322	890.53008	4.5804786	2.8839558	0.062486906	0.0020991145
729	1.0670185	-0.66963777	0.53718995	1992.3636	13.211015	13.194367	-0.024854022	0.0088065043
730	6.0347174	-0.23196264	2.2653919	1690.5238	14.164383	12.475869	0.24995224	-0.15603558
731	5.5413887	-0.69998943	2.2578087	1303.8581	60.233634	9.7250813	-0.17469795	-0.0054233442
732	0.40994997	0.44885036	2.1590422	621.47706	9.3699796	7.3372576	0.0088535235	-0.037502641
733	1.339985	-0.15958615	0.60736437	4927.6026	63.777559	51.395527	0.0053064473	0.045096071
734	5.2056334	0.21977524	2.324912	374.10688	9.9217699	2.0063543	-0.065573779	0.11708691
735	5.9227492	-0.80867408	2.0297128	3446.6303	60.105932	38.438881	0.0049576066	-0.054685934
736	6.1954476	0.51901621	0.63983275	1163.0776	19.183977	18.889864	0.015630781	0.28472468
737	1.2233969	0.33322751	0.50364811	468.24352	10.139585	1.7308227	0.3238615	0.12331445
738	2.1283568	0.058699938	1.7229963	287.77332	9.6358999	8.9436396	0.040451655	-0.11442038
739	0.15688496	0.32872497	2.6143511	525.21903	10.155349	8.9841142	0.25968135	-0.080718157
740	5.7539681	1.0037419	0.69513829	5197.9564	67.129425	53.056181	0.16185308	0.16736346
741	4.6230308	-0.43707603	2.539015	795.16702	11.375883	1.4321498	-0.0037914262	-0.021966035
742	0.58040416	0.66729765	1.0341158	122.48105	3.4068181	2.1956763	-0.0087486875	-0.050578067
743	2.7286697	-0.97552121	0.41201036	560.49756	1.7100372	1.5554894	0.15623004	0.12937309
744	2.43699	-1.4097799	0.65427855	1804.3836	42.337294	42.057512	-0.010759026	0.75751859
745	4.9800952	-0.24859498	2.4226707	926.62536	9.4178798	8.9313093	0.052049393	-0.0010909876
746	4.2450029	-1.00866	2.5321829	3882.161	54.647737	45.903087	-0.10599461	0.097306597
747	0.46014507	0.19574936	1.5290537	1562.7428	42.873826	33.979836	0.014071328	0.021505655
748	4.5186993	0.24517209	2.4883487	2671.1529	40.844074	33.596795	-0.021612987	-0.4942714
749	0.013362095	-0.21397389	0.42964452	6698.7859	68.536108	56.528322	0.36861728	-0.23040097
750	3.5179004	-0.86875363	1.3592922	157.17821	8.275582	2.9896468	0.27008867	-0.038305352
751	1.4209281	-0.055972593	0.8248052	388.45004	1.576991	1.5030858	-0.17292493	-0.0042332406
752	4.1751552	1.2428576	0.46854282	2777.1641	14.973306	12.497484	-0.030097055	0.034840601
753	2.9655115	-0.58255413	2.3389242	3455.5081	153.9715	93.596006	-0.054962111	-0.50864388
754	4.8409897	0.48166102	0.76033117	3080.1929	48.729445	48.261038	0.022086768	-0.039875275
755	4.2621913	-0.16697833	2.4136341	1780.2358	41.670462	30.182749	0.5177519	-0.017361633
756	4.0599671	0.5778706	0.92169892	1976.4724	34.198616	29.666845	0.060553613	0.26798604
757	1.1063312	0.18720609	0.88645409	1202.9048	30.591833	17.108553	-0.085185394	0.0021920431
758	1.3875595	-0.43402528	0.76572459	1509.6348	10.891885	10.726791	0.35545348	-0.0058272846
759	1.3631024	0.55488543	2.8232272	1009.4582	29.239711	12.829015	0.1376902	-0.0038287416
760	0.8921437	0.856948	1.2500111	3675.0656	71.902667	53.557909	-0.052757342	0.3357217
761	1.2643569	-0.50058102	0.40440873	8250.4867	67.386853	63.33164	-0.0005720673	0.20505066
762	5.9620359	0.80628822	2.8985018	2023.5118	42.905553	41.706759	-0.059586395	-0.058980425
763	0.57840057	0.025362415	2.5000033	8696.5651	103.02007	73.051127	0.11352171	-0.061802879
764	1.8407701	0.073551575	2.1583722	3040.8191	50.771794	39.694272	0.1560564	-0.068006248
765	5.7553775	-0.63744079	1.3326428	319.63843	12.258656	8.351455	0.016160155	-0.0697634
766	1.2644251	-0.42840623	1.2632257	203.16356	2.7186869	2.5014819	0.0687939	-0.015149342
767	4.1604634	0.43049114	0.30084307	6280.1733	132.36142	69.180274	0.3154185	-0.0055390402
768	4.0924635	1.3806255	0.10081281	1977.9912	14.018537	9.3955635	-0.034126651	-0.069882078
769	0.49644311	-0.86066383	0.59573045	4114.0443	137.25145	54.866655	0.032861533	0.094903723
770	0.13181788	0.62168534	0.54911546	2874.5993	53.494229	40.492939	0.028059456	0.021695707
771	3.8191186	-1.2484193	2.5626199	1419.6771	43.556673	35.687645	0.090111234	0.043692814
772	2.4578249	0.13184785	0.46963455	1341.1942	12.262763	10.251756	0.11281732	0.099955597
773	5.819075	0.024903281	2.6546698	5189.7505	56.763208	40.401197	0.41238753	0.0055385714
774	0.60503561	0.31380467	1.4250106	294.81094	28.226036	1.2770374	0.012134413	0.021063059
775	5.9125699	-0.53279142	0.52352679	171.97028	2.4550021	1.6435104	0.011057757	0.025955959
776	4.4500924	-0.04560966	2.4702528	153.75468	1.6863166	1.666825	0.20137978	-0.020445138
777	3.7737449	1.3503464	1.6585492	2148.3288	39.503436	29.401874	-0.081487768	0.037254555
778	2.0775801	0.00045892301	0.91167541	4868.4117	146.7462	50.886956	0.0084858531	0.38027745
779	0.091761278	-0.54307626	1.9617441	1002.4579	11.483961	9.7806418	-0.089678069	-0.011753769
780	4.7545854	0.12186473	0.37185805	4984.7569	106.9029	67.576266	0.5201834	0.16937836
781	5.9059854	0.25832182	0.831483	2443.2112	47.187557	45.168028	0.24008858	0.037392111
782	6.0167988	-0.34337373	2.3996726	748.73327	24.257479	13.802558	0.055750022	0.42030512
783	3.5201935	0.15051889	0.36960718	2526.0116	17.068855	15.887667	-0.22684586	0.0021244493
784	0.90988734	0.49588566	0.53688078	327.69449	2.198887	2.1207511	0.0094694747	-0.012134023
785	3.6799949	-1.0545903	0.41774155	1486.2959	42.721246	4.3383242	0.087477003	0.25584202
786	2.8923744	0.16531197	1.7217776	2013.3545	55.87027	47.492536	-0.00053352802	0.17021708
787	0.42927756	-0.68094722	2.6780462	4092.625	52.286987	51.079985	0.034611373	0.10892544
788	0.99848835	-0.11539904	2.6879434	138.04015	1.7214818	1.2041932	0.057130107	0.3083625
789	4.4032879	-1.1552305	2.5798895	5111.6347	72.039691	51.80948	0.011067543	0.072460239
790	5.1835902	-0.55549142	0.6062863	300.42284	2.103192	1.9330256	0.10352224	0.15224185
791	3.0228592	0.27098287	0.64095067	3194.632	58.79561	50.928457	-0.24628602	0.051771313
792	2.471325	0.27905069	2.5931829	8243.3745	72.808022	71.575663	0.1168279	0.27867922
793	3.5872209	-1.3654865	1.847258	1406.9496	41.001529	32.611558	0.36712075	0.014384316
794	0.16284089	-0.43102775	2.2063181	4514.7149	166.02191	137.85453	0.022756904	0.045839349
795	1.8044183	0.69058433	0.1609333	1348.4739	9.2925601	4.0099335	-0.0070536894	0.24495928
796	6.0750935	0.87415263	2.8243955	7470.0655	73.66349	61.835787	0.041788932	0.10538693
797	5.1658515	-0.24562761	2.5947727	601.52137	8.6659444	2.7138848	0.01926975	-0.047547796
798	0.15807887	0.90262835	0.11202778	2494.1617	40.691341	37.257773	0.003714076	-0.00032469588
799	2.7654592	-0.23575019	1.106684	1939.9447	34.70904	28.010061	0.10656932	-0.064523513
800	4.8171439	-0.37674425	1.9002952	368.21595	7.2609426	3.1910566	0.19760002	-0.01467403
801	3.2328885	0.90208913	2.6319157	742.99142	31.780012	16.531649	0.037199377	-0.056877525
802	0.19972522	-0.38538729	2.4195232	1339.9351	51.540275	25.468701	0.16597534	0.13070408
803	3.2151128	-0.3474489	0.95898053	1138.573	95.113239	81.616822	0.24330638	0.12707073
804	6.0834856	0.95313662	2.3782441	162.57114	1.6385816	1.5023483	-0.11483859	0.030823586
805	1.9721436	-0.11584506	2.5177449	1545.5797	11.379114	10.975905	0.071123367	0.29516832
806	1.6953909	-0.18283497	1.0457712	1209.3507	55.415179	45.693832	-0.11067016	0.021024031
807	3.7413852	0.37020866	1.6232632	1153.7058	41.347788	31.013454	-0.12028441	0.063682008
808	3.116652	0.85774403	0.39278407	6288.1867	80.780574	65.431537	-0.0002038973	0.29210302
809	4.376446	-0.62188858	0.65351432	406.96701	19.005164	10.022658	-0.026504806	0.016854245
810	2.6380603	0.13334765	2.7394965	642.81394	24.608404	4.0012756	-0.041941476	0.16681284
811	0.95326785	-0.0448049	0.40797308	1048.679	10.430251	2.7080211	0.11098709	0.16576173
812	2.6647788	0.33639077	0.69725286	4095.2102	57.192203	53.618415	0.086472297	-0.036397761
813	3.807421	0.46045812	0.60916471	425.61647	8.916661	1.8723223	0.06512182	0.051752521
814	3.8679712	-1.0248945	1.9563042	1101.5631	11.093821	10.909364	0.17586227	-0.035660695
815	1.7703795	0.18056913	0.51244875	1786.9542	22.185892	13.691046	0.19462829	-0.056901059
816	0.32606378	-0.86004705	2.6841087	5046.6197	121.85239	33.296558	0.003481414	-0.21982575
817	2.5879577	-0.70337875	2.5419937	1011.7369	41.73847	41.668138	-0.0081981559	-0.0044897593
818	1.1974172	-0.39200056	1.767833	1820.8602	43.159852	40.081598	0.13222416	0.071235503
819	6.2830171	0.23980462	0.95830311	1841.1443	42.531604	22.786295	0.13385456	0.0080881075
820	5.0677392	0.31937231	1.5555601	401.46088	8.8348982	8.7898355	-0.42182147	-0.074064521
821	5.4781417	-0.70068447	0.69998634	451.85984	9.9502011	1.8035459	0.051807349	0.067682069
822	2.406922	0.18787848	2.3931692	5159.5778	98.142329	69.995484	0.089525607	0.18841267
823	3.9913417	0.46151797	0.52644526	1126.0138	23.370598	9.7396556	0.048995937	-0.29327966
824	2.3000277	-0.43915514	0.85398545	347.06646	8.167927	4.3467232	0.11842048	-0.00055582805
825	0.67195889	-0.77161626	2.5401285	1893.5804	13.993074	12.386223	0.066779843	0.016950723
826	5.232199	-0.83035227	1.2924998	928.00102	34.170072	7.9596578	0.010993378	-0.047557525
827	3.6706997	-0.75478511	2.4008168	746.34303	12.002126	3.2651036	-0.13259755	0.061533808
828	4.5355516	0.48258181	2.473558	7815.4535	46.25959	45.546188	0.53611488	-0.085926617
829	3.2998858	0.43542923	0.9808099	3894.0746	75.544177	55.786003	0.074100215	-0.00059241531
830	3.160377	0.6554587	1.0294805	1734.6622	45.962501	45.885051	-0.0081981559	-0.0044897593
831	0.81900004	-0.25968092	0.76404537	430.63379	2.0551309	2.0497268	0.020741069	0.061051221
832	1.8569188	0.030870589	2.1735735	5324.2333	64.341542	62.936539	0.15792704	-0.018268253
833	4.0082421	0.56756294	2.8022091	1465.8594	12.491997	12.482971	0.20689779	0.007364805
834	6.2236041	-0.50557117	0.7191644	3336.6313	65.243236	44.166244	-0.20293619	0.18071749
835	3.1867402	-0.62969709	2.6192834	1362.9945	19.753733	10.381622	0.033003389	0.10327606
836	6.2403905	0.6276919	0.90892613	575.00192	10.270099	8.8305101	0.019936217	0.22196833
837	3.483153	-0.64657671	2.4054942	1113.2678	35.405361	30.674704	-0.1506343	-0.44926165
838	3.1255524	-0.25779	0.43663924	1468.0327	11.257082	11.120061	0.12795991	-0.025766265
839	3.1579445	1.2500437	1.1021346	1369.3037	51.100608	39.79691	0.01501654	-0.13835637
840	3.3265044	0.041208781	0.90273121	567.1194	8.703751	2.6080663	0.088278412	-0.053661898
841	4.834117	-0.7817484	0.88694027	1647.4774	12.225525	10.769525	-0.14193193	0.014141776
842	3.2754892	-0.34669199	2.4275796	599.54416	10.6034	9.9517169	0.20492703	-0.037519471
843	4.0396711	0.38596362	2.5912285	677.2551	12.396857	10.049967	0.016790878	0.028594473
844	5.6765983	-0.2216267	2.144121	561.03456	29.858273	26.097999	0.3178193	0.15429975
845	3.3752218	0.38188434	0.75814954	159.88956	10.356674	8.6207266	-0.19869946	0.10258061
846	3.802336	-0.83563667	2.2239005	815.65105	11.535583	1.5312266	0.041646012	0.03127112
847	3.6192208	0.022871683	0.84850482	3762.0465	86.158272	67.907426	0.029508956	-0.010005764
848	5.5839131	-0.35974757	1.3485222	1087.3032	38.15848	24.593176	0.32307381	0.0017181803
849	0.54211705	-0.95410891	1.2148609	776.30768	20.482564	10.440862	0.21817008	0.12259368
850	2.2634695	0.46084931	0.95076022	5296.4053	135.33045	133.5675	0.00025594208	0.050025641
851	1.6555864	0.64643577	2.8388616	1068.2119	28.348972	27.400568	-0.018627415	0.061725146
852	3.5694356	-0.9180481	2.6545017	2136.1341	65.570383	49.499017	0.23982255	-0.069878436
853	0.41535729	0.71273374	0.41873472	1580.7904	10.950408	10.783251	-0.032742518	0.057515181
854	1.1858506	1.1832499	1.9729878	2506.3255	63.347237	55.162521	-0.028340849	-0.36992232
855	3.6549583	-0.23724728	0.41815767	3265.4322	84.732802	79.399874	0.051242988	0.067964179
856	0.74776975	0.91517482	0.5686242	2425.2069	100.9689	46.594094	-0.056733136	0.0031962875
857	4.3799859	0.47823957	0.44782875	1523.5371	49.13897	27.594136	-0.013009654	-0.205946
858	0.90959986	-0.10947923	1.8820006	1508.276	37.694714	33.016437	-0.042685296	0.28157772
859	1.8324091	-0.78780167	0.8558837	1565.851	34.765691	31.549328	0.1020006	0.035267352
860	5.7371749	0.39216327	0.92906858	1539.0529	26.295164	19.39939	-0.2440557	-0.074069568
861	1.1500795	0.16358535	1.1809745	175.89963	3.1315644	1.3596819	0.020257534	-0.010704417
862	5.0003465	0.41605665	3.1248039	2154.7464	14.057131	13.123432	-0.010671615	0.11148768
863	2.1561582	0.58837305	1.9381024	2742.4917	113.80619	55.303602	-0.026391484	-0.1239137
864	2.8535058	-0.27091978	1.0512453	1382.202	42.107229	41.197554	0.11944116	0.14141107
865	2.667659	0.14177416	1.0725908	223.80336	2.2896647	1.7637243	0.015913688	0.11668121
866	1.9373541	-0.86480811	0.51237402	6909.3044	134.9927	51.927939	-0.18843654	0.3573739
867	3.047346	-0.53046292	0.5105164	1756.3583	55.69664	27.495693	0.17968271	0.00016802399
868	4.5359713	0.52164468	0.099179709	3050.227	97.650305	39.318904	0.017287521	0.18921892
869	5.9858303	-0.69961954	2.500123	412.21846	28.482248	9.3400911	0.1222197	0.068010407
870	3.4052363	-1.1555195	0.61200942	3635.9026	104.29133	76.290596	0.047208432	-0.082362295
871	1.1026767	0.39092009	0.31600761	7457.6461	67.574468	65.794262	0.11511889	0.11761029
872	2.0900057	0.21484437	0.79140439	768.57342	12.180225	10.644926	-0.042615401	0.018466678
873	1.5676436	0.31318439	2.2704436	383.98525	9.7283042	3.7820289	-0.4635632	0.025853134
874	1.0059058	-0.45639953	2.674425	2058.797	11.458207	10.743603	0.04508533	0.005117693
875	2.7207982	0.028452842	2.5788319	3699.881	70.923909	62.861473	0.21057735	0.11023453
876	2.3995416	1.1967737	2.5950518	2189.1575	13.564274	11.960944	0.012396244	0.19719869
877	6.0940593	-1.0658342	2.0615668	2043.7875	42.918682	36.365751	-0.05279272	-0.016313564
878	5.8859188	0.80906193	0.56578982	1122.9247	9.9578666	8.4581103	0.0052194323	-0.032172559
879	3.5805459	0.99729466	2.4920764	318.42865	2.8764755	1.6380239	-0.015234814	0.32473712
880	2.2855265	-0.84066423	0.23479439	2700.5299	20.588561	15.037887	0.078231527	-0.10970972
881	0.7792625	0.29970546	2.1639388	979.87152	43.026493	9.8539979	0.13286572	0.063974338
882	0.18214161	0.1338075	2.352992	1613.9434	47.911531	36.778523	0.18154337	-0.19847061
883	4.6817394	0.095165994	2.4186002	2783.0237	34.540716	30.495276	-0.022061692	-0.041983732
884	5.4622407	0.914175	2.3320059	5172.8745	61.772632	57.349845	0.042684966	-0.053647987
885	1.4913277	-1.0394862	1.0240745	5131.2729	65.640691	58.039116	0.27782291	-0.2502881
886	3.6588346	-1.3813849	0.4692215	5296.5153	43.667653	43.150785	-0.0063998662	-0.012295459
887	3.7804954	-0.057460882	2.8294942	1027.9365	16.454996	10.769764	-0.13799176	0.020559715
888	2.9887198	-0.16590858	2.6876437	1049.2751	11.865093	9.9799472	0.026184598	0.26953714
889	4.7910347	-0.39177166	1.2160451	465.86443	91.419532	31.701412	0.0084858531	0.38027745
890	0.85860359	0.22066462	0.81914001	2655.3488	35.080878	19.71538	-0.032729735	-0.074793507
891	0.43293914	-1.4168889	0.36454669	2623.978	28.575309	26.448483	-0.037287121	0.02674398
892	0.52974205	-0.49796993	2.0691229	2459.839	44.199585	35.10729	0.081954778	0.22415073
893	3.1177307	-0.57685072	2.5878992	601.26733	9.9112622	7.7415228	-0.090942536	0.033621199
894	3.6400584	-0.30324934	0.64158056	6573.3075	68.444199	68.318146	0.32918945	0.05913284
895	0.80081623	-0.9763249	0.45241596	554.03498	9.1790546	1.6405804	0.0064407218	0.0030363851
896	1.0763356	1.5173503	1.7733274	2891.4035	55.885604	55.779602	-0.0042220381	0.0052983311
897	0.71569284	0.2739139	1.1643904	960.04832	25.661253	22.004533	0.078161043	0.31161508
898	3.7152281	-0.36376186	1.8611346	516.65739	31.072208	9.7851139	0.15701731	-0.059766111
899	4.2083816	0.2112992	0.60436412	2569.2612	30.773209	13.429215	0.0042131121	-0.096826367
900	5.4165856	0.87652305	0.41166079	834.21468	21.130849	11.028117	0.10404556	0.21205993
901	3.7118439	-0.093274491	0.74885776	2000.8691	54.132462	26.321671	0.0064794458	-0.0040111809
902	0.33416012	0.69514195	2.5949565	1610.0198	31.794534	10.107252	-0.053795296	0.062974585
903	4.1321354	-0.7213991	2.7913671	2147.3642	40.898389	35.985281	0.21959655	-0.36706402
904	5.1863793	-0.4085648	2.2277509	1556.2539	35.214006	33.523714	0.21345972	0.0053204431
905	0.056074744	0.59260366	2.5829386	659.60605	10.358125	2.4301315	-0.0085383629	-0.050989867
906	3.3426648	-0.17573469	0.99258925	1686.087	25.873512	17.632379	-0.085583973	-0.075361723
907	4.039603	-0.37569691	0.34894459	5621.2205	162.91284	150.14358	0.091250875	0.040854825
908	0.27013973	-0.45205616	2.2212236	1912.3154	50.327602	36.638004	0.021703159	0.010594844
909	5.896872	-0.10580617	0.4540169	6501.5351	66.584994	56.290498	-0.087459334	0.15533081
910	1.7058562	-0.99939416	0.39880957	2880.7593	23.430146	22.113794	0.5840714	0.092619255
911	5.1123385	0.15006133	1.4473272	775.14355	33.326881	32.723272	-0.047526774	-0.018836878
912	0.60211186	0.008694503	0.41791791	409.70142	7.5657152	1.871809	0.037521703	0.16769409
913	0.4658856	0.90724728	2.3914575	175.69157	3.1284788	1.5028671	0.028475	-0.13878949
914	1.071378	-0.056914388	2.180534	2477.3881	30.442447	28.447577	0.070353868	0.071445172
915	4.94575	-0.53813899	1.6478897	336.49848	3.3252048	1.2772763	0.05496286	-0.0079464843
916	5.6142734	-0.12213665	1.004895	1844.3855	40.6954	29.680088	0.19713951	-0.16637043
917	0.45615226	-0.32463132	0.18204293	6692.1147	60.503251	48.245749	0.25171886	0.10716531
918	5.8272153	-0.10427357	0.20193741	585.23745	10.220628	9.789022	0.35982844	0.075170178
919	0.64420024	-1.5244386	2.9758532	316.67139	1.4630024	1.415211	0.20521828	-0.024025474
920	4.7855098	-0.26717794	0.37773164	650.02177	2.4656828	1.4930344	-0.080466987	0.028557625
921	5.1467037	-1.137863	0.95783784	913.9025	10.150166	9.7070824	-0.074605231	0.044514268
922	1.8025028	-0.89318923	2.9398608	852.69517	10.125431	9.8834382	0.27791919	0.14555004
923	4.3011304	0.56250954	0.2404449	7288.6059	77.797574	68.70731	0.0044312896	-0.032087011
924	1.0075578	0.56764566	0.41872834	1647.8286	20.628885	19.000053	0.20807365	0.10219564
925	0.62076389	-0.06081755	0.57326225	2350.3426	50.990564	48.011044	0.015653978	0.023296272
926	1.4405891	1.1337086	1.0269806	922.84938	21.012635	10.66702	0.16069245	0.006216086
927	5.9180744	-0.33960072	0.89191777	5634.1461	106.24513	65.761931	0.017187237	-0.059292467
928	2.4182695	-0.31962218	2.7068871	2772.3467	35.387157	11.39378	0.038591543	0.016145119
929	5.6410803	-0.024342109	0.62126926	6953.0582	67.623268	59.548824	0.063546752	0.28087343
930	5.3502236	1.2317682	0.90514657	1181.6244	13.098097	11.115771	0.19895616	-0.067993366
931	2.7295786	-1.1637871	0.94408695	1313.2045	45.805374	31.557735	0.26988422	0.16541437
932	6.1314743	-0.05178679	2.5879205	2349.3138	42.233502	32.527786	0.15258944	0.018080224
933	5.1465937	-0.4713071	0.54266562	654.86309	11.314995	2.3853648	0.051977946	0.012974783
934	2.0609693	-1.1399578	0.50414087	1096.8294	10.320017	9.1370537	0.020340451	0.036348446
935	3.5486406	0.15489461	0.78077272	4765.8868	65.576107	64.014064	0.072705091	-0.11071193
936	0.13108602	-1.2286131	0.69520058	1270.8413	36.901675	30.676904	0.019033055	-0.0016563295
937	0.97057523	0.32252803	0.50458059	2859.2001	15.446435	13.530563	0.12176745	-0.033223054
938	1.927397	0.8771003	1.151898	1938.4766	23.507868	22.455116	0.13011291	0.021415534
939	4.9440559	0.4746064	0.22828399	412.11586	1.6262247	1.4839976	0.024426464	-0.021862421
940	2.4848669	1.0692788	3.0636198	2777.7036	55.949398	36.729486	-0.0602243	0.13003761
941	5.1487757	-0.078964148	0.8920846	2417.8812	38.275686	26.507406	0.47727908	0.026371446
942	5.1692159	-1.3548289	1.3351196	420.52329	9.9683928	9.2990022	0.086674522	-0.036744661
943	2.2117214	0.81560043	2.3882932	1185.9905	11.454262	8.5571784	0.028702182	0.23387956
944	5.407924	0.48460414	0.53475923	1244.5838	14.170417	11.197809	-0.054073342	0.052780449
945	0.26968108	1.0136092	2.9492356	579.27372	11.185969	1.8607987	-0.13872564	-0.053430042
946	3.4529432	1.0188037	2.5195036	324.2738	1.6103818	1.4712194	0.088675542	0.080938743
947	3.9658201	-0.076820237	2.2934159	2746.0604	56.481821	52.131538	-0.19916066	0.55269846
948	3.8800458	0.05895491	2.5211609	546.95938	32.326832	26.256774	-0.20361742	0.18752478
949	1.8581679	0.0157684	0.2773876	121.70316	1.5182191	1.4305254	-0.0032392712	0.33649834
950	0.98042391	0.78470642	1.0288632	654.00976	12.000918	11.091465	0.24656061	-0.24494605
951	0.42496718	1.0076436	0.149334	1078.736	11.143917	10.886809	0.090239282	0.033882012
952	3.8064888	0.78016163	0.96349592	4955.8984	80.216902	71.901588	-0.0077691063	0.063089517
953	4.9923605	0.52259508	2.8155125	9739.9177	116.0538	84.548879	-0.072804899	-0.21239841
954	5.8612151	-0.47738084	0.40457456	1858.2927	13.541894	9.5829603	0.073161948	0.0091187556
955	1.5782674	-0.58893736	0.36702687	6339.1792	71.695326	69.978505	-0.0054802787	-0.1102063
956	1.4961143	-0.50502562	2.6188517	357.9766	5.2294244	2.004703	0.12382734	0.24603372
957	5.4540548	-1.4079906	1.1440897	1564.0084	98.335338	44.686359	-0.081749497	0.015433033
958	0.23003412	0.79158206	2.33461	6642.5811	72.865378	71.928413	0.0025980481	0.064657346
959	4.0626587	-0.96964298	0.40290687	1451.1608	11.424343	11.226017	0.25253656	-0.16747893
960	6.1669325	1.4168821	0.2490724	2740.988	20.301365	17.962949	-0.0087573044	0.023273459
961	3.3201128	-0.46563698	2.2110553	722.95529	17.291808	10.920716	0.018290547	0.18739748
962	1.7060581	0.42864084	0.56431223	479.71968	10.827445	1.7180717	-0.19532059	-0.010512353
963	5.61631	-1.192346	0.82060627	401.6917	30.931644	19.167659	-0.011620148	0.27026661
964	2.0949693	0.003330386	0.1205266	1208.6403	23.255671	20.183522	0.14176884	0.10661621
965	4.8121712	0.87736512	2.6719866	6044.1221	37.601006	31.962298	0.012950377	0.17674209
966	1.7332136	0.43432708	0.25940814	599.63469	22.470917	2.8569324	0.019442482	0.073088725
967	2.5884005	-0.60613728	2.432099	754.6764	13.22532	10.940155	0.26254257	-0.16390913
968	4.0583682	-0.014589018	0.54164183	6398.959	158.73126	133.61178	0.21171003	0.47429363
969	1.9435836	0.532535	2.9811649	274.22527	9.1253647	8.9056376	0.095001618	0.027352587
970	0.23067711	0.61664086	1.2520994	1942.4655	96.257485	48.94936	-0.019700522	0.096969254
971	3.292177	-0.46029887	2.7189773	3181.8734	38.444513	38.320618	0.17694377	0.11576982
972	4.6784404	-1.022391	0.25298209	1729.4641	43.642364	23.892379	0.1099138	0.14642677
973	3.8414258	0.22161369	0.40400153	1729.5051	11.609095	10.956908	0.033676829	0.01727696
974	5.313322	1.091595	0.90385704	1750.2054	43.602788	12.511486	-0.072135627	0.32098244
975	3.6759393	0.38201836	1.6598298	975.12283	10.601431	10.596575	-0.14424335	-0.11938864
976	5.8760273	0.020723477	1.1981924	661.26973	24.722806	20.809245	0.0090755222	-0.010398469
977	5.4170072	-0.57705908	2.5102497	5288.7651	59.629784	45.986961	0.016221739	0.11905553
978	6.2442287	-0.30657108	2.5809248	4768.747	124.20941	58.888312	-0.03635872	0.065960455
979	0.56077461	0.70468512	0.85242922	1313.5733	43.046884	10.776687	0.011707735	-0.0069821494
980	0.98350967	-1.0096187	0.58167752	1507.4858	11.765433	10.646238	0.0047520464	0.43561993
981	0.54605375	-0.92227497	2.2504822	2045.5997	48.213618	29.070023	-0.084727847	-0.23546232
982	5.6366846	0.042518473	1.000613	280.78877	1.6851125	1.2590146	0.24071098	0.0093194266
983	4.1503919	-0.26986597	2.7430002	260.37785	1.5216562	1.3813083	0.014235033	0.0084226397
984	6.0113359	0.32939432	2.6416439	277.57614	2.0262596	1.5463492	0.11822746	0.040193057
985	3.8486287	0.85470702	0.71674289	203.35787	11.018169	1.4382304	0.057761239	0.32703843
986	6.2629494	-0.56358125	2.0378774	1359.0901	12.502247	12.084054	0.009841825	0.071502285
987	3.8047421	0.70641529	0.67104679	2435.8755	28.32066	27.088138	-0.0038747259	0.03894095
988	1.838358	-0.76756231	2.9256804	2395.4548	52.365215	12.674262	0.11845761	-0.05433134
989	3.5569654	0.38712553	2.4078267	2204.5131	15.87353	13.09685	0.21042078	-0.05406306
990	0.84265945	0.47435658	2.5224721	2959.7954	54.256407	45.11074	0.0027501181	0.0090792405
991	6.2748242	-0.59773831	2.6976696	723.49733	14.734445	2.8929519	0.0328968	0.062976366
992	0.96688469	0.58426042	2.63326	1169.1924	11.201108	10.093855	-0.23890946	0.036945287
993	1.2980618	0.38697272	0.72407121	628.60816	9.4969401	8.9941819	0.042283829	0.041908311
994	4.1112437	0.74574888	1.3997309	965.17819	13.817904	10.606708	0.21048325	0.0028812702
995	2.2970399	0.94449177	1.4584803	963.78709	34.192512	8.7904453	-0.022942912	0.17443925
996	0.41721391	0.9502489	2.5171633	2839.1238	54.136498	52.108477	-0.051560603	-0.075013702
997	5.0245689	0.41500095	2.3264252	364.61854	2.1122703	1.4325878	-0.015546594	-0.026877316
998	3.5532823	-0.43960937	1.2228163	406.96435	10.615136	8.0993387	0.13646086	0.11067389
999	2.8616737	-1.2510578	2.174899	2580.395	59.914943	52.775961	0.028669155	0.024938351
1000	4.9437302	0.7539296	2.1166271	109.16317	1.540659	1.2201889	0.13464371	0.095182565
1001	5.0824147	0.40063234	2.7438841	4138.353	69.670791	58.173268	0.28643197	0.013459661
1002	5.0020584	0.97376133	0.20980313	1505.1111	13.143399	9.8713415	-0.098676765	0.23758737
1003	5.1681034	-0.38011901	2.5895066	310.29888	8.4055716	7.6874398	0.14316338	0.32027493
1004	4.4199374	-0.27932214	2.878145	4358.3147	19.436311	15.29759	-0.1897128	-0.00038829094
1005	2.9634027	-0.47008747	2.2914236	5888.693	72.977132	59.248979	0.15568091	0.010259334
1006	4.4328786	-0.4584991	2.6650453	420.87682	30.186905	20.548183	-0.058366133	0.070115323
1007	0.47712433	-0.28894306	2.3828984	1521.7994	13.464011	11.439482	-0.37795684	0.43537373
1008	0.15880168	-1.2628067	2.0189501	360.08854	11.117396	4.1938459	-0.080625385	-0.025344964
1009	3.2673527	-0.10926847	0.49711938	1008.784	10.603525	10.281631	0.05707518	-0.038257124
1010	3.4655891	0.63173807	1.4865277	633.89486	39.39316	10.131083	0.24479202	0.088946172
1011	5.3909211	-0.58685425	0.87153159	2436.0425	46.399885	33.615092	0.24995485	0.092663054
1012	4.4757598	-0.7235889	1.0291268	1770.3476	34.664995	29.792669	-0.05909885	0.062044289
1013	0.62215125	-1.3773538	1.4407021	3591.4446	66.059957	39.572272	0.063081911	-0.10106694
1014	4.6211619	-0.34655856	2.5772367	1991.3345	31.480258	11.534591	0.44434675	0.10875848
1015	5.6383781	-0.87411078	0.54250738	10633.496	94.51075	79.731994	0.59524278	0.025311708
1016	3.8767332	0.62567445	0.75411204	2792.4697	48.525661	45.49061	-0.050882306	0.1012996
1017	0.35627308	0.10422296	0.58934238	3862.3476	57.658861	55.592616	0.14074413	0.080312718
1018	4.229821	0.75933634	2.5414308	399.85778	1.4779211	1.3976184	-0.0068429933	-0.20483519
1019	4.7670315	0.36675658	2.8703039	6785.1608	68.877386	48.13514	0.0081877315	0.043428023
1020	4.0229498	-0.64156313	2.1934078	1584.8999	81.791155	41.235175	0.058888179	-0.0025503054
1021	4.149979	0.48330578	2.8337954	2425.9314	51.544714	38.407309	0.16668248	-0.0033224119
1022	1.9591685	-0.68117245	2.4073793	2600.4395	18.563513	17.766678	-0.26604263	-0.10932327
1023	1.1611656	-1.0445231	0.90215882	127.12076	1.7270905	1.2840823	5.3313663e-05	0.14508855
1024	4.3843457	-0.43443976	0.28289689	2413.2806	47.350786	46.364701	0.38735364	0.28210011
1025	5.0218548	-0.50012795	2.4767522	1145.5408	78.147411	34.683053	0.0011271332	0.041305387
1026	4.2459481	0.63657019	0.37413204	1380.0769	37.500913	36.122805	0.37858634	0.21310018
1027	0.83420478	0.5759982	2.3563039	1213.9305	33.488053	16.865385	-0.11392929	0.032475691
1028	0.36042633	0.74042212	3.1323875	1912.9406	45.089526	40.599727	0.060577285	0.32218007
1029	3.222478	-0.43012507	0.58361148	1041.3912	12.003619	10.708866	-0.00020443754	-0.078473386
1030	1.3761451	0.85463459	0.53580575	308.24012	3.6035972	1.6270251	0.031372677	0.11468214
1031	1.4743777	-0.29370139	1.0077924	402.88437	9.7056944	5.7472542	0.50504572	0.13177768
1032	5.9212935	1.0561752	0.27483812	926.94986	14.249958	2.7032437	0.19089475	0.084543557
1033	4.7212072	0.19260659	2.9488043	1989.0013	27.922212	12.427905	0.42653878	0.17315655
1034	4.7934595	-0.45148502	0.16115555	1904.868	51.446988	50.399754	0.14855881	0.42687069
1035	5.2586311	0.33955527	1.4063794	85.762604	8.7577803	2.8484906	0.19563871	0.082062414
1036	1.9839225	-0.29534019	2.1747057	972.89036	39.196099	35.070719	-0.016977495	0.059398104
1037	5.7944449	-0.48802359	2.8284847	3067.2497	52.50303	48.168866	-0.0032377538	-0.0028489363
1038	5.9898319	-1.0842047	0.31443516	770.30615	21.659966	1.7686188	0.069404944	0.18768148
1039	4.233055	0.37379423	0.73379233	3989.1149	44.597762	40.42366	0.031101042	0.14209778
1040	1.3236342	0.54499077	2.5391706	675.72024	10.83778	1.8138734	0.38544171	0.049520523
1041	3.6045554	0.17378189	0.3848056	1844.9447	50.99478	45.58273	0.0010466143	0.080329654
1042	2.6532576	-0.91927458	0.89115629	526.46318	10.758059	7.8075228	-0.12696024	0.026496616
1043	2.8437702	0.71357904	0.44010719	2635.4099	51.991132	38.986412	0.0049263904	0.33008828
1044	0.73858425	-0.0063372393	2.7241336	6635.9392	65.045819	61.652743	0.11348328	-0.040085176
1045	3.6126381	-0.80649551	0.94169214	5044.0268	64.059612	48.815457	-0.054231127	0.034450406
1046	4.2339454	-0.80158626	2.4534768	1170.4143	20.599772	10.330104	0.034067285	0.33433531
1047	1.7828185	1.0251268	0.55559594	1936.7425	12.786925	12.631784	0.0033752434	0.65830093
1048	4.2343502	-0.14349929	2.0363557	2559.0937	47.959925	42.210868	0.13562816	0.033580126
1049	5.2237071	0.75632975	2.3865448	2080.3991	42.577658	33.262243	0.018930295	0.040929584
1050	0.62066559	0.3458257	0.89951696	612.01813	11.02991	8.7055872	0.23513182	-0.0010287478
1051	0.041059856	0.72663847	0.1007376	3337.6284	15.468205	13.965637	-0.34056801	0.20492774
1052	3.8321433	0.89106106	0.6390594	5767.2353	45.452399	45.136476	-0.10035621	0.16654735
1053	4.3284344	0.89201628	2.2505998	173.49675	1.3544395	1.3240174	-0.091700927	0.028813203
1054	6.0658555	-0.43697737	2.6532541	1823.9352	12.855227	12.747891	0.092838254	-0.10036356
1055	4.2661523	-0.53926795	2.4802936	318.48691	35.106591	22.906422	-0.14313593	-0.094952201
1056	2.9374141	0.39642852	2.0086163	1399.7844	26.441184	21.096954	0.17905505	0.053548216
1057	1.6883313	-0.015895292	2.4734063	661.76509	10.097755	9.5007878	0.32300128	-0.039180655
1058	0.91958174	-0.14708251	2.7545132	1405.6824	23.757034	12.556872	-0.15072649	-0.013430941
1059	3.675371	-0.83801851	2.3267028	567.34059	55.102486	51.683122	-0.15113218	0.34182894
1060	2.431206	1.29521	2.1791647	4766.1259	57.114706	51.189274	0.0014933863	0.092132801
1061	4.8453869	-0.089600787	0.46099963	712.35537	10.385161	9.6503597	0.11669714	0.10497563
1062	0.0086398227	0.7563945	0.35783251	4391.4108	52.007605	39.666757	0.084687095	0.017870768
1063	0.69592628	-0.6932041	0.50798529	715.08582	11.102903	9.0507333	0.12994345	-0.11160874
1064	4.1019739	-0.31706856	1.7397098	1783.5474	43.479749	31.504943	0.090127272	0.13267476
1065	0.54805396	-0.66737758	2.7709448	3986.1344	60.171592	35.191103	0.13501048	0.017283308
1066	3.5250028	-0.7994264	2.2905016	263.81577	2.7981479	2.1160807	-0.0098893642	0.0013495255
1067	3.1776504	-0.2482469	2.3597823	1453.9894	11.83827	11.173366	0.0068341613	0.051847275
1068	3.3406935	-0.6181363	2.3619026	4050.5032	76.355249	60.166441	0.50183464	-0.24728823
1069	3.4941081	-0.82103711	2.1879599	1228.0269	20.48274	7.9845063	0.4218084	0.28477694
1070	4.2827693	0.33826076	0.76744332	3704.9105	61.462623	49.457335	0.079159297	-0.17795568
1071	4.9744004	0.048967852	0.41616916	4847.003	34.729277	27.388916	0.7426235	0.014578206
1072	4.2462574	-1.1762327	0.61784425	5689.0326	92.211867	71.526724	0.0037095244	0.15705634
1073	4.4007713	1.2987294	2.9561834	2461.1328	49.658774	18.65058	-0.0075436921	-0.071485428
1074	3.4231914	-0.86948047	1.1486591	1204.5583	65.723138	51.801052	0.029508956	-0.010005764
1075	0.73292673	-1.0416496	2.1616916	1643.9254	48.050623	9.1711419	0.057770023	0.051913754
1076	0.28269089	0.66756321	2.8275884	404.47994	8.9067666	1.8333171	0.081547295	0.2642949
1077	5.696157	-1.2385381	0.39545319	5987.746	60.192262	43.446509	-0.14185662	0.37185412
1078	1.6512015	0.88441626	1.4710325	1671.2424	42.265074	41.250164	0.22461432	0.074060786
1079	3.0227801	-0.83566304	2.214727	987.56823	9.1982944	8.3359135	0.083844559	0.16937739
1080	5.6275212	-0.29926109	2.6003121	2778.0747	62.609195	38.309439	0.15182354	-0.14368881
1081	4.3033295	-0.141961	0.39019659	3587.7762	46.122113	27.600691	0.033844923	0.22901951
1082	2.7886657	-0.57052756	0.75811146	908.01296	9.9715446	8.70101	0.18133992	0.27032784
1083	2.3342984	-0.37254498	0.95058696	2353.65	53.539796	48.241598	0.24747591	0.012612083
1084	5.0942757	-0.43362143	1.3960243	1288.1416	25.26285	12.217638	-0.0078699488	0.0092905508
1085	6.0361075	-0.8949389	0.57671369	210.73492	1.9280058	1.3692	-0.015149927	-0.0016595936
1086	4.379832	-0.1748642	0.84683869	3293.452	59.962547	52.590866	0.15681347	0.10350231
1087	5.2251351	-0.55698056	0.71264474	2324.1034	53.445838	40.269885	-0.20241972	0.028955505
1088	1.8447614	0.052511302	0.67383594	504.27997	28.374799	1.3421245	0.010629303	0.05002846
1089	4.024	0.39345659	2.7886217	2062.0943	14.60161	13.470947	0.53311814	0.010275012
1090	6.1229627	-0.34707976	1.0625136	1235.5351	12.200744	12.078825	-0.16022747	0.031276528
1091	3.6667205	-0.40790093	2.4239062	2706.898	46.251972	35.740175	-0.42676578	0.028458596
1092	3.6510527	-0.42826129	0.73551661	4235.4443	65.134234	60.98446	0.12505882	0.0066523034
1093	4.0092406	0.85994177	2.3820179	690.05599	10.366125	9.0574784	0.13190404	0.20384972
1094	5.8148688	-0.18394964	0.65410884	1744.9302	42.223633	20.689746	0.14642016	-0.031441203
1095	4.6136633	-0.26425731	1.209747	712.79024	10.371355	8.6486847	0.14471432	-0.0033867386
1096	0.28905201	0.77520571	2.4049185	2160.3281	100.80955	84.059641	0.085408046	-0.00042755436
1097	4.611206	0.78883408	1.6647931	2654.7199	72.953309	46.629653	0.056131683	-0.11073356
1098	2.6287767	0.67490611	1.01432	5788.5495	64.402911	63.474714	0.3020923	-0.046003714
1099	2.4939351	0.25589911	2.7253473	802.46894	39.460492	29.860704	-0.26050275	0.00042014113
1100	5.790319	0.15842898	1.8624123	561.65069	41.471315	34.548465	0.035263196	0.32599902
1101	4.8090345	-0.55669088	0.90324487	894.49945	34.712788	29.009967	-0.05404453	0.0074813471
1102	2.1232994	-0.45727477	1.5728933	1077.5103	94.021408	43.968049	0.078899166	0.24601043
1103	0.23753584	-0.12422606	1.09929	2856.5958	52.365323	50.46697	-0.071758904	-0.043331508
1104	0.57442443	0.65710727	1.0023552	1474.2728	42.334877	39.688157	0.015687403	0.028447078
1105	5.8162052	0.62131415	2.5940113	2457.3881	31.667309	12.62341	-0.043970673	0.052442812
1106	3.0490719	0.60859696	3.003596	8044.4227	70.159954	58.825923	0.17288332	0.01683956
1107	0.96636407	-0.46006883	1.8554275	2164.9907	30.40998	18.886113	0.00082707718	0.019186668
1108	5.61024	-0.53803137	2.3463844	4754.7552	136.24688	61.083417	0.0034911581	-0.054636574
1109	2.8051296	-0.50559892	2.8109542	838.79115	32.441668	23.760139	0.0639035	-0.018322915
1110	2.7170789	-0.94116691	0.54537036	1764.3763	11.084248	3.9366327	-0.12466357	0.029222302
1111	1.3503413	-1.083667	2.5003217	1339.3626	17.69593	13.208601	0.36874446	-0.20405498
1112	5.5102233	-0.52435204	0.88064181	6395.8635	111.45819	96.087386	0.4189166	0.028699296
1113	4.6351448	-0.022642976	1.7755463	227.39278	19.965916	3.2211816	-0.00056715461	0.25237569
1114	0.61667859	-1.0166696	1.8710863	468.89229	9.9242064	9.0350401	-0.0040127729	-0.21950176
1115	1.1881253	-0.9910996	0.91892992	833.9658	11.467197	10.647426	-0.16795091	-0.16377203
1116	3.6914415	-0.77407501	0.99527638	3851.7949	115.20906	53.165496	-0.056733136	0.0031962875
1117	5.8562829	0.17735211	2.5175235	9397.8511	115.3463	66.220525	0.18086856	0.11914268
1118	3.5574874	0.34918013	2.81138	3056.8755	24.806879	20.260181	0.013563939	0.15025791
1119	1.5898125	-0.95934835	2.5404403	2396.5173	42.38129	27.39439	0.55272058	0.098971244
1120	3.4976977	-1.2342835	1.2011829	1185.7804	11.710727	11.038619	-0.042739986	-0.061651805
1121	1.5739814	-0.038682989	2.406632	6032.5978	64.095015	50.36643	0.061076719	-0.027254684
1122	5.8637544	-1.3381691	2.9082594	14207.975	129.18104	114.38687	-0.0036553038	0.30773934
1123	5.5820775	0.80958542	2.9345076	6812.0501	174.50361	92.884536	0.0038235937	-0.11404811
1124	5.1915861	-0.23313315	2.9043506	2233.7978	43.94268	37.480883	-0.061128474	0.27972844
1125	4.3273617	1.3183775	2.2236852	1203.22	38.12081	26.095683	-0.12149395	-0.18507918
1126	1.9110659	-0.68336724	3.0078742	3355.6353	36.323569	28.668448	-0.10439885	-0.0025726766
1127	2.4661745	0.16738257	2.1840352	3680.0079	118.02849	51.217274	0.12913985	0.022781807
1128	1.5879557	0.70814029	2.8302464	6632.5721	51.988874	34.653294	0.38414003	0.25287772
1129	0.23368074	0.46627984	1.9035827	3951.3289	124.10753	52.823602	-0.075021319	0.029957199
1130	0.058770081	0.064254459	2.9935223	1153.6965	11.521423	8.9830263	0.20630508	-0.1438526
1131	3.6621546	-1.0376368	0.85611227	696.83283	11.742832	8.6070591	0.08937616	0.047525444
1132	0.36854252	-0.04396653	0.70989671	1574.4821	19.918632	12.283287	-0.13191568	0.064357741
1133	2.5592535	0.81836577	0.84858908	673.28077	12.549964	12.168163	0.082722739	0.028520505
1134	5.0109302	-0.26137633	0.71686998	1001.8352	10.66484	10.452604	0.11484855	0.062460184
1135	1.8936983	0.88524213	2.7156948	5261.3884	62.857796	42.410885	-0.0086438054	0.025943959
1136	1.4053954	1.0774437	2.7018809	2746.9178	55.872094	33.693664	-0.01036586	0.02965129
1137	0.57530744	-1.1496363	1.8833603	3488.8165	51.96534	50.668772	0.0053368677	0.26954735
1138	0.3601574	-1.2248114	0.56944768	7664.8292	137.90421	87.731761	0.063734202	-0.0063816689
1139	3.6675318	0.28290374	1.232479	591.36055	21.587595	2.794475	0.039918883	0.041284373
1140	0.92100623	0.75430823	2.60021	314.65638	1.8481985	1.4349009	-0.10401522	-0.0087531194
1141	3.3536058	0.59962858	2.4402572	746.83594	11.130742	8.4161463	0.094269425	0.0075383271
1142	2.8790059	-0.48678708	0.10936421	1254.7309	41.595453	3.3732429	0.056006029	0.048188015
1143	2.4498868	0.79758711	2.1013572	5780.6794	68.743484	55.314189	-0.00416125	0.063254769
1144	5.7227539	-0.12869128	2.6105816	293.01604	11.992415	8.7425897	-0.41565535	-0.24123623
1145	1.4246603	-0.39833643	1.9091579	297.01891	2.5872368	2.2529187	0.018277983	-0.07135977
1146	3.7341154	-0.88809613	2.6404076	4753.9215	55.738564	47.412762	-0.0083683627	0.23453114
1147	2.4965893	-0.0092668521	0.63619084	4102.2235	32.416401	28.536271	0.014981357	0.17534357
1148	1.5001886	-0.69504173	0.87719617	3269.8181	52.514009	32.370964	0.098211915	0.099687824
1149	3.3034106	0.6446079	0.13107762	2298.7158	21.467541	16.322419	-0.091760927	0.057414233
1150	2.6173649	-0.60537921	0.54551187	1655.1738	12.563823	12.014695	0.10696724	-0.20169067
1151	0.86859461	1.1896825	0.91399309	1089.6015	31.066706	23.514891	0.30419023	0.15569116
1152	3.9540334	-0.038634898	0.40095893	687.84432	10.640166	1.4266921	0.49799782	0.049526165
1153	0.91864817	0.20238727	1.2495857	2269.0304	50.689543	44.723664	-0.068555519	0.2366486
1154	4.5636798	0.88390191	1.4861527	5079.2998	59.77502	46.483583	0.15708132	0.25578826
1155	1.5439858	-0.33982887	0.86866054	1286.2111	28.941613	8.3644804	-0.056928165	-0.1451087
1156	4.3184127	0.07311316	2.3826198	1540.9266	15.447325	12.851189	0.016396036	0.098971018
1157	0.23632506	0.34810761	2.4660468	832.51494	11.83094	1.8074838	-0.015989153	0.14076492
1158	5.6663166	0.76607326	1.3349938	91.811324	1.5274525	1.4950743	0.090856095	-0.015450086
1159	3.6010766	-1.3329634	0.97731855	1724.0985	46.619631	23.036792	0.60095029	0.00081890289
1160	2.3812992	0.66748233	0.89509214	1147.8276	24.463483	15.012306	-0.5523793	-0.21685285
1161	3.2231581	-0.31529362	2.8416937	10231.022	94.051183	72.726801	-0.036994496	0.48533757
1162	1.8455855	-0.028277058	0.81085298	280.69581	3.3003657	2.5641103	0.17656414	0.20987425
1163	4.2065203	0.22838316	2.5263466	1409.6886	15.908977	12.218599	0.058294874	0.089216589
1164	4.5784431	0.16456453	2.9096965	587.6216	10.414611	9.8115139	-0.047995204	0.16248822
1165	0.98051435	-0.53860816	2.618943	5806.502	65.074332	52.526252	-0.1145941	0.01167134
1166	0.75917832	-0.65593531	2.0892316	2119.8708	41.982883	35.547433	-0.019393611	0.28889074
1167	0.35067132	0.28089606	1.2411951	1314.8991	39.578475	36.769446	0.43204869	0.08144111
1168	2.8901925	1.0312108	0.2777619	623.1051	11.683531	1.4525381	0.056301177	0.037491961
1169	0.054043863	1.1416927	0.77793498	2895.1005	137.94483	75.306311	-0.11397036	-0.05653226
1170	0.28758018	0.80542541	2.1846792	1722.6527	12.083688	11.938131	0.011816121	0.2502465
1171	5.0707971	-0.9601564	1.2324084	1835.0823	40.40985	38.372091	0.27993235	-0.018956206
1172	3.5745119	-1.388954	0.20851994	480.24297	8.2515281	8.1085609	0.019367008	0.11887343
1173	4.3748845	0.24174002	0.31473074	7175.9548	69.579853	58.210082	-0.090594049	0.20355745
1174	3.3837543	1.1142776	2.6064654	3517.8435	49.440415	43.527677	0.024321167	-0.40478324
1175	6.0435981	0.39291389	1.1709989	445.36439	42.270288	29.568625	0.19941003	-0.13201944
1176	5.3699966	-0.083734494	0.84934767	5117.9189	61.558443	60.014251	0.068974382	0.047105351
1177	4.6605849	-1.2968143	0.71012957	247.73582	1.6722046	1.3213896	0.14418506	-0.012091105
1178	4.3420294	-0.3855758	2.6883445	4706.7662	166.08055	71.84881	0.36887155	0.20736743
1179	4.4044507	-1.2438625	2.5430356	430.61589	3.3734132	3.0632451	-0.061557916	0.35118807
1180	1.5953277	1.4778096	2.1158161	1690.9884	53.452176	50.535556	0.0055987588	0.0047281723
1181	1.7384256	0.023120001	0.6082507	1429.5359	9.6298923	6.5762593	0.0080589448	0.085814096
1182	3.9056854	-0.087002972	0.72027694	2126.2407	12.954431	11.641201	0.20750654	-0.10103282
1183	0.19428324	-0.45352854	0.9434012	386.17865	9.238189	1.5793734	-0.090427561	0.0069630064
1184	1.4294651	0.25793589	2.053627	448.90655	9.1649512	8.554059	0.17480614	0.24316837
1185	6.1840249	0.37744929	2.4874794	2447.3825	35.180903	13.066362	-0.0066902955	-0.073357931
1186	0.58232798	-0.67145395	2.3526701	1555.8738	42.667639	38.969525	0.15582633	0.1837302
1187	1.0310745	0.63986894	1.3920111	153.49643	2.194317	1.5616952	-0.013480952	0.064344974
1188	5.7938201	0.31677033	2.6194976	1374.8522	35.715648	26.456976	-0.00061997079	0.050021012
1189	0.44373402	-0.73310016	2.0308254	554.66576	16.491323	13.102063	0.023918771	0.018464431
1190	3.038325	0.17685921	2.5435042	4777.2621	80.270783	46.383487	0.057528017	0.21425225
1191	0.21190552	-0.11447468	0.57366035	5415.6153	54.84	49.99944	-0.42731528	0.23722194
1192	5.3154582	0.73955169	0.15395108	3336.118	95.785465	73.988804	0.22477145	0.082686226
1193	3.2863088	-0.34478848	1.5442047	191.86575	9.9714011	7.8130413	-0.017773197	-0.060653472
1194	4.9070518	0.48951077	1.4854001	2230.4321	41.020809	27.483677	0.42715038	-0.079824847
1195	5.5789414	-1.0471449	2.2986898	646.71432	20.453696	16.789202	-0.12630033	-0.03487589
1196	4.7447199	-0.61364926	0.42181942	2818.7748	64.592626	52.136725	-0.13789558	0.034468085
1197	6.1292682	-0.90328058	0.72783913	228.14731	2.2862181	1.2660543	0.092145715	0.12405255
1198	3.0665024	-0.0019921513	2.3905147	2074.4263	40.344538	33.339133	0.13119218	0.27144519
1199	6.2514103	0.015397631	2.1725882	4050.9134	118.20592	53.257759	0.086967698	0.018194107
1200	3.0586475	0.87589648	0.36049582	3830.0845	14.394161	12.694831	0.049418244	0.018990722
1201	5.1232157	-0.94792478	0.31796429	5459.5909	59.156501	49.600757	0.11139793	0.18874992
1202	3.744085	0.27848136	0.30356985	4054.4655	37.299553	30.619202	0.08908502	0.017816673
1203	0.80027163	-1.0704619	0.53870698	2669.9891	13.280722	10.818599	0.036159617	0.10098051
1204	1.6645442	0.20638244	0.62666043	4366.0866	68.2602	56.235381	-0.008366	0.13339885
1205	1.5243058	0.31974618	2.6820286	883.8844	10.041117	2.1347255	0.083249411	-0.0041136251
1206	3.7175314	-0.36624564	0.64526645	1484.028	45.331878	19.555633	-0.02206627	0.095274443
1207	2.1010566	-0.76069593	0.94866714	2772.1553	55.970835	49.550975	0.30227993	0.29410907
1208	6.1542626	0.08344888	0.96659279	1935.2828	54.818773	48.35936	0.23124583	0.0037633832
1209	2.2304307	-0.30642157	2.9286401	2866.0845	32.311254	21.847462	-0.089949782	0.08144166
1210	0.75930473	0.35246945	1.5660027	566.56372	10.62572	10.603307	0.078509099	-0.0032896133
1211	3.1032424	-0.3704781	2.4578513	4335.9484	56.171273	48.790464	0.21915149	0.21869321
1212	3.4763135	-0.61609973	0.43612985	405.31269	9.8592148	9.4832226	0.17498935	-0.18222416
1213	4.0013435	0.74380425	0.49606246	4945.7561	69.459902	58.239221	0.039253597	0.14225901
1214	1.5383272	0.66095415	0.31268987	707.07444	10.416236	9.6654859	0.0079978749	-0.21736633
1215	3.336533	0.38217204	0.80206724	1034.7545	21.376604	11.208328	-0.33229526	0.054328515
1216	4.6361867	-0.18486042	0.919367	2746.2846	61.327447	39.161728	-0.007754448	0.029246265
1217	0.91216985	0.96704101	2.3356608	565.46148	10.793823	9.9066023	0.039356591	-0.0012973773
1218	0.33210686	-0.50765617	1.9854164	3157.1448	43.594225	42.996499	0.050742883	0.076916452
1219	3.1685988	-0.59014312	2.0642848	1197.4916	44.821524	43.142453	-0.051560603	-0.075013702
1220	0.88071199	0.69373723	0.75571341	167.40769	32.043564	27.616924	-0.16594081	0.003977415
1221	5.1982582	-0.55620177	2.6216988	2326.6249	13.799162	12.779729	0.035867477	-0.11270296
1222	2.5327123	-1.2281017	0.83471092	3655.5329	43.97752	35.47347	-0.0058528667	0.1056726
1223	4.4057971	-1.0502033	2.3516106	5105.1783	79.660593	72.569812	-0.22289785	0.0030681114
1224	6.1080447	-0.29528013	2.7186509	3230.6	59.453721	45.939978	-0.44410134	0.014876308
1225	1.897342	-0.26882693	0.90480269	1429.7973	25.951741	19.785455	-0.0030964355	0.13998058
1226	1.7447704	-0.41843567	0.30795067	632.14745	61.55684	16.647117	-0.28935257	-0.07207136
1227	3.3414077	-0.84674136	0.34876496	2726.372	41.174554	13.425754	0.029995506	0.014539135
1228	5.4041327	-0.86218028	0.52020889	276.88279	9.6954425	7.7133525	0.12056686	-0.27906468
1229	5.2319435	-0.21916736	0.27739243	1242.4036	10.697677	10.597941	0.0524037	0.0028577747
1230	3.7752867	-0.37621158	1.4596415	1833.1924	14.431372	14.313449	0.16162246	0.15119223
1231	0.14653097	0.87931153	0.6532381	162.63444	27.596015	26.243428	-0.15308766	0.13254813
1232	0.4626198	-1.2581098	2.2649589	597.07147	16.949325	8.9815054	0.1888013	-0.048087308
1233	2.6660635	-0.40494467	2.3536101	2113.4445	58.688943	53.326788	-0.094146023	0.17865235
1234	3.7063887	0.50015082	0.79573207	1855.8998	13.333158	11.491205	-0.0058393718	-0.0033103418
1235	2.2200048	0.86249572	2.5139374	2879.6999	37.039537	12.118718	0.0050988736	0.07339242
1236	0.39208632	-0.99398191	2.495617	1337.6996	12.741745	12.233648	0.11117175	0.21455271
1237	6.1861654	-0.0229306	0.68550574	3302.7969	64.241576	38.589577	0.094044754	-0.31521838
1238	5.443189	1.0010533	2.8434574	436.1241	9.3918453	2.5573318	-0.025274272	-0.14036386
1239	5.2265282	0.92702746	2.6505959	1129.4476	34.739663	11.220474	0.31388881	-0.021041988
1240	4.1319325	0.36812532	0.84921901	1984.1657	38.66996	34.571172	0.41643504	0.021242903
1241	2.435936	0.15763749	2.9561273	2204.1296	40.353263	13.637606	0.60774066	0.083133435
1242	3.0010437	0.0066323141	0.75428388	1112.3228	12.703016	11.243999	0.009909754	0.066592918
1243	2.8337858	0.79981695	2.1082386	552.08698	8.0476789	1.8453271	0.1855914	0.032037333
1244	0.27978163	-0.31762578	0.67797614	2695.7675	39.782623	33.46952	-0.49289616	-0.045455663
1245	0.03624127	-0.98551239	0.23131539	3952.3808	39.189285	16.898712	0.066320431	-0.016573214
1246	5.8796764	0.13837441	2.5234823	2078.9833	50.425531	38.80029	0.17551023	0.18842571
1247	5.8248377	0.82910584	0.70317037	4145.0818	56.867858	54.830671	0.48011995	-0.0075541999
1248	5.7509448	0.12305481	0.57674109	1016.0609	10.952453	8.494863	0.41245129	-0.48419531
1249	0.97858761	-0.52425741	2.862318	9933.9338	86.423816	54.210062	-0.31678476	0.10354021
1250	4.2822422	-0.13889695	0.53303661	4866.8331	80.041982	68.521478	0.21270884	0.11173822
1251	4.9654556	-0.2980888	3.0289941	761.49519	2.087728	1.8800587	0.058337802	0.09335773
1252	4.0660346	0.10069731	2.8577433	490.16775	59.209705	33.227994	0.054333548	0.0050291484
1253	1.2515148	0.88364098	2.2167481	2464.4479	41.790447	28.825896	0.5865549	-0.12540383
1254	2.3138404	-0.21525219	1.2574531	233.20119	9.1809572	8.3534281	0.12696297	0.0064937105
1255	1.8278619	0.52475285	0.70583971	268.94624	10.861145	1.465068	-0.042754788	0.024988722
1256	4.5769951	0.60799412	2.5327309	4000.6532	59.935939	52.802696	0.46014783	-0.0065970739
1257	2.1067536	-0.88920378	0.94271044	1660.2879	38.490247	11.370601	0.074635099	0.00051388848
1258	3.699854	1.1882829	1.1735094	667.16334	17.956416	10.220233	0.021573761	0.061636064
1259	2.1126501	-0.72041655	0.71565377	2866.5761	74.831261	54.025042	0.049957983	0.018042396
1260	5.3228234	0.67139464	2.7021918	763.41206	11.58522	2.1643574	-0.0050728197	-0.011979894
1261	5.6766608	0.57362519	2.6665884	592.26122	24.606775	9.4650267	-0.03908451	-0.29694252
1262	2.1691343	0.81055828	1.8595365	3577.1106	130.56896	55.552395	-0.61447886	0.064966266
1263	6.0821678	-0.1375673	2.3895377	239.98757	9.1681591	8.3932884	-0.13054177	0.079674421
1264	1.8801761	0.58420927	1.8554534	2228.5582	37.071562	26.875088	0.15764768	0.04664735
1265	0.20268209	-0.88420376	2.3968648	403.35444	1.6082929	1.5357767	0.01312906	0.0070298488
1266	1.5606081	-0.6254119	2.3430242	1286.7512	10.84478	9.8664254	-0.1305805	0.021851824
1267	4.1805214	0.0038228264	2.4469735	1394.3429	25.792959	12.167444	0.13471219	0.32142826
1268	1.3722524	-0.83439817	1.0032329	3050.9976	43.188035	40.945484	-0.10301592	0.24715717
1269	5.7000112	-0.72119785	2.8224937	2553.2587	59.179058	31.461515	0.0029071162	0.29601444
1270	1.807396	-0.13065823	2.0595758	1515.0901	55.474483	33.766667	0.16050031	0.34950452
1271	4.2573167	-0.093235358	0.38190825	750.03929	40.587958	28.124926	0.044380837	0.16350852
1272	1.3000925	-0.13532569	0.12234249	4626.9619	59.965489	56.727202	0.009503757	-0.051401458
1273	6.1625761	-0.45308947	2.1928578	2273.3104	50.477503	49.108192	0.46953043	-0.24758124
1274	1.3436614	-0.86158823	1.8849398	430.22553	10.30958	1.5685768	0.041701436	0.010549575
1275	1.7134195	1.4339702	2.6828984	8862.8815	71.802321	65.57017	0.081893911	-0.0063695846
1276	3.2928107	0.95805541	2.5170368	2848.4523	33.912548	25.970391	0.073947208	-0.01504415
1277	3.0595064	-0.84682736	0.26778674	1757.9785	10.135458	5.0621987	0.033403954	0.092364363
1278	4.2558423	-0.2783983	0.95545403	1510.9726	11.378596	10.407187	0.0035339939	0.28556474
1279	0.4473579	-1.1971566	1.0350462	432.67942	10.121845	8.0520594	-0.0053919059	0.020925464
1280	2.8531572	0.70500266	1.9002009	297.99202	12.971335	1.9568287	-0.27619924	0.19276338
1281	5.6017477	0.077844187	0.48246588	899.1074	29.604586	29.087527	0.25959619	0.087362483
1282	2.6804366	0.33863359	2.6046172	1609.976	16.611133	11.301645	0.0016045611	0.10465712
1283	6.1573419	0.27454824	2.1620742	3563.7698	67.758379	52.985013	0.17290176	0.011103175
1284	1.0285218	0.88012909	2.8299982	966.69066	9.3887484	8.7789586	0.13420644	-0.35706587
1285	5.4227033	-1.2869029	2.28912	3177.6498	72.823229	53.524808	-0.0085824437	0.22169488
1286	2.1194976	-1.4270469	1.0883731	138.54948	1.5753977	1.335041	0.024750708	0.25103036
1287	4.018605	-1.1140288	2.0057442	602.80993	38.804071	11.067973	-0.010724787	0.07689206
1288	4.8987937	0.95011501	2.027949	448.90333	10.283244	6.4907327	0.039184429	0.099240024
1289	3.9212892	-0.77722607	0.2090167	5908.3224	166.02241	153.00942	0.091250875	0.040854825
1290	5.0775008	-1.0708301	0.63516387	1815.1744	36.875842	10.232562	0.017075437	0.16942007
1291	1.8124385	-1.2620773	1.172548	1053.791	17.352726	11.181815	-0.022530765	0.15771051
1292	0.57033187	-0.46266349	0.56520908	982.94409	24.289754	12.295835	0.11011857	-0.1180051
1293	4.2322578	0.27240443	1.1506182	1294.3789	39.898462	34.29029	0.022558313	-0.055229197
1294	5.0733802	-0.4604357	1.7293578	1102.7523	11.141904	10.226825	0.10944827	-0.023347154
1295	6.0773387	-0.20956606	2.9132495	14724.292	199.97042	179.95586	0.067288591	-0.0093694816
1296	4.8133522	-0.82483442	1.3694374	462.477	10.011567	8.7067446	0.097283489	-0.053743354
1297	5.1619569	0.53199526	2.6591782	2068.9763	12.370823	10.297499	0.1378681	0.068338579
1298	2.4053061	-1.173717	0.55972616	2252.0272	45.52992	38.871307	-0.012394144	-0.097589601
1299	3.2148891	0.7634969	1.8280356	705.5933	24.342941	10.281059	0.11603464	0.020030118
1300	3.7884541	-0.076001381	1.4775445	370.55514	7.0042414	6.95734	-0.0050287246	0.013173013
1301	3.0420788	0.29835246	0.1433039	775.75025	10.758945	10.333849	0.096021589	-0.28489582
1302	4.2240724	0.75214241	2.7703045	1191.2284	14.793474	9.9203945	0.27576259	0.027565248
1303	4.3328473	-0.53621259	0.47016833	1311.1534	11.565665	8.4617058	0.033925819	-0.28068856
1304	6.1567182	-0.077521266	2.5014161	3724.9544	44.76655	35.027367	0.2082826	0.0055707921
1305	4.3704218	0.10754414	1.9373189	3601.5963	70.25165	52.789859	-0.000966718	0.065565672
1306	3.954836	-0.2105535	0.82178647	349.25512	2.3303037	2.2124777	-0.1244602	-0.0046850588
1307	5.2620853	-0.097642213	0.64425795	8945.5381	85.548417	74.492457	0.027270457	0.040081209
1308	5.6392146	-0.79863275	0.8846507	3623.8299	55.88108	50.597371	0.08045872	-0.022042947
1309	1.7036701	-1.0379972	2.1625437	1107.9604	24.665031	9.0228729	0.032759747	0.078697833
1310	1.0392657	0.7372525	0.53407905	868.49948	12.15973	9.8369002	0.056765681	0.0089542036
1311	4.7856263	-0.65090634	0.48945778	1291.137	10.129685	10.04195	-0.040759414	0.0010751898
1312	2.1407466	1.4010827	2.3197823	377.47268	8.0043624	2.3117291	0.1198713	0.078955513
1313	3.3112459	0.71250309	2.3725937	1471.848	41.158484	30.838911	-0.12565757	0.15670232
1314	0.90343163	-1.0784388	2.0266412	675.32437	11.206374	10.472141	0.25291699	-0.0055949902
1315	5.5382304	1.4189959	0.6058474	2458.6124	36.890652	29.704931	0.097844383	0.061315211
1316	3.5365591	-0.16906938	2.0995369	1840.6488	42.821118	42.409504	0.022086768	-0.039875275
1317	2.8522351	-0.065482167	2.2566955	942.06459	11.008918	10.980125	0.033990017	0.037241731
1318	4.0116434	-0.088268955	0.4413302	2723.2732	32.383146	32.012311	0.021047082	0.037582143
1319	5.2182409	-0.43390762	0.9362536	2826.7328	48.218733	47.336407	0.026450703	0.13001626
1320	1.6468128	-0.70060436	1.1332178	235.25132	2.1271746	1.3353686	0.21898037	-0.0029876085
1321	2.7508301	-0.59836753	2.8303403	4530.3978	114.56003	101.69516	0.15776399	0.017374674
1322	4.5694469	1.2613974	2.0352584	494.55801	11.892141	2.3947451	0.046034347	-0.11359166
1323	4.4826345	-0.50766612	2.580558	1039.4851	34.887791	31.637476	0.017603586	0.033841511
1324	0.83252269	-0.36014666	3.0389867	5252.1074	90.087364	67.506215	0.13048271	-0.31001437
1325	4.9531116	-0.10480623	2.1512407	322.7288	9.8608215	1.4435962	0.049675822	0.020962858
1326	4.7014732	0.58218672	2.6419299	2336.6243	14.26917	12.804271	0.078814227	0.012093425
1327	2.88061	0.051712063	2.5563395	3852.0626	74.209366	49.937095	-0.0029086292	0.14660673
1328	5.7820782	-1.2872446	2.4579535	818.28973	36.727988	9.200202	0.041431191	-0.067813497
1329	1.7077979	0.17262899	0.79502199	2889.8673	42.056985	36.669954	-0.082381336	-0.018569233
1330	5.5305759	-0.33071006	2.426131	695.82919	28.727492	28.646339	0.081329003	0.07516916
1331	3.0063112	0.67254097	0.50841364	576.39071	72.119886	1.6227531	0.069663188	-0.045529677
1332	3.643927	0.21097931	0.53443901	2087.4908	41.985997	20.532751	-0.072846809	-0.0045375278
1333	3.0146114	0.4215837	2.9149755	4687.6604	47.236827	42.614979	0.04548526	-0.036183599
1334	1.4640117	-1.0210551	0.5376855	2688.2205	22.846337	22.604506	-0.0043988933	-0.052833739
1335	1.0938221	0.41071835	1.2165974	2976.5994	93.814421	39.411353	-0.071751268	0.037285175
1336	3.8256465	-0.98835213	2.7559847	1591.0919	41.159665	7.8300181	0.10581137	0.10445201
1337	0.87820842	-0.14212513	0.069429618	1319.953	11.103825	9.0666189	0.2217678	-0.055083507
1338	1.8215647	0.07608524	0.96021565	806.12846	9.9284048	9.3761669	0.36380725	0.17290927
1339	1.0863171	-1.3747837	0.29317299	1773.8018	46.683454	42.326455	0.31915898	0.055743683
1340	2.2922514	1.3129025	0.38156577	3445.3301	40.6428	35.324518	0.031762389	0.071310442
1341	0.89399146	0.54535445	2.4899652	2388.1767	42.55842	42.266947	-0.36137711	0.0092371442
1342	3.7477305	-0.74134542	2.0305395	370.04074	2.4424792	1.351566	-0.11837093	0.16014795
1343	1.0449098	0.91278209	1.2310914	775.15524	12.04822	10.282367	0.47116041	0.034956796
1344	2.3218868	-0.17127642	2.0700959	1959.09	43.885506	27.072658	0.17403252	0.03826655
1345	1.2079901	-0.96835788	2.4578984	3735.6162	52.224931	39.771681	0.16717999	0.011800094
1346	1.3082513	-0.64288793	1.5692359	3308.2776	50.391859	35.285336	0.1254253	-0.11011495
1347	5.0210293	-0.88377584	1.5225326	223.65578	10.507493	1.6497263	-0.13433508	0.013787343
1348	5.7773937	0.45850899	0.89194186	3642.0628	58.296527	51.706711	0.15486726	-0.045273636
1349	5.5264609	0.1981633	1.340778	1388.8297	40.653052	17.760749	0.26413424	-0.56014543
1350	3.8863079	0.9198891	2.2069249	202.62588	1.6754489	1.2642797	0.34589333	0.047220843
1351	0.20243004	0.52395574	1.2011677	157.45381	2.1410163	1.8938991	0.018178513	0.060425816
1352	5.0923095	0.14627717	0.46740347	1391.6133	25.479973	10.996376	0.054652944	0.061058138
1353	3.8158105	0.067201117	2.900882	1081.4501	14.040477	12.541819	-0.0019631708	0.0082852873
1354	2.7132581	1.1198584	2.268045	1919.3925	19.696327	11.167793	-0.023010595	0.0091902419
1355	5.6663307	-0.74450835	2.1853407	6145.8372	80.298591	67.047201	0.28643197	0.013459661
1356	0.72321283	0.95995481	2.415806	1524.2419	82.194644	56.150659	0.019791226	0.24452487
1357	2.5036179	0.021121274	2.5996922	3159.8997	71.769269	37.350024	-0.1534907	-0.051370585
1358	4.6769708	-0.73968133	0.82996732	6224.372	94.087524	56.114224	-0.0052001972	0.011305804
1359	1.431202	-0.37841924	2.5336393	1061.801	9.4368578	9.2692355	-0.20317207	0.080095082
1360	1.4001808	0.6716376	2.0817718	243.15564	1.9487036	1.4168327	0.10215332	0.009552796
1361	4.1202761	0.99355261	2.5868044	120.61475	2.0304318	1.3389116	0.024883756	-0.026183683
1362	1.091807	-0.32711823	0.65140238	448.25296	28.950919	27.327929	-0.03553531	0.0020415622
1363	2.7222845	0.94386363	1.7777961	1377.7865	52.61124	42.61463	-0.0002038973	0.29210302
1364	4.2628589	-0.020496292	0.165383	2839.4363	24.968843	8.4927187	-0.17281526	0.11260333
1365	1.7329899	-0.87362157	0.8543684	441.92762	27.201072	3.6364972	0.042337187	-0.010076333
1366	6.153735	0.35832496	0.4775853	1967.6444	17.009239	15.937984	0.0030475838	-0.33184948
1367	4.8700983	-0.60995514	2.3292619	829.82446	36.076913	35.285012	0.02638112	0.036757987
1368	3.6150273	0.27312618	2.31215	2026.0032	45.032582	44.595604	0.1362023	0.090076426
1369	3.3124171	0.96149206	0.42731321	1064.6077	11.274164	8.5509779	-0.1535147	0.43449308
1370	2.3399324	-0.02140408	2.5246235	1142.9457	10.385495	10.202174	0.00067431511	0.36746221
1371	4.38138	0.44762532	0.68327208	347.85081	6.6818921	3.2671737	-0.015029874	0.13338274
1372	0.022700247	-0.2168487	0.79127087	2935.5868	36.81999	33.371668	0.0019613007	-0.041622217
1373	0.11195279	-0.61492699	0.4452292	4698.9638	59.426826	44.019713	-0.35121778	0.16214827
1374	5.9455327	-1.0035823	2.7237754	1520.7623	69.58171	41.444519	-0.29251965	0.28371987
1375	5.3483157	0.021728665	2.5367324	203.50358	1.5230534	1.4160364	-0.0049916471	0.011730906
1376	1.8599853	-0.31869748	2.7874474	4470.3329	63.373297	60.337809	0.4203414	0.13253837
1377	3.0042247	-1.0155674	1.1328134	1380.3042	18.36898	9.5472034	0.03938726	-0.054953967
1378	5.8933437	0.30580276	0.91137112	2304.6626	39.252392	36.901418	-0.028934101	0.17977617
1379	4.5193776	-0.25143723	2.5691435	2230.1841	18.719126	13.262586	0.0095476124	0.061797454
1380	0.2010914	0.37145013	1.0836948	1588.842	36.211887	27.089373	0.30239845	0.10021958
1381	3.8024523	-0.65897079	2.7255198	4774.6012	125.08985	55.173984	-0.0079235838	0.28008909
1382	3.8305595	0.55438319	2.0611048	2903.6373	111.82785	49.935056	0.26598044	0.018313069
1383	5.684051	-1.1308854	2.7992823	4092.7307	64.895742	54.094996	0.15077109	-0.00052577549
1384	2.104411	1.2317206	1.5356856	222.35111	10.473509	7.3971852	-0.38307849	0.28159478
1385	5.7959626	0.35650125	1.9712598	245.88372	23.812383	1.3823495	0.010768619	0.19126059
1386	2.3139156	-0.42454032	2.4823763	631.45158	9.0552185	2.8843278	0.038157873	0.00019632623
1387	1.2739749	0.951561	0.79538862	321.69075	26.341701	1.378248	0.29049003	0.052563584
1388	2.7443823	-0.35033801	2.7549409	680.33509	8.6026946	1.4430718	0.0017143946	0.011401712
1389	4.2954803	1.4231173	2.9031552	888.38716	12.634951	10.332267	0.031351063	0.38003342
1390	3.9915546	-0.81073692	2.0840065	578.04369	10.108616	1.7901575	-0.013820442	0.017184451
1391	0.27323478	-0.52040591	2.0895913	671.96949	12.187301	8.6402291	-0.0056985313	0.14539896
1392	5.0200071	-0.73069027	2.3464154	194.26319	9.5399914	1.8002882	0.14154742	-2.8500588e-05
1393	6.2174784	0.68551425	0.077317561	654.00383	2.7738966	2.3296644	-0.061807253	0.09500936
1394	3.7446316	-0.34716992	0.27070376	3954.3812	60.351432	40.71491	0.021436924	-0.040609962
1395	5.8643851	0.5496224	0.43650551	2187.7421	13.132513	12.642782	-0.099729123	0.077742154
1396	3.1363542	1.0888514	1.226912	1125.7348	12.484208	10.216795	-0.012009359	0.07934769
1397	5.2877094	-0.24992631	0.29599372	2343.0857	44.398626	39.205744	-0.087573661	-0.03851257
1398	1.7485246	0.45022631	2.7417183	693.03501	10.746148	8.0353607	-0.3365354	-0.029774979
1399	0.36940824	-0.13696647	0.75195453	4759.1985	39.173148	36.582453	-0.051204279	0.16079105
1400	3.9955932	0.089617203	1.2315645	3202.5064	71.081592	62.534474	-0.091201251	-0.030418073
1401	6.1021241	-0.21436798	0.84310333	509.6857	11.186143	1.3434927	-0.29839742	0.17083738
1402	5.3535619	-1.3860405	0.64087013	3286.8943	57.881737	52.469157	-0.009964652	0.022032695
1403	5.2810322	0.10371691	2.5511497	4380.9246	68.548033	65.714246	0.035448155	-0.10051716
1404	1.6345753	-0.45604638	2.5520146	3396.5779	52.190728	24.455041	-0.0017930818	0.16942719
1405	4.5197371	1.4544074	3.0501999	329.46972	1.4882055	1.273342	-0.29379571	0.049103858
1406	3.6581785	-0.046143593	1.0516474	1350.8186	13.203708	12.457149	0.030079891	0.090238206
1407	4.0925356	0.20099907	0.13056255	2011.3643	43.580118	35.204672	0.18108445	0.010411354
1408	4.0313119	0.68824421	2.4749567	2679.4035	15.047696	13.961053	0.0020688052	0.18272397
1409	2.9694295	-1.1085003	0.90393715	2117.8581	52.618578	43.05598	0.084018724	0.0014745564
1410	4.8146089	-0.18003489	2.9095497	1174.2545	43.180511	21.718927	0.09950207	-0.35413253
1411	5.6218918	-0.72773425	0.30783918	869.00486	10.085649	2.0605645	0.017853914	-0.11136946
1412	2.7163459	-0.78512913	0.20711554	7083.8928	59.602599	47.522642	-0.094628955	0.09237266
1413	0.72449459	-1.1197404	2.4745977	271.98159	1.6070313	1.1583296	-0.013723432	0.14786541
1414	1.8333272	0.85860919	1.5179793	531.9033	9.1800021	8.668083	0.10913074	0.033654119
1415	2.3618561	0.70619191	2.6958795	4206.4853	39.390807	31.857914	-0.023782826	0.0045766313
1416	1.4716592	-0.35806935	2.517351	3745.1109	56.347607	34.742846	0.14615369	0.086750717
1417	5.599997	-0.26716011	2.5258241	2928.128	73.656113	58.757878	-0.0029756203	0.40521311
1418	3.1618046	-0.69183762	2.9474764	3012.4878	59.204743	52.393392	0.15283608	-0.0042619463
1419	4.689258	-0.91550182	0.85843998	5313.8568	48.06698	46.384339	0.106398	0.3310962
1420	0.94175251	-1.0776055	2.5909721	525.44186	2.2933314	1.7328871	0.0040231045	0.057148608
1421	3.0201872	0.90361127	0.45188058	3107.7822	28.631668	18.596358	-0.10099597	0.0028363932
1422	4.8453858	0.8303618	0.50073082	797.395	50.188318	47.758539	-0.01311359	0.24004336
1423	4.3716433	-0.076223065	0.12682134	1340.7644	12.800982	12.144543	0.012245491	0.0052042665
1424	1.5250986	-0.93637278	2.2370834	2372.2092	46.207966	20.91916	-0.09566646	-0.042030503
1425	0.015597052	0.82415387	0.5718458	1862.0257	28.488317	23.635316	0.016068345	0.23524086
1426	6.0455641	0.27367184	2.4387865	975.34635	22.881114	19.381072	-0.034261083	-0.051623506
1427	1.6994836	-0.73561053	1.1991745	2288.9033	28.252444	25.695112	-0.22875784	0.0040338429
1428	4.9483805	-0.86574926	0.076874384	1697.7623	11.612703	11.609447	0.12049513	0.0075294615
1429	0.1960967	-0.79759978	0.54206	580.83197	15.591787	10.348443	-0.043900722	0.095076718
1430	3.0972005	-0.47631425	1.3346495	1247.9756	41.858241	30.197726	-0.038261619	0.0082035559
1431	3.9792486	0.4481052	1.157822	3310.5134	96.87905	40.791952	-0.0027128321	-0.27607935
1432	3.272861	-1.089073	1.7947068	2158.022	50.079899	38.235046	0.14614576	0.013084944
1433	2.1504127	-0.81856934	1.520603	2009.0272	55.893295	51.720949	0.083418985	0.01443201
1434	6.1025197	0.054785153	1.1541636	1543.6811	41.42846	29.024917	0.09683169	0.1010018
1435	5.098269	0.22080618	2.9778429	3654.0598	55.328302	39.800037	0.038424219	0.3050209
1436	0.49517877	-1.1109196	0.76952918	2797.855	56.203231	44.941234	0.038082252	0.0032014867
1437	5.6479722	1.1285198	0.63154809	5992.5548	154.69503	137.38732	0.024453809	0.29745454
1438	3.1366478	1.2752081	0.72174819	1678.8345	29.481736	29.425502	0.022758368	-0.014721123
1439	4.8562224	0.58998873	2.3668128	1781.4248	29.61415	28.591577	0.050216332	0.019064972
1440	3.1027337	0.23235514	0.70094041	4008.2791	55.369486	48.430929	0.027286882	0.03632645
1441	2.0814449	0.89922656	2.4805385	812.60055	5.8995925	2.4531127	0.12403088	-0.067442172
1442	4.694467	1.0455235	2.741829	3111.3939	25.730374	19.189817	-0.00638074	-0.097545566
1443	3.7348201	1.0422059	0.89939678	730.40282	11.073296	9.0567004	-0.000381763	0.0087208471
1444	5.2655621	-0.34514718	0.97660852	1047.0099	37.655873	21.897567	-1.2734521e-05	-0.0013189485
1445	5.604978	0.4003862	2.3704318	564.31584	9.6129267	7.0663188	0.007021527	-0.15961927
1446	0.71610985	-0.61718525	1.1910299	2389.5474	46.604123	27.596028	0.068099784	0.0094569158
1447	6.2614786	-0.19035609	0.80439773	836.27488	29.802339	28.289892	-0.04477828	0.29372602
1448	4.3058554	-0.41590565	1.3786596	1153.4927	49.882228	33.860919	0.030457585	0.0086262318
1449	6.2220974	-1.2854904	2.2742731	1071.7483	28.826887	15.580872	0.083396098	0.040610238
1450	3.4705699	0.75860607	2.8199056	2864.1594	47.174404	44.883627	0.087229984	-0.074547012
1451	1.9846038	-0.49660603	0.74157008	5145.4823	60.571538	57.108939	0.18248075	0.00011915003
1452	5.6781295	-0.61783497	2.432043	289.60211	10.134942	9.7212911	0.25464375	0.042136514
1453	2.6799977	0.91583666	2.8689696	1193.9647	10.875182	10.289765	0.015109794	0.039018118
1454	2.4096754	0.27763906	2.7340423	4553.7149	53.11153	37.660137	-0.0057553205	0.089338303
1455	5.5942748	0.50653818	2.2386952	501.90448	11.414337	5.2753571	0.046340439	-0.0069025041
1456	1.390459	-0.21469576	0.76145864	2911.8239	42.005583	35.991839	0.062950194	0.13065587
1457	5.0360769	-0.56178241	0.46294585	10212.12	200.52211	125.71826	0.25390427	-0.0070679215
1458	1.1479004	0.20274052	0.46611601	972.57279	12.249802	9.759635	0.096911464	0.062836618
1459	3.3501267	0.75892351	1.6412864	579.49521	9.4741093	8.5341215	0.17557037	0.13432936
1460	5.6467952	-0.41655079	2.2517887	1209.7005	9.4609111	9.2344053	0.032721646	0.087367858
1461	4.9339658	0.31833387	0.63934434	1262.1814	30.066056	24.963399	0.00099060849	0.0023496249
1462	0.96858705	1.1292986	2.1517877	601.65117	10.971225	2.0775215	-0.15599816	0.12475571
1463	0.029667204	-0.18919856	2.9607155	1870.0748	42.738713	34.475207	0.1076572	0.01670993
1464	4.0865299	-0.18593273	2.3730825	209.89699	1.2762337	1.2257919	0.0056402799	0.088557054
1465	3.8221945	1.2424594	0.45932025	2202.2448	13.406775	11.337328	0.026420878	-0.040157255
1466	1.9341935	0.66622032	0.98773836	1661.6707	46.820935	28.801653	0.10901673	-0.16988991
1467	1.2880272	1.0456438	2.8626611	358.02529	1.8936939	1.7388651	0.12861099	0.092924971
1468	4.6941615	0.22125918	2.5043594	1310.0908	42.524679	41.328728	0.38288017	0.11974058
1469	1.6585804	-0.78389629	2.7490815	1310.4409	11.549762	11.175986	0.29751497	0.017566706
1470	5.1146667	-1.1862555	2.2875086	6083.6628	83.591178	67.014477	0.16067415	0.014108396
1471	4.296858	1.0455879	1.3084733	297.14493	2.2139724	1.47243	-0.0077116901	0.032725284
1472	0.83693011	-0.18706057	0.89859933	2295.8313	125.30133	93.517598	-0.086702989	0.026374878
1473	5.425907	-0.53513798	1.284652	1545.4899	44.033535	38.120326	-0.21774102	0.1270748
1474	2.1047555	-0.52047884	2.4098395	9753.9774	161.73803	95.1466	0.3014614	0.22793813
1475	0.3603589	0.23690539	2.2797495	90.510475	8.2679515	4.1275643	-0.016331071	0.11746848
1476	3.421667	-0.85127558	2.8332978	4572.8645	52.248771	28.075319	0.20403993	0.037267138
1477	3.1304934	-1.1651044	0.77540554	2700.7831	72.713749	53.561496	0.066765435	-0.12101855
1478	0.94823927	0.20685414	0.56761808	763.39314	35.556936	9.4201818	0.081223076	0.0088615468
1479	3.9373787	-0.57403373	0.94267161	2479.2064	54.693049	36.41419	0.22118771	0.041675641
1480	2.1412105	0.22095725	1.5589226	561.72038	10.61292	8.1836879	0.025506963	-0.010093101
1481	4.5585745	0.072845463	0.54674102	361.43497	2.0912915	1.437261	-0.18412748	-0.016759599
1482	4.3926295	-0.0077912309	0.53136631	3106.9226	47.363323	45.488458	0.18728221	0.39093904
1483	4.226712	-0.10512352	0.89222305	309.54717	9.9099031	9.8651173	0.12351974	-0.32969549
1484	0.0034038988	0.71178088	1.719626	135.36613	1.5763459	1.497433	-0.081285716	0.096038086
1485	4.6772619	0.62448075	2.2798792	2393.7197	131.37547	69.662652	0.077599878	0.27985643
1486	5.3336145	-0.64246078	0.95247871	421.43068	6.6791688	5.4564946	-0.094978873	-0.014645905
1487	4.6860987	0.09895032	2.6805214	5455.3162	131.34106	45.452847	0.0082753072	0.016734613
1488	0.0251977	-0.85344091	2.3070993	338.67156	10.471723	8.3197768	0.21682013	0.052572649
1489	2.2572397	0.15474541	2.4540244	647.35118	8.7224845	4.9277891	0.2860048	-0.008594121
1490	2.93474	-0.83165761	0.43257582	1998.3692	20.767896	15.730852	-0.17356159	0.055840149
1491	5.6298992	0.80664128	2.5207545	1128.5098	12.310118	10.930846	-0.046297166	0.031344393
1492	5.2597365	-0.23106002	1.7903436	1164.6431	17.994607	12.502881	0.023175146	-0.035192397
1493	1.7200887	0.42122924	2.6445701	1166.7574	11.466736	10.79937	0.14589118	0.18283109
1494	0.72932518	0.76853439	2.5919435	1280.1141	13.783565	12.092098	0.096588462	-0.089940756
1495	3.6845846	-0.40360489	2.5388099	1596.2414	31.726036	24.978074	-0.21249311	0.060468726
1496	4.6831185	0.26015747	2.5109962	1673.0801	11.875538	11.426666	0.12974721	0.0938816
1497	3.9839369	-0.2160666	0.55612349	2158.1697	43.981754	37.820037	-0.25896516	0.19338454
1498	4.3730244	-0.94008424	2.4523159	4836.673	61.988423	55.158418	0.65163983	0.0016152495
1499	3.9689394	-0.6086863	0.36269164	13419.659	99.402212	94.541334	0.084490637	0.065243745
1500	2.815543	0.73297407	0.51900634	3914.7335	54.458566	38.372189	0.077198596	-0.00028109852
1501	5.9723356	1.3147616	2.6114605	1770.4718	12.205096	11.239433	0.24093248	0.063767744
1502	4.9222797	-0.58412722	3.0294824	3989.5702	53.336922	50.477014	-0.00047438674	0.09603347
1503	3.7327564	0.59731856	0.60736451	2138.6394	43.345244	10.699716	0.073299975	0.1317576
1504	1.7433138	-0.4737675	1.1331499	1840.4698	36.430785	12.400419	0.069207298	0.37806166
1505	4.1386094	-0.064657974	2.3812182	505.51073	41.418151	36.692777	0.10804317	-0.31226632
1506	2.110974	-0.3606824	0.65702184	594.15205	32.745266	32.423525	0.072280686	0.57235161
1507	4.6213889	0.55833951	1.8399395	437.44325	9.0401884	2.1256292	0.0093931703	0.047872509
1508	2.695958	-0.085833791	2.2445144	437.46752	38.760337	12.018811	-0.10202598	-0.047364181
1509	4.5485228	0.52111534	2.96505	2302.6991	53.33735	40.366729	-0.035124877	0.4227151
1510	3.5966075	-0.36140977	0.72093344	3087.2962	60.893296	56.612957	0.36593691	0.00017270232
1511	2.2887677	-0.39961209	0.63076618	753.88534	9.149662	2.8728379	0.0066636762	0.13643072
1512	0.16289631	0.31610603	1.8222831	852.66832	40.465411	18.943746	0.089474629	0.036368734
1513	3.4999306	-0.58717061	2.4863021	428.64175	10.295238	2.0011911	-0.011333086	0.19092077
1514	5.7011717	-0.55687579	2.741299	4293.7233	50.227855	49.710658	-0.077548582	0.044323634
1515	2.9123763	1.3097805	3.0494231	1693.3237	11.085586	9.5359368	0.029302136	-0.0014803577
1516	2.0788976	-0.2318644	0.98781035	603.0776	31.228156	16.992257	0.073302468	0.012087729
1517	2.9128493	0.15843033	2.1638162	576.38938	44.348159	2.2507036	0.30106648	0.091077416
1518	3.9918656	-0.73431124	2.5808931	907.55516	25.595976	13.281753	-0.040741057	-0.15142163
1519	0.85859765	-0.52381123	1.1041921	3504.6262	54.243526	45.055836	-0.00047974036	0.040173001
1520	4.971347	0.07627745	2.225522	1355.0719	35.347055	35.332319	0.07516266	0.039734859
1521	0.86716887	-0.6312174	2.2616235	1874.6485	18.824457	16.251903	0.14845049	0.2788239
1522	6.0838141	-0.13404579	0.25475383	2385.3843	49.823554	20.383531	-0.12537048	-0.017799488
1523	0.21129742	-0.14180544	0.79411529	2418.804	72.076389	13.130997	-0.00086319631	0.086387832
1524	0.47907445	-1.080471	0.49185771	2212.8834	45.022697	35.991688	0.044173408	0.4212564
1525	5.5497327	-1.2589234	0.41686392	3287.6105	57.109986	54.145236	-0.10827828	-0.0032872238
1526	3.0347388	0.39602618	1.4341836	979.00839	34.93657	33.110765	0.020187193	0.53627831
1527	5.0678639	-0.03970244	0.22885922	3159.7058	18.546598	13.555613	0.22192112	0.006482452
1528	1.9507471	0.24957307	2.4503283	2310.4581	32.053629	30.501503	0.12483869	0.34409853
1529	5.2396829	-0.10017395	3.087472	8532.0666	75.901794	72.619754	0.12663699	-0.06107094
1530	1.3144636	-0.52410156	2.8945851	2004.2932	21.84329	13.617317	0.40300183	0.0035427473
1531	1.999405	-1.1511067	0.67521684	415.66155	2.1212523	1.3764714	0.039979852	0.14316136
1532	0.36096865	-0.76442467	2.9049657	6876.3313	73.623613	32.30174	-0.060598321	0.16056315
1533	4.7113417	-0.72208681	0.18257639	2278.011	12.77429	11.857413	0.085910284	0.13835508
1534	1.450573	0.30272779	2.5975659	395.04649	9.6464243	4.4822256	0.091462798	0.15063232
1535	5.0979256	0.68267848	0.50936063	435.77116	7.8480773	3.2526419	-0.13077752	0.078102138
1536	5.81752	0.88829227	0.42496996	704.98182	21.236407	10.437718	-0.010686143	0.098824314
1537	1.1750349	-0.11739555	1.9991964	2162.8724	49.726793	37.849603	0.28762501	0.033580872
1538	4.9914301	0.50666639	0.2167517	566.26332	14.601126	3.7251844	0.045274168	0.021853584
1539	3.894679	0.010611005	0.69588954	4905.1872	58.372703	34.969746	0.1510464	-0.0552813
1540	5.3209361	0.3329362	2.5266651	808.72307	42.921711	22.350093	0.38616477	0.039597487
1541	1.5714846	1.3227188	0.22935382	1374.3371	9.550545	9.2477163	-0.050784608	0.13247907
1542	1.6391883	-0.01158	2.3856433	1478.4916	11.383991	11.017725	-0.016125885	0.049798906
1543	1.7193038	-1.3021668	1.2150819	1667.8241	65.517161	46.037369	0.1079537	-0.3173809
1544	4.8361945	-0.41360205	2.4716285	1802.4467	41.940175	32.97872	0.22943338	-0.46285972
1545	1.1754651	-0.34141023	1.8664241	1333.2083	12.894332	4.8756591	0.01053444	-0.0074186355
1546	4.1110091	0.28205368	2.984701	296.45177	1.621658	1.3491626	0.012449628	0.021708874
1547	5.6968059	0.06119792	2.2742171	1565.5233	40.573278	33.646899	0.10430576	-0.0088106756
1548	3.2442824	0.62823449	2.384419	3574.695	47.800418	46.77258	0.06373125	0.076078308
1549	4.4252561	0.17400898	0.88702078	2256.4638	60.053742	46.011585	0.043230054	0.14008775
1550	3.6628555	-0.17794546	2.5140687	1606.7397	50.806202	42.35041	0.15077109	-0.00052577549
1551	1.7536209	-0.55475575	2.708473	2330.4205	49.063376	41.724027	-0.1969271	0.016302221
1552	5.5478996	0.12728149	2.8273421	4247.1217	51.854656	45.72191	0.30897848	0.0033733371
1553	4.6069029	-0.25667519	2.3516191	490.3115	10.354845	8.3893437	0.027679156	0.086800988
1554	5.8410253	0.54768044	0.95046965	1577.1654	41.449297	30.638905	0.20279225	0.13719203
1555	0.63752768	0.010836531	0.52724203	3905.2832	59.444874	49.506346	-0.1340101	-0.0072200971
1556	5.6990139	0.34288256	0.42816622	11155.761	90.357872	87.482634	0.19382294	-0.29625354
1557	2.8134336	-0.99764587	0.41307536	1817.0605	49.489718	41.754415	0.0050207053	-0.070509257
1558	3.8944568	-0.40809086	0.4457801	5090.1794	80.166024	48.924854	0.067556147	0.060375679
1559	2.5196514	-0.37247746	2.6370858	1942.3068	44.505113	10.085317	0.1637711	-0.093247826
1560	4.5308407	-0.82721229	0.37396833	1322.1413	10.506666	9.7830601	-0.041246946	0.13484156
1561	5.9404418	-1.1106083	0.21067544	4511.5386	41.229993	32.974233	0.0014005046	0.073499779
1562	6.2336257	-1.4305746	2.4800218	1289.8567	10.162965	6.6269426	-0.1273307	-0.0094533461
1563	5.5550721	-0.49126931	0.25550997	3477.5782	54.895791	43.393521	0.030463685	0.053700115
1564	5.9037537	0.95385345	2.2710096	2219.1592	42.113427	36.044517	0.00090298195	0.21178211
1565	5.0852679	-0.59431482	2.6486451	6772.8271	81.993154	70.381296	-0.040771304	0.21581431
1566	1.670462	-0.4497059	0.21499069	5205.4268	54.378855	44.788013	-0.14385061	-0.19111996
1567	3.7105077	-0.56502901	2.3693121	3436.4863	72.588064	57.58764	0.0069266376	0.16331196
1568	2.0872232	0.071357949	2.8794485	311.55915	1.2700074	1.2636855	-0.0073292536	0.11755403
1569	0.012519544	0.15179858	2.6229298	1940.7383	13.292989	12.125135	0.13499975	-0.036911754
1570	0.94745486	0.55132029	2.2291099	1038.1989	10.936408	10.507247	0.034423176	-0.012541291
1571	1.1213028	-0.87968434	2.7309938	394.2469	9.9786896	5.9814646	0.054445798	0.0024532899
1572	2.0433884	0.38205795	2.6147959	6220.2402	128.40798	69.256241	-0.090913862	0.063273746
1573	5.6936121	-0.88133607	1.6083904	462.20431	10.279727	7.9747897	-0.06660154	0.14187411
1574	2.5681962	0.037396782	2.313906	5442.1352	115.2418	72.994255	0.039713122	0.013057218
1575	3.4335383	1.3002958	0.85215799	3799.8295	59.184748	57.026978	0.37639056	-0.012245683
1576	2.1088076	1.0236516	0.65371023	5193.0009	33.342449	26.528852	-0.0029628471	0.015090676
1577	1.8154906	0.43331262	2.2315227	3018.656	57.676548	52.440066	0.10725569	0.00076414038
1578	5.8595264	-0.31521332	0.26992974	3256.0334	46.15137	39.520284	-0.021295428	0.18410474
1579	4.8005432	0.9157372	3.1069902	4940.6379	85.488441	63.750335	-0.021533827	0.12702436
1580	2.2146338	-0.55800499	1.2833021	2908.2119	71.006926	50.940132	-0.062639919	0.027569837
1581	0.044694184	0.61854899	2.2933271	2976.151	49.648366	43.881962	0.040802807	0.00065053278
1582	3.3173462	0.18580454	0.91561989	2283.0387	29.75723	10.383603	0.067289189	0.10031751
1583	4.8477126	0.035643512	2.2531791	1628.2452	11.663251	10.992458	-0.02663754	-0.09371496
1584	3.8930946	1.0587712	1.0709939	1089.1439	35.767934	27.003244	-0.12395889	0.029380061
1585	1.5972358	-0.0226192	2.2556267	2063.2495	41.756115	39.390925	-0.013197138	-0.23669773
1586	6.1495755	-1.1547325	2.0261023	515.36604	10.013289	9.8374977	-0.0017231745	0.045385142
1587	0.8618136	-0.18685317	0.76886298	3786.4471	56.195842	56.092347	0.32918945	0.05913284
1588	2.269867	-0.97365929	2.2614808	2245.4675	41.224332	37.905197	-0.049261287	-0.068352777
1589	5.8845097	1.1232085	1.9059116	438.1041	6.5671482	2.8124155	0.11487186	-0.10754071
1590	3.3903664	-0.52777188	2.4987637	1053.4506	42.981738	41.356524	0.050328816	-0.0012008403
1591	0.82927417	-0.96210475	1.1591013	738.38404	11.122171	10.612577	-0.029992832	0.21728914
1592	6.2036477	-1.5409257	1.1059406	1142.7029	47.422182	32.068022	0.038161334	-0.0018604531
1593	3.9801213	-0.99151438	2.1973362	232.7132	9.2828394	1.8123565	0.028076963	-0.038227253
1594	2.131356	-0.47229601	2.5101193	1258.1485	24.635353	23.904052	0.28232848	0.12249304
1595	2.118717	0.65747958	2.3444473	6103.576	118.38839	71.240465	-0.74947179	-0.14582688
1596	1.7494671	0.92857477	2.3275248	2586.0605	48.826129	28.029784	0.013100398	-0.035488386
1597	1.1663444	-0.17268877	0.17786558	1325.8632	36.405421	26.403706	0.0366464	-0.023382153
1598	1.762822	0.13524488	2.5429304	3282.0439	42.565541	34.334529	-0.0058528667	0.1056726
1599	4.0634851	0.060274065	0.33498833	5030.6917	87.785875	64.198818	0.12807993	0.32365662
1600	5.4114461	-1.0524192	0.39164774	1439.3433	21.964281	13.398815	-0.1112677	0.10482114
1601	3.13083	-0.019590453	0.6770777	1689.2529	30.639723	8.927014	-0.011586279	0.10308633
1602	2.2989982	-0.83926778	2.6846649	2458.463	37.094755	29.271942	0.68635038	0.12067735
1603	0.028958348	-1.0025063	1.0911156	840.90289	11.215005	11.131564	-0.15722553	-0.073005884
1604	0.30710396	-0.79716181	0.78270698	535.19476	28.058598	10.699363	-0.014387203	-0.072672661
1605	5.9984088	0.21721372	1.7879666	329.51547	2.2538346	2.0692361	-0.051771765	-0.099055524
1606	3.7150732	0.10753077	2.2673162	1227.0702	40.0945	40.00824	0.10344725	-0.085426055
1607	2.4425675	0.73663427	2.9843946	1357.8937	28.919779	26.109717	0.0021610258	-0.0043393945
1608	4.5779621	0.37249783	0.18402603	2453.0925	43.4755	26.680086	-0.0012034022	0.082059413
1609	4.9082745	-1.3324373	1.5164054	391.7034	9.3974827	9.0074304	0.042384015	0.031946825
1610	0.40081716	0.39684707	0.99575787	1099.7584	38.970019	33.308003	0.02131228	-0.092484823
1611	6.0483553	0.46803034	2.8553769	487.88946	11.356739	1.5691906	-0.080863667	0.0041566102
1612	1.3164101	-0.0644138	2.655085	589.18084	6.9475605	2.3028413	-0.010615364	0.092276393
1613	3.2128046	-0.4195874	2.7580439	1873.5149	41.667468	31.096909	0.17362135	-0.076754071
1614	5.8873758	0.76013408	1.1296629	190.29018	5.0006739	2.3992225	0.091458787	0.048238052
1615	0.64881806	0.78418061	2.5583712	1595.5686	9.6842193	9.4857667	-0.15247322	0.023178721
1616	4.073118	-0.3143991	0.66402761	1981.6697	34.231256	33.755691	-0.0021997081	0.27998366
1617	2.086634	-0.068639598	1.1710931	1812.2685	50.312982	49.924237	0.096229125	0.025345722
1618	3.7034661	-0.77408526	0.093934334	2642.8141	14.316437	11.26153	0.39660807	-0.01715711
1619	3.4362357	-0.65260432	2.3422527	544.72142	8.2284403	1.3297244	0.10819782	-0.0070734716
1620	0.39731516	0.32092738	1.353421	441.78327	10.963948	9.942426	-0.43340375	-0.080919407
1621	1.6428832	1.0394928	2.8073845	2085.35	41.768502	16.300627	-0.090962314	-0.12544196
1622	1.3005367	-0.7610012	2.8399659	12542.039	93.940017	90.22191	0.0029782064	0.074660311
1623	3.4253403	-0.77541581	2.3792424	1545.4975	11.637051	10.829815	0.041308134	0.41219328
1624	0.11159166	1.0737754	0.85038233	801.93751	35.133859	34.844406	-0.10103194	0.37715343
1625	1.885697	-0.63356833	2.8679616	12102.29	100.1808	53.533387	0.06421254	-0.012991309
1626	1.6109737	0.51026205	2.6731724	1725.5173	13.032646	12.044161	0.20395412	0.074977146
1627	5.3287125	0.030772016	2.0464061	1465.013	27.682549	12.928826	-0.01873986	0.15143301
1628	4.7559345	0.093280147	0.098542035	1219.6968	11.068418	10.32881	0.10066428	0.051402791
1629	0.14063192	-0.22116013	2.7836798	355.30622	2.1501268	1.5969995	0.0060552123	0.0089755
1630	6.2313178	0.15031146	2.6068741	722.60154	11.79036	10.531369	0.064655931	0.014660167
1631	5.4022342	-0.14864694	2.6441403	1852.0827	44.633052	44.082809	0.028437934	0.13074451
1632	2.9069661	-0.55737768	0.80371963	1838.4232	52.400415	35.351193	-0.11627903	0.0059297844
1633	6.0719671	0.95990034	1.6193403	117.87816	9.5624425	1.2090854	-0.073142017	-0.050765917
1634	5.9067891	0.81745227	0.21493333	1188.47	11.313948	9.1717646	-0.1241163	-0.14114404
1635	3.4728263	-0.2574684	1.2983372	2512.3884	45.24374	34.846762	-0.049124358	0.038189365
1636	5.5090996	-1.3828444	2.1645646	2626.6395	59.802035	48.828829	0.10039048	0.42163397
1637	3.1523261	0.33925665	1.9890369	301.27412	7.9561806	1.661486	0.0090032501	0.15007603
1638	0.9624958	0.051086644	1.8265326	1642.9908	36.087182	30.437008	0.013491011	-0.0093248557
1639	4.806943	0.6679784	1.5184889	1430.2787	26.012674	22.851102	0.0037618519	0.049680001
1640	0.67612308	0.10637042	2.3852451	1970.9793	57.760488	12.070907	0.2236774	0.10108227
1641	0.9161219	-0.47342143	1.3241471	1270.6177	79.867072	36.559965	-0.10125103	-0.18259864
1642	3.1698221	0.39351802	2.1183268	1251.6531	11.134963	10.140101	-0.004734497	0.46235779
1643	3.0301562	0.3993964	2.8488343	2128.5486	36.90843	11.506419	-0.048031763	0.011072615
1644	3.4525099	0.70856383	0.9971093	482.90569	20.96914	1.7968715	-0.39301558	0.01039355
1645	4.4980386	-0.58297895	0.52489205	1790.8355	12.211877	11.593671	0.003431723	0.11338247
1646	1.3083574	0.51432308	2.6913024	2276.5596	102.40684	49.702542	-0.017360025	-0.058935752
1647	1.3411298	0.19092511	1.9445994	452.3028	38.583296	31.191222	0.23947793	0.090470228
1648	2.6388072	-1.0060637	2.8254609	2375.3311	24.982511	21.968439	0.021848747	-0.00099100182
1649	0.34134811	1.034609	0.65457919	4517.756	52.336938	36.660033	0.15101654	-0.057024678
1650	1.5584599	-0.43429248	0.37291658	6110.0505	96.765821	52.556258	0.60497768	0.10252159
1651	3.1385063	0.65462499	0.84067553	1473.6581	31.1418	17.1942	0.006354037	-0.14877658
1652	1.2214842	-0.10583765	0.66612157	1439.6718	46.582066	19.772377	0.0060452521	0.073049724
1653	5.7510619	0.52648647	2.366101	1038.0721	45.279672	38.235939	0.12637082	0.088198248
1654	2.7888975	0.35398359	1.1922383	1796.3026	41.704464	36.722283	0.012066705	0.18241199
1655	1.0877311	-0.68028278	2.5677013	2454.5782	43.897574	37.198503	0.014454485	0.0012672685
1656	5.3437527	0.60272824	2.4519283	1944.2706	12.969344	12.548824	0.12720001	0.056542635
1657	1.1672786	1.249146	2.3586265	1126.7822	11.173868	9.9361545	0.022070702	1.340279e-05
1658	0.36235169	-0.20953004	0.25962688	2839.5806	35.944888	31.405078	0.094272569	-0.10678806
1659	4.414982	1.077937	0.41711854	5988.9138	71.869609	55.00121	0.029852732	0.22815149
1660	3.3117951	1.2390332	3.0120418	7321.572	105.11591	72.228734	-0.18610767	0.017612184
1661	4.352725	-0.20932182	2.475205	452.72952	35.424998	30.766741	0.045426791	0.052277363
1662	5.2273238	-0.051964297	2.4709017	2581.2817	33.729108	31.809037	0.094212805	0.018314072
1663	1.2443698	0.10124449	1.1155995	653.63204	8.9703016	8.6957312	0.2404574	0.21423907
1664	1.1175186	-1.1111254	2.4676614	1689.3108	18.421584	18.188559	-0.14695353	0.097921159
1665	1.4064912	-0.70876056	1.1918454	761.9947	11.223064	7.665669	0.35752306	-0.01369096
1666	4.5395402	-0.19260687	0.4677018	865.32135	10.948752	8.7729019	0.066798346	0.154244
1667	2.1716302	-0.34022488	3.0920399	1114.4102	12.731609	10.548884	0.01047635	0.083292041
1668	2.5886079	-0.24417613	1.6157393	580.20528	35.722084	34.563116	0.066492151	0.17388512
1669	1.5184641	-0.78880326	2.5105505	3679.5905	60.704898	58.398938	0.092536083	0.024476248
1670	5.9133838	-0.45058374	1.3085605	1409.8418	46.153235	36.928176	0.0040434184	0.0037390752
1671	3.7867256	-0.74320682	0.14280403	3461.2143	43.463314	43.423647	0.0056392477	0.0049457612
1672	0.97498726	-0.37136899	1.8878909	4013.829	67.586232	39.134182	-0.090354038	-0.067362816
1673	4.596815	-0.83958553	0.5443982	4834.9096	162.78884	89.326405	0.021433695	-0.028697632
1674	3.8925258	0.57274759	0.73167692	1230.7405	13.446136	10.22468	-0.33233184	-0.13566745
1675	0.16403785	-0.25889117	0.61223917	479.56472	3.9019965	3.419755	0.095734184	-0.0034167525
1676	5.9525613	0.24771933	0.86365764	2351.0559	49.341937	45.012117	0.019153591	-0.12786087
1677	2.7523293	-0.17287429	1.4139242	386.19529	9.3040331	1.9356892	0.058385595	0.1981048
1678	2.1123003	-1.1592589	2.3336036	1873.4954	55.551711	29.484583	0.15251844	-0.1122558
1679	2.3600956	-0.10212196	2.3242887	631.96588	32.752275	17.643188	0.00166664	0.11625792
1680	0.67172327	1.3131361	0.5239583	3432.8844	43.572422	11.932197	0.024186441	0.016119334
1681	1.397143	-0.65009778	2.7641794	2051.7138	44.475492	36.377971	0.076377921	-0.026468074
1682	3.5940285	0.79539683	1.6814787	427.82135	10.970967	9.7844313	0.46211454	0.0016722117
1683	3.3067192	-0.74279307	2.7847321	1035.9791	38.336073	9.5645249	-0.071543089	0.27381203
1684	0.15846574	0.77090118	0.50369978	3061.4864	14.760302	12.91132	-0.055473598	0.022306577
1685	4.1557386	-0.86617623	2.2876541	1286.6101	12.668801	12.34541	0.2408624	0.24918776
1686	4.2953951	-1.3334299	0.67857204	752.87286	11.576417	10.15167	0.00073188197	-0.2359752
1687	5.7848771	0.32373763	2.585375	779.44078	31.059437	26.498993	0.05004478	-0.014693367
1688	1.7730824	0.71722094	2.1741983	1144.2445	58.961969	5.9184496	0.058029887	0.32769814
1689	6.2375203	-0.025876974	1.6864491	1604.3175	47.331742	45.310884	0.2585396	0.17936332
1690	5.9164192	0.10673532	2.5024652	2417.5151	49.12597	43.938168	0.17316066	0.22417036
1691	2.6676622	-0.17504247	2.2484321	3142.1587	57.710669	56.730258	0.18552823	0.027496288
1692	5.396097	0.34358556	1.7816001	385.72624	37.493204	2.3908546	-0.0046001408	-0.031238015
1693	4.4413226	1.1198174	0.38018327	3181.0265	52.387573	14.264125	0.02799534	0.015063674
1694	3.9733508	0.7470468	2.8375454	591.03541	10.867026	2.2220191	0.046273815	0.13217096
1695	4.5846869	-0.39661775	1.3682388	1533.5395	41.99582	33.149433	-0.047428397	0.023001261
1696	4.1413497	-0.25296475	0.17961236	2498.4761	13.44769	13.357737	0.036756042	-0.010962283
1697	5.3986676	-0.37957607	2.8830283	384.01839	10.314718	6.4886486	-0.51241844	-0.0055905774
1698	2.1610401	-0.38798894	1.9859985	3114.7673	50.671759	44.013577	0.21915149	0.21869321
1699	2.0744122	0.20545949	1.8886615	668.61858	24.299878	10.387537	0.22842809	0.10926629
1700	0.077548815	-0.45927487	0.076843292	474.54445	9.5715109	1.617764	0.11328378	-0.0089738533
1701	2.7268133	0.69942794	2.3596605	3278.1656	26.508527	26.236903	-0.072677888	0.044884456
1702	6.0894067	-0.57253996	2.0929443	131.60676	1.6986504	1.4187449	0.29227992	0.0011365818
1703	5.5835629	0.57195858	0.95702347	2970.7331	59.424804	50.17157	0.21694943	0.17808441
1704	2.2587889	0.24794612	2.5542281	1429.8928	11.242833	10.305292	0.39253312	0.081904996
1705	0.40661362	-0.87493553	1.9647543	1712.8245	12.673304	10.843517	0.4973822	0.021834437
1706	5.618555	0.61664613	0.54588764	690.68153	9.965156	9.2032028	-0.02664748	-0.026176013
1707	4.2856066	0.72529632	2.3985237	2641.2301	36.635981	34.639474	0.10871824	0.034895102
1708	1.3275103	0.72778792	0.82336008	2401.5322	40.340188	26.677387	0.0070283868	-0.14847897
1709	1.9804101	1.0652082	1.8262741	635.91903	9.9801392	9.0934882	0.59310679	0.075489321
1710	3.7233885	0.25468607	0.77013788	2338.1835	46.133925	38.467161	-0.040769392	-0.021895147
1711	0.092374667	0.99141123	0.30552332	2253.6903	61.017461	50.825577	0.15522455	0.24724952
1712	3.4681249	0.44578668	0.25287456	5041.937	59.88648	58.095423	0.15840312	0.026225767
1713	4.4910326	-0.10182334	2.4254011	1587.148	35.983632	11.419797	-0.003668743	-0.064607503
1714	5.2875358	0.091639686	2.6791434	480.18284	8.8382671	2.0671818	-0.356209	0.019466394
1715	6.0667826	0.72618325	2.2524332	1824.8971	38.912037	28.86864	0.055188956	0.095557855
1716	5.9953196	1.1477781	1.8667036	255.933	10.636758	1.4869885	-0.030464452	0.16347344
1717	4.2531639	0.2000297	2.6512679	2836.0067	16.387008	12.242453	0.011903194	0.20321094
1718	4.7658221	0.90961017	0.86144146	268.03012	23.196644	21.728259	-0.062940489	0.058773412
1719	4.8128057	-1.0803473	2.6171926	1825.8868	11.683511	11.580612	-0.096527273	-0.014617099
1720	5.3581076	-0.19961658	1.5737431	673.12612	9.460533	8.7482026	0.43917453	0.27052028
1721	2.5221868	1.0558466	0.94665279	1229.1389	30.286368	26.662483	-0.00017217562	0.23023586
1722	3.2630706	0.53286011	2.0315102	122.64689	1.4427474	1.3824764	0.12996676	0.18719763
1723	1.5246348	-1.0522401	2.4498257	7171.1074	65.99301	62.14445	0.37259892	0.11449297
1724	0.033127896	0.31481872	2.0774494	3123.6969	77.199356	52.265225	0.039709346	0.099370271
1725	1.4518982	0.71454263	2.3525424	1373.2859	11.908323	10.554242	0.21620121	0.0016260696
1726	1.9464774	1.0299051	2.281631	4037.1306	63.104453	51.973309	0.30184288	0.006413687
1727	5.4984121	-0.76745712	2.171611	3603.1526	123.71433	118.76264	-0.00096593994	-0.51895255
1728	5.4949914	-1.3545255	2.4379886	4105.2948	58.720777	49.124261	0.0049092416	-0.082013729
1729	0.052436126	0.6909112	2.9016763	2793.459	48.117129	38.335444	-0.030412598	0.19748205
1730	4.6637064	-0.55449608	2.2050508	1643.6011	12.148842	11.192741	0.34673616	0.043109898
1731	2.833652	1.0097057	0.55097556	2550.9779	46.915359	46.056883	0.026450703	0.13001626
1732	6.1005144	-0.84514363	0.48313919	1598.2101	12.872275	11.617131	0.12038032	0.038466759
1733	6.1378655	-0.66689946	0.90147045	989.68128	11.428976	10.774799	0.081354055	0.054404782
1734	0.71523952	0.20186047	0.36665032	784.57149	10.648072	2.1978313	0.0095492089	0.048228684
1735	0.077544667	-0.97432482	2.8428726	3097.1525	33.48329	22.795412	-0.070042955	0.39026196
1736	1.0136817	-0.96864599	0.7615476	6256.1124	71.041519	38.567556	0.13976978	-0.020312855
1737	0.74450925	0.38363832	2.3178618	4167.2073	42.142553	29.875657	0.1742321	-0.067092039
1738	2.592041	-0.70911945	2.5475568	1560.5127	13.569651	12.698415	0.16148741	0.35070399
1739	1.7061291	0.16231165	0.8685675	567.02333	41.899613	40.182188	0.10945921	-0.021358178
1740	1.3637744	-0.39944072	0.29070263	703.85536	12.41202	10.077146	-0.0026689241	0.070171746
1741	3.1259537	-0.72964632	2.4426045	294.60245	9.5981954	1.6091972	0.020721484	0.27259616
1742	2.3879956	0.61326999	0.89160004	1210.482	12.47221	10.52074	0.028566843	0.035593041
1743	2.4435086	0.56302952	1.1362373	236.44649	8.4476346	1.9151268	-0.027155415	-0.040765457
1744	3.6890504	-0.11550531	2.4177786	1528.2001	12.336534	11.025921	0.0047703962	-0.056979756
1745	0.78592384	-0.42908268	2.574357	1195.3256	15.893466	15.00675	0.23731039	0.16999859
1746	2.9579533	0.35194236	2.0654778	1458.6974	42.07567	41.936738	0.2020705	-0.0025552954
1747	3.6245977	0.90728988	2.4835798	434.48101	1.7994132	1.7855074	-0.011826788	0.085107183
1748	4.5754328	-0.0031597928	1.8469245	486.69924	6.5160887	2.3853424	-0.025451889	0.14151191
1749	1.8325832	1.1408107	1.5128762	463.97766	9.9162131	9.716382	0.010546775	0.088064776
1750	5.6668552	-0.090546085	2.4039732	622.43373	10.337962	2.3635826	0.47879432	-0.0042267595
1751	1.3776303	-0.30762208	2.3712017	1853.5024	29.3848	22.716764	-0.27987554	0.11813019
1752	4.6285239	0.26485551	2.6523305	3425.5306	50.012548	40.678225	0.030758808	0.0071091258
1753	0.44746354	0.18298432	1.2561405	1162.135	38.210372	34.898365	0.053599543	0.0016451542
1754	1.3123001	1.1222333	0.64388916	1228.6577	12.117899	11.011519	0.21713867	-0.02614476
1755	1.1661584	-1.0419099	2.4539218	2740.25	32.579805	13.438744	0.14078233	-0.037147811
1756	5.2354195	0.46493305	2.1106444	1403.984	25.835445	24.551578	0.016133249	0.19015711
1757	3.1494119	-0.82152585	2.7680128	1339.4335	11.865292	11.260418	-0.013738909	0.037089429
1758	3.2274013	1.2148689	2.0351714	2875.0447	130.46327	77.149922	0.07293951	0.22889589
1759	0.11167902	0.64656025	0.93543435	1316.4132	32.280228	28.976108	-0.28137402	0.099722541
1760	6.1865339	-0.13236599	2.4679693	3726.4788	63.432154	60.594866	0.19146941	0.076749033
1761	4.9396432	0.0045816504	0.57419283	10347.919	177.09755	80.437872	0.030947154	0.10136422
1762	0.068708369	-0.3902682	0.3394154	5784.3961	106.04513	75.721213	0.015753961	0.050619274
1763	6.090656	-1.2120679	2.4220768	4178.8447	51.248725	45.877077	-0.017154881	-0.66226131
1764	0.80982434	0.12011835	0.49566862	423.48516	10.32098	9.0671171	0.31438851	0.129052
1765	3.7145596	-0.72934503	0.82297867	3337.2265	53.07244	44.11039	-0.021340156	0.18336747
1766	1.3644877	0.60053895	2.7293315	2262.3808	50.650289	12.379686	-0.01231723	-0.12137076
1767	6.0993134	-0.67771531	0.41012753	2518.4077	15.385503	11.907262	-0.48526535	-0.094244673
1768	0.12815297	0.13468747	1.7705459	745.11146	39.297572	27.867268	0.46633072	0.38317795
1769	2.9435171	-0.44717413	2.781547	1122.6554	9.3010248	9.0144028	-0.091130147	0.26554063
1770	2.435001	0.061535911	0.31674158	961.4603	10.853038	3.4471564	0.028734508	-0.010717318
1771	4.1621538	0.59041995	0.56475627	580.9894	10.343772	9.7775872	0.002059926	0.082295891
1772	4.6558113	-1.2092029	1.0179439	306.21386	1.6967491	1.5396053	-0.20875039	0.26978311
1773	3.426342	0.87534271	2.5019793	6193.2152	75.151859	64.781207	-0.069076367	0.0037674216
1774	2.5034839	-1.5076584	2.5615107	3005.2243	55.084197	45.920222	0.053894252	0.011548547
1775	3.2777717	0.47732369	1.8783347	293.73315	14.118277	9.4028045	-0.021597203	-0.0054934733
1776	1.8818418	-0.49298545	2.1977247	4152.8097	48.994591	48.625397	0.013009043	-0.13016158
1777	1.0679859	-0.95319689	2.6548691	1046.4647	26.293542	11.219561	0.29662628	0.033226917
1778	0.82789795	-0.091254891	2.4164095	1938.0795	30.557625	23.01493	0.0242017	0.034146129
1779	5.4929156	1.3294703	0.36069104	3124.6517	37.264039	31.310098	-0.14952276	-0.0076926292
1780	2.6940123	-0.29516627	2.1491927	1708.266	35.703698	26.716606	-0.070814565	0.27782932
1781	5.4868468	-0.42776283	2.9022198	365.43516	1.7995124	1.3819708	-0.015276427	-0.11823176
1782	1.9137789	0.19849822	2.5168606	6072.7237	98.394176	71.264428	0.021057918	0.027520706
1783	4.7462542	-1.0161692	2.606383	1671.3342	51.872467	47.866889	0.25807843	0.14516304
1784	6.1161199	0.25967526	0.4539339	190.69888	1.2354609	1.1462046	0.1210889	-0.1691728
1785	1.8290433	0.57080337	0.25759988	1188.1487	11.044776	10.43368	0.11853136	0.0010274162
1786	5.736044	-0.45140283	3.0093834	2694.1347	31.00841	29.649023	-0.0083590386	0.0080934239
1787	5.8031395	-0.083152491	2.8699693	1825.6358	12.243038	11.984714	-0.0180383	0.12716289
1788	5.9224113	-0.27718723	2.5708186	2309.2802	58.031443	50.279549	0.0050849416	0.14865993
1789	3.2719223	-0.41298837	0.45914908	1019.9019	10.925358	9.775588	-0.007769136	-0.052116246
1790	5.1787055	0.14476262	0.31684174	4352.9372	60.89724	55.373405	0.13869405	0.10891421
1791	4.63031	0.089359265	0.30025359	1033.4867	41.992218	32.701364	-0.0066751152	0.45486217
1792	6.2123405	0.25875325	0.34896887	2861.4069	17.321966	14.180657	0.087748926	-0.015203248
1793	5.4393053	-1.0628158	2.3558477	6835.6185	78.009961	67.95584	-0.17993827	0.059884263
1794	4.8315971	0.37076052	0.48345173	55.616213	1.191049	1.1535691	-0.21274474	0.076141347
1795	0.5517389	-0.31945383	2.3674391	919.53454	11.137932	10.012927	0.1304629	0.04042141
1796	6.1650848	1.0931668	2.2598338	1709.2391	40.363833	33.926129	-0.041526639	0.0094479668
1797	1.2176255	0.47774108	2.4158976	607.5985	39.783149	29.429172	0.01200516	-0.026186844
1798	4.5964576	-0.61003587	0.34240587	6036.9385	61.433473	40.903059	-0.029938065	0.42924307
1799	6.0879232	-0.36286909	1.1164283	1950.6737	35.291623	28.623471	-0.29858915	-0.18499375
1800	1.6093593	-0.44245072	1.3480696	365.42063	15.956646	2.7967428	-0.079667375	0.23415195
1801	1.4887648	-0.50882363	2.3838869	2051.6817	15.197863	9.5350714	-0.29067566	0.11832695
1802	0.26480618	0.74882639	0.50257012	1605.1437	70.789008	35.907165	0.049159414	0.24260716
1803	1.7070639	0.55681703	2.817844	8502.9028	72.293945	69.607768	0.0013988514	0.18341635
1804	3.5092909	0.083273473	1.3474946	1171.3647	106.23986	48.005737	-0.096750504	-0.061886574
1805	1.1612846	-0.91291068	0.86152097	4115.076	45.536783	45.244457	-0.12908287	0.021233317
1806	2.9237781	0.61532042	0.78191493	675.3554	10.347889	8.8512494	-0.0028232196	0.052906707
1807	5.15223	-0.2033636	2.3257094	1671.9055	28.596101	24.694762	-0.27336737	-0.26877922
1808	0.747174	-0.10300137	1.9495558	557.12618	9.9444461	9.4957515	0.044688149	0.39733873
1809	3.8085556	0.52344601	0.78067081	662.41444	8.0486019	7.4067957	-0.18928323	0.092145925
1810	4.9603559	0.98286679	0.63277792	9873.2717	81.918212	63.704777	-0.16315601	0.073275788
1811	1.8586439	-0.21325257	1.2227738	2745.3413	39.635281	28.885725	0.026604852	-0.042603071
1812	4.5077445	-0.029995094	0.59027095	8811.4553	65.167737	62.491412	0.036098727	0.063119987
1813	0.53015851	0.20821811	0.83971269	178.86756	7.8171017	1.3623584	-0.19160052	-0.085481163
1814	4.6911298	0.80984639	2.5632211	1382.9095	41.373431	41.33291	0.17326129	0.022858759
1815	4.484752	0.61484662	0.54620838	2155.6678	21.122331	8.9317565	0.13477967	0.10236949
1816	1.6565758	1.1988004	2.4672396	710.27686	7.723258	5.0802318	0.22734973	0.084101138
1817	3.4769404	-1.2232998	2.5408045	1456.5725	26.103468	5.2484131	0.018512009	-0.13080551
1818	5.2651462	-0.64892655	0.61483982	1964.0166	40.12775	30.903137	-0.048581799	0.23662904
1819	0.1626807	-0.84881566	2.3155785	1085.7599	15.279248	8.2759661	0.0071638192	0.076921598
1820	3.8232906	0.44561906	2.7945513	2271.218	13.802731	11.799872	0.009593334	-0.26131633
1821	3.6483261	0.95491279	2.3812323	1060.0814	11.055122	10.687774	-0.0031298762	-0.10236858
1822	6.1435768	-0.27118234	0.77567458	2033.4768	13.206989	12.510556	0.019525172	-0.046390251
1823	3.5329258	-0.85538163	1.9916691	127.69128	1.6288863	1.3276271	-0.12508783	0.16715364
1824	0.4998783	-0.097749992	2.0049797	2014.5749	45.082106	40.581796	-0.13343367	-0.017274403
1825	6.0338849	-0.35258575	2.802187	699.9989	10.982429	1.7055832	-0.18225251	0.029958138
1826	2.2692954	-0.70023374	0.84947873	769.0106	10.557978	3.0321482	0.21858112	0.031200719
1827	3.4732477	1.2902223	1.8070199	247.20086	10.23408	8.6310723	-0.13447654	0.01834687
1828	4.1092716	1.0375759	0.59049784	2213.7626	31.268866	30.370932	-0.023325003	-0.23139426
1829	2.0248144	-0.074526657	0.29510512	1266.4758	10.21704	8.4348219	0.24346273	-0.12869306
1830	3.0744242	-0.50291119	0.9576373	2201.9452	68.386731	31.071095	0.060374297	-0.041048
1831	5.2291771	0.11546585	0.27566648	5625.4859	48.332707	38.941726	-0.14197517	0.083412488
1832	4.7230291	0.82785624	1.5318395	254.72037	18.430474	3.6255383	0.17598936	-0.0062039764
1833	4.9047572	1.2244642	0.36481128	1055.8941	11.769863	8.36255	0.006969933	0.084199654
1834	1.1824079	-0.40948111	1.1265828	3472.7532	64.115454	57.84517	0.051736042	0.095635385
1835	0.43387185	-1.2906111	0.86712833	2439.1951	41.488929	41.390527	0.12997861	0.013846247
1836	4.2766937	-0.6520129	2.2989661	1470.2622	35.676133	35.168775	-0.049445512	-0.088474191
1837	5.6884539	-0.20483083	0.94542198	1276.5535	35.368191	31.529861	-0.10583854	0.22701565
1838	5.5544474	0.89584215	2.1621954	2518.221	48.166311	47.464577	-0.16011926	-0.10191358
1839	1.5714643	-0.53239519	0.47154511	2141.7591	12.982357	11.328282	-0.12794201	-0.16634676
1840	2.2597025	-0.44226242	1.9317498	258.01252	28.497621	15.453732	-0.12587926	-0.030571052
1841	2.7742716	0.73657976	2.9470969	2407.6502	42.508901	40.432972	0.010211871	0.02103124
1842	4.9566209	-0.031296897	2.5299302	2610.3667	47.126443	25.822582	0.019673597	0.14612527
1843	3.7851281	-0.98436024	0.41366292	1175.2754	12.697646	11.107424	0.010438811	0.061044523
1844	2.3485519	-0.61884512	2.7801618	1186.9052	12.738315	12.034044	0.10820092	0.064982345
1845	2.5652763	1.0958181	1.5200276	1443.075	38.765337	37.915054	0.13666278	0.30330896
1846	5.259609	0.84438703	0.52681903	265.91628	1.4443987	1.3336431	-0.0019150564	0.1064931
1847	3.7198671	-0.019783232	0.7554301	356.20619	1.8091113	1.7541142	0.021867994	0.11318469
1848	1.3912508	0.21697208	1.3537156	629.12827	16.816866	3.0596604	-0.10828545	0.1890998
1849	1.1657181	1.0203703	0.63512676	1790.0047	29.299963	19.168435	0.036516434	0.0060319225
1850	4.855796	-0.8999284	0.60404612	2416.2803	45.163503	43.77568	-0.016907623	0.0012866602
1851	5.7393157	0.16448662	2.6793364	203.89328	9.3072126	2.0865134	0.30942839	-0.022686135
1852	0.24658924	-0.31135063	0.51017799	5932.1684	137.79886	132.56482	-0.066781621	0.22746772
1853	2.0743979	0.79180399	0.86985775	362.47243	33.149167	24.652257	-0.00091681296	0.040734637
1854	2.0940066	-0.10035688	2.847795	514.28722	32.614277	1.6691075	0.12662569	0.06842032
1855	3.8014832	0.54275183	2.224843	1963.0496	50.151726	24.989261	-0.00069517465	0.09599747
1856	3.0890586	0.033893113	0.25518108	2423.5136	30.389301	28.665925	0.40659393	0.040853541
1857	1.1766675	-0.88652163	2.3922629	922.83921	26.795065	12.626535	0.23052317	-0.053720496
1858	4.7235986	-0.26372171	0.28416813	2398.1271	13.62592	13.224206	0.24487619	0.18572516
1859	5.1351704	0.036381865	0.50239838	917.96141	12.157853	10.411636	0.067181847	0.053919745
1860	5.140268	-0.42019075	2.5171237	407.13506	1.8064182	1.4870791	0.027977574	0.055434342
1861	5.8170598	0.10377073	0.78475765	1522.7897	12.676924	9.7693451	-0.10160891	0.1573171
1862	4.7106494	0.038163444	0.61151649	1084.7975	12.25609	10.812274	-0.16515972	0.11773443
1863	2.1043396	0.39561321	2.50917	1715.3631	10.905444	9.5347771	0.030612559	0.048036899
1864	6.0636713	-0.70811941	0.15407743	157.3201	2.2396989	1.6160264	0.10148909	-0.09391563
1865	4.0501979	0.63152129	2.6133313	781.78533	9.7922279	9.1433301	0.079740283	-0.43558867
1866	6.2309669	0.668783	1.1196922	1034.5484	19.003547	10.240192	0.0974085	0.022663739
1867	0.67485912	-0.015992285	0.13322601	4372.5404	60.53804	52.917193	-0.014640395	0.3586166
1868	6.1039854	0.37229371	0.75275562	295.19151	9.1035618	1.9181024	0.044009198	-0.05673682
1869	4.5819882	0.53843197	0.19405926	348.6511	9.7303469	9.0508902	-0.0024387122	-0.052059946
1870	5.5226854	0.33556352	2.9500944	3830.4663	60.915242	53.965455	0.10804317	-0.31226632
1871	1.010706	0.46286356	2.0316803	725.64733	9.2242632	9.0278814	-0.040832611	0.36574994
1872	4.0767119	0.67685181	2.3653671	5342.4555	77.489671	75.238159	-0.25394885	0.04606072
1873	5.4092726	-0.8270873	2.0004622	531.55073	12.177125	3.1525421	0.0058880706	-0.012197757
1874	4.8953678	0.29239959	2.5687888	1760.436	12.06777	11.260019	-0.064024556	-0.000641255
1875	5.4495055	-0.94222304	2.3279964	614.43573	43.271067	1.4829589	0.014550244	0.0030341299
1876	0.52979324	1.1082178	0.79883256	2489.4209	41.830746	38.751004	0.088963521	0.1660307
1877	2.5116227	0.72146105	0.66283094	10511.581	195.54364	84.331869	0.021506714	0.16639495
1878	3.6917481	-0.22861968	1.9521216	1813.8172	41.685483	34.211977	0.069165886	0.3188648
1879	5.713036	0.99363239	2.6737409	1179.2579	12.254769	10.292632	0.4102972	0.0041706155
1880	3.7268995	-0.87632628	1.7433913	1637.2992	88.512669	86.800821	0.25556585	0.26187269
1881	0.52780063	-0.81544975	0.6593383	780.74532	9.2943256	4.5963105	0.11105085	0.26545556
1882	1.6480742	0.48421971	2.6772079	4597.6548	58.632859	50.950852	-0.17379508	0.039294206
1883	5.3041788	0.55205239	2.1567238	1013.4351	44.920468	39.153123	0.44487538	0.10285696
1884	4.4875069	-0.48568382	2.9421173	1700.7871	12.459986	12.406434	0.10255494	0.025972495
1885	2.1903339	0.38458419	0.79277249	3359.7511	99.079571	84.534894	-0.11255419	-0.061969027
1886	0.25219339	0.38111167	0.67783788	1075.4608	12.52346	10.348507	-0.054552827	-0.081034343
1887	5.4501094	-0.1761201	0.53622608	1419.0473	44.997717	37.336545	0.03645374	0.051829233
1888	4.8161411	0.56089871	2.523645	3699.5032	63.421911	45.394976	0.093345288	0.031164225
1889	4.5447797	0.39434123	0.59763196	9781.1041	172.4075	162.89722	0.089775146	0.07629148
1890	2.7943257	-0.8872537	1.1111339	1481.7536	16.931151	11.006639	0.053458376	0.082499903
1891	4.7299526	-0.38602708	2.7522744	1597.6696	37.160467	33.974121	0.0045269017	0.055144897
1892	5.0695722	-0.8222666	0.51017537	1931.8017	14.305766	12.203492	0.18660305	0.047452086
1893	0.86131293	1.4359824	2.4700169	1953.7788	34.386157	13.32799	-0.047312338	-0.0032422079
1894	0.84669973	-0.40337177	0.59575305	1274.9814	25.903385	11.122049	0.19527137	0.17037113
1895	3.6694544	0.89831325	0.38504698	2091.3003	15.287282	13.489166	-0.012890644	0.21833909
1896	5.596462	1.0625525	2.5042049	7236.1712	76.607209	42.658823	0.18662145	0.14513844
1897	1.521299	-0.3419864	2.1941861	316.47974	10.676373	8.78195	0.060772017	-0.1087254
1898	4.1266457	-0.34672477	0.12397511	1195.857	17.228183	11.310508	0.047534405	0.13145035
1899	2.2287019	0.029920134	2.6975248	2164.9211	56.155367	47.578473	-0.25041087	-0.24082396
1900	3.3801739	0.27641867	2.3107786	352.31218	8.6037013	4.1178623	0.2654813	0.00038328954
1901	2.5804445	0.031340715	2.8299704	803.24599	9.8954629	9.7163024	0.15263929	0.15006283
1902	3.4557293	0.18624537	2.3019033	3171.0855	50.354646	41.111066	0.24356452	-0.20971914
1903	2.3956942	1.2112369	0.30654475	74.528152	3.9201614	1.3264033	0.11225917	-0.011151885
1904	5.9139896	-0.7803485	2.9746603	1317.0002	11.248312	9.9840699	0.01474766	0.38219614
1905	5.2391451	-1.3762359	0.52012663	495.2099	11.567945	2.2733651	0.010758145	0.009095723
1906	0.082541707	-0.75667565	2.8474283	730.29459	2.9319724	2.370177	-0.15280975	0.0071660291
1907	3.666094	-0.38274828	2.6400756	1488.4002	40.952955	28.785034	0.30592075	-0.070457872
1908	3.1231156	0.13679078	2.4200826	4968.1583	62.804478	49.03243	0.020513172	0.36631555
1909	1.4078602	-0.7260176	0.70256493	3145.6914	85.108802	54.327728	-0.013670908	0.061926497
1910	0.11916494	-0.83046179	2.6241541	1494.1006	11.793245	11.172304	0.00047383547	-0.0094173279
1911	5.4572592	-0.81687965	3.034313	5955.1842	64.437002	62.449904	0.62279159	-0.15759118
1912	5.5262749	0.29359639	0.56983896	464.13017	2.2025696	1.6858376	0.022677666	0.19535804
1913	1.4831129	-0.22411003	2.2978378	1592.9263	40.375959	12.508385	-0.098202988	0.024460962
1914	1.142874	0.72553405	0.58909323	6297.7898	55.409073	47.775032	0.021578586	0.085332594
1915	4.7326069	0.39461301	2.8951842	2362.8502	76.686465	42.83664	0.032749044	0.036391983
1916	2.6752352	-0.72785488	1.3889838	1234.8514	36.100014	26.424064	0.1456798	-0.098416796
1917	2.2088224	-1.0459584	0.89462475	2299.2854	140.39919	66.507442	0.2309623	-0.014233604
1918	4.4349513	0.27891327	0.56748506	7376.8516	72.147926	59.232469	0.12371374	-0.10516863
1919	3.7014265	0.3997964	2.1989367	1390.9668	10.389992	10.304363	-0.0085203402	0.23258174
1920	5.7155481	-0.46722655	2.4070173	2355.4626	47.054123	19.076739	-0.0094553832	0.0028352055
1921	4.2604994	-1.397823	1.7807312	487.53918	27.16249	9.4773934	0.0014218451	0.35506316
1922	1.6182263	0.08335479	1.1205122	1630.8088	39.099009	27.86796	-0.71393922	-0.054173071
1923	0.38040081	-0.89353286	2.4545684	283.72206	1.5554265	1.1355831	0.0011148487	0.018473958
1924	2.8317327	0.30434145	2.4591375	4834.9103	75.390871	49.203962	0.15595987	-0.0063670775
1925	3.5525899	-0.38981753	2.5334156	390.05442	17.836416	11.164174	0.050833427	-0.010833006
1926	1.7224036	0.6745089	1.1150657	594.56852	10.032503	8.8664706	0.085944257	0.10362951
1927	3.0981112	0.95509801	2.2014062	785.00551	10.795353	9.2111201	-0.089967375	0.10653688
1928	4.1161054	0.50573201	0.67058323	3320.8917	38.464636	20.962849	0.11429802	0.22055954
1929	2.6488269	-1.2647167	0.75334949	3228.2683	51.750106	34.581074	0.0088347665	0.0031938187
1930	3.5664764	0.14178087	2.1548031	1356.3586	47.790995	29.957445	0.12832179	-0.0027178144
1931	4.5465067	0.50315662	1.1363331	554.8793	12.245941	10.909798	-0.0016990334	0.022032604
1932	2.4492133	-0.74253561	2.8678688	207.91276	1.7497217	1.5053629	-0.073924707	0.037828913
1933	5.4150573	-0.36413244	2.9460239	1714.8458	42.18765	26.908136	-0.17107576	0.037208338
1934	2.9631664	0.14571596	0.47562597	2785.9042	14.900351	13.270056	-0.0060518425	-0.044463069
1935	0.56478314	-0.48163461	1.5671049	821.88154	40.961601	37.206054	-0.00029224667	-0.00022404128
1936	2.1403025	0.20065498	2.0563704	988.24696	42.638982	34.557729	0.040560803	-0.42849813
1937	2.3118228	0.27958155	1.6100898	546.63762	11.6508	9.6959761	-0.070977809	0.26498789
1938	5.8791251	0.30970193	2.6632864	497.23571	9.8877218	9.8433565	0.075375952	-0.027016041
1939	2.0875639	-1.2068765	2.5633063	756.45386	36.408635	31.603027	-0.12358851	-0.036432475
1940	4.3972194	-0.062594247	0.78713746	2450.2117	50.672375	48.529339	-0.16324161	0.0094774352
1941	1.4495139	0.19647125	2.1242276	3021.3518	49.672801	46.754592	-0.073722227	-0.017789983
1942	4.575887	-1.1157076	2.5050365	3901.4394	43.684294	36.510682	0.016328934	-0.15896325
1943	4.5787833	-1.3289459	2.722572	7553.6201	79.083906	73.619414	0.11103464	0.057747262
1944	4.4783086	-0.89578952	0.1873322	2853.6824	43.741141	16.004116	-0.045215754	-0.0094550349
1945	4.5152578	-0.37778456	0.14519821	384.96737	1.9003374	1.5357327	0.11588638	0.0080951297
1946	1.2153066	0.015773789	2.3109816	3235.3048	45.889413	41.74813	0.048790442	0.060484942
1947	5.5258527	-0.4841704	2.8461469	8450.2154	67.793007	65.19167	-0.0051173741	4.9824683e-05
1948	3.2279419	1.1367873	0.21624448	6615.0812	94.485346	74.010717	0.067666137	-0.032951473
1949	0.64503844	-1.1505807	0.62452112	2851.6456	52.119887	51.088526	0.04950036	0.19738825
1950	5.9629197	-0.52097631	1.9499657	1721.651	34.422707	30.919519	-0.0055983976	0.019191758
1951	6.0790757	0.62607443	2.5821967	7217.8628	63.29601	56.277775	-0.016924095	0.30667355
1952	1.6316597	1.05326	2.3765787	1675.3525	24.80652	22.054914	0.19496605	-0.0098483152
1953	0.32918324	-0.28056445	0.25388154	2985.1561	45.975844	39.194613	0.0078491382	0.22235393
1954	2.6965606	1.0024395	2.428581	2405.5826	40.668783	36.749132	-0.081129934	0.050161585
1955	3.8077927	0.25417457	0.54984129	1732.9593	24.399161	10.747361	0.11643783	0.091943087
1956	4.5847667	-0.3348203	0.54151236	1952.2526	47.846173	31.228973	0.3464008	-0.10806388
1957	5.8110299	-0.31340521	0.55011565	2179.9498	12.595402	11.715882	-0.0024387122	-0.052059946
1958	4.0498041	0.16835522	1.9252424	111.40092	4.4604968	1.2153459	-0.01230959	-0.1015719
1959	0.29674166	0.65692846	1.0195511	4468.7727	81.902952	70.637819	0.054305068	-0.16451091
1960	2.1008146	-1.0380926	2.1551049	1006.7799	10.442535	9.4349408	-0.033192888	-0.093535576
1961	1.2357353	-0.51542665	0.91508461	2271.8114	50.101904	25.797936	0.0096704904	0.1695258
1962	3.3659356	-0.51532543	2.9140695	1012.1369	15.934718	9.2380665	-0.064559562	0.02887953
1963	3.9185433	-0.12107361	2.2647242	1876.7428	46.859577	44.603573	0.06213141	0.22884166
1964	4.6369339	-0.68720388	2.3804259	674.54438	10.10395	9.1168428	0.4003785	0.0073028243
1965	3.9611006	0.1600974	2.0549624	1640.3189	48.776076	45.40274	0.0031121452	0.0037447519
1966	5.4691172	-0.47438397	0.40303808	3482.2602	59.937202	54.018	0.288782	0.0082542318
1967	1.9237217	0.73048462	0.93751474	4705.3327	67.508162	63.207142	0.12505882	0.0066523034
1968	3.9903546	0.46349202	2.1108498	1350.4033	49.068972	47.285911	-0.17460032	0.0002387583
1969	5.4288911	0.15381116	2.4390765	3268.3481	57.627995	41.879694	0.11267218	0.016922063
1970	2.9164511	0.86012758	2.7699642	3079.8453	41.975694	36.496222	-0.23095674	0.039885507
1971	4.5400592	0.9798869	2.3504623	1292.3189	10.691644	9.9966986	0.079067459	0.063636115
1972	5.9647016	0.79362054	2.809341	2097.1438	14.657553	12.947105	-0.055106241	0.26912534
1973	0.10981579	-0.53539419	2.8279495	88.494144	1.835176	1.4443346	0.17584784	0.14120762
1974	2.0888535	1.1889262	0.57636617	2035.8046	16.661458	10.959748	0.044914703	0.044089363
1975	1.8657191	-0.77191166	1.6985597	560.42675	12.605657	4.7604838	-0.059152314	-0.20866077
1976	4.3442004	0.65289296	2.5747936	2707.6007	13.629285	13.208654	0.29095276	-0.053643787
1977	2.2751609	-0.69264583	1.520528	1253.8664	47.255216	24.281584	-0.00084614616	-0.023532391
1978	1.0351946	-0.52505448	2.5940963	227.89941	11.602945	1.6499392	0.027430717	-0.19768595
1979	3.7212217	-0.71304373	0.7524858	3294.5051	53.136038	46.001181	0.032847121	0.048309465
1980	1.4742155	0.43300269	2.2268883	1423.6849	11.578467	9.6230118	0.023264996	0.01927511
1981	6.0880154	0.33161791	1.5328944	875.01197	10.491956	9.3363164	0.0033829327	-0.005193859
1982	5.640623	0.24502272	0.76597552	2523.8531	49.50278	44.665804	-0.021028855	0.065102301
1983	5.8465704	-0.21927893	2.7309979	4256.7419	37.012877	34.11487	0.23795824	0.066323884
1984	1.5034768	-0.78437683	0.39961425	7007.8529	104.23381	93.587292	0.30123705	0.039698328
1985	5.482349	-0.82936866	0.19628492	1097.1608	11.569802	9.6141214	0.074281465	-0.013923747
1986	1.0334248	-0.19423854	0.18115168	382.72057	27.033955	2.2320046	0.001667039	0.0086314221
1987	5.6272552	0.7544282	0.78016981	1934.7038	77.28808	10.715521	-0.0016254545	0.17432463
1988	4.4334054	-0.41157917	2.558718	2463.0405	57.037374	46.702149	-0.065588928	-0.0057320295
1989	1.7216019	-1.0887058	1.1778074	201.78238	8.5492127	8.3018383	0.088304473	0.29293259
1990	5.7574679	-0.47554227	0.29174071	851.62206	11.463677	2.6212339	0.064810324	0.013391235
1991	3.1639111	0.045305643	0.92605912	1113.5191	37.498387	10.739969	0.053425648	-0.0026921347
1992	2.642325	0.94468764	1.9260215	2865.1963	114.4162	58.548667	0.0063656925	0.10729363
1993	1.9452875	0.79773721	0.92811706	519.22019	9.457517	2.7587164	-0.012131809	0.11354204
1994	0.52886956	-1.0294383	2.8743569	1439.5242	40.837307	32.09215	0.0029535279	0.048197666
1995	4.0132924	0.079441928	2.7523108	5150.5858	50.240376	38.55478	0.067852798	0.054646208
1996	5.4162411	0.30065943	2.5410133	2157.4044	13.464125	11.79531	-0.010828501	-0.0053472294
1997	1.4187902	0.86399657	2.6952824	2356.5908	69.151284	54.26014	-3.1446563e-05	-0.15559971
1998	5.6069122	0.75869254	2.1377373	4086.2308	56.093113	54.569784	0.097875511	0.22873712
1999	2.3464219	0.19515941	2.6540725	748.58124	6.2630406	1.4167383	-0.087208082	-0.1340577
2000	3.3929633	-1.2949641	2.5524914	1259.909	13.221808	12.859064	0.050295852	0.11444354
2001	1.8461318	-0.55641744	0.55407691	701.53224	42.01606	41.847787	0.024820028	0.04538964
2002	2.6756441	0.87318728	0.58397908	2111.6074	36.506137	30.625028	0.082922487	0.022554286
2003	2.139852	-0.058709396	2.6348539	4013.8821	55.16184	52.178676	-0.31705543	0.25030227
2004	1.3966112	-0.41424949	1.1424261	2962.7782	45.44028	20.870314	0.36868114	0.33628924
2005	5.1345303	0.28801032	2.844414	256.22902	16.965217	7.9790479	0.027052014	0.17883476
2006	2.9861568	0.72389537	2.6625038	2217.0494	28.258918	27.716917	0.030949203	0.3390285
2007	4.1714014	0.16685018	2.8206226	565.73555	8.113402	2.9766042	0.05773837	0.11823786
2008	3.113502	1.0396633	2.7647912	7827.3699	70.626713	37.625404	0.10278018	0.073957686
2009	2.7041404	0.5138952	2.4953803	3646.6529	39.551368	35.507919	0.0070030308	0.2745722
2010	5.8440701	-0.87026517	2.6209895	3138.3896	27.353171	19.342072	0.11840614	-0.014909516
2011	4.5709679	0.59616547	1.8607057	470.10851	29.588948	24.54448	0.16593687	0.032284007
2012	4.9102393	-0.98164971	1.053632	939.15065	44.955901	33.861224	0.13415178	0.12657774
2013	3.108803	-0.27194577	0.28694057	141.52337	13.149187	1.7524237	0.098103529	0.10118262
2014	0.22617272	-0.47506487	0.33851533	238.04489	1.5463202	1.4525293	0.076150218	0.10730337
2015	0.99920102	0.31149966	0.5654589	2483.7531	31.476193	22.649315	0.053155778	0.10230081
2016	5.9531422	0.96232948	1.7238596	1439.6922	55.809446	55.060033	0.13443498	0.13791748
2017	1.6280151	0.13848754	0.59353847	999.82555	12.039662	10.76956	-0.016056561	0.0024708313
2018	0.26056378	-0.47871328	0.26342664	7100.5384	72.900882	72.025138	-0.00012790746	0.13508158
2019	1.8587469	-0.84173277	0.49807239	4706.1883	46.633519	43.871276	-0.26412596	0.096419671
2020	3.0919968	-0.70780298	1.6913787	1579.7469	35.735864	34.531858	-0.27615206	0.11881447
2021	1.8953429	-0.5449701	1.4876928	2074.1543	47.114656	21.578458	0.0020511668	-0.063482739
2022	4.8997582	-0.35973964	0.73316968	853.09569	13.199779	11.134172	-0.023286213	0.013078053
2023	0.30015105	0.38591275	1.2102494	2626.6564	44.329419	25.362944	0.17142721	-0.0058517319
2024	0.083248238	1.1470025	2.8140816	3935.7035	57.171217	32.58731	-0.0069706165	0.035954567
2025	6.1123611	-0.28393006	2.6654333	8284.1331	87.150953	63.384001	0.07735679	0.012034802
2026	5.8754208	-1.2331653	2.3651113	239.08393	1.6732302	1.5135887	-0.15594355	-0.11136718
2027	3.9698463	0.11871882	2.6441554	1796.1275	48.907028	43.997191	-0.061111527	0.11067929
2028	3.711001	0.9482582	2.119774	2724.392	70.50553	50.22619	-0.33443984	0.047669486
2029	0.55874179	-1.0294092	2.4653806	1785.9387	28.590997	14.11164	-0.0024133106	0.051964501
2030	4.6816458	0.053479825	1.8295413	2031.426	55.696435	52.97596	-0.14137109	0.0034755328
2031	3.1036843	0.44040496	0.46261132	6514.0929	59.673903	56.943901	0.47957294	0.012501695
2032	1.4651412	-0.34831693	2.2398041	4733.6663	78.716682	73.434587	-0.091765807	0.018415891
2033	6.2317381	-0.30624861	0.46244793	5641.4897	57.407941	48.856009	0.080560376	0.22201669
2034	4.4670305	-0.23280763	2.1779496	3010.1225	103.16422	88.184222	0.55388734	0.037432743
2035	5.4537721	0.7534396	0.61465207	461.78615	2.1083523	2.0547682	0.074151896	-0.024828993
2036	0.22829196	-1.0336741	0.66708061	1520.0646	30.866614	25.350129	-0.032771975	0.060955725
2037	4.1999582	0.42250001	1.9463967	1483.2915	15.11236	12.025405	0.035034792	0.11402095
2038	1.6049988	-0.44713871	0.74491629	744.73222	11.904544	10.596934	-0.36822361	-0.15350156
2039	1.1665583	-1.039319	2.2355774	1504.7912	26.435269	16.311465	-0.17615334	0.031707053
2040	6.0011795	0.90584316	1.3793904	915.29932	22.781557	13.904362	0.083779298	-0.16426401
2041	3.5340655	0.096060368	0.80196531	1274.4242	12.463269	12.209854	-0.126271	0.057140983
2042	0.56990809	-0.6314844	2.2243054	776.60766	10.753226	8.2367817	0.032671892	0.15731615
2043	3.8200966	-0.72009745	2.7961721	1671.3655	37.222653	12.059279	-0.0099671347	-0.13652292
2044	4.2884792	-0.19893112	0.64646809	2858.3889	49.610659	48.704894	0.15248375	0.011820329
2045	5.202841	0.47065071	2.4065885	1689.0926	30.870349	29.487418	-0.0055866621	-0.15180609
2046	5.9125921	0.8837983	2.5521915	630.40243	10.715221	3.4377289	0.11741225	0.12161412
2047	5.3700136	-0.33460673	2.9134739	3049.7518	55.46212	54.17426	0.0041654495	0.098466443
2048	1.3669877	0.81772063	0.70278978	819.81462	11.068492	9.7879213	0.73483248	0.22806282
2049	4.8923814	0.98567891	1.8935856	3121.021	50.566538	41.646509	-0.37717975	0.079542775
2050	5.0128218	-0.16559958	0.2435519	2639.581	52.560753	37.526625	0.13899044	0.030993621
2051	2.5061711	0.7760549	0.90723941	1583.1166	11.002367	10.291613	-0.11975677	0.24330614
2052	5.6396569	0.08369127	2.1397301	4920.7612	127.68481	98.885501	0.27560947	0.046623861
2053	4.2644342	1.194071	0.94135031	446.27574	16.707315	8.5063204	0.21677733	0.28997119
2054	4.4986764	-1.0076797	0.6487214	240.39386	3.7544128	1.5321448	0.033571887	-0.018913087
2055	5.5196754	-1.0768105	1.953857	648.14781	13.84577	7.2577517	-0.035868769	-0.011066224
2056	1.9855817	-1.0105074	1.0122228	2087.5384	53.365422	42.898212	0.14620221	0.41134866
2057	5.4930282	-0.5664704	2.3540347	1041.2605	45.128244	36.400332	0.26609061	0.21980454
2058	1.5272665	1.0584148	0.6956806	1938.0382	40.950988	34.084904	-0.012409799	-0.039368663
2059	6.2210106	1.0220907	0.74663936	3901.3799	47.632109	39.882429	0.071174021	-0.085148979
2060	2.7033458	-0.077084328	0.5881515	1528.6207	12.855324	10.251734	-0.016753095	0.13528819
2061	3.0516512	0.71416832	0.20465482	1046.4223	10.3379	9.3230772	0.0087107719	0.27227483
2062	0.75339533	-1.0790196	0.42188225	4629.4583	45.680124	34.831403	0.23828535	0.17864526
2063	2.9526614	-0.88123173	0.35179492	3453.7026	44.609135	7.2877402	0.097615385	-0.031420815
2064	0.28251589	0.75623955	1.7437434	3018.961	73.674898	60.721364	0.31666867	0.060550885
2065	6.0214156	0.85624891	2.4180556	1505.6502	13.40682	11.75673	0.15668251	-0.14693343
2066	3.3685024	0.43278483	0.58780165	1015.1631	10.747237	9.1958739	0.27962683	-0.050354268
2067	1.8709048	0.02453248	2.3090487	4086.8275	63.329709	60.712634	0.18297975	0.38784181
2068	2.9510761	0.0098707793	1.3724987	804.64349	20.880875	17.002776	-0.011547092	-0.014139394
2069	2.8409174	0.23579701	2.279222	1101.9345	44.192984	42.932976	0.36130663	-0.022218268
2070	1.5244476	0.72493919	1.1634979	3799.7174	57.604544	48.067458	-0.15686474	0.024948794
2071	3.4276954	0.38648949	0.5792072	1922.9478	21.899612	12.793301	-0.041458137	-0.13936487
2072	2.393399	1.3455288	2.6874426	1951.9101	59.880017	44.229309	0.042233913	0.25921165
2073	4.0934421	-0.81330717	0.81236017	1510.5466	17.526518	14.168749	0.46844783	-0.22977995
2074	1.8726093	-1.3388982	1.1878985	1601.5161	44.388253	38.450754	-0.059143102	0.093064864
2075	6.199683	-1.0253706	0.28014989	869.61348	31.211192	27.363872	-0.016998854	0.069318415
2076	6.2016041	0.67496951	1.0224086	1495.6506	80.167452	75.31926	-0.2997808	-0.15305808
2077	0.097817565	-0.20829717	2.957114	1125.4998	11.196415	9.7976649	0.13379134	-0.035758559
2078	2.2486738	-0.35400005	2.224361	2485.8115	40.612482	38.608849	0.064643442	0.01472545
2079	0.63831926	-0.36846994	1.1737649	345.87372	13.033485	10.742168	0.084018262	0.0030209903
2080	1.4307079	0.96796501	2.7073554	168.07492	8.0783624	2.7137678	0.050266193	-0.014420505
2081	0.33330824	-1.0218405	0.52942198	1994.6236	45.029689	34.378654	0.20905888	-0.0028255413
2082	5.5523265	-0.71476278	2.4182212	8080.8919	111.13644	77.329499	0.22279439	0.36031764
2083	5.2701614	-0.01264287	2.4186131	10935.759	236.82138	229.06492	0.17292931	-0.00872194
2084	6.0627791	-0.30106965	2.8235035	2713.3986	19.340468	13.8341	0.0073849068	-0.11772634
2085	5.5070755	-0.0096282596	0.28781068	3103.102	43.923164	39.912334	0.71435817	0.27520895
2086	2.0504311	0.26926387	0.54588447	764.19954	11.279966	3.1846018	0.31387325	-0.0021299789
2087	0.38629419	0.401788	2.4662774	2187.8106	23.915497	21.778368	-0.073548531	-0.049515333
2088	4.2360847	-1.1165124	0.73969598	1449.23	101.97087	85.478571	-0.14178708	-0.085882136
2089	3.133087	-1.169251	2.7747349	755.13135	9.8083715	8.1773512	-0.002586328	0.18454605
2090	2.8803613	0.31452051	1.680445	2432.9376	53.24675	37.495805	0.063863135	0.039091339
2091	3.7876098	0.8848883	0.74187539	1307.5713	12.039581	11.774709	0.012412833	-0.0040451293
2092	1.0079301	-0.42919805	2.7500102	1941.0107	41.163654	35.354204	0.28778377	-0.057469603
2093	3.9026819	-1.0266105	0.89707417	784.65745	9.655764	8.0058276	0.14289358	0.033364415
2094	2.8254259	0.27140248	2.6624116	1236.9413	16.836962	12.085196	-0.089703111	-0.51361667
2095	4.1381801	0.63912266	1.1840972	897.87449	12.199085	11.064334	0.010481635	0.21553113
2096	2.4499647	-1.3870153	1.7831305	357.71025	10.659466	3.6616023	0.40425775	0.0279901
2097	4.9000144	0.019284923	0.59661639	1669.9025	23.118666	11.70534	0.048386379	0.24330361
2098	5.0053128	-1.1753519	1.9375981	6086.6251	160.53002	100.64503	0.25390427	-0.0070679215
2099	2.8276071	0.52097287	0.16839409	1917.8412	33.156684	29.467018	0.016479325	-0.21039935
2100	4.2977307	0.88675022	1.816353	287.7945	9.3093237	6.3824573	0.19243557	0.010556078
2101	2.9792796	0.38102987	2.6446327	1592.0548	32.38548	11.098364	0.051902555	-0.5147221
2102	0.5357141	0.28562084	2.6388951	4505.7318	50.964771	48.066931	0.25359617	0.11780289
2103	3.4680792	1.2129733	2.7897265	2857.7076	47.262623	33.191378	0.041161856	0.10646338
2104	2.7539181	-0.043763316	0.23695058	1123.9333	18.146203	12.597119	-0.017170736	-0.17456323
2105	1.4205518	-0.79019841	1.1301226	383.33073	13.4483	1.6261264	0.34525193	0.066369907
2106	1.9148394	0.085122292	1.1932649	2983.4706	73.747591	50.737329	-0.11546667	0.0020412356
2107	4.7581988	0.51011108	2.5671644	242.55209	1.498694	1.486357	0.0096635786	-0.063999474
2108	2.0206603	0.86198917	2.5716784	2702.7757	14.812786	13.77165	0.1638965	0.02830224
2109	2.6667663	-0.1647957	0.86666836	771.64556	15.362985	9.984683	0.0040265299	-0.19251804
2110	5.6823696	0.12722977	1.1296991	634.13348	42.931217	11.216718	0.042768272	0.0016250817
2111	5.0858592	-0.33572458	1.1328244	1119.527	37.916834	23.516412	0.16907228	0.083199938
2112	4.5652057	0.92125621	0.47770717	5075.245	70.043885	63.875627	0.0053074675	0.055690172
2113	4.8155738	-0.87912469	0.83504133	185.82594	1.792673	1.3959881	0.046147438	0.02290769
2114	2.9151304	0.75365036	0.6641316	2320.9604	41.112197	36.686686	0.049313744	0.062451606
2115	5.0565021	1.0125752	1.2192834	3176.4257	51.431278	42.870598	0.2826543	0.12337604
2116	4.9830636	-1.1322356	2.1048215	346.74631	10.736675	2.1238111	0.34441859	0.075566039
2117	3.3882199	-0.39512057	0.69455147	298.69493	1.410337	1.2661619	-0.024524022	0.026964011
2118	2.9183557	-0.63958247	0.83206449	1009.2793	25.121562	12.289766	-0.1884474	0.23624827
2119	5.7997916	0.300762	0.80968187	649.94358	30.663902	2.2915616	0.21016724	0.065371917
2120	2.123998	0.010824789	2.261227	1321.5197	53.946167	35.999901	-0.01555105	-0.06675147
2121	4.0928085	-1.0566474	2.9087141	1286.2526	27.148835	10.379877	0.056608681	-0.087540345
2122	3.0758193	0.27488446	0.37967591	4449.298	34.525897	28.788527	0.69670271	-0.060857716
2123	5.2375422	0.29459992	1.8763702	287.41568	16.981286	2.6367756	0.11414553	0.025812369
2124	4.8824358	0.8954366	1.8724815	1053.7282	20.549081	8.6392806	-0.00048129951	0.40562432
2125	5.6106768	-0.60922579	0.6209888	721.64584	10.856401	10.046663	0.10380368	0.070106235
2126	4.1532562	-0.070958299	2.3940746	3853.6512	54.756214	52.296893	0.23361826	0.078825975
2127	2.1326511	0.94640025	1.9343938	489.12023	13.192207	10.467481	0.10376323	-0.094786474
2128	5.9513392	-0.45785945	0.53192503	1123.7262	9.1246536	9.121833	-0.13036033	0.050929988
2129	3.4242474	0.55419143	3.0506883	5994.3101	129.49498	108.92136	-0.046320136	0.067405864
2130	3.7213116	0.88393158	2.9371775	1399.7362	10.008137	2.4680561	0.20290961	0.077214796
2131	4.7462798	-0.040724861	2.0101187	1835.335	26.461245	15.14161	-0.017749721	0.041000976
2132	0.86916298	0.08328223	1.0744824	962.76552	12.50938	11.863928	0.035981634	0.24158869
2133	2.933521	-0.88109771	2.6966428	1080.5329	38.500154	30.331898	0.13807027	0.008246369
2134	6.2169502	-0.70342632	2.6264018	2854.9164	17.42203	14.331252	0.0090309441	0.06563814
2135	6.257987	0.37304347	2.2373765	1635.7844	46.451738	38.055803	-0.01681113	-0.09404028
2136	3.8157122	-0.78034219	2.6644207	1464.6602	22.726332	13.088266	-0.26878564	0.27465023
2137	3.0210491	0.11696089	1.829708	240.30726	9.4365965	6.0502249	0.70253567	-0.021940501
2138	4.6708882	-0.6023828	1.1691819	944.5919	10.081493	10.016373	0.064963776	0.11792211
2139	0.46563402	-0.74231419	2.4581028	326.16858	10.038151	9.2438209	0.013793878	-0.00012894683
2140	5.8373106	0.018312533	2.800717	10608.893	177.16871	103.30023	0.1553854	-0.15792097
2141	3.938193	0.79756888	0.57693964	4810.0262	119.85314	62.64267	0.3154185	-0.0055390402
2142	1.8110786	-1.052734	0.67895603	1539.6015	71.043862	42.496766	0.023658973	0.24056057
2143	4.5670144	0.50655009	2.1109101	933.19463	11.042422	10.470675	0.037279001	0.0045425906
2144	0.49026803	0.14138456	2.3692463	451.62742	8.7428235	2.2062669	0.16320364	-0.19767338
2145	6.2317042	0.0033441476	2.3525467	678.67378	20.686455	16.488722	-0.059516705	0.13249095
2146	4.9437108	1.0440083	0.58152756	363.39912	21.422208	15.927364	0.21381823	0.020922778
2147	1.3446667	-0.80361723	2.1419118	543.02323	10.461205	8.1299998	0.12948908	0.063996123
2148	3.8266562	0.36137244	2.6174578	2040.651	13.726399	12.569796	-0.0042775098	0.020484058
2149	4.4500804	0.7895246	1.5236814	405.59484	6.6382536	1.8348701	-0.0021170494	0.050970589
2150	5.4367214	0.25386538	2.6003318	2049.08	73.994683	68.871724	0.049970064	0.016117178
2151	4.8104635	0.19388821	0.36169899	1041.0914	10.653259	10.402989	-0.13308927	0.10642831
2152	3.6473723	-0.95001211	2.8858831	2566.0452	58.202719	54.71112	0.03589898	0.11140357
2153	0.53494446	-0.1868862	2.1214235	789.67363	12.049664	11.39064	0.020039875	0.20856636
2154	0.25027209	-0.36289899	1.4249374	1378.5831	46.118608	44.261029	-0.2386296	0.0097487483
2155	5.8169601	-0.11694876	0.93001535	2349.3655	44.414147	36.832081	0.10430576	-0.0088106756
2156	3.7825293	0.067231158	0.2487958	5894.8171	60.106379	33.13941	0.21931202	0.0043049824
2157	4.053079	0.64357889	1.6251579	906.54317	11.671177	10.350758	0.21135448	0.058485374
2158	4.753324	-1.038312	2.4205579	381.76334	17.805789	16.358882	0.0055840555	0.20793903
2159	1.9895715	0.90323879	2.28182	5845.7156	97.379829	77.115444	0.011524961	0.040293048
2160	2.6533388	0.063621847	2.6740619	5368.4271	63.988387	63.34467	-0.26747613	-0.095946381
2161	3.3868371	0.74771719	0.59651787	1336.7205	12.051195	10.477683	0.10153489	0.016645318
2162	4.1561653	0.26254486	1.9636612	1196.8659	31.004541	21.341503	0.0048177708	0.3331157
2163	4.9635336	0.51398966	0.99324305	209.64785	11.789969	8.2769931	0.0075731204	0.20817997
2164	1.5256355	-0.42430669	0.97409419	699.24238	37.345989	12.007727	-0.066735545	0.0063769134
2165	2.4038885	0.77340525	2.7708038	3063.3223	37.054843	32.504241	0.27989338	0.69847873
2166	3.8696345	0.93911118	2.2565591	1752.2488	37.810636	12.212391	0.002070061	-0.0019753636
2167	5.8727221	0.41425323	1.182494	83.895924	1.2683286	1.1391347	-0.015159673	-0.00092079101
2168	3.2617651	-0.75696282	1.9272882	248.98459	1.7089824	1.4243206	-0.092599376	0.068083915
2169	3.7776562	-0.86170714	0.71536916	2290.325	20.317057	14.797145	0.13121247	0.33605109
2170	1.9900912	-0.64068998	0.77647082	1229.8237	13.695339	12.460766	0.061368711	0.40619272
2171	2.6688505	-0.7638044	2.4447094	1956.0901	14.564123	13.841819	-0.32821108	-0.0045535155
2172	4.0562324	-0.45680935	0.90423589	327.1053	9.8479628	7.884195	0.52671908	0.10047379
2173	0.89970387	0.29860839	1.128824	659.29901	20.697167	18.126615	0.040675788	0.51235971
2174	1.920258	-1.2363486	0.49888323	5531.9308	61.980886	48.952065	0.045291732	0.40820018
2175	4.3000772	0.11617504	1.9090245	1492.2626	44.450687	41.263973	-0.0062039186	0.002212056
2176	2.8860116	-0.95921813	0.57186498	362.96972	9.1176052	8.8807144	-0.0013912475	0.028885632
2177	3.7213377	-0.76401763	2.3380981	2110.7695	53.829367	23.396426	0.089218034	0.084933973
2178	2.6160742	0.37031493	2.3664781	2978.673	53.123703	34.362732	0.19113998	-0.13200751
2179	5.2458212	0.97546698	3.0029379	190.76986	1.9834786	1.7481473	0.18570156	-0.047507997
2180	0.65555181	0.57256554	0.59781934	2645.8363	13.076097	12.939752	0.010786434	0.04904374
2181	4.9367611	0.7710196	0.79974504	8135.6588	66.873029	58.571991	0.2652689	0.62774696
2182	5.8800753	-0.43799511	0.51338033	678.11085	11.801963	9.685939	0.011375756	0.018393832
2183	2.5867942	0.060935005	0.41219546	1826.6079	44.866551	33.46657	0.036668802	0.023358589
2184	5.2189914	-1.316186	2.7773135	2087.0432	13.420512	11.922961	0.32251787	0.48409799
2185	4.0351964	-0.027137078	1.6899458	555.458	9.624062	9.6093025	-0.020329385	-0.05628899
2186	0.68363269	-0.32676902	1.6568144	785.44701	45.049754	40.356725	0.0035667378	0.10547998
2187	3.9207468	0.16933839	1.5251317	1083.7538	33.219851	9.8073379	-0.028718568	0.099013712
2188	0.66978089	-0.064132858	2.7586261	1419.6021	40.290611	10.671445	0.011793012	-0.13647739
2189	0.31505011	-1.1226555	0.95404494	872.99759	11.439505	11.075323	0.016319086	0.24781096
2190	3.1678977	-0.83334225	0.44729944	1827.248	19.110791	12.947348	-0.045792055	0.11269107
2191	0.044882822	1.3420659	2.4052361	2020.6801	36.747395	25.617749	-0.0049662368	-0.095033553
2192	5.2149085	-0.48232104	0.31624673	890.71155	20.487305	10.24286	-0.088476042	0.018760881
2193	5.6772491	1.3683224	0.53251828	842.30574	9.3520583	3.6165283	0.094424978	0.26521367
2194	1.0150294	0.1172008	2.44644	4045.0646	54.915676	42.41322	-0.070972305	-0.0032131114
2195	1.889993	-0.94893169	0.87151313	562.57151	11.261408	2.7290079	0.25372867	0.012468789
2196	1.1712407	-0.11587156	2.1670707	533.89165	12.492945	10.312122	0.58547301	0.0072836718
2197	5.5843415	0.53581195	2.1728955	1179.3978	25.768854	24.299329	0.20606921	0.003065743
2198	0.92364103	-0.27296726	0.44532166	7148.3004	68.218679	62.53922	0.006984553	-0.013192053
2199	3.6312133	0.20804043	2.1128054	766.52086	9.8980498	9.5203531	0.27163393	0.17152614
2200	1.2052324	0.16094945	0.4846121	6692.6098	78.209904	74.711615	0.19146941	0.076749033
2201	4.0501452	-0.48387441	0.33548665	5338.2266	49.230764	35.525669	0.036306728	0.069655508
2202	2.7374734	0.65363009	0.63880325	705.21678	8.4184611	7.2745609	0.02563341	0.21900103
2203	2.0238128	0.75890306	0.56758154	1404.4057	32.996205	32.981305	0.25244957	0.10223337
2204	3.7514131	-0.28745926	0.52748832	2565.0575	43.219993	33.659314	0.14736081	0.24429477
2205	1.6274829	0.79424509	0.7960775	3740.989	61.667835	55.832734	0.2367705	0.025142335
2206	0.28752565	-1.0402862	2.9875801	4287.7888	23.760613	21.16681	0.10165979	0.20565805
2207	1.0956061	-0.36012247	0.77147773	2919.7969	48.131755	35.701296	0.20177216	-0.0036008207
2208	0.17645888	-0.47977136	0.8369498	2710.6651	83.410313	58.180284	-0.050632843	0.0046534098
2209	3.5877217	0.26394956	0.43183659	2217.3097	60.984171	48.890594	0.16067415	0.014108396
2210	1.8031874	0.83806726	2.5317573	1625.7491	32.236573	11.630359	0.26015922	0.031727254
2211	6.0005315	-0.26479146	0.93860694	541.14129	14.606124	9.162024	-0.0015281943	0.51380487
2212	0.98038337	0.61694242	2.3154649	1748.4272	45.648873	34.911027	-0.18730609	-0.033795022
2213	1.6181569	0.45173565	2.3026392	160.38114	9.2137443	1.6326386	-0.13179573	0.051931589
2214	2.9145539	0.34132024	0.83457591	8546.5892	152.36939	151.86315	-0.3290994	0.046880594
2215	1.0534984	-0.39875458	0.51396857	2043.4562	50.971578	33.556321	-0.077714629	-0.016409296
2216	3.4724096	0.53078049	0.2508114	2991.3276	16.66289	15.629084	-0.069033666	-0.0033082594
2217	2.3377611	-0.89753048	0.21296339	4190.4218	112.26371	53.352847	0.13469652	-0.21058555
2218	1.620317	1.3411917	2.6200914	1508.4423	12.224696	10.310527	-0.0019209145	0.36493191
2219	6.0215215	0.59982914	0.70039051	1162.5515	35.765465	22.09906	0.11351546	0.0031558569
2220	4.7223287	-0.38715773	2.1181902	3029.0391	40.220969	27.411299	0.066585515	-0.018910653
2221	3.7307398	-0.98151421	2.874697	946.73427	10.437037	1.4786017	0.11810567	0.050393009
2222	5.117482	-0.3620326	1.5965565	3521.2497	66.643143	47.500037	0.02677321	0.0035032744
2223	5.700264	-0.55914911	2.316621	868.28322	29.168388	8.4173012	0.022787978	0.30528542
2224	3.9723337	-0.23000821	0.74891999	5424.2956	49.767652	47.734323	0.082183664	0.30768837
2225	5.768404	-0.99494312	0.66446068	4983.2424	52.003776	39.881706	0.13925577	0.020789259
2226	0.3001112	-0.54797172	0.068041869	1842.3462	13.152355	12.684189	0.16414103	0.013465904
2227	2.6180209	-0.77113084	0.87746506	453.51962	12.96063	11.545709	0.11181675	-0.044929491
2228	4.0199301	-0.75419236	0.92985233	1551.5337	25.403663	23.628379	-0.0080326712	-0.015790085
2229	3.2660314	0.60696598	1.2025366	3564.0702	110.84338	51.870319	0.02637448	-0.0080314072
2230	3.7205632	0.088572911	0.80233301	1402.0475	59.111642	48.883186	0.021530892	0.066589609
2231	4.5993181	-1.3515194	0.6955976	3127.787	64.498338	42.040776	-0.022998664	0.26201395
2232	5.5709767	-0.60087552	0.45287553	927.92875	42.98164	21.121159	-0.11947381	0.06634168
2233	2.3019021	-0.081482342	0.39811987	1708.7583	48.215907	31.675582	-0.063001908	0.24091107
2234	5.7481528	0.59884247	2.6530063	1711.3786	47.983306	39.181188	0.080749523	-0.0012716019
2235	0.21417432	-0.77937297	1.7620504	2127.3107	38.115564	34.331131	0.35737915	0.047740752
2236	3.2031444	-0.59929679	0.52316325	3691.3593	48.58406	41.505466	0.19460146	0.042335538
2237	1.8127203	-0.23143229	2.8819074	1296.4905	20.257318	4.0781552	0.31275539	0.088582112
2238	5.8764713	1.1310931	0.81461399	3154.3286	54.86586	44.152669	0.031131329	0.20920481
2239	3.122777	-1.3564144	2.4029881	749.02616	9.7598824	9.6039049	0.067559203	0.081328406
2240	5.9716504	-0.17726373	2.631878	2113.5734	55.703545	19.152645	0.10982829	-0.056069209
2241	1.5508171	-0.65402538	0.24910805	1941.4499	37.185186	3.5043664	-0.039514489	-0.20378752
2242	1.8439086	1.3103602	2.3044461	118.00743	1.3575639	1.2292561	0.0029932169	-0.040838112
2243	4.8419475	-0.97928011	0.53372291	827.76344	24.379984	24.299689	-0.029452816	0.0010756534
2244	3.2420687	0.36214356	0.98963817	589.11909	3.7870091	1.56845	-0.00082216465	0.063409904
2245	1.6238469	0.80679236	0.86775427	721.23119	29.959955	2.3989355	0.048263666	0.0018386721
2246	4.8711233	0.67738598	0.31460209	2318.6597	26.350024	20.784522	-0.44858831	0.020753726
2247	5.2964848	-0.20346614	2.525983	1044.4141	11.168955	10.715237	-0.11998781	-0.00041523032
2248	0.50167923	-0.047361094	2.2877503	336.16003	7.3782704	2.6850118	-0.012094363	-0.026233831
2249	0.47428084	-0.23676828	2.5327988	1281.0901	13.075523	10.942973	0.082310918	0.2008596
2250	3.5346405	-0.03865754	2.6575798	326.02566	10.549833	9.1339398	0.015309414	-0.060058606
2251	5.5163733	-0.45548671	2.5133458	5521.1262	70.48486	66.618793	-0.095580969	0.066847687
2252	2.3781566	0.57093121	2.3235333	2645.3855	51.62932	37.358392	0.063735173	0.0037076019
2253	0.33022072	-0.09570695	1.017055	117.35047	33.574018	17.811966	-0.036870977	-0.022066024
2254	1.9763659	-0.44579731	2.1122131	4343.0547	81.236614	47.698667	0.036246824	0.11044909
2255	5.3847261	-0.048343215	0.98806789	1375.9292	25.067445	21.528907	0.020749907	0.053307022
2256	0.84916783	0.34839472	0.81896472	2855.0069	43.557604	39.069871	0.0035438955	0.1246824
2257	4.8463831	0.68310934	2.4611651	1569.601	11.06442	9.6437232	-0.22847494	-0.027816282
2258	4.1286981	0.64855028	0.91805384	300.39289	24.700109	2.3047901	0.15968868	-0.0091181513
2259	6.1405432	0.10626306	2.7112264	295.022	11.520777	9.6603401	-0.034724122	0.17090916
2260	3.7593123	-0.19226914	1.6707569	885.55729	17.999967	10.815013	-0.25276959	0.061448268
2261	3.3245105	0.49999404	3.1329755	2702.3623	32.756914	22.338198	0.28032165	0.31592156
2262	3.9607386	0.19151429	0.60379618	4668.8654	69.964467	63.803817	0.0094550302	0.21581798
2263	1.0743312	0.9004917	1.5857592	1013.191	42.974411	34.243837	-0.0018302554	0.042498744
2264	6.2615388	0.061375404	2.7602759	453.97344	31.414525	21.16029	0.090023285	-0.034887526
2265	3.4192877	1.0712697	0.96461029	557.94539	12.086643	11.727047	0.13899163	-0.043170058
2266	5.0296189	0.8389899	1.2554901	1040.0673	32.657442	30.166508	-0.21075149	0.2170556
2267	4.5708733	0.98661396	0.56975152	196.50611	1.3699642	1.3363068	0.049289107	0.004388572
2268	2.8068671	-0.61004541	0.90537207	3151.9838	56.058066	45.926104	-0.047068015	-0.10533705
2269	2.4077505	0.63600216	1.0893979	238.14037	7.4481595	2.8307842	0.009165902	0.0023849033
2270	3.5585942	1.4054017	0.24468464	654.03004	36.679417	35.656644	0.033171355	0.046700155
2271	2.1840546	0.86366723	0.40695325	575.52341	9.7039614	8.8330036	0.10939143	0.061697454
2272	1.181222	-0.15370269	2.7582175	2403.3799	50.01733	46.905989	-0.085059026	0.1964881
2273	2.5042477	0.5472831	0.69584453	1014.0813	14.632869	14.451955	0.017217608	0.27308028
2274	5.5390144	-1.1743093	0.44194767	2816.4375	48.808573	14.347495	0.18235056	-0.029847277
2275	4.5065633	-0.73534856	1.7994325	1118.1475	41.041682	18.22565	0.02416177	-0.33091837
2276	0.26757631	-0.11332656	0.57022835	860.00372	40.268245	35.522598	-0.070392318	-0.30415018
2277	4.0622172	0.60462284	2.1554085	2269.793	51.077903	45.098969	0.290541	-0.07748287
2278	3.839573	-0.60575849	3.0499143	1189.0541	11.9749	11.73356	-0.02204287	0.032151271
2279	4.2987329	0.6299798	0.50748884	1675.0666	40.527619	12.173721	0.054130285	0.011671346
2280	2.9127983	-1.3723666	2.2567616	831.21471	28.834025	24.609572	-0.0038732024	0.03726479
2281	2.6445447	-0.077318637	2.8282407	7690.5608	78.936462	77.056171	0.072705091	-0.11071193
2282	0.45751955	-0.56203846	2.7767165	1287.9569	11.121081	10.328125	0.052251551	-0.02298364
2283	4.9295819	0.11638586	0.81449271	6884.3402	71.246864	65.964527	-0.37163641	-0.23620532
2284	1.213337	-0.083649732	0.48787457	2756.0905	51.951525	51.354241	0.0046276447	-4.5058532e-05
2285	5.3079965	0.093096146	0.60269618	2247.8991	58.684012	45.841746	0.1449622	0.19590006
2286	4.4905265	-0.30444877	2.488111	625.72005	12.029365	9.3908532	-0.018341013	0.035073786
2287	3.7474964	0.17524359	2.3412865	2626.0429	28.583559	21.493409	0.26374796	0.1453376
2288	1.1895383	0.075694494	0.60400997	1724.8044	11.573291	10.91783	-0.060033001	0.13613874
2289	5.5034889	0.17693069	2.923901	6332.3926	140.49082	136.11069	0.01841092	0.16288294
2290	1.496281	0.26669605	0.93182638	3109.2571	44.898067	24.239877	0.013274141	-0.037437428
2291	1.5085023	-0.39303073	1.7172218	1401.9176	41.869844	41.822934	0.070883855	0.099858907
2292	0.87372772	0.35973181	0.53618216	1360.6168	22.365973	10.111676	-0.092514034	0.003691063
2293	0.31487712	-1.4186619	1.02501	792.87706	10.79093	10.11758	0.01815832	0.27307337
2294	5.8580859	-0.33450307	2.3336606	1162.2656	8.6480149	4.3187285	0.11541135	0.034183801
2295	3.2479648	0.21190219	0.49727757	3787.173	47.650673	20.626367	0.15338584	0.052581648
2296	3.6033976	0.84667753	1.2473283	2423.739	42.377835	40.820506	0.37858634	0.21310018
2297	4.1826377	-0.24722521	0.76118293	5234.4063	54.973096	42.929452	0.068718017	0.17769067
2298	3.8257273	0.95871711	1.3154498	733.65747	29.131905	19.754656	0.14936373	0.12804402
2299	0.77545053	-0.17770287	2.0023032	478.14612	12.907538	11.450712	0.038920684	0.088324321
2300	3.3004701	-0.51702545	0.81236856	170.82356	24.650097	10.673475	0.089833996	-0.039094071
2301	1.6097008	1.1565473	2.9203645	1493.8217	93.333819	37.058071	-0.040501136	-0.10980122
2302	2.7901468	0.94287256	0.74616858	493.22698	28.249575	1.2322382	0.054892073	-0.054182756
2303	3.6396168	-1.2231015	2.7856912	2554.0554	42.663236	40.680528	-0.045614395	-0.1689371
2304	4.5870617	0.04358232	2.186284	777.08739	9.9407483	9.0832452	0.015104004	0.17033784
2305	4.0289593	0.22333301	0.49316033	1633.0339	11.783392	11.300774	-0.013846769	-0.13927449
2306	1.0602085	-0.12763724	1.9790025	885.66984	37.574672	18.411736	0.14642016	-0.031441203
2307	0.62000921	-1.4204336	2.7723962	1462.4078	34.123686	10.718881	0.084378642	-0.01889521
2308	3.8374593	0.84740933	2.4454035	500.31544	10.93605	7.3709267	-0.019266501	0.009247362
2309	4.8932156	-0.11101226	2.1749337	483.27293	10.965843	9.7054926	-0.054776362	-0.21068835
2310	0.029240009	0.25507356	2.2341888	1135.5564	24.433912	17.288866	0.66915986	0.39079213
2311	0.8471614	0.016836239	1.4195833	64.634812	2.1801491	1.4860606	-0.16886682	0.059073465
2312	2.5125525	0.81705625	2.4378908	2038.3839	11.671825	9.4200628	0.095704339	0.1619256
2313	0.12028456	-0.25230182	0.74000548	304.49596	1.8543316	1.6565082	0.017106611	0.035255799
2314	1.2019952	-0.52090971	2.3314379	1061.4746	46.436161	42.868445	-0.10838877	0.03330134
2315	3.5618401	0.3380277	0.60903644	4695.1524	48.874594	39.729743	0.0014709259	-0.079882151
2316	4.3550527	0.3337642	0.32634555	6945.8907	80.695583	53.013964	0.056847882	0.047329091
2317	3.7901859	0.67220136	1.5186477	624.89023	10.595318	10.109	0.076400977	0.27131774
2318	1.1689619	-0.24839072	0.98836151	2413.9244	60.312434	54.199047	-0.0075132346	0.00034003068
2319	0.63968571	0.37448021	1.9835309	1350.3254	26.253887	9.941845	0.44411055	0.019891328
2320	0.91555365	0.14069836	0.5206599	491.14632	22.561902	22.492896	0.0095508516	0.15468319
2321	3.2203335	1.1816222	0.15246465	503.75035	9.4022277	8.2858049	0.078907232	0.004442597
2322	2.9212585	0.68665047	0.39270085	8330.0142	84.559506	57.158712	0.49912687	0.053456703
2323	4.4580302	0.93161257	2.5658964	6182.0408	96.687301	66.462829	0.068419328	0.094551932
2324	0.61894832	-0.35256991	2.6597989	1863.9562	12.897835	12.498955	-0.004628747	-0.006581689
2325	5.6416783	-1.2715851	2.2513348	3892.8444	111.6385	58.349192	0.3154185	-0.0055390402
2326	4.9934233	0.94191492	0.59470509	2155.7444	22.278913	9.7946793	-0.01468233	0.15729565
2327	0.46148932	0.17255482	2.0149864	2928.6439	48.775411	48.767921	-0.10362471	0.1679824
2328	2.0858833	-0.37169667	2.9764688	5964.0146	62.044579	58.042569	0.11284142	0.16260236
2329	2.5510566	-0.37183119	0.60890132	213.4007	9.0750306	2.2970927	0.031664873	0.039533756
2330	6.2129887	-0.58004346	2.0472292	2473.1485	44.308324	23.626908	0.0030728636	0.19294468
2331	3.6724698	0.82011457	2.5426727	1058.9796	12.61684	11.65235	0.048806805	-0.021988658
2332	2.2488288	-0.5112125	2.3530331	946.59444	17.969927	15.380486	0.081523796	0.044199992
2333	2.8009122	0.094195659	2.4293639	1593.3216	12.038926	11.631855	0.023439916	0.14469003
2334	1.2371675	-0.14269607	2.0825741	661.72437	9.4420631	8.8359287	0.011669599	0.0097036799
2335	1.5044547	-1.2050373	2.3646074	2129.7222	46.827265	35.424882	-0.060798959	0.16035057
2336	0.44539114	1.2997589	2.9762411	1741.7521	12.363938	11.709017	0.013100519	0.15165543
2337	3.8026294	0.47164541	0.19055353	953.45695	33.125408	22.537917	0.0013071676	0.038691612
2338	1.4178483	0.40057204	2.4869657	430.06263	8.4331822	1.9651915	0.10657811	-0.044619152
2339	4.3216143	0.6794445	2.0980947	1377.2711	67.624969	30.478881	0.3688708	-0.040825573
2340	1.2794806	0.07321112	2.6005658	4710.2939	135.58482	116.34555	0.24330638	0.12707073
2341	2.3158347	-0.72432992	0.58135358	6260.1735	63.762695	59.918129	-0.16975842	0.055293198
2342	4.852174	0.23660667	2.4277827	1258.4587	35.124906	29.407684	0.068059269	-0.0067461708
2343	5.9698746	0.52042812	2.278338	1079.3116	57.873819	30.47664	0.17821797	-0.1375093
2344	3.32102	-0.031586575	0.29376969	2930.9118	41.354324	38.950573	0.043571926	-0.082972636
2345	5.84522	-0.069565739	3.0641926	3585.5783	99.580054	93.557869	-0.2997808	-0.15305808
2346	3.4294872	-0.43332696	1.1835658	1959.0883	78.054999	65.733483	0.0051161941	0.31762689
2347	3.229972	-0.54111362	0.3948827	366.94315	1.9882549	1.4339277	0.034745088	0.19080186
2348	5.6793715	-1.0937095	0.42560323	750.2315	11.727497	8.0338223	-0.19066552	0.0016306291
2349	3.5139736	0.39640797	2.5573193	2226.9461	50.628156	37.397325	0.058963556	0.0013900327
2350	0.12692526	-0.92535465	1.4064272	219.89137	8.3487633	2.5077516	0.16478174	0.18110979
2351	1.5552979	-0.59548845	0.32768706	3005.1972	55.524738	54.609447	-1.5324269e-05	0.19264261
2352	0.37398334	0.66816452	2.7602768	567.24403	11.639491	3.2657593	-0.03463531	-0.044203475
2353	6.1599071	-0.63943822	0.33550838	1063.1543	43.416422	39.478228	0.13869405	0.10891421
2354	2.9275416	-1.2340526	2.0251914	2998.9484	53.54444	38.188449	0.074251322	0.021704929
2355	0.54568171	0.83524053	0.25021945	9271.6424	173.6787	159.41382	0.048307371	0.4453423
2356	5.5905414	-0.75090351	0.30424203	1283.8457	13.602857	12.117103	-0.052888543	0.23182981
2357	4.2998818	0.40020055	0.49319508	1540.6167	11.701621	9.9307585	0.0019989665	-0.16263976
2358	2.2661382	-0.043771615	2.6971994	1231.9251	38.760613	10.807985	0.064380105	0.0067921405
2359	4.6888494	-1.1862241	1.8828389	241.11996	2.9139386	1.5744574	0.08835562	0.24091419
2360	3.647926	1.0898109	1.0239119	1392.2444	29.606787	26.151411	0.094002365	0.22486828
2361	2.5540166	-0.86746559	1.1601262	1110.4368	36.646704	25.139999	0.051942935	0.012102243
2362	4.0083589	0.56685873	2.7403227	1572.2282	12.598808	11.72734	-0.19475781	0.3267802
2363	2.1920035	-0.069431502	2.2209676	837.51576	23.101387	9.8616714	0.15499912	-0.00053890639
2364	0.66750596	0.59880081	1.8366166	2346.4831	24.505825	21.074533	0.06218009	0.12337383
2365	1.7502254	0.53977984	2.9593793	732.06252	41.579	27.87956	-0.08167277	0.46264785
2366	0.74305668	0.19241285	0.43284823	3817.4413	66.405296	56.675262	-0.046347893	-0.0045463901
2367	5.0951065	0.19746393	2.1550564	3106.3722	62.372795	45.146847	-0.043246729	-0.014900586
2368	0.50637283	-0.16998061	2.6988368	5009.5932	50.005796	49.670322	0.15940065	-0.1526129
2369	3.5557072	-0.58358946	2.1342856	3933.2553	59.14742	35.744962	-0.1535767	-0.043591234
2370	5.4871698	-0.3933659	2.8946002	3457.7603	14.881883	9.8893687	0.14889131	-0.047355575
2371	4.3951618	0.12628948	2.5350011	168.03687	1.4639734	1.325594	0.059388633	-0.042106556
2372	2.4235526	-0.73793463	2.8631732	4551.6637	45.268839	31.311467	-0.0093644264	-0.10047538
2373	2.3784859	0.25351372	0.68841728	104.40668	7.7716443	2.7565334	0.11062367	-0.0050019123
2374	5.7163746	0.17015359	2.5722528	881.30699	11.36523	10.728096	0.62365544	0.22089544
2375	2.9778866	0.3466027	2.9952758	2190.7653	13.506175	11.614796	0.23464232	0.055505418
2376	2.8411308	0.76094531	0.38285542	2397.2914	28.144753	12.014617	0.15499912	-0.00053890639
2377	6.2659303	-1.162926	2.960853	1290.8889	69.550797	34.591318	-0.00816463	0.013473995
2378	4.6530896	0.8621725	0.81000798	1424.1545	36.434986	35.226476	-0.0015734429	-0.10503439
2379	3.8222164	-0.8601537	0.86313093	1656.7131	44.200954	20.035417	0.013585981	-0.020720876
2380	3.6298389	1.146581	1.3210435	461.55633	84.282407	31.269791	-0.15564197	0.064206944
2381	2.3815334	0.43480608	0.84656592	1429.2636	11.61431	10.189801	0.076078235	0.22019206
2382	2.3319125	-0.64775425	0.75221028	1269.0948	29.111887	13.534676	0.012545403	0.27243496
2383	5.0167188	-0.28361626	2.3374287	554.12776	3.5444768	1.702395	0.069283051	-0.073054319
2384	4.801256	-0.28729689	1.286518	2117.9797	22.205812	21.561542	0.017863662	0.029755497
2385	1.4772059	-0.1179041	1.885726	2470.4059	49.70709	42.928306	-0.05768581	0.34494364
2386	4.1975356	-0.25226527	2.6771664	642.66727	15.37845	10.919569	0.10445489	0.053428462
2387	2.8489895	0.81698068	0.56679749	2336.7629	51.78652	43.985083	0.064727697	-0.0012122615
2388	1.7783242	-0.079363194	1.0219352	745.83664	16.875383	11.388266	0.003466034	0.29603524
2389	5.0712295	-0.55123336	1.901755	651.73172	10.305254	10.069108	0.03679238	0.00033831743
2390	0.010727561	-0.78835748	2.5372298	939.75447	11.415715	9.7675008	0.4973822	0.021834437
2391	1.4838424	-1.1296369	0.52322795	2948.7847	46.621634	44.081371	0.051811018	0.00082300158
2392	2.5060691	-0.14271986	0.1564033	2554.4145	12.362914	7.0508948	0.21948826	-0.096861146
2393	0.16871451	0.45081007	1.9120578	287.94721	25.033172	19.934486	0.13801206	0.09572941
2394	3.7317402	0.49333243	2.0732924	164.80986	2.3142076	1.5455116	0.086449327	-0.04402126
2395	2.7636101	0.4005584	2.8910392	3617.1438	55.578775	54.881762	-0.037165066	0.059479321
2396	5.2937413	-0.24353582	0.51715241	5454.916	98.236494	74.598297	0.10861755	-0.17062006
2397	0.62155013	1.2148093	0.70822386	1944.3587	51.350775	41.061112	0.038082252	0.0032014867
2398	0.90774744	-0.093933857	0.89213624	109.03302	2.0894556	1.3822921	0.31365121	0.02670841
2399	5.5272626	-0.94533089	0.51153143	495.96865	1.787583	1.5113757	0.054635845	-0.023801381
2400	3.5818609	0.39409707	0.32747054	6903.0338	63.960324	57.011964	0.031703775	-0.12084844
2401	3.7561044	1.4070749	2.4054455	4227.2286	67.477698	59.161481	0.16354176	-0.23907425
2402	2.1829173	-0.25547865	2.3872561	2064.5808	63.085955	31.221552	0.14786044	0.038179922
2403	2.6264186	-0.25186167	2.7480421	5448.8806	60.804814	54.915111	-1.8564299e-05	0.27143304
2404	5.2167118	-0.94653236	1.4111876	2603.8966	44.564702	41.411285	0.065384958	0.28855701
2405	3.4723771	0.10472313	2.8357283	3038.0862	55.100163	46.348417	0.062569292	-0.02287441
2406	5.4709135	-0.40418043	1.4282583	1828.2674	53.665915	43.643621	0.3241505	0.00099875511
2407	0.64303464	-0.29484783	0.25947204	3264.9543	50.94492	49.673812	0.0053368677	0.26954735
2408	4.0950527	-0.13803115	2.8340825	3775.464	82.711416	78.306793	-0.019500683	-0.33630429
2409	3.7076975	-0.28196338	0.82636887	2512.8869	52.282141	38.977348	0.15987434	-0.013885457
2410	4.5415415	-0.70716833	1.1042445	2029.0701	35.301304	12.51507	0.18305229	0.031874456
2411	3.7367399	-0.84469235	2.7380827	724.78775	45.72546	4.0551563	0.0090417613	0.030548442
2412	0.76650585	-0.79002173	2.250824	1209.6568	11.330532	11.17169	0.023758968	0.016131607
2413	1.9315632	-0.46626489	1.632007	155.18096	8.7294605	8.5726164	0.17969752	-0.066023351
2414	4.6089397	-0.62447003	0.78123077	3575.8793	117.13539	53.203004	0.030947154	0.10136422
2415	1.0316371	-0.45272874	2.5611944	5724.5596	55.843577	43.548731	-0.0032603876	0.067909024
2416	4.4676419	0.74155163	0.54204222	348.21284	2.2873031	1.8096303	-0.0041902566	0.011610828
2417	5.5242707	0.046106001	2.6943221	546.48744	11.801157	1.646214	0.061941992	0.13474736
2418	5.2843298	-0.072447385	1.1001594	2665.2837	50.229612	46.593851	0.0023165724	0.031742043
2419	6.0611695	-0.33170793	0.82837388	1387.1728	12.971369	11.639769	0.072004279	-0.21432645
2420	2.5649093	0.91573812	0.86809256	806.68423	11.437478	9.366585	-0.45173065	0.062191963
2421	1.362019	0.51018093	2.3408041	935.08715	22.108864	9.9018798	0.25796573	0.31369287
2422	1.4068788	0.79176141	2.8293435	6810.7217	67.602327	64.139316	0.3366841	0.051708777
2423	0.52553215	1.0683438	1.9928105	1652.9035	72.523146	22.531771	0.064054591	0.17825067
2424	2.5783931	0.10428288	2.1562482	1290.5525	30.150686	19.403559	-0.026334931	0.023271902
2425	0.47498042	-1.0550863	1.9131215	719.56905	9.0296056	6.9929988	-0.14005273	0.085399995
2426	5.1923502	-0.68041471	3.0042589	6764.0545	106.90803	48.183936	0.3688708	-0.040825573
2427	4.6561144	-0.98358434	2.3462236	3965.813	64.86615	46.974557	0.0048687522	0.13288956
2428	6.2537941	1.0603364	0.81862435	2681.6618	47.709541	37.151224	0.0013701055	-0.00043174808
2429	1.2631596	-0.31869381	0.62889233	1708.9489	13.628452	11.279114	-0.071377366	0.15695982
2430	1.4410858	0.39229981	2.3992522	3091.7755	58.221174	25.288297	0.1473073	0.010027487
2431	5.1801807	0.092319562	0.96480859	1545.3865	25.78664	17.404659	-0.0064490154	0.0053891203
2432	2.3654991	0.1062174	2.1287841	331.12987	9.6004896	8.0376193	0.0060632446	0.00014981292
2433	1.8287074	0.10769584	0.81046511	2841.2949	47.638853	47.18093	0.022086768	-0.039875275
2434	4.4529192	0.57937195	1.9587894	320.46795	1.9146949	1.6392981	-0.067641501	-0.00067569129
2435	5.3169077	-0.33192549	2.9976825	1014.5845	33.112639	29.985176	-0.078539979	-0.11465218
2436	0.61110135	-1.2130067	1.9500884	2238.5272	48.334874	30.582966	-0.01203772	0.01438891
2437	1.4464351	-0.92270286	2.6111923	615.71408	9.2169419	8.9742313	0.070968067	0.3432053
2438	0.98721159	-0.25639674	0.78838802	1574.2565	14.218089	13.342092	0.070933435	0.0050374501
2439	1.8559163	1.4077015	2.4378993	1868.6261	38.974815	32.310104	0.21412538	0.051288821
2440	3.7330765	1.1829935	2.2803419	2253.4006	24.639691	21.688965	0.23268601	0.045521177
2441	0.9626771	1.1661657	0.64136374	3761.1036	106.50756	86.600956	-0.15540811	0.27077308
2442	1.2349547	-0.095534458	2.3725664	1104.2982	9.6096722	7.9909652	0.14092698	-0.24512066
2443	4.6835698	-0.22726359	0.93838631	844.61249	11.006047	9.9343211	-0.039956736	0.22486555
2444	6.183136	-0.57886702	0.39427625	1427.6379	18.070824	13.785694	0.011748957	0.35379042
2445	3.1438805	0.44593483	1.1580866	560.50067	23.189644	11.303647	0.047009256	0.011280983
2446	2.2701919	-1.3423033	2.0886784	1769.4435	41.43787	23.573099	-0.0014224184	-0.34822788
2447	1.2761662	0.49810287	2.4864597	3276.9876	44.881488	27.504519	-0.078741886	0.11065214
2448	2.4990223	-1.4092069	0.95609435	289.24591	26.17757	9.1337403	0.0014218451	0.35506316
2449	1.6970604	-0.52109122	2.485849	1156.3314	7.4607515	2.9399107	0.0044563168	-0.3274138
2450	4.539576	-1.0000836	1.6456088	409.43377	9.9293439	9.5206321	-0.05496579	-0.036263242
2451	4.1876312	0.47911753	2.8469712	2477.7179	14.192856	10.967695	0.11770022	-0.016528777
2452	3.6656858	-0.025436931	2.697223	2777.4314	22.001773	13.805117	0.0022819265	-0.036465114
2453	4.3523237	-0.21122265	2.4868303	3810.7914	64.881925	55.609757	0.49372517	-0.1595162
2454	3.169603	1.0726432	0.54054283	5474.516	68.148705	45.207885	-0.016745649	0.0011243823
2455	3.4954209	0.093729958	0.98748916	105.42898	22.843381	9.7410026	0.043631252	0.0054302728
2456	0.76931149	-0.99830739	2.0421871	1690.1194	50.78144	35.522288	0.19941003	-0.13201944
2457	1.9758262	0.66245738	0.97172373	3317.8698	55.72789	28.961484	-0.079371737	0.014730051
2458	6.1723763	0.53355047	2.1987112	3298.0904	63.829043	48.995212	0.2733447	0.12525422
2459	3.2127289	0.96162202	1.1431598	1400.9514	42.583789	20.206793	0.044846665	0.18773466
2460	5.6837901	0.86276841	1.0909049	1385.4331	19.081802	11.865542	0.0043762243	0.17034081
2461	5.739666	0.58646733	2.7142128	7426.3069	84.603223	49.496999	-0.0037394985	-0.20730533
2462	4.1686651	-0.35754995	0.45956954	2326.3557	12.075095	11.086157	-0.023242507	0.0523575
2463	0.69831382	-0.15914891	2.7692385	811.26017	10.18006	10.132768	0.21211443	0.10867775
2464	2.3894588	-0.29678647	1.2612573	1216.3991	30.904398	26.222531	-0.04600388	-0.0016074061
2465	2.0832852	-0.51013838	0.43508395	5521.1105	55.31663	30.97056	0.0020677003	-0.51001839
2466	3.9032352	0.24173203	0.78444483	540.62432	2.7634601	2.3117276	-0.04072045	-0.023069624
2467	5.7495984	-1.0768659	0.26761887	2689.0308	25.347856	16.537885	0.038948544	0.054059908
2468	1.8606411	-0.17795164	1.203596	1658.0166	39.577201	27.591578	-0.086166201	-0.01359658
2469	1.66818	0.20644531	0.71250239	9066.0544	82.699597	77.649787	0.080358787	-0.084778687
2470	2.1137093	0.58579413	2.4202324	571.07032	43.44136	36.785367	0.1176694	0.74683081
2471	5.1798823	0.490185	2.3364326	245.96312	33.79262	27.783205	0.070215222	0.0039778596
2472	5.7640292	-1.0349819	0.097520233	7651.5846	74.927432	60.726634	0.040560803	-0.42849813
2473	1.2906784	-0.75972157	2.2681113	2684.3769	56.858722	52.342431	0.18112278	0.024234435
2474	4.5495132	-1.1185813	0.45009669	3225.7912	17.142041	16.346885	0.16394155	-0.36818451
2475	4.0355752	-0.45265451	0.1469732	640.15094	10.134402	9.0285584	-0.11212595	0.28961322
2476	0.43656238	0.95555674	2.6742428	144.58607	1.4806417	1.2584377	-0.02373463	0.056712839
2477	0.77171233	0.15919293	2.181105	965.28295	92.480162	43.247303	0.078899166	0.24601043
2478	1.4971392	0.13368182	2.786823	1323.0211	12.08106	10.46972	0.15087415	-0.099355905
2479	6.1465032	0.28722252	0.53471116	554.91364	12.708805	1.8117633	-0.041063084	-0.090555456
2480	4.572333	-0.17090385	2.6539057	644.90014	8.753079	6.7424656	0.0079868257	-0.17585089
2481	5.3330572	-0.27334538	0.82779967	2669.8471	50.69042	32.757853	0.032874851	0.019992342
2482	5.500394	0.18497563	2.4859422	929.37785	39.394939	29.004449	-0.027418931	-0.04051525
2483	6.0845681	-1.0255965	1.6576567	561.16268	10.503998	9.3376157	-0.42675463	-0.024178809
2484	0.13246352	-0.67461142	1.7560972	951.08912	43.333142	39.719557	0.24314798	-0.090270295
2485	2.5482948	0.052727058	0.88778721	1609.4518	43.055303	35.437942	-0.056797276	-0.091219071
2486	2.204287	0.53183198	2.9052356	2515.061	42.822603	35.666129	0.24558242	0.11104785
2487	5.5188302	-0.5756561	2.950238	3449.0535	55.606564	46.681158	-0.019135912	0.010412348
2488	4.9408212	0.93126992	0.63122757	536.31162	11.434677	3.204518	0.13986505	0.22456914
2489	3.9947958	0.95659173	2.91314	7658.0176	109.13976	102.52082	0.043985625	-0.012206774
2490	3.3657989	-0.84725053	2.9728665	2440.165	12.890411	11.988506	0.2406116	-0.013880528
2491	3.5473775	1.3066932	0.38800289	3187.7369	53.24001	48.839668	-0.29998131	0.016194707
2492	0.69633351	0.5069666	0.81809455	1291.7055	35.446603	26.291887	-0.073961563	0.31981708
2493	3.600614	-0.038317425	0.35014378	2139.2599	12.79009	11.822212	0.06434673	0.05488113
2494	0.6486617	-0.96516251	0.50888339	4111.9703	65.307584	52.112888	0.014771845	-0.063189252
2495	1.9071321	-0.39072988	0.99891393	612.96845	30.655144	10.747762	0.092010698	-0.33472162
2496	2.5905915	-1.1030092	0.46580031	3869.0563	49.176841	40.082188	0.20346021	0.11450071
2497	2.3441856	0.97340873	2.5324493	439.9286	2.8740728	1.5143794	-0.053259502	0.18690367
2498	4.8228772	0.10203399	2.8237169	2992.7605	24.77586	16.654097	-0.12267855	0.11001853
2499	2.4871665	0.056670743	1.2121105	941.3863	12.591827	10.907474	0.23422337	-0.093316117
2500	1.5926825	-0.35353597	2.0305234	285.28473	1.5722766	1.4620565	-2.0316999e-05	0.1589132
2501	2.9274442	0.63870463	2.3549963	916.17457	10.510483	1.8078653	0.053555932	0.0015403685
2502	5.9829057	-0.84797849	2.5715195	1194.9588	12.090369	10.168594	0.18873869	0.010518318
2503	3.2202545	0.50980015	0.87716153	619.98139	16.219092	8.9251356	-0.014831647	0.18711048
2504	2.1691059	0.05535635	0.55965475	1693.0996	39.438737	36.873312	0.011357584	0.1668403
2505	0.93844322	-0.82015615	0.72546921	2625.3019	101.38738	91.23976	0.067288591	-0.0093694816
2506	4.1482733	0.51112931	0.81259636	1596.9839	14.030312	11.777299	-0.02986365	0.041846772
2507	3.0525567	1.0034372	0.49296806	465.34885	19.067041	17.275045	-0.034293459	0.048998076
2508	5.0192746	1.1578911	1.8648921	644.31094	42.80499	26.512963	0.021711157	0.05006086
2509	2.298828	0.45762185	0.98336847	494.63154	20.679975	16.365649	0.03269003	0.091377708
2510	2.3558659	-0.70164081	1.8325516	136.08323	8.0162589	6.0328232	0.37784539	0.051245485
2511	4.3180551	-1.4622617	0.76248385	2805.2344	97.295075	90.455689	0.28197635	0.072419555
2512	4.1984202	0.02919769	2.4428553	449.84853	8.536427	1.3183501	0.24010237	0.04290339
2513	2.6929584	0.25531267	2.6046626	788.7089	37.074319	35.182432	0.067722625	-0.22143324
2514	0.028910835	0.52613556	1.2213583	2438.8858	44.846219	32.483013	0.5177519	-0.017361633
2515	4.2682005	-0.10442567	0.42046966	1885.3974	20.039886	11.123149	0.015367508	-0.071775527
2516	0.55612394	0.37823959	2.7347753	1541.5578	14.161948	10.832029	0.044984022	0.0035474721
2517	3.3420684	-0.11678783	0.51520153	3264.0792	71.073517	60.780416	0.56357148	-0.48448262
2518	2.0306741	-0.98322762	2.5353264	512.68126	9.8326341	1.4359517	0.017584868	0.0018987032
2519	0.63384123	1.0774082	2.1571968	1902.7534	63.373954	61.969724	0.10804787	-0.040663498
2520	1.2531222	0.23891202	1.066272	3238.3668	45.060906	17.133671	0.21195161	0.35649077
2521	3.9138574	-0.42464307	2.1386013	856.28823	9.3447999	8.0816458	0.073579565	0.089960678
2522	4.4517053	-0.61159446	0.51327053	1182.6048	11.714378	10.75939	0.0053375886	-0.028172603
2523	4.5636755	0.8794169	3.0996114	2275.0868	14.256817	12.7006	0.21250556	0.011491436
2524	4.4944805	-0.70193822	0.69341604	875.64966	32.698206	15.35486	-0.15758035	-0.049359733
2525	3.6942422	-1.3683194	0.72489231	2492.5629	104.40996	37.627351	0.012200988	-0.0090605562
2526	1.3293502	-0.5004633	1.1089295	869.92884	11.98142	11.008344	0.15064043	0.040102133
2527	5.6695891	0.97795237	0.51610546	1437.6539	12.364559	10.000864	0.32662158	0.06775519
2528	1.1528462	1.0906881	2.1435866	1649.0273	97.276525	40.093644	0.010111582	0.077665011
2529	3.554109	-0.6196937	1.9310504	1255.701	40.627392	35.58912	-0.025877497	0.025834478
2530	4.7250627	1.3064403	1.8721177	1694.6833	46.814436	45.044301	0.050328816	-0.0012008403
2531	1.9741789	0.35921076	2.2285184	424.38253	10.310175	8.8118344	0.014881456	0.33465258
2532	3.889126	0.079022893	2.1895803	573.66109	14.79705	11.184631	-0.014943898	-0.0047322002
2533	2.6232667	-0.30269306	2.4433748	3745.027	63.394593	55.975167	0.13607512	0.0097177916
2534	1.9771271	-1.0576379	2.8173514	2343.3308	57.192099	47.764227	0.067547677	-0.23276325
2535	0.67384323	-1.1693389	0.73914847	3211.6811	47.059837	39.208536	0.37159322	0.037102989
2536	3.9181828	0.54814308	1.9537882	1790.1891	34.167536	33.336136	0.082847993	0.043555355
2537	4.4477172	0.05381474	0.51735002	3899.8325	50.872563	38.849862	-0.21281398	-0.021087146
2538	0.20552296	-0.19852949	0.14192989	431.19055	1.5300038	1.3978757	-0.017915593	0.10588926
2539	3.8252449	-1.0401703	0.59847579	1002.3415	9.5212939	9.018931	0.010609903	0.12733682
2540	2.8028958	1.2497319	2.6654446	848.41581	42.8236	39.623535	-0.3533179	0.15813609
2541	5.3415175	0.97711074	0.69878625	901.28216	12.585861	12.580858	0.2189663	-0.23233268
2542	4.7728159	0.720096	0.76013568	6411.9171	140.97625	108.62582	0.038144201	0.15384568
2543	0.11944644	-0.54858761	1.496523	1758.6642	54.607855	43.41543	-0.76451891	0.080101775
2544	3.7487273	-0.040767909	2.676142	1818.1824	46.710453	34.883846	0.073062109	0.15291388
2545	5.441833	0.54855914	1.0667201	7380.4734	116.48892	72.622894	0.32928564	0.016072161
2546	3.425955	0.90026505	3.0607674	1211.4532	13.62733	13.013282	0.073016643	0.056403697
2547	4.362243	-0.62494284	1.4008577	640.77072	29.106595	24.25672	0.0049561033	0.044233102
2548	2.2820748	-0.47187644	0.52117802	729.50504	11.398439	8.9059882	-0.010420575	-0.013509836
2549	0.0074217694	0.16467606	0.3687851	216.27484	1.3956974	1.2889853	-0.0056366509	0.059701057
2550	1.3997435	-0.06709412	2.1227592	4659.9343	59.087211	55.02147	-0.00044058003	-0.039829437
2551	2.6559435	0.69476274	2.4745541	406.22995	22.19771	1.8234686	0.25772985	0.017971539
2552	0.019887225	0.27623684	2.3001157	1638.9738	48.180694	38.672978	0.0050712426	0.091404203
2553	1.3547699	0.94779772	0.93396444	2194.969	38.765268	36.376275	0.13910721	-0.0088701235
2554	3.563192	0.96336374	1.1274176	1563.4875	36.372204	33.921656	-0.029836099	-0.18525079
2555	4.5039881	1.2099784	1.1148774	993.45199	20.775497	6.6748202	0.0090334769	-0.035094787
2556	6.1015709	-0.72288118	2.1674954	1168.6685	29.529864	11.646716	-0.028903303	0.14675361
2557	3.5643185	-0.54934271	2.4808484	5459.3249	134.5105	116.03233	0.00042333933	-0.025406965
2558	0.0049889044	-0.4353478	2.2351381	1367.3903	39.383637	37.195427	0.12981471	0.046111449
2559	4.7637494	0.054454935	0.62649753	3651.318	58.440908	53.164352	0.20483042	0.29918241
2560	3.2814186	1.5039757	2.4758104	743.33395	9.7383701	2.621322	0.017357265	0.093987722
2561	3.7471262	-0.59585285	2.6994358	1212.1655	17.641306	10.745098	-0.044193111	0.092990353
2562	2.057611	-0.57501748	0.77518294	2987.7507	55.615727	52.919296	0.11078202	0.19012998
2563	0.4532823	0.66414172	2.2123242	663.66575	10.739476	10.273814	0.078742137	-0.075128164
2564	6.1404082	-0.10013247	2.5342902	1141.5215	26.737265	15.864298	0.088883648	0.043455115
2565	4.3951927	-1.0513681	2.5910256	2709.5907	50.71803	49.913957	0.48158807	0.071307133
2566	1.9280234	0.5966573	2.1162566	385.27102	8.9581575	1.3256398	0.56235329	-0.01647281
2567	3.2086975	-0.47200237	2.8463412	701.75765	17.900021	1.3931767	-0.17881467	0.012689685
2568	6.0179669	0.60490011	0.4123612	1560.4399	15.301901	14.321746	0.018046649	0.013487637
2569	0.11046231	0.73071774	2.7189561	1028.5414	11.096046	1.6151533	0.10442191	0.066677036
2570	4.5820968	-0.3445223	0.21452367	2387.5726	65.269858	55.817262	0.56357148	-0.48448262
2571	3.1373066	0.55329324	1.7839263	1816.5698	110.5578	107.62693	-0.18718709	0.19817659
2572	1.2242497	-1.0703528	2.6074213	4960.1026	58.48454	58.291425	0.2020705	-0.0025552954
2573	1.1016884	-0.41749823	0.81228504	1313.8802	43.538238	10.617504	-0.00070107848	0.22275691
2574	1.3038517	-0.69464578	0.50012573	2099.1362	15.356715	12.485566	-0.15447596	0.00021952259
2575	1.7479472	-0.80507016	2.8831222	730.44197	3.2409409	1.8061326	0.06731747	-0.07468137
2576	2.0872831	-0.30361843	2.8842341	822.75697	12.19565	9.4963059	0.081368135	0.27750414
2577	5.5493626	0.42743489	1.0709333	783.93319	13.279356	12.104226	-0.25726533	-0.0016199035
2578	0.26471671	-0.58824949	2.5246909	156.03817	1.7865794	1.4445963	0.014492657	0.0058135975
2579	4.5257528	0.47150707	2.4754723	1969.0215	23.657476	11.711054	0.090151375	-0.025627895
2580	5.8689565	-0.58194017	2.4774793	1599.3338	44.795216	35.360535	0.055922627	0.010937467
2581	5.4993608	-0.40679219	2.622258	2885.4755	45.229053	24.351695	0.03830109	0.21838778
2582	2.686568	1.4876172	2.5511282	2994.1031	42.685243	41.379122	0.51733899	-0.035038987
2583	4.7474863	0.28567444	0.11801816	5410.9562	70.256896	51.830259	0.046061347	0.17401982
2584	3.4814032	0.61681576	0.57330906	805.96313	11.507118	9.3883511	-0.15053405	0.13264734
2585	2.5599826	0.20624608	1.1997083	313.85484	12.074012	10.057529	-0.089639455	0.092290585
2586	5.1417854	0.67704918	1.0304849	1218.6131	18.451539	9.4081787	-0.0083859835	0.11334053
2587	5.8646275	0.7462645	2.6593285	3160.3628	43.704496	14.828375	0.0098997096	0.00078882632
2588	4.1890522	-0.0062927949	2.2445418	1558.649	31.356975	20.949991	0.22053274	-0.004885206
2589	2.7086948	-0.66933948	0.82689341	2989.8111	45.508121	15.735448	-0.11366648	-0.17717046
2590	4.4834575	0.76640376	0.27827124	877.80776	10.700306	2.2262956	-0.16016905	0.0006045617
2591	6.2357337	-0.47563331	2.0140115	545.92251	15.193009	4.5195388	-0.21505596	0.00057990213
2592	0.12501947	-1.1883211	0.99517644	3120.6857	56.691812	47.999065	0.23126747	-0.17300699
2593	4.4030292	-0.051972615	1.0986701	2280.6024	51.884667	31.32587	0.043505082	0.10361189
2594	0.93481748	-0.21189506	2.4995835	2386.8034	30.457503	28.452335	0.43038054	0.01144381
2595	3.2538455	-0.025042159	2.5915797	1819.0066	17.278426	14.564883	-0.18101856	0.23466215
2596	2.2730331	-0.018106223	2.9319439	735.45047	37.221728	1.4423147	0.056782766	0.20938907
2597	4.0569295	-1.1339708	0.53949028	2645.2166	13.618206	12.662962	-0.014114295	0.14207049
2598	2.4641365	-0.33246379	2.2188475	2438.1109	22.612286	13.923198	0.026830382	0.1602853
2599	5.2999094	0.21653745	0.7121919	939.89617	19.995493	16.471384	-0.01323506	0.058819995
2600	2.2894483	-1.4056596	1.8277778	2943.44	53.081533	43.00517	0.48626153	0.28911779
2601	1.4257877	0.79342125	2.2834774	343.25647	1.5550613	1.4576756	0.25391424	0.066952605
2602	3.9080367	-0.99538477	0.076756665	220.24551	1.3372113	1.3148471	-0.14474984	0.32040612
2603	2.2721071	-1.155515	0.68812659	1542.1446	11.452597	11.336657	0.0560481	-0.14011358
2604	2.6443424	-1.0927614	2.4537812	621.69198	8.5721434	8.5221691	-0.10708983	-0.14880818
2605	4.0628577	-0.15807707	2.7351574	2811.1676	46.093873	41.283436	-0.023963616	0.34474078
2606	4.6663321	-0.53528931	2.4874341	1225.5035	24.64706	23.914512	0.11243441	0.046556521
2607	5.1868501	0.27576938	1.1064575	1193.6084	36.077082	35.932665	-0.0035308856	0.36819297
2608	3.7780298	-0.32770858	0.39089915	310.38777	1.7621143	1.2941473	0.09569075	-0.0034775774
2609	1.9145923	-0.1689601	0.49677682	1078.9256	9.8123269	9.7920165	0.1456822	-0.15349142
2610	6.0410719	0.49696838	0.46757919	2139.3529	12.103482	11.471641	0.10833308	0.15913181
2611	0.62183324	-0.9323011	2.451826	1681.8266	10.662001	9.4798333	0.034476239	0.015074058
2612	2.0039307	0.88423494	0.65289438	1656.0417	11.981375	11.51049	0.044809137	0.21032928
2613	1.4179951	1.3059846	2.1625088	2089.0991	49.817968	49.272498	-0.34030627	0.047707618
2614	0.45742439	0.56391056	2.959954	2588.2647	14.078672	13.351031	-0.21995621	0.46219233
2615	1.3410271	-0.66125992	2.2932871	1000.1192	44.130394	24.676894	0.11284858	-0.05504228
2616	0.67562426	-0.29343457	0.70942204	1160.3116	13.728233	11.635466	-0.49043536	0.038993317
2617	0.17025995	-0.63131015	2.9787942	1677.3959	32.839329	32.337519	0.12973564	-0.16925624
2618	3.3975538	0.69281955	0.86958011	3016.7486	47.074001	41.333523	0.0098636047	0.11258543
2619	5.3604085	1.1118897	0.76175951	434.37749	9.9615325	7.5871523	0.20550605	0.10904353
2620	6.2747354	0.61431908	1.0170822	4188.5063	109.8068	83.27935	0.141808	-0.10332301
2621	4.6880168	0.10615508	2.5163774	2154.9634	31.762597	26.195903	0.040412269	-0.011830275
2622	1.7980421	0.78299995	0.06913186	234.73781	3.1529688	1.6941592	0.035918811	0.059499721
2623	5.0036323	-0.30081296	0.099035055	352.23104	1.4636335	1.3997755	0.14615548	-0.11568689
2624	5.8795599	-0.68680363	0.72928788	611.18761	11.647325	10.267589	-0.0040294396	0.15813627
2625	6.0665879	-0.14916458	0.038595821	1732.3115	29.232925	12.702747	0.20605182	0.032546374
2626	5.823544	0.96829259	2.3736535	1293.2432	26.905561	11.309902	0.029998704	0.10050071
2627	3.7816534	-0.91800863	0.20510627	1362.8619	16.04746	12.842383	0.086294621	0.010641866
2628	0.024063497	-0.39802703	1.3339148	1770.6406	53.23595	46.334281	0.037855594	0.02775759
2629	3.5854535	1.0274818	2.6034895	1232.3389	32.095386	21.924273	0.0085432777	-0.024479351
2630	5.5631423	1.0972765	2.4511231	3086.1108	45.434096	14.69848	0.040229446	0.0087649147
2631	4.3826952	0.18413137	0.24301948	1286.6594	30.018955	28.92473	0.054156542	0.27772478
2632	5.5835435	-0.36366443	2.5947399	1639.1089	10.950132	10.397125	0.037161984	0.12028144
2633	5.282014	0.1987758	0.44792638	1209.8143	20.669767	5.5069415	0.02983345	-0.24565884
2634	4.7978067	-0.52989783	1.1029302	1076.0484	11.905006	9.139555	0.029065363	0.17277314
2635	4.6120564	-0.20708736	2.8797804	1397.919	36.28918	16.25134	0.11632388	0.10035723
2636	5.5538869	-1.0973924	1.5980942	967.94299	30.410396	11.501808	0.078722395	0.21504061
2637	1.2016917	0.76010193	2.495237	1604.5538	44.815497	36.963652	0.36861728	-0.23040097
2638	1.2151084	0.24639683	0.56016814	372.83058	5.7573431	3.1137729	0.23056158	0.032734304
2639	2.5011163	0.30935524	0.86841352	5696.9881	149.99583	139.76231	0.11130984	-0.052072319
2640	5.4636732	-1.0435284	2.3561078	542.36247	10.493713	9.9132783	0.067143775	0.026385329
2641	6.2487822	-0.36765037	2.8691918	2981.3095	47.841507	42.55603	-0.016425119	0.21964593
2642	3.0965465	0.086618797	0.84850286	690.28831	8.9943345	8.5900672	0.0033022604	-0.11756505
2643	1.8469168	-1.297854	1.4622052	1397.3704	36.792413	22.28937	-0.027582804	-0.23730851
2644	2.248567	1.515814	2.5445562	2060.6247	12.35764	11.337459	-0.00077414644	-0.45104426
2645	1.4349694	1.2441577	0.46767445	4426.8925	58.331105	46.403731	0.35952891	-0.25027305
2646	4.9322187	0.46570415	2.7051285	8466.7786	52.948441	52.054092	-0.00099294744	-0.062791353
2647	1.9396527	-0.60794059	0.87313678	3141.8406	57.081751	55.491162	0.041706853	0.062926587
2648	4.196697	0.74425083	2.5731344	3517.7778	63.947201	48.579815	0.017302032	0.24275018
2649	1.7007133	0.11107908	0.70709824	504.18004	9.1981396	2.4472313	0.16559213	0.0030756708
2650	2.4000499	0.88844471	2.5211168	1283.5821	9.7980942	8.9276876	0.013775762	0.51338738
2651	4.5147576	0.58918727	2.3573347	3753.3823	41.678048	41.092574	-0.063113624	0.0044078231
2652	2.9141092	-0.1697417	0.84015244	2777.8189	46.680977	24.864849	0.10464595	0.23209944
2653	3.8691082	-0.73686969	1.1207701	3783.2914	60.135939	56.153614	0.033363959	0.019880794
2654	2.2975324	-0.18468404	2.7405202	3590.1128	58.805036	56.46739	0.0075721027	0.061485526
2655	5.8601068	0.94734983	2.7465818	4390.6197	47.207229	35.075782	0.067912962	0.043877959
2656	0.62455344	-1.1409014	0.56132442	352.79661	1.40931	1.341395	0.097439642	-0.12639215
2657	0.018788266	0.31530047	2.7952987	1647.4415	21.636704	12.420578	0.20734871	0.24554217
2658	3.5290533	-0.0021404391	0.54915014	274.84432	2.1875709	1.8369169	0.028545403	-0.051296985
2659	0.18471208	-0.36403293	0.2016333	887.63203	38.037442	29.684249	0.11291211	0.0021987807
2660	1.4604017	0.065333559	0.15123367	3449.833	42.778089	28.533407	-0.011542726	-0.30186713
2661	1.8344956	-1.0305235	0.47975139	4988.3887	62.4517	51.662771	0.054142629	-0.038015642
2662	4.5723413	0.89612148	1.2610855	1914.1942	80.504426	39.271179	-0.085549914	0.11467793
2663	3.3200806	-0.038629819	0.65725016	1921.4317	30.669661	19.20543	0.051130473	-0.089540976
2664	4.0639881	0.18912489	2.5416871	4558.0915	54.464723	41.653729	0.21218453	-0.072715001
2665	5.6198539	0.2330651	0.95566913	810.75755	12.311361	9.4283832	-0.016213538	-0.015589836
2666	4.9042857	0.43441829	1.8638759	947.54674	46.502988	31.637924	0.0005256988	-0.075769239
2667	2.4523426	-0.19326564	2.2241925	323.66224	1.6770328	1.4162393	0.042055454	-0.16761716
2668	4.0332794	-0.28660888	2.0502542	482.1802	10.188955	9.6027079	0.034513745	-0.063776193
2669	5.1595427	0.49890749	0.50916254	561.03685	10.792622	9.1016969	0.0053554092	-0.081819862
2670	1.612307	-1.3884182	0.85975688	1384.8593	35.323803	30.636682	0.0016533703	-0.052984486
2671	6.0587668	-0.256373	1.8748868	1101.913	24.294862	10.876129	0.11521018	-0.033132925
2672	6.0906358	-0.9786818	2.0192198	409.86372	31.651552	22.754159	0.081608567	0.34934366
2673	0.37166503	-0.59228118	0.91790614	302.94037	1.3924518	1.3478443	0.035588747	0.031756797
2674	4.0715979	-0.67038101	2.6308354	861.25843	10.406161	8.5263401	0.24731377	0.022472424
2675	6.1056994	0.63333212	0.048231766	1066.0697	29.188887	22.465925	0.088594508	0.11147264
2676	6.2393283	-0.58533673	2.2724425	3919.5181	81.642453	47.113047	0.083544335	0.066687352
2677	1.7163251	0.89132988	0.49851196	1342.9117	47.747616	38.745407	0.027965214	0.0059051853
2678	0.047287618	-0.50923547	2.2525114	4429.5757	50.706645	50.392528	0.14319557	0.10488217
2679	1.4490966	-0.45859446	1.4131559	944.54856	34.091628	32.92746	-0.63103638	0.0647106
2680	0.44611968	-0.6605018	1.1427788	736.49335	46.326585	36.87328	0.022133332	0.11238789
2681	1.2251646	1.0288801	0.54789634	2550.106	14.735886	12.527641	-0.30549209	-0.0084048904
2682	6.0398281	0.021072652	1.6593728	1586.262	38.283835	37.074139	0.014392562	0.054895262
2683	0.85740393	-0.47615535	1.3498474	598.19518	12.511011	8.5190348	0.14160033	-0.00059355169
2684	1.1371263	0.16005667	2.7026101	685.46882	9.196296	9.0888962	-0.037007113	-0.04479221
2685	5.878369	-0.43158785	2.5364322	1755.5897	15.513263	10.400423	0.54180795	0.12762111
2686	4.7947339	-0.69502457	2.9580938	522.67291	29.166589	2.0748449	-0.039741767	0.011404544
2687	4.5648384	1.1033871	0.73008657	1329.1514	30.276982	29.603312	0.46923831	-0.061375201
2688	5.9549372	0.58733857	0.55103664	1534.9773	12.638899	12.268446	0.42758854	0.1831856
2689	4.2604369	0.60303677	0.62169308	678.19359	12.899011	9.9066587	0.0028590458	0.12191391
2690	1.8002631	-1.0328431	2.2665928	5942.7224	58.283991	54.843234	0.12503846	0.16396838
2691	1.770163	-0.19189332	1.8886049	679.75289	39.931817	38.845016	0.0015945125	-0.11600087
2692	3.4312239	0.9826944	1.1142888	2439.167	54.179493	51.759287	-0.014043197	-0.0071924872
2693	3.3559982	-0.47611545	2.5159263	836.66316	11.108605	1.7631692	-0.010554605	0.032335682
2694	0.3106181	-0.049778991	0.45863808	1912.0043	12.593056	11.035449	0.052655512	-0.39179951
2695	2.5715514	-0.18501862	0.37787867	4977.8901	63.947478	60.794284	-0.078573995	-0.20207782
2696	0.97795362	-1.0418354	2.6803866	2723.8842	68.575049	38.217605	-0.056869475	-0.021982568
2697	2.1945492	-0.17082987	0.65412334	250.44626	1.4513695	1.1547485	-0.024023731	-0.015738038
2698	3.3609044	-0.67862276	2.0534792	2107.4634	47.787182	38.821151	-0.1711537	0.32249748
2699	6.2337527	-0.48132392	0.53160318	384.39342	2.3511693	1.5408602	-0.039205464	0.004421873
2700	5.5047512	0.83775422	1.2028316	921.09264	12.436979	10.591074	0.038600321	0.0060958011
2701	1.2368481	-0.096214611	2.1452467	1955.1519	41.627024	23.965144	0.063560548	0.25650865
2702	5.4761692	-0.63915706	2.123005	744.2407	38.189144	35.382361	0.18957268	0.089725814
2703	4.5644773	-0.71243443	0.52973666	411.58297	9.7959614	9.6277169	0.067254985	0.1588283
2704	6.2638624	-0.37249003	2.6205326	9418.4667	79.109817	68.913551	0.77834222	-0.025551613
2705	5.2729958	0.58077139	0.5914754	5237.007	63.157067	51.821354	0.015138458	0.032735375
2706	3.7109499	0.3429574	0.38638644	394.27922	1.9388082	1.8079467	-0.017741102	0.195624
2707	3.034196	0.26867013	0.75380605	3271.9766	97.327944	61.647604	0.039713122	0.013057218
2708	3.2707577	0.68762801	2.6511227	4086.8432	48.222243	44.658187	0.031599484	0.029551388
2709	2.6441876	0.59619185	0.52100636	204.3297	9.7192406	2.1412501	-0.17380936	0.28046721
2710	3.0005598	0.39443917	2.4368233	1229.5783	11.515966	9.532571	0.2977432	-0.17262831
2711	2.3002871	0.67594629	0.7556983	2494.5332	51.88779	45.770182	0.04604228	-0.19553362
2712	2.6831139	0.70472151	0.61971586	2202.31	32.923142	12.703032	0.0036486191	0.013398838
2713	3.7561216	1.226401	0.78330054	4512.9156	60.23062	59.53198	-0.019930203	-0.18859279
2714	6.2623908	-0.69353328	0.55705444	1885.4592	40.427283	31.385187	0.29943129	-0.034585535
2715	0.59509793	-0.04654276	0.93640901	1503.2256	46.232198	40.352328	0.12467817	0.18269684
2716	2.0162427	-0.13512039	0.39948222	2071.9398	15.507745	11.17307	-0.4421476	0.036734264
2717	4.8320657	-0.43186827	0.92616273	3532.7047	53.639593	26.270725	0.14821217	0.20672932
2718	4.6863454	0.037564005	1.1684878	3782.0407	60.230597	53.852956	0.0031715761	0.31372894
2719	4.6086594	1.2180663	2.3950203	615.70906	10.25535	9.6114451	-0.0056870645	-0.22915691
2720	4.2169508	-0.013716059	1.0093605	233.7443	3.6426633	2.895745	-0.0042079063	-0.17119879
2721	5.6906516	-0.70966391	1.0825405	593.78482	13.027342	3.7900211	0.028093846	0.038021377
2722	4.816842	-0.79070384	3.002836	1157.9205	19.400458	10.437502	0.059962885	-0.034344517
2723	3.851374	1.1350174	0.72238579	290.50764	1.8469138	1.4696188	-0.13364893	0.095160291
2724	2.767814	-0.72660056	2.4875682	760.36414	10.046376	8.8495854	0.098309258	0.048241626
2725	5.6335241	-0.33700164	2.5464793	1153.5453	19.143614	19.009377	0.039157392	0.015623162
2726	4.285148	0.19977266	0.1540894	2989.1976	57.124736	42.708098	0.0019988116	0.42188535
2727	2.0169314	-0.51896841	0.9952365	1025.269	11.955334	10.912143	0.014376421	0.3570242
2728	5.4843669	0.41639793	0.53425072	2995.069	41.030726	37.016109	0.04548526	-0.036183599
2729	1.5683645	-0.29357578	2.7047571	5250.438	61.655888	51.244398	-0.021340156	0.18336747
2730	1.1825715	0.48387217	0.49545442	1525.7731	12.96707	12.028275	-0.29285255	-0.0064579291
2731	1.4769036	-0.10788523	2.582442	1559.6681	17.710299	14.753872	-0.16990867	0.00046018289
2732	5.7868583	-0.18042761	2.8026083	5166.4331	49.857561	46.681118	-0.049017956	-0.19212661
2733	1.7170441	0.62390809	1.3883573	2061.4961	99.346754	31.563781	-0.010645611	-0.066023849
2734	4.9725773	0.56819875	0.43169673	3413.2515	39.388505	37.241997	0.10871824	0.034895102
2735	3.6103074	0.8655479	0.31233847	1419.2706	11.100076	10.368966	0.21911295	0.16447208
2736	5.8659109	0.086596838	2.7301229	5524.2395	60.88114	35.386801	0.18462426	0.02652312
2737	3.7485664	-1.2078712	1.2951003	1277.2035	31.71201	28.049677	0.26080445	0.16744641
2738	1.5507582	-0.71361633	0.61987503	5907.4093	44.451261	40.081715	-0.01458226	-0.068120415
2739	0.27395699	-0.58187005	2.5951836	400.18738	7.4557766	3.9293043	-0.0054580391	0.016283498
2740	3.2296856	-0.0030008952	2.0233797	1694.6804	46.21713	36.571051	0.036085228	0.16723683
2741	1.3090633	0.44423551	2.7964577	2396.474	13.921471	13.675664	-0.0038591523	0.048917071
2742	0.72365806	-0.64150703	0.74612299	1003.4131	12.238855	10.955537	-0.16285199	-0.00030777392
2743	3.6387738	0.059898341	2.3874844	1199.9724	12.084578	9.662012	0.0043882907	0.3231087
2744	5.6272858	-0.14064246	1.3713824	860.03513	31.803481	31.137144	0.079805145	0.022871937
2745	1.1383608	-0.20357608	2.560112	1027.9261	22.034731	11.163219	-0.0031419584	0.017330361
2746	0.67375152	-0.49574256	2.7247054	946.66059	12.752226	11.057113	0.077418352	0.18576118
2747	0.28008918	-0.93074897	1.1937788	3453.8073	77.463222	35.415552	-0.066046497	0.55722661
2748	4.913252	-0.054769304	0.1502571	3944.1395	54.452368	44.21509	0.019359738	0.028123771
2749	2.2073217	-0.52373825	0.58234468	2598.8813	47.156072	43.318695	0.10647122	0.29720819
2750	0.61344845	-0.53730687	0.78793178	383.88765	10.709521	9.1992587	0.0065931435	0.17830811
2751	2.0212632	0.70309475	0.57444386	2297.0966	46.869494	45.774379	0.049451377	0.024305463
2752	1.8830374	-0.03802473	2.473125	433.68601	3.7006793	1.4154244	-0.044896979	0.00068235306
2753	1.4398134	0.43174651	2.6587579	3695.7847	35.250027	34.885333	0.0080413214	-0.026998082
2754	5.7574519	0.14195682	0.62300352	781.76096	10.160388	6.9754045	0.0042440955	0.037609868
2755	0.19170519	-0.76401288	0.61157001	4864.5886	58.280534	43.454572	0.064586163	0.073316412
2756	2.6174243	-1.1347867	2.1820519	1108.8256	12.692021	12.587884	0.021250519	0.12394116
2757	4.0477888	-0.62263436	2.6085011	2667.1519	48.490691	40.771306	-0.090392727	-0.076574265
2758	2.6525145	0.20567022	1.0321763	117.42814	20.884122	1.3172698	-0.12535427	0.14695382
2759	2.2235881	-0.069172259	2.2613482	1162.3572	30.201054	12.407317	-0.053711075	-0.353175
2760	6.1973309	0.27488044	0.14844338	5644.5623	92.992765	65.34383	0.1079537	-0.3173809
2761	1.6427458	0.093646742	2.8475815	790.09467	8.9918627	8.484207	0.1282163	0.038016907
2762	0.053724977	0.49102927	2.7199911	1763.4937	38.844707	38.214381	-0.0068634576	-0.24762811
2763	0.94053692	0.44862241	0.59542849	368.45178	9.931071	1.3380863	-0.022390577	-0.13069204
2764	5.2786403	-0.84014805	2.3309833	1891.1793	14.218209	9.238876	0.12288751	0.84942674
2765	0.24475484	0.38829045	0.30860159	2308.0334	13.29741	12.799162	0.19314069	0.050245988
2766	2.6986731	0.44045564	0.71611554	972.62764	11.267599	10.02629	0.14772217	0.22667287
2767	0.81065064	0.75519841	2.7921412	389.16486	9.203757	9.1627283	0.1739553	0.027533965
2768	1.2891679	-0.73625419	1.1014501	1338.798	71.236027	61.016142	-0.065774875	-0.018108059
2769	1.5277048	1.3900167	0.45650264	506.38587	23.333358	11.19391	-0.02100718	0.087603706
2770	2.6142249	-1.00761	1.9635377	2544.1148	38.174369	36.612076	0.14876607	0.0070881378
2771	2.8352407	-0.12527215	0.59212514	2998.1208	37.031701	31.372352	0.02358987	0.13494712
2772	2.094196	-0.44726518	2.6562642	2311.6289	32.494294	12.664151	0.077910727	0.073028985
2773	3.2273721	1.2926812	2.894672	246.75018	1.3399256	1.2951011	-0.030910835	-0.16824879
2774	2.5559373	0.17134726	0.75314618	317.27845	2.5283041	1.4175155	0.17532733	-0.081259623
2775	3.5024549	0.088831071	1.1324755	487.39238	11.169438	2.6406426	0.1380049	0.015598284
2776	5.0782473	-0.34507525	0.79321765	2010.4828	32.112775	19.932983	0.025449344	-0.0028999873
2777	2.3548217	-0.10593784	1.3955158	1223.9442	40.911249	30.503852	0.064586163	0.073316412
2778	1.9979092	0.039906209	0.9289787	129.45045	1.8406081	1.5977041	-0.0043868278	0.28738382
2779	0.5427609	0.53200667	0.13628501	2825.8995	15.811113	12.167067	0.028454508	0.065626576
2780	1.9718946	-0.88438018	2.6626824	781.10724	11.001949	2.3292688	0.26021564	0.21037823
2781	0.97501699	0.71049302	2.8053563	723.58728	9.7469696	7.749181	0.12238868	0.016385347
2782	3.9228564	-0.57842868	2.6176411	5788.4061	63.978294	48.427016	0.0045118104	-0.31733225
2783	2.7432465	-0.022549464	0.83362684	2692.5203	44.949273	40.237903	-0.017154881	-0.66226131
2784	3.4934674	-0.15736879	2.777375	2401.8462	41.950158	40.657834	-0.1152407	0.47566877
2785	2.0581477	-1.0919827	0.49185219	2596.547	17.490999	14.238335	-0.24075445	0.097955105
2786	1.3114554	0.73160442	1.1390196	1330.1546	12.338201	12.30404	-0.026397566	0.02997778
2787	0.37457537	-0.72777152	0.58264299	1137.043	10.787105	3.7166888	0.20929493	0.16816611
2788	5.2576699	1.4085946	0.73698094	326.67372	10.33649	8.2136041	0.036091285	0.016677577
2789	1.7934582	-0.087751624	2.7696372	1107.4939	16.737008	8.911855	-0.081964607	0.029928423
2790	3.9882635	0.37303959	2.4369355	4903.0366	64.663885	41.570217	0.1171643	-0.030507692
2791	1.4450194	-0.27283292	0.6046622	1714.8636	12.931456	11.830275	0.040023175	0.098686805
2792	2.4623531	0.31609676	2.9185268	435.55195	21.183833	9.7799053	0.2045592	0.055876885
2793	2.0273066	-1.1202218	1.7562289	2071.1588	92.002094	66.058791	0.0019690627	0.017006438
2794	6.0776813	-1.1166768	0.3606336	2564.3742	55.694179	38.279354	0.20299811	-0.25097702
2795	5.9598517	1.0573526	2.1117717	636.5366	13.55134	10.882204	0.1320528	0.24246913
2796	2.8815192	0.091675666	0.93721664	3896.0655	71.606547	61.133459	-0.038613179	0.17407161
2797	5.0042123	0.93542588	0.36177094	5436.554	62.640333	36.260955	-0.0019475106	-0.048303581
2798	2.8587312	0.0088052749	2.4938955	2804.1466	53.724576	42.186012	0.046830811	-0.19970404
2799	1.2816447	-0.96136244	2.5788356	11245.305	116.49705	80.17623	-0.02472208	0.17596432
2800	0.066960865	1.0797452	1.8124995	1184.1407	27.48746	23.866245	0.049037369	-0.14996865
2801	0.88170818	0.27258875	0.95311328	1969.0631	42.622112	34.839329	0.086927586	-0.061098643
2802	1.6051483	-0.85668797	2.8247429	512.28292	2.813717	2.4578758	-0.090098	0.059121221
2803	3.7995438	-1.289152	2.9221845	216.74117	2.0814148	1.4935381	-0.0087915892	0.30179406
2804	2.5324646	0.94415354	0.75201706	2046.555	92.532193	49.079048	0.094809637	-0.02519319
2805	5.3342278	-0.52278365	2.6155142	1504.2066	11.068566	10.507404	-0.078501593	0.042963506
2806	4.0374163	1.0796192	2.5314019	5765.1502	52.30911	33.87779	-0.033556476	-0.023625441
2807	1.287621	-0.67387954	0.38468513	2141.3793	44.522731	26.177358	-0.024966103	0.041449438
2808	4.8824521	-0.38478071	0.65756021	1914.8049	25.432979	20.589641	-0.032222306	0.18733355
2809	1.8847758	1.1402001	2.5384734	3918.1255	54.104009	35.370049	0.34702572	0.026627598
2810	5.5080949	-0.12984214	0.30856698	1146.1496	9.582806	7.8415847	-0.35731502	0.1083221
2811	2.9260044	-0.65927276	0.33168885	536.45913	7.1746551	1.9909193	0.14397004	-0.14410823
2812	5.7554349	-0.56452352	2.65065	1449.9864	12.423555	10.178624	-0.011716659	-0.010571758
2813	2.7094787	0.038918717	1.9149007	2927.4629	52.642146	51.10532	0.0037051791	0.02054531
2814	5.9808669	-0.031545342	2.9205328	2451.0885	52.892621	39.92624	0.059672988	7.8184386e-05
2815	5.8012648	-1.0252914	1.9924291	1276.2791	41.703639	34.762114	0.2826543	0.12337604
2816	1.3976469	0.76105739	0.90071544	2235.3235	49.183552	29.026709	0.14336568	-0.1050757
2817	5.0999032	0.97701337	0.54766682	3518.0909	34.456567	24.697941	-0.018261825	0.052939768
2818	2.1392185	0.2947246	2.212444	512.14737	10.935998	9.1024283	0.079706815	0.072071447
2819	0.24258036	-0.84515971	2.7830783	824.22646	9.8554371	9.705035	-0.096873701	0.029082685
2820	2.8766292	0.39218131	1.3789699	569.61953	9.6223166	8.5667343	-0.037768348	-0.1879882
2821	4.3438604	-0.24506585	0.73450455	542.76051	31.193564	31.03957	0.082390748	0.13722025
2822	2.2471271	0.30013756	2.4735873	1811.3818	12.803288	12.692948	0.17954813	0.1049875
2823	3.3195202	1.4706633	0.28145943	2028.3936	46.504567	41.192725	0.4251456	0.021346122
2824	1.6945796	-0.59729059	2.8093375	420.09515	2.1989993	1.9628422	-0.0021276174	0.09633716
2825	5.479924	0.38570664	1.5178877	896.73496	38.149166	23.968436	0.0030333631	0.10214975
2826	1.8258333	0.38206026	1.9129444	547.74988	63.640415	30.088254	0.06063296	0.076364516
2827	4.7062595	0.81963975	2.5040831	3246.2339	42.172302	33.04975	0.26734679	0.10300608
2828	1.6557017	0.71795252	2.1858597	743.9314	12.101131	11.998266	0.00045690185	0.010259034
2829	3.4615199	-0.86338551	2.6606239	3182.9463	37.925989	31.005991	0.040349734	0.17929036
2830	4.6703234	0.16300135	1.2354757	1230.4225	24.700531	24.546224	0.26327943	-0.013081993
2831	5.4157247	0.2565629	0.25818943	401.32991	1.8671785	1.5819365	-0.035347358	0.012311695
2832	0.37173234	0.074929324	2.227161	3948.1039	76.301302	63.569323	0.15475525	0.27264069
2833	3.3855073	1.1639881	2.7985944	2442.4337	39.626289	32.818081	-0.091109071	0.23444074
2834	5.6898783	0.39756942	1.9017483	966.29901	10.722972	9.9216464	0.11186139	0.22890057
2835	5.3039082	0.73620871	2.6589163	1606.9396	73.213247	45.021685	0.35076452	0.016433507
2836	4.8994308	0.74396497	2.7249658	3746.0639	44.464653	36.430082	-0.14333457	0.02597238
2837	2.611662	-0.085185315	2.1093609	1414.4689	20.428202	11.541567	0.72774863	0.06357666
2838	3.7215612	-0.97827891	0.59071361	1971.648	27.35753	13.498397	-0.026652078	0.025258075
2839	4.5703534	0.13241191	1.1631977	1384.086	28.257361	20.710395	0.099289885	-0.21065405
2840	4.4339901	-0.4428287	1.0517195	1880.4988	49.231117	38.046493	0.01023406	0.055403436
2841	3.5260966	-0.8802469	0.37472146	4932.5192	43.050372	37.748306	-0.35632575	0.32400742
2842	5.5642605	-0.70477258	2.4179599	425.24956	10.902992	8.6190997	0.048153376	-0.0049906967
2843	0.27405748	-1.4145721	2.2069189	1235.3906	28.071053	22.306066	-0.033204722	0.34485145
2844	6.049905	0.30763939	2.6716758	1256.7047	42.548967	32.428946	0.0077049649	-0.20673598
2845	3.6694747	0.29432305	0.56453289	2290.5447	76.969124	66.673315	0.096002574	0.020341896
2846	3.2105588	-0.7149925	1.3887248	1430.6597	106.03849	74.930515	0.56374515	0.1590644
2847	3.8448365	-0.40452745	0.52440752	1166.5296	15.42342	10.957504	0.043437077	-0.021527346
2848	2.2501526	0.22678866	0.31004142	3813.5951	98.067781	93.186422	0.23607918	-0.11042597
2849	1.0156105	0.93064279	2.2372385	1230.2332	46.104271	30.618555	0.0081906495	0.064520775
2850	4.9316695	-1.1726448	2.4273776	1663.6375	29.038848	18.712088	-0.02258787	-0.1563341
2851	0.42342191	-1.2249229	2.2569854	3542.0332	94.566407	56.458445	-0.066888948	0.0080913892
2852	0.79555739	-0.67086128	0.98139193	703.01658	36.651907	18.194917	0.22752647	0.13988587
2853	1.0615417	1.1584155	0.68447252	1233.8692	15.845046	11.796417	-0.43071607	-0.17735672
2854	1.563286	0.12178092	0.47909561	263.6407	7.2328097	2.4595444	0.1687986	0.16562981
2855	3.4771915	-0.029376791	0.74658753	769.66394	10.072204	9.445977	-0.015436696	-0.092321328
2856	3.8659098	-0.067611162	0.79605818	2579.1392	49.088572	34.909652	0.019582618	0.071933897
2857	1.8681106	0.36119911	2.1515419	1011.0398	12.719663	12.358928	-0.45090173	0.00033556413
2858	3.361146	-0.79499717	1.8672346	2387.6633	50.226772	50.006327	0.59306548	0.10702566
2859	4.1251169	-0.4172167	0.78411965	3438.0355	40.379223	35.659264	0.0039873845	0.33495103
2860	4.2427511	0.62675373	1.2916084	1405.7689	10.150078	7.6611528	0.02182313	-0.0086261745
2861	0.19602281	0.53504955	2.6899584	246.53875	6.7822412	1.3834146	-0.031570935	0.0021681065
2862	1.5677825	-0.10555375	2.9334119	2975.6687	46.285832	41.313816	0.072724055	0.17179475
2863	2.992151	0.67855392	0.33334879	4347.8452	118.03383	49.243841	0.023040989	-0.09339991
2864	0.10233251	1.2291237	2.7253475	3893.8519	47.491726	45.686048	0.1926056	-0.13547596
2865	5.4595303	1.096979	0.50422645	4406.0299	66.110907	47.901805	-0.0097793139	-0.039461723
2866	1.2908124	0.87142824	2.2120354	4591.3949	78.809806	29.28385	0.010140386	0.14878449
2867	4.6194082	-0.29233094	0.52563464	5977.3945	58.784251	51.857308	0.14672276	0.02253791
2868	3.7056542	-0.97192285	0.10463065	5742.2834	92.249591	62.493486	0.078391155	-0.014767012
2869	2.9897506	0.61082181	2.1705817	1159.0954	38.112517	37.657364	0.007128483	-0.14190472
2870	1.8582459	-1.1499864	1.7687524	2492.6635	51.661099	41.374313	0.4283164	0.17152055
2871	0.76771382	-0.41178557	1.0100529	1534.5107	46.36998	38.364776	0.045095764	0.2547188
2872	1.7008187	-1.1163718	0.52597796	3104.8064	43.339042	33.504365	0.014413482	0.36624465
2873	2.825071	-0.20948855	1.9487039	550.65454	36.927095	35.948205	0.03765855	-0.013596393
2874	1.3752705	0.21858745	2.3319999	1461.7785	39.271929	19.151157	0.16974359	-0.13735579
2875	1.1504087	-0.93003666	0.82876089	2606.174	38.274677	36.758945	0.10835026	0.17218115
2876	5.1973097	-1.2989364	2.3979818	1960.4785	44.836864	42.223271	0.0041995154	-0.28016146
2877	1.4496767	0.39321666	2.5765447	3194.232	44.205072	40.715855	0.014623544	0.049641983
2878	2.6107088	0.34136205	1.4363267	196.51632	3.4920441	1.4478409	0.0029111526	-0.030045348
2879	5.1665928	1.0812983	2.3071369	268.87255	1.4226506	1.4019232	0.088521892	0.11118316
2880	1.9790655	-0.9676339	2.372557	6820.4152	58.410692	57.836774	0.072280686	0.57235161
2881	5.5836532	-0.41913109	0.87043748	6382.5139	69.073858	45.16887	-0.037277526	0.3899095
2882	4.4116621	0.39772808	2.9899237	1115.9571	13.209599	1.8975295	0.11078104	0.14978867
2883	1.3784291	-0.22374885	0.97748126	6380.968	108.74145	63.224794	0.0030043415	-0.12228086
2884	5.4974578	-0.25248436	2.4258736	2445.0098	31.812235	19.781723	0.056847081	0.024958128
2885	3.5321149	-0.47532331	0.98234608	1265.7577	40.233397	35.903748	0.0019418838	0.078691431
2886	0.29127725	0.97218976	0.55354143	1005.6108	31.043585	12.675379	-0.035906779	-0.14757727
2887	0.21486722	0.49986801	2.5321467	2262.289	13.441726	12.26805	0.087446868	-0.018245777
2888	4.2206562	0.86780244	1.0961632	350.82647	14.248451	1.7868263	0.023900307	-0.049797039
2889	2.8823026	-0.61222655	2.3540686	1146.3174	30.663495	12.184522	0.24603933	0.073855616
2890	2.6255709	-0.061906017	1.0035783	979.59608	36.725195	31.351584	0.24624372	0.2399042
2891	6.2673156	-0.59449899	1.4136772	673.48804	8.811739	8.5747318	-0.0465795	-0.074674098
2892	5.6779361	0.10850075	2.6279798	6735.0103	67.353925	53.003119	-0.074179329	0.1371421
2893	4.1272182	-1.0784028	1.0519882	909.82404	27.893866	21.830785	0.44704188	0.095691349
2894	5.9834201	-0.73282105	2.0312004	311.38708	11.211924	2.0253887	-0.003075249	-0.038310324
2895	4.86001	1.3503493	2.287532	1116.0757	11.229025	10.731092	0.056643179	-0.083816815
2896	0.57869476	-0.58913008	2.3709545	3912.8095	50.997691	14.916504	0.15304698	-0.086691556
2897	4.9146101	0.30817127	0.52420211	4347.6104	59.112007	57.021054	0.039987788	0.069427137
2898	3.9334825	-0.16839579	0.81481633	2758.223	42.060701	35.706313	-0.049824691	0.08145117
2899	5.4139809	-0.64995371	2.1282051	4011.7046	61.81767	45.662888	0.14168934	-0.054802239
2900	2.1290177	-0.45406915	0.31918547	353.03113	1.3716813	1.3352463	0.03086057	0.0077887495
2901	2.9963837	-0.16497133	2.2322257	2043.3555	44.485892	38.038112	0.079840837	0.0053062207
2902	4.7303022	-1.0186165	0.55692833	2988.1379	64.647783	49.531417	0.043230054	0.14008775
2903	2.6277728	-0.25758076	0.63539062	6283.8016	67.196473	62.914528	0.33564978	0.18552221
2904	5.9723098	0.15956381	2.8699899	453.55304	8.7577222	2.8410698	-0.0018267351	0.23439006
2905	2.4618489	-1.0379971	0.38571417	218.35467	1.3424011	1.1682324	0.17077535	0.045983069
2906	1.7374694	-0.1293316	1.1572473	1261.7483	36.417936	27.713409	-0.46984138	0.22344499
2907	1.8143835	-0.4734691	2.1207033	302.91912	13.042237	1.6031993	0.10321394	-0.073014838
2908	5.3763334	-0.66751301	0.59524942	8782.0209	105.62578	82.650834	0.079822838	0.39566458
2909	4.4292003	0.24157442	0.83099588	1200.3609	11.641451	10.353841	0.19943735	-0.013255466
2910	6.0343942	1.287403	2.217546	2943.6284	56.250682	45.443598	0.041571115	0.021370695
2911	2.3116095	-0.56842787	0.18092096	3473.8899	45.200906	13.45908	-0.21128517	0.02018324
2912	3.8692328	-1.1365528	0.24807814	2118.4567	14.494085	12.389777	0.57419447	0.49870837
2913	4.8042333	-0.79049618	2.7196187	1167.3225	10.598608	10.084862	-0.32648989	0.21977222
2914	0.03707642	0.11217052	0.9026954	1961.1976	54.523386	43.563745	0.12565706	0.032744893
2915	4.0085337	-0.52293941	0.70013499	3026.9645	43.068377	31.316896	0.22871403	0.53636873
2916	5.5564365	-0.65593081	1.9400743	1749.5009	21.731887	10.971596	0.6691311	0.012016383
2917	0.28544273	0.066920139	0.56616903	1118.8114	12.126554	11.052349	0.13642636	0.15968957
2918	0.23483458	0.77241612	2.5631681	389.35667	1.3923589	1.2470283	0.0073085477	0.035618461
2919	1.2181369	-1.2431494	0.54126333	2365.9943	103.80128	49.071062	0.032441373	-0.0055545533
2920	0.27860553	-0.86625632	0.5757421	2411.8746	69.64978	33.065021	0.19920915	0.075098491
2921	0.37344432	0.4014215	0.81086456	717.25993	31.141667	3.2675965	0.47825781	0.34301268
2922	3.7505296	0.70090655	0.30836638	455.34353	37.888866	1.4666027	0.21268264	0.048351489
2923	4.6427763	0.66744777	2.1441117	2859.2159	60.409935	47.046969	0.01501654	-0.13835637
2924	1.3138655	0.9342988	0.38984371	4227.8764	62.328696	57.12764	-0.0032542982	-0.039436734
2925	1.2717043	0.40217494	0.91915766	728.20851	21.906198	21.188503	-0.010681805	-0.21780534
2926	4.8517898	0.27531663	2.3026459	1116.7183	12.760055	10.179895	0.16293969	0.0010105805
2927	1.3246246	-0.88320322	0.52693422	754.07467	22.020787	3.6716603	0.051207758	0.018860178
2928	5.7906442	-0.029061714	2.4533985	314.31255	2.8401444	1.3481082	0.049101791	0.29918997
2929	5.1283514	1.2027534	1.0846649	3338.5853	61.005734	38.899609	0.27398332	0.18731676
2930	4.2670211	-1.4702233	3.0872027	3258.3471	63.49814	58.602468	0.019272677	0.062471577
2931	0.44885879	0.21456644	0.25154103	3300.5542	41.461563	40.587584	0.16953064	0.058046305
2932	1.2547244	0.41805441	0.88543697	489.99501	21.342785	9.2789586	0.16618243	0.60554966
2933	3.0346996	1.1822953	2.3945832	5079.6488	52.201875	52.160394	0.25342976	0.22872758
2934	1.0272443	0.60186602	0.15554714	1956.8852	57.625159	44.165395	0.1187849	0.0015443858
2935	0.0134307	0.36170748	0.40943053	3795.901	53.285193	38.141579	0.28127886	0.022899045
2936	0.12454753	-0.91978686	2.8198569	9914.1019	79.8543	75.730359	0.027418478	0.024892757
2937	4.7907287	0.69985362	1.6962548	3458.4724	144.31964	53.686078	0.29578606	-0.020314798
2938	5.4260324	-0.076670222	1.1733087	1188.3265	38.396049	28.720821	0.13064699	0.089822801
2939	4.187304	0.070109697	0.82025932	1325.0531	33.165588	26.993654	0.1598123	-0.08426777
2940	3.858454	1.3132725	0.68016214	3698.1841	46.337423	41.908248	0.045148514	0.098018958
2941	5.9981705	-0.40180985	0.22316229	4333.6821	57.432791	52.983531	0.10077789	0.092360144
2942	2.5036362	-1.3163362	2.1529495	1843.4352	32.103431	27.132461	0.035607756	-0.10276815
2943	4.706461	-0.010491675	0.96837871	2515.2325	47.999791	46.604999	0.042572494	0.028048651
2944	0.54791455	0.2272034	2.296514	2621.1391	100.99936	62.661346	-0.013688014	0.034587906
2945	1.8080733	-0.29227976	2.2981768	868.00874	39.630334	28.991798	0.035913516	0.054515499
2946	4.9164532	-0.39746491	1.6755915	1655.8118	13.505663	10.3834	0.28178252	-0.015141073
2947	2.0357798	0.11317461	0.23293513	9562.0976	184.25631	173.81864	0.57882719	-0.0029882964
2948	2.5968259	1.1186869	0.8736786	4404.5763	52.282001	41.775533	-0.0073605297	-0.035967681
2949	2.2569185	-1.1168361	1.1956752	1509.0437	102.06566	96.28389	0.57882719	-0.0029882964
2950	3.5203934	-0.12546008	2.7650482	5152.2116	58.811916	44.043553	-0.0023007433	0.1707536
2951	3.5058413	0.76173131	0.16190422	3762.8084	13.598905	11.520808	-0.025903308	0.048009146
2952	6.18627	0.49334932	2.2977828	453.33338	9.753833	9.082151	-0.025855368	0.015220554
2953	6.2348664	0.95176516	0.2511134	1341.6426	12.623348	2.6736355	0.0032100457	0.0084205836
2954	3.5087753	1.3306991	1.4585662	738.18922	42.905776	27.244825	0.15933422	-0.094694598
2955	0.38124332	-1.0616901	0.87817937	716.84845	10.025645	1.8480541	0.035734311	0.049237393
2956	2.6725666	0.1070173	2.2304868	1726.9299	47.381914	36.224969	0.20094972	0.00038507105
2957	5.478946	0.42349455	2.8843555	2213.8815	12.886087	11.566518	0.014099116	-0.058551397
2958	4.3201781	-0.33146144	0.81228802	3140.0099	44.872515	23.195867	0.11260196	-0.34995355
2959	3.8210148	0.82322	2.2835666	1511.5418	32.628491	27.007072	-0.085662666	-0.13745551
2960	2.5406464	0.060578492	2.1243191	1909.6787	48.433661	13.291359	0.6513813	-0.13903339
2961	4.6798884	0.28047098	3.0875603	5282.2294	68.98661	61.476624	-0.027748399	0.038368233
2962	2.5270942	-1.0712189	2.852461	2264.9178	14.550462	13.308043	0.27543247	0.017066315
2963	3.6185762	0.90233591	2.4828923	532.81744	6.1963299	2.0259109	0.0062441306	-0.01375828
2964	4.3508636	1.0134659	2.6960723	1930.3616	29.652725	22.848194	0.087709413	-0.12304594
2965	0.33226582	1.2138381	0.54499801	1094.7047	12.390531	9.0322342	-0.25728856	0.015867993
2966	5.2994545	-0.50889064	2.6308455	6810.4339	69.087078	63.152616	0.42739651	0.010811847
2967	0.82290614	-0.27713098	0.62854655	6320.8621	95.68035	73.23605	-0.17695072	0.04489921
2968	5.2145683	0.72936516	1.9164517	139.6248	1.4879551	1.3386632	0.11800554	0.18326043
2969	4.7826346	-1.0689292	2.3699075	3419.2893	49.416897	40.585528	0.0011479263	0.26684738
2970	2.4077571	0.21017483	0.41374533	2060.2221	12.746828	12.205125	0.066950577	0.07318681
2971	3.6647421	0.59845318	1.8677139	981.58457	12.232297	12.146802	0.062233175	0.34304067
2972	0.41308339	0.27840213	0.55672377	1234.3885	22.791532	12.394258	0.081421417	-0.22670799
2973	4.2119404	0.56552799	0.21877151	664.35633	3.2984886	2.926811	-0.0085717722	0.14156178
2974	3.9014003	0.2458531	0.53026972	587.85267	10.412584	9.1298777	0.00071005105	-0.068018657
2975	4.54285	-1.2254971	0.82261627	2423.8204	52.334398	50.74842	0.043754826	-0.055915436
2976	4.183847	0.53927272	2.525661	1283.0657	32.143576	31.522634	-0.0059980481	0.3757277
2977	2.5877685	0.094780178	2.3370302	3700.6648	52.763965	44.134693	-0.14826038	-0.16016802
2978	0.63052029	-0.38476447	2.5831871	261.3089	1.311849	1.2416357	0.11428532	0.012866613
2979	3.2805118	0.33659898	0.47578022	840.62777	10.501628	8.2720752	0.19339012	-0.063177668
2980	5.1241587	-0.33187423	0.12382662	1959.4873	12.299955	11.206263	0.015928404	-0.018905845
2981	2.4883634	-0.92751583	2.023826	1435.4318	39.15269	29.025129	0.17202408	-0.099845317
2982	5.6459649	-0.050129356	2.7369314	3095.0697	105.10901	48.796955	-0.034211359	0.04558509
2983	5.1618074	0.60473125	0.92504554	251.47822	9.0468192	1.6467705	-0.11998488	-0.18223768
2984	4.917825	-1.0800158	2.1030995	5078.983	138.59618	130.12791	-0.022630093	-0.045708863
2985	6.1277101	-0.31754549	0.84673226	2119.4888	50.123401	42.452114	-0.011554964	0.062122432
2986	5.7091533	-0.66757144	2.6243477	6590.5038	62.052603	52.927732	-0.061128474	0.27972844
2987	5.0164645	-0.49295282	0.9476162	1295.2533	13.781815	11.519101	0.025152893	-0.085906805
2988	6.0772918	-0.13881498	2.1346738	2865.46	49.259202	45.623047	0.50331915	-0.089149784
2989	4.4362395	-0.19996714	0.52510083	212.23065	44.113048	34.777759	0.046572699	0.33771434
2990	0.56955928	0.3674744	2.1669946	2979.8531	32.796586	32.77715	0.48541176	0.0040702891
2991	0.68797732	0.28034722	1.777323	500.71941	37.299299	27.976831	-0.12028441	0.063682008
2992	5.9648705	0.64456303	0.91343051	1121.0591	38.941829	37.458506	0.019093627	0.13514091
2993	3.1067796	1.4497811	1.3551546	53.782338	6.7524721	1.9250081	0.42508837	0.15731996
2994	4.50343	-1.0214235	0.79798128	2848.2503	34.530179	29.219204	0.30219272	-0.2736976
2995	4.5617515	0.56289593	2.1472338	325.98499	2.1583604	1.2450771	0.18173003	0.0042735992
2996	4.0682898	-0.20185106	2.3192381	1503.2031	42.460599	11.027992	-0.034661987	-0.067785641
2997	3.0155511	0.2881383	0.90843746	4622.6864	142.55098	135.58048	0.016718633	0.096709232
2998	0.4715505	-1.3852541	2.0132088	463.20714	11.056906	9.2784415	0.099424589	-0.12417907
2999	5.6332188	0.7331544	2.2872976	3832.0163	108.746	49.775599	-0.01213704	-0.056774201
3000	2.9573194	0.54587827	0.59487178	398.52992	5.8425788	1.3366095	-0.20494158	0.12964209
3001	0.37010914	-1.1981734	0.46696602	533.08871	11.747837	10.438364	0.042710091	-0.3094033
3002	1.0988198	0.63539125	0.038578147	2089.5583	54.059778	47.732858	0.13607512	0.0097177916
3003	4.930932	-0.24278807	0.79767016	808.83727	34.412656	20.232845	0.089614903	0.0038635339
3004	0.032353657	0.14929715	2.402704	9058.4806	85.357262	84.697746	0.096229125	0.025345722
3005	4.8139785	0.8365147	0.48291842	2095.7251	28.717323	12.73642	0.0067359459	0.15946768
3006	5.3221753	-0.39141773	0.53815014	1363.4104	20.886243	9.2225562	-0.0027014769	0.014399554
3007	3.1241116	-0.19102271	0.91976514	2257.1667	65.962269	51.572365	-0.034848222	-0.014204896
3008	0.48940473	-1.4150269	2.4241402	2008.8367	49.737891	41.753322	0.1039339	-0.026053424
3009	5.8760225	1.2334024	2.913028	3782.0013	58.425696	41.967453	0.0076813616	0.042359204
3010	5.4289343	-1.3799291	2.2334349	1976.6461	51.376532	35.979912	0.0081433051	0.088054293
3011	1.1305301	-0.19711236	0.87036905	666.32801	16.123225	9.2037068	0.1314693	0.1818233
3012	6.0378285	0.29124241	0.49296648	2911.2559	38.398652	33.063848	0.025160266	-0.097111146
3013	5.22296	-0.24928768	0.2371225	1430.7523	12.77799	12.61577	0.14648707	0.043410615
3014	4.0799014	-1.3202418	0.63553992	3496.984	54.100207	42.82782	-0.15734059	-0.19735322
3015	3.0498791	0.96509467	2.1463664	1059.7919	11.721403	10.156936	-0.024897687	0.43976116
3016	2.0801908	-0.47118142	0.65738083	2539.7184	31.941433	21.984837	0.30691113	-0.011018504
3017	1.7771758	1.0980593	0.60674959	3165.8895	58.166339	53.809468	0.023232094	0.16599281
3018	0.89969087	-0.81726305	1.4439824	403.7242	9.9298951	9.7466525	0.010355478	0.16586365
3019	2.2028454	-0.24201711	0.73976648	433.65487	2.240435	1.4442105	0.075300982	0.0025052375
3020	3.0389839	0.0083053036	0.089442915	1937.2057	12.290806	11.520323	0.06664212	0.073263818
3021	1.9018191	0.825795	1.1576462	1786.7688	37.071231	24.517482	0.11775162	-0.0046193535
3022	3.8474161	0.13264286	0.71119085	2711.1802	61.961074	39.909892	-0.17019282	0.061540926
3023	3.9812598	0.73701536	0.25124978	560.66403	30.615956	23.716586	0.026602891	0.027885522
3024	5.9235377	-0.83026068	0.11844625	1828.7686	11.547762	11.499082	0.31368714	-0.089875782
3025	5.7180145	-0.69324714	1.1556091	110.44273	1.4183207	1.2300891	0.129891	-0.16029039
3026	6.0072199	-0.16459958	2.1157312	729.47855	23.659803	11.727015	0.03518686	0.016706726
3027	0.33938407	0.74514478	2.7769667	612.48012	12.101543	9.7684889	0.20555434	-0.0041649578
3028	6.0848768	-1.4898905	2.6133853	2046.7765	15.266266	12.430662	0.011746668	0.32290575
3029	1.3966033	-0.66789093	2.9890953	1076.4727	9.659284	8.9878774	0.076344117	-0.060911111
3030	4.1217051	0.033046409	2.6372881	3704.4275	55.990076	53.514849	-0.1148202	-0.0050444635
3031	3.5154156	0.06479417	0.735782	2836.1158	52.958991	45.488469	-0.00849422	-0.06963667
3032	0.088284725	0.42239845	2.5130333	375.75957	1.6501836	1.3041092	-0.08388532	-0.027160863
3033	5.9076456	0.28029452	0.31909462	365.35261	9.053762	8.7403425	-0.22546725	0.12915979
3034	4.1102231	-0.51197905	0.78372204	5826.7641	85.733029	64.838359	0.14242141	0.5588955
3035	4.8017647	-0.69142236	3.0807278	205.08526	1.7980743	1.6097266	0.079405033	0.10844903
3036	1.2927629	0.09325284	2.8235707	3184.9656	40.135721	36.501994	0.050852185	0.3152308
3037	1.1258226	-1.0284207	0.21772039	1627.2049	13.294346	10.932007	0.12914133	-0.012391881
3038	3.1497866	0.83465439	1.8960155	361.53422	9.9787836	3.5288862	-0.012556091	-0.027933391
3039	4.91878	-0.99819626	2.7687187	8024.7731	78.115484	70.994626	0.00038083928	0.096838849
3040	3.3783075	-0.96289878	0.7113748	1429.5941	15.142354	13.541363	-0.0078502562	0.20804915
3041	0.73547321	0.90059226	2.2179226	1062.778	10.053139	3.5583689	0.025598303	-0.044774463
3042	2.4444622	-0.43398045	2.5838181	2157.6777	41.582781	26.001302	0.033683323	-0.061046237
3043	5.2635004	-1.0034649	3.0053718	1366.2698	33.650359	3.1022067	0.46150141	-0.0026462967
3044	2.1194758	1.2825386	0.78244419	1464.1111	21.082175	5.1202192	0.19703251	0.1466767
3045	2.7543175	-0.3510676	3.0027462	3151.5812	53.07529	23.530551	0.027793579	0.34238889
3046	3.2042081	-0.9230297	0.7552547	5837.0393	62.191542	55.37372	-0.014905246	0.019189051
3047	2.6467952	-1.0319293	0.43479072	1414.4421	16.373221	11.899682	0.1738983	0.08103486
3048	1.3307938	-0.33996245	0.22735396	5398.0533	104.45428	90.049358	0.4189166	0.028699296
3049	1.3806886	-0.67425625	2.4807425	6257.923	59.557598	47.359456	0.050983454	0.13732913
3050	2.5171273	-1.2190492	0.22296421	5092.2466	48.291602	44.406343	0.40179831	0.026727496
3051	1.368815	0.3449008	2.6853485	1126.7558	13.456171	9.2579554	-0.12966074	-0.0042352517
3052	3.1268431	1.257564	2.3538026	1402.2208	22.953015	13.264083	-0.019849466	0.080060436
3053	6.202824	0.80051044	2.8475452	3621.2028	38.21062	36.919786	-0.034884758	0.44505487
3054	3.9394708	0.50417791	0.60270687	1693.6105	12.421659	9.1121349	0.029051717	0.095877783
3055	0.32076953	-0.7390109	0.7378871	3671.8515	44.106387	42.466468	0.010625154	0.21480171
3056	5.8714013	0.74442459	2.3961715	3849.8371	54.662669	53.027843	0.15840312	0.026225767
3057	5.3298138	-0.23700595	2.6518202	12442.33	138.1309	90.865407	0.0079545105	-0.044505113
3058	2.9122443	-1.022929	0.81109672	1399.1123	12.7482	12.041702	0.064154809	0.032255163
3059	2.3234735	-1.2792179	1.7807512	806.10391	15.226521	14.278695	-0.028834481	0.17775629
3060	4.8174374	-0.38177077	0.51429227	1369.3185	13.360236	12.770496	0.39218755	-0.0012437565
3061	5.4661115	-0.32342518	2.5599352	489.17915	37.268639	31.87834	-0.05493378	-0.095105934
3062	5.069755	-0.55865089	0.34491435	608.0755	35.102844	1.3381662	0.0016981525	-0.045573735
3063	1.858783	0.54369721	1.1545331	422.26166	9.8399816	1.9358815	0.035255306	0.083229603
3064	1.5607356	0.49641401	2.3853244	450.55523	8.8746228	1.4558959	0.049108656	0.041961734
3065	3.1722394	1.459405	2.0563698	584.87577	9.7443437	8.3393129	-0.0012416611	0.024548914
3066	2.8082373	1.1748682	2.1483826	767.49584	10.32802	8.9852044	0.18346466	-0.1676027
3067	1.358932	0.63254912	2.1878062	491.95515	3.8694314	2.2356517	-0.026883977	0.0063739809
3068	2.1656379	-1.3006275	0.79206242	4214.2213	64.357679	58.405884	0.17849562	0.069740677
3069	2.4196098	0.076330844	2.7564387	1192.7531	12.043395	11.167309	-0.056253645	-0.058826308
3070	3.5127266	1.011462	2.5088734	176.20151	7.5010264	1.2472784	0.18332432	0.03162011
3071	4.1376625	0.5866234	0.48528988	2155.8865	12.200907	11.593263	-0.040467972	-0.026441707
3072	5.3732381	-0.097070351	0.89874631	2831.128	65.169868	31.23184	0.039249015	0.011342684
3073	5.430269	-0.94397565	2.7504156	7333.3125	68.244623	51.57874	0.071303031	0.096676576
3074	4.9377805	-0.32438927	1.5448848	2173.8445	37.425329	35.758042	-0.21561496	0.12802247
3075	1.0287794	-1.007817	0.73871323	2720.0138	31.856764	17.808514	0.00028256737	-0.084660064
3076	2.072996	0.47218197	0.98168503	4368.5202	65.812014	64.691634	0.0447047	-0.071033448
3077	4.8271817	0.71673022	0.9036688	3694.6339	47.869306	44.051856	0.11517317	-0.050081107
3078	3.2886697	-0.77899998	1.7573317	1891.4366	44.721133	37.231343	0.39720724	0.014794184
3079	3.1047484	0.578226	0.38272154	977.3383	11.529253	8.4501999	-0.012958939	0.063935925
3080	1.4232292	-0.98912912	1.2996627	141.05634	10.789686	10.113767	0.19361021	-0.040974827
3081	3.3592741	-0.58533444	0.7686798	1450.9247	41.644958	23.917237	-0.034950263	0.047016514
3082	4.5739922	-0.26169088	0.47634782	1290.0771	12.341991	9.5254849	-0.045808618	0.0068395623
3083	2.9583349	0.80487137	0.57007096	3681.3197	43.285619	37.129712	0.11104015	0.13349789
3084	4.2623079	1.0112652	0.35547058	2497.6505	43.207822	26.387224	-0.027038249	0.1291173
3085	2.7821227	-0.48241988	0.21096227	775.95605	41.923466	36.987555	-0.021159433	-0.054949287
3086	1.7153499	-0.69202927	0.41432499	3442.1955	57.30412	50.419821	-0.12620512	-0.10497467
3087	1.1731957	0.25207813	2.8629298	1307.5064	10.258156	9.108537	-0.05862001	-0.42856954
3088	5.8233012	0.66723898	2.6006054	269.96666	1.8784479	1.7157782	0.0045315893	0.23972121
3089	5.539418	-0.3733231	2.4683265	1263.1544	10.054525	8.6977034	0.049818117	0.16052457
3090	3.4657405	0.26264024	0.35948064	1954.6471	22.457326	12.952147	0.19973919	0.010645932
3091	4.7464077	-0.87024633	2.654899	357.66846	2.1090124	1.5469567	-0.0069881253	0.097150987
3092	2.5014166	-0.70215122	2.6481902	3901.156	36.208648	34.060694	0.24072593	-0.035599799
3093	5.482819	-0.23613239	2.1930977	5316.3606	116.62619	62.403279	-0.010183416	0.009601514
3094	1.3213302	0.5288105	2.6261632	414.97433	32.882069	17.489567	0.15201166	0.10912092
3095	2.2679808	-0.65074304	2.4968593	106.81406	1.2573124	1.1591787	0.066352634	0.038758777
3096	4.5594607	-0.86600848	0.52113989	5493.758	55.556292	25.516508	0.36868114	0.33628924
3097	1.3956588	-0.89942932	0.34811313	1384.7126	10.877184	9.5869967	-0.17419684	0.0258057
3098	1.935198	-0.037556501	1.8876305	2953.6488	50.814309	41.875009	0.0016594408	0.028552462
3099	5.7831366	-0.73576547	0.65942231	4590.9753	60.470175	48.895958	-0.17406628	-0.061230683
3100	3.6853421	0.81822261	2.8596491	1495.5841	12.385879	11.695136	0.16175751	-0.14881845
3101	4.285391	0.66911079	2.5904107	4116.2821	59.474563	54.846761	0.3212125	0.036946648
3102	3.5108333	-0.18762344	2.4080669	226.98279	2.0875669	1.8675404	-0.12371175	-0.0092398103
3103	3.4595954	-0.85310271	2.5095073	820.42207	5.1226697	3.8049066	0.0027358689	0.014477475
3104	1.3315666	-0.65029375	0.14042475	506.34063	2.172742	1.494378	-0.11752416	-0.076420306
3105	4.2183698	1.1413537	3.1162981	1752.5915	27.09584	20.934371	0.015245197	0.14092057
3106	4.0027323	0.44667263	0.48545622	512.00335	12.511678	4.8856437	0.013482418	0.060190358
3107	1.280586	-1.3436855	2.644378	3113.3391	50.268659	25.909157	0.38116238	0.14391776
3108	5.0454775	-0.20517705	1.2509676	518.29967	9.9239301	2.9007873	0.023112825	-0.015422204
3109	6.0644792	-0.78987801	2.1368654	2981.4137	144.39789	61.471171	0.10191458	-0.020525357
3110	3.3366667	0.83699416	2.8283488	3524.2931	58.941526	35.521984	0.41084867	0.099770644
3111	0.8025974	1.0214217	2.5597789	1883.3107	15.660389	13.710329	0.040341021	-0.38626869
3112	0.65728918	0.37047965	2.3880598	432.68422	11.335505	10.126634	0.0080958731	0.062371409
3113	6.2110003	0.37877089	0.84984948	299.73561	10.944868	9.6887952	0.13015329	0.072985027
3114	4.9601399	1.3054882	0.54108794	1348.8576	30.633735	30.077416	-0.0067785486	0.031843414
3115	1.1862671	0.47639298	2.8746522	601.56181	9.4954107	9.359411	-0.15538391	0.097266192
3116	5.0298178	0.031030264	2.1797778	236.50467	1.7240747	1.5981931	0.038165627	-0.16390397
3117	1.3622907	-0.2100648	0.45870541	4152.1905	40.326541	33.912375	0.16050706	0.039171201
3118	0.22972982	-0.17758491	0.14125651	367.69096	15.043174	3.6861892	0.041987	0.31051009
3119	1.6986045	0.15819308	1.6618753	2059.659	78.452194	58.853891	0.006566542	0.36627098
3120	0.78449616	1.1680795	3.0194607	2413.0789	28.701765	26.099179	0.0065144831	-0.00072079732
3121	0.3459134	0.86539984	0.75868267	1584.3113	33.395646	26.890697	0.097844383	0.061315211
3122	4.4228741	-0.25465767	2.7235794	607.37166	11.348564	10.493377	-0.0020880305	0.086172445
3123	3.8200415	-0.69558201	2.0149913	259.99232	2.429345	1.2443262	0.068650289	0.060734489
3124	5.1077793	-0.56249885	0.61080321	2537.5454	44.236232	32.652033	0.012729983	0.97009558
3125	1.0151865	-0.7218057	3.0357484	189.65406	37.607104	37.402335	0.022874447	0.32824678
3126	1.4451043	0.65997112	2.600811	3595.9118	86.242994	39.114112	-0.17900794	0.035185342
3127	2.5999108	0.84289554	1.1794223	1346.1555	33.007409	31.168029	0.003405685	0.25506149
3128	3.625657	-1.0480361	0.52598153	364.98691	1.9493466	1.3753136	0.038441951	0.21284969
3129	1.4159958	0.27552445	2.5545698	1648.0453	42.53932	11.020972	-0.064659644	0.0074480594
3130	3.7062052	-0.13926755	2.0415383	643.9664	75.313113	40.619774	-0.090913862	0.063273746
3131	3.8629524	0.12440427	0.34339597	2190.0943	21.167029	20.853059	0.15568675	-0.082639997
3132	2.7750699	-0.65267703	0.68700466	1184.7545	38.294325	10.96542	-0.011307854	0.17728107
3133	1.9051205	-0.27614748	2.7293536	721.77489	11.261092	10.963368	0.038554846	-0.095427867
3134	5.9012572	-0.13472148	2.4870005	1162.5541	38.530069	24.071573	-0.00340189	0.24794017
3135	2.4876922	-0.026295924	0.84683997	1666.4128	13.464227	12.859547	0.01140145	0.30273299
3136	5.2985604	1.3267049	1.6364375	700.44128	12.631817	9.5110646	0.17721997	0.22052524
3137	1.7648546	-1.1030188	1.9900844	735.94603	29.747597	27.644841	0.47177747	-0.0041184309
3138	2.065407	-0.92682091	2.1864247	832.24206	27.845091	10.639264	0.066638883	0.31542555
3139	2.1208164	-0.03624131	2.2438416	767.19856	12.09982	10.844145	0.0013267983	0.17113813
3140	0.41192249	-0.081380637	1.035934	722.19441	11.515938	8.9591004	0.050091937	0.26383312
3141	5.4286519	0.31288301	3.0647529	1746.8059	13.703933	10.790019	0.0084382483	0.11361255
3142	3.3905981	0.80949554	2.4140739	6324.7804	73.780216	66.493923	0.288782	0.0082542318
3143	0.8029188	0.95993146	1.295435	508.08521	11.326645	10.387531	0.14655549	0.0522294
3144	4.9515578	0.29258975	2.5508446	1790.6173	33.214015	21.322308	-0.11517819	0.016018349
3145	2.6778026	0.48468707	0.81627123	1201.4121	12.606774	11.86102	0.0099805358	0.0070556216
3146	0.98019495	-0.91856036	0.9241435	537.32375	22.746064	19.981514	0.0037618519	0.049680001
3147	1.2826467	1.2814118	1.3821798	3626.2299	144.58362	53.127895	0.0094580527	-0.1414441
3148	4.7921971	-0.70782325	1.9206923	455.50086	76.900345	36.725915	0.17867046	-0.44779512
3149	3.9190565	-0.48677689	2.6764222	1251.3795	33.910355	19.772464	0.10078254	-0.011289576
3150	3.401326	0.29808515	1.2844797	1257.5807	56.642401	45.925778	-0.073872111	-0.02243079
3151	0.86461673	1.0426146	1.7986968	1626.205	48.092932	42.605553	0.027391752	0.039699681
3152	4.3201672	-0.75544171	2.6968526	956.18022	24.889499	10.939123	0.032449122	-0.045921826
3153	1.8217713	0.2652553	1.0400773	1006.0033	12.525068	7.1024267	-0.049794182	0.078104127
3154	6.2219142	0.35618483	2.1738988	4187.597	65.887697	60.882273	-0.035991795	-0.02880085
3155	3.9217123	0.087265997	0.49544225	773.60478	13.335884	11.233241	0.0031868894	-0.0028933908
3156	3.0672025	0.10861106	2.2735131	2613.2543	48.422018	29.64068	-0.02310014	-0.10090967
3157	1.9307347	-0.90310526	2.5220438	2659.4292	14.448166	13.083682	0.27022858	0.096287533
3158	2.340928	-0.48441025	2.9280996	496.18971	3.10578	1.3098836	0.027125763	-0.16505365
3159	4.1300775	0.051586413	2.7460766	1130.9824	12.205294	9.9197852	0.16060515	-0.029670493
3160	0.34977516	0.74795061	0.30120235	2971.6691	52.487665	48.157628	0.058777017	0.17539307
3161	0.88123984	0.96471987	1.6074306	204.56436	12.672079	1.3590322	0.0036773792	-0.058429323
3162	0.19626506	0.7026236	2.462035	1228.3131	43.995303	39.118813	0.17414015	-0.066041624
3163	2.7041578	0.015687681	2.3293498	2149.3896	73.027551	14.343192	-0.017957918	-0.33782348
3164	3.0159377	-0.4520116	1.5311064	1910.4412	64.972663	59.549887	-0.0082827378	-0.013278289
3165	3.1086411	0.45301362	1.8491354	956.44018	11.262534	10.359254	0.28646229	0.44962291
3166	0.085090974	-0.18648647	2.097233	153.52019	2.3270155	1.6817417	0.045386672	0.14751077
3167	2.5815531	-0.20795544	1.6821776	1201.9859	48.903119	34.937974	0.045725268	-0.016586961
3168	1.6126957	1.2255698	2.2847987	4474.4732	61.597433	53.129762	0.047640185	0.026977912
3169	0.72749096	0.42919917	1.047605	2215.0892	128.45407	108.31367	0.072656943	0.25832343
3170	3.3116041	1.2431571	0.87727814	6166.954	70.246364	69.942533	0.28559665	0.038255592
3171	3.0187134	-0.86437267	2.2550019	879.73936	10.795909	10.696705	0.088919821	0.062417012
3172	4.3912553	-0.10011602	1.0017374	528.62398	7.4043525	2.7048177	-0.43513052	-0.0034741279
3173	1.8179711	0.5718355	2.2717239	1194.6547	32.521095	11.154606	0.081901918	-0.03224375
3174	5.2088155	1.0978147	0.69401728	4610.2094	119.64634	117.28313	0.071187686	0.047401997
3175	4.0701524	0.51177048	2.801624	634.15341	33.087631	32.737226	0.36732993	-0.075964704
3176	3.02715	-1.1871485	1.3222747	2207.3161	51.170793	36.941504	0.080098528	0.034065773
3177	5.0596754	-0.12293458	3.085011	482.42014	1.7823652	1.6836782	-0.024418952	0.016511066
3178	0.72354439	0.54347775	2.3231171	698.83901	37.059659	27.34115	0.025061311	0.27424404
3179	0.91006223	0.49370173	1.8596228	3524.9735	66.735217	61.864862	0.052277291	0.23846685
3180	5.082436	0.52121122	2.2777405	4989.8828	54.77244	46.00276	-0.030799142	-0.035020507
3181	5.6958834	0.4130905	2.0797929	2234.1887	46.811666	44.01937	0.28221116	-0.21812892
3182	2.3801984	0.57253707	2.2140643	2028.4655	29.616396	25.409872	-0.0012840656	0.35304349
3183	4.7053694	0.61731194	1.1657045	280.30326	1.7425458	1.6913613	0.1087302	-0.012525711
3184	5.8067355	1.4060647	2.5475553	186.27428	1.289727	1.1894194	0.017513961	0.044087264
3185	4.2834138	1.0004587	2.1496789	283.04277	1.7425762	1.6127037	-0.050811149	-0.024174164
3186	4.6450124	-0.61189994	1.2575879	741.07	10.923524	9.1380706	0.099089615	0.25865146
3187	1.5242203	-0.061287261	2.341515	2839.7356	46.894218	34.847305	0.072531417	-0.0039960327
3188	3.7244401	0.21386921	0.83414599	2864.8116	54.475335	32.939171	0.33996233	-0.046962185
3189	3.1432124	-1.015137	0.61435565	2948.1204	42.276538	16.491944	-0.16075574	0.072964708
3190	4.423084	0.96439017	0.82810361	2404.422	44.474712	12.812279	0.022779687	0.52051175
3191	2.9524344	1.0938222	1.2517591	4101.6818	115.43691	54.712412	0.47701607	0.043114878
3192	4.6343246	0.55244618	0.86554525	2452.2055	43.858005	33.744386	-0.20943429	0.16389064
3193	5.4327498	-1.0696896	0.73862416	2379.8217	47.974915	45.785001	-0.014415574	0.14380623
3194	5.4424872	-1.4817047	2.1092897	614.21807	10.149407	9.761484	0.091658085	-0.094120109
3195	0.83475923	-1.298511	2.7930727	4644.9056	57.768909	37.89457	0.094223043	0.14745753
3196	4.7342281	1.1552177	2.9541925	5242.2663	52.961259	26.861731	0.049310831	-0.074654281
3197	1.7794417	0.98149346	2.4378727	1170.86	12.538443	10.786945	0.10104678	0.025127049
3198	2.9119352	0.55731944	2.2620781	1404.7148	11.000389	10.927203	0.026659389	-0.15524045
3199	1.7191459	-0.73848771	0.93705707	2742.619	37.570779	32.328842	0.026994267	-0.0074329791
3200	3.6389269	0.16203112	0.76469701	3940.0584	57.07755	56.055863	0.073582687	-0.20714733
3201	0.70294099	-0.8562148	2.4727876	129.86267	1.5658049	1.4885594	0.03130263	-0.0012633711
3202	2.3279405	-0.38396419	0.42838598	3426.52	29.629871	18.727784	0.061432085	0.20370684
3203	0.5637805	0.028930266	2.9281216	2317.2242	46.303815	39.34203	-0.17238699	0.053570895
3204	3.0864575	-0.15425141	1.049757	796.18299	10.923016	9.9718379	-0.28490099	0.058646708
3205	1.0243638	0.22760616	1.794928	3478.8472	50.660972	46.531715	0.073784931	0.35791076
3206	1.9162367	0.39893499	1.1867646	582.06352	12.88198	11.172219	-0.061837806	0.24673385
3207	4.4644385	0.24083501	0.33763404	2090.7669	27.531208	12.918626	0.27954731	0.043879061
3208	2.8144547	0.97370081	2.5851244	3077.2128	55.410734	31.366863	-0.11960762	0.0019717976
3209	0.14772272	0.41437794	1.7445438	358.33893	8.384923	4.2761494	0.052715871	0.16363985
3210	5.3667679	0.13588947	0.81328489	806.82228	21.132867	9.4270884	-0.018880968	0.078315463
3211	3.6153242	-0.15660292	0.79243886	7533.7928	88.779467	68.067083	0.47824456	0.067474645
3212	6.034348	0.54375843	0.86939485	875.76323	37.932387	32.146571	-0.12785797	0.22851625
3213	0.77996423	0.84435949	2.830874	3095.845	57.403578	53.784968	-0.00026552314	0.0083114158
3214	1.9096875	0.23945844	2.6322592	3879.9464	77.893393	40.097856	0.15881801	0.063140494
3215	2.4369362	-0.18553256	0.51402871	3017.0574	21.469599	15.92321	0.0079662178	0.0086215932
3216	3.5955631	0.45531287	0.46611846	636.38706	11.924629	8.0548442	0.051821341	0.13755784
3217	5.7601845	-0.56595716	2.5986865	9058.5156	78.137529	55.7838	0.67048069	0.10260052
3218	5.661031	0.79688333	0.68029117	863.95575	10.052713	9.4726269	0.013761691	-0.37707234
3219	0.49828044	-0.028599414	2.3615956	910.98726	10.946816	10.631777	-0.10955099	-0.3291675
3220	0.81264345	-0.058096204	1.3752777	3611.4953	111.26806	100.88466	0.18620102	0.129722
3221	0.72713979	-0.48743548	1.3676123	2001.2195	34.324347	13.74977	-0.0034333768	-0.017666346
3222	0.30765559	-0.95288738	3.0394108	641.15757	11.062538	10.076167	0.027350987	0.017033351
3223	3.2173694	-0.62421023	2.6814566	421.24618	1.8981837	1.5243788	0.069390147	0.016698107
3224	2.6252275	-0.54713003	0.45311622	3135.8453	21.379516	19.531161	0.11541004	-0.29893285
3225	3.9037336	0.38525324	3.0536346	585.02257	1.9234577	1.4596538	0.016457557	0.014047803
3226	0.98090681	0.69554769	2.2411931	1999.1857	51.131815	34.332261	0.015961721	0.32768684
3227	3.0436265	0.33168969	2.7400575	6904.8924	63.169568	52.277739	0.029341965	0.0422968
3228	6.0321803	-1.4827247	1.0154829	1137.7609	14.471618	10.535398	0.025352355	0.0077776897
3229	2.9197915	-0.039388459	2.2436303	747.90451	10.593538	10.470464	-0.020438362	0.0046684301
3230	4.0302168	-0.96799631	1.8455063	630.15178	10.805689	8.7281254	-0.071870985	0.025208586
3231	4.2505448	-0.70643603	0.58039651	1684.5973	11.954662	10.286938	0.02311034	0.083949077
3232	0.97937962	-0.63340785	0.58155531	1358.5094	46.554035	30.741264	0.031794673	-0.0019598008
3233	1.7079571	-0.32016192	0.77363796	1750.4377	13.050027	12.686253	0.35436612	0.084626791
3234	1.9179347	-0.048000045	0.90367021	330.65401	8.316037	2.2089636	0.15986353	0.24434065
3235	3.1910555	-0.45889427	1.6520929	528.90331	34.760989	21.797393	0.044610196	0.13886932
3236	3.3411493	-0.44866562	1.0592891	3407.6924	65.720617	57.881031	0.067765158	0.08601756
3237	3.4946601	0.54839429	0.57210304	2094.4672	21.702571	12.120807	0.046271582	0.1597718
3238	0.8938141	-0.2638692	0.47763198	2558.459	53.072246	40.836823	0.17551023	0.18842571
3239	2.4012145	-0.10223357	2.2892025	802.99937	12.246011	11.352354	-0.080926087	0.052948958
3240	5.1880508	-0.40357237	2.771177	2831.6835	74.370349	39.497177	0.045916209	0.052745884
3241	3.3324811	0.91132357	0.42775817	1857.8685	12.051371	11.584217	-0.080066562	0.0053386329
3242	4.6454884	0.7962395	2.2906565	604.57885	7.8126811	1.8055997	-0.054162287	-0.22687685
3243	2.9293587	0.10210594	2.2578133	512.8933	9.5015192	8.9310188	0.13961912	-0.060721584
3244	4.1060636	-0.034198507	2.2531008	4773.3772	91.194795	54.972435	0.043329591	0.11236998
3245	3.8089933	-0.5605187	3.0293891	11351.894	99.884302	90.479318	0.10742033	0.25296669
3246	2.131094	0.38163012	0.24707967	500.43128	1.705724	1.5112134	0.10096061	-0.041271218
3247	1.165059	0.21688228	0.4813009	1091.7621	37.458866	31.986032	0.0013159531	0.40723113
3248	2.2425456	0.63522086	0.28907133	580.49665	3.0868465	2.0649881	-0.030086028	0.030042388
3249	5.8634981	-0.67788169	2.6976074	818.7913	7.4824542	1.842039	0.15566756	-0.057711229
3250	0.82827668	0.11751528	1.4510987	1204.1276	36.935029	32.662731	0.23854627	0.15046712
3251	5.2425836	0.61619217	0.85273538	12211.821	91.168116	68.010875	-0.056640585	0.41065153
3252	1.2526459	1.0878832	0.48132542	2178.7272	78.494709	6.4415823	0.13573155	0.023336
3253	2.5069774	-0.31361742	0.69380435	2187.0327	55.552427	11.073526	0.02123058	0.043681368
3254	4.513894	0.82324335	2.3422482	3563.2235	115.41685	107.68247	0.03671732	-0.038940566
3255	0.019042524	-1.0045305	0.34476938	3492.554	46.527175	14.03444	-0.061105114	-0.0019426016
3256	1.7319119	0.56399737	0.65060144	562.03294	24.117684	10.035241	0.010539114	-0.20695569
3257	6.1474315	-0.47239926	0.82115492	432.84688	10.532725	9.0971752	-0.00066180598	0.37529848
3258	4.2523226	0.24471685	2.917352	1519.2845	12.21236	10.816951	0.13849857	0.066522775
3259	5.7599749	1.2095803	0.96606651	454.48183	8.983264	2.1451254	0.48419057	0.027886097
3260	3.778884	0.21452095	0.87566451	1125.022	22.657145	21.072756	0.048149735	-0.0053021143
3261	3.9370017	0.24804897	0.6581587	2756.9619	86.825525	53.202851	0.15332354	0.14209462
3262	1.1986391	0.35148759	2.8395593	309.05948	2.5210673	1.7038357	-0.012622324	0.054407552
3263	0.94670188	-0.20725887	3.0327812	853.10277	38.148414	1.512091	0.042182777	0.096559561
3264	5.6832907	0.47745076	2.4556187	1779.5935	13.765154	13.241512	0.051317303	0.11660403
3265	1.1824926	0.13307748	2.6826479	5129.9677	52.135368	39.947253	0.04787522	0.39705676
3266	1.7491767	-0.57333963	0.79803333	5727.1052	66.495911	47.34058	0.037504774	-0.0025317891
3267	6.2290133	-0.93190817	1.8986898	1414.17	48.313168	43.087567	-0.041672978	0.035170004
3268	1.3342971	0.46135958	2.5688534	1487.3868	11.663601	11.470606	-0.049068473	-0.018571679
3269	2.6819675	0.57805096	0.56603487	1747.8539	14.298465	13.989302	0.012509865	0.015548498
3270	5.6860735	-0.64195807	0.11905657	1755.5932	14.044056	10.051079	-0.0039506386	-0.21201211
3271	6.2632404	0.87825546	0.5182888	244.05176	1.4410091	1.3248283	-0.0006158078	0.0031900054
3272	0.68549461	-1.2359082	2.2662509	1245.8523	54.978762	27.24282	0.21885133	-0.030641046
3273	0.0089220066	-0.40476499	0.34191077	651.25324	11.161487	2.6401801	0.34167549	0.06808674
3274	1.0653599	1.3089932	2.4740396	809.80019	10.276357	9.1502009	0.27832165	0.012635342
3275	5.940742	0.19918741	0.20388269	958.89567	9.807885	4.8485737	0.051778024	0.30720524
3276	5.7092251	-1.2754205	0.47940446	4359.796	50.802594	46.924048	-0.20582578	0.023265605
3277	4.4076368	-0.63500158	2.5423575	1706.1038	23.068382	20.050724	-0.021973391	-0.03587913
3278	0.69913716	1.3074211	1.9605702	3455.1014	68.656574	48.018603	0.11268841	0.016909864
3279	5.8804041	0.59772192	2.8643918	2814.7183	40.385492	39.308754	0.08294265	0.0018352776
3280	1.2292494	0.89502827	2.6683645	1737.8741	42.445611	25.394645	0.12748879	0.0099820641
3281	3.7290129	0.26632415	0.1806543	768.86785	29.977709	8.9491131	0.25703318	-0.042084592
3282	5.8415386	-0.058343676	0.36305229	419.6431	10.17587	9.5556916	0.013500474	-0.0019871751
3283	2.7805897	0.28966504	1.9193194	1227.9313	59.405577	45.314615	0.14552396	-0.047687021
3284	4.0911197	0.056692026	1.0044465	2849.3623	54.083672	47.07389	0.029865914	0.17177581
3285	0.98069922	1.242507	2.2695813	116.4259	11.067042	1.2416113	0.3233975	0.059202313
3286	5.5816582	0.31793187	1.0663413	1273.4201	31.063425	10.645302	0.051902555	-0.5147221
3287	5.2598523	0.97761899	2.5498564	425.87967	9.2200901	1.2820251	0.036519528	-0.067387286
3288	1.8398654	-1.1363348	1.0015838	5244.3535	135.52414	60.638739	0.41073409	0.17374958
3289	3.3562371	-0.33088555	0.57079417	4753.8681	97.460402	65.722093	-0.22496363	-0.050865197
3290	6.0612266	0.09209873	0.41313212	2738.3345	17.732353	16.550622	0.037352347	0.0015721349
3291	5.4475464	0.69735261	2.3752613	362.34202	1.6514679	1.600781	-0.06934843	0.064803191
3292	2.4579351	-0.7900818	1.9922226	976.10627	47.064043	39.17624	-0.012089525	0.13226594
3293	5.4658918	1.4132828	2.5208692	176.18298	1.3815451	1.3412761	0.095864447	0.011029951
3294	4.7552114	1.0217522	0.65850484	4294.9043	48.134401	25.41415	-0.015993793	0.089633125
3295	1.3955789	-0.64876785	0.26331366	1408.1846	11.399316	9.8899169	-0.049071715	0.07511968
3296	1.4204958	-0.25421882	2.6224	5362.4508	48.12913	44.627225	-0.043039932	0.025670656
3297	5.7184369	0.42853543	1.5923703	1999.7175	23.488057	12.70754	0.027937867	0.017344011
3298	0.51771499	0.96102443	1.8356334	5080.6507	86.177992	78.985368	-0.0082827378	-0.013278289
3299	3.3709311	-1.1457263	0.51026884	212.31493	1.2594087	1.2139068	-0.15098768	0.0074499893
3300	5.4471788	1.5350119	2.8421032	2530.9382	37.924242	29.111663	0.05371807	0.051726373
3301	2.8897492	-0.62011313	2.4818131	896.82764	40.318324	5.6064574	0.082341586	0.22913605
3302	5.0843791	1.4063124	0.89279146	372.64008	23.773509	11.86704	0.10203285	0.016150956
3303	4.506388	-0.38581782	2.6402387	1570.2907	40.415521	27.49438	-0.1731239	-0.010955316
3304	0.38929708	0.17763284	2.2115471	488.07159	22.345672	6.9167311	0.13677241	0.021056481
3305	0.42364153	-0.1746953	0.2696243	3502.9849	56.875631	52.587447	-0.0098288759	-0.062539238
3306	0.42917339	0.45280784	0.50489412	2691.9778	14.409453	14.387172	0.39346237	0.12850402
3307	3.0436747	0.13804132	0.99240156	1299.3408	45.696447	41.158595	-0.10230049	0.042040779
3308	0.74145326	0.85317817	1.6219888	1217.591	60.700923	44.977083	0.015639201	0.00012005355
3309	5.5799865	-0.17733367	0.72900299	831.24357	22.751946	9.3780027	-0.065076415	0.047729179
3310	0.43054173	-0.8833979	2.607091	2371.9507	98.077809	28.905503	-0.12857834	-0.0098166394
3311	4.7628525	-0.85213079	1.7543076	1584.2739	12.79305	11.273447	0.027788555	-0.071980621
3312	5.154671	-0.17886719	2.7237407	3080.2985	26.145761	25.881056	0.46473803	0.042846008
3313	5.8911309	0.89533154	2.5066541	854.22587	11.851662	7.9561437	-0.0029963827	0.10272832
3314	4.6837274	-0.71025787	0.36611863	1618.037	33.678262	12.173002	0.076120493	0.0020360127
3315	0.62888524	-0.20362371	0.36876677	1193.4847	11.36647	3.6777523	-0.018485372	0.10074876
3316	2.9743449	-0.014614415	2.7781658	1779.0779	14.150455	13.990669	0.11162984	-0.031816442
3317	3.5127877	-0.046408451	2.8079095	286.37863	1.650845	1.2518709	0.02709246	-0.035046283
3318	5.8657039	0.30524826	2.9905039	3576.1347	40.942135	34.422497	0.24623719	0.14923689
3319	4.340095	0.032438198	0.69060269	396.23618	10.157507	2.3406704	0.17091962	0.098674888
3320	0.92495033	0.47038379	2.3396782	2794.042	44.144971	38.451463	0.030786336	0.074637745
3321	1.3360408	0.60583016	0.31723138	1049.7767	11.984111	11.149715	0.036965249	0.080941409
3322	3.7101546	-1.2671265	0.28118868	5280.9177	59.247121	56.299432	-0.096689691	-0.041683982
3323	1.3960269	0.30640579	2.8021771	4818.3617	89.48962	61.901428	-0.16093332	0.16241875
3324	0.91324316	0.85965239	2.4807767	8041.7422	77.657661	74.066471	0.014284362	0.30555191
3325	0.83147134	1.1723689	2.8977874	126.51046	13.918016	9.3414763	-0.03701143	0.036116192
3326	2.6195828	-1.2189623	2.3811905	2923.4496	53.307787	51.248153	0.040138141	-0.0096413882
3327	4.0782909	0.51825691	2.9636192	1380.7027	44.806628	43.163205	-0.23293939	0.0071929769
3328	1.2375673	0.21622692	2.509981	1476.6356	31.933585	20.409252	0.019106897	0.096673892
3329	3.0565191	-0.34179934	2.6529366	2489.0904	15.368975	13.343227	0.013771525	0.096506599
3330	3.1164587	-1.2706664	1.414647	1544.4511	37.669756	36.879883	-0.11133373	-0.054531884
3331	1.9541291	0.44571825	1.0847367	4059.3826	63.570398	57.69141	0.17849562	0.069740677
3332	2.0631122	0.83719267	2.16416	1323.6323	12.395761	10.943988	-0.010692877	0.037478654
3333	5.9996082	-0.21902933	2.2060816	919.24918	32.356052	21.688491	0.032938888	0.071467527
3334	0.88851242	0.03914185	0.68914741	1282.0904	31.697661	22.686187	-0.036840839	-0.15887199
3335	1.8931128	-0.25996127	0.79585961	1228.2061	12.038	10.181093	-0.24420994	-0.25095471
3336	1.6501073	0.50266747	1.7780527	2644.1881	73.674859	44.806157	0.38662975	-0.063759409
3337	4.406792	1.038772	1.1851259	1543.8478	34.184249	33.90724	0.02170632	0.1233021
3338	4.3671125	1.0412886	0.20552086	7687.6351	76.720798	73.014964	0.013192558	0.020053478
3339	1.5757369	0.3633365	2.8121066	3089.7656	33.563355	30.557487	0.17716337	-0.015536825
3340	6.062286	-0.13834093	2.8733161	1691.6815	41.756161	23.774034	0.0074491327	0.14518895
3341	5.1872842	0.6055642	0.91033987	1050.3591	48.707623	33.513873	-0.065006837	0.22717107
3342	2.7430062	1.083979	0.22571423	407.0162	2.6807545	2.0491357	0.050709191	0.13627688
3343	4.7695195	-0.98064532	2.5147532	2706.6184	50.3017	34.841182	-0.24412989	-0.41224376
3344	5.1407108	0.46459419	0.78826512	1448.5899	37.578553	24.270125	-0.023927213	0.10986438
3345	3.397151	-0.53295809	0.25430284	1461.4235	9.8931787	8.1339992	0.022384056	-0.011341147
3346	1.6064676	-0.49151174	2.7072343	2602.2265	49.985154	26.581934	0.029229935	-0.17092201
3347	6.1460185	-0.50440846	2.2114366	112.61659	1.2817708	1.2453975	-0.31641322	0.17114059
3348	3.4900904	-0.30866293	2.5160911	2031.8708	59.264051	43.673819	0.026156812	-0.052265938
3349	3.6788849	-0.41624876	2.202555	1182.156	15.256377	8.8768435	0.10071937	0.17296324
3350	3.3225189	-0.94462579	2.3337702	5085.9704	66.537393	49.497663	0.0070580332	0.063446103
3351	0.46009381	-1.3641846	1.4144134	371.26836	8.9297424	6.7416656	-0.071513387	0.014898745
3352	2.4573337	-0.6451419	2.2147659	2825.2221	45.946371	44.937832	0.02638112	0.036757987
3353	0.60344845	-0.97032231	1.063898	4575.9332	63.430592	52.770403	0.025297774	0.108136
3354	6.0447292	-0.558885	0.86171203	1104.0635	21.792766	11.711233	0.0079572954	0.066027672
3355	2.2859063	0.044311945	0.79721735	378.06269	10.180609	7.9672673	0.16344523	0.016080933
3356	0.13396229	-1.2392387	2.3127683	1453.355	41.507126	36.525544	0.0029248195	-0.023498689
3357	3.8121625	0.20605521	2.6579109	1456.1145	13.297082	12.740655	-0.0063551789	0.045356271
3358	4.0862817	-0.14941236	0.44517339	2281.6425	30.135715	29.493221	0.0038374887	0.13837412
3359	0.065679749	0.11059392	0.27587742	2948.5704	34.525642	25.715297	-0.0013178249	0.00095781111
3360	5.8029037	-1.2007291	0.73399286	4718.0938	70.801419	59.995677	-0.037642243	0.23407782
3361	4.4379636	0.4695339	1.0214031	4024.8055	57.437167	56.497676	-0.016831177	0.017843513
3362	2.19848	0.8048947	2.1957005	408.22223	11.663053	2.5128199	-0.10597783	0.18010661
3363	2.0721261	0.22553703	2.8278659	7734.7024	66.842245	53.847454	0.013600136	0.060698274
3364	1.1934299	0.17283058	0.99439009	2597.8967	48.945545	38.947577	0.055747105	0.18207351
3365	1.2239974	-0.15398331	2.2188315	653.82847	9.2973763	2.4610018	-0.010985802	0.14247556
3366	4.6820191	-0.76897167	1.6960078	1874.6271	22.59383	12.801265	0.03349581	-0.045540596
3367	2.2327051	-0.060628357	1.2714783	3428.4638	53.297073	51.113305	-0.063626757	-0.25342776
3368	5.2485621	-0.93414161	2.4648681	4964.9125	44.222897	30.789483	-0.097596581	-0.033496179
3369	0.45889321	-0.76319132	1.4363708	1163.1148	35.594846	34.833573	0.015173211	-0.15908134
3370	0.32478688	0.96529567	1.8671837	3140.1428	113.46551	58.572389	0.087048154	0.054669672
3371	1.3225712	0.99318063	0.56362012	1714.7008	61.05143	51.044369	0.05483411	-0.040199703
3372	2.3549992	0.53116528	2.6276022	782.94023	10.994445	2.0530624	0.150206	0.027544308
3373	5.0539307	0.080948278	2.7605926	819.56097	29.416045	22.771685	0.057591583	0.20776693
3374	4.1695672	-1.2038251	2.294293	1243.6539	44.990984	37.793045	-0.28204873	0.12431983
3375	2.4469092	-0.55734033	1.6609909	955.26512	41.24276	38.614658	0.33564978	0.18552221
3376	0.084617621	-1.4043298	2.9001158	406.52445	8.6808232	6.8292201	-0.029701703	0.16307819
3377	4.5980274	-0.55769804	3.0850653	7727.2629	72.294698	57.951704	0.20227089	0.45663775
3378	0.74148764	0.35106568	2.7352367	5324.8497	63.511554	46.637258	-0.030935347	0.26914355
3379	3.2532303	-0.63704969	2.5763074	437.33564	2.6413292	2.0406371	0.0074284255	0.13189337
3380	0.7134461	-0.59736185	0.78307735	1706.6847	13.090891	11.544479	0.056378941	-0.14015519
3381	5.5496797	-0.32739844	1.8194787	1165.4498	75.238267	36.802582	0.01550709	0.035780583
3382	4.5297419	0.91291881	0.7328974	1191.6241	12.791249	11.75826	0.074922545	0.1461344
3383	3.7889561	-0.45006548	2.5965307	2222.7141	38.818159	27.897434	0.085710919	0.061575827
3384	0.54931245	-1.3221751	0.8742765	755.75972	9.3140372	8.0918903	-0.013485477	-0.0063536066
3385	5.3901421	-0.96092313	0.27249755	1718.747	44.331695	41.40357	0.042105526	0.44869196
3386	2.8259412	0.23164366	1.2235874	1091.0459	12.683886	11.905424	0.013772272	0.039239608
3387	1.9087481	-0.93189565	1.885898	294.38329	9.527705	7.4247342	0.079637949	-0.036871587
3388	0.36292305	0.40174193	2.4499879	739.89824	38.287587	36.809419	0.097831054	-0.4856495
3389	4.376374	-1.5135863	0.35977181	70.000501	1.7996974	1.7303128	0.070619932	-0.084049837
3390	3.9783002	-0.012083413	2.1300371	2022.1823	32.542531	25.100304	-0.031439975	0.21329998
3391	5.5317152	0.39757167	2.2808324	2696.7332	53.340514	46.851627	-0.097397352	0.12731187
3392	4.9020921	-0.45450729	0.82923284	138.46061	5.7620425	1.7115179	0.058182565	0.07248789
3393	1.0392997	1.0965601	2.2952982	1315.2658	19.147189	12.040744	0.096260703	0.1690741
3394	0.19862484	-0.20101197	2.8727906	2060.1226	12.334446	11.537445	0.29411804	-0.008674889
3395	6.192069	-0.41223296	2.7371056	1407.6372	11.84528	10.912512	-0.089464323	-0.049428659
3396	3.1528219	-0.43266841	0.33265821	168.45103	7.8685839	1.8415818	0.17853433	0.132489
3397	5.6385991	0.63389084	2.3027042	7204.7567	107.31422	100.60606	0.0033369839	0.0023385112
3398	3.8988994	0.84945232	0.67025562	1104.8079	11.084883	10.21128	0.054331524	-0.10570688
3399	2.4262277	-0.49459587	0.61350854	223.17331	1.7911507	1.4503436	0.17503118	-0.08514154
3400	3.6388182	-1.0247874	2.0414789	3645.2788	55.648963	54.891805	-0.010479458	-0.01999588
3401	1.575849	0.083955364	0.96545487	2505.3378	77.646215	71.83989	0.011147403	0.099221119
3402	0.037319162	-0.80096855	2.5797652	463.88424	20.856092	7.6628507	-0.047653397	0.058971307
3403	4.6033681	-0.0010807968	0.23573687	7545.0245	69.198699	60.903705	0.13562816	0.033580126
3404	1.0110514	1.0326081	1.8985881	837.84072	42.411447	2.6237468	0.22914328	0.13095407
3405	2.9280217	0.7586895	0.36197586	2275.76	29.626995	28.291111	0.12760652	0.11252733
3406	0.9096674	0.44842492	0.92863452	1155.8939	13.178783	9.3502672	0.11479622	0.0104948
3407	5.8364465	-0.15064386	2.2918825	2202.8863	48.194916	38.549466	0.027337738	-0.15109931
3408	3.7372612	-0.80709725	2.8380734	1779.0232	30.44254	26.804634	0.09659553	-0.12001863
3409	4.1383394	-1.1423097	2.9633458	2293.8367	48.73965	15.732128	-0.033779785	-0.20921585
3410	5.3328933	0.38159727	0.99544911	246.19103	9.3423705	1.6804894	0.085476547	-0.035861687
3411	4.2753355	0.47761517	2.1303593	916.7556	11.730121	8.9394245	0.093206994	-0.090424668
3412	3.2878966	-0.68682727	1.3698239	894.21864	31.948343	30.830426	-0.026701112	-0.012502093
3413	3.7632578	-0.068625149	2.2747242	333.75701	10.776224	1.2905187	0.017323214	-0.082209365
3414	5.0029851	0.12282911	1.3269538	1629.2909	45.918283	44.91812	0.15350131	0.04462635
3415	0.24853916	0.022557759	2.9308444	1389.8178	12.092797	11.905592	0.30194023	0.0059205728
3416	2.0783617	0.58459908	1.2256886	1669.7112	43.404237	42.522462	-0.0067524322	0.078683016
3417	3.2118698	0.0075923012	0.4961577	3411.8479	53.750151	37.425817	0.50044308	-0.004467918
3418	1.3584501	0.99803884	0.8941881	323.35385	1.7754784	1.1882274	-0.071145002	0.020301154
3419	0.85262048	-0.56442105	1.8758942	1097.1938	40.07802	22.235164	-0.22780155	-0.028117918
3420	0.6883101	-0.44050441	2.2012732	1069.3654	46.742312	43.692301	0.059240184	-0.42598417
3421	2.7842975	-0.83015625	1.2107285	131.04662	1.6211395	1.2503291	0.15763232	0.00047375859
3422	2.3240188	-0.055952144	2.2899389	3509.0512	52.706311	47.441211	-0.073314731	-0.0634746
3423	4.09351	-0.30878854	0.82143527	1327.5752	16.873574	9.0581757	0.25661823	0.074467686
3424	4.5423238	1.3050048	0.74132032	2339.0483	15.426943	12.462182	0.36308477	-0.049308768
3425	3.4810211	-0.64340604	2.7742149	434.97381	1.3349393	1.3020445	0.13101844	-0.0050768329
3426	3.6759871	-0.98777389	2.8827173	3848.6639	56.638005	33.57628	-0.076440297	0.053811439
3427	4.1585053	-0.49445039	1.2439652	144.47277	8.707142	8.5659338	0.00028414805	0.28643346
3428	0.14599174	0.68894165	0.72255479	770.10527	42.751289	3.6247886	0.0032159574	0.28209972
3429	3.8634856	-1.3391846	2.8114287	1446.4686	11.995412	11.66876	-0.13483079	0.18158343
3430	2.5039112	-0.29593517	1.6888972	536.32059	11.373051	4.2139486	0.014015986	0.088042934
3431	6.0275512	1.1220395	0.48113799	1226.0313	33.070662	12.759835	-0.066968022	-0.011939213
3432	5.8157182	0.50670535	2.3342888	2097.7684	39.324948	35.813593	0.10187302	-0.0033367048
3433	0.23930215	0.3681551	0.59482758	600.0051	11.046273	10.724395	-0.0099590245	0.016610509
3434	4.3117872	0.27447762	2.5990191	1275.2242	42.891499	38.36207	0.17316066	0.22417036
3435	6.262969	0.090012334	2.84375	1632.3764	11.047133	7.9529179	-0.13554012	-0.16684936
3436	0.7955438	-0.89779137	0.82571883	1988.4679	53.441644	40.196556	0.024161043	-0.12881749
3437	3.1294069	-0.40248244	2.4958914	540.6221	10.536738	10.517259	0.23033875	-0.055237486
3438	0.36780775	0.32043569	0.47320884	1271.6362	11.991823	11.592266	0.034377643	0.060522264
3439	0.96178619	0.94284503	2.8782848	1198.0135	23.033653	11.83384	0.0060593671	0.11109214
3440	4.0190425	0.18331698	0.47987462	418.3098	10.397207	9.3552206	0.00633992	-0.0035604443
3441	0.57863446	0.36303618	2.6878809	543.02822	6.8526959	3.4937724	0.074457706	0.079761064
3442	2.2048701	-0.11698699	1.3496049	1495.4134	23.300156	17.462718	-0.007370797	0.078556225
3443	4.6547452	-0.048319363	2.3134542	2500.8419	48.390804	33.974887	0.07467708	0.1927462
3444	5.1981089	0.99784159	0.59228348	495.96973	15.439882	2.8307809	-0.0081307241	0.051408282
3445	6.0732538	0.61019543	1.2589426	508.42821	34.906904	2.5046738	0.097372	0.028991636
3446	5.4985859	-1.2754716	2.2285772	1397.2615	12.544559	11.677256	0.050558932	-0.12318304
3447	0.88932194	-0.93281514	0.59505811	3092.4469	45.704532	12.931656	0.083425853	0.07422454
3448	4.9366327	0.74018624	0.94356825	2019.0663	21.246065	19.703507	-0.23399963	0.013485691
3449	2.5630397	-1.0420469	0.78182226	1094.142	18.134729	11.122143	0.19411253	-0.14319463
3450	3.2702371	0.76770812	2.9670945	1745.4329	17.962875	10.035711	0.020686221	-0.17405077
3451	5.0269982	0.14241276	2.6644906	978.25449	40.535498	10.93116	-0.00042714907	0.080937245
3452	5.3951413	-0.52901665	0.9510678	335.48741	9.9055357	6.0818646	0.13535794	-0.10098049
3453	5.9843241	0.066683478	2.4788043	1829.2368	13.064267	12.619987	-0.013241846	0.041333109
3454	1.9261738	0.35303212	2.3558226	675.64415	10.296654	10.124993	0.021740454	0.016171161
3455	1.8877335	-0.37191666	0.54750971	5258.7224	58.480249	55.069816	0.37259892	0.11449297
3456	5.4647689	-0.51557059	0.73316632	701.4315	80.277383	1.6969578	0.3363462	0.019702007
3457	2.8943234	1.4192261	2.5114666	3047.0165	98.957926	72.389132	0.047208432	-0.082362295
3458	2.3365371	0.66780616	0.61405509	1780.0946	13.720391	11.673055	0.047941404	0.17852222
3459	4.6977618	-0.062858742	1.998632	473.81716	19.274829	10.460558	0.35555447	0.24951094
3460	2.2890597	1.2420252	2.1857828	1209.1202	14.955291	14.131175	-0.010349986	0.17950058
3461	3.9767342	-0.2438913	0.6228127	217.76041	1.372396	1.3250559	0.015858854	-0.12535747
3462	4.902663	0.67599354	0.86866959	1847.0164	37.55458	35.768107	0.18009226	-0.030598306
3463	3.523047	0.93026648	1.0735695	3587.6592	94.303904	51.198322	-0.058912949	0.081935762
3464	2.7263871	-1.0909262	2.1277567	364.88259	29.48933	10.610467	-0.027573502	0.24355638
3465	0.88086336	0.35463534	2.6504707	420.83652	2.5036815	1.7195366	0.15341485	0.046594426
3466	3.9779502	-0.70822798	0.50113945	2593.8252	54.70676	31.914832	0.07982214	0.072357133
3467	3.0843205	0.29789596	2.5513076	1105.3193	35.607126	20.962941	0.022664774	-0.0042258879
3468	0.34146406	0.60216518	0.57297503	616.08625	1.5356495	1.5288533	0.12502032	-0.013704256
3469	2.2740237	-0.47367186	2.9051103	1606.091	26.07981	6.8537089	0.019087298	0.00027913087
3470	3.4711728	0.2556674	2.1768553	2006.1775	55.488098	42.118563	-0.098669709	-0.13019137
3471	1.4028928	0.96094012	1.0200883	493.88346	10.729979	10.341963	0.14279129	-0.13235581
3472	3.2054979	-0.63172534	2.2825293	990.67308	12.858753	9.7851921	0.093974318	-0.20874824
3473	2.7898994	-0.38374143	3.0717989	1837.8809	60.621056	51.989262	0.002411927	0.33857757
3474	1.3344774	0.72211432	0.11375497	2648.2256	35.355337	33.95165	0.026736727	-0.033039558
3475	4.1316134	-1.309454	2.3663624	805.69198	9.5715044	8.3237683	0.14467026	0.067646447
3476	5.9880861	0.65853453	2.030186	2939.5873	40.846989	37.891605	0.11710343	0.015647444
3477	2.9114802	-0.061287578	2.5339281	1327.004	30.654614	28.789183	-0.19257513	-0.072764306
3478	1.8902321	-0.52641016	2.6133045	1525.3004	36.490173	30.470531	0.19313993	0.20283284
3479	4.8863196	0.56681602	0.66239747	4514.2672	58.70852	55.267254	0.032618349	0.18642796
3480	0.68669431	1.0426724	0.64354578	256.27858	2.862681	1.3620498	-0.085346696	0.089644349
3481	0.3928452	0.47852144	0.66476065	1202.3219	9.0780751	8.8915446	-0.13687005	0.072530352
3482	1.8247634	1.2847619	0.81795887	2663.1215	46.501845	44.520404	-0.014566738	0.085877399
3483	5.4507126	0.064220442	0.8944702	827.78612	35.305116	29.354181	0.00063980547	-0.21108863
3484	3.7418858	-0.37591202	0.72469227	344.96176	1.6591643	1.5301148	0.015234126	0.038432588
3485	3.6845707	-1.1657453	0.60876125	1396.2158	11.351709	11.318048	0.12080826	0.087715541
3486	5.0361451	0.17502582	1.0033395	2272.9022	41.153486	40.988748	-0.0035308856	0.36819297
3487	0.71907576	0.63017118	2.3696255	1407.59	42.723591	31.220213	0.0019769935	-0.045517737
3488	2.4103318	0.032346073	2.082418	356.91532	9.988809	3.259764	-0.38131584	0.26188516
3489	5.1428245	-0.39206089	0.73656856	529.89295	9.7046743	9.3199291	0.11744364	-0.018800373
3490	4.3895283	0.52247339	1.663698	3391.1279	70.197077	50.381638	0.068644294	0.0027942678
3491	1.5801111	-0.87706795	0.36525549	672.13433	5.5693683	1.9652133	0.0836479	-0.056619227
3492	0.57345909	-0.14327183	2.2407414	2769.6761	56.836545	49.316325	0.057352056	0.24312248
3493	1.879723	-0.12879686	2.3879382	903.71817	11.844295	11.754603	0.016251306	0.25672023
3494	1.2642835	0.62370545	0.47126144	428.10977	1.7510454	1.6812302	0.0031302078	0.03612398
3495	1.0702345	-0.42930129	2.4675963	3132.9481	43.209125	28.597288	0.045183007	0.25263465
3496	0.29893495	0.51516946	1.2020881	871.47405	24.680677	11.626326	0.11230697	0.48490995
3497	1.6741365	-1.1833766	2.575727	3013.3557	47.352304	35.29461	0.033624984	0.066574021
3498	1.4348751	0.51815796	2.5355573	3316.9151	109.01835	22.904821	-0.049324957	0.39785292
3499	5.0811076	0.13615061	2.5129667	3355.6093	43.199928	36.709788	-0.030332582	0.11562079
3500	3.3237611	-0.11317944	2.6030806	2798.1104	43.228964	25.645896	0.02452286	0.17151161
3501	3.6866138	-0.022533816	0.36485115	1638.0198	49.559875	24.385449	0.08118771	0.0058325665
3502	4.1584626	0.79659223	1.0959186	440.77241	29.92888	9.6491894	0.27402511	0.21527283
3503	5.6490857	1.09556	2.1936306	1271.8398	45.806258	14.42474	-0.11621078	-0.0039877768
3504	0.50832811	0.22989719	2.711735	1075.6413	11.216166	10.871243	0.058029137	0.11413589
3505	2.444893	0.94202629	0.1576366	4158.8778	42.987095	40.899645	0.021914689	0.0063147111
3506	3.1228461	0.041783143	0.43451474	724.93597	10.125519	9.7917449	0.13098033	0.023896765
3507	1.5902232	1.0806583	2.8272402	8111.99	49.146686	37.227365	0.42123363	0.0057712398
3508	1.4374464	1.3252893	2.541663	1560.8986	11.457513	11.023357	0.12616929	0.11611672
3509	1.484283	-1.5107987	0.49439467	4409.8679	59.40269	34.176023	-0.1070113	-0.024085186
3510	2.4701777	0.55638943	0.86278398	5185.1566	69.494555	50.073555	0.28077717	0.10506828
3511	3.0252105	0.16342306	0.12920596	1800.0882	13.784109	12.633742	0.011503493	0.043174101
3512	4.7576687	-0.3800535	2.3405544	4169.8272	122.96244	92.717886	-0.0037100336	0.11455755
3513	2.8645697	-1.1084269	0.62792792	191.81345	1.3277149	1.1975895	-0.054203937	0.022833828
3514	5.9482054	-0.50894133	1.9299893	224.7077	1.8624968	1.6477838	0.0046223077	0.0025250706
3515	3.5588989	-0.59493569	2.7982167	5185.8937	65.617194	37.144528	-0.11960762	0.0019717976
3516	6.2713994	0.55567	1.5748236	136.66446	1.5496367	1.2272991	0.13464371	0.095182565
3517	0.91248164	-0.35876487	0.82837918	785.10485	32.161081	18.863336	-0.22769811	-0.038000549
3518	1.3693135	1.1556116	2.4721279	1447.4874	13.162469	10.598043	0.25675148	0.021203986
3519	3.5235569	-0.16710398	2.5349308	578.0195	10.140487	8.9281651	0.073301705	0.27079432
3520	0.70485626	-0.3014558	2.7195296	2084.7997	11.657543	11.386087	-0.0010891746	-0.16435667
3521	2.4378351	-1.0297269	0.619577	1023.3815	10.862236	7.1244562	-0.37524583	0.22246928
3522	4.7522698	0.20316661	0.58656812	2153.9093	25.518813	13.87738	0.081421417	-0.22670799
3523	0.5147169	-0.087604905	0.1201206	5385.8499	62.579012	48.795876	-0.016210296	0.25569997
3524	6.0517281	0.31178863	2.2181704	913.22867	11.717719	7.6900931	-0.041820354	-0.05924151
3525	5.7474158	-1.4945759	1.1210999	1388.0949	25.148127	12.595397	0.6676173	-0.072585199
3526	2.1220249	1.3127553	2.9860519	2026.1196	100.85379	45.169709	-0.010180291	0.10008386
3527	0.9119306	1.15084	0.6761786	469.25548	2.1862362	1.9153194	0.0069731426	-0.0024531457
3528	1.1776467	-0.15657775	0.62929222	9462.6931	80.536892	65.783507	0.19117051	0.33147494
3529	5.9155774	-0.19133793	1.6820483	756.37138	41.863769	34.844196	0.14239763	0.056013691
3530	6.061439	0.37072478	2.598165	345.47332	9.5681359	1.3358945	0.10957862	0.054467798
3531	1.9986364	-0.27537277	2.6270415	6277.7478	58.401928	52.960532	-0.0040168442	0.07058066
3532	4.3252818	0.53817409	0.18306885	4899.3923	58.297979	54.139678	0.023705169	-0.21778339
3533	6.1218104	-0.099600215	0.27632789	479.82515	4.2996784	2.5456924	0.0012310929	0.0011773224
3534	5.5472478	0.66223632	2.3703995	1808.8012	102.67346	45.992522	0.15373213	0.39128387
3535	4.4734864	1.1330784	2.5325929	2248.0273	13.682607	11.671816	0.049269504	0.16357716
3536	2.9087316	0.37028248	2.0734437	328.94659	1.9728345	1.4478572	0.018169427	-0.2392987
3537	2.9959081	0.21476512	2.6485894	601.98996	6.3863738	2.0817215	0.01939808	-0.11568482
3538	4.6193556	0.5475779	2.9725637	3735.3244	55.908657	42.407199	0.079101951	0.027980166
3539	1.3458627	-0.60968787	0.52796174	253.88688	2.2032033	1.7304383	0.16942967	-0.10072233
3540	5.012726	-0.23967854	0.31073432	472.05292	9.094351	2.9275484	0.1171412	-0.00042692138
3541	5.9724862	0.5975657	0.39778967	5460.5397	60.957289	42.261031	-0.29869839	-0.015892628
3542	0.08664585	1.2192706	0.5846039	541.40954	8.3715188	1.8130339	0.30703978	0.11419754
3543	0.23852456	-0.58643214	1.3425881	864.94659	12.141956	9.5923429	0.18494474	-0.22993989
3544	5.9456222	0.26041334	0.24842601	1281.8689	27.277875	2.3685593	0.12577954	0.10027866
3545	0.33828048	-0.67376423	2.4064609	1064.6133	26.221816	10.254137	-0.098961399	0.19738069
3546	4.6974295	0.57795604	1.8573421	112.96679	1.3764549	1.294182	0.20650111	0.11153245
3547	3.3758194	-0.21166693	0.46766258	1577.7076	41.459481	35.700935	0.0022838889	0.1962617
3548	4.4481458	1.0418635	2.7577259	6317.1672	71.053873	63.793833	0.10657989	-0.0048446241
3549	3.6426857	0.3273376	0.63153193	148.78914	1.5915933	1.2583114	0.059643729	0.077843445
3550	2.2959064	0.58002919	2.7845711	274.37107	1.9961631	1.7033792	0.075505482	-0.034957186
3551	0.73567473	-1.0712551	0.13437419	3600.0777	46.937345	42.232571	0.022673259	-0.011665004
3552	5.1391822	0.30792707	0.54955452	2110.4789	49.848332	33.684615	0.054749093	-0.046264874
3553	4.9348832	1.0729529	1.0612726	3307.6154	82.78912	52.309449	-0.17390673	-0.18529397
3554	1.1465126	0.70626023	2.5211267	957.05153	10.850998	4.1235227	0.26587968	0.036781265
3555	4.8974562	-0.53160421	0.51626505	173.79389	1.986975	1.3479119	0.17643337	-0.021496669
3556	3.2122707	0.82825329	2.6636915	2717.6719	12.396295	11.786236	-0.0013802075	0.019858039
3557	6.1238151	-0.52633463	2.5355937	398.62911	30.501294	14.723507	0.21616536	0.012131927
3558	4.5723797	-0.012052676	0.33997041	398.43603	2.2048318	1.8622197	0.28074543	0.032834948
3559	5.9422985	-0.68250335	2.4445564	140.77279	9.0995356	1.5484403	-0.010271196	0.007627968
3560	2.7667197	0.1385758	2.473125	2146.6313	20.187895	16.395301	-0.25882656	-0.23119986
3561	0.96815779	0.67705411	0.24494404	2218.5027	47.974643	41.791312	0.77834222	-0.025551613
3562	1.6306038	-0.53951948	0.12072558	7394.9176	90.184637	72.164918	0.027049378	-0.14931648
3563	1.3214947	0.39200267	2.4942018	498.31269	3.5515801	1.3559036	0.5063832	-0.0006578576
3564	1.7757096	-0.83637011	1.9402567	621.85114	9.6424056	9.2186519	0.26243822	-0.26083682
3565	0.92740832	-0.60184105	1.7522898	932.07559	98.304443	41.165557	0.084600092	-0.035151505
3566	2.5855464	0.074593683	2.8217633	1809.0206	45.106235	39.266073	0.011457327	0.043679818
3567	0.80341153	0.46434529	1.0018445	1396.518	13.457943	11.384565	-0.040261777	0.33885378
3568	0.78568167	0.20771605	2.3928136	226.80574	10.898936	1.3582524	0.12145209	0.14808266
3569	0.79442896	-0.0073018058	2.3563758	2891.6528	56.024741	52.903211	-0.049256434	0.18595639
3570	0.556345	-0.38324526	0.47913127	2356.1431	48.831693	36.043611	0.00023530061	-0.10992571
3571	4.0032552	-0.53149358	2.7068087	1053.7472	33.640918	33.301203	-0.1125196	0.018095268
3572	2.4768046	-0.84350829	0.08038919	628.87294	9.2990285	4.7002182	0.15958251	-0.063449365
3573	0.69162505	-0.1375455	1.9680118	2573.26	47.516082	46.010813	0.23825797	0.0016473547
3574	3.7888012	1.4469808	3.0462702	893.5636	10.180111	2.5721193	0.13485024	0.1678451
3575	6.2063441	1.048477	1.5498769	1238.4824	45.589425	37.293367	-0.034487445	0.012685713
3576	0.71386326	0.04231111	2.3104458	1698.2312	13.723674	12.878556	-0.14503537	0.25937121
3577	0.26007067	0.25394682	0.6796684	1222.2028	50.500045	43.954615	0.31475231	0.34865622
3578	0.098627416	0.49125616	0.66567855	3601.3501	71.941964	54.06247	0.07970303	0.069814801
3579	3.8544304	0.72047662	2.3020331	372.46523	4.3265783	1.9624016	-0.20565664	0.1511974
3580	4.4327573	0.15164263	2.4938599	2890.4286	59.198726	50.920414	0.17665611	-0.21348254
3581	4.4475561	-0.87656353	0.72517034	1159.9787	31.692518	29.087915	0.074930581	0.030786088
3582	1.1492224	-0.23368185	0.61635539	2009.1495	14.928345	11.143286	0.1137908	0.044419054
3583	3.5450108	0.72142034	2.1243367	326.71423	1.5222388	1.4047345	-0.10002321	-1.5280817e-05
3584	2.7168763	-0.41992092	0.73705759	2806.6457	71.656812	59.827624	-0.21549349	-0.033108829
3585	4.0080529	0.40731599	0.97326042	1453.2396	39.279601	10.250355	0.08690248	-0.016576239
3586	4.46637	0.12368119	0.60947897	3238.0464	53.251561	52.29217	0.1249062	0.080040606
3587	2.5493787	0.65612952	2.8382356	425.62821	10.143782	1.9796585	0.29229784	0.20296309
3588	2.5705258	-0.097667116	0.29743694	1890.9176	48.189164	43.878378	-0.12746533	0.35900551
3589	3.1333623	-0.16558752	0.47139831	4762.0727	127.87105	125.47507	-0.094402638	0.0082582378
3590	5.986284	-0.11811026	0.21111501	516.38331	6.8500797	4.213755	-0.27563816	0.0069441738
3591	0.42295865	-0.36607917	2.861524	443.15797	2.7769732	2.4142694	0.01060615	0.009877543
3592	3.5218369	-0.3441541	2.5337143	585.77351	21.439925	3.1651948	0.044721232	-0.0091656296
3593	3.2317798	0.099691338	0.33384177	1218.2798	11.371104	9.8304928	0.042664438	0.030283158
3594	1.2308286	-0.14199838	0.66939414	893.07323	43.783731	2.4350021	0.11459202	-0.033983084
3595	6.2357873	0.87976766	0.97693364	754.6452	8.1056193	8.0301637	0.021403769	-0.15156752
3596	5.0118443	-0.39830007	2.4651337	5036.4431	55.446868	52.081669	0.097098303	0.36365402
3597	3.4421926	-0.79464269	2.4618974	813.17555	20.431116	11.093073	-0.16126246	-0.010954729
3598	0.95568925	0.41420833	1.360471	2104.9473	42.487954	30.04678	0.17486487	0.24978276
3599	1.012111	0.60312667	0.87619918	1446.8692	41.978199	25.424477	0.11622409	-0.0916959
3600	1.0154617	-0.089551948	0.59678637	1119.7173	13.457761	8.5683472	-0.0097844457	-0.3459243
3601	6.1015459	0.96890125	2.6458485	507.21317	11.046234	1.2953217	-0.046286723	0.027129727
3602	4.9911345	-1.2422623	2.7980672	142.40895	1.3553696	1.3255559	0.0018721435	-0.0032754037
3603	3.373607	-0.60820274	0.29770232	1289.6563	10.725176	9.3996911	0.00036454876	0.12175312
3604	5.0573644	-0.049547055	2.397817	1942.4616	45.461059	31.344654	-0.3432879	0.11516788
3605	4.3918173	-0.18938468	1.8170177	116.87779	1.9285105	1.2104744	0.12697167	0.15792885
3606	5.3894181	-1.0079019	2.0842033	536.88403	7.885491	1.4250284	0.022972212	0.044778077
3607	6.2103904	-0.82205952	1.1018751	1402.1395	21.745938	16.21634	-0.0005283996	-0.0029462464
3608	3.3014521	-0.51981688	0.40594157	3972.5679	26.90462	23.329486	0.003693513	0.062236966
3609	3.0087441	0.16353608	2.6898232	329.0478	2.0789195	1.7919242	-0.025931714	0.0097927206
3610	3.9855132	-1.3120849	1.4021805	2450.5199	77.591869	51.662	-0.01612428	0.0015853969
3611	2.1586459	-0.69975432	0.91042019	1691.0318	46.854025	32.930416	0.042789646	0.044374556
3612	2.6827352	0.1767356	0.27478866	514.92387	1.4304257	1.3657917	0.078412932	-0.0022343312
3613	2.517973	0.24166258	0.56362449	1552.168	12.855153	12.025004	0.28091763	-0.14389209
3614	3.9974119	-0.81875927	2.8992113	1814.6838	21.495538	15.19484	-0.021556718	-0.12810769
3615	2.1828499	0.012072637	1.7130875	2312.8655	45.044138	36.369603	-0.18487704	-0.12757277
3616	1.9860535	1.3218438	0.78039239	224.92947	2.3147393	2.2078186	-0.018206851	-0.00017918288
3617	0.081212113	0.44846085	2.8296125	4684.8015	75.425246	60.298092	-0.097771916	0.05282443
3618	2.9974762	0.51922223	2.7660204	1271.5856	14.797485	12.584465	0.075937731	-0.087315364
3619	5.5730847	0.58205483	0.41746125	9341.9889	78.403486	59.64822	0.020143732	-0.30272398
3620	2.870924	0.84522485	2.428797	1583.9354	23.02625	11.430262	0.12423803	0.36123183
3621	2.6938849	0.34148404	0.59244903	2094.003	87.949978	35.343968	0.027214904	0.2041736
3622	3.586514	-0.29736081	0.70751082	907.1757	11.059319	9.7192145	-0.021012438	0.07077076
3623	2.074161	-0.35413098	2.464585	4257.8656	41.71091	39.670471	-0.038396983	0.40685918
3624	2.847508	0.95537691	1.8443208	675.49732	8.9943005	4.2512761	0.097710882	0.042756068
3625	2.7812627	0.88980536	2.068689	2481.8588	48.30874	27.732765	0.013100398	-0.035488386
3626	5.6405656	1.4158373	2.9753911	1980.9014	41.65475	30.746566	0.012729983	0.97009558
3627	0.21538583	-0.31447272	2.5487088	3709.9319	24.781662	23.544297	0.060929921	0.090541457
3628	2.5220317	-1.0849705	0.4969178	2316.6133	44.271239	40.668707	-0.056983242	0.48052483
3629	3.8869533	-0.015449234	0.66267453	2324.2122	41.075926	32.971942	-0.0065834527	0.4614197
3630	6.0090723	0.23581467	2.8604112	3479.389	46.196879	13.03358	0.14412058	0.2621155
3631	1.2453392	0.090771068	2.4237774	1061.6565	37.41204	11.704704	0.079551757	0.22652051
3632	0.80517025	1.2347749	0.67248671	1329.7509	12.009869	11.794831	-0.033441386	0.011399682
3633	2.8841605	-0.63838764	2.4503707	624.52803	10.3881	10.307519	-0.021736657	-0.019593621
3634	5.9109305	0.38716753	0.10377655	2338.3275	40.578806	20.202963	-0.035319502	0.26004979
3635	3.5525837	-0.046283383	2.5583161	1232.2829	11.030743	9.6118385	0.0057196193	0.30233982
3636	6.0927582	-0.58825452	2.8428184	3033.0925	14.776375	14.533526	0.088400647	-0.023885655
3637	2.3329826	-0.30948123	1.0783011	3469.8932	57.490284	53.992514	0.0079996803	-0.25058135
3638	6.0523157	0.26847709	0.26790855	1062.429	48.245844	14.905465	0.12161573	-0.029164949
3639	1.7588586	-0.74376467	0.85746246	5104.4449	74.654809	58.375821	0.0032364091	0.016505413
3640	2.5260783	0.45362365	2.3833102	8677.3777	75.147796	51.537539	0.038976071	-0.0066536665
3641	4.4284469	0.37736166	1.762634	1661.6342	52.602165	46.197775	0.32594954	-0.067579647
3642	1.9417231	-0.86361303	1.6376803	2138.5494	42.517434	40.010906	0.25847945	-0.30860979
3643	6.1075088	0.48784815	2.7438831	6211.0408	71.970148	60.993468	-0.044467072	0.19833609
3644	2.2147349	-0.39104612	1.3189294	502.91846	34.310469	10.906159	0.12395326	-0.083746386
3645	4.6253558	-0.92238536	1.5736808	526.82325	9.5423414	7.982366	-0.032689245	0.11082712
3646	1.7759651	0.33777863	2.2692069	1053.1949	35.048652	26.85504	0.04787522	0.39705676
3647	5.4951191	-0.45966	0.31273795	1195.182	11.506771	11.00451	0.00085857815	0.069170661
3648	1.103535	-0.8960493	0.54373829	4029.4252	52.591289	47.259768	-0.0087328321	0.18806443
3649	1.63577	-0.21007221	1.3296234	240.22054	8.6182083	1.8827819	0.28013359	0.11789736
3650	0.28122597	-0.060830338	1.3249033	2196.9559	37.640815	35.479619	-0.06874038	-0.020051784
3651	1.7052004	-0.55112666	2.0671044	8709.7011	134.90602	95.419547	-0.06322923	0.022352464
3652	1.6778725	0.62116513	2.5012029	2014.749	13.258132	11.734518	0.013968688	0.38688498
3653	2.6271634	-0.98724469	1.0484885	436.02847	7.6131002	6.0257691	0.070409409	0.02979191
3654	1.8889016	-0.31393985	2.3409825	2414.3195	70.476171	44.818764	0.028604417	0.21953317
3655	4.0868577	0.66107895	2.9207195	6795.6212	66.03717	45.797095	-0.042314308	-0.08246946
3656	5.7411846	-0.14357155	2.0463808	1362.8832	44.956761	41.411697	0.19874552	0.038862046
3657	6.0425944	1.0949111	2.1184743	216.33029	2.1152876	1.3601133	0.0072425452	0.12310138
3658	0.40310017	0.92112889	3.0234705	3238.1083	65.060096	34.635984	0.023055698	0.021011938
3659	0.1901802	0.54779935	0.65226219	187.42073	1.9810947	1.26026	-0.11696847	0.045213641
3660	0.5097984	-0.78270924	0.050185843	11734.703	84.375007	68.292714	0.24951748	0.066979379
3661	1.5022268	0.55716888	1.2892487	1127.968	9.7647663	9.6950221	0.057935102	-0.030084789
3662	3.5694904	-0.22469729	2.0330564	2200.6842	52.537943	42.504419	0.30513625	0.012409119
3663	1.0921104	0.10401287	0.23090581	3743.6905	35.755608	20.409808	0.18191623	0.1370084
3664	2.7297432	-0.75645416	2.5322644	4134.9667	51.807916	37.230751	-0.24123641	0.34563647
3665	2.5519049	-1.0029555	0.60588258	5878.3758	138.31238	119.31194	0.00042333933	-0.025406965
3666	1.006282	0.28668791	0.5681962	615.87744	10.40685	2.1151656	0.037848935	0.092963401
3667	1.405158	0.87806668	2.5882336	1833.217	14.075175	13.142179	-0.025823024	-0.04109973
3668	3.3855892	-0.11390749	0.50672103	209.36995	2.6422936	1.8750214	-0.18567519	0.19702415
3669	0.053353036	0.46481449	2.1166484	95.816631	9.0521316	8.612212	-0.18475343	0.029096832
3670	3.9272206	1.297791	0.14523166	272.10793	9.4060951	8.5053128	0.43260858	0.11554118
3671	1.5722809	-1.1163203	1.2169762	4921.213	92.944773	65.452126	0.0019588114	0.14157819
3672	4.2551104	0.78384222	2.9107618	1751.6466	20.171823	11.530362	-0.068403899	0.021505781
3673	4.2196358	0.99989883	2.3391337	1630.6359	15.391476	11.227591	0.076951089	0.21761546
3674	4.5581846	1.091489	0.33585195	310.78036	1.4597855	1.2767231	-0.00019045952	0.060708892
3675	5.6226252	1.2252634	2.6337086	2547.4433	14.258451	13.590994	0.1191533	0.062905742
3676	3.7373543	0.96256892	0.94106803	678.55815	14.998322	11.229895	0.099579791	-0.11292946
3677	2.90494	-1.3080475	0.28851414	409.11965	10.98031	2.2968061	0.018041744	0.038058755
3678	5.8370261	-0.44633149	2.5870887	3589.2281	116.10909	56.352847	-0.017360025	-0.058935752
3679	2.5098499	0.94825825	2.8215942	1081.9438	18.292395	10.448612	-0.19858307	-0.0015132855
3680	2.3466732	0.37362074	1.6636844	204.16042	32.634674	1.2687849	0.075148058	0.16353879
3681	2.3853206	0.71693799	2.3318762	3091.1595	41.563148	38.628701	0.028747793	0.03501353
3682	5.6093901	-1.4764781	1.1212853	427.17512	9.6063859	2.4479263	-0.0014136966	-0.054401798
3683	0.038339031	0.83175006	0.87710042	207.93218	2.3772312	1.3185135	-0.1072206	-0.26019579
3684	2.3115142	0.66811672	0.64734708	206.83598	1.3380288	1.2829479	-0.088697027	-0.010329358
3685	4.3764273	0.50209737	0.4224538	5856.8761	68.380625	58.55196	0.10912846	0.15535943
3686	5.4827423	-0.79799648	2.89188	2166.6599	42.555009	36.071359	-0.0060012522	0.032785977
3687	2.4605161	-0.4564237	0.89927181	5123.3137	86.608336	64.585462	-0.021533827	0.12702436
3688	5.640585	-0.64982402	2.7119839	9888.1346	51.250493	50.59567	0.091634108	0.033245178
3689	3.0798478	-0.04590889	2.1522762	461.08056	10.836098	9.1175747	0.13595646	0.061384706
3690	2.9810013	0.21983372	0.21001845	1993.413	33.817961	13.855509	0.086089675	0.03894178
3691	3.7362869	0.16822707	2.4385453	4652.3568	108.11655	44.858224	0.37010572	0.29268746
3692	3.5279354	-0.73160899	2.9272142	8435.1637	57.997108	36.504505	0.1500254	-0.081533025
3693	1.1751759	0.082004501	0.76111048	1426.0026	47.88945	37.408683	-0.075235889	-0.22947324
3694	3.6590992	-0.45114109	2.7294124	503.59049	20.892793	1.8637868	-0.44769947	0.04337758
3695	1.7676953	1.0060696	0.43852817	4512.3513	57.662882	53.329246	0.055504975	-0.014236135
3696	5.7712652	1.296555	2.6515099	3600.927	58.232209	27.117693	0.33612259	-0.040318785
3697	0.49883955	0.92109943	0.46547664	943.27053	40.691304	11.142893	-0.011233176	0.1697549
3698	2.222225	0.14272534	1.0354537	2993.0857	132.4897	122.10504	0.091250875	0.040854825
3699	2.2902897	-0.20863632	0.34939578	476.99353	11.049847	10.075594	0.1230618	0.020529454
3700	0.89790359	0.61928386	2.6911604	893.10065	22.017617	1.6326148	-0.0059961308	0.072161289
3701	5.9279465	0.22896664	1.7275972	2674.2271	53.174563	50.566034	-0.0087012654	0.17558722
3702	6.1754871	-0.013835887	2.1504048	469.71217	28.1551	16.481876	0.082030077	0.0014520953
3703	1.2626493	0.1184402	0.4681869	4036.0937	60.509579	54.416562	0.011878732	0.23129477
3704	2.8444154	-0.98968586	2.8781087	887.40737	42.008488	11.579578	-0.047774204	-0.021255017
3705	0.69763714	-0.22088446	0.42775033	822.17889	10.030189	4.0132363	0.012970818	-0.22271957
3706	2.6265268	0.50853585	2.2422611	2063.1423	63.856785	27.432416	0.032295492	0.35278902
3707	3.8181319	0.24808667	0.21655147	1930.2175	92.302567	25.221974	0.003481414	-0.21982575
3708	0.76831156	-1.0630408	0.47262978	6369.5602	87.248189	68.665401	0.28805754	-0.00016418097
3709	2.8533389	0.29962488	2.8540963	4570.7135	54.082015	52.994572	0.0031924155	0.048599394
3710	1.700991	1.0069115	2.7175968	5248.0493	26.246387	15.733291	-0.002756451	0.12336153
3711	3.4789455	-0.72245487	2.0367617	1135.4049	25.374362	14.662772	0.047762602	0.0029287672
3712	3.2720819	-0.59699367	1.0981338	149.04475	1.4034776	1.3033199	-0.11862474	0.051139933
3713	6.2809468	1.1628442	2.2767616	617.65624	9.8799123	9.2571902	0.014782445	0.00047793218
3714	5.2693736	-0.78185439	2.5302254	1463.2728	13.012605	3.8419997	0.01126826	0.15353706
3715	5.3936683	0.86405284	2.8679286	930.26147	10.44797	9.0415509	0.19606748	0.21231805
3716	1.6815213	-1.1192751	0.62321498	1075.4096	10.954806	9.9725327	-0.085564098	9.4362626e-05
3717	5.8901577	-0.20256269	0.30076113	2620.5262	45.050863	43.369159	-0.0036977927	0.12816625
3718	6.1844283	-0.72093209	0.49080313	1163.2667	11.799038	11.621407	0.09953061	0.098492417
3719	3.1878581	0.32375076	1.5220391	5107.5577	104.70498	60.478728	0.0079609191	0.043734391
3720	4.4505341	-0.68692772	0.48286315	5621.9866	60.487432	56.725277	-0.082597525	0.20922121
3721	4.9184825	1.053488	0.63895245	2704.6138	54.305028	43.060315	-0.029224087	-0.12296162
