simulation_id	longitude	latitude	inclination	distance	mass1	mass2	spin1z	spin2z
0	4.2620217	0.6847603	1.3204223	332.39895	10.483115	9.0746579	0.00080121883	0.26317235
1	4.16646	0.1384404	2.1691204	1012.6975	41.761345	40.646826	0.010328374	0.15138042
2	2.0473784	0.34121813	2.3151222	2113.2298	11.613567	10.519646	-0.0052651245	0.0027856859
3	5.6018954	-1.1613052	1.6899994	1071.7128	24.634938	15.690941	0.038562958	0.12725668
4	1.4714451	-0.6398126	1.6305539	761.81266	16.006386	10.284198	-0.0043930732	0.094284687
5	1.9202558	0.36210267	0.76627363	3323.5079	53.401192	52.293336	0.073573264	0.2276256
6	2.3650673	-0.8619666	2.1812584	657.28301	11.306469	9.2031877	0.34177992	0.0043677111
7	5.2306863	0.17499876	2.3534463	2140.5586	97.926596	48.909772	0.087903662	0.015781669
8	6.1275014	0.8693476	1.8171581	565.50373	8.9317406	1.8442289	0.26025715	0.0039670261
9	4.9078645	-0.27543558	1.9063025	1706.5865	84.513272	45.651776	0.21048756	0.019712421
10	5.1249645	-0.77774614	2.5698231	4928.4635	46.670015	29.073202	-0.01302791	-0.025048122
11	3.3870832	0.83179312	0.58871141	1315.0714	12.107254	9.8767085	0.016201468	-0.038259013
12	5.9947987	0.58448203	2.421729	1046.8954	21.667095	2.5970969	0.033014809	-0.077887453
13	3.70423	0.69447503	0.19379682	1889.3768	42.663578	29.488064	0.037515191	-0.088100291
14	3.7971859	0.87535684	0.38678959	158.44363	29.254971	1.4870773	0.10605007	0.095806078
15	0.66888419	0.72449942	0.41072353	978.13108	10.796274	2.1891764	-0.0083928335	0.0059628991
16	6.1280585	-0.5691877	0.23365737	4695.9729	74.556845	69.477744	0.052572812	0.05803096
17	3.7392392	-0.21207263	1.1334813	1036.3013	22.625625	11.201338	0.050476614	0.013443353
18	5.3577668	-0.62833181	2.7909815	4491.29	56.905371	32.770986	0.032973894	-0.086119893
19	1.277467	0.27687017	0.54791956	1114.7733	10.648669	9.7419935	-0.031680928	0.012898351
20	5.02435	-1.3291572	0.50467617	1468.5962	12.175327	12.002065	0.074533677	0.001091857
21	4.4653021	-0.077385241	0.72186005	5116.6653	109.78088	98.038365	0.060606936	0.11493553
22	2.4513505	-0.22354046	0.33238289	746.93079	7.4713465	1.8607426	0.46588559	-0.045702859
23	4.5625499	-0.0033924737	0.32873468	964.94609	38.984723	26.590566	0.12360189	-0.0025739413
24	4.8019913	-1.2053481	0.85885508	5745.8185	61.014352	54.536017	0.0019968496	-0.087078245
25	1.446385	0.48462754	0.90684716	2201.7507	44.556291	31.301363	0.02041686	-0.0048403211
26	0.17145007	0.40632663	0.63911067	530.87331	8.9134241	1.5775123	-0.29898814	0.039454837
27	5.6884721	0.11746066	2.4076972	1141.0926	41.827941	35.345459	0.010499686	-0.20261268
28	2.986839	-0.89209796	1.8635908	1337.3149	44.336	27.372861	-0.29529435	-0.020579305
29	4.5274938	-0.31407747	0.49975332	2344.6261	11.091765	5.7650052	-0.36450227	-0.0087281191
30	5.8845313	-0.62850955	0.82015032	161.30351	1.655961	1.4510362	0.0042768144	0.080224883
31	2.8135691	0.5885328	0.63436937	2343.6649	36.689609	13.940007	0.11658618	-0.085631567
32	0.96535827	1.405876	2.6485628	267.31783	8.1019711	7.6679082	-0.0180451	0.16123343
33	1.5321768	1.121273	1.5917636	1666.2357	35.033201	28.879215	0.0075552211	0.020334337
34	4.54641	0.2090363	1.2068097	2371.1467	46.568363	40.57478	-0.010892578	0.13200268
35	5.9676174	0.60324529	0.50822698	1335.3953	12.434797	8.991713	0.1230099	0.074968651
36	2.7534096	-0.54364461	1.0069017	2700.4384	48.323252	40.226398	0.24653668	0.068639181
37	3.3950243	-0.33706707	2.3010108	291.64302	2.9933189	1.4054389	0.20923589	-0.0074675106
38	2.4084685	0.086911397	0.26154381	569.1875	8.5728464	7.8880664	0.083276578	0.020198748
39	4.2250215	-0.29453394	0.33655999	8118.4641	153.80284	92.537079	0.028386062	0.15916398
40	0.59251636	-1.2848864	0.045897956	2443.7663	44.305366	28.213219	-0.005771393	0.039054571
41	0.096313154	-0.5208058	0.67685908	955.29695	11.16858	10.740874	0.25155993	-0.0014912997
42	0.78005649	1.0052041	0.67907597	2262.0679	12.136557	12.059285	0.036523182	-0.0042232407
43	3.9061311	0.6786978	2.7643916	5674.4972	63.843039	48.169981	0.3279451	0.012892547
44	2.8853676	-0.74930177	0.80404901	8595.386	172.27167	77.234368	0.0034911581	-0.054636574
45	5.575625	0.60180714	2.2818349	1871.8015	10.591493	10.567191	0.089881025	0.10768353
46	3.6029505	-0.86447741	2.8300176	1432.2417	12.146615	2.3770364	-0.14301788	-0.0043399037
47	0.72211878	1.0366661	0.8220396	5499.6227	63.983625	39.135986	-0.0023127774	0.24373431
48	1.2937638	0.85417064	2.5954271	3047.9687	48.296062	40.59958	-0.091699882	-0.16477007
49	1.6187509	-1.2082629	2.241285	648.70115	15.918375	5.5915534	0.024379148	0.096629564
50	2.2987218	-0.66782778	2.2454705	882.61038	13.128914	10.885258	-0.044384971	-0.4342195
51	0.71179619	-0.57124169	0.43502244	2026.5864	10.252064	7.1780028	0.03233895	0.18349549
52	1.0680127	0.41541339	2.4063556	4797.681	69.827014	63.308603	0.17651622	-0.0733373
53	3.3135728	0.72209747	2.3516611	1526.8327	11.997277	11.799292	0.12251345	-0.043402255
54	4.2690116	-0.061137693	2.7058954	269.42772	2.182162	1.3915589	-0.068748995	0.018145183
55	4.9260559	0.77806619	2.7293805	1358.5308	33.91893	32.407851	-0.21561496	0.12802247
56	1.7022106	-0.20934102	0.7571508	4021.3172	51.637087	29.652449	0.19143358	0.072743791
57	0.1322557	0.47360286	2.0492857	1945.5447	46.772644	36.272726	0.034669021	-0.3064073
58	1.7616645	-0.23895613	2.7726104	675.33094	5.2138527	2.4537091	-0.019157785	0.023161339
59	1.786631	0.68409147	0.40715415	1275.9568	22.084129	11.289327	0.015817692	0.049029435
60	4.8641515	-1.1185281	0.66906745	1314.3446	71.129043	41.944144	0.0054773518	-0.082924619
61	3.8774262	0.005712595	0.6649997	1717.9937	15.248269	14.953832	0.1023262	0.08845249
62	4.2703887	0.87247801	2.2879091	1643.8886	13.609113	9.5231372	-0.013203319	0.01834814
63	0.70905455	-0.089807279	0.45862682	5782.3549	69.494605	64.948188	-0.021476378	-0.016062399
64	0.98078349	-1.0430924	2.5382067	960.30078	11.947578	10.975987	-0.00081357394	0.098752044
65	1.7542944	-0.024825885	0.4115078	1421.4822	38.277442	30.216636	0.0013480028	-0.27094591
66	4.6016685	-0.43314576	2.5337191	936.70746	38.313979	22.406617	-0.23810808	0.15425384
67	3.9255614	-1.1696885	1.7913443	2967.256	102.13484	99.814307	0.18895842	-0.21027237
68	5.3373964	0.1944663	2.1127356	133.37401	9.1420386	8.8430516	0.024826951	0.35050101
69	5.6967739	0.28608051	0.4561375	1433.4187	42.23418	29.377196	0.060438071	0.032348405
70	5.7311327	0.79517612	0.80954091	562.46258	10.976297	10.538387	-0.2097672	-0.0056332215
71	0.45024997	-0.40209449	2.5918789	9610.8367	72.35244	57.916577	-0.18486091	0.46547382
72	4.1117304	1.1776959	2.6930017	519.36725	12.159349	9.5663032	0.039434593	-0.0021920969
73	5.8583724	-0.16391681	0.30577934	1354.7872	10.852977	9.9933244	0.16863673	0.043140169
74	4.7244838	0.055420077	2.6755138	373.19421	4.1222444	1.973065	-0.049893034	0.011440425
75	1.3956603	-1.2660667	2.9460804	787.51162	10.050251	9.5212995	0.02819613	-0.035277385
76	1.4531814	0.43086688	0.52270233	3509.1127	29.660803	15.677332	-0.15072649	-0.013430941
77	4.6484458	0.3994863	0.98852277	159.2333	1.2546699	1.2531525	0.032205486	0.25227239
78	1.4484263	-0.63576369	0.93861788	634.65597	9.9431557	6.7991227	0.2151622	0.22278446
79	1.3324137	0.7934745	0.36663142	5995.3006	47.234275	39.83858	0.10060462	-0.19219981
80	1.9759382	-0.777022	2.2119842	2490.5855	38.711155	37.036785	0.29549131	0.026371234
81	4.5066651	0.64139551	2.3743805	1065.1305	10.454873	10.209012	-0.094924595	-0.030521742
82	6.0074179	-0.50950451	2.1691076	1025.8235	11.729769	9.2513771	-0.024618642	0.021670791
83	4.7860584	0.68903642	0.77036909	438.60863	9.1427552	1.6743948	0.054479016	0.013392442
84	3.4406046	-0.046089288	2.0887053	1933.6373	47.383363	36.294842	-0.062746862	0.011917264
85	5.7142997	-0.20353962	1.0293295	551.96009	40.398722	36.345063	0.029966797	0.42643379
86	5.7361906	1.2103688	2.5711962	4405.0645	57.756088	50.805118	0.02083332	0.29079957
87	6.0422185	-0.82245846	2.5673898	754.77445	51.225501	44.60454	0.16450249	0.0073848226
88	4.4045878	0.50015572	0.79676252	1804.9464	48.586093	46.17622	0.098461988	0.018505931
89	1.5340812	-0.58757421	0.090012988	1192.0298	37.395976	13.797559	0.046232399	0.029549333
90	1.1071729	-0.080261682	0.2987326	2356.3995	19.208906	12.191444	0.12438936	0.094469325
91	3.0608573	0.70943968	1.5734348	293.2124	5.9632665	2.7669252	0.018950138	0.032417361
92	1.365109	-0.89993378	0.8865372	2386.4838	31.730915	30.050996	-0.036270456	0.0076458274
93	4.0548123	-0.039764765	2.4650193	4411.6069	116.35243	47.549904	0.037597454	0.027355549
94	5.6612145	-0.56394266	2.0498985	810.56071	10.728917	10.426594	0.035438695	0.0038110219
95	2.3379953	-0.3882047	2.6574881	3434.7341	49.125745	41.760538	0.02008919	0.13966686
96	1.0549683	-0.86239473	2.6694697	4783.9818	43.322196	37.721335	0.16456339	0.023374071
97	4.6928648	0.19545063	2.7567484	1075.1247	14.885794	1.4703228	0.086054918	-0.011921503
98	3.7539149	-1.1841494	3.051582	4271.1935	57.208015	55.17171	0.022523019	-0.047358383
99	5.3942362	-0.75930781	1.1613845	104.65231	9.5660744	1.8295644	0.085590989	0.028852934
100	2.4581263	-1.4129542	2.079836	1121.5417	11.048158	10.071215	0.0061859812	0.12694775
101	3.1153562	0.30342824	2.4094622	792.60476	35.105655	29.219634	-0.012409799	-0.039368663
102	1.5615544	0.50731442	2.7318996	3837.3053	56.055581	54.384501	0.31800462	-0.045881049
103	5.2270006	0.53745424	2.227848	5708.4269	66.359001	62.003438	0.062304878	0.27762053
104	4.9866342	-0.046079493	2.3925642	262.46137	4.7293767	1.8011593	0.028328664	0.010789038
105	3.0978058	-0.39225195	0.63740987	1869.7831	45.135065	25.00937	0.015944944	0.095776048
106	3.624282	0.46168312	0.67999625	4320.6588	44.009632	15.035148	0.038008705	-0.0025175883
107	0.22181978	-1.0038999	1.7644685	280.95004	2.4063024	1.1493308	0.13734902	0.20002043
108	4.5556185	0.50804401	2.5254805	1329.2117	68.479148	11.054892	-0.33533973	-0.15557068
109	2.5471156	-0.18330782	2.4385223	4492.6223	65.281731	55.067946	-0.024124197	0.055656305
110	2.8922604	-0.71794359	1.220061	586.62986	72.982331	45.234058	-0.021968776	0.16864494
111	1.7933901	-0.81814265	1.0210212	1637.2275	15.417645	14.257588	0.097830513	0.027215723
112	0.33978415	0.13406128	2.5756882	1251.0912	12.128465	5.3465098	-0.25004193	-0.074561397
113	6.1277665	1.3902078	2.5115069	1020.7748	33.297258	2.7188627	-0.021883311	-0.016992108
114	5.3009943	0.73230499	2.1752874	834.54776	11.91382	10.785799	-0.22376483	-0.010036749
115	5.0248933	-1.0483562	3.0181781	6447.4668	48.55547	45.216511	-0.060484677	0.21392594
116	4.7274346	-0.15893878	2.772101	1305.9297	43.767283	28.100729	0.088211972	-0.047944147
117	0.37666265	-0.2451943	0.72130166	4706.3953	64.361656	54.668253	0.19624307	0.29670343
118	0.89310657	-0.52640656	2.8540978	3677.7933	52.389084	52.152442	0.010486299	0.06579116
119	0.85922384	-0.91662939	2.0270559	293.75113	9.8500534	2.2295311	0.27352022	-0.031993457
120	5.8981468	0.058671865	1.1871384	1292.0293	24.279103	17.506175	0.034173531	-0.074926856
121	3.345338	1.2419872	0.91040431	2099.6626	22.110938	13.604257	-0.055060351	0.016975154
122	1.9603628	0.20258853	0.507378	849.17993	34.026738	33.781287	0.16991585	-0.73276205
123	2.5839529	0.57273647	2.8458794	296.98947	10.253202	1.2584953	0.45450962	0.021462168
124	1.2494087	-0.65017802	0.67286493	370.42024	7.1707778	1.6914953	0.0054994213	-0.027476458
125	4.2940089	0.95392067	2.9912653	2426.9649	13.261995	12.863963	-0.092335897	0.32670615
126	0.033814742	-0.65855387	1.4639607	631.30888	22.327688	18.425842	0.13632924	-0.027317777
127	3.830283	0.24040831	2.468018	667.72555	10.792474	9.2052888	0.14361726	0.049505727
128	0.78230303	-0.84910351	0.82161027	1078.588	10.18936	8.9542599	0.066479721	0.36840491
129	5.6849784	0.34444741	2.7051953	845.42617	11.397502	9.6169482	0.10285402	-0.0096439252
130	1.1938979	0.67237384	2.420762	2097.2791	42.329647	36.804158	-0.11299041	0.010243291
131	1.8755498	0.22965951	2.2566562	743.02969	31.837104	4.78444	0.027988827	0.39582634
132	4.5855215	-0.30201351	0.18699219	3415.1342	55.152679	39.079223	0.020704289	0.0066194748
133	1.8377603	-0.45972943	0.51194335	4159.9353	42.210416	31.463299	-0.57520427	0.19610518
134	2.1946284	0.44124835	2.020654	3463.9943	104.19095	31.56286	0.048646768	0.20049128
135	2.9124411	-1.124759	2.0826885	407.12385	9.8404817	1.7438576	0.35371536	0.075095529
136	1.9339128	0.67520258	2.4848932	1104.1396	12.301901	9.4458621	0.019032543	-0.028893464
137	2.2447582	-0.22472407	2.064916	1768.724	52.763109	34.689792	0.35233758	-0.072514398
138	1.731371	0.88287244	1.315505	2473.5699	78.334263	52.334252	0.029312392	0.017588296
139	2.4041229	-0.2547009	2.3868201	719.6087	10.53003	9.7145167	-0.030476666	-0.0029683454
140	2.0577919	-0.64574097	0.50992998	1503.1662	26.993222	14.438471	0.1849037	-0.007790721
141	3.7210825	0.21674095	0.98190121	1266.2238	11.798163	11.139367	0.062585495	-0.068688446
142	1.9447457	-0.49472089	2.5847512	44.172839	1.4251158	1.364322	-0.054058213	-0.081707767
143	1.4351769	-0.36110157	0.90201167	1343.1199	42.81455	38.2487	0.017461344	-0.01514356
144	3.2766243	0.17193163	2.2850471	504.94726	4.5912026	3.2497988	-0.29907452	0.018970694
145	0.045531208	0.41438007	0.16634249	5138.6017	64.549792	62.389091	0.36190671	-0.089786676
146	4.8161088	-1.2955216	2.4875824	184.64273	31.681647	1.0968532	-0.048572155	-0.08757427
147	2.9558267	-0.25724981	1.0674687	703.74793	10.533027	10.489562	-0.063869695	0.3463801
148	6.2726709	-0.88414897	0.82214816	1590.6166	11.541278	10.455078	-0.0068913786	0.043001346
149	1.9773099	-0.43715589	2.347971	4726.6269	86.548246	45.701636	0.16709889	0.14601653
150	1.5604274	1.2422696	0.68478965	567.86068	9.8530604	2.3419212	0.18217703	-0.020943402
151	2.6636977	-1.1281262	0.36931392	1051.1921	43.332942	30.853233	0.070368787	0.033928776
152	5.2376854	0.50558699	0.8598838	5862.5587	51.235221	50.848779	0.013051959	-0.042204545
153	0.61230462	0.64064238	0.35073974	303.88641	8.8851756	1.2931227	-0.10329731	0.0045779219
154	2.3818106	0.76216971	0.74409471	3010.9863	47.456051	41.905571	-0.087573661	-0.03851257
155	4.4065805	0.33367119	0.42137856	2488.3009	53.593689	53.262214	0.17785744	0.14145485
156	5.3976868	0.49031711	1.0495639	362.32372	9.9233892	1.2988031	0.081085905	-0.078233031
157	0.25007206	-0.98847519	0.57958481	1301.8669	12.025914	10.105593	-0.23897531	-0.067526467
158	1.0251905	-1.0788777	2.3624264	2651.6111	57.202116	54.090932	-0.093523542	0.055529081
159	0.092249136	-0.47218314	1.3869761	2686.6005	99.379577	54.737823	-0.034956816	-0.037118764
160	1.8860833	-0.60033973	1.1008374	1907.2721	45.004164	38.615688	0.057324575	-0.053504852
161	3.4818966	0.55752482	1.0926795	4263.1481	39.160565	30.41038	0.070232942	-0.01738583
162	2.2779446	1.4876526	1.1307909	1643.9519	29.801571	9.8651629	-0.035058674	-0.069046188
163	5.5748131	1.0463169	2.6177128	455.73785	26.630011	11.236744	-0.04075428	0.36982621
164	6.0102661	1.0614146	2.1435845	7734.3702	129.16411	115.3483	0.060606936	0.11493553
165	1.3251439	-0.49135838	2.5570403	4649.6123	17.317374	14.709212	-0.099045985	0.1402261
166	4.3651607	0.44717899	1.2667581	1505.2834	12.186898	2.1523107	0.22729757	0.15580821
167	1.5301937	0.08829681	0.33105021	637.72558	9.166549	1.838829	-0.23563077	0.044368337
168	3.911793	-0.35988194	0.35990107	294.80591	1.8238255	1.2981173	0.084896954	-0.011497799
169	2.7486114	1.192453	0.60684177	853.96039	13.031813	8.742214	0.01004606	0.30933174
170	0.86219854	0.92602345	2.6501302	3394.5482	60.162519	54.666701	0.0049951959	0.011315667
171	2.0916448	0.25117144	2.9412454	5791.1882	32.344773	14.658376	0.036792441	0.0086479073
172	5.1936662	0.21035691	1.1477974	2812.0911	57.114653	21.186901	0.4498118	0.17316767
173	3.2141073	-0.079762207	2.531635	4501.0436	69.360163	48.853797	-0.1166832	0.033377468
174	2.7284764	-0.1937095	3.049122	844.56544	2.1845569	1.47328	0.092212842	0.025856425
175	3.4829313	0.59753761	2.9313987	241.97403	1.5534119	1.3159063	0.033283262	0.025481806
176	4.0612074	-0.62389286	2.3421933	1176.64	14.091386	10.000832	-0.058166191	0.15610159
177	4.4282994	-0.1798959	0.57349225	1229.3941	46.861002	45.497717	0.1354944	-0.002375677
178	1.6437071	-0.81851653	1.3166613	1201.1328	67.61879	46.581573	0.010536237	0.093102109
179	5.0432976	-0.29036121	2.6318122	461.89978	1.6726897	1.3339922	0.097583099	0.023194633
180	5.4918771	0.58298932	1.3476565	120.57171	3.659652	2.0612003	-0.19711935	-0.32630127
181	4.8109865	1.4039291	1.7567045	2115.0525	37.343779	34.118354	0.13778653	-0.077197862
182	5.9616427	-0.85571432	1.0730842	576.20526	10.396561	10.069243	-0.0041516865	0.28800627
183	2.9113577	0.40868149	1.0580133	1471.7537	20.481449	18.278989	0.018304766	-0.12023841
184	3.9011383	0.063165616	0.94951855	1991.8382	115.34037	32.849686	0.032183967	0.0017954005
185	1.8317857	0.88288424	2.6438004	1160.022	10.522317	9.2746986	0.076644103	0.035884882
186	2.2389066	-0.33781196	0.56555901	1517.9539	18.812456	3.8261845	0.0095757449	0.0023848795
187	3.7831092	0.80943441	1.9688655	2265.9871	37.433639	34.330338	0.088679697	0.27183752
188	0.0075715341	-1.0562929	0.5493295	1586.3862	16.69112	10.807171	0.016551418	0.0025352852
189	2.0111523	0.95516059	2.3729293	5014.3198	70.154584	31.357728	0.0053306548	0.15704629
190	1.046933	0.92697038	2.2100905	2535.9305	62.206159	42.921266	0.34172453	-0.18456561
191	5.8465684	-0.43969272	0.77907388	1378.4597	11.545169	11.518305	0.12201837	0.13900245
192	5.065619	0.48839916	3.0973429	1057.1512	41.998639	2.4287168	0.038948648	0.020653544
193	4.9871841	-0.83923473	0.71286959	1236.3868	11.334041	6.6821046	0.40446082	-0.044123292
194	2.6168888	0.47624437	2.0667969	258.14853	8.9354197	8.8257497	0.15806569	0.031238678
195	2.0137616	0.39118445	0.37948736	566.32736	8.9188204	1.3100007	0.23542339	0.098572844
196	1.6594981	1.061614	2.6012839	1423.0178	46.390936	44.504161	-0.055965967	0.1423627
197	3.3050508	0.030228579	0.5780971	1992.2812	22.902982	18.714092	0.1039937	0.058407486
198	1.9847734	-0.43976246	2.2171444	532.60255	12.668349	10.355658	-0.036478588	0.057980177
199	3.9583879	0.58265376	1.7124104	3726.9632	51.064817	43.080548	0.03910864	0.14120845
200	5.7411583	-1.1560175	1.7369263	549.98154	19.606144	7.8075538	-0.0018993012	0.36093563
201	2.5349906	-0.59070923	2.4964262	3275.521	44.093157	22.897197	0.038984943	-0.071065606
202	3.4673202	0.6505561	1.7609016	2391.3246	37.811922	33.150949	-0.016998854	0.069318415
203	2.0013666	0.94526798	0.44531325	4917.3119	44.853875	42.770388	-0.031199595	0.02252477
204	4.4665121	1.5113202	0.46527255	740.60262	39.757644	11.936376	0.091453537	0.39680281
205	4.3488331	1.0179461	2.2655797	8352.9132	207.70415	143.99539	0.27567025	0.24775904
206	2.3545364	0.95296988	0.51816305	561.44633	35.918805	26.305972	0.27828573	-0.1309323
207	0.17654581	0.31361447	0.45814077	2070.4278	13.505354	12.200715	-0.016506925	-0.040149374
208	5.3870066	0.020534414	0.66238736	5306.6104	130.50728	47.897362	0.016947721	0.40226139
209	2.5019405	0.20603404	2.3327975	5089.2245	62.59774	51.78196	0.12871508	0.10806232
210	3.4672691	-0.85035293	2.7682958	1012.8623	11.410519	9.133951	0.13801808	0.23056699
211	4.0064508	0.55932509	2.438276	691.33925	11.735178	10.714263	0.056218547	-0.064431448
212	5.8180405	0.1684631	2.3258983	551.31941	37.696922	25.263021	0.010602962	0.15870989
213	5.3649268	-1.3659825	0.80222492	1269.1995	34.608058	33.578956	0.20276754	8.7124392e-05
214	0.13819433	0.52349043	0.16069659	452.57417	34.140035	9.8292661	0.26081181	0.008503713
215	5.759842	1.3222398	0.51433026	836.00221	10.086482	9.9031915	0.11089097	-0.030089503
216	4.1267191	-0.39253286	1.0204712	521.6776	10.393299	2.9057526	-0.016146882	0.023298523
217	3.7728814	1.2463086	2.9269078	2599.4085	41.145803	30.681503	-0.057831113	-0.29511699
218	4.1688856	0.23967323	2.4487704	1732.4509	46.823323	34.951719	-0.19532866	-0.16338825
219	0.49963058	0.62011338	1.5154563	991.68805	39.757482	37.923133	-0.0004749074	-0.036980232
220	2.8625233	0.38667805	0.58801912	3715.8094	49.659688	41.331575	0.16755463	0.067626376
221	3.143699	-0.26866687	0.70167833	371.26901	1.7433015	1.4503437	0.0089918766	0.039110788
222	1.5883047	0.49574451	2.2279299	2139.4222	60.543668	51.509759	-0.00025700738	0.15186922
223	5.5770734	-0.87151446	2.4687739	180.27871	1.8783872	1.394634	0.27083849	0.14037665
224	3.9608653	-0.86938698	2.8670044	2855.3824	33.439571	13.998041	0.42394029	-0.068117826
225	2.0477493	0.54462077	2.8840449	1936.0104	30.378285	13.80307	-0.012834497	0.0056676713
226	3.8267392	-0.78292764	1.3897034	3820.9949	75.003643	73.833107	0.12139753	0.0039551077
227	5.3643324	0.48686897	0.56608592	9889.4348	86.248905	72.513642	0.063585843	0.11826259
228	1.2447544	-0.22823967	2.2947819	464.32019	16.314345	9.4669211	-0.24170968	0.084539191
229	3.1695342	-0.29969188	0.27127156	160.85128	1.5432705	1.2932277	0.17407223	0.074789542
230	0.88703221	0.43816993	0.75797817	466.62303	3.0994551	3.0646788	0.039722924	0.0025229348
231	1.5307664	1.0476795	2.6346606	584.66475	2.5465947	1.6815079	-0.1067503	-0.03091456
232	2.656761	-0.2458007	2.8584367	4158.7023	47.695889	41.460962	0.28249843	0.017107887
233	1.9610587	0.36881197	2.2291221	936.26105	11.556491	10.638359	0.13800758	-0.13152838
234	1.1921035	-1.145484	1.4685884	3747.504	92.214214	79.497276	0.4189166	0.028699296
235	4.4157576	0.2028663	2.5068485	865.02374	24.493695	10.983083	0.015169426	-0.32455998
236	5.4402539	0.50745755	2.3896553	755.49881	9.9059647	7.3567539	0.22342456	-0.030676408
237	4.9662397	-0.67510551	1.2771923	4109.3543	41.309415	34.947389	0.085894189	0.0099943453
238	0.49425428	-0.27872384	2.4760497	175.84876	10.189145	1.2840204	-0.087858871	-0.025703898
239	2.7591152	-0.52819453	0.71783405	1095.5393	33.560277	2.9371363	0.011850664	0.10024714
240	4.4988469	-0.22742186	2.1587308	1040.6282	25.881765	10.209494	0.38433156	0.054426724
241	4.7450982	0.60725045	0.5045325	5672.295	68.078837	62.383036	0.45478472	0.0013799412
242	4.6929644	-1.2154043	1.9058593	385.1324	13.331762	9.0322392	-0.11814695	0.04290363
243	1.3302865	0.48721734	2.3204395	3500.8758	14.923693	14.363688	0.0029521956	-0.097211463
244	2.928093	0.09395302	0.255166	7847.3292	203.55261	196.88578	0.17292931	-0.00872194
245	0.64940965	-1.3676891	2.1491506	1243.2432	11.677903	10.386813	0.017057554	0.021930441
246	2.6459341	1.3550654	1.0091459	4446.0405	63.25315	51.491456	0.0030302963	0.0059851248
247	4.0231887	1.2433819	1.3824852	1215.0846	30.825887	27.500652	0.056676159	0.027987815
248	3.4436424	-0.36721599	1.1762957	2410.5465	48.272312	28.84833	0.080142444	0.15888682
249	0.99299464	0.3905491	0.63031424	63.17336	1.32885	1.2453067	-0.0042331117	0.049144384
250	4.3071662	-0.71540193	1.8330854	171.29937	2.7110739	1.5909293	0.18196745	-0.0045679808
251	0.44192304	0.40329209	2.4228569	1106.6744	11.550118	2.1581493	0.24636913	0.079133071
252	4.5719603	0.18239625	2.7323827	1107.0438	10.306609	9.8784801	0.11557241	0.057249638
253	6.1768497	-0.30990681	2.2999446	1860.4797	61.415766	34.413431	-0.19220658	0.064030203
254	2.8755508	1.4214707	0.61107342	3297.4977	65.544986	51.799252	0.12837947	0.15105184
255	0.26491013	0.31212682	0.069100812	1364.0052	27.561281	23.800572	0.019273436	-0.017422982
256	2.4726894	-0.89003317	0.72008145	211.18276	1.613239	1.4967921	-0.007696419	0.010432738
257	1.6187366	0.60848274	3.0804378	2697.5621	53.739566	45.64391	0.064727697	-0.0012122615
258	2.3319136	-0.24578845	0.84446245	126.95515	1.6297956	1.3905472	-0.053629764	0.0055927438
259	5.710239	0.24358993	3.0334561	1219.242	11.291742	10.021707	-0.016513665	0.020772085
260	4.9124603	-0.27902336	1.1341237	2092.6891	63.071733	35.341328	-0.19220658	0.064030203
261	5.6560177	1.3021828	0.78530953	404.85081	37.664162	37.227636	0.12670584	0.063034776
262	4.5033931	0.91068077	2.3536608	474.57889	30.030559	20.944285	0.046765896	0.11443994
263	1.3388376	0.17347725	2.6665675	3679.3489	40.568588	16.111053	0.046967765	0.035132247
264	1.3704163	-0.73621428	2.4273934	5693.3645	142.86213	76.038397	0.59144272	0.088245968
265	1.3413519	0.4605968	0.16981319	3880.0676	56.255544	41.523298	0.00023530061	-0.10992571
266	1.8331983	0.27060885	0.63420383	1368.4368	19.67884	15.346413	-0.015622503	-0.028557779
267	0.978379	-0.29880442	1.8624741	457.52487	26.671568	23.042643	-0.047299485	-0.3805833
268	4.4083419	-0.76217545	0.83986861	1079.3552	10.157265	9.2423092	-0.034041867	-0.0077279359
269	3.7104645	-0.79469774	2.7743012	1904.6059	16.033482	14.028617	-0.088145106	-0.34263819
270	4.739022	-0.23133611	0.53098505	1393.9928	36.921115	30.036668	0.035009221	0.23922502
271	3.1994965	1.3981916	0.84442436	1067.3701	29.894554	8.4807487	0.15141752	0.046390355
272	4.1876159	-0.60077864	2.5771349	4245.338	61.181793	55.859027	0.010376046	-0.078162719
273	5.2260035	-0.6179166	3.0813155	1021.8521	35.457308	27.919722	-0.15183836	-0.034992026
274	2.3405805	0.90996315	0.46626701	2194.8995	15.468691	13.429931	0.021252233	-0.16055533
275	2.2543621	0.36041095	0.4148827	5797.32	29.85404	28.827021	0.28637873	-0.085917149
276	0.64758402	-1.0363758	1.2924875	1602.8009	12.266405	11.018339	-0.012377737	0.13780264
277	5.68873	-0.85699604	2.7247137	1288.878	14.404171	11.579391	0.10367807	0.074144621
278	3.4447427	-0.1167541	2.1129349	3247.1109	53.629148	34.261056	0.23257195	0.082214611
279	4.6842071	0.26274361	2.2144855	480.728	10.433245	8.5629662	0.027925524	0.44083431
280	3.9505426	-0.24120906	1.1844076	813.41461	12.245406	10.829521	0.16031363	-0.053908572
281	3.0549307	-0.33771133	0.81577841	3438.9812	39.567857	34.32459	0.060553613	0.26798604
282	6.2327545	0.82587335	1.1725777	846.64412	38.269185	35.424613	0.11465676	-0.024925242
283	4.764119	-0.93833646	0.27578225	5352.0107	23.075129	15.060122	0.11046808	0.019173017
284	0.42655099	-0.71006228	2.1071808	128.53149	1.6169489	1.5512197	-0.017942155	0.0395526
285	2.9739911	0.80316701	2.1670842	1204.9598	8.8220394	3.4890273	0.14947411	0.051172942
286	2.847617	-0.69804951	1.9312609	2707.1138	45.76034	37.666601	-0.12956919	0.12625655
287	1.7631592	-0.1589885	0.88172919	3366.0749	43.552376	40.741967	0.05390865	0.11095217
288	1.4446454	-0.64825676	1.9951249	257.50767	10.33416	8.9138094	-0.077079228	0.12419146
289	2.4067053	-0.22350625	0.37864668	3910.651	37.535765	36.400163	0.088153647	0.12467686
290	3.5227149	-0.63114863	0.49742876	893.08363	11.507214	5.7408949	-0.018387544	0.03696049
291	5.9666068	0.50129317	1.3755984	2405.9583	55.29441	37.519199	0.10627224	0.11035855
292	4.3375435	-0.19699651	0.80269854	365.62757	9.6619465	8.3917264	-0.062107035	-0.19372321
293	2.1645141	0.52893073	1.7206526	1619.8793	79.807729	41.599589	-0.19124479	-0.40068002
294	4.4885979	0.99921413	2.4138069	1824.1929	34.904806	25.658395	-0.001305708	0.0055723037
295	4.6567405	-0.42393972	0.38446431	1911.6755	40.923772	13.068881	0.040523277	-0.017639563
296	0.92266806	-0.062689416	0.88217115	4688.5017	46.855019	42.687225	-0.0074717913	0.085675911
297	1.8953151	-0.87674742	0.60799303	1060.9159	11.481527	10.244711	0.06000546	0.18882303
298	3.9745056	-0.31527133	2.8203219	2477.5906	54.105788	43.772842	0.30513625	0.012409119
299	1.2512994	-1.2276095	2.5936625	3709.0349	48.855867	19.06655	-0.090962314	-0.12544196
300	5.6036994	0.99036681	0.28154378	1422.053	11.165878	10.423884	-0.0040585831	-0.021250015
301	1.6647582	-0.4806029	1.1675546	5726.429	60.988403	50.853048	-0.040769392	-0.021895147
302	4.630322	-0.66546776	1.1815231	89.6716	1.6450583	1.2874189	-0.0015269206	0.013076068
303	5.838717	-0.95545329	2.2150784	1995.3944	46.310395	34.581685	0.088967501	0.38711078
304	5.0688357	-0.51014534	0.53067547	2587.4476	49.769407	35.751162	0.62076815	0.0088630357
305	2.2530177	-1.0418657	1.2695055	4224.2675	3.1263215	2.9524297	-0.0042704647	0.077996989
306	1.6147339	0.035500984	0.20309923	4129.2367	36.221552	34.193809	0.10241152	-0.04132876
307	5.659131	-0.22343418	1.2570629	3191.7655	114.88942	61.134842	-0.018298676	0.0063673935
308	4.1477615	-1.2366053	1.637941	245.47255	1.7229114	1.7158401	0.12452823	-0.089158424
309	3.102647	0.53755472	2.3062604	1174.8707	12.755077	12.595785	-0.2342833	-0.41042188
310	4.4693603	0.0060227824	0.36704139	302.79499	15.241067	1.3291936	0.20572721	0.081211379
311	4.1121145	0.52192537	2.5874748	1181.8788	13.944289	9.2611535	0.62749571	0.14015142
312	3.4022282	0.57010614	2.2033705	5185.3101	60.813373	49.024497	0.07146918	0.39549182
313	0.49147205	-0.14818532	2.1112503	155.99226	2.7485747	1.256405	-0.013327327	0.26746013
314	4.9510558	-0.19484226	0.92021205	1633.1894	32.489442	22.988252	0.07621512	0.01535677
315	0.72501806	0.5639408	2.0965741	5442.8363	67.043127	63.288182	0.11740091	0.2915744
316	0.99330731	0.31368211	0.76253823	126.27188	2.2015693	1.399913	0.30659791	0.020629505
317	4.9609265	-0.56979029	0.70194091	1054.7851	13.207467	12.445698	-0.15480957	-0.087596716
318	0.31008523	0.67866699	0.21784969	979.6135	31.712079	7.9802542	-0.2756679	0.24787021
319	4.3594302	0.86720116	2.5192511	2946.1286	63.784576	57.71357	0.016633853	0.065341242
320	5.6473459	-1.0072108	2.1417655	3953.6756	31.065505	30.369518	0.059350939	0.032443748
321	3.4644495	0.72962243	2.3346317	1541.577	53.167194	12.411782	0.047976299	0.023966889
322	0.54905074	1.0186593	2.164554	858.80003	10.279495	3.1756526	0.025923713	-0.020697421
323	4.7468016	1.0107683	0.27091941	8703.6777	73.687728	57.516712	0.012640525	0.029887427
324	1.4172355	0.50730068	2.4716301	675.55536	10.778656	9.3298026	0.17529797	0.016832504
325	5.9524653	0.2141489	2.0095465	2775.9063	51.928958	51.472075	0.0024109269	0.24023191
326	4.2022346	-0.25300961	2.2662394	578.73807	11.078321	9.6521211	-0.21987125	0.016112003
327	6.1574166	0.23199303	1.7175932	2137.0343	98.220586	54.654881	0.002575	-0.13533115
328	4.6597698	-0.27353027	0.33246731	1291.1583	9.0962795	7.8994508	-0.32092122	-0.23285818
329	2.1802093	0.18353073	2.3996818	1052.737	25.287216	22.259249	0.00055140152	-0.0004176669
330	3.0917404	0.7462277	2.8922072	1238.978	12.779879	11.792458	0.037326664	0.027740926
331	4.4465907	-0.52462484	2.1040702	267.21314	9.3713756	1.5083763	0.0004433905	-0.062857676
332	3.531027	0.94975321	0.16347799	11202.88	93.075822	63.656132	0.028126066	0.086865516
333	5.8097133	-1.3495172	0.70686531	666.22894	9.9979075	9.4999796	-0.040467972	-0.026441707
334	1.8408381	-0.34065127	2.6502475	4822.7414	52.409229	40.754962	0.21938708	-0.34644326
335	5.7219663	-1.1897253	2.1053493	2373.1043	44.136097	43.515756	0.15091907	-0.064137317
336	3.3279711	-0.52666544	2.7433974	4953.8655	38.822589	38.345718	-0.089129923	-0.2064207
337	2.4177912	0.42763286	1.1474627	951.9848	21.025499	19.440853	0.06235486	0.18172738
338	5.7569606	0.90218371	1.195644	6972.6463	74.059471	61.968139	0.001827431	0.13801115
339	0.99306268	0.41354738	2.9388185	521.94278	11.064753	9.5436549	-0.070645776	0.10538272
340	6.1106344	0.83747799	2.4720001	1141.7062	11.11446	10.353279	-4.8139302e-05	0.012363701
341	3.9508437	0.98838672	0.36394465	1946.8866	42.130596	13.051967	-0.098202988	0.024460962
342	1.7323155	1.0728166	3.054899	410.46366	2.6475282	1.3364195	0.048503009	0.025382146
343	4.0926606	0.38449669	2.4685996	3049.2292	44.614469	37.226946	0.0080170519	0.16074464
344	4.9396989	-0.66039683	1.2584026	353.85247	1.4769522	1.3569979	-0.077704317	0.15980955
345	3.8464701	0.18718526	1.6482003	391.86602	42.3809	37.505088	0.15283608	-0.0042619463
346	3.5162329	0.036758322	1.1401189	2093.3151	54.293125	36.061822	0.0047293139	0.34928293
347	4.2724915	-0.017139	2.6923134	325.94815	1.6864632	1.4452561	0.11197202	-0.013713017
348	2.3522334	-0.32140043	0.55084737	2515.6642	12.169457	11.884134	0.32372519	0.34736397
349	3.8975611	0.23718835	3.0451518	2262.939	50.30515	31.258401	0.048721317	-0.0090471224
350	5.9633704	-0.38393272	0.38813054	246.70087	1.3571002	1.3010199	-0.11430037	-0.0089229047
351	2.0611928	0.01763526	2.6692748	3195.9048	44.330845	43.527935	-0.047526774	-0.018836878
352	5.0504573	0.92882725	0.17802614	359.64584	10.058274	3.6724718	0.13505412	0.14442916
353	5.262562	-0.57421277	0.49825425	806.15728	6.1782403	5.6117481	0.048304935	0.14959143
354	4.6915549	0.30786783	1.2896306	1453.4212	42.552021	24.322467	0.32438965	0.10942592
355	3.785517	-0.28641387	2.3923889	1685.7464	12.240502	11.993693	0.070489715	-0.17127261
356	3.1428911	-0.6020751	0.23848947	939.36857	3.2357427	1.6294733	0.089522622	0.025696116
357	2.4027929	-0.57929629	0.52407159	368.97583	4.2127535	3.2878213	0.045939053	-0.18631171
358	2.8543972	0.49715595	2.7730534	1453.8347	8.2507362	2.3681189	0.013151909	0.0056691972
359	2.0894482	-0.44859951	0.85665982	3583.3654	66.00102	56.51749	0.40034343	0.123937
360	0.61392166	-0.63262557	0.7877979	534.32692	12.195031	1.4868524	0.0066616314	0.0068284719
361	5.9637837	-0.75591493	2.978562	4313.6407	76.414683	62.15782	-0.27250253	-0.0095132263
362	3.6338678	-0.53606121	1.3994734	418.01544	8.6843207	6.632395	-0.0091299167	-0.10959109
363	1.7106052	-0.832744	2.344923	1747.5436	14.524038	10.288702	-0.007526754	0.10117761
364	6.1169493	0.76664351	0.60507062	5792.1493	70.16395	57.673514	-0.12099438	0.027742471
365	5.8711861	0.42768283	0.26849428	4819.5419	54.186359	44.833719	0.094565798	0.26130226
366	0.083675279	0.84012121	2.8187352	1428.3208	35.82821	34.772845	0.093884461	0.016366862
367	2.5317968	0.44349527	2.5626156	2329.6986	67.479016	48.730123	-0.0087528849	0.00075576957
368	5.4538014	-0.30145734	2.721945	293.11846	68.39067	19.649799	0.26108193	-0.0042952874
369	0.12997943	0.33860802	0.56949464	1491.4489	23.305855	20.777383	0.2779606	-0.010794633
370	2.5489294	-0.38773652	0.2086043	1093.5207	11.873451	10.717362	-0.00043919385	0.15289082
371	2.3120269	0.52327146	0.84541849	889.09502	11.196168	10.751752	-0.002559141	0.042130859
372	5.9777386	1.1942137	2.190126	998.67246	15.395325	10.09049	-0.0085066262	0.25309756
373	4.8048476	-0.42736547	1.1458364	892.74604	33.681497	32.294804	0.10346163	0.044668181
374	5.6803275	0.14310661	0.56398014	317.10647	1.3460228	1.2516965	-0.014974323	0.036049747
375	4.443851	-0.083264675	1.1560141	2386.3501	92.790562	82.673722	0.08251385	0.061446618
376	6.2615737	0.42665915	0.57003035	527.32013	9.5732051	8.3770664	0.08319901	-0.37418555
377	2.9541406	-0.092804521	0.80037948	1198.7879	11.484434	10.774206	0.081068349	0.32669283
378	3.6799273	0.71660583	0.94068033	2631.0053	40.572371	37.090522	0.012481244	0.21772816
379	0.089592517	-0.45955854	0.45288012	744.41206	11.161982	5.1983769	0.12467789	0.061254564
380	1.8956729	0.27741419	2.0570907	897.89352	10.538331	2.7025702	-0.29423552	0.10331798
381	2.0915601	-0.89701621	2.199447	347.17155	11.124026	10.697775	0.053460203	-0.063883359
382	3.1593392	0.58262255	2.1459098	1427.1713	18.496918	11.265504	0.0019170645	0.10272294
383	4.2301288	0.77649477	0.43309751	3918.2417	58.805209	55.782894	0.12218765	-0.063021013
384	0.9729432	0.035795264	3.0360519	877.50161	28.244001	22.588514	0.0014005046	0.073499779
385	3.1765058	-0.5270367	2.3105534	1148.1566	14.607769	11.854833	0.18566006	0.22258721
386	2.3270475	0.91073846	2.1236939	1632.9564	34.822556	34.088522	0.16953064	0.058046305
387	0.5546788	-0.48953438	2.3696974	259.37801	8.250209	3.9403681	0.11633105	0.10936716
388	6.2722826	0.44318627	2.2273368	3444.7496	38.824775	31.740784	0.040349734	0.17929036
389	4.2410194	1.0140129	1.3013479	1949.6595	54.135745	33.797216	0.027994392	0.50363034
390	4.6751256	-0.40271448	0.50498561	407.09251	24.036617	23.406755	0.21418452	0.14968426
391	5.1306522	-0.35679073	1.5192907	1147.2134	28.63426	20.669571	-0.004331289	-0.19327279
392	4.2959318	0.19979566	1.144445	124.58309	1.7417572	1.5726492	0.021371629	0.0064929588
393	4.4472473	0.192148	1.7220324	190.08279	1.5172179	1.302071	-0.026992114	0.11110114
394	1.5401435	0.31303888	2.3743171	3311.9889	71.74372	56.020123	-0.050573074	-0.0022241966
395	5.4391291	0.81345561	1.9473139	478.15692	11.20948	10.639415	-0.0566445	-0.13331524
396	1.3197391	0.96814111	2.6896627	3873.2946	60.253242	22.025813	-0.11463538	0.024545254
397	1.6569981	-0.19302335	1.232738	410.81514	41.667837	39.647885	0.36625707	0.020298259
398	6.0799118	-0.28348083	0.21943161	331.43321	1.7033155	1.4483796	0.17940064	0.040089148
399	0.86073383	0.6182576	2.3811607	1080.0769	19.111142	14.914687	0.064294233	0.0075174946
400	3.2457841	-0.71598216	3.0473851	1150.1458	28.456802	24.191088	0.19636527	-0.0059898193
401	0.23469537	-0.27659037	2.2077271	4790.7488	118.75266	50.498635	0.16902858	0.049609792
402	5.910131	-1.4397254	0.92222398	1861.9217	31.3023	27.636146	-0.022061692	-0.041983732
403	1.9684935	-0.20750412	0.7335937	2497.4373	13.207846	12.500437	0.22058648	0.0023156526
404	0.51629961	-0.42489351	2.8898016	1245.8037	45.110808	9.1200273	-0.21262331	0.26955966
405	6.0889873	-0.84449629	2.4420141	6674.5022	131.99948	107.52894	0.11345811	0.047541019
406	4.7014271	-0.78372906	3.0489324	3061.7443	20.466282	9.7976559	-0.31075368	-0.097072667
407	6.204207	-0.89420389	0.61679952	412.94699	10.378665	9.0321977	0.0024699172	0.075052307
408	4.4001293	-0.38535585	0.88241491	311.83738	7.2338235	1.3323829	-0.10693882	-0.038192467
409	3.9408242	-0.2534432	0.46934329	2931.9285	53.886919	23.726509	0.20847691	0.067572707
410	5.9879191	0.51404577	0.50038871	4830.3051	50.054566	26.53084	0.13558551	0.068996533
411	4.4132194	0.19128311	0.89741303	420.49914	10.303746	1.5198439	0.0071951924	0.0055743228
412	2.0499916	0.8034185	2.4139792	3610.9639	57.625034	43.995613	0.14614576	0.013084944
413	2.633147	0.12413204	2.5605413	107.5659	7.8871338	2.5213738	-0.28685636	0.015530731
414	0.47029978	-0.93529845	1.2982322	997.86326	20.178361	10.661127	0.17894679	0.22966056
415	2.7515938	-0.1018146	2.7869332	1477.3038	39.50538	11.338183	0.014282616	0.25111728
416	5.6349554	-0.14079324	2.9146103	4360.5141	60.10938	50.809505	0.57932728	0.064026405
417	1.3345635	0.56360969	0.39313184	4616.7184	58.358381	43.381131	0.10379562	0.29535966
418	0.40170866	0.26368956	2.3391591	1531.1762	34.74703	24.882355	-0.018338332	0.10664082
419	0.7616979	0.73038173	1.6922911	1702.2543	49.00408	44.400622	0.027064191	0.17958216
420	0.57431312	-0.53917508	0.67092911	4380.3655	52.309325	40.622821	0.038228049	0.072679165
421	1.7515067	-0.45224276	1.0718198	1119.4251	25.908365	22.211313	0.016879271	0.4094322
422	0.95085002	-0.024365972	2.4632686	3024.1383	39.342398	15.91988	0.047582357	0.17735155
423	0.44119433	0.66617664	2.6872433	325.33982	1.5908367	1.4248585	0.016162884	-0.0032393982
424	0.39890384	1.310718	2.4175673	4382.4841	45.166842	37.234841	-0.015176006	0.07487376
425	2.3246625	-0.8651486	2.4981336	1155.1932	9.2372201	1.9967784	0.00085334502	0.10038954
426	0.52308739	0.32312923	1.3745809	4736.1292	106.84185	62.123327	0.050792946	-0.0080196774
427	6.2310686	-0.9063568	1.2131858	259.01909	12.80197	1.5685533	0.35858324	-0.095032624
428	6.1529084	-0.16811735	1.7376148	2499.0771	58.373309	39.269795	0.13190527	-0.070259404
429	4.8043397	1.0329307	0.55258894	2053.3246	27.405278	23.037767	0.17773657	0.06746357
430	1.1846447	0.45146109	1.6478252	162.26123	2.1333047	1.3456546	0.19436139	0.26558546
431	4.0460273	-0.26323312	2.8238311	529.67849	9.355647	9.0629594	0.4184003	0.11787226
432	1.3170856	0.44276578	2.7391609	8501.6958	74.266802	70.462396	0.3366841	0.051708777
433	5.6026512	0.87696123	0.95561713	1103.3227	17.020418	12.303582	0.028088141	0.006125876
434	0.17782616	0.11457214	0.66823374	869.13972	11.440261	11.322504	-0.0012262264	-0.036634243
435	4.6909396	0.85164159	2.9452504	1254.1922	39.238824	1.5148342	0.24505193	0.052697339
436	5.8037024	-0.26868244	0.70563645	1325.8305	10.56394	10.074486	-0.30691984	-0.015170285
437	3.4222685	0.90763484	0.67060147	4176.3597	42.465115	35.437318	-0.0025607446	-0.21345341
438	3.0058116	-1.3691176	1.2062761	2068.9841	41.795365	36.262333	-0.0059193162	0.042677477
439	2.934643	1.2001079	2.696075	1938.1845	41.953764	11.735046	0.014017554	0.031231759
440	0.46371936	-0.5145525	1.2179239	2438.601	32.569779	24.666545	-0.13853247	0.044127556
441	3.6773757	-0.21073553	1.8877772	1121.446	28.059038	5.131577	0.21783375	0.34337014
442	2.0066968	0.46403191	0.4968426	732.8135	10.765093	9.6559617	0.069283536	0.030769508
443	0.47323922	0.70118757	2.2941951	1141.5917	12.400551	11.948931	-0.0068832595	0.00019225938
444	2.3455665	-0.98611382	1.4148143	4311.1891	55.378106	49.726018	0.19981687	0.17811191
445	0.87132843	-1.26299	2.8209395	796.73661	11.626542	11.03669	-0.59667061	0.12764529
446	4.2518199	1.1817336	2.3506886	1378.8698	15.242719	15.159941	0.014775993	-0.023845244
447	0.48000828	-0.75646142	0.35553918	2410.3805	22.628304	19.041288	0.34831337	0.2041937
448	2.0396578	0.3402754	0.60595626	6660.6051	75.275038	51.312693	-0.27728264	0.076364354
449	0.86178888	0.076745593	2.1760081	3589.6	22.362941	17.527128	-0.067904103	-0.0075371298
450	3.8497801	0.35377106	2.8750469	1441.9801	9.7925582	3.2553539	0.0064399694	-0.0144323
451	2.4140182	-0.10018109	2.7008925	4011.5816	50.747174	35.909968	-0.12162421	-0.32766485
452	4.1394935	-0.97993761	2.9155627	1700.9611	13.127814	12.488983	-0.15403382	0.30351979
453	2.3823751	0.4575622	2.9404342	265.08217	11.586998	10.997665	0.14669939	-0.0083468305
454	6.0758814	-1.1810408	2.1894491	2138.6697	49.288797	42.031099	0.085161759	0.48500587
455	0.13342272	-1.0705295	2.5224217	2619.7594	44.133298	23.714556	0.20403993	0.037267138
456	0.65366348	-0.58558589	1.7897481	3537.1039	58.351867	50.580296	0.0073680496	0.10016038
457	5.6531716	-0.65079711	2.8615992	1109.5356	61.63229	3.366859	-0.015644877	0.0067760784
458	2.2997929	-0.14482172	2.5604834	2969.0876	70.331261	58.552517	0.028044477	0.084749824
459	1.6826213	1.0337428	0.68635843	256.28761	9.0938774	1.3988187	0.004305803	0.10245945
460	2.7772526	0.72889514	0.56413633	2262.9305	11.242083	9.1323699	-0.13214651	0.015335328
461	6.1846504	-0.76578073	1.9226693	151.17218	11.586211	1.721829	-0.087655262	0.099777882
462	2.4751098	-0.66798939	0.46606176	2288.0837	47.976119	43.591021	0.091369677	-0.22661969
463	2.0214081	-0.5686013	2.1167961	1305.0395	51.806248	30.390335	0.14321827	0.11602238
464	5.3617328	-0.77315007	0.75360097	468.56741	27.110188	4.2473248	0.086705954	0.08775306
465	0.95254348	-0.261437	2.3257155	1368.0246	33.837381	23.433707	0.47727908	0.026371446
466	2.2405309	-0.63938075	3.0725845	6869.8014	56.688006	50.432771	0.043098143	0.086516916
467	1.8714068	-0.83739619	1.9264508	483.34238	10.060077	9.3609444	0.072688972	0.051831542
468	3.3358552	-0.55768058	0.55882003	938.60874	11.492908	9.5250681	0.096039694	0.018690066
469	1.5393338	-0.048079208	0.79464679	2081.0636	32.829747	28.29279	0.11362357	0.012372492
470	1.5253544	-0.77413937	2.2494918	3316.9593	56.493887	32.961701	-0.32450521	-0.021185332
471	4.2759297	-0.10091608	2.5427775	2586.1514	58.812341	51.882358	0.23124583	0.0037633832
472	1.1266269	0.12189824	1.6557026	3063.7744	118.24146	86.906633	0.047564667	0.013646639
473	2.1191327	0.26028417	2.8595868	9208.9663	61.579115	58.04347	-0.06874038	-0.020051784
474	2.8621179	1.1860457	0.46335557	5894.3205	131.66726	124.88883	-0.036198072	-0.176308
475	0.49762791	-1.2203486	1.2197304	761.94713	9.672329	9.4624114	0.13576507	0.23929666
476	3.6291712	0.83921097	0.81131886	357.07188	37.70216	34.153979	0.19869595	-0.05025321
477	3.919848	-0.031786566	0.84260565	1090.6267	43.080358	38.940051	0.092978534	0.21344606
478	2.2760235	1.354313	2.4120105	3838.6074	92.479426	63.384055	0.093282979	-0.13543902
479	5.9220112	0.56618785	2.1196308	468.19864	10.168273	9.7866686	0.026237108	-0.042375554
480	0.81032889	0.1318375	0.3971431	523.33677	11.972002	2.2611002	0.00094801676	-0.023810101
481	6.0853528	0.094924677	0.7495203	3303.8829	47.00354	42.261132	0.07529776	-0.11780973
482	5.5530755	0.096161607	2.8228582	1211.9727	12.238448	2.9924344	0.15611994	0.27788613
483	1.1116094	0.90339726	0.55622382	817.95769	9.1387716	1.4804878	0.10969994	0.010840802
484	2.6894911	0.64489384	2.4759768	196.1349	1.8784952	1.5896441	0.027777011	-0.019041275
485	1.8543926	0.77416535	2.4142299	2435.4649	22.220085	12.705557	-0.012791211	-0.31713298
486	5.1759748	-0.099448139	2.1907482	858.34135	11.923312	10.343482	0.080874633	0.067616586
487	0.37486765	-0.10322196	2.1710426	404.52003	9.2220209	8.4603442	-0.063143873	0.22489535
488	3.9205333	-0.24949032	1.8299789	1656.2314	26.354691	24.893712	0.12675386	-0.039972649
489	5.7677127	0.71018599	2.5941855	6542.6828	70.384362	64.907653	0.3212125	0.036946648
490	4.2386762	0.37749749	2.3565883	3254.6154	40.547978	25.227457	-0.0053566804	-0.029844391
491	1.2790212	0.62251984	0.92001559	286.42534	8.0390406	1.6055304	0.31878768	0.22817733
492	0.58271913	0.73996229	1.9358925	1599.128	39.764251	30.26718	0.0193576	0.11550001
493	3.8377926	0.60320652	0.48563979	3401.9461	141.53374	84.291999	-0.1659608	0.24703856
494	2.552947	0.52381911	2.0315533	1862.5924	49.068916	28.661741	0.00023436346	0.02575797
495	0.57647477	0.97924433	0.93557624	286.14125	9.6185904	1.4459128	0.14001992	0.20936018
496	5.5800625	1.3611146	2.3524326	2038.2174	15.563793	14.057331	0.055975275	0.17158854
497	0.65026173	-1.3129303	1.077248	521.10616	11.350121	1.9999809	-0.011838301	0.039607818
498	4.8978099	0.68216227	2.5767781	263.66489	1.6597651	1.6413198	0.10551187	0.0054865627
499	5.2526707	-1.1629736	0.8775703	802.73443	14.138127	12.413453	-0.0022921539	-0.18573142
500	3.8401886	-0.59815377	0.15246071	2724.3795	54.687946	42.120969	0.14668101	-0.17187472
501	4.7685348	-1.0641022	2.4175315	533.21237	42.894273	41.450998	0.048235651	0.01411406
502	4.572293	1.4468752	2.7608058	995.94657	75.939819	28.174731	0.05591073	-0.075342068
503	4.5250767	-0.70461986	2.8472076	1074.5163	11.140675	10.197847	-0.10012831	0.098765854
504	3.0122357	0.87602999	1.3810303	3737.4324	52.877128	36.328271	0.04373035	0.0080198154
505	0.53220245	0.30010322	2.6912448	2508.0972	56.25514	27.813204	0.17146069	0.12465098
506	4.0716628	0.099164027	1.0100558	6298.1581	99.956182	93.739995	0.08744549	-0.026428772
507	1.8427765	-0.35255103	2.38008	1216.3185	13.328988	11.973994	0.097233547	-0.19525766
508	0.77020674	0.90846115	2.5706382	2211.4345	22.268814	14.346493	-0.0061815887	0.022223261
509	0.68202145	-1.2227982	0.26681655	3090.613	13.277351	12.620154	0.062283116	0.14102259
510	0.75443614	-0.26688024	2.6556673	1262.3885	47.806937	42.554882	-0.013561603	0.0032881467
511	1.8465272	-0.7417613	2.9284273	1478.1094	36.836923	11.155454	0.060457361	0.042882802
512	1.5419445	-0.078265952	2.7381877	1190.3712	10.578206	9.3783587	0.10198967	-0.039753151
513	5.0024007	0.41481942	0.7976291	5325.7331	68.241295	66.615766	0.072705091	-0.11071193
514	4.0327444	0.58637514	2.8473085	2960.1381	34.095457	28.231479	-0.0070421785	0.019462713
515	4.232707	0.62530562	1.0275107	318.54956	7.7747194	3.0656147	0.020140167	-0.074206781
516	4.2995636	0.41852874	0.82579556	1113.4099	10.922009	10.411268	0.0072109195	0.051437561
517	5.8833222	0.56875573	2.027878	795.0884	10.156923	9.4297987	0.23503902	0.1537037
518	3.022056	-1.0262383	0.14953605	12494.451	116.92331	66.315872	0.1354594	0.47339662
519	2.0726735	-0.30837388	2.7668368	2142.9882	47.446053	35.79835	0.3279451	0.012892547
520	6.002164	1.1587567	2.9590777	517.41458	11.487267	10.26765	-0.026834103	0.20847508
521	0.1711706	0.69269465	1.0122713	779.65627	32.01523	16.494113	0.0035001663	-0.069502492
522	5.4467005	-0.075694838	0.47992033	655.94062	32.572874	1.5997912	-0.042933105	-0.043614871
523	3.4441906	-0.26911312	0.89335605	4873.9185	50.737471	48.979281	-0.13680194	-0.053568379
524	3.0133291	0.31479657	2.3705239	3345.5213	60.854079	57.269806	0.023542465	-0.056938257
525	2.9388456	-0.20430036	2.3115543	1829.0364	55.608646	40.128996	-0.037801394	0.07444293
526	4.1635911	0.38218711	1.7863056	387.69638	8.8004094	1.5102665	0.065251915	0.24112883
527	0.019492982	-1.3919079	1.6259183	760.05681	36.13611	22.659683	0.044610196	0.13886932
528	5.7356906	0.87370062	2.207859	4953.8453	53.226624	52.16194	0.016099605	-0.0027044971
529	3.9089746	-0.66672438	0.77339487	694.16642	10.049011	9.5836649	0.022678505	0.021204151
530	3.4708148	-0.7008731	0.29038306	4888.4963	74.549425	66.754151	-0.00030078458	-0.3449397
531	3.9580361	0.78526818	2.4527416	1588.5914	26.990139	11.683986	0.065616996	0.12429138
532	5.1743913	-0.19973441	2.5513061	6755.5475	93.096241	76.987218	0.021530892	0.066589609
533	4.3346626	-0.71549329	2.6563139	1134.7392	44.625753	24.675563	0.021036557	0.017787861
534	5.9204682	0.47722692	3.0621084	11691.204	73.71211	69.72361	0.039869125	-0.014778896
535	5.3711463	-0.64734958	0.15854964	3937.2521	59.26119	38.356489	0.15125177	0.075831959
536	6.1738417	-1.0294137	2.6586846	1319.0918	41.360722	29.8297	-0.021586019	-0.071944226
537	1.6903765	0.77208153	1.7501079	3818.7802	160.61415	121.00492	0.17321775	0.39352024
538	3.4094693	-0.8814491	0.77052682	1776.9538	62.43892	61.055408	0.10804787	-0.040663498
539	2.7190622	0.13715191	1.7719577	977.05585	22.205276	11.628782	-0.19630279	0.00086577411
540	1.2600738	0.93117722	1.478766	1636.4451	12.411714	12.385534	0.078509099	-0.0032896133
541	6.2277554	-0.48514323	0.32547225	3781.4795	14.897963	14.845539	-0.00010487223	-0.0082564755
542	4.0221462	0.35624952	2.0370087	324.9718	12.190879	10.560025	-0.084769156	0.14755175
543	5.3120013	-0.88826985	0.71954088	2137.8147	79.845268	43.153306	0.032636492	0.22702692
544	5.3722069	-0.3935432	0.50058793	355.85446	2.3088255	1.8765347	0.28740995	0.22730006
545	0.93548221	-0.15371159	2.3124922	3636.4561	66.38518	57.029875	0.024759892	0.0032609841
546	2.6752802	-0.060971637	2.1791781	880.5736	32.013132	21.552101	0.0053484602	0.085417475
547	5.1922807	-0.2754215	0.597602	3626.8185	62.077436	42.337714	0.34958745	0.17970363
548	0.59668408	0.81818942	2.6730766	3379.3487	57.226349	33.426595	0.00023436346	0.02575797
549	3.566673	0.36371943	0.69440352	347.97807	1.4359477	1.3427758	-0.0045468176	0.1109301
550	4.4124016	-0.4955506	1.9482775	2277.0364	39.060188	35.166822	0.0076438484	0.0075086614
551	6.1793294	-1.0586067	1.6060316	186.14312	2.5254298	2.4420521	-0.29355119	0.034198263
552	1.1405801	-0.2739311	2.2754455	1436.0392	41.452128	40.980132	0.068487854	-0.0064026552
553	1.7761613	-0.408343	0.42750941	3983.1399	32.980864	15.288114	0.15661094	-0.024397602
554	5.4041583	0.098896153	1.6760925	2529.522	14.170495	12.925548	0.13499975	-0.036911754
555	5.0154041	0.86464895	0.7015744	7471.1589	70.472255	46.929767	1.6397173e-05	-0.27971131
556	1.9706309	0.33962235	2.7923174	2643.7955	14.085394	13.630881	-0.067018318	-0.0068409313
557	2.1782159	-0.1993409	1.0274183	127.61351	9.1107666	2.0168461	-0.01771626	0.026937008
558	1.0174301	-0.098227982	2.0874943	2290.0488	92.361693	30.255996	0.16167524	-0.14356386
559	3.0825675	-0.34153668	2.6026053	3925.89	87.672096	39.667084	0.19097755	-0.00081277099
560	1.5960882	0.54232677	0.39092018	3396.5129	47.655974	36.845797	0.18987837	-0.016130636
561	5.3504014	0.67241471	1.5031451	389.7092	11.186075	10.36826	-0.018355487	-0.36520881
562	0.58855637	0.18317254	0.93394328	1595.6978	42.136859	29.806596	0.044033181	0.15683035
563	1.7378685	0.70357206	2.5668873	3903.0131	54.996382	38.673721	0.24373705	0.080421569
564	2.6281548	-0.68541831	2.8203825	125.46045	1.4277444	1.1472814	-0.036780605	0.16036788
565	1.945415	-0.22953921	1.071389	255.50703	3.6914409	2.975	0.10678709	0.24140517
566	4.5889131	-1.3497708	0.72850416	1113.6824	14.681963	11.427846	-3.2877866e-05	0.087807506
567	4.0453523	-0.99680536	1.3623852	492.92436	10.753036	9.9675334	0.39593252	0.15519754
568	0.082489989	0.56358971	2.3980443	2721.4922	28.20937	26.360464	0.06161608	-0.2650329
569	2.485102	1.1266097	2.4803078	1673.5354	46.412254	44.146627	-0.29867089	0.0099764986
570	2.1703264	-0.31815195	2.8738421	1380.7849	12.710441	10.346208	0.038239093	-0.22780438
571	5.8467326	0.5435107	2.348693	4454.0996	54.481871	40.12893	0.015953251	-0.013471075
572	0.21550991	-0.89168278	0.67851757	6037.9211	52.223176	38.675906	0.043253635	0.1216581
573	5.3651636	-0.77341336	0.32603602	4849.6721	46.862132	28.283104	0.29420118	0.1884473
574	4.1954278	1.2057227	2.6024635	2184.5839	28.758542	15.889559	-0.16019173	-0.01025262
575	0.34725311	-0.70349536	2.5859207	3518.5131	96.327679	39.59333	0.0089620704	-0.023370679
576	5.6404465	-0.64894106	2.7347693	559.07031	2.0104991	1.3868693	0.0027968751	0.11871514
577	4.6830956	-0.10396735	2.1062672	3263.5852	50.42547	50.194514	0.087255173	0.042130778
578	0.19415661	-0.92464038	0.86917755	1106.6165	39.826801	28.720759	0.4382926	0.0078315638
579	2.3349904	0.73373136	2.502218	499.23674	7.8953192	1.4095098	0.071282184	0.24469735
580	3.6813901	-0.0068844813	2.75571	5157.1166	55.110285	52.779985	-0.16185146	0.19495613
581	0.98755743	1.0301705	0.79321117	4853.1059	91.403471	40.778338	0.018498526	-0.008528969
582	3.9498133	0.41407283	0.60149141	3178.5735	22.112394	12.357208	0.051567434	0.072930853
583	1.2259619	0.85695789	2.3607029	3494.518	60.918198	57.82732	0.14689764	-0.017064294
584	1.6914671	-1.0547485	0.70161017	10473.293	104.99289	94.959705	0.34355016	0.11486439
585	5.367027	-0.39329494	1.0419117	1186.3131	25.893907	12.465142	0.32602346	-0.068275567
586	2.2264928	1.0762045	2.1257222	1366.081	64.400656	39.611316	0.024032948	0.099678395
587	3.0130603	-0.57478821	2.1435468	3498.2071	51.67872	50.614867	-0.21353284	0.19544865
588	1.489356	0.16436362	2.1982725	2999.6204	53.282106	52.230951	-0.19773546	0.0062903593
589	2.8251045	0.53094126	0.40045457	998.09298	35.934166	11.877959	-0.0055505729	-0.2350802
590	2.2962367	-0.57395386	1.0702426	2563.1135	31.490109	30.825979	-0.0020317318	-0.1471476
591	5.8350669	-0.18353019	2.6732591	975.73791	10.927994	9.763673	0.24477451	0.025819608
592	0.19617742	0.068579279	1.923374	839.81635	9.8454955	8.828267	0.20267822	-0.0017871858
593	4.8071813	-0.21054541	2.6897905	4242.0458	61.462517	54.307408	0.010743333	-0.087068138
594	3.3765102	-1.0355649	0.33348559	3543.4094	48.815319	47.674929	0.093878972	0.040786384
595	2.9847236	-0.55114436	2.6055736	799.11802	12.533836	9.7298421	-0.11483691	0.099259584
596	0.87964541	-1.0764963	0.90901487	856.85088	18.320398	18.191933	0.039157392	0.015623162
597	5.5804189	-0.50366381	0.30124189	8316.481	80.667836	65.667945	0.0030302963	0.0059851248
598	1.0353039	1.186608	0.36573184	3963.0903	57.714794	57.207006	0.0024109269	0.24023191
599	5.3270161	-0.11062682	0.54522607	5139.4927	133.5805	53.870495	0.014384432	0.012247931
600	4.2005184	0.74689065	2.7490041	682.87023	10.204739	9.5162974	0.062142368	-0.0072277688
601	1.1000029	-0.27224823	2.5032169	1884.5895	43.430186	22.813237	0.1622668	0.10876967
602	4.6103201	-0.72769659	2.986707	243.29041	15.434287	11.740523	0.18380701	0.15841479
603	4.8692727	0.67724289	1.1976984	1564.2676	46.35094	43.095056	0.59370001	0.16567397
604	0.12644354	-0.042511096	0.48999077	995.69471	29.469944	23.988901	0.061711889	-0.014045298
605	5.0247944	0.77859609	2.0129987	517.32796	8.832364	7.7381797	0.055889301	-0.38306921
606	5.6601807	-0.81412038	2.4636264	317.00801	1.7634648	1.6044387	0.27003563	0.06796656
607	1.2290809	-0.02780699	1.065131	1264.9654	21.378467	18.196818	0.19384365	0.030591387
608	2.2354962	0.38864613	0.73718341	1687.8614	30.416237	15.287702	-0.047223213	0.031005376
609	6.2824947	-1.2950544	0.50003789	2946.2174	39.849303	35.26015	0.044452843	0.022007454
610	5.6300737	0.66036241	2.4433838	2445.9221	14.467153	14.293583	0.068797086	-0.084599355
611	3.7808532	-0.097358927	1.0788257	1167.6961	38.637613	31.551497	0.16414846	0.037224947
612	1.3519555	1.4041072	0.45993497	2727.9229	26.650682	25.465041	-0.0071981866	-0.04918516
613	0.23132943	0.30179829	0.18090698	4245.8393	55.010548	53.5448	0.024331578	0.017388539
614	5.8410427	-1.2658622	1.0543364	739.04658	11.411253	8.699847	0.01501287	0.063340545
615	1.2996888	-0.50930404	0.16669844	2992.1982	15.200043	13.71917	-0.0086501628	-0.00037998388
616	3.3410053	1.3815615	0.60373989	4247.6069	51.274868	44.375679	0.028765956	0.086891983
617	2.7068117	-1.1345303	2.3099257	5513.4213	50.008466	48.960704	0.079805145	0.022871937
618	1.3336348	-0.62681252	2.8578614	1421.3703	12.198462	11.096812	-0.09032787	0.043042259
619	0.36709956	1.1305896	1.7316348	177.21656	3.6566787	1.6835443	-0.012195728	0.060690476
620	1.85023	0.51087955	1.0139776	1000.9814	13.087511	12.061367	-0.41761387	-0.030942979
621	0.60913584	0.10666874	1.6533759	2943.9299	45.738964	39.683863	-0.0059193162	0.042677477
622	5.2578361	-0.73542584	2.4178616	551.43526	3.5274155	1.5357952	0.012699238	0.066651827
623	1.1241568	-0.28485272	2.7746137	2253.7257	26.076835	25.863544	8.6197289e-05	0.20701677
624	5.2319987	0.50674125	2.8688661	2424.938	38.671579	36.960404	0.013241833	-0.099584992
625	3.4321779	0.56803376	2.492602	4058.6958	97.471052	61.606265	-0.11364925	0.08625954
626	5.0218813	-0.33800337	3.0524978	1100.3108	11.859442	10.869176	-0.048531023	0.31225458
627	4.6924281	-0.227141	2.5575968	2505.3629	34.412739	9.6740632	0.091639762	0.0015765429
628	6.0604071	-0.47755148	0.2346249	303.33824	2.0992478	1.3035328	-0.021430605	0.0070935774
629	2.9982588	0.42685313	1.8809936	799.99286	13.137455	10.345344	0.38486624	0.11339881
630	2.7378756	0.35290176	2.8044737	4249.1316	47.27437	37.375765	-0.16264267	0.29972443
631	3.8240387	-0.25949979	2.4535767	506.61008	10.785407	10.440242	0.089942916	0.078593571
632	3.8083474	0.75074023	0.96346916	665.37306	7.8980493	2.0366321	0.16061038	0.055728739
633	0.11697315	-0.28126323	0.45780795	1856.4832	12.406098	11.914789	-0.062612834	-0.15436842
634	4.0119207	1.0322775	1.1590618	1638.627	26.217316	18.591752	0.043812862	0.036692535
635	1.4266842	-1.3575707	1.0758658	594.65506	8.9521008	8.851035	0.087961749	0.16492019
636	1.6731186	0.57138334	1.3048092	1083.2137	36.79028	10.001428	-0.34418976	0.010010462
637	1.1838516	-0.079074631	1.8868434	1868.2475	96.191706	86.408014	0.017264506	0.042944423
638	1.5480347	0.64897591	0.97434615	271.02231	5.4999842	1.2749041	-0.023912472	-0.24662797
639	2.9880638	-0.019889167	1.7914695	393.67607	41.17023	21.894314	-0.2122854	0.45298712
640	0.49836829	0.45565777	0.33583698	3482.1677	51.482761	44.267611	-0.02222514	0.10026487
641	3.8487755	0.084517995	2.3614849	3053.5469	53.505849	47.885507	0.0042482935	-0.10799098
642	6.0432955	-0.96851554	0.9726923	1160.5853	10.823474	10.479991	0.070442249	0.24507494
643	5.0079452	0.17149927	0.57264686	1979.8234	30.727049	12.165242	0.052311489	0.04252592
644	2.5881168	-1.1366307	1.8931178	1545.9726	44.333259	29.65645	-0.17188303	0.16568523
645	1.6630117	0.17495795	2.8414134	1305.8492	11.843218	11.072906	0.12275087	0.09036507
646	0.79992067	0.43494028	2.4823271	4115.4743	65.511777	60.534911	-0.035991795	-0.02880085
647	0.081793943	1.2862227	1.9305738	4861.089	57.412434	56.246272	0.0058716849	0.33506549
648	3.4098657	1.1419722	1.9594972	1860.0422	36.269766	35.16622	0.045278979	-0.17088409
649	4.9530364	0.067668996	2.3787911	2845.911	62.731554	45.723506	-0.12071851	0.010700751
650	5.0366219	0.054613689	2.7871976	1082.845	11.393407	2.6804063	-0.07578243	-0.079520778
651	1.9591477	0.65649174	0.90121406	865.1322	12.045746	2.7082568	0.17578608	-0.053912579
652	1.419871	-1.3684356	2.1345337	937.9226	35.331121	22.837306	0.55272058	0.098971244
653	4.4922154	-0.030404009	0.31188722	854.61659	38.131467	27.811889	-0.17637594	-0.11068758
654	5.4674856	0.64172822	0.50606165	1914.0107	11.814825	8.4270165	-0.29431856	0.02960304
655	2.4894317	0.62863503	0.15701689	1495.9925	11.314332	11.082868	0.43881642	-0.030476578
656	4.3550949	0.74168988	3.100806	266.07708	1.2927069	1.2737133	0.055615354	0.00053590226
657	0.4478032	-0.9439542	0.7871509	456.54584	10.096517	8.7410632	0.0062491905	0.020223308
658	4.5168295	-0.024335772	0.53457355	7831.8944	96.489722	90.885773	0.0064639807	-0.0098868446
659	3.71677	0.74207933	0.73427036	4376.6042	64.894189	54.791092	0.24814334	0.22463356
660	3.1892122	0.209682	1.3247209	2212.3976	91.540445	58.236106	0.063734202	-0.0063816689
661	3.9528885	-0.49575973	0.46104796	2231.1083	30.277231	21.107193	0.00060103708	0.10920958
662	4.3643602	-0.84286861	1.8679794	1879.0434	37.948141	36.348895	0.070984382	0.21234893
663	2.5582533	0.0071265599	0.91274962	908.80478	10.142918	8.3524906	0.33822198	0.22406704
664	5.5712005	1.1181103	1.1584666	4412.3836	52.10101	48.709801	0.051011521	0.095375368
665	4.7325548	-0.05908616	1.0331782	840.8796	32.855125	31.138499	0.28760068	-0.18009912
666	4.704032	1.008633	0.86148707	4963.2084	118.94389	95.688742	0.038400882	-0.40867567
667	5.2438774	-1.0194219	0.7390972	5211.125	63.713704	57.929461	0.044496104	-0.0051230122
668	4.6951324	-0.061895471	0.10836945	4398.7987	54.738257	40.088835	0.27828573	-0.1309323
669	5.3197008	0.44987752	1.3553502	316.15449	24.521126	22.326823	0.085489224	0.050861139
670	3.4369259	-0.033509841	0.6191494	3138.7003	48.919601	39.080806	0.001415666	0.033126556
671	1.3390355	-1.1507796	1.1530591	343.93501	11.874554	1.436421	0.026533775	0.093070158
672	0.66485522	0.015430767	2.6501219	1442.6649	9.3115174	8.6693806	0.098892814	-0.0040776303
673	5.179987	0.81829278	0.53495497	4755.2858	43.698293	37.422382	0.44545123	0.081825145
674	4.4727946	-0.88065378	0.18420385	556.06454	2.0567515	1.6277525	-0.13608788	-0.03549143
675	0.46579382	-0.45028093	2.7728818	2195.8388	13.027768	12.07832	0.49595553	-0.066054299
676	0.34724998	0.3780002	0.82627949	1924.0236	12.516002	12.155803	-0.10955099	-0.3291675
677	6.2721687	0.67800701	2.2320649	1947.086	14.520421	13.48401	-0.26230423	0.087270688
678	1.8425682	-0.91728816	0.58562538	2163.8487	14.958565	10.439435	0.042057691	0.021410844
679	1.9493668	1.1425561	0.63965454	2692.3671	39.218282	32.945855	0.0019168631	0.00018894015
680	2.6104938	-0.22965048	2.2808252	3127.7946	51.77938	42.619193	0.010802526	0.029426076
681	5.2853055	-0.48206351	1.0263544	6352.3159	69.101287	35.678604	0.053510832	-0.15219524
682	3.3168563	1.1588475	0.58550842	4689.7173	44.771849	42.597731	0.021914689	0.0063147111
683	0.66627845	0.37944218	1.259583	177.30647	8.7240435	2.1998617	-0.010321427	0.1823426
684	3.9631833	-1.2230326	1.005587	1029.6709	9.7209055	9.4845154	0.01285743	-0.0066734722
685	3.3045355	0.23992653	0.19025869	6546.1844	56.410813	41.85027	-0.15013629	0.0076901422
686	2.0039838	0.063312015	1.1970579	1309.5303	52.482221	28.564053	-0.22610769	-0.036275279
687	0.41006799	-1.240627	2.7391901	2069.5716	30.095704	19.299993	0.010484539	0.12536665
688	5.0295983	-0.59547361	0.74681536	9308.7705	192.84813	108.48225	-0.0845451	-0.0029383588
689	4.4191588	-0.50021355	0.71534571	693.0172	38.046512	28.029884	0.32286524	0.11045023
690	2.7528749	0.22949971	0.80241344	983.3436	52.626417	44.30351	-0.0012033112	0.00062481549
691	5.8816758	0.62305807	2.3155744	2601.1992	48.419984	32.624721	0.25747912	0.048681781
692	5.1338281	1.1379482	2.5495384	1526.1299	14.251855	11.726695	-0.036919235	-0.0073340528
693	1.7303231	0.40535128	2.7308052	431.85496	2.325338	2.079448	-0.094774618	0.21453572
694	3.968289	0.083368975	0.8718493	1410.1149	14.741376	12.29887	0.05432318	-0.051440217
695	4.1805883	0.3497275	2.4372717	4387.3235	52.767095	50.448294	0.26812789	0.025945451
696	5.8475712	0.084801581	2.7491851	5227.5889	102.91768	47.808849	0.23392505	-0.044090229
697	3.4967197	-0.67131947	2.5860575	706.89715	9.9091301	9.0748469	-0.0099194524	-0.013731652
698	4.7033078	-0.47086633	2.0315314	8610.5446	84.402423	83.060931	-0.23379431	0.028252244
699	4.4116103	0.70197173	0.20920997	2646.5754	37.848897	36.932843	0.32447618	0.22366844
700	1.1880934	0.86108146	0.45626883	1158.2352	11.570569	3.7177655	-0.11280506	-0.098208737
701	0.2636156	0.52954816	2.7204297	2881.0534	41.050281	31.280038	0.39779137	0.007396302
702	5.0919798	-0.16529151	2.7331826	2383.384	13.639133	12.874455	0.057776796	0.077955215
703	5.5339551	0.8814306	2.8583537	2305.8079	46.627991	33.369234	0.15722119	0.017084431
704	3.7000291	1.2959541	0.87472759	1476.6239	52.16662	12.931696	0.065610939	0.014993406
705	4.2260342	-0.6361969	2.2414305	5068.322	70.903179	43.583923	0.05839258	0.12291849
706	5.3723851	-0.05485666	0.74116606	656.73075	40.697477	22.854224	0.16768852	0.045149411
707	0.63168223	0.27664126	2.5726485	2020.6428	28.448332	10.138899	0.063232502	-0.10044758
708	3.7892828	0.79142853	2.0095681	1406.3504	16.615557	9.0502034	0.221028	-0.035475952
709	6.1048272	0.56578332	3.0403327	1342.0714	13.490601	13.229765	0.017133594	0.038155388
710	1.8216659	-1.0412937	2.5556131	6780.2227	156.49744	53.67676	-0.056396595	0.046274331
711	1.3631127	-0.2704115	1.860239	5677.6088	73.229761	66.320426	0.049574477	-0.034976036
712	0.64017968	-1.2927978	2.4572201	1851.2215	13.590647	11.92211	0.045854351	-0.045881378
713	4.1521491	0.78223604	2.5512574	898.08767	29.830356	10.839308	0.23464033	-0.48322313
714	2.2633414	-0.90961692	0.79884904	1369.9679	37.487676	31.22277	0.24558242	0.11104785
715	4.2585108	-0.23686349	0.28854851	2078.7772	46.79367	25.576002	0.27752256	-0.0073668504
716	1.9724116	-0.30298376	2.4318883	2789.5562	54.341748	36.676543	0.005293407	0.19988606
717	4.6767594	-0.55385234	2.2643729	162.16414	1.2627964	1.2384606	-0.077238846	-0.047931876
718	5.0106044	0.45588602	0.75928352	3767.9655	61.40353	55.074679	0.019243693	0.11976504
719	1.0604796	-0.73797748	0.52439052	1092.5344	12.609752	11.317481	0.070168847	-0.0076749714
720	1.3807899	-1.1449179	0.72696501	703.89199	10.414382	3.0447118	0.41106528	0.20108057
721	5.7863903	0.85619391	2.0043294	278.27698	10.547674	1.2733569	0.002738789	-0.19552061
722	0.016139149	0.56129727	2.8045496	358.2603	12.251641	10.307699	-0.053152372	-0.019620607
723	3.4131317	-0.49040444	0.42249894	4168.9659	40.222533	29.356119	-0.071561456	0.24690684
724	1.4763374	0.83162934	0.38692586	1741.5961	18.469588	12.479368	0.20429376	0.018891433
725	2.8723404	-0.73886682	0.21577892	1615.7258	12.606554	11.16193	0.02927184	0.0090253457
726	3.6286314	-0.63019903	2.5296855	440.3719	3.0921208	2.5170176	0.004147709	0.005011459
727	4.0344008	0.52202935	0.94580416	1736.6359	16.013674	13.226719	0.092307705	0.10699914
728	4.5307691	0.71139613	0.85660528	3725.2818	50.445338	34.194053	0.42122039	0.37238749
729	0.068147178	-0.78291775	0.81021792	2180.374	51.423411	48.750662	0.07307245	0.0040731109
730	3.276471	-0.93863845	0.85890674	945.22187	32.23131	15.914011	-0.075476441	0.016944375
731	4.8682239	0.57402842	0.7307856	3036.453	19.332491	16.314265	0.11599081	0.25841707
732	2.9301227	0.82879787	2.5051992	3668.6273	64.458531	51.501846	0.12565706	0.032744893
733	3.7151058	0.066282727	0.65497545	724.4716	12.404381	10.048005	0.053625083	0.034112934
734	4.4728947	-0.068033719	2.7192822	4658.7368	107.32241	82.760374	-0.363872	-0.064323157
735	1.7563385	-0.14069052	0.62168982	6140.4054	108.76439	56.879167	0.72500702	-0.18676985
736	1.1897681	0.63895991	0.31723459	2318.8678	51.901085	35.316227	0.16568631	0.0072488779
737	5.5627197	-0.88100569	1.2667716	1332.8886	49.753261	48.815681	0.058506466	0.0042997469
738	3.6255915	-0.89508754	0.41981093	682.94197	2.7875518	2.4853994	-0.02444787	0.014430657
739	4.0263618	-0.43728706	0.98783429	1239.9745	36.391425	33.082772	0.23248498	0.13187918
740	1.8626617	-0.40080171	0.68270513	926.25835	1.9440923	1.5282529	-0.042882987	-0.022758828
741	4.6466586	0.15218924	2.6230843	2562.7926	13.813434	13.754111	-0.25413795	0.34957683
742	5.1648877	0.32927537	2.4025788	1348.3336	11.456047	9.8590386	0.038648813	-0.10175967
743	2.851421	-1.2418651	0.29801149	1543.1967	15.211898	9.5526715	-0.11401793	0.003629129
744	5.2946974	-1.0272544	0.46381449	8352.0292	125.77972	77.4933	0.078899397	0.090412293
745	0.65894139	-0.28617175	0.8201778	2249.6896	23.788403	12.688525	0.38749304	0.2452613
746	3.428818	0.056915635	0.65537594	1852.6636	14.282292	9.646226	-0.036374051	-0.0031643174
747	0.22449393	-1.0617218	1.7159071	335.30739	13.215831	10.775188	0.0114221	0.00029479671
748	3.664215	-0.99775587	2.6484909	5040.1476	50.579132	31.525753	0.11632525	0.024739108
749	0.92806436	0.29387717	2.3341868	10770.804	225.12762	126.78285	0.13474072	-0.29838075
750	3.5537627	-0.6645848	2.4771288	2144.5403	60.903842	59.576677	0.069335528	0.061254513
751	3.5449338	-0.2690361	2.1751438	3652.4066	53.411047	52.568691	-0.00017460366	0.035691194
752	0.083320622	1.3961657	0.42905476	3446.2357	53.845863	38.25179	0.054199527	0.011461063
753	0.046836589	0.016391578	0.80014893	2403.0102	44.923282	39.73632	-0.24007702	0.076246067
754	6.0790541	0.051053379	1.0739874	690.21726	10.466724	8.7807292	0.32766681	0.17245747
755	5.0307377	0.2230838	2.6239343	293.99775	31.128376	18.648132	0.12681003	-0.022326762
756	5.9875117	-0.65715566	3.0102165	1448.0034	28.551356	11.554922	0.10014732	0.0039767422
757	0.49982405	0.080882964	0.25998527	3756.4125	51.802378	50.91273	0.016111008	0.18869284
758	4.4956409	0.52519935	2.9503947	3958.6569	46.576747	46.067178	0.064274989	0.21885766
759	5.1664561	-0.6424588	2.215331	2639.002	40.091205	39.492418	0.069015466	0.039678525
760	6.0262254	-1.3282035	0.19544755	5416.1971	51.79831	51.274136	-0.020800788	0.041723619
761	5.6414857	-0.21230651	2.7523725	2270.2328	41.006431	28.609306	-0.15694349	0.24155794
762	3.7645022	-0.42439696	2.8368253	3300.4461	44.302419	23.390928	-0.015993793	0.089633125
763	2.2992724	1.0494953	2.0633941	807.68225	12.488348	10.785749	-0.067234569	0.038836673
764	6.1085347	-0.86230247	2.829623	2213.7387	13.851403	12.258497	0.22833128	0.018485952
765	4.6783416	-1.1855383	0.99922586	1402.21	48.380625	13.059267	0.17281769	-0.014447965
766	5.1295921	0.65636159	2.2584141	2259.6743	100.1136	60.234389	0.028386062	0.15916398
767	4.9645019	0.39689723	2.7246551	5069.049	34.049888	31.681172	-0.066695442	-0.094547137
768	4.3352338	-0.91709963	2.4771511	4364.4961	61.386143	49.074558	0.021509201	0.28887882
769	3.1997608	0.43955551	2.295591	576.6357	9.8941813	8.6963402	0.019424372	0.0095969504
770	1.5994318	-1.4123761	1.31975	212.12391	9.2277238	8.8021226	-0.0019777287	0.020226231
771	0.54242995	-0.72821834	1.6154622	1200.7492	40.096337	27.100612	0.021344817	0.045603992
772	3.2278892	-0.62524915	0.14252986	1006.5886	11.877367	9.8744568	0.019261425	0.016243021
773	3.3245168	0.45695979	2.405118	626.01148	11.290292	1.635956	0.033392163	0.21392174
774	0.47846913	0.46289691	2.3843444	4980.8537	49.838538	41.037	-0.028185928	0.00081760666
775	3.0004521	-0.35029054	2.8470882	589.15655	10.094136	8.0706493	-0.024376841	0.063785535
776	3.6810313	-0.84282911	2.9828499	4467.885	66.315296	53.308069	0.14620221	0.41134866
777	2.5211312	0.45893489	0.96862579	352.88752	9.3023204	1.3649081	0.019654634	0.067813735
778	4.7695309	-0.49988973	2.3191358	437.2914	34.318449	22.937486	0.26260931	0.00053204042
779	4.2396688	-0.14810309	0.45146613	3952.5224	55.876169	49.138732	0.010460791	0.0048288639
780	4.2373649	0.53151237	2.0871257	812.82106	76.877201	29.458449	0.17802099	0.50983655
781	3.7746315	-0.53799145	0.48797124	6417.5332	45.520396	41.801633	-0.057304714	0.30771355
782	2.1970206	-0.48079959	2.2823651	3428.3657	56.906356	37.157011	-0.13408324	-0.0070307236
783	4.4986499	0.40016071	2.232463	1432.0418	49.317057	36.11046	0.029728822	-0.013996433
784	2.1874962	-1.2703563	2.0348647	4011.8231	65.143976	54.761535	0.018671242	0.016939754
785	3.4379356	-0.74269105	2.4725218	1595.313	12.730244	12.055063	0.20162686	0.11371518
786	5.4527513	0.10522877	0.2515769	2260.3473	38.141837	11.936131	0.1407978	-0.352149
787	0.88594418	0.38146174	0.32158825	915.11902	19.779705	11.415254	0.021932544	-0.0091577834
788	2.6793395	0.37779457	1.9554681	3642.398	52.034019	41.138433	-0.16650252	0.0036380271
789	3.3212362	-1.0044036	0.3923056	5478.0976	64.926576	40.085396	-0.29529435	-0.020579305
790	0.66943097	0.47726082	0.058585591	1345.256	11.048844	10.26796	0.11842199	0.0072665332
791	5.8640346	-0.49103358	2.6611466	1410.8058	61.762203	42.49733	0.082237973	0.010402575
792	5.7455616	0.30720471	0.18776839	1781.2349	40.521235	31.052899	-0.16737111	0.056531252
793	3.2480838	0.3238936	2.6906708	1114.9891	54.071344	38.27069	0.14907385	0.11703294
794	1.4998417	0.47892479	2.4945666	1445.8755	20.832479	10.54812	0.0074701399	0.030823804
795	5.5869995	-1.3344031	0.8992303	565.25641	10.504214	2.4451814	0.039789852	0.13379321
796	4.6771917	1.2027071	2.6757798	2565.9023	32.476797	22.560658	0.041095708	0.030936344
797	1.0734046	-0.413603	2.4779265	1663.1715	14.15085	12.560171	0.38009579	-0.12801247
798	1.7491923	1.0839995	2.932015	3852.7984	14.556459	13.817734	-0.42669248	-0.011511669
799	4.5353691	0.78757673	2.3123783	2430.5376	54.731875	38.611036	0.11506176	0.068792669
800	1.3339812	0.46816403	1.0135546	2601.8738	30.690867	25.337982	0.00055455299	-0.052401796
801	3.1391997	0.8350181	1.669318	972.92528	23.602066	22.904111	0.28965936	0.40199499
802	3.1059233	0.57854629	2.7916435	2336.2833	13.697123	12.813011	0.033538808	0.47935807
803	2.6427983	-0.50498109	2.5140869	1715.3658	12.138752	12.107546	0.038793529	0.2338672
804	3.0778368	-1.5423008	2.3643296	3159.8163	91.109246	50.654034	0.031156997	0.083995814
805	1.3046155	0.068412898	0.24455656	12211.682	104.22542	94.668865	0.12789099	0.065825229
806	2.7909181	-0.20105132	0.24333317	4131.8297	66.505908	61.037509	0.023127988	-0.065833667
807	1.2971888	0.99514759	2.4980346	773.58942	10.337383	10.144084	-0.1171313	-0.079553042
808	2.5781069	0.2476348	1.2013236	2193.5989	78.472558	50.223008	-0.024822331	0.17486381
809	0.23827127	0.59999946	2.5101551	1394.6387	17.462864	13.2387	0.25612351	0.07090204
810	3.9064566	-0.19555903	1.3914323	983.38743	12.454999	12.126637	0.050470253	0.093449737
811	1.4040136	-0.032029157	0.36540993	2081.697	52.947178	51.920366	-0.039886179	0.20601948
812	4.8862669	0.70426964	2.6200197	1586.1242	52.918071	45.129072	-0.036996777	0.013671308
813	5.4097044	0.51285001	1.9794983	9156.3962	148.35102	129.4073	-0.094243302	0.10981366
814	5.1193255	0.13811126	1.9520266	1206.1593	44.607592	16.820399	0.11725906	-0.13418157
815	1.0574281	0.5895741	1.2105791	3117.8377	45.117174	44.241915	0.021133075	0.015775039
816	2.1132379	0.14390924	0.6031779	330.61737	2.7182834	1.7278713	0.15127688	0.10930643
817	3.1782061	-0.3618094	0.58672121	4641.0469	64.342823	60.529604	-0.046928647	-0.012406818
818	4.054438	-0.15119939	1.2354827	2318.7708	96.13507	90.79199	-0.29864676	-0.075728048
819	6.1002492	-0.45582071	2.2733879	3408.7962	46.636782	40.326422	0.075660488	0.1644974
820	5.065992	0.1265409	2.3061831	328.25428	33.474883	23.2197	0.067408824	0.19777469
821	2.9348125	0.43584417	2.7061647	3352.3849	44.211547	28.000546	-0.12979838	-0.15258793
822	4.6201616	0.90734221	2.1956616	3271.512	53.162001	46.978329	-0.01978208	-0.20738911
823	2.2475212	-0.4652587	0.26305959	1710.1977	11.365716	10.994982	0.040662515	0.065378778
824	2.5644358	-0.86559344	1.0250332	649.34827	5.3388234	3.1559029	-0.44606154	-0.063671249
825	6.1656293	0.11676505	2.9414995	288.50418	1.8271553	1.2543254	0.25322636	0.09801553
826	5.7062019	1.1148787	0.41496866	456.45643	1.4778789	1.4308386	-0.010844862	-0.063707252
827	5.8733736	0.51730937	0.52478084	1930.9439	23.943645	14.800445	0.031996009	0.15064783
828	0.15142243	1.0462153	0.11261102	9523.2173	74.741801	59.926887	0.14023919	0.016371505
829	4.3123369	0.063015466	1.5800154	597.50794	20.613637	16.373682	0.11041809	0.059006574
830	2.8255455	-0.20780154	2.7553613	451.60288	10.621026	10.206458	0.2733488	0.073058255
831	1.7725393	1.333598	2.7866077	4422.3799	75.280927	56.924118	0.10098145	0.070696126
832	0.5477703	-0.38959689	0.23938755	12365.979	141.08714	100.28474	-0.21736727	0.26488125
833	4.1554614	1.0838266	1.849241	2471.9245	49.263254	44.375684	-0.018477387	0.018447491
834	5.4788414	-0.64257275	0.61135215	2345.1853	46.203101	45.616854	-0.035261981	0.0049970875
835	5.8650421	-1.1335024	0.81738826	749.36581	10.112739	8.5190257	-0.11410386	0.023957724
836	2.3395171	-0.048731016	2.9990916	4011.8273	69.474869	54.780593	0.0019905237	-0.0060006202
837	2.6160649	-1.1736447	1.1244497	1178.1036	34.67326	27.010858	-0.02930324	-0.015072066
838	3.7937672	-0.4783565	0.77631848	659.93341	11.06256	9.1778833	0.042864311	-0.083462269
839	1.7744806	0.4524844	0.33714949	1379.5342	11.50587	11.291714	0.029984008	0.48008261
840	4.270966	0.44238659	2.0185969	458.65335	7.8636689	1.9644515	-0.024557223	0.052959918
841	2.3212263	0.56938515	2.8761081	2797.6113	52.092482	47.316404	-0.00029224667	-0.00022404128
842	4.5398199	0.9237829	2.2036466	780.42991	35.849298	32.915189	-0.032412833	0.015389272
843	1.6700428	1.1497133	0.55763558	1096.9521	11.384817	10.723781	-0.08857026	0.46660984
844	4.3829635	0.28575936	0.51688657	6662.4382	166.56793	156.31164	-0.13311062	0.34867903
845	0.32900176	-0.32661685	0.54332818	3919.3882	55.712375	54.252035	0.31762963	0.0057002533
846	4.8347308	1.2217842	0.54661718	3169.5007	54.68278	49.411858	-0.14731001	0.036921918
847	0.87258798	-0.8383786	2.4994831	8899.9168	157.53763	83.008482	-0.08815801	0.01577095
848	3.8379939	0.092991133	0.25284578	4650.9688	55.83188	38.109942	0.16245559	0.087499913
849	4.0367777	0.43113797	0.47367526	1629.8478	10.72184	7.8105344	-0.082633471	0.017645443
850	2.5893758	-0.22713025	0.32904342	1553.6387	16.461761	12.212459	0.013540469	-0.014645535
851	0.31792818	0.87694474	0.78257499	699.82135	33.000004	2.4323573	0.040060595	0.056212976
852	1.9517604	0.68949188	2.5477097	2574.9764	33.513425	23.863023	-0.046809472	0.052208467
853	2.77573	0.81627966	0.74755539	936.07009	38.539401	34.098284	0.039752229	-0.058465521
854	5.4728814	0.80824782	2.2020959	2720.4748	53.447695	44.993828	0.14672058	0.036790567
855	2.2247078	-0.93296318	0.71432233	494.66163	21.706911	2.7954196	0.15356629	0.15777893
856	5.7912399	0.44697544	2.4317227	5708.4214	65.062796	59.35345	0.019153591	-0.12786087
857	3.758324	1.1568703	2.7428007	500.27069	30.876604	2.0013146	0.34347669	-0.0092993164
858	0.53895444	-0.89665253	0.53992419	4441.4211	44.159847	38.206869	-0.013247784	-0.067687542
859	0.35003558	-0.36817553	2.9710712	187.15706	9.8964414	4.1385604	-0.15293245	-0.10130544
860	1.558052	0.5771233	0.73504983	482.98981	10.293271	1.8380059	0.053910557	0.070288359
861	0.70778773	0.15362664	2.4243671	1304.4403	12.559826	11.553636	0.036382636	0.049822561
862	5.9683215	-0.41282323	0.68190935	4994.3529	52.742411	43.632628	0.073442771	-0.00075143409
863	5.0137787	0.4590319	1.2653545	1216.0127	40.784932	37.77432	0.50331915	-0.089149784
864	0.16028197	0.071752404	2.8714177	1985.0208	25.284336	20.865621	0.0048007519	0.024784126
865	1.320131	-1.1635514	2.4436295	1595.4005	11.724191	2.0762633	-0.013820442	0.017184451
866	1.8889821	0.78217413	2.718178	862.34039	12.906797	10.209464	-0.019815708	0.00871114
867	3.8446584	-0.17699686	0.50871947	2802.5584	61.721939	43.712232	-0.075890536	0.16714761
868	1.0670185	-0.66963777	0.53718995	1992.3636	13.211015	13.194367	-0.024854022	0.0088065043
869	6.0347174	-0.23196264	2.2653919	1690.5238	14.164383	12.475869	0.24995224	-0.15603558
870	5.5413887	-0.69998943	2.2578087	1303.8581	60.233634	9.7250813	-0.17469795	-0.0054233442
871	0.40994997	0.44885036	2.1590422	621.47706	9.3699796	7.3372576	0.0088535235	-0.037502641
872	1.339985	-0.15958615	0.60736437	4927.6026	63.777559	51.395527	0.0053064473	0.045096071
873	5.2056334	0.21977524	2.324912	374.10688	9.9217699	2.0063543	-0.065573779	0.11708691
874	5.4758047	-0.72903386	0.41501893	2738.9305	60.327436	16.752508	-0.0059696043	-0.014910055
875	6.1954476	0.51901621	0.63983275	1163.0776	19.183977	18.889864	0.015630781	0.28472468
876	1.2233969	0.33322751	0.50364811	468.24352	10.139585	1.7308227	0.3238615	0.12331445
877	2.399241	0.63081201	0.71141585	3180.8096	15.023927	12.713246	0.032194614	0.020901522
878	2.9772965	-0.15642177	0.083475521	10865.272	126.21053	112.85436	-0.0385054	-0.0023186919
879	5.90816	0.28677566	2.5642635	1392.4406	11.739938	10.132771	0.090883455	-0.0028582229
880	2.1283568	0.058699938	1.7229963	287.77332	9.6358999	8.9436396	0.040451655	-0.11442038
881	0.11660443	0.85214532	3.0668206	2075.1684	49.45819	43.406356	0.063288939	0.16424881
882	0.15688496	0.32872497	2.6143511	525.21903	10.155349	8.9841142	0.25968135	-0.080718157
883	4.3218641	-1.0519848	1.5381815	4622.9499	71.200604	49.548911	-0.3173863	-0.21597133
884	5.7539681	1.0037419	0.69513829	5197.9564	67.129425	53.056181	0.16185308	0.16736346
885	4.6230308	-0.43707603	2.539015	795.16702	11.375883	1.4321498	-0.0037914262	-0.021966035
886	4.2632643	-0.076140875	2.6854265	1875.3012	16.177978	13.197765	-0.063995278	0.02714658
887	1.3610582	0.32313637	2.7967406	5914.227	70.793104	57.899302	0.0018289699	0.32151754
888	0.58040416	0.66729765	1.0341158	122.48105	3.4068181	2.1956763	-0.0087486875	-0.050578067
889	2.7286697	-0.97552121	0.41201036	560.49756	1.7100372	1.5554894	0.15623004	0.12937309
890	2.43699	-1.4097799	0.65427855	1804.3836	42.337294	42.057512	-0.010759026	0.75751859
891	0.46014507	0.19574936	1.5290537	1562.7428	42.873826	33.979836	0.014071328	0.021505655
892	4.5186993	0.24517209	2.4883487	2671.1529	40.844074	33.596795	-0.021612987	-0.4942714
893	2.4957368	0.87116136	0.24496359	7485.5345	78.489415	69.737055	-0.33277471	0.25093833
894	2.9655115	-0.58255413	2.3389242	3455.5081	153.9715	93.596006	-0.054962111	-0.50864388
895	4.8409897	0.48166102	0.76033117	3080.1929	48.729445	48.261038	0.022086768	-0.039875275
896	4.0853182	0.07127298	1.6325394	662.51847	32.89453	16.641296	-0.14257669	0.14897466
897	4.2621913	-0.16697833	2.4136341	1780.2358	41.670462	30.182749	0.5177519	-0.017361633
898	6.2546379	0.56985335	0.27636111	2207.3715	13.2085	10.088592	-0.063166744	-0.021121413
899	4.290141	-1.0313682	2.7728837	6172.4954	66.166244	61.624901	-0.11566705	-0.12132318
900	0.25533446	-0.14823678	0.64551844	5127.2386	57.863512	49.203336	0.071052087	0.032335189
901	1.9812128	0.44236248	0.70422402	2493.3789	12.528996	12.413806	0.49643695	0.14636126
902	4.0599671	0.5778706	0.92169892	1976.4724	34.198616	29.666845	0.060553613	0.26798604
903	3.1060785	0.95749068	2.1976972	2244.7338	35.30462	28.741777	0.036082731	0.13101879
904	1.1063312	0.18720609	0.88645409	1202.9048	30.591833	17.108553	-0.085185394	0.0021920431
905	1.9098958	0.096629103	2.5039015	1434.3004	28.494484	18.447317	-0.067491043	0.037234975
906	0.98568705	-0.5657686	1.1435192	1903.6055	25.374966	23.165708	0.09201336	0.062776615
907	1.3631024	0.55488543	2.8232272	1009.4582	29.239711	12.829015	0.1376902	-0.0038287416
908	0.8921437	0.856948	1.2500111	3675.0656	71.902667	53.557909	-0.052757342	0.3357217
909	5.9620359	0.80628822	2.8985018	2023.5118	42.905553	41.706759	-0.059586395	-0.058980425
910	0.33361143	-0.77645245	0.72799827	4942.5714	71.273739	59.214686	-0.06450041	-0.10192333
911	1.8407701	0.073551575	2.1583722	3040.8191	50.771794	39.694272	0.1560564	-0.068006248
912	5.7553775	-0.63744079	1.3326428	319.63843	12.258656	8.351455	0.016160155	-0.0697634
913	1.2644251	-0.42840623	1.2632257	203.16356	2.7186869	2.5014819	0.0687939	-0.015149342
914	4.1604634	0.43049114	0.30084307	6280.1733	132.36142	69.180274	0.3154185	-0.0055390402
915	4.0924635	1.3806255	0.10081281	1977.9912	14.018537	9.3955635	-0.034126651	-0.069882078
916	0.49644311	-0.86066383	0.59573045	4114.0443	137.25145	54.866655	0.032861533	0.094903723
917	0.13181788	0.62168534	0.54911546	2874.5993	53.494229	40.492939	0.028059456	0.021695707
918	5.5497461	-0.59966288	2.8405388	7817.2473	75.510242	58.978979	-0.14813378	0.04535579
919	3.6193286	-0.70793681	0.18839615	1679.2401	15.718492	10.219309	0.13700828	0.25952239
920	5.819075	0.024903281	2.6546698	5189.7505	56.763208	40.401197	0.41238753	0.0055385714
921	0.60503561	0.31380467	1.4250106	294.81094	28.226036	1.2770374	0.012134413	0.021063059
922	4.0611897	0.61058771	0.76748155	1844.9635	36.459551	30.870028	0.031262206	-0.02728377
923	5.23341	-0.45453878	2.3314863	3083.8311	66.346385	43.28204	-0.0086490576	0.025358636
924	2.6136516	0.36850669	1.0700556	1191.1112	34.104465	30.119142	0.011965948	0.064991676
925	4.3763622	0.61116783	0.36154656	1989.6821	23.226344	11.208338	-0.012574373	0.0035217328
926	4.4500924	-0.04560966	2.4702528	153.75468	1.6863166	1.666825	0.20137978	-0.020445138
927	2.0775801	0.00045892301	0.91167541	4868.4117	146.7462	50.886956	0.0084858531	0.38027745
928	4.1800294	0.50533327	1.0737176	3844.3925	43.208597	39.268116	0.036432348	0.016785543
929	0.091761278	-0.54307626	1.9617441	1002.4579	11.483961	9.7806418	-0.089678069	-0.011753769
930	4.7545854	0.12186473	0.37185805	4984.7569	106.9029	67.576266	0.5201834	0.16937836
931	5.9059854	0.25832182	0.831483	2443.2112	47.187557	45.168028	0.24008858	0.037392111
932	1.4548092	0.13059623	2.4703336	334.76288	2.2146397	1.669114	0.060672389	0.05316484
933	3.1264338	-0.45221656	0.75453694	2381.6968	132.69375	37.857493	-0.0033837633	-0.045902115
934	6.0167988	-0.34337373	2.3996726	748.73327	24.257479	13.802558	0.055750022	0.42030512
935	3.5201935	0.15051889	0.36960718	2526.0116	17.068855	15.887667	-0.22684586	0.0021244493
936	0.90988734	0.49588566	0.53688078	327.69449	2.198887	2.1207511	0.0094694747	-0.012134023
937	3.6799949	-1.0545903	0.41774155	1486.2959	42.721246	4.3383242	0.087477003	0.25584202
938	2.8923744	0.16531197	1.7217776	2013.3545	55.87027	47.492536	-0.00053352802	0.17021708
939	0.99848835	-0.11539904	2.6879434	138.04015	1.7214818	1.2041932	0.057130107	0.3083625
940	1.1646301	-1.2801017	1.7850401	304.85673	1.9223502	1.717653	0.05537091	0.20723767
941	3.6224638	0.71597478	2.806599	905.19892	11.086468	4.8506626	0.38841367	0.11884444
942	5.1835902	-0.55549142	0.6062863	300.42284	2.103192	1.9330256	0.10352224	0.15224185
943	3.0228592	0.27098287	0.64095067	3194.632	58.79561	50.928457	-0.24628602	0.051771313
944	6.0964904	0.027108615	2.1886089	5589.8487	84.66541	65.989947	-0.007188232	0.046496846
945	2.3392986	0.9366925	0.36300724	1389.8165	11.454787	9.5865288	-0.0077394183	0.0061749149
946	2.471325	0.27905069	2.5931829	8243.3745	72.808022	71.575663	0.1168279	0.27867922
947	3.5872209	-1.3654865	1.847258	1406.9496	41.001529	32.611558	0.36712075	0.014384316
948	1.8044183	0.69058433	0.1609333	1348.4739	9.2925601	4.0099335	-0.0070536894	0.24495928
949	6.0750935	0.87415263	2.8243955	7470.0655	73.66349	61.835787	0.041788932	0.10538693
950	0.15807887	0.90262835	0.11202778	2494.1617	40.691341	37.257773	0.003714076	-0.00032469588
951	2.7654592	-0.23575019	1.106684	1939.9447	34.70904	28.010061	0.10656932	-0.064523513
952	4.8171439	-0.37674425	1.9002952	368.21595	7.2609426	3.1910566	0.19760002	-0.01467403
953	3.2328885	0.90208913	2.6319157	742.99142	31.780012	16.531649	0.037199377	-0.056877525
954	0.86727307	1.0967004	1.8595201	2159.981	59.076834	45.31104	-0.081564725	0.010258999
955	4.9629048	1.1991267	0.91505999	1553.4507	39.593605	16.972364	0.01924832	-0.14791861
956	1.1585034	-0.084721598	0.20159744	2460.8581	14.52895	11.706283	0.018100564	0.012862463
957	3.2386114	-0.10285765	2.3147414	4907.5163	46.320812	44.026606	-0.033433629	-0.04839884
958	3.2151128	-0.3474489	0.95898053	1138.573	95.113239	81.616822	0.24330638	0.12707073
959	6.0834856	0.95313662	2.3782441	162.57114	1.6385816	1.5023483	-0.11483859	0.030823586
960	1.9721436	-0.11584506	2.5177449	1545.5797	11.379114	10.975905	0.071123367	0.29516832
961	1.6953909	-0.18283497	1.0457712	1209.3507	55.415179	45.693832	-0.11067016	0.021024031
962	3.7413852	0.37020866	1.6232632	1153.7058	41.347788	31.013454	-0.12028441	0.063682008
963	3.116652	0.85774403	0.39278407	6288.1867	80.780574	65.431537	-0.0002038973	0.29210302
964	2.9012252	0.44784046	2.4959277	3477.0696	40.442752	21.548026	0.034566611	0.11248599
965	4.376446	-0.62188858	0.65351432	406.96701	19.005164	10.022658	-0.026504806	0.016854245
966	3.3371576	-0.33047312	1.9796102	802.75884	25.533858	20.693503	0.48532789	0.030566903
967	4.0245277	-0.044310741	1.0718319	3196.4711	85.829222	57.878646	-0.22496363	-0.050865197
968	2.6647788	0.33639077	0.69725286	4095.2102	57.192203	53.618415	0.086472297	-0.036397761
969	1.038014	-1.1029619	2.7727928	3563.1272	25.383869	13.06534	0.016648619	-0.00071802088
970	3.807421	0.46045812	0.60916471	425.61647	8.916661	1.8723223	0.06512182	0.051752521
971	1.7703795	0.18056913	0.51244875	1786.9542	22.185892	13.691046	0.19462829	-0.056901059
972	1.9613126	-1.2768041	0.85105354	530.56244	10.507848	2.4193325	0.022918902	-0.050698086
973	2.5879577	-0.70337875	2.5419937	1011.7369	41.73847	41.668138	-0.0081981559	-0.0044897593
974	2.8719378	0.67571956	2.4555482	3605.908	14.702351	14.637863	-0.0018515479	0.19879325
975	3.3011302	0.28963618	2.3779097	396.43972	1.8996082	1.4838044	0.27755077	-0.0069357376
976	3.2565377	-0.34286974	2.2048441	4211.3414	51.095631	40.053246	0.063609197	-0.2244243
977	1.1974172	-0.39200056	1.767833	1820.8602	43.159852	40.081598	0.13222416	0.071235503
978	6.2830171	0.23980462	0.95830311	1841.1443	42.531604	22.786295	0.13385456	0.0080881075
979	5.0677392	0.31937231	1.5555601	401.46088	8.8348982	8.7898355	-0.42182147	-0.074064521
980	2.3798796	0.51502864	1.1574044	449.22618	1.9193564	1.6415086	0.042621477	0.012486397
981	0.8138037	-0.86118458	2.0495952	5303.8614	59.960065	38.213608	0.37203092	0.096440739
982	5.4781417	-0.70068447	0.69998634	451.85984	9.9502011	1.8035459	0.051807349	0.067682069
983	5.0148369	-1.1579848	2.5393628	9129.3596	57.431739	56.196063	0.14423635	0.15034647
984	0.67195889	-0.77161626	2.5401285	1893.5804	13.993074	12.386223	0.066779843	0.016950723
985	5.232199	-0.83035227	1.2924998	928.00102	34.170072	7.9596578	0.010993378	-0.047557525
986	3.4746213	-0.061966049	2.587502	6391.9711	53.362477	36.690488	0.24708847	0.23069943
987	2.6761786	-1.160288	0.2735132	13215.01	101.1324	97.080552	-0.024000402	-0.12025846
988	3.7954036	0.48390416	2.1847314	934.13632	29.1955	23.034577	0.11302841	0.027319655
989	4.5355516	0.48258181	2.473558	7815.4535	46.25959	45.546188	0.53611488	-0.085926617
990	1.0244239	-0.31782029	0.8012505	5822.6962	56.571383	55.320415	-0.0068520706	0.029249964
991	3.3383158	-0.26948644	0.93071755	4271.5118	44.725677	33.72632	0.16227619	0.034508564
992	1.7034739	0.29235329	2.7924484	4617.6058	71.020433	46.128631	-0.22992685	-0.24529077
993	3.2998858	0.43542923	0.9808099	3894.0746	75.544177	55.786003	0.074100215	-0.00059241531
994	3.160377	0.6554587	1.0294805	1734.6622	45.962501	45.885051	-0.0081981559	-0.0044897593
995	0.33454463	-1.4352526	2.5071249	2613.7034	49.164052	18.455755	0.27219926	-0.01307276
996	5.2167486	-0.27088557	0.81804988	861.3984	10.160255	9.3323751	-0.10511352	-0.094299199
997	0.12745258	0.18219437	1.4406486	540.19874	11.30287	10.045265	0.0047909017	-0.0022861404
998	3.8945337	-0.73196253	0.18584075	1083.6728	4.6774559	4.0896105	0.05982092	-0.030322803
999	3.1867402	-0.62969709	2.6192834	1362.9945	19.753733	10.381622	0.033003389	0.10327606
1000	3.4748199	-0.41959453	2.6126341	3274.662	54.128788	42.635505	0.14594618	0.15950849
1001	5.6596677	0.16008598	0.69731772	3069.0679	56.339964	45.863752	0.0030302963	0.0059851248
1002	6.2403905	0.6276919	0.90892613	575.00192	10.270099	8.8305101	0.019936217	0.22196833
1003	3.1655097	-0.9747493	2.1339086	4271.0191	58.741759	52.811251	0.015561733	0.071786062
1004	3.1255524	-0.25779	0.43663924	1468.0327	11.257082	11.120061	0.12795991	-0.025766265
1005	3.1579445	1.2500437	1.1021346	1369.3037	51.100608	39.79691	0.01501654	-0.13835637
1006	3.3265044	0.041208781	0.90273121	567.1194	8.703751	2.6080663	0.088278412	-0.053661898
1007	4.6056273	0.23497232	2.1324805	1274.9719	11.408352	10.399607	0.36364652	0.056899903
1008	4.834117	-0.7817484	0.88694027	1647.4774	12.225525	10.769525	-0.14193193	0.014141776
1009	3.2754892	-0.34669199	2.4275796	599.54416	10.6034	9.9517169	0.20492703	-0.037519471
1010	2.4595825	-0.66107946	2.9870213	2332.5098	12.693057	12.133859	-0.13587049	0.071273282
1011	4.0396711	0.38596362	2.5912285	677.2551	12.396857	10.049967	0.016790878	0.028594473
1012	1.9844049	-0.0070413278	2.1466157	2263.0439	39.361607	38.889609	0.028989941	0.018901144
1013	5.6765983	-0.2216267	2.144121	561.03456	29.858273	26.097999	0.3178193	0.15429975
1014	3.3752218	0.38188434	0.75814954	159.88956	10.356674	8.6207266	-0.19869946	0.10258061
1015	3.6192208	0.022871683	0.84850482	3762.0465	86.158272	67.907426	0.029508956	-0.010005764
1016	0.54211705	-0.95410891	1.2148609	776.30768	20.482564	10.440862	0.21817008	0.12259368
1017	6.0612186	-1.2502784	2.180787	3517.0291	54.435339	43.980447	0.0093084298	0.090617488
1018	2.2634695	0.46084931	0.95076022	5296.4053	135.33045	133.5675	0.00025594208	0.050025641
1019	5.2812128	-0.12932404	0.91651709	2212.0413	48.973406	45.164374	0.0016351259	-0.047650258
1020	1.6555864	0.64643577	2.8388616	1068.2119	28.348972	27.400568	-0.018627415	0.061725146
1021	1.365202	-0.59823157	0.70947997	510.5108	1.7559116	1.4560418	-0.14649777	-0.0016197731
1022	3.5694356	-0.9180481	2.6545017	2136.1341	65.570383	49.499017	0.23982255	-0.069878436
1023	1.3692769	-0.060577132	0.82758478	3675.3109	43.700204	34.292859	0.031618658	-0.054800599
1024	0.82030077	0.16715283	0.85012693	224.14809	1.3042523	1.2683664	0.0070111777	0.056838695
1025	0.74776975	0.91517482	0.5686242	2425.2069	100.9689	46.594094	-0.056733136	0.0031962875
1026	4.3799859	0.47823957	0.44782875	1523.5371	49.13897	27.594136	-0.013009654	-0.205946
1027	0.90959986	-0.10947923	1.8820006	1508.276	37.694714	33.016437	-0.042685296	0.28157772
1028	3.3088339	1.2200905	0.91473298	866.45509	45.149604	44.394623	0.15696844	-0.088065052
1029	6.0771373	-1.280275	2.9782147	5312.382	72.877939	41.488531	-0.2175713	0.10796612
1030	5.7371749	0.39216327	0.92906858	1539.0529	26.295164	19.39939	-0.2440557	-0.074069568
1031	1.1500795	0.16358535	1.1809745	175.89963	3.1315644	1.3596819	0.020257534	-0.010704417
1032	0.049466708	0.7646523	0.85863919	4434.2755	48.222999	35.618997	-0.0023723086	-0.070794775
1033	5.5636729	0.59280245	0.3985073	564.75706	1.6270099	1.5426964	0.23331644	-0.010072489
1034	5.5602861	0.88925829	1.9745313	777.47734	10.38009	9.3646378	0.21756048	0.010830149
1035	4.7903882	0.19428388	0.11469777	3612.2801	47.898697	32.457725	-0.11158299	-0.042421262
1036	5.0003465	0.41605665	3.1248039	2154.7464	14.057131	13.123432	-0.010671615	0.11148768
1037	2.1561582	0.58837305	1.9381024	2742.4917	113.80619	55.303602	-0.026391484	-0.1239137
1038	2.8535058	-0.27091978	1.0512453	1382.202	42.107229	41.197554	0.11944116	0.14141107
1039	3.047346	-0.53046292	0.5105164	1756.3583	55.69664	27.495693	0.17968271	0.00016802399
1040	3.8481784	-1.1239819	2.0541093	1406.2417	11.090775	10.337114	0.044663786	0.031828458
1041	4.5359713	0.52164468	0.099179709	3050.227	97.650305	39.318904	0.017287521	0.18921892
1042	5.0420321	-0.9925107	0.28944672	2347.5692	33.582761	22.682847	0.15844305	0.1187094
1043	5.1891531	-0.29433364	2.997333	2473.2025	11.859607	11.344071	0.23541234	0.20702542
1044	5.9858303	-0.69961954	2.500123	412.21846	28.482248	9.3400911	0.1222197	0.068010407
1045	3.4052363	-1.1555195	0.61200942	3635.9026	104.29133	76.290596	0.047208432	-0.082362295
1046	0.3131853	0.66388438	0.8429371	4487.9231	62.896469	62.760019	0.043050896	0.035653374
1047	1.1026767	0.39092009	0.31600761	7457.6461	67.574468	65.794262	0.11511889	0.11761029
1048	2.0900057	0.21484437	0.79140439	768.57342	12.180225	10.644926	-0.042615401	0.018466678
1049	1.5676436	0.31318439	2.2704436	383.98525	9.7283042	3.7820289	-0.4635632	0.025853134
1050	1.3859448	-0.5589408	2.4882868	5747.328	55.312038	46.491215	0.1719776	-0.0098658028
1051	1.0059058	-0.45639953	2.674425	2058.797	11.458207	10.743603	0.04508533	0.005117693
1052	1.1917476	0.97008263	1.0098994	8100.1198	73.54224	59.217983	0.13597108	0.12719957
1053	1.8527244	-0.094422312	1.9754364	974.33702	35.582918	33.327646	-0.20514173	0.10674276
1054	2.7207982	0.028452842	2.5788319	3699.881	70.923909	62.861473	0.21057735	0.11023453
1055	6.0940593	-1.0658342	2.0615668	2043.7875	42.918682	36.365751	-0.05279272	-0.016313564
1056	1.8303279	0.68610889	2.5474737	3775.6299	16.699359	12.175633	-0.14169583	-0.085285368
1057	2.8356935	0.58852718	0.49794243	6592.643	69.957172	56.119843	0.098063125	0.071807327
1058	0.23240218	-0.97255217	2.8753618	1970.9227	12.495214	12.156428	0.13635594	0.012099654
1059	3.5805459	0.99729466	2.4920764	318.42865	2.8764755	1.6380239	-0.015234814	0.32473712
1060	2.2855265	-0.84066423	0.23479439	2700.5299	20.588561	15.037887	0.078231527	-0.10970972
1061	0.18214161	0.1338075	2.352992	1613.9434	47.911531	36.778523	0.18154337	-0.19847061
1062	4.6817394	0.095165994	2.4186002	2783.0237	34.540716	30.495276	-0.022061692	-0.041983732
1063	5.4622407	0.914175	2.3320059	5172.8745	61.772632	57.349845	0.042684966	-0.053647987
1064	2.6375695	-0.25027354	1.1951197	1201.5616	12.044019	9.2009013	0.23813887	0.10058799
1065	5.7431142	0.75244946	2.5568464	6680.1863	70.775554	70.029098	0.075587782	0.0049824055
1066	5.1366638	0.98762803	2.4992879	11527.73	106.61057	79.217778	-0.12078057	0.33553593
1067	3.7804954	-0.057460882	2.8294942	1027.9365	16.454996	10.769764	-0.13799176	0.020559715
1068	3.5030443	0.52576114	0.59696523	3909.0403	51.408871	44.580846	-0.14999583	0.045721666
1069	4.7910347	-0.39177166	1.2160451	465.86443	91.419532	31.701412	0.0084858531	0.38027745
1070	6.0239444	0.51165138	1.0512796	4071.1275	29.152217	23.388551	0.16411216	0.0094288531
1071	1.5134838	0.089308134	2.1483596	2779.1407	36.597981	31.866452	0.16456339	0.023374071
1072	0.85860359	0.22066462	0.81914001	2655.3488	35.080878	19.71538	-0.032729735	-0.074793507
1073	0.43293914	-1.4168889	0.36454669	2623.978	28.575309	26.448483	-0.037287121	0.02674398
1074	5.6072746	-0.85126596	1.0407165	2674.1115	23.898294	23.491296	-0.031213412	0.0084592706
1075	2.0771702	1.1342888	2.2413937	1547.7877	11.607134	10.519885	0.011942344	0.32391484
1076	5.7192255	0.77712569	0.40567407	4296.9377	14.955559	13.970438	0.023355947	-0.014405334
1077	4.3051045	-0.40959749	1.93523	438.98691	9.8806766	8.6148759	-0.11628813	0.0068975491
1078	3.1177307	-0.57685072	2.5878992	601.26733	9.9112622	7.7415228	-0.090942536	0.033621199
1079	3.4955665	-0.59143592	3.0010777	2613.2853	14.546299	11.531632	0.28930889	0.44810826
1080	3.6400584	-0.30324934	0.64158056	6573.3075	68.444199	68.318146	0.32918945	0.05913284
1081	0.80081623	-0.9763249	0.45241596	554.03498	9.1790546	1.6405804	0.0064407218	0.0030363851
1082	1.0763356	1.5173503	1.7733274	2891.4035	55.885604	55.779602	-0.0042220381	0.0052983311
1083	4.7769947	-0.4815484	0.4520498	1971.0087	14.252835	10.536135	-0.006825556	0.092261424
1084	0.71569284	0.2739139	1.1643904	960.04832	25.661253	22.004533	0.078161043	0.31161508
1085	0.3204489	0.42987518	2.132421	1968.3639	44.14749	42.730677	-0.0020839192	-0.036613544
1086	3.7152281	-0.36376186	1.8611346	516.65739	31.072208	9.7851139	0.15701731	-0.059766111
1087	4.2083816	0.2112992	0.60436412	2569.2612	30.773209	13.429215	0.0042131121	-0.096826367
1088	5.4165856	0.87652305	0.41166079	834.21468	21.130849	11.028117	0.10404556	0.21205993
1089	3.7118439	-0.093274491	0.74885776	2000.8691	54.132462	26.321671	0.0064794458	-0.0040111809
1090	4.8855643	-1.0332387	2.5844747	3081.7038	43.367702	38.148706	-0.17178197	-0.11005748
1091	4.1321354	-0.7213991	2.7913671	2147.3642	40.898389	35.985281	0.21959655	-0.36706402
1092	5.1863793	-0.4085648	2.2277509	1556.2539	35.214006	33.523714	0.21345972	0.0053204431
1093	0.056074744	0.59260366	2.5829386	659.60605	10.358125	2.4301315	-0.0085383629	-0.050989867
1094	4.9888288	0.17908892	0.68479544	3048.7563	45.800554	13.814272	-0.17878669	-0.049531157
1095	4.039603	-0.37569691	0.34894459	5621.2205	162.91284	150.14358	0.091250875	0.040854825
1096	1.5905923	0.25756725	2.682486	2791.279	34.685614	30.189363	0.042398732	0.07727907
1097	0.27013973	-0.45205616	2.2212236	1912.3154	50.327602	36.638004	0.021703159	0.010594844
1098	2.3016381	0.78600684	2.2657535	1245.6884	12.659283	9.7709807	0.054526316	-0.13680514
1099	0.66252125	0.42111913	0.80395001	829.55248	11.232591	9.9391698	0.36048519	0.071668463
1100	6.1318405	1.05627	2.4481617	2447.9036	32.787657	22.130122	0.099788016	0.054903241
1101	4.1959691	0.91034597	0.66187104	994.25688	1.7232894	1.635387	0.10224553	-0.0010667609
1102	0.56119099	0.81555011	0.92899272	932.60779	10.829414	10.792365	0.011325896	0.22769249
1103	3.5300066	-0.36242779	0.98190795	4082.6728	68.649082	64.711207	0.027572545	-0.30100595
1104	1.7058562	-0.99939416	0.39880957	2880.7593	23.430146	22.113794	0.5840714	0.092619255
1105	5.1123385	0.15006133	1.4473272	775.14355	33.326881	32.723272	-0.047526774	-0.018836878
1106	0.60211186	0.008694503	0.41791791	409.70142	7.5657152	1.871809	0.037521703	0.16769409
1107	0.4658856	0.90724728	2.3914575	175.69157	3.1284788	1.5028671	0.028475	-0.13878949
1108	1.071378	-0.056914388	2.180534	2477.3881	30.442447	28.447577	0.070353868	0.071445172
1109	3.0596787	0.1198321	0.31662521	391.43492	6.4787639	1.3376317	0.019556771	0.097802965
1110	3.6611585	0.35056152	0.65318453	2340.6201	39.285806	28.344187	0.078401669	0.043385709
1111	3.2888828	0.208624	0.46431621	1111.3395	11.539137	10.690744	0.12790979	-0.15032213
1112	0.45615226	-0.32463132	0.18204293	6692.1147	60.503251	48.245749	0.25171886	0.10716531
1113	5.8272153	-0.10427357	0.20193741	585.23745	10.220628	9.789022	0.35982844	0.075170178
1114	0.64420024	-1.5244386	2.9758532	316.67139	1.4630024	1.415211	0.20521828	-0.024025474
1115	4.7855098	-0.26717794	0.37773164	650.02177	2.4656828	1.4930344	-0.080466987	0.028557625
1116	1.8025028	-0.89318923	2.9398608	852.69517	10.125431	9.8834382	0.27791919	0.14555004
1117	1.9006098	-0.12019673	2.4448483	861.49467	11.577645	9.3701302	-0.25340976	0.020219248
1118	1.0075578	0.56764566	0.41872834	1647.8286	20.628885	19.000053	0.20807365	0.10219564
1119	0.62076389	-0.06081755	0.57326225	2350.3426	50.990564	48.011044	0.015653978	0.023296272
1120	1.4405891	1.1337086	1.0269806	922.84938	21.012635	10.66702	0.16069245	0.006216086
1121	5.9180744	-0.33960072	0.89191777	5634.1461	106.24513	65.761931	0.017187237	-0.059292467
1122	2.4182695	-0.31962218	2.7068871	2772.3467	35.387157	11.39378	0.038591543	0.016145119
1123	2.1252217	-1.3224975	2.5339276	2138.717	13.907006	11.78319	-0.34094112	-0.19465142
1124	0.38536509	-0.24980086	2.5843518	2527.0495	41.567248	36.075412	0.016000425	-0.33308078
1125	3.2000477	0.97807489	2.2669331	822.96324	11.798003	7.7301782	-0.0032196682	0.088417047
1126	5.3502236	1.2317682	0.90514657	1181.6244	13.098097	11.115771	0.19895616	-0.067993366
1127	6.1314743	-0.05178679	2.5879205	2349.3138	42.233502	32.527786	0.15258944	0.018080224
1128	5.1465937	-0.4713071	0.54266562	654.86309	11.314995	2.3853648	0.051977946	0.012974783
1129	2.0609693	-1.1399578	0.50414087	1096.8294	10.320017	9.1370537	0.020340451	0.036348446
1130	0.13108602	-1.2286131	0.69520058	1270.8413	36.901675	30.676904	0.019033055	-0.0016563295
1131	2.4848669	1.0692788	3.0636198	2777.7036	55.949398	36.729486	-0.0602243	0.13003761
1132	6.0465706	-0.3724546	2.7554875	1260.4865	10.370223	8.5986573	0.0059753221	0.35354366
1133	1.6660751	-0.30650832	2.2627947	1886.6889	37.905791	34.34537	0.017110649	0.077692129
1134	2.0331989	-0.5794582	2.1065088	2038.6759	12.430161	10.481071	0.50768327	-0.23496561
1135	5.1487757	-0.078964148	0.8920846	2417.8812	38.275686	26.507406	0.47727908	0.026371446
1136	5.1692159	-1.3548289	1.3351196	420.52329	9.9683928	9.2990022	0.086674522	-0.036744661
1137	5.407924	0.48460414	0.53475923	1244.5838	14.170417	11.197809	-0.054073342	0.052780449
1138	0.26968108	1.0136092	2.9492356	579.27372	11.185969	1.8607987	-0.13872564	-0.053430042
1139	3.9658201	-0.076820237	2.2934159	2746.0604	56.481821	52.131538	-0.19916066	0.55269846
1140	3.8800458	0.05895491	2.5211609	546.95938	32.326832	26.256774	-0.20361742	0.18752478
1141	1.8581679	0.0157684	0.2773876	121.70316	1.5182191	1.4305254	-0.0032392712	0.33649834
1142	5.3222439	-0.23786251	0.85851624	643.08205	8.484953	7.87402	0.27399636	-0.10141524
1143	3.1752188	0.29988057	0.7233252	5205.0986	65.233087	51.604585	-0.066023111	0.11458578
1144	0.42496718	1.0076436	0.149334	1078.736	11.143917	10.886809	0.090239282	0.033882012
1145	3.8064888	0.78016163	0.96349592	4955.8984	80.216902	71.901588	-0.0077691063	0.063089517
1146	4.9923605	0.52259508	2.8155125	9739.9177	116.0538	84.548879	-0.072804899	-0.21239841
1147	5.8612151	-0.47738084	0.40457456	1858.2927	13.541894	9.5829603	0.073161948	0.0091187556
1148	1.5782674	-0.58893736	0.36702687	6339.1792	71.695326	69.978505	-0.0054802787	-0.1102063
1149	1.4961143	-0.50502562	2.6188517	357.9766	5.2294244	2.004703	0.12382734	0.24603372
1150	5.4540548	-1.4079906	1.1440897	1564.0084	98.335338	44.686359	-0.081749497	0.015433033
1151	4.9434002	-0.53662086	2.6349581	2817.2755	48.962339	36.417476	0.0088911427	0.16932179
1152	5.9614665	-0.20987357	0.057375767	2113.2127	12.038856	11.581716	0.087384962	-0.17574089
1153	4.0626587	-0.96964298	0.40290687	1451.1608	11.424343	11.226017	0.25253656	-0.16747893
1154	1.7060581	0.42864084	0.56431223	479.71968	10.827445	1.7180717	-0.19532059	-0.010512353
1155	5.61631	-1.192346	0.82060627	401.6917	30.931644	19.167659	-0.011620148	0.27026661
1156	2.0949693	0.003330386	0.1205266	1208.6403	23.255671	20.183522	0.14176884	0.10661621
1157	1.7332136	0.43432708	0.25940814	599.63469	22.470917	2.8569324	0.019442482	0.073088725
1158	3.3733982	-0.085009057	1.011017	1332.5486	13.11117	9.1174048	0.1774685	0.0069146971
1159	0.2416338	0.82789797	0.545785	631.36296	10.069572	1.7178888	0.19953186	0.12626249
1160	2.7693455	0.53807974	1.9201141	6491.1909	89.006198	58.553619	0.031902132	0.13263632
1161	4.0583682	-0.014589018	0.54164183	6398.959	158.73126	133.61178	0.21171003	0.47429363
1162	1.9435836	0.532535	2.9811649	274.22527	9.1253647	8.9056376	0.095001618	0.027352587
1163	1.4403993	-0.30441959	2.3920074	1425.7122	13.688765	10.634872	0.093735621	0.0081712705
1164	3.0463757	-0.87521758	2.1385501	4189.9405	63.910465	37.77621	0.074737537	0.00038191649
1165	2.2631915	-0.096410407	2.5853051	2820.2588	59.969935	56.687354	-0.13577587	0.46187733
1166	4.9220322	-0.24133135	1.4988135	956.9272	24.403902	11.306983	0.039592499	-0.020425355
1167	0.23067711	0.61664086	1.2520994	1942.4655	96.257485	48.94936	-0.019700522	0.096969254
1168	3.292177	-0.46029887	2.7189773	3181.8734	38.444513	38.320618	0.17694377	0.11576982
1169	4.6784404	-1.022391	0.25298209	1729.4641	43.642364	23.892379	0.1099138	0.14642677
1170	5.8760273	0.020723477	1.1981924	661.26973	24.722806	20.809245	0.0090755222	-0.010398469
1171	3.7560287	-0.54533685	2.2941709	2330.9178	17.215484	14.321377	0.055228281	0.15885475
1172	3.0685855	1.2155208	1.9937212	1741.7093	11.677285	8.7562269	0.1222055	0.019663403
1173	0.56077461	0.70468512	0.85242922	1313.5733	43.046884	10.776687	0.011707735	-0.0069821494
1174	0.98350967	-1.0096187	0.58167752	1507.4858	11.765433	10.646238	0.0047520464	0.43561993
1175	0.54605375	-0.92227497	2.2504822	2045.5997	48.213618	29.070023	-0.084727847	-0.23546232
1176	1.5795805	-0.86512482	2.2731151	2204.257	17.719166	13.906546	0.031232069	0.056749777
1177	4.1503919	-0.26986597	2.7430002	260.37785	1.5216562	1.3813083	0.014235033	0.0084226397
1178	0.58187835	-0.70457125	2.4723864	2970.5538	59.439765	15.107098	0.001839313	-0.022552284
1179	3.6515953	-0.1140162	0.6539054	4228.2814	57.006535	55.831604	0.089595004	0.52707979
1180	2.1348968	-0.80313877	2.2267276	485.40276	9.5955874	8.8569132	0.020839228	0.33508606
1181	3.8047421	0.70641529	0.67104679	2435.8755	28.32066	27.088138	-0.0038747259	0.03894095
1182	1.838358	-0.76756231	2.9256804	2395.4548	52.365215	12.674262	0.11845761	-0.05433134
1183	3.5569654	0.38712553	2.4078267	2204.5131	15.87353	13.09685	0.21042078	-0.05406306
1184	0.22904476	-1.152396	2.2897642	5161.1776	62.269351	55.332066	-0.051315436	0.05339661
1185	3.0335009	-0.030720494	0.6179348	503.93206	1.5291557	1.3913163	0.09217706	-0.14255369
1186	0.84265945	0.47435658	2.5224721	2959.7954	54.256407	45.11074	0.0027501181	0.0090792405
1187	6.2748242	-0.59773831	2.6976696	723.49733	14.734445	2.8929519	0.0328968	0.062976366
1188	0.96688469	0.58426042	2.63326	1169.1924	11.201108	10.093855	-0.23890946	0.036945287
1189	1.2980618	0.38697272	0.72407121	628.60816	9.4969401	8.9941819	0.042283829	0.041908311
1190	4.1112437	0.74574888	1.3997309	965.17819	13.817904	10.606708	0.21048325	0.0028812702
1191	2.2970399	0.94449177	1.4584803	963.78709	34.192512	8.7904453	-0.022942912	0.17443925
1192	0.41721391	0.9502489	2.5171633	2839.1238	54.136498	52.108477	-0.051560603	-0.075013702
1193	3.5532823	-0.43960937	1.2228163	406.96435	10.615136	8.0993387	0.13646086	0.11067389
1194	2.2966734	-0.82891298	1.3174269	3301.4142	63.376054	27.874711	0.25520387	0.28544384
1195	4.9437302	0.7539296	2.1166271	109.16317	1.540659	1.2201889	0.13464371	0.095182565
1196	5.0824147	0.40063234	2.7438841	4138.353	69.670791	58.173268	0.28643197	0.013459661
1197	0.21343267	0.63731397	2.2786723	367.42294	5.2611586	1.4109452	-0.16419554	-0.14228596
1198	5.0020584	0.97376133	0.20980313	1505.1111	13.143399	9.8713415	-0.098676765	0.23758737
1199	5.1681034	-0.38011901	2.5895066	310.29888	8.4055716	7.6874398	0.14316338	0.32027493
1200	2.7381718	0.93010521	1.9892071	518.08557	9.6663806	8.6814628	0.0061000503	-0.034508808
1201	4.4199374	-0.27932214	2.878145	4358.3147	19.436311	15.29759	-0.1897128	-0.00038829094
1202	4.4328786	-0.4584991	2.6650453	420.87682	30.186905	20.548183	-0.058366133	0.070115323
1203	2.5083437	-0.29288562	0.84589516	297.27765	1.2980147	1.2676133	0.0043209215	0.12605918
1204	0.47712433	-0.28894306	2.3828984	1521.7994	13.464011	11.439482	-0.37795684	0.43537373
1205	0.15880168	-1.2628067	2.0189501	360.08854	11.117396	4.1938459	-0.080625385	-0.025344964
1206	3.2673527	-0.10926847	0.49711938	1008.784	10.603525	10.281631	0.05707518	-0.038257124
1207	3.4655891	0.63173807	1.4865277	633.89486	39.39316	10.131083	0.24479202	0.088946172
1208	5.3909211	-0.58685425	0.87153159	2436.0425	46.399885	33.615092	0.24995485	0.092663054
1209	4.4757598	-0.7235889	1.0291268	1770.3476	34.664995	29.792669	-0.05909885	0.062044289
1210	4.6211619	-0.34655856	2.5772367	1991.3345	31.480258	11.534591	0.44434675	0.10875848
1211	5.6383781	-0.87411078	0.54250738	10633.496	94.51075	79.731994	0.59524278	0.025311708
1212	3.8767332	0.62567445	0.75411204	2792.4697	48.525661	45.49061	-0.050882306	0.1012996
1213	0.35627308	0.10422296	0.58934238	3862.3476	57.658861	55.592616	0.14074413	0.080312718
1214	2.0753351	0.84447228	1.843622	694.05341	42.068083	35.306732	-0.01183064	-0.0023344867
1215	3.9805907	-0.53921222	2.6725928	9337.105	91.17591	62.089559	0.1315926	0.15993129
1216	2.3266542	-0.81136538	1.9304832	796.08109	35.903049	31.530433	0.039165853	0.13319223
1217	4.0229498	-0.64156313	2.1934078	1584.8999	81.791155	41.235175	0.058888179	-0.0025503054
1218	4.149979	0.48330578	2.8337954	2425.9314	51.544714	38.407309	0.16668248	-0.0033224119
1219	2.9214584	0.32846154	2.697279	4486.345	50.857003	42.282613	0.098672208	0.077519973
1220	0.17723508	1.2210825	0.23901544	4217.0187	42.33256	41.206748	-0.0030849691	0.042360874
1221	4.3843457	-0.43443976	0.28289689	2413.2806	47.350786	46.364701	0.38735364	0.28210011
1222	1.2114305	-0.6324195	2.4411443	328.74679	10.933943	9.1421916	0.076253698	0.018071894
1223	5.0218548	-0.50012795	2.4767522	1145.5408	78.147411	34.683053	0.0011271332	0.041305387
1224	1.852527	0.09065858	0.28012483	7602.1411	162.05836	160.86607	-0.075391329	0.019844764
1225	4.2459481	0.63657019	0.37413204	1380.0769	37.500913	36.122805	0.37858634	0.21310018
1226	0.83420478	0.5759982	2.3563039	1213.9305	33.488053	16.865385	-0.11392929	0.032475691
1227	0.36042633	0.74042212	3.1323875	1912.9406	45.089526	40.599727	0.060577285	0.32218007
1228	3.222478	-0.43012507	0.58361148	1041.3912	12.003619	10.708866	-0.00020443754	-0.078473386
1229	1.3761451	0.85463459	0.53580575	308.24012	3.6035972	1.6270251	0.031372677	0.11468214
1230	1.4743777	-0.29370139	1.0077924	402.88437	9.7056944	5.7472542	0.50504572	0.13177768
1231	5.9212935	1.0561752	0.27483812	926.94986	14.249958	2.7032437	0.19089475	0.084543557
1232	5.2586311	0.33955527	1.4063794	85.762604	8.7577803	2.8484906	0.19563871	0.082062414
1233	1.9839225	-0.29534019	2.1747057	972.89036	39.196099	35.070719	-0.016977495	0.059398104
1234	0.74749569	0.42492259	2.1097029	1235.9837	17.928237	14.366779	0.19894347	0.046258772
1235	4.6643226	0.13888506	2.07181	901.10186	10.491994	9.5674312	0.41216858	0.0094832269
1236	4.233055	0.37379423	0.73379233	3989.1149	44.597762	40.42366	0.031101042	0.14209778
1237	2.9753922	1.2471447	0.98092052	1693.283	29.629679	17.199091	0.02206812	0.028335429
1238	6.0564235	-0.98752005	0.50854195	565.45784	9.8660472	1.6319288	0.0028286615	0.1978999
1239	2.1325555	-0.39408287	2.309304	6730.351	69.205549	68.768441	-0.1618644	-0.012622837
1240	1.3236342	0.54499077	2.5391706	675.72024	10.83778	1.8138734	0.38544171	0.049520523
1241	3.6045554	0.17378189	0.3848056	1844.9447	50.99478	45.58273	0.0010466143	0.080329654
1242	3.9130921	-0.54508639	2.6354446	6737.5789	80.049166	60.582811	0.75993829	0.043189832
1243	2.6532576	-0.91927458	0.89115629	526.46318	10.758059	7.8075228	-0.12696024	0.026496616
1244	0.73858425	-0.0063372393	2.7241336	6635.9392	65.045819	61.652743	0.11348328	-0.040085176
1245	3.6126381	-0.80649551	0.94169214	5044.0268	64.059612	48.815457	-0.054231127	0.034450406
1246	4.392293	-0.53583492	0.58584201	3323.0806	32.445022	27.830906	0.24036392	0.049024514
1247	4.2339454	-0.80158626	2.4534768	1170.4143	20.599772	10.330104	0.034067285	0.33433531
1248	4.2343502	-0.14349929	2.0363557	2559.0937	47.959925	42.210868	0.13562816	0.033580126
1249	4.6552996	-1.1955856	2.9284993	1213.1976	11.1429	11.113758	0.08616913	0.028529249
1250	5.2237071	0.75632975	2.3865448	2080.3991	42.577658	33.262243	0.018930295	0.040929584
1251	0.62066559	0.3458257	0.89951696	612.01813	11.02991	8.7055872	0.23513182	-0.0010287478
1252	5.9032739	-0.88202706	1.7565143	1249.5877	11.310354	10.671621	-0.004966298	-0.0076003806
1253	0.041059856	0.72663847	0.1007376	3337.6284	15.468205	13.965637	-0.34056801	0.20492774
1254	5.9236103	0.038183589	0.51789134	1221.5962	11.861231	11.389014	-0.0042127608	0.0052643314
1255	4.2431975	-0.32458508	3.0577249	1607.2307	12.284656	10.621865	-0.22198287	-0.11641166
1256	4.3284344	0.89201628	2.2505998	173.49675	1.3544395	1.3240174	-0.091700927	0.028813203
1257	2.8231158	0.57213369	2.0162027	2916.5625	50.926551	29.628387	0.089274958	0.0055122209
1258	6.0658555	-0.43697737	2.6532541	1823.9352	12.855227	12.747891	0.092838254	-0.10036356
1259	4.2661523	-0.53926795	2.4802936	318.48691	35.106591	22.906422	-0.14313593	-0.094952201
1260	3.6297207	0.62368039	2.6297096	5766.2495	60.556547	47.8916	0.022917692	0.030251057
1261	1.9847946	0.25984235	2.5906892	11535.498	107.76251	100.96813	-0.025374337	0.017225083
1262	2.9374141	0.39642852	2.0086163	1399.7844	26.441184	21.096954	0.17905505	0.053548216
1263	5.1372919	-1.2410239	0.2627437	7876.6345	89.40392	82.074536	-0.0019466769	-0.020624279
1264	1.6883313	-0.015895292	2.4734063	661.76509	10.097755	9.5007878	0.32300128	-0.039180655
1265	0.91958174	-0.14708251	2.7545132	1405.6824	23.757034	12.556872	-0.15072649	-0.013430941
1266	5.6131157	0.40729689	0.37027685	2138.8021	13.00292	11.776167	0.32378974	-0.011377348
1267	3.675371	-0.83801851	2.3267028	567.34059	55.102486	51.683122	-0.15113218	0.34182894
1268	4.8453869	-0.089600787	0.46099963	712.35537	10.385161	9.6503597	0.11669714	0.10497563
1269	4.8764591	-1.1472607	2.0543978	1972.7354	12.64251	11.416294	-0.30165267	-0.00063931892
1270	0.69592628	-0.6932041	0.50798529	715.08582	11.102903	9.0507333	0.12994345	-0.11160874
1271	4.1019739	-0.31706856	1.7397098	1783.5474	43.479749	31.504943	0.090127272	0.13267476
1272	0.54805396	-0.66737758	2.7709448	3986.1344	60.171592	35.191103	0.13501048	0.017283308
1273	3.1776504	-0.2482469	2.3597823	1453.9894	11.83827	11.173366	0.0068341613	0.051847275
1274	0.55357564	0.93768411	0.88090623	2404.7235	13.519767	12.82084	0.33495039	0.16914468
1275	3.3406935	-0.6181363	2.3619026	4050.5032	76.355249	60.166441	0.50183464	-0.24728823
1276	0.14244987	-0.66836278	0.90613973	1690.0122	42.737283	37.078588	-0.06552702	-0.12693736
1277	4.9744004	0.048967852	0.41616916	4847.003	34.729277	27.388916	0.7426235	0.014578206
1278	4.4007713	1.2987294	2.9561834	2461.1328	49.658774	18.65058	-0.0075436921	-0.071485428
1279	3.4231914	-0.86948047	1.1486591	1204.5583	65.723138	51.801052	0.029508956	-0.010005764
1280	1.1634457	-0.37073335	2.8970166	1157.6607	38.439553	37.666638	0.0031924155	0.048599394
1281	0.28269089	0.66756321	2.8275884	404.47994	8.9067666	1.8333171	0.081547295	0.2642949
1282	1.6512015	0.88441626	1.4710325	1671.2424	42.265074	41.250164	0.22461432	0.074060786
1283	0.34239184	1.069681	1.2160894	1161.7819	23.474253	13.086141	0.021577164	0.11238774
1284	4.6786598	-0.92602894	0.96226319	1204.191	32.100516	5.7713152	0.028963961	0.11710829
1285	1.6854984	0.40872338	0.23027141	10752.336	74.003024	62.549977	0.27790614	-0.17647133
1286	6.2181415	1.3727117	2.4459191	1739.4448	12.637631	12.101005	0.045261856	0.012191399
1287	4.3033295	-0.141961	0.39019659	3587.7762	46.122113	27.600691	0.033844923	0.22901951
1288	2.7886657	-0.57052756	0.75811146	908.01296	9.9715446	8.70101	0.18133992	0.27032784
1289	2.0960127	0.64972563	2.0900645	599.37087	20.884697	2.4099668	0.020642744	0.087552606
1290	5.0942757	-0.43362143	1.3960243	1288.1416	25.26285	12.217638	-0.0078699488	0.0092905508
1291	4.79393	0.10216466	0.7601479	302.10848	9.7210346	9.0152467	0.22109101	-0.20626212
1292	6.0361075	-0.8949389	0.57671369	210.73492	1.9280058	1.3692	-0.015149927	-0.0016595936
1293	4.379832	-0.1748642	0.84683869	3293.452	59.962547	52.590866	0.15681347	0.10350231
1294	5.7987722	-1.0975608	0.30302978	3400.3862	59.601199	58.309522	0.06440165	0.045820531
1295	1.8447614	0.052511302	0.67383594	504.27997	28.374799	1.3421245	0.010629303	0.05002846
1296	4.024	0.39345659	2.7886217	2062.0943	14.60161	13.470947	0.53311814	0.010275012
1297	1.5445427	-1.3529519	0.25235539	908.99871	10.026662	9.5711378	0.18174057	0.27464732
1298	6.2247331	0.051495288	1.523407	1570.8592	49.086495	25.932648	0.10225213	0.1883212
1299	2.7794069	0.41559684	1.2885118	1965.1735	117.19219	44.832288	0.43411456	0.0096020054
1300	3.6667205	-0.40790093	2.4239062	2706.898	46.251972	35.740175	-0.42676578	0.028458596
1301	1.0115006	-0.59709106	2.7436797	2337.0048	12.095133	10.558228	-0.3042325	0.35806898
1302	4.4124198	1.138518	0.74244251	3945.8474	57.507599	39.676292	0.082643361	0.0021889494
1303	3.6510527	-0.42826129	0.73551661	4235.4443	65.134234	60.98446	0.12505882	0.0066523034
1304	4.0092406	0.85994177	2.3820179	690.05599	10.366125	9.0574784	0.13190404	0.20384972
1305	5.8148688	-0.18394964	0.65410884	1744.9302	42.223633	20.689746	0.14642016	-0.031441203
1306	4.6136633	-0.26425731	1.209747	712.79024	10.371355	8.6486847	0.14471432	-0.0033867386
1307	6.016864	-0.12011013	2.7359047	1223.3244	10.852267	10.038544	0.023126579	-0.37271453
1308	0.28905201	0.77520571	2.4049185	2160.3281	100.80955	84.059641	0.085408046	-0.00042755436
1309	4.611206	0.78883408	1.6647931	2654.7199	72.953309	46.629653	0.056131683	-0.11073356
1310	3.2344146	-0.88380955	0.11143503	1820.7089	11.849411	10.711338	0.21220712	-0.25606174
1311	2.4939351	0.25589911	2.7253473	802.46894	39.460492	29.860704	-0.26050275	0.00042014113
1312	4.4374088	-1.016525	0.53954658	246.41749	1.5540538	1.5409353	0.030266481	0.0078232748
1313	5.790319	0.15842898	1.8624123	561.65069	41.471315	34.548465	0.035263196	0.32599902
1314	3.7942646	0.51784415	1.247471	2426.0759	126.05043	52.342239	0.0021288724	-0.20053669
1315	0.061494416	0.22416757	2.8235525	1015.6978	22.069061	9.8891395	-0.71895679	-0.013798496
1316	4.8090345	-0.55669088	0.90324487	894.49945	34.712788	29.009967	-0.05404453	0.0074813471
1317	2.1232994	-0.45727477	1.5728933	1077.5103	94.021408	43.968049	0.078899166	0.24601043
1318	1.9254838	0.93047319	0.3500639	2132.5259	10.881459	9.1622994	0.26862815	0.023678228
1319	1.5139511	-0.0033512131	1.1534917	3880.1678	149.57563	55.641273	0.29578606	-0.020314798
1320	0.57442443	0.65710727	1.0023552	1474.2728	42.334877	39.688157	0.015687403	0.028447078
1321	0.89921197	-0.39581828	0.61094085	1906.7984	41.567383	12.648585	-0.22265712	-0.083272284
1322	0.96636407	-0.46006883	1.8554275	2164.9907	30.40998	18.886113	0.00082707718	0.019186668
1323	2.8051296	-0.50559892	2.8109542	838.79115	32.441668	23.760139	0.0639035	-0.018322915
1324	1.3503413	-1.083667	2.5003217	1339.3626	17.69593	13.208601	0.36874446	-0.20405498
1325	0.61667859	-1.0166696	1.8710863	468.89229	9.9242064	9.0350401	-0.0040127729	-0.21950176
1326	2.8815726	1.0723163	2.1521609	773.42076	12.110861	10.346165	-0.092057893	0.015345856
1327	5.8562829	0.17735211	2.5175235	9397.8511	115.3463	66.220525	0.18086856	0.11914268
1328	3.5574874	0.34918013	2.81138	3056.8755	24.806879	20.260181	0.013563939	0.15025791
1329	1.5898125	-0.95934835	2.5404403	2396.5173	42.38129	27.39439	0.55272058	0.098971244
1330	5.1947966	-1.0817128	0.72000775	786.0686	10.893648	2.8667102	0.067484874	-0.01983279
1331	0.72934813	0.91945586	2.3770819	4480.5158	59.513992	58.582137	0.11244137	0.00714278
1332	3.4976977	-1.2342835	1.2011829	1185.7804	11.710727	11.038619	-0.042739986	-0.061651805
1333	1.2342195	-0.80330616	2.9765401	3757.7503	15.75676	13.964792	0.086168481	0.12424592
1334	5.5820775	0.80958542	2.9345076	6812.0501	174.50361	92.884536	0.0038235937	-0.11404811
1335	5.1915861	-0.23313315	2.9043506	2233.7978	43.94268	37.480883	-0.061128474	0.27972844
1336	3.7778784	0.82700929	0.62180756	1855.4867	11.150913	10.72555	-0.52737087	0.20965221
1337	5.9553157	0.52033275	1.016688	2228.2957	37.905846	24.988719	0.020891625	0.036272323
1338	1.5879557	0.70814029	2.8302464	6632.5721	51.988874	34.653294	0.38414003	0.25287772
1339	3.8069973	-0.55058312	0.35602075	7512.8452	37.072709	34.334041	0.23435767	-0.02001031
1340	3.645027	1.1913061	0.61959907	3841.0429	49.924067	47.585916	0.13412239	0.0099358044
1341	3.6621546	-1.0376368	0.85611227	696.83283	11.742832	8.6070591	0.08937616	0.047525444
1342	0.36854252	-0.04396653	0.70989671	1574.4821	19.918632	12.283287	-0.13191568	0.064357741
1343	1.2946581	-0.65760147	0.74535008	7855.0788	71.300072	37.723941	0.033182172	0.14810354
1344	1.4053954	1.0774437	2.7018809	2746.9178	55.872094	33.693664	-0.01036586	0.02965129
1345	0.57530744	-1.1496363	1.8833603	3488.8165	51.96534	50.668772	0.0053368677	0.26954735
1346	0.3601574	-1.2248114	0.56944768	7664.8292	137.90421	87.731761	0.063734202	-0.0063816689
1347	3.6675318	0.28290374	1.232479	591.36055	21.587595	2.794475	0.039918883	0.041284373
1348	0.92100623	0.75430823	2.60021	314.65638	1.8481985	1.4349009	-0.10401522	-0.0087531194
1349	4.5574566	0.86596667	0.7508997	2029.3464	12.797412	12.757477	0.22143803	0.27028262
1350	3.3536058	0.59962858	2.4402572	746.83594	11.130742	8.4161463	0.094269425	0.0075383271
1351	2.4498868	0.79758711	2.1013572	5780.6794	68.743484	55.314189	-0.00416125	0.063254769
1352	5.324023	-0.6695493	2.4383138	3718.9235	54.35295	43.816449	0.07146918	0.39549182
1353	2.8418292	1.3510633	1.9708702	730.36834	19.191993	4.9116907	0.047477619	0.013345588
1354	5.7227539	-0.12869128	2.6105816	293.01604	11.992415	8.7425897	-0.41565535	-0.24123623
1355	3.7341154	-0.88809613	2.6404076	4753.9215	55.738564	47.412762	-0.0083683627	0.23453114
1356	1.7110076	-0.84764786	2.2953532	3803.5029	122.60615	52.184574	-0.075021319	0.029957199
1357	0.4141493	1.3806885	2.7109113	1322.1457	65.985309	29.802374	0.01670194	0.14093585
1358	1.5001886	-0.69504173	0.87719617	3269.8181	52.514009	32.370964	0.098211915	0.099687824
1359	3.9540334	-0.038634898	0.40095893	687.84432	10.640166	1.4266921	0.49799782	0.049526165
1360	0.91864817	0.20238727	1.2495857	2269.0304	50.689543	44.723664	-0.068555519	0.2366486
1361	4.5636798	0.88390191	1.4861527	5079.2998	59.77502	46.483583	0.15708132	0.25578826
1362	0.56522595	-0.14195608	2.5147755	3717.6901	32.330841	23.203985	0.3383078	-0.020495712
1363	4.4784703	1.1582995	2.941073	5138.6583	47.917378	47.328167	-0.015897143	0.19440611
1364	0.23632506	0.34810761	2.4660468	832.51494	11.83094	1.8074838	-0.015989153	0.14076492
1365	5.6663166	0.76607326	1.3349938	91.811324	1.5274525	1.4950743	0.090856095	-0.015450086
1366	3.6010766	-1.3329634	0.97731855	1724.0985	46.619631	23.036792	0.60095029	0.00081890289
1367	2.3812992	0.66748233	0.89509214	1147.8276	24.463483	15.012306	-0.5523793	-0.21685285
1368	5.3336578	0.79014024	2.8120992	5338.383	40.482672	34.72963	0.18346481	-0.10831782
1369	4.3338675	-1.4195761	1.9690249	1957.5597	46.119171	35.759913	0.091553675	-0.033866671
1370	5.5428622	0.17001681	0.61018577	923.16001	20.000468	1.5388003	-0.12960438	0.24015175
1371	3.2231581	-0.31529362	2.8416937	10231.022	94.051183	72.726801	-0.036994496	0.48533757
1372	1.8455855	-0.028277058	0.81085298	280.69581	3.3003657	2.5641103	0.17656414	0.20987425
1373	4.2065203	0.22838316	2.5263466	1409.6886	15.908977	12.218599	0.058294874	0.089216589
1374	4.5784431	0.16456453	2.9096965	587.6216	10.414611	9.8115139	-0.047995204	0.16248822
1375	4.3541498	-0.40767479	0.43390067	1965.3468	11.415287	11.320141	0.0050043755	0.51770077
1376	0.98051435	-0.53860816	2.618943	5806.502	65.074332	52.526252	-0.1145941	0.01167134
1377	0.35067132	0.28089606	1.2411951	1314.8991	39.578475	36.769446	0.43204869	0.08144111
1378	2.8901925	1.0312108	0.2777619	623.1051	11.683531	1.4525381	0.056301177	0.037491961
1379	0.054043863	1.1416927	0.77793498	2895.1005	137.94483	75.306311	-0.11397036	-0.05653226
1380	5.0707971	-0.9601564	1.2324084	1835.0823	40.40985	38.372091	0.27993235	-0.018956206
1381	3.5931063	-0.82401661	2.5759215	1517.1695	11.122501	10.549114	0.024038267	0.28280754
1382	3.5745119	-1.388954	0.20851994	480.24297	8.2515281	8.1085609	0.019367008	0.11887343
1383	1.887876	0.79443737	2.2422688	4337.2608	158.50995	83.515358	0.0073976346	0.057363695
1384	6.0435981	0.39291389	1.1709989	445.36439	42.270288	29.568625	0.19941003	-0.13201944
1385	3.9908341	0.20417957	3.0832564	1412.928	20.258695	6.3216662	0.00054009146	0.12402577
1386	5.3699966	-0.083734494	0.84934767	5117.9189	61.558443	60.014251	0.068974382	0.047105351
1387	5.0052829	0.91133097	2.8592482	9376.3699	59.35239	56.367913	0.065989193	0.24113159
1388	4.4044507	-1.2438625	2.5430356	430.61589	3.3734132	3.0632451	-0.061557916	0.35118807
1389	3.9056854	-0.087002972	0.72027694	2126.2407	12.954431	11.641201	0.20750654	-0.10103282
1390	1.4294651	0.25793589	2.053627	448.90655	9.1649512	8.554059	0.17480614	0.24316837
1391	6.1840249	0.37744929	2.4874794	2447.3825	35.180903	13.066362	-0.0066902955	-0.073357931
1392	0.58232798	-0.67145395	2.3526701	1555.8738	42.667639	38.969525	0.15582633	0.1837302
1393	1.0310745	0.63986894	1.3920111	153.49643	2.194317	1.5616952	-0.013480952	0.064344974
1394	0.44373402	-0.73310016	2.0308254	554.66576	16.491323	13.102063	0.023918771	0.018464431
1395	2.6290528	-0.32520094	2.1361375	983.64037	19.077541	12.716333	-0.047739674	0.0239363
1396	3.038325	0.17685921	2.5435042	4777.2621	80.270783	46.383487	0.057528017	0.21425225
1397	0.21190552	-0.11447468	0.57366035	5415.6153	54.84	49.99944	-0.42731528	0.23722194
1398	0.45763993	1.1862593	1.9566541	1296.5245	30.391369	27.600802	-0.1095568	-0.11001302
1399	3.5324259	0.6220673	0.54788142	1024.1536	9.6021402	9.1426626	0.029766143	0.1361106
1400	4.0536358	-0.57270717	0.89152629	1682.6805	14.374211	13.651673	-0.23281766	0.0024815959
1401	1.4063277	1.4731488	0.48555045	4416.1672	70.796667	39.45443	0.044003964	-0.4184986
1402	5.3154582	0.73955169	0.15395108	3336.118	95.785465	73.988804	0.22477145	0.082686226
1403	3.2863088	-0.34478848	1.5442047	191.86575	9.9714011	7.8130413	-0.017773197	-0.060653472
1404	4.9070518	0.48951077	1.4854001	2230.4321	41.020809	27.483677	0.42715038	-0.079824847
1405	3.3432552	0.086931381	2.0190024	218.28474	3.6807439	2.531633	-0.15172176	-0.030921124
1406	5.5789414	-1.0471449	2.2986898	646.71432	20.453696	16.789202	-0.12630033	-0.03487589
1407	6.1822415	0.43895642	0.45088355	3976.2529	145.28865	60.330881	0.0021288724	-0.20053669
1408	4.7447199	-0.61364926	0.42181942	2818.7748	64.592626	52.136725	-0.13789558	0.034468085
1409	3.0665024	-0.0019921513	2.3905147	2074.4263	40.344538	33.339133	0.13119218	0.27144519
1410	4.5009145	-0.349692	1.8871802	2151.8385	21.758803	20.88423	0.02564213	0.029049641
1411	5.3485983	1.4512587	2.6173337	599.06621	5.9092299	4.0647189	-0.044993969	0.0086269064
1412	0.56897903	0.8002951	0.59544244	5473.4621	60.393722	47.062782	0.37711038	0.10991013
1413	6.2514103	0.015397631	2.1725882	4050.9134	118.20592	53.257759	0.086967698	0.018194107
1414	3.0586475	0.87589648	0.36049582	3830.0845	14.394161	12.694831	0.049418244	0.018990722
1415	5.1232157	-0.94792478	0.31796429	5459.5909	59.156501	49.600757	0.11139793	0.18874992
1416	3.744085	0.27848136	0.30356985	4054.4655	37.299553	30.619202	0.08908502	0.017816673
1417	0.65547595	-0.94847703	0.60691841	3726.7118	29.348478	19.861765	-0.062207462	0.1241669
1418	1.6645442	0.20638244	0.62666043	4366.0866	68.2602	56.235381	-0.008366	0.13339885
1419	4.3727235	0.42286784	0.48725116	1044.5699	10.599512	8.1636837	0.35439739	-0.004280661
1420	1.5243058	0.31974618	2.6820286	883.8844	10.041117	2.1347255	0.083249411	-0.0041136251
1421	2.1010566	-0.76069593	0.94866714	2772.1553	55.970835	49.550975	0.30227993	0.29410907
1422	6.1542626	0.08344888	0.96659279	1935.2828	54.818773	48.35936	0.23124583	0.0037633832
1423	2.2304307	-0.30642157	2.9286401	2866.0845	32.311254	21.847462	-0.089949782	0.08144166
1424	0.75930473	0.35246945	1.5660027	566.56372	10.62572	10.603307	0.078509099	-0.0032896133
1425	3.4763135	-0.61609973	0.43612985	405.31269	9.8592148	9.4832226	0.17498935	-0.18222416
1426	1.5383272	0.66095415	0.31268987	707.07444	10.416236	9.6654859	0.0079978749	-0.21736633
1427	3.336533	0.38217204	0.80206724	1034.7545	21.376604	11.208328	-0.33229526	0.054328515
1428	3.1685988	-0.59014312	2.0642848	1197.4916	44.821524	43.142453	-0.051560603	-0.075013702
1429	0.88071199	0.69373723	0.75571341	167.40769	32.043564	27.616924	-0.16594081	0.003977415
1430	3.8070409	0.38137282	0.67069029	1344.2725	11.651967	10.425958	0.11921693	0.076182636
1431	3.6076595	0.34164598	2.2702503	3947.3108	43.274602	24.478024	-0.1481392	-0.019382385
1432	4.2899459	0.66291891	2.6324531	1380.4761	11.927368	8.6983537	0.022997071	-0.001336351
1433	0.084010314	0.10514335	0.282926	4796.7656	61.277017	48.316416	-0.15945366	-0.16454254
1434	2.5327123	-1.2281017	0.83471092	3655.5329	43.97752	35.47347	-0.0058528667	0.1056726
1435	4.4057971	-1.0502033	2.3516106	5105.1783	79.660593	72.569812	-0.22289785	0.0030681114
1436	6.0073116	-0.73901686	2.2722636	2113.5087	14.330992	11.726875	-0.032662438	0.12655314
1437	1.897342	-0.26882693	0.90480269	1429.7973	25.951741	19.785455	-0.0030964355	0.13998058
1438	1.7447704	-0.41843567	0.30795067	632.14745	61.55684	16.647117	-0.28935257	-0.07207136
1439	5.4041327	-0.86218028	0.52020889	276.88279	9.6954425	7.7133525	0.12056686	-0.27906468
1440	4.0762818	-0.87373333	1.3326608	3212.4527	48.760282	45.195467	-0.15342357	-0.039859594
1441	5.2319435	-0.21916736	0.27739243	1242.4036	10.697677	10.597941	0.0524037	0.0028577747
1442	3.7752867	-0.37621158	1.4596415	1833.1924	14.431372	14.313449	0.16162246	0.15119223
1443	0.14653097	0.87931153	0.6532381	162.63444	27.596015	26.243428	-0.15308766	0.13254813
1444	0.4626198	-1.2581098	2.2649589	597.07147	16.949325	8.9815054	0.1888013	-0.048087308
1445	2.6660635	-0.40494467	2.3536101	2113.4445	58.688943	53.326788	-0.094146023	0.17865235
1446	3.7063887	0.50015082	0.79573207	1855.8998	13.333158	11.491205	-0.0058393718	-0.0033103418
1447	2.4847838	-0.94646462	0.59096192	1910.5751	12.471335	11.624433	-0.012030612	0.031759283
1448	2.9289318	-1.0451893	0.15745898	1398.3773	15.080714	12.462664	0.055050983	0.022045584
1449	6.1861654	-0.0229306	0.68550574	3302.7969	64.241576	38.589577	0.094044754	-0.31521838
1450	5.443189	1.0010533	2.8434574	436.1241	9.3918453	2.5573318	-0.025274272	-0.14036386
1451	5.2265282	0.92702746	2.6505959	1129.4476	34.739663	11.220474	0.31388881	-0.021041988
1452	2.3357893	-1.0638081	0.66294281	6709.5492	67.208288	66.07133	0.024740571	0.017572778
1453	4.1319325	0.36812532	0.84921901	1984.1657	38.66996	34.571172	0.41643504	0.021242903
1454	2.3348715	0.61765001	0.54336905	1181.9639	11.09972	9.7868801	-0.030253722	0.030161148
1455	2.0623998	-0.81831566	0.71691203	1028.7172	12.436643	11.001379	-0.0093579141	0.12210322
1456	2.435936	0.15763749	2.9561273	2204.1296	40.353263	13.637606	0.60774066	0.083133435
1457	3.0010437	0.0066323141	0.75428388	1112.3228	12.703016	11.243999	0.009909754	0.066592918
1458	0.27978163	-0.31762578	0.67797614	2695.7675	39.782623	33.46952	-0.49289616	-0.045455663
1459	0.56123731	0.28159833	1.0181938	642.33678	37.620505	35.036053	-0.15635873	0.065112865
1460	5.8796764	0.13837441	2.5234823	2078.9833	50.425531	38.80029	0.17551023	0.18842571
1461	5.8248377	0.82910584	0.70317037	4145.0818	56.867858	54.830671	0.48011995	-0.0075541999
1462	5.7509448	0.12305481	0.57674109	1016.0609	10.952453	8.494863	0.41245129	-0.48419531
1463	5.6794623	-0.18059299	2.6547704	951.50593	16.964592	11.259528	-0.012439655	-0.054961177
1464	0.11500047	0.87490865	2.7704302	1173.2306	12.529213	7.9049904	0.18904808	0.12997127
1465	4.529807	0.04492337	2.8363672	4361.5742	50.912494	33.373688	0.31409846	0.13777893
1466	4.2822422	-0.13889695	0.53303661	4866.8331	80.041982	68.521478	0.21270884	0.11173822
1467	4.0660346	0.10069731	2.8577433	490.16775	59.209705	33.227994	0.054333548	0.0050291484
1468	1.2515148	0.88364098	2.2167481	2464.4479	41.790447	28.825896	0.5865549	-0.12540383
1469	2.3138404	-0.21525219	1.2574531	233.20119	9.1809572	8.3534281	0.12696297	0.0064937105
1470	4.5769951	0.60799412	2.5327309	4000.6532	59.935939	52.802696	0.46014783	-0.0065970739
1471	2.1067536	-0.88920378	0.94271044	1660.2879	38.490247	11.370601	0.074635099	0.00051388848
1472	3.699854	1.1882829	1.1735094	667.16334	17.956416	10.220233	0.021573761	0.061636064
1473	2.1126501	-0.72041655	0.71565377	2866.5761	74.831261	54.025042	0.049957983	0.018042396
1474	5.6766608	0.57362519	2.6665884	592.26122	24.606775	9.4650267	-0.03908451	-0.29694252
1475	3.9575667	-0.40500685	2.9175496	519.97682	9.7114704	9.1663236	0.15872402	-0.086031843
1476	1.6478675	0.62908598	2.7302202	317.31375	2.2977296	1.5530986	-0.020376533	-0.036114338
1477	2.1691343	0.81055828	1.8595365	3577.1106	130.56896	55.552395	-0.61447886	0.064966266
1478	1.2325795	0.90459339	0.79467713	7308.0546	59.320451	51.120576	0.23150844	0.076691358
1479	6.0821678	-0.1375673	2.3895377	239.98757	9.1681591	8.3932884	-0.13054177	0.079674421
1480	2.9898972	0.3268747	1.6333093	194.0333	2.7077383	1.4790592	-0.00042111387	0.0018959632
1481	2.4621904	-0.12057835	0.99088232	735.21461	11.748316	10.839705	0.097182805	-0.041385252
1482	1.8801761	0.58420927	1.8554534	2228.5582	37.071562	26.875088	0.15764768	0.04664735
1483	4.1805214	0.0038228264	2.4469735	1394.3429	25.792959	12.167444	0.13471219	0.32142826
1484	1.3722524	-0.83439817	1.0032329	3050.9976	43.188035	40.945484	-0.10301592	0.24715717
1485	5.7000112	-0.72119785	2.8224937	2553.2587	59.179058	31.461515	0.0029071162	0.29601444
1486	1.4750112	-0.5921541	1.3261853	3234.0443	56.129234	28.23196	0.37289749	0.34044225
1487	1.807396	-0.13065823	2.0595758	1515.0901	55.474483	33.766667	0.16050031	0.34950452
1488	4.2573167	-0.093235358	0.38190825	750.03929	40.587958	28.124926	0.044380837	0.16350852
1489	1.3000925	-0.13532569	0.12234249	4626.9619	59.965489	56.727202	0.009503757	-0.051401458
1490	6.1625761	-0.45308947	2.1928578	2273.3104	50.477503	49.108192	0.46953043	-0.24758124
1491	1.7134195	1.4339702	2.6828984	8862.8815	71.802321	65.57017	0.081893911	-0.0063695846
1492	3.2928107	0.95805541	2.5170368	2848.4523	33.912548	25.970391	0.073947208	-0.01504415
1493	3.9194096	0.93005171	1.9369113	2664.8297	16.901004	14.046636	-0.0081924756	-0.00059087727
1494	0.4473579	-1.1971566	1.0350462	432.67942	10.121845	8.0520594	-0.0053919059	0.020925464
1495	0.84043911	1.1003444	1.4152807	2084.3347	39.274192	13.082342	0.24032263	-0.089132625
1496	2.8531572	0.70500266	1.9002009	297.99202	12.971335	1.9568287	-0.27619924	0.19276338
1497	1.8883214	0.52690532	3.1178479	5568.6722	87.534598	63.224131	0.026258905	0.061117482
1498	5.6017477	0.077844187	0.48246588	899.1074	29.604586	29.087527	0.25959619	0.087362483
1499	0.78630271	-0.78396068	2.5116889	2120.7678	27.154688	10.793847	-0.14956023	0.047882896
1500	2.6804366	0.33863359	2.6046172	1609.976	16.611133	11.301645	0.0016045611	0.10465712
1501	6.1573419	0.27454824	2.1620742	3563.7698	67.758379	52.985013	0.17290176	0.011103175
1502	1.0285218	0.88012909	2.8299982	966.69066	9.3887484	8.7789586	0.13420644	-0.35706587
1503	5.4227033	-1.2869029	2.28912	3177.6498	72.823229	53.524808	-0.0085824437	0.22169488
1504	4.018605	-1.1140288	2.0057442	602.80993	38.804071	11.067973	-0.010724787	0.07689206
1505	4.651776	-0.7265923	2.3598186	920.60157	10.1652	10.037445	0.037748708	0.65899258
1506	4.7794155	0.606171	0.79262554	539.4048	7.5059967	1.3822355	0.16702675	0.15639381
1507	3.9212892	-0.77722607	0.2090167	5908.3224	166.02241	153.00942	0.091250875	0.040854825
1508	1.8124385	-1.2620773	1.172548	1053.791	17.352726	11.181815	-0.022530765	0.15771051
1509	0.57033187	-0.46266349	0.56520908	982.94409	24.289754	12.295835	0.11011857	-0.1180051
1510	4.2322578	0.27240443	1.1506182	1294.3789	39.898462	34.29029	0.022558313	-0.055229197
1511	2.9050626	-0.74565362	1.2668736	683.7455	19.111747	11.817729	0.12858592	0.13952813
1512	5.0733802	-0.4604357	1.7293578	1102.7523	11.141904	10.226825	0.10944827	-0.023347154
1513	6.0773387	-0.20956606	2.9132495	14724.292	199.97042	179.95586	0.067288591	-0.0093694816
1514	4.8133522	-0.82483442	1.3694374	462.477	10.011567	8.7067446	0.097283489	-0.053743354
1515	5.1619569	0.53199526	2.6591782	2068.9763	12.370823	10.297499	0.1378681	0.068338579
1516	3.2148891	0.7634969	1.8280356	705.5933	24.342941	10.281059	0.11603464	0.020030118
1517	3.0420788	0.29835246	0.1433039	775.75025	10.758945	10.333849	0.096021589	-0.28489582
1518	0.43230493	0.53104098	2.1878184	2055.1607	38.441868	35.821853	0.069810886	0.0013697393
1519	2.4144335	0.24757601	0.56842889	1755.5767	18.009958	12.065492	0.014143709	-0.02226406
1520	4.3328473	-0.53621259	0.47016833	1311.1534	11.565665	8.4617058	0.033925819	-0.28068856
1521	2.8269987	0.5688123	1.1770458	778.94575	11.594073	10.443726	-0.31456015	0.32303217
1522	1.7036701	-1.0379972	2.1625437	1107.9604	24.665031	9.0228729	0.032759747	0.078697833
1523	1.0392657	0.7372525	0.53407905	868.49948	12.15973	9.8369002	0.056765681	0.0089542036
1524	6.2541361	0.6715179	0.57410681	1004.751	16.146785	12.478542	0.0044717014	-0.014250451
1525	2.1407466	1.4010827	2.3197823	377.47268	8.0043624	2.3117291	0.1198713	0.078955513
1526	1.0645807	0.16911509	2.4057078	890.31142	12.573722	11.578893	0.016301982	0.032037864
1527	3.3112459	0.71250309	2.3725937	1471.848	41.158484	30.838911	-0.12565757	0.15670232
1528	0.90343163	-1.0784388	2.0266412	675.32437	11.206374	10.472141	0.25291699	-0.0055949902
1529	5.5382304	1.4189959	0.6058474	2458.6124	36.890652	29.704931	0.097844383	0.061315211
1530	3.5365591	-0.16906938	2.0995369	1840.6488	42.821118	42.409504	0.022086768	-0.039875275
1531	4.1886628	-0.13824329	0.62288858	728.19394	8.9760671	2.5397789	-0.087076075	0.073716526
1532	4.0116434	-0.088268955	0.4413302	2723.2732	32.383146	32.012311	0.021047082	0.037582143
1533	5.2182409	-0.43390762	0.9362536	2826.7328	48.218733	47.336407	0.026450703	0.13001626
1534	4.5694469	1.2613974	2.0352584	494.55801	11.892141	2.3947451	0.046034347	-0.11359166
1535	4.4826345	-0.50766612	2.580558	1039.4851	34.887791	31.637476	0.017603586	0.033841511
1536	0.83252269	-0.36014666	3.0389867	5252.1074	90.087364	67.506215	0.13048271	-0.31001437
1537	3.0241629	-0.65903062	0.86664913	5062.0711	54.098406	35.511829	0.063541906	-0.023972733
1538	6.0090849	-0.37412186	1.5158184	1078.5342	13.216088	9.0204514	0.025433252	0.23624082
1539	0.3000301	0.96963701	0.29598938	12616.198	85.82746	76.554427	0.059776806	0.05259275
1540	2.88061	0.051712063	2.5563395	3852.0626	74.209366	49.937095	-0.0029086292	0.14660673
1541	5.7820782	-1.2872446	2.4579535	818.28973	36.727988	9.200202	0.041431191	-0.067813497
1542	1.7077979	0.17262899	0.79502199	2889.8673	42.056985	36.669954	-0.082381336	-0.018569233
1543	5.5305759	-0.33071006	2.426131	695.82919	28.727492	28.646339	0.081329003	0.07516916
1544	3.0063112	0.67254097	0.50841364	576.39071	72.119886	1.6227531	0.069663188	-0.045529677
1545	3.643927	0.21097931	0.53443901	2087.4908	41.985997	20.532751	-0.072846809	-0.0045375278
1546	2.0528184	-0.93151495	2.6380027	2654.5855	13.36591	12.223719	0.10989662	0.070546983
1547	3.0146114	0.4215837	2.9149755	4687.6604	47.236827	42.614979	0.04548526	-0.036183599
1548	1.4640117	-1.0210551	0.5376855	2688.2205	22.846337	22.604506	-0.0043988933	-0.052833739
1549	3.8256465	-0.98835213	2.7559847	1591.0919	41.159665	7.8300181	0.10581137	0.10445201
1550	0.87820842	-0.14212513	0.069429618	1319.953	11.103825	9.0666189	0.2217678	-0.055083507
1551	3.731406	-0.60574875	2.3108692	2136.756	45.395355	37.374683	-0.043353279	0.067518313
1552	1.8215647	0.07608524	0.96021565	806.12846	9.9284048	9.3761669	0.36380725	0.17290927
1553	1.0863171	-1.3747837	0.29317299	1773.8018	46.683454	42.326455	0.31915898	0.055743683
1554	0.050479291	-0.49306008	1.7264341	1883.467	24.580554	12.070892	0.092824761	0.1269522
1555	2.7202497	0.82789755	1.8628671	433.1894	36.449502	1.9846121	0.081162006	0.24544759
1556	1.0564226	-0.55129575	1.3210721	10033.044	88.826685	84.091835	0.24585696	0.024098561
1557	1.0449098	0.91278209	1.2310914	775.15524	12.04822	10.282367	0.47116041	0.034956796
1558	3.0555572	-0.80758346	0.60429166	3118.4179	53.61295	29.281149	0.20860094	-0.024827986
1559	3.4958753	1.1827937	1.725926	3450.2588	87.97177	42.220962	-0.21529695	-0.030493696
1560	2.3218868	-0.17127642	2.0700959	1959.09	43.885506	27.072658	0.17403252	0.03826655
1561	1.2079901	-0.96835788	2.4578984	3735.6162	52.224931	39.771681	0.16717999	0.011800094
1562	0.55197956	0.68125023	0.29994333	2649.1402	59.186386	52.212328	0.23124583	0.0037633832
1563	6.1791136	0.079991118	0.6507727	1936.4067	104.81996	98.415437	-0.022630093	-0.045708863
1564	5.0210293	-0.88377584	1.5225326	223.65578	10.507493	1.6497263	-0.13433508	0.013787343
1565	5.7773937	0.45850899	0.89194186	3642.0628	58.296527	51.706711	0.15486726	-0.045273636
1566	3.7288553	-1.1786515	0.37027781	1220.5268	12.979717	12.615427	-0.059588339	0.054902529
1567	5.5264609	0.1981633	1.340778	1388.8297	40.653052	17.760749	0.26413424	-0.56014543
1568	3.8863079	0.9198891	2.2069249	202.62588	1.6754489	1.2642797	0.34589333	0.047220843
1569	0.20243004	0.52395574	1.2011677	157.45381	2.1410163	1.8938991	0.018178513	0.060425816
1570	3.8158105	0.067201117	2.900882	1081.4501	14.040477	12.541819	-0.0019631708	0.0082852873
1571	2.7132581	1.1198584	2.268045	1919.3925	19.696327	11.167793	-0.023010595	0.0091902419
1572	5.0927019	0.816679	1.0078187	772.8642	10.428521	8.1543882	-0.0092721389	-0.0017107961
1573	0.72321283	0.95995481	2.415806	1524.2419	82.194644	56.150659	0.019791226	0.24452487
1574	2.4951166	0.71881035	1.3193577	3264.4884	69.822564	46.751368	-0.021622878	-0.10731041
1575	2.5036179	0.021121274	2.5996922	3159.8997	71.769269	37.350024	-0.1534907	-0.051370585
1576	4.6769708	-0.73968133	0.82996732	6224.372	94.087524	56.114224	-0.0052001972	0.011305804
1577	1.4001808	0.6716376	2.0817718	243.15564	1.9487036	1.4168327	0.10215332	0.009552796
1578	3.0328347	1.2674505	0.091690376	272.34494	1.8072024	1.7198281	-0.037983899	0.0022452467
1579	3.04344	-0.26061755	0.12700497	279.21434	3.7725465	1.9764028	0.0062246344	0.16976953
1580	2.1523066	0.56011971	2.8177867	1464.0508	12.222237	11.195311	-0.038356369	0.14396516
1581	4.1202761	0.99355261	2.5868044	120.61475	2.0304318	1.3389116	0.024883756	-0.026183683
1582	4.0364756	0.053031315	0.22735515	4020.9163	61.589969	56.894308	0.24507354	0.043088997
1583	1.853501	0.80735524	2.2453541	1339.162	35.613447	31.695003	0.16751914	0.044339445
1584	1.091807	-0.32711823	0.65140238	448.25296	28.950919	27.327929	-0.03553531	0.0020415622
1585	4.0781763	-0.01426815	2.7987692	1161.4636	11.825309	10.853955	3.1871469e-05	0.094878433
1586	2.7222845	0.94386363	1.7777961	1377.7865	52.61124	42.61463	-0.0002038973	0.29210302
1587	1.827616	0.8935919	2.2778731	202.32698	1.3534235	1.231083	-0.00087689197	0.085154558
1588	2.0278255	1.2075781	0.81750116	214.2165	1.3945053	1.3402125	0.039360919	0.030287764
1589	4.2628589	-0.020496292	0.165383	2839.4363	24.968843	8.4927187	-0.17281526	0.11260333
1590	1.7329899	-0.87362157	0.8543684	441.92762	27.201072	3.6364972	0.042337187	-0.010076333
1591	5.1102264	0.23851781	2.7163346	769.04856	25.607311	2.113042	-0.024488515	0.005545439
1592	6.153735	0.35832496	0.4775853	1967.6444	17.009239	15.937984	0.0030475838	-0.33184948
1593	4.8700983	-0.60995514	2.3292619	829.82446	36.076913	35.285012	0.02638112	0.036757987
1594	3.6150273	0.27312618	2.31215	2026.0032	45.032582	44.595604	0.1362023	0.090076426
1595	2.104023	-1.2435191	2.8194823	1086.2297	6.980432	1.6845887	-0.040525354	0.057719021
1596	0.24179049	0.70834446	2.4884038	9393.6783	71.942617	64.344837	0.00076678463	-0.021168848
1597	3.3124171	0.96149206	0.42731321	1064.6077	11.274164	8.5509779	-0.1535147	0.43449308
1598	3.8908296	0.59254148	0.9590895	4782.6509	63.790809	56.127224	-0.12620512	-0.10497467
1599	2.3399324	-0.02140408	2.5246235	1142.9457	10.385495	10.202174	0.00067431511	0.36746221
1600	0.022700247	-0.2168487	0.79127087	2935.5868	36.81999	33.371668	0.0019613007	-0.041622217
1601	5.488359	-0.4690278	0.95828511	1458.6417	57.302314	47.249911	-0.11067016	0.021024031
1602	5.9455327	-1.0035823	2.7237754	1520.7623	69.58171	41.444519	-0.29251965	0.28371987
1603	1.8599853	-0.31869748	2.7874474	4470.3329	63.373297	60.337809	0.4203414	0.13253837
1604	2.0739562	-1.3008163	0.83528332	2154.3869	13.210865	11.907106	0.30404783	-0.10422307
1605	4.5193776	-0.25143723	2.5691435	2230.1841	18.719126	13.262586	0.0095476124	0.061797454
1606	0.2010914	0.37145013	1.0836948	1588.842	36.211887	27.089373	0.30239845	0.10021958
1607	3.8305595	0.55438319	2.0611048	2903.6373	111.82785	49.935056	0.26598044	0.018313069
1608	3.2460705	-0.033937337	0.37206112	5005.5812	53.957615	30.114492	0.14014046	-0.0637138
1609	5.684051	-1.1308854	2.7992823	4092.7307	64.895742	54.094996	0.15077109	-0.00052577549
1610	2.104411	1.2317206	1.5356856	222.35111	10.473509	7.3971852	-0.38307849	0.28159478
1611	1.0493835	-1.0929392	0.75585934	4057.8431	23.976023	23.50212	-0.083924833	0.18841833
1612	2.3139156	-0.42454032	2.4823763	631.45158	9.0552185	2.8843278	0.038157873	0.00019632623
1613	1.2739749	0.951561	0.79538862	321.69075	26.341701	1.378248	0.29049003	0.052563584
1614	5.5338836	-0.66225772	0.61506184	7723.57	57.882927	44.453553	0.26057662	0.074135247
1615	2.7443823	-0.35033801	2.7549409	680.33509	8.6026946	1.4430718	0.0017143946	0.011401712
1616	4.2954803	1.4231173	2.9031552	888.38716	12.634951	10.332267	0.031351063	0.38003342
1617	0.48921674	0.4762979	1.8800416	3026.2407	51.611944	40.035564	-0.056307975	-0.08414372
1618	1.1921995	0.64081096	0.45625468	4114.1552	29.136274	17.251596	0.0085494883	0.023275431
1619	3.1137853	0.52747844	0.76571612	2339.6223	38.878983	38.747035	-0.11364804	-0.0014935409
1620	4.0137634	0.73365134	2.4502796	2597.5807	89.717236	45.857088	-0.0467861	0.012447564
1621	0.27323478	-0.52040591	2.0895913	671.96949	12.187301	8.6402291	-0.0056985313	0.14539896
1622	2.7462925	-0.87514677	0.35387988	4969.2203	47.825861	28.997962	-0.099977564	0.11423636
1623	5.0200071	-0.73069027	2.3464154	194.26319	9.5399914	1.8002882	0.14154742	-2.8500588e-05
1624	3.7446316	-0.34716992	0.27070376	3954.3812	60.351432	40.71491	0.021436924	-0.040609962
1625	5.8643851	0.5496224	0.43650551	2187.7421	13.132513	12.642782	-0.099729123	0.077742154
1626	5.2877094	-0.24992631	0.29599372	2343.0857	44.398626	39.205744	-0.087573661	-0.03851257
1627	0.79363832	0.78129942	1.7832823	3991.7549	116.98706	55.464158	-0.03635872	0.065960455
1628	1.0212189	0.42876275	2.6727438	569.84188	2.0931421	1.4069644	0.079365398	0.054131264
1629	3.9955932	0.089617203	1.2315645	3202.5064	71.081592	62.534474	-0.091201251	-0.030418073
1630	6.1021241	-0.21436798	0.84310333	509.6857	11.186143	1.3434927	-0.29839742	0.17083738
1631	5.2810322	0.10371691	2.5511497	4380.9246	68.548033	65.714246	0.035448155	-0.10051716
1632	1.6345753	-0.45604638	2.5520146	3396.5779	52.190728	24.455041	-0.0017930818	0.16942719
1633	4.5197371	1.4544074	3.0501999	329.46972	1.4882055	1.273342	-0.29379571	0.049103858
1634	3.6581785	-0.046143593	1.0516474	1350.8186	13.203708	12.457149	0.030079891	0.090238206
1635	5.4768374	-1.0561037	0.18598949	4964.7566	63.037422	51.848252	0.22052944	-0.32465682
1636	1.2663995	0.18586042	0.70316707	2037.5186	13.566675	13.109744	0.11104844	0.003835789
1637	0.27388923	0.34411338	1.8928895	1703.5601	39.909586	33.955369	0.0026256082	0.023585621
1638	4.0925356	0.20099907	0.13056255	2011.3643	43.580118	35.204672	0.18108445	0.010411354
1639	4.2387357	-0.77504665	1.9544956	344.16995	1.3694663	1.2795914	0.15240174	0.090798608
1640	2.9694295	-1.1085003	0.90393715	2117.8581	52.618578	43.05598	0.084018724	0.0014745564
1641	0.20451145	0.11168057	2.5639947	2823.9453	44.649345	29.925787	-0.16576806	0.0098933318
1642	6.169275	0.44775865	0.55279698	127.79202	8.5409345	1.6001133	-0.060415582	-0.039000088
1643	5.518981	0.30374187	0.52652949	4084.0199	51.339487	40.164029	-0.0071625733	0.085603685
1644	5.6218918	-0.72773425	0.30783918	869.00486	10.085649	2.0605645	0.017853914	-0.11136946
1645	0.72449459	-1.1197404	2.4745977	271.98159	1.6070313	1.1583296	-0.013723432	0.14786541
1646	1.8333272	0.85860919	1.5179793	531.9033	9.1800021	8.668083	0.10913074	0.033654119
1647	2.1198081	0.016493766	0.71809192	6789.2117	64.414544	60.133157	-0.19061004	0.051622585
1648	2.3618561	0.70619191	2.6958795	4206.4853	39.390807	31.857914	-0.023782826	0.0045766313
1649	1.4716592	-0.35806935	2.517351	3745.1109	56.347607	34.742846	0.14615369	0.086750717
1650	5.599997	-0.26716011	2.5258241	2928.128	73.656113	58.757878	-0.0029756203	0.40521311
1651	3.1618046	-0.69183762	2.9474764	3012.4878	59.204743	52.393392	0.15283608	-0.0042619463
1652	4.689258	-0.91550182	0.85843998	5313.8568	48.06698	46.384339	0.106398	0.3310962
1653	1.8274471	1.4954786	2.3757355	12182.536	106.42934	92.634782	0.31475231	0.34865622
1654	3.0201872	0.90361127	0.45188058	3107.7822	28.631668	18.596358	-0.10099597	0.0028363932
1655	4.8453858	0.8303618	0.50073082	797.395	50.188318	47.758539	-0.01311359	0.24004336
1656	4.7315724	0.89226833	2.5931851	343.20599	1.3528158	1.1879637	0.081692829	-0.20834239
1657	4.3716433	-0.076223065	0.12682134	1340.7644	12.800982	12.144543	0.012245491	0.0052042665
1658	5.7097058	0.98180629	2.7227313	975.05955	10.567583	3.5353616	-0.13424573	0.12431879
1659	0.015597052	0.82415387	0.5718458	1862.0257	28.488317	23.635316	0.016068345	0.23524086
1660	6.0455641	0.27367184	2.4387865	975.34635	22.881114	19.381072	-0.034261083	-0.051623506
1661	2.3808462	-1.3068501	0.48687153	6078.4483	76.930705	57.485283	-0.037333205	0.056298317
1662	3.9341055	0.75555235	2.3906792	5270.1963	46.328467	29.247072	0.15263517	0.030848215
1663	1.6994836	-0.73561053	1.1991745	2288.9033	28.252444	25.695112	-0.22875784	0.0040338429
1664	4.9483805	-0.86574926	0.076874384	1697.7623	11.612703	11.609447	0.12049513	0.0075294615
1665	3.0972005	-0.47631425	1.3346495	1247.9756	41.858241	30.197726	-0.038261619	0.0082035559
1666	3.9792486	0.4481052	1.157822	3310.5134	96.87905	40.791952	-0.0027128321	-0.27607935
1667	3.5967314	-0.14109161	1.8658058	2457.8928	55.704555	30.713233	-0.012849892	0.26806944
1668	5.3027388	-0.2787989	0.8757807	490.90288	2.1904067	2.08913	-0.043179311	-0.0058441975
1669	6.1025197	0.054785153	1.1541636	1543.6811	41.42846	29.024917	0.09683169	0.1010018
1670	5.098269	0.22080618	2.9778429	3654.0598	55.328302	39.800037	0.038424219	0.3050209
1671	0.49517877	-1.1109196	0.76952918	2797.855	56.203231	44.941234	0.038082252	0.0032014867
1672	5.6479722	1.1285198	0.63154809	5992.5548	154.69503	137.38732	0.024453809	0.29745454
1673	4.7077599	-0.81955829	2.0917197	487.11984	9.5758996	1.5884544	-0.031943273	0.069804496
1674	3.1366478	1.2752081	0.72174819	1678.8345	29.481736	29.425502	0.022758368	-0.014721123
1675	4.8562224	0.58998873	2.3668128	1781.4248	29.61415	28.591577	0.050216332	0.019064972
1676	2.0814449	0.89922656	2.4805385	812.60055	5.8995925	2.4531127	0.12403088	-0.067442172
1677	1.4717404	-0.34926587	2.6868871	1583.9534	14.676812	12.25002	-0.24401512	0.10432652
1678	5.8384977	0.4387782	2.0932909	4523.3004	56.900751	51.389205	-1.8564299e-05	0.27143304
1679	3.7348201	1.0422059	0.89939678	730.40282	11.073296	9.0567004	-0.000381763	0.0087208471
1680	3.6926877	0.25500479	0.30866789	862.30663	36.978813	1.8805896	-0.030312014	0.0025073386
1681	5.2655621	-0.34514718	0.97660852	1047.0099	37.655873	21.897567	-1.2734521e-05	-0.0013189485
1682	5.604978	0.4003862	2.3704318	564.31584	9.6129267	7.0663188	0.007021527	-0.15961927
1683	0.71610985	-0.61718525	1.1910299	2389.5474	46.604123	27.596028	0.068099784	0.0094569158
1684	6.2614786	-0.19035609	0.80439773	836.27488	29.802339	28.289892	-0.04477828	0.29372602
1685	3.6376968	1.0533482	1.2273989	518.85928	11.353062	8.2996997	-0.089635969	-0.02311316
1686	4.3058554	-0.41590565	1.3786596	1153.4927	49.882228	33.860919	0.030457585	0.0086262318
1687	6.2220974	-1.2854904	2.2742731	1071.7483	28.826887	15.580872	0.083396098	0.040610238
1688	3.4705699	0.75860607	2.8199056	2864.1594	47.174404	44.883627	0.087229984	-0.074547012
1689	1.6649402	-0.76112386	2.4657047	5227.0385	62.188906	45.104534	-0.084123239	0.0014650884
1690	1.9846038	-0.49660603	0.74157008	5145.4823	60.571538	57.108939	0.18248075	0.00011915003
1691	5.6781295	-0.61783497	2.432043	289.60211	10.134942	9.7212911	0.25464375	0.042136514
1692	2.327159	0.68918955	2.9332854	2620.2882	22.726249	14.615309	-0.069192555	-0.027643788
1693	5.8841675	1.0190297	0.16242353	9576.9799	82.984621	74.874456	-0.010228247	0.094878807
1694	2.6799977	0.91583666	2.8689696	1193.9647	10.875182	10.289765	0.015109794	0.039018118
1695	2.4096754	0.27763906	2.7340423	4553.7149	53.11153	37.660137	-0.0057553205	0.089338303
1696	5.5942748	0.50653818	2.2386952	501.90448	11.414337	5.2753571	0.046340439	-0.0069025041
1697	4.2461318	-0.03996169	0.61942213	1572.5327	36.81798	12.822912	-0.081261855	0.058286473
1698	1.390459	-0.21469576	0.76145864	2911.8239	42.005583	35.991839	0.062950194	0.13065587
1699	5.0360769	-0.56178241	0.46294585	10212.12	200.52211	125.71826	0.25390427	-0.0070679215
1700	5.9540646	0.067201522	0.72694214	1762.4455	101.52434	35.346362	-0.0022165394	-0.04951914
1701	5.7469744	-0.59501531	0.93399796	1882.6224	44.311969	35.736776	-0.10093439	0.03361134
1702	3.3501267	0.75892351	1.6412864	579.49521	9.4741093	8.5341215	0.17557037	0.13432936
1703	5.6467952	-0.41655079	2.2517887	1209.7005	9.4609111	9.2344053	0.032721646	0.087367858
1704	4.9339658	0.31833387	0.63934434	1262.1814	30.066056	24.963399	0.00099060849	0.0023496249
1705	0.96858705	1.1292986	2.1517877	601.65117	10.971225	2.0775215	-0.15599816	0.12475571
1706	0.029667204	-0.18919856	2.9607155	1870.0748	42.738713	34.475207	0.1076572	0.01670993
1707	3.8221945	1.2424594	0.45932025	2202.2448	13.406775	11.337328	0.026420878	-0.040157255
1708	3.6176179	-0.066581039	1.0221718	3612.9232	59.971224	44.077351	0.0058066469	-0.075647642
1709	1.1575599	0.73737674	2.2627191	694.5203	10.091687	9.7696905	0.074282968	-0.15104831
1710	5.794462	-0.11442131	1.0033803	701.86998	23.087069	9.0378317	-0.3609056	0.074004291
1711	1.740771	-1.0595337	2.5139904	534.34281	1.4602872	1.4218276	0.15919366	0.024908475
1712	1.2880272	1.0456438	2.8626611	358.02529	1.8936939	1.7388651	0.12861099	0.092924971
1713	4.6941615	0.22125918	2.5043594	1310.0908	42.524679	41.328728	0.38288017	0.11974058
1714	0.64847841	-0.45320283	0.40244263	1326.6495	10.934761	10.791567	-0.059859761	0.001748999
1715	1.6585804	-0.78389629	2.7490815	1310.4409	11.549762	11.175986	0.29751497	0.017566706
1716	0.83693011	-0.18706057	0.89859933	2295.8313	125.30133	93.517598	-0.086702989	0.026374878
1717	0.3603589	0.23690539	2.2797495	90.510475	8.2679515	4.1275643	-0.016331071	0.11746848
1718	3.1304934	-1.1651044	0.77540554	2700.7831	72.713749	53.561496	0.066765435	-0.12101855
1719	0.94823927	0.20685414	0.56761808	763.39314	35.556936	9.4201818	0.081223076	0.0088615468
1720	3.9373787	-0.57403373	0.94267161	2479.2064	54.693049	36.41419	0.22118771	0.041675641
1721	4.5585745	0.072845463	0.54674102	361.43497	2.0912915	1.437261	-0.18412748	-0.016759599
1722	3.856746	0.0048570627	0.51210504	1724.362	5.1050786	5.0694864	0.11183086	0.087541232
1723	3.189345	0.63920408	1.192886	1557.1999	26.506285	20.59405	-0.18766934	0.10806497
1724	3.1889791	-0.75387768	0.35827351	6107.0309	70.939705	67.533733	0.0082355285	-0.057906516
1725	0.0034038988	0.71178088	1.719626	135.36613	1.5763459	1.497433	-0.081285716	0.096038086
1726	0.56528418	0.51913254	0.62396567	3501.108	48.852968	40.182662	0.01707858	-5.0145764e-05
1727	4.6772619	0.62448075	2.2798792	2393.7197	131.37547	69.662652	0.077599878	0.27985643
1728	5.3336145	-0.64246078	0.95247871	421.43068	6.6791688	5.4564946	-0.094978873	-0.014645905
1729	1.4875475	0.24235883	2.5139059	982.31846	11.096519	3.1527415	0.10286144	0.2686144
1730	4.0971001	-0.098347683	0.37780396	5073.6231	39.532243	37.622069	0.12685199	-0.056467466
1731	0.0251977	-0.85344091	2.3070993	338.67156	10.471723	8.3197768	0.21682013	0.052572649
1732	2.2572397	0.15474541	2.4540244	647.35118	8.7224845	4.9277891	0.2860048	-0.008594121
1733	2.93474	-0.83165761	0.43257582	1998.3692	20.767896	15.730852	-0.17356159	0.055840149
1734	5.6298992	0.80664128	2.5207545	1128.5098	12.310118	10.930846	-0.046297166	0.031344393
1735	5.2597365	-0.23106002	1.7903436	1164.6431	17.994607	12.502881	0.023175146	-0.035192397
1736	1.7200887	0.42122924	2.6445701	1166.7574	11.466736	10.79937	0.14589118	0.18283109
1737	4.679091	0.73022623	0.12040285	2957.4629	14.965222	10.967046	0.095445024	0.24078371
1738	0.72932518	0.76853439	2.5919435	1280.1141	13.783565	12.092098	0.096588462	-0.089940756
1739	3.6845846	-0.40360489	2.5388099	1596.2414	31.726036	24.978074	-0.21249311	0.060468726
1740	3.9839369	-0.2160666	0.55612349	2158.1697	43.981754	37.820037	-0.25896516	0.19338454
1741	2.1676802	0.31491608	2.1286706	279.86462	1.7151525	1.4108123	0.068999193	-0.14599661
1742	4.3730244	-0.94008424	2.4523159	4836.673	61.988423	55.158418	0.65163983	0.0016152495
1743	2.815543	0.73297407	0.51900634	3914.7335	54.458566	38.372189	0.077198596	-0.00028109852
1744	5.9723356	1.3147616	2.6114605	1770.4718	12.205096	11.239433	0.24093248	0.063767744
1745	4.9222797	-0.58412722	3.0294824	3989.5702	53.336922	50.477014	-0.00047438674	0.09603347
1746	3.5293414	-0.14400725	0.34997673	7477.5847	158.04519	145.06435	0.048307371	0.4453423
1747	1.3930839	-0.47399899	2.6664855	5469.8028	92.791222	74.483088	0.037757957	0.18900345
1748	3.7327564	0.59731856	0.60736451	2138.6394	43.345244	10.699716	0.073299975	0.1317576
1749	1.7433138	-0.4737675	1.1331499	1840.4698	36.430785	12.400419	0.069207298	0.37806166
1750	4.1386094	-0.064657974	2.3812182	505.51073	41.418151	36.692777	0.10804317	-0.31226632
1751	2.110974	-0.3606824	0.65702184	594.15205	32.745266	32.423525	0.072280686	0.57235161
1752	4.6213889	0.55833951	1.8399395	437.44325	9.0401884	2.1256292	0.0093931703	0.047872509
1753	2.695958	-0.085833791	2.2445144	437.46752	38.760337	12.018811	-0.10202598	-0.047364181
1754	4.5485228	0.52111534	2.96505	2302.6991	53.33735	40.366729	-0.035124877	0.4227151
1755	3.0348225	0.076118141	0.79739905	2406.9738	46.836676	31.559179	0.0055663211	0.002237052
1756	3.0539675	-1.2644571	2.7019156	489.64378	2.1354292	1.3047024	0.092745653	0.1173561
1757	5.1872354	0.31055497	0.68941104	2554.148	18.623989	12.519179	0.21987218	-0.23490677
1758	3.5966075	-0.36140977	0.72093344	3087.2962	60.893296	56.612957	0.36593691	0.00017270232
1759	3.4999306	-0.58717061	2.4863021	428.64175	10.295238	2.0011911	-0.011333086	0.19092077
1760	3.4956884	1.0079202	2.5281895	2392.322	13.45045	12.098573	0.33145152	0.38252933
1761	5.7011717	-0.55687579	2.741299	4293.7233	50.227855	49.710658	-0.077548582	0.044323634
1762	2.9123763	1.3097805	3.0494231	1693.3237	11.085586	9.5359368	0.029302136	-0.0014803577
1763	3.9918656	-0.73431124	2.5808931	907.55516	25.595976	13.281753	-0.040741057	-0.15142163
1764	0.16842772	1.1265897	0.3619813	1695.4509	12.261562	11.782475	0.015433688	-0.27555594
1765	0.85859765	-0.52381123	1.1041921	3504.6262	54.243526	45.055836	-0.00047974036	0.040173001
1766	2.7120898	-0.95254617	0.29911148	1892.975	42.260134	32.767448	-0.032839099	0.10344017
1767	4.971347	0.07627745	2.225522	1355.0719	35.347055	35.332319	0.07516266	0.039734859
1768	0.86716887	-0.6312174	2.2616235	1874.6485	18.824457	16.251903	0.14845049	0.2788239
1769	6.0838141	-0.13404579	0.25475383	2385.3843	49.823554	20.383531	-0.12537048	-0.017799488
1770	5.5848245	0.84110907	2.1572863	1160.717	45.079688	32.625317	-0.058873792	-0.1315058
1771	3.9194969	0.0086594669	3.0494968	3002.7996	14.532603	12.129413	-0.076896714	0.053235571
1772	0.47907445	-1.080471	0.49185771	2212.8834	45.022697	35.991688	0.044173408	0.4212564
1773	5.5497327	-1.2589234	0.41686392	3287.6105	57.109986	54.145236	-0.10827828	-0.0032872238
1774	3.0347388	0.39602618	1.4341836	979.00839	34.93657	33.110765	0.020187193	0.53627831
1775	1.9507471	0.24957307	2.4503283	2310.4581	32.053629	30.501503	0.12483869	0.34409853
1776	2.0777613	-0.59447055	0.23179542	1307.9349	11.367799	2.3871583	-0.056792663	-0.020431245
1777	1.3144636	-0.52410156	2.8945851	2004.2932	21.84329	13.617317	0.40300183	0.0035427473
1778	0.36096865	-0.76442467	2.9049657	6876.3313	73.623613	32.30174	-0.060598321	0.16056315
1779	6.0848726	0.40539575	2.3285075	1347.7375	11.847824	9.9915629	-0.018228212	0.12370375
1780	4.7113417	-0.72208681	0.18257639	2278.011	12.77429	11.857413	0.085910284	0.13835508
1781	0.75106833	-0.5886024	2.8596788	4041.3041	15.587208	13.509517	0.0014523103	0.0038954206
1782	1.9959205	-0.15702322	1.984696	2124.3549	44.41544	37.157302	-0.0064921539	0.021689601
1783	1.450573	0.30272779	2.5975659	395.04649	9.6464243	4.4822256	0.091462798	0.15063232
1784	5.0979256	0.68267848	0.50936063	435.77116	7.8480773	3.2526419	-0.13077752	0.078102138
1785	5.81752	0.88829227	0.42496996	704.98182	21.236407	10.437718	-0.010686143	0.098824314
1786	1.1750349	-0.11739555	1.9991964	2162.8724	49.726793	37.849603	0.28762501	0.033580872
1787	4.9914301	0.50666639	0.2167517	566.26332	14.601126	3.7251844	0.045274168	0.021853584
1788	5.0905493	-0.048504577	2.6274032	545.81038	10.928396	1.4705008	0.041140384	0.010540341
1789	3.2900537	0.52361585	2.4585475	9805.4077	100.96778	87.312065	0.01989893	-0.0035741353
1790	3.894679	0.010611005	0.69588954	4905.1872	58.372703	34.969746	0.1510464	-0.0552813
1791	5.3209361	0.3329362	2.5266651	808.72307	42.921711	22.350093	0.38616477	0.039597487
1792	5.6566925	1.0111788	0.3753002	3272.3391	28.256312	14.722492	0.18009111	0.28915604
1793	1.5714846	1.3227188	0.22935382	1374.3371	9.550545	9.2477163	-0.050784608	0.13247907
1794	4.0542013	-0.76078035	2.1693114	200.61999	1.2795778	1.2148781	0.073010324	0.20432544
1795	0.28365125	0.33646616	0.78910127	3360.9376	65.762345	32.272439	0.008442223	-0.33393231
1796	1.7193038	-1.3021668	1.2150819	1667.8241	65.517161	46.037369	0.1079537	-0.3173809
1797	5.236917	0.84923673	2.1052533	312.78891	8.5519156	2.7950423	0.043738537	0.19264517
1798	4.8361945	-0.41360205	2.4716285	1802.4467	41.940175	32.97872	0.22943338	-0.46285972
1799	1.1754651	-0.34141023	1.8664241	1333.2083	12.894332	4.8756591	0.01053444	-0.0074186355
1800	4.1110091	0.28205368	2.984701	296.45177	1.621658	1.3491626	0.012449628	0.021708874
1801	5.6968059	0.06119792	2.2742171	1565.5233	40.573278	33.646899	0.10430576	-0.0088106756
1802	6.1957621	-0.36117238	2.699282	463.08984	2.0611012	1.2569703	0.061307947	-0.22938532
1803	2.2588806	-0.50213204	2.6801288	3207.6026	50.459871	47.303844	-0.050882306	0.1012996
1804	3.2442824	0.62823449	2.384419	3574.695	47.800418	46.77258	0.06373125	0.076078308
1805	4.4252561	0.17400898	0.88702078	2256.4638	60.053742	46.011585	0.043230054	0.14008775
1806	3.6628555	-0.17794546	2.5140687	1606.7397	50.806202	42.35041	0.15077109	-0.00052577549
1807	1.7536209	-0.55475575	2.708473	2330.4205	49.063376	41.724027	-0.1969271	0.016302221
1808	5.5478996	0.12728149	2.8273421	4247.1217	51.854656	45.72191	0.30897848	0.0033733371
1809	4.6069029	-0.25667519	2.3516191	490.3115	10.354845	8.3893437	0.027679156	0.086800988
1810	5.8410253	0.54768044	0.95046965	1577.1654	41.449297	30.638905	0.20279225	0.13719203
1811	0.63752768	0.010836531	0.52724203	3905.2832	59.444874	49.506346	-0.1340101	-0.0072200971
1812	3.1101992	-0.14704423	2.4758335	604.23818	13.951831	1.5155537	0.17636322	0.07455941
1813	3.8944568	-0.40809086	0.4457801	5090.1794	80.166024	48.924854	0.067556147	0.060375679
1814	2.5196514	-0.37247746	2.6370858	1942.3068	44.505113	10.085317	0.1637711	-0.093247826
1815	4.5308407	-0.82721229	0.37396833	1322.1413	10.506666	9.7830601	-0.041246946	0.13484156
1816	5.9404418	-1.1106083	0.21067544	4511.5386	41.229993	32.974233	0.0014005046	0.073499779
1817	0.62120423	0.66975425	2.2554327	4329.7996	58.356905	53.700763	-0.064184118	0.02964886
1818	4.4067115	-0.1243225	0.86102005	3016.9771	58.876425	50.597604	0.25074735	0.13147351
1819	5.9037537	0.95385345	2.2710096	2219.1592	42.113427	36.044517	0.00090298195	0.21178211
1820	5.0852679	-0.59431482	2.6486451	6772.8271	81.993154	70.381296	-0.040771304	0.21581431
1821	3.9915415	0.77447994	2.4233119	5212.08	63.77573	61.950674	0.003381718	-0.1494386
1822	2.0218078	-0.70993714	0.38917456	3050.2171	15.249285	13.852753	-0.0038481426	0.18322728
1823	1.670462	-0.4497059	0.21499069	5205.4268	54.378855	44.788013	-0.14385061	-0.19111996
1824	2.7638794	-0.56909821	0.18204619	2460.1683	13.000124	5.7848651	-0.0059122802	0.17899764
1825	3.7105077	-0.56502901	2.3693121	3436.4863	72.588064	57.58764	0.0069266376	0.16331196
1826	2.0872232	0.071357949	2.8794485	311.55915	1.2700074	1.2636855	-0.0073292536	0.11755403
1827	0.012519544	0.15179858	2.6229298	1940.7383	13.292989	12.125135	0.13499975	-0.036911754
1828	0.94745486	0.55132029	2.2291099	1038.1989	10.936408	10.507247	0.034423176	-0.012541291
1829	1.1213028	-0.87968434	2.7309938	394.2469	9.9786896	5.9814646	0.054445798	0.0024532899
1830	2.0433884	0.38205795	2.6147959	6220.2402	128.40798	69.256241	-0.090913862	0.063273746
1831	5.6936121	-0.88133607	1.6083904	462.20431	10.279727	7.9747897	-0.06660154	0.14187411
1832	2.1088076	1.0236516	0.65371023	5193.0009	33.342449	26.528852	-0.0029628471	0.015090676
1833	4.050861	0.72179103	1.9267422	1287.8674	10.830412	10.444995	0.011355195	-0.013302403
1834	3.5251681	0.38607024	0.47071708	3108.5286	15.036454	14.144862	-0.41821853	0.12242291
1835	2.7058714	-1.2546797	1.8436353	1609.9608	42.132202	31.136339	0.57358367	0.022007911
1836	1.8154906	0.43331262	2.2315227	3018.656	57.676548	52.440066	0.10725569	0.00076414038
1837	5.8595264	-0.31521332	0.26992974	3256.0334	46.15137	39.520284	-0.021295428	0.18410474
1838	4.8005432	0.9157372	3.1069902	4940.6379	85.488441	63.750335	-0.021533827	0.12702436
1839	3.8930946	1.0587712	1.0709939	1089.1439	35.767934	27.003244	-0.12395889	0.029380061
1840	2.6280647	0.083997752	0.96967032	1623.8427	30.295714	29.640992	0.00057033097	-0.044666494
1841	6.1495755	-1.1547325	2.0261023	515.36604	10.013289	9.8374977	-0.0017231745	0.045385142
1842	0.8618136	-0.18685317	0.76886298	3786.4471	56.195842	56.092347	0.32918945	0.05913284
1843	2.269867	-0.97365929	2.2614808	2245.4675	41.224332	37.905197	-0.049261287	-0.068352777
1844	5.8845097	1.1232085	1.9059116	438.1041	6.5671482	2.8124155	0.11487186	-0.10754071
1845	4.3676988	0.010184228	1.1495532	1043.4545	36.929911	27.300599	-0.0035334403	-0.012108811
1846	3.3903664	-0.52777188	2.4987637	1053.4506	42.981738	41.356524	0.050328816	-0.0012008403
1847	0.82927417	-0.96210475	1.1591013	738.38404	11.122171	10.612577	-0.029992832	0.21728914
1848	5.6398465	-0.32513377	2.6503841	4780.3583	35.225359	15.047072	-0.051720582	0.009328233
1849	6.2036477	-1.5409257	1.1059406	1142.7029	47.422182	32.068022	0.038161334	-0.0018604531
1850	1.2169118	-0.93918266	2.2080415	2249.3537	12.742501	12.466243	-0.070775905	-0.14602503
1851	2.2109131	0.12253653	0.31323376	4202.2381	41.64392	16.642143	0.011989981	-0.11363764
1852	3.9801213	-0.99151438	2.1973362	232.7132	9.2828394	1.8123565	0.028076963	-0.038227253
1853	5.0666817	0.25038976	2.5390557	3821.4085	32.0846	26.712224	-0.0033557423	0.038627357
1854	2.131356	-0.47229601	2.5101193	1258.1485	24.635353	23.904052	0.28232848	0.12249304
1855	2.118717	0.65747958	2.3444473	6103.576	118.38839	71.240465	-0.74947179	-0.14582688
1856	1.7494671	0.92857477	2.3275248	2586.0605	48.826129	28.029784	0.013100398	-0.035488386
1857	1.1663444	-0.17268877	0.17786558	1325.8632	36.405421	26.403706	0.0366464	-0.023382153
1858	1.762822	0.13524488	2.5429304	3282.0439	42.565541	34.334529	-0.0058528667	0.1056726
1859	1.8287011	0.27812478	2.4228169	1541.5781	11.933124	9.5841804	0.10237831	-0.0049392547
1860	4.0634851	0.060274065	0.33498833	5030.6917	87.785875	64.198818	0.12807993	0.32365662
1861	5.4114461	-1.0524192	0.39164774	1439.3433	21.964281	13.398815	-0.1112677	0.10482114
1862	3.13083	-0.019590453	0.6770777	1689.2529	30.639723	8.927014	-0.011586279	0.10308633
1863	0.14310433	0.27680258	2.4783013	1467.2951	10.940717	10.682717	0.16763833	-0.070434822
1864	2.2989982	-0.83926778	2.6846649	2458.463	37.094755	29.271942	0.68635038	0.12067735
1865	5.9641257	0.25676362	2.2361463	298.10468	1.764299	1.6365249	0.20932733	0.0075453596
1866	0.30710396	-0.79716181	0.78270698	535.19476	28.058598	10.699363	-0.014387203	-0.072672661
1867	3.7150732	0.10753077	2.2673162	1227.0702	40.0945	40.00824	0.10344725	-0.085426055
1868	3.0678856	0.34997732	0.83736138	6116.7253	128.1647	66.671508	0.0079227192	-0.035831981
1869	3.5967975	-0.48193982	2.7953885	2052.7229	11.737315	11.615646	0.20694484	-0.017522137
1870	2.4425675	0.73663427	2.9843946	1357.8937	28.919779	26.109717	0.0021610258	-0.0043393945
1871	4.5779621	0.37249783	0.18402603	2453.0925	43.4755	26.680086	-0.0012034022	0.082059413
1872	0.20064497	0.38147848	2.3402884	904.0563	19.650044	12.177225	0.035974651	0.060076397
1873	0.40081716	0.39684707	0.99575787	1099.7584	38.970019	33.308003	0.02131228	-0.092484823
1874	6.0483553	0.46803034	2.8553769	487.88946	11.356739	1.5691906	-0.080863667	0.0041566102
1875	1.3164101	-0.0644138	2.655085	589.18084	6.9475605	2.3028413	-0.010615364	0.092276393
1876	3.647811	0.61461207	2.5896563	3428.6215	16.755792	13.082756	-0.0081390046	0.029664662
1877	3.2128046	-0.4195874	2.7580439	1873.5149	41.667468	31.096909	0.17362135	-0.076754071
1878	5.8873758	0.76013408	1.1296629	190.29018	5.0006739	2.3992225	0.091458787	0.048238052
1879	0.64881806	0.78418061	2.5583712	1595.5686	9.6842193	9.4857667	-0.15247322	0.023178721
1880	4.073118	-0.3143991	0.66402761	1981.6697	34.231256	33.755691	-0.0021997081	0.27998366
1881	4.1180785	-0.017242802	2.8269416	1049.3069	8.2806864	2.2149952	0.42441818	0.035085895
1882	2.086634	-0.068639598	1.1710931	1812.2685	50.312982	49.924237	0.096229125	0.025345722
1883	3.7034661	-0.77408526	0.093934334	2642.8141	14.316437	11.26153	0.39660807	-0.01715711
1884	1.3676128	0.38317766	1.4251644	806.92524	12.054162	10.325143	0.040733844	0.023524224
1885	0.39731516	0.32092738	1.353421	441.78327	10.963948	9.942426	-0.43340375	-0.080919407
1886	1.6428832	1.0394928	2.8073845	2085.35	41.768502	16.300627	-0.090962314	-0.12544196
1887	3.4253403	-0.77541581	2.3792424	1545.4975	11.637051	10.829815	0.041308134	0.41219328
1888	4.7261579	-1.4565613	0.50342535	566.87384	10.715659	3.3592492	0.083888731	0.068810213
1889	3.8011835	0.30357136	3.0485023	4285.0477	57.331417	53.128538	0.083298522	0.047663533
1890	0.11159166	1.0737754	0.85038233	801.93751	35.133859	34.844406	-0.10103194	0.37715343
1891	2.5624647	0.21466938	3.0578312	3382.7228	50.778396	46.646248	0.10647122	0.29720819
1892	2.3628821	0.74805495	2.4432546	1004.8913	10.914872	10.611339	0.010215838	-0.23859259
1893	1.6109737	0.51026205	2.6731724	1725.5173	13.032646	12.044161	0.20395412	0.074977146
1894	5.3476641	0.16929233	2.5373469	1806.6437	42.635167	37.258622	0.053842191	0.21582133
1895	5.3287125	0.030772016	2.0464061	1465.013	27.682549	12.928826	-0.01873986	0.15143301
1896	6.0719671	0.95990034	1.6193403	117.87816	9.5624425	1.2090854	-0.073142017	-0.050765917
1897	6.2252157	-0.68235138	0.65913959	3358.2686	108.51387	52.76877	0.083727251	0.43975302
1898	5.9067891	0.81745227	0.21493333	1188.47	11.313948	9.1717646	-0.1241163	-0.14114404
1899	3.4728263	-0.2574684	1.2983372	2512.3884	45.24374	34.846762	-0.049124358	0.038189365
1900	5.5090996	-1.3828444	2.1645646	2626.6395	59.802035	48.828829	0.10039048	0.42163397
1901	3.1523261	0.33925665	1.9890369	301.27412	7.9561806	1.661486	0.0090032501	0.15007603
1902	3.7093035	1.2434407	0.44144168	3449.2353	30.20481	16.40513	0.099630126	0.0079466539
1903	0.55348107	-0.73766424	2.6193894	1539.8526	13.208682	3.2384455	-0.065451053	-0.12397186
1904	5.5819224	0.15857767	3.0129559	3552.3785	54.809463	14.508131	-0.34614348	-0.12156948
1905	4.806943	0.6679784	1.5184889	1430.2787	26.012674	22.851102	0.0037618519	0.049680001
1906	3.9058255	0.39895592	2.0977774	3629.5254	56.799529	40.629122	0.20341883	0.040076554
1907	0.9161219	-0.47342143	1.3241471	1270.6177	79.867072	36.559965	-0.10125103	-0.18259864
1908	4.8525157	0.071406322	0.67695003	10545.315	81.505568	77.805113	0.0014827804	0.055185598
1909	5.5098806	1.2953886	0.56342772	655.90444	7.6851237	2.4872535	-0.018056138	0.082036907
1910	5.1720704	0.75096801	2.0027078	803.63352	10.112983	9.9752483	0.12915891	0.11136317
1911	4.6642829	1.3629448	2.6144456	1713.4617	11.120998	10.946781	0.0025173733	-0.0062432335
1912	3.0301562	0.3993964	2.8488343	2128.5486	36.90843	11.506419	-0.048031763	0.011072615
1913	1.3083574	0.51432308	2.6913024	2276.5596	102.40684	49.702542	-0.017360025	-0.058935752
1914	1.3411298	0.19092511	1.9445994	452.3028	38.583296	31.191222	0.23947793	0.090470228
1915	4.6415484	0.45635652	2.6637138	463.92955	73.101995	1.504024	0.23599176	-0.0081828994
1916	1.5584599	-0.43429248	0.37291658	6110.0505	96.765821	52.556258	0.60497768	0.10252159
1917	3.1385063	0.65462499	0.84067553	1473.6581	31.1418	17.1942	0.006354037	-0.14877658
1918	0.35143097	-0.30079467	0.65558362	1876.9697	16.062557	13.404471	-0.12006657	0.23811379
1919	1.2214842	-0.10583765	0.66612157	1439.6718	46.582066	19.772377	0.0060452521	0.073049724
1920	5.7510619	0.52648647	2.366101	1038.0721	45.279672	38.235939	0.12637082	0.088198248
1921	2.7888975	0.35398359	1.1922383	1796.3026	41.704464	36.722283	0.012066705	0.18241199
1922	1.0877311	-0.68028278	2.5677013	2454.5782	43.897574	37.198503	0.014454485	0.0012672685
1923	2.9525745	0.051687833	0.93585997	1209.9661	11.057986	9.7610451	-0.023367186	0.13016441
1924	0.36235169	-0.20953004	0.25962688	2839.5806	35.944888	31.405078	0.094272569	-0.10678806
1925	4.414982	1.077937	0.41711854	5988.9138	71.869609	55.00121	0.029852732	0.22815149
1926	6.2498171	1.1741862	0.4478641	3524.7043	49.817534	49.10545	0.10123656	-0.066869671
1927	3.3117951	1.2390332	3.0120418	7321.572	105.11591	72.228734	-0.18610767	0.017612184
1928	4.352725	-0.20932182	2.475205	452.72952	35.424998	30.766741	0.045426791	0.052277363
1929	5.2273238	-0.051964297	2.4709017	2581.2817	33.729108	31.809037	0.094212805	0.018314072
1930	1.2443698	0.10124449	1.1155995	653.63204	8.9703016	8.6957312	0.2404574	0.21423907
1931	2.0724386	-0.85607049	2.1426584	1455.5373	12.90327	11.249061	0.070197541	-0.010388158
1932	5.5857038	0.22858296	2.2503812	1348.6662	38.294418	9.6182552	0.37656066	-0.098204303
1933	1.4064912	-0.70876056	1.1918454	761.9947	11.223064	7.665669	0.35752306	-0.01369096
1934	1.4694366	-0.010787668	2.4482814	1547.3322	40.39048	35.122598	0.0022834899	0.14696115
1935	0.73217299	-0.58042134	2.7849711	1538.7792	11.680079	10.224029	0.14737108	-0.26975424
1936	2.1716302	-0.34022488	3.0920399	1114.4102	12.731609	10.548884	0.01047635	0.083292041
1937	0.46044827	0.86906269	1.4793277	930.30714	40.691094	37.745757	0.0023165724	0.031742043
1938	2.5886079	-0.24417613	1.6157393	580.20528	35.722084	34.563116	0.066492151	0.17388512
1939	1.5184641	-0.78880326	2.5105505	3679.5905	60.704898	58.398938	0.092536083	0.024476248
1940	5.9133838	-0.45058374	1.3085605	1409.8418	46.153235	36.928176	0.0040434184	0.0037390752
1941	3.9961841	-0.83002474	1.6856568	279.1893	7.0442097	1.4550916	0.015681732	0.26187096
1942	4.596815	-0.83958553	0.5443982	4834.9096	162.78884	89.326405	0.021433695	-0.028697632
1943	3.8925258	0.57274759	0.73167692	1230.7405	13.446136	10.22468	-0.33233184	-0.13566745
1944	5.6581802	0.50721785	2.7512809	1894.855	12.094834	11.105222	-0.034836367	0.29551758
1945	6.0361076	-0.10706625	0.77777043	1445.0092	11.273733	10.736734	0.15964005	0.17172381
1946	6.130624	0.75186672	0.50092701	6309.1487	58.186711	38.126089	0.34559665	0.025384698
1947	0.20337224	0.45200411	2.4588964	9345.171	51.776337	49.168789	0.27445594	0.012680745
1948	0.16403785	-0.25889117	0.61223917	479.56472	3.9019965	3.419755	0.095734184	-0.0034167525
1949	5.9525613	0.24771933	0.86365764	2351.0559	49.341937	45.012117	0.019153591	-0.12786087
1950	0.0370064	0.87620387	2.4111507	4769.5429	105.32546	86.764631	0.03760671	0.0099265798
1951	1.5316177	0.1670167	2.3106545	1766.2398	47.099791	39.331718	0.062553903	0.064045393
1952	0.97678079	-0.23942322	1.8673586	3984.1115	57.381491	47.797854	-0.14685553	0.31730076
1953	2.1123003	-1.1592589	2.3336036	1873.4954	55.551711	29.484583	0.15251844	-0.1122558
1954	2.3600956	-0.10212196	2.3242887	631.96588	32.752275	17.643188	0.00166664	0.11625792
1955	0.13874564	-0.086883902	2.7767891	4101.2492	55.534368	48.638032	-0.018620052	-0.34824501
1956	3.5940285	0.79539683	1.6814787	427.82135	10.970967	9.7844313	0.46211454	0.0016722117
1957	3.3067192	-0.74279307	2.7847321	1035.9791	38.336073	9.5645249	-0.071543089	0.27381203
1958	4.1557386	-0.86617623	2.2876541	1286.6101	12.668801	12.34541	0.2408624	0.24918776
1959	4.2953951	-1.3334299	0.67857204	752.87286	11.576417	10.15167	0.00073188197	-0.2359752
1960	5.7848771	0.32373763	2.585375	779.44078	31.059437	26.498993	0.05004478	-0.014693367
1961	1.7730824	0.71722094	2.1741983	1144.2445	58.961969	5.9184496	0.058029887	0.32769814
1962	6.2375203	-0.025876974	1.6864491	1604.3175	47.331742	45.310884	0.2585396	0.17936332
1963	2.4949744	-0.12370405	0.77294546	1544.8723	13.379039	13.123862	-0.010762294	0.0095352702
1964	4.4413226	1.1198174	0.38018327	3181.0265	52.387573	14.264125	0.02799534	0.015063674
1965	3.9733508	0.7470468	2.8375454	591.03541	10.867026	2.2220191	0.046273815	0.13217096
1966	4.5846869	-0.39661775	1.3682388	1533.5395	41.99582	33.149433	-0.047428397	0.023001261
1967	4.1413497	-0.25296475	0.17961236	2498.4761	13.44769	13.357737	0.036756042	-0.010962283
1968	3.9686959	0.4411002	2.6400313	2585.8982	13.596935	13.00257	0.062877926	0.043816564
1969	4.2576328	0.38073736	0.33864465	2323.5406	11.236622	8.8594903	0.58344034	-0.084486983
1970	3.066247	0.81502026	2.6586064	1604.0066	11.225992	10.773099	0.19361596	0.11522093
1971	2.1610401	-0.38798894	1.9859985	3114.7673	50.671759	44.013577	0.21915149	0.21869321
1972	2.0744122	0.20545949	1.8886615	668.61858	24.299878	10.387537	0.22842809	0.10926629
1973	0.077548815	-0.45927487	0.076843292	474.54445	9.5715109	1.617764	0.11328378	-0.0089738533
1974	6.0894067	-0.57253996	2.0929443	131.60676	1.6986504	1.4187449	0.29227992	0.0011365818
1975	5.5835629	0.57195858	0.95702347	2970.7331	59.424804	50.17157	0.21694943	0.17808441
1976	1.3837906	-0.81107298	0.55725633	535.43202	8.5385192	2.9317889	-0.026306488	0.0041002924
1977	1.5089599	0.73752868	0.17954171	1001.017	2.2999398	1.9222646	-0.02648492	-0.015397265
1978	2.2587889	0.24794612	2.5542281	1429.8928	11.242833	10.305292	0.39253312	0.081904996
1979	5.618555	0.61664613	0.54588764	690.68153	9.965156	9.2032028	-0.02664748	-0.026176013
1980	4.2856066	0.72529632	2.3985237	2641.2301	36.635981	34.639474	0.10871824	0.034895102
1981	1.3275103	0.72778792	0.82336008	2401.5322	40.340188	26.677387	0.0070283868	-0.14847897
1982	1.9804101	1.0652082	1.8262741	635.91903	9.9801392	9.0934882	0.59310679	0.075489321
1983	3.064114	-0.51897383	0.72323848	7841.6614	82.440033	74.009088	0.27180696	0.048663168
1984	0.092374667	0.99141123	0.30552332	2253.6903	61.017461	50.825577	0.15522455	0.24724952
1985	3.4681249	0.44578668	0.25287456	5041.937	59.88648	58.095423	0.15840312	0.026225767
1986	4.4910326	-0.10182334	2.4254011	1587.148	35.983632	11.419797	-0.003668743	-0.064607503
1987	5.2875358	0.091639686	2.6791434	480.18284	8.8382671	2.0671818	-0.356209	0.019466394
1988	5.9953196	1.1477781	1.8667036	255.933	10.636758	1.4869885	-0.030464452	0.16347344
1989	4.2531639	0.2000297	2.6512679	2836.0067	16.387008	12.242453	0.011903194	0.20321094
1990	4.7658221	0.90961017	0.86144146	268.03012	23.196644	21.728259	-0.062940489	0.058773412
1991	4.8128057	-1.0803473	2.6171926	1825.8868	11.683511	11.580612	-0.096527273	-0.014617099
1992	2.5221868	1.0558466	0.94665279	1229.1389	30.286368	26.662483	-0.00017217562	0.23023586
1993	3.2630706	0.53286011	2.0315102	122.64689	1.4427474	1.3824764	0.12996676	0.18719763
1994	0.033127896	0.31481872	2.0774494	3123.6969	77.199356	52.265225	0.039709346	0.099370271
1995	1.9464774	1.0299051	2.281631	4037.1306	63.104453	51.973309	0.30184288	0.006413687
1996	5.4984121	-0.76745712	2.171611	3603.1526	123.71433	118.76264	-0.00096593994	-0.51895255
1997	0.052436126	0.6909112	2.9016763	2793.459	48.117129	38.335444	-0.030412598	0.19748205
1998	2.833652	1.0097057	0.55097556	2550.9779	46.915359	46.056883	0.026450703	0.13001626
1999	6.1005144	-0.84514363	0.48313919	1598.2101	12.872275	11.617131	0.12038032	0.038466759
2000	5.9939757	-0.25219546	0.88303247	486.02377	13.376045	9.7338133	0.12831202	0.38902735
2001	0.71523952	0.20186047	0.36665032	784.57149	10.648072	2.1978313	0.0095492089	0.048228684
2002	1.0490694	0.22170386	0.52698306	1066.8859	29.349395	27.986373	0.031821066	-0.39865075
2003	4.6268917	-0.76318637	2.5155098	1781.5979	35.22213	10.789014	0.25920518	-0.10361502
2004	1.0136817	-0.96864599	0.7615476	6256.1124	71.041519	38.567556	0.13976978	-0.020312855
2005	0.74450925	0.38363832	2.3178618	4167.2073	42.142553	29.875657	0.1742321	-0.067092039
2006	4.0908904	0.89002286	2.6812597	5411.0188	84.381511	61.980393	0.21131858	0.22254982
2007	1.3637744	-0.39944072	0.29070263	703.85536	12.41202	10.077146	-0.0026689241	0.070171746
2008	5.7747852	0.051232013	2.2488941	4542.9448	63.217794	56.223744	0.0531186	0.027178843
2009	3.1259537	-0.72964632	2.4426045	294.60245	9.5981954	1.6091972	0.020721484	0.27259616
2010	2.3879956	0.61326999	0.89160004	1210.482	12.47221	10.52074	0.028566843	0.035593041
2011	2.4435086	0.56302952	1.1362373	236.44649	8.4476346	1.9151268	-0.027155415	-0.040765457
2012	4.4919384	0.65233157	1.9047654	2440.3198	46.762284	35.019726	-0.0023007433	0.1707536
2013	3.6890504	-0.11550531	2.4177786	1528.2001	12.336534	11.025921	0.0047703962	-0.056979756
2014	0.78592384	-0.42908268	2.574357	1195.3256	15.893466	15.00675	0.23731039	0.16999859
2015	3.6245977	0.90728988	2.4835798	434.48101	1.7994132	1.7855074	-0.011826788	0.085107183
2016	4.5754328	-0.0031597928	1.8469245	486.69924	6.5160887	2.3853424	-0.025451889	0.14151191
2017	1.8325832	1.1408107	1.5128762	463.97766	9.9162131	9.716382	0.010546775	0.088064776
2018	2.0978922	-0.7654082	0.89958501	849.96965	11.283362	10.29024	0.21075636	0.017376521
2019	1.1545102	0.32127309	1.6381424	728.52394	10.549026	9.4672966	0.22669095	-0.022098126
2020	0.44746354	0.18298432	1.2561405	1162.135	38.210372	34.898365	0.053599543	0.0016451542
2021	1.0681503	-0.097416359	1.7084299	686.51522	34.493225	9.7144723	0.012050949	0.011057145
2022	1.3123001	1.1222333	0.64388916	1228.6577	12.117899	11.011519	0.21713867	-0.02614476
2023	1.8597445	0.70429418	0.47316281	701.72641	8.4330643	4.8449481	-0.032117208	0.32761931
2024	5.2354195	0.46493305	2.1106444	1403.984	25.835445	24.551578	0.016133249	0.19015711
2025	3.2274013	1.2148689	2.0351714	2875.0447	130.46327	77.149922	0.07293951	0.22889589
2026	0.46868039	-0.56550733	1.1133872	3850.0679	136.98351	136.219	-0.55831774	-0.41809753
2027	3.0128995	-0.97839648	0.50587703	1533.7378	12.650147	8.937985	-0.043096694	-0.048314706
2028	0.11167902	0.64656025	0.93543435	1316.4132	32.280228	28.976108	-0.28137402	0.099722541
2029	5.8843541	1.0842321	1.0694138	1477.0516	13.819736	13.360978	0.2638309	-0.16613054
2030	6.1865339	-0.13236599	2.4679693	3726.4788	63.432154	60.594866	0.19146941	0.076749033
2031	0.068708369	-0.3902682	0.3394154	5784.3961	106.04513	75.721213	0.015753961	0.050619274
2032	6.090656	-1.2120679	2.4220768	4178.8447	51.248725	45.877077	-0.017154881	-0.66226131
2033	0.56047501	0.22982978	2.3413954	2073.8971	10.900467	10.807965	-0.14964487	0.31967667
2034	0.80982434	0.12011835	0.49566862	423.48516	10.32098	9.0671171	0.31438851	0.129052
2035	3.7145596	-0.72934503	0.82297867	3337.2265	53.07244	44.11039	-0.021340156	0.18336747
2036	1.3644877	0.60053895	2.7293315	2262.3808	50.650289	12.379686	-0.01231723	-0.12137076
2037	3.9178728	1.1746099	0.30107696	8154.6195	71.632667	69.136217	0.00018074908	-0.0082151528
2038	6.0993134	-0.67771531	0.41012753	2518.4077	15.385503	11.907262	-0.48526535	-0.094244673
2039	4.9641663	-0.016664538	1.9188639	3334.8225	57.168016	41.271052	0.080098528	0.034065773
2040	0.12815297	0.13468747	1.7705459	745.11146	39.297572	27.867268	0.46633072	0.38317795
2041	4.1621538	0.59041995	0.56475627	580.9894	10.343772	9.7775872	0.002059926	0.082295891
2042	1.4875518	0.33900579	1.8744563	1189.1141	41.717169	38.108772	0.13147773	-0.011740829
2043	3.426342	0.87534271	2.5019793	6193.2152	75.151859	64.781207	-0.069076367	0.0037674216
2044	6.111403	0.8771417	0.58393834	229.92679	2.0072441	1.4216411	0.017967938	-0.086777686
2045	2.5034839	-1.5076584	2.5615107	3005.2243	55.084197	45.920222	0.053894252	0.011548547
2046	3.2777717	0.47732369	1.8783347	293.73315	14.118277	9.4028045	-0.021597203	-0.0054934733
2047	1.2095586	0.87510043	2.3347803	1168.7546	11.846452	10.565268	0.021207505	0.026800455
2048	4.9764232	0.4219977	2.6757629	269.01617	1.4114771	1.40071	0.01881517	0.13902499
2049	1.8818418	-0.49298545	2.1977247	4152.8097	48.994591	48.625397	0.013009043	-0.13016158
2050	1.0679859	-0.95319689	2.6548691	1046.4647	26.293542	11.219561	0.29662628	0.033226917
2051	4.6340165	0.20400417	2.3230796	690.44161	10.178269	1.7548548	0.07336474	-0.012344151
2052	3.4783887	0.64468337	0.89662066	1489.0547	39.651269	6.0042344	0.023434312	0.14338172
2053	2.903489	0.59927154	2.9818195	4909.9557	57.987399	47.807377	-0.03666717	0.0069499374
2054	0.15782765	0.76694127	2.0373091	1031.498	29.84911	11.747639	0.052584564	-0.11274784
2055	3.9349974	-1.0120891	2.5092153	968.21751	9.050275	7.2499636	0.057726149	0.055213423
2056	0.82789795	-0.091254891	2.4164095	1938.0795	30.557625	23.01493	0.0242017	0.034146129
2057	5.4929156	1.3294703	0.36069104	3124.6517	37.264039	31.310098	-0.14952276	-0.0076926292
2058	2.6940123	-0.29516627	2.1491927	1708.266	35.703698	26.716606	-0.070814565	0.27782932
2059	5.4868468	-0.42776283	2.9022198	365.43516	1.7995124	1.3819708	-0.015276427	-0.11823176
2060	1.9137789	0.19849822	2.5168606	6072.7237	98.394176	71.264428	0.021057918	0.027520706
2061	4.7462542	-1.0161692	2.606383	1671.3342	51.872467	47.866889	0.25807843	0.14516304
2062	6.1161199	0.25967526	0.4539339	190.69888	1.2354609	1.1462046	0.1210889	-0.1691728
2063	5.8031395	-0.083152491	2.8699693	1825.6358	12.243038	11.984714	-0.0180383	0.12716289
2064	5.9224113	-0.27718723	2.5708186	2309.2802	58.031443	50.279549	0.0050849416	0.14865993
2065	3.2719223	-0.41298837	0.45914908	1019.9019	10.925358	9.775588	-0.007769136	-0.052116246
2066	5.1787055	0.14476262	0.31684174	4352.9372	60.89724	55.373405	0.13869405	0.10891421
2067	1.8103231	-1.0076992	1.6967874	2007.2504	47.271908	17.754133	-0.0075436921	-0.071485428
2068	4.63031	0.089359265	0.30025359	1033.4867	41.992218	32.701364	-0.0066751152	0.45486217
2069	2.4427056	0.3134058	2.9570656	5324.9437	59.936411	57.157124	0.12562565	0.042710123
2070	5.4393053	-1.0628158	2.3558477	6835.6185	78.009961	67.95584	-0.17993827	0.059884263
2071	4.8315971	0.37076052	0.48345173	55.616213	1.191049	1.1535691	-0.21274474	0.076141347
2072	2.9301637	-0.66993747	2.9995923	6833.1237	75.789504	68.036812	-0.22470371	0.0053405922
2073	0.5517389	-0.31945383	2.3674391	919.53454	11.137932	10.012927	0.1304629	0.04042141
2074	1.2176255	0.47774108	2.4158976	607.5985	39.783149	29.429172	0.01200516	-0.026186844
2075	1.7283251	1.2778883	1.8854389	1764.3137	43.706179	26.214587	0.59000338	0.53852773
2076	1.6093593	-0.44245072	1.3480696	365.42063	15.956646	2.7967428	-0.079667375	0.23415195
2077	1.2582707	-0.12350762	2.9065071	4338.3448	40.259226	31.721825	0.029861011	-0.15243843
2078	1.4887648	-0.50882363	2.3838869	2051.6817	15.197863	9.5350714	-0.29067566	0.11832695
2079	0.26480618	0.74882639	0.50257012	1605.1437	70.789008	35.907165	0.049159414	0.24260716
2080	1.7070639	0.55681703	2.817844	8502.9028	72.293945	69.607768	0.0013988514	0.18341635
2081	3.5092909	0.083273473	1.3474946	1171.3647	106.23986	48.005737	-0.096750504	-0.061886574
2082	5.887268	-0.74945092	0.43633645	4484.9229	45.232192	38.951994	0.26096362	-0.29774344
2083	1.7863384	1.079508	1.0224519	4154.5619	60.898364	55.753325	0.18088895	0.094830959
2084	2.9237781	0.61532042	0.78191493	675.3554	10.347889	8.8512494	-0.0028232196	0.052906707
2085	5.15223	-0.2033636	2.3257094	1671.9055	28.596101	24.694762	-0.27336737	-0.26877922
2086	0.747174	-0.10300137	1.9495558	557.12618	9.9444461	9.4957515	0.044688149	0.39733873
2087	3.8085556	0.52344601	0.78067081	662.41444	8.0486019	7.4067957	-0.18928323	0.092145925
2088	5.4598588	1.0534446	0.41287706	3879.5826	51.545824	45.455141	0.26564936	0.57485363
2089	4.9603559	0.98286679	0.63277792	9873.2717	81.918212	63.704777	-0.16315601	0.073275788
2090	4.5077445	-0.029995094	0.59027095	8811.4553	65.167737	62.491412	0.036098727	0.063119987
2091	3.8147354	0.059476861	0.67260021	1284.7128	10.931762	10.334072	0.36563502	0.014308035
2092	3.78622	0.69465614	1.8359595	2008.3428	44.512254	41.976082	-0.11151208	-0.054318336
2093	0.53015851	0.20821811	0.83971269	178.86756	7.8171017	1.3623584	-0.19160052	-0.085481163
2094	3.0412391	-0.0049732422	0.4000917	6029.8038	53.437076	47.940628	0.15329633	-0.0065991214
2095	3.6888582	-0.34822555	2.5589185	1233.8686	40.247864	11.358093	-0.24409355	0.11574554
2096	4.6911298	0.80984639	2.5632211	1382.9095	41.373431	41.33291	0.17326129	0.022858759
2097	5.3448289	0.58867258	2.171905	1583.2258	11.423084	9.841934	0.042489312	0.10483958
2098	1.6565758	1.1988004	2.4672396	710.27686	7.723258	5.0802318	0.22734973	0.084101138
2099	5.8730297	0.066689832	0.85459008	3256.7054	55.65849	55.50171	0.2859358	0.12729562
2100	3.4769404	-1.2232998	2.5408045	1456.5725	26.103468	5.2484131	0.018512009	-0.13080551
2101	5.2651462	-0.64892655	0.61483982	1964.0166	40.12775	30.903137	-0.048581799	0.23662904
2102	0.1626807	-0.84881566	2.3155785	1085.7599	15.279248	8.2759661	0.0071638192	0.076921598
2103	3.8232906	0.44561906	2.7945513	2271.218	13.802731	11.799872	0.009593334	-0.26131633
2104	3.6483261	0.95491279	2.3812323	1060.0814	11.055122	10.687774	-0.0031298762	-0.10236858
2105	5.7377178	0.5329339	0.43026534	2464.9565	12.300808	11.262533	-0.085878305	0.098908532
2106	6.1435768	-0.27118234	0.77567458	2033.4768	13.206989	12.510556	0.019525172	-0.046390251
2107	0.4998783	-0.097749992	2.0049797	2014.5749	45.082106	40.581796	-0.13343367	-0.017274403
2108	6.0338849	-0.35258575	2.802187	699.9989	10.982429	1.7055832	-0.18225251	0.029958138
2109	3.4732477	1.2902223	1.8070199	247.20086	10.23408	8.6310723	-0.13447654	0.01834687
2110	4.1092716	1.0375759	0.59049784	2213.7626	31.268866	30.370932	-0.023325003	-0.23139426
2111	2.0248144	-0.074526657	0.29510512	1266.4758	10.21704	8.4348219	0.24346273	-0.12869306
2112	3.0744242	-0.50291119	0.9576373	2201.9452	68.386731	31.071095	0.060374297	-0.041048
2113	5.991566	-0.72682853	0.048406878	5464.8559	35.307853	34.985965	0.070658384	-0.060663766
2114	5.2291771	0.11546585	0.27566648	5625.4859	48.332707	38.941726	-0.14197517	0.083412488
2115	4.7230291	0.82785624	1.5318395	254.72037	18.430474	3.6255383	0.17598936	-0.0062039764
2116	4.9047572	1.2244642	0.36481128	1055.8941	11.769863	8.36255	0.006969933	0.084199654
2117	1.1824079	-0.40948111	1.1265828	3472.7532	64.115454	57.84517	0.051736042	0.095635385
2118	4.2766937	-0.6520129	2.2989661	1470.2622	35.676133	35.168775	-0.049445512	-0.088474191
2119	5.6884539	-0.20483083	0.94542198	1276.5535	35.368191	31.529861	-0.10583854	0.22701565
2120	2.2597025	-0.44226242	1.9317498	258.01252	28.497621	15.453732	-0.12587926	-0.030571052
2121	2.7742716	0.73657976	2.9470969	2407.6502	42.508901	40.432972	0.010211871	0.02103124
2122	4.9566209	-0.031296897	2.5299302	2610.3667	47.126443	25.822582	0.019673597	0.14612527
2123	3.7851281	-0.98436024	0.41366292	1175.2754	12.697646	11.107424	0.010438811	0.061044523
2124	2.5652763	1.0958181	1.5200276	1443.075	38.765337	37.915054	0.13666278	0.30330896
2125	5.259609	0.84438703	0.52681903	265.91628	1.4443987	1.3336431	-0.0019150564	0.1064931
2126	1.9528207	-0.19139042	0.56358141	534.84044	2.072102	1.5277469	0.01274139	-0.11695993
2127	3.7198671	-0.019783232	0.7554301	356.20619	1.8091113	1.7541142	0.021867994	0.11318469
2128	1.1657181	1.0203703	0.63512676	1790.0047	29.299963	19.168435	0.036516434	0.0060319225
2129	4.855796	-0.8999284	0.60404612	2416.2803	45.163503	43.77568	-0.016907623	0.0012866602
2130	5.7393157	0.16448662	2.6793364	203.89328	9.3072126	2.0865134	0.30942839	-0.022686135
2131	4.3363748	-0.52345434	2.6099622	1937.1779	10.851578	10.533476	-0.036911874	0.11674026
2132	3.5075504	0.37273766	2.366657	931.80522	11.365534	10.181167	-0.065084693	0.11685525
2133	0.24658924	-0.31135063	0.51017799	5932.1684	137.79886	132.56482	-0.066781621	0.22746772
2134	2.0743979	0.79180399	0.86985775	362.47243	33.149167	24.652257	-0.00091681296	0.040734637
2135	2.0940066	-0.10035688	2.847795	514.28722	32.614277	1.6691075	0.12662569	0.06842032
2136	0.54163843	-0.40505506	1.5612904	664.69487	8.7735894	3.0240114	0.088365341	-0.049888411
2137	3.0890586	0.033893113	0.25518108	2423.5136	30.389301	28.665925	0.40659393	0.040853541
2138	1.1766675	-0.88652163	2.3922629	922.83921	26.795065	12.626535	0.23052317	-0.053720496
2139	4.7235986	-0.26372171	0.28416813	2398.1271	13.62592	13.224206	0.24487619	0.18572516
2140	5.1351704	0.036381865	0.50239838	917.96141	12.157853	10.411636	0.067181847	0.053919745
2141	5.2042136	-0.47686877	3.0580145	7630.1469	73.164418	65.777813	0.015561733	0.071786062
2142	2.3939327	0.16797156	2.4973627	1779.8536	15.082485	10.066501	-0.42945128	0.36701837
2143	4.7106494	0.038163444	0.61151649	1084.7975	12.25609	10.812274	-0.16515972	0.11773443
2144	2.1043396	0.39561321	2.50917	1715.3631	10.905444	9.5347771	0.030612559	0.048036899
2145	6.0636713	-0.70811941	0.15407743	157.3201	2.2396989	1.6160264	0.10148909	-0.09391563
2146	4.0501979	0.63152129	2.6133313	781.78533	9.7922279	9.1433301	0.079740283	-0.43558867
2147	2.166028	-0.58649559	0.60184748	2123.695	43.162098	28.558925	-0.0065358685	0.0032586661
2148	0.67485912	-0.015992285	0.13322601	4372.5404	60.53804	52.917193	-0.014640395	0.3586166
2149	2.5001611	0.45389255	1.5761151	2042.5985	57.388998	50.543263	0.067765158	0.08601756
2150	6.1039854	0.37229371	0.75275562	295.19151	9.1035618	1.9181024	0.044009198	-0.05673682
2151	4.5819882	0.53843197	0.19405926	348.6511	9.7303469	9.0508902	-0.0024387122	-0.052059946
2152	4.0767119	0.67685181	2.3653671	5342.4555	77.489671	75.238159	-0.25394885	0.04606072
2153	3.4408129	0.15051952	2.7653747	633.02222	39.273564	1.2712326	-0.037009553	0.001722971
2154	5.4092726	-0.8270873	2.0004622	531.55073	12.177125	3.1525421	0.0058880706	-0.012197757
2155	4.8953678	0.29239959	2.5687888	1760.436	12.06777	11.260019	-0.064024556	-0.000641255
2156	5.4495055	-0.94222304	2.3279964	614.43573	43.271067	1.4829589	0.014550244	0.0030341299
2157	3.6917481	-0.22861968	1.9521216	1813.8172	41.685483	34.211977	0.069165886	0.3188648
2158	3.7268995	-0.87632628	1.7433913	1637.2992	88.512669	86.800821	0.25556585	0.26187269
2159	4.4644862	0.72715531	0.73723096	2041.3658	38.464901	38.206852	0.15940065	-0.1526129
2160	5.9846342	-1.3269434	2.3378311	550.74526	9.52497	3.886729	0.019764358	0.043299064
2161	1.6480742	0.48421971	2.6772079	4597.6548	58.632859	50.950852	-0.17379508	0.039294206
2162	5.3041788	0.55205239	2.1567238	1013.4351	44.920468	39.153123	0.44487538	0.10285696
2163	4.6337018	0.10129999	0.57807392	3928.1754	40.962891	40.805014	0.11365269	0.32261953
2164	1.4929938	0.34424171	0.071201504	4851.6466	52.884014	44.50953	0.062911607	-0.16297635
2165	2.1903339	0.38458419	0.79277249	3359.7511	99.079571	84.534894	-0.11255419	-0.061969027
2166	1.9347508	-0.61689138	0.85151211	1097.4992	10.370227	9.991662	0.0514554	-0.16488234
2167	0.25219339	0.38111167	0.67783788	1075.4608	12.52346	10.348507	-0.054552827	-0.081034343
2168	5.4501094	-0.1761201	0.53622608	1419.0473	44.997717	37.336545	0.03645374	0.051829233
2169	5.5421174	-0.65394778	0.27181903	2131.8183	19.100688	11.88	0.13561234	0.0066165684
2170	4.8161411	0.56089871	2.523645	3699.5032	63.421911	45.394976	0.093345288	0.031164225
2171	4.5447797	0.39434123	0.59763196	9781.1041	172.4075	162.89722	0.089775146	0.07629148
2172	2.7943257	-0.8872537	1.1111339	1481.7536	16.931151	11.006639	0.053458376	0.082499903
2173	3.8413555	0.89034623	0.42458992	2996.9071	15.012854	13.261457	0.11916503	0.008653709
2174	5.0695722	-0.8222666	0.51017537	1931.8017	14.305766	12.203492	0.18660305	0.047452086
2175	0.86131293	1.4359824	2.4700169	1953.7788	34.386157	13.32799	-0.047312338	-0.0032422079
2176	0.84669973	-0.40337177	0.59575305	1274.9814	25.903385	11.122049	0.19527137	0.17037113
2177	2.7713372	-0.82735467	2.2580676	1888.2119	11.189522	10.364057	0.21410857	-0.40527215
2178	3.6694544	0.89831325	0.38504698	2091.3003	15.287282	13.489166	-0.012890644	0.21833909
2179	2.9596834	-0.58996181	0.53132202	2005.29	39.164997	11.458756	0.1567829	0.61244852
2180	1.521299	-0.3419864	2.1941861	316.47974	10.676373	8.78195	0.060772017	-0.1087254
2181	2.2287019	0.029920134	2.6975248	2164.9211	56.155367	47.578473	-0.25041087	-0.24082396
2182	0.16228403	-0.17421142	2.6750896	5255.1614	124.82433	81.424489	0.018457931	0.12770238
2183	3.3801739	0.27641867	2.3107786	352.31218	8.6037013	4.1178623	0.2654813	0.00038328954
2184	2.5804445	0.031340715	2.8299704	803.24599	9.8954629	9.7163024	0.15263929	0.15006283
2185	3.5479271	0.91416522	0.71158944	6313.295	87.681402	69.979865	0.0074547836	0.35182521
2186	2.3956942	1.2112369	0.30654475	74.528152	3.9201614	1.3264033	0.11225917	-0.011151885
2187	5.9139896	-0.7803485	2.9746603	1317.0002	11.248312	9.9840699	0.01474766	0.38219614
2188	2.5142538	-0.47318451	1.0411876	888.3484	11.15977	2.5494689	-0.10253502	0.0085311195
2189	5.2391451	-1.3762359	0.52012663	495.2099	11.567945	2.2733651	0.010758145	0.009095723
2190	0.082541707	-0.75667565	2.8474283	730.29459	2.9319724	2.370177	-0.15280975	0.0071660291
2191	3.666094	-0.38274828	2.6400756	1488.4002	40.952955	28.785034	0.30592075	-0.070457872
2192	2.8178281	-0.025681848	1.010641	1171.7348	12.971242	11.243049	0.02326096	0.0094362336
2193	1.5105828	0.4590145	2.2341198	923.76054	15.50885	2.5005991	0.19448395	0.0087786598
2194	3.1231156	0.13679078	2.4200826	4968.1583	62.804478	49.03243	0.020513172	0.36631555
2195	1.4078602	-0.7260176	0.70256493	3145.6914	85.108802	54.327728	-0.013670908	0.061926497
2196	5.2488027	0.7114115	1.7554469	1463.5708	11.784245	11.464399	0.026775	0.016344753
2197	5.4572592	-0.81687965	3.034313	5955.1842	64.437002	62.449904	0.62279159	-0.15759118
2198	5.5262749	0.29359639	0.56983896	464.13017	2.2025696	1.6858376	0.022677666	0.19535804
2199	1.4831129	-0.22411003	2.2978378	1592.9263	40.375959	12.508385	-0.098202988	0.024460962
2200	2.3889977	-1.1837198	0.50173888	3217.46	53.341306	33.78307	-0.1376759	0.012768142
2201	4.7326069	0.39461301	2.8951842	2362.8502	76.686465	42.83664	0.032749044	0.036391983
2202	6.0177445	-1.4808997	2.679885	7849.3089	62.376899	51.635682	-0.023884909	-0.03926734
2203	2.6752352	-0.72785488	1.3889838	1234.8514	36.100014	26.424064	0.1456798	-0.098416796
2204	3.868923	-0.51051495	2.7159078	809.30407	2.6957204	1.9149367	0.10447038	0.0082377591
2205	2.2088224	-1.0459584	0.89462475	2299.2854	140.39919	66.507442	0.2309623	-0.014233604
2206	4.9945362	-1.0639696	0.55356877	2524.3234	32.346056	30.488492	0.11108846	0.027463141
2207	4.4349513	0.27891327	0.56748506	7376.8516	72.147926	59.232469	0.12371374	-0.10516863
2208	5.3440715	-0.89329148	0.45686234	879.04477	6.4552903	4.6521207	0.39469274	-0.087801298
2209	3.7014265	0.3997964	2.1989367	1390.9668	10.389992	10.304363	-0.0085203402	0.23258174
2210	5.7155481	-0.46722655	2.4070173	2355.4626	47.054123	19.076739	-0.0094553832	0.0028352055
2211	4.8481793	-0.97888501	0.4712837	5753.1572	47.897343	42.872363	0.02162434	0.080151549
2212	0.9654514	-0.28699296	0.23375257	653.81973	3.2778832	2.4118383	0.080906731	-0.036210995
2213	4.2604994	-1.397823	1.7807312	487.53918	27.16249	9.4773934	0.0014218451	0.35506316
2214	1.6182263	0.08335479	1.1205122	1630.8088	39.099009	27.86796	-0.71393922	-0.054173071
2215	4.4546848	1.0307238	2.6144709	6568.8134	22.508898	18.767412	0.15086608	0.3315134
2216	0.38040081	-0.89353286	2.4545684	283.72206	1.5554265	1.1355831	0.0011148487	0.018473958
2217	0.19786205	-0.035630893	0.60651395	1724.7099	11.870629	8.0177952	-0.018652979	0.010727874
2218	5.3186981	-0.050151554	0.50342795	1990.6413	48.029078	43.963028	-0.0098333551	0.024469064
2219	5.4358047	0.14189844	0.75986492	4218.2209	51.580648	32.000698	0.61426091	0.030694772
2220	1.6290975	-0.76093166	0.60840075	1068.5079	11.622022	10.906549	0.44283658	-0.044684538
2221	3.3422776	-1.3624195	2.5460079	2546.3145	42.620801	27.526663	-0.023927213	0.10986438
2222	2.8317327	0.30434145	2.4591375	4834.9103	75.390871	49.203962	0.15595987	-0.0063670775
2223	3.5525899	-0.38981753	2.5334156	390.05442	17.836416	11.164174	0.050833427	-0.010833006
2224	1.7224036	0.6745089	1.1150657	594.56852	10.032503	8.8664706	0.085944257	0.10362951
2225	6.2730367	-0.42945613	1.3516715	1899.1315	34.517155	26.548701	-0.052629621	0.025252724
2226	1.2357839	-0.42926851	1.9791421	2293.0233	70.281156	49.255763	-0.0031660249	0.12635052
2227	4.1161054	0.50573201	0.67058323	3320.8917	38.464636	20.962849	0.11429802	0.22055954
2228	6.2140297	-0.2191686	0.94094193	1149.8229	11.290692	10.078922	0.0038294005	0.11896858
2229	3.1755346	1.0719204	2.4501357	593.10877	10.876276	10.61161	-0.020239044	-0.1819566
2230	2.6488269	-1.2647167	0.75334949	3228.2683	51.750106	34.581074	0.0088347665	0.0031938187
2231	3.5664764	0.14178087	2.1548031	1356.3586	47.790995	29.957445	0.12832179	-0.0027178144
2232	5.3924192	0.39847053	0.51467739	2942.7062	73.925246	45.290673	-0.031652336	-0.0039820021
2233	4.5465067	0.50315662	1.1363331	554.8793	12.245941	10.909798	-0.0016990334	0.022032604
2234	4.2091146	0.34015652	0.58839907	1072.2521	11.549091	11.206746	0.080890576	-0.061479545
2235	2.8150442	0.37659774	2.4930676	5375.1974	51.979383	44.507126	0.0029545219	0.011096955
2236	2.4492133	-0.74253561	2.8678688	207.91276	1.7497217	1.5053629	-0.073924707	0.037828913
2237	2.2906083	-0.16957015	2.0816352	1755.9296	14.204131	13.261304	0.15831197	0.0041023613
2238	0.24563885	-1.3581839	2.4914663	454.89621	1.9741718	1.9213842	0.12089986	0.037659227
2239	2.9411272	0.52420484	0.52779201	6776.1699	133.7989	74.89922	-0.023434111	-0.13789449
2240	5.4150573	-0.36413244	2.9460239	1714.8458	42.18765	26.908136	-0.17107576	0.037208338
2241	3.6230046	-0.86207397	0.88444089	7161.3731	88.09615	77.302088	0.052623859	-0.36994164
2242	0.56478314	-0.48163461	1.5671049	821.88154	40.961601	37.206054	-0.00029224667	-0.00022404128
2243	2.9235354	0.35571251	3.1027081	6540.3279	136.75355	72.218814	0.1911659	0.084724351
2244	2.3118228	0.27958155	1.6100898	546.63762	11.6508	9.6959761	-0.070977809	0.26498789
2245	3.4881311	0.46208868	0.43386807	3021.5005	44.692418	26.726038	-0.27566329	-0.012514344
2246	3.0398547	0.31639036	2.7225023	2664.2457	44.830273	37.999965	-0.0060012522	0.032785977
2247	1.2784358	-0.52843658	2.4975607	1574.0958	11.760633	10.090223	-0.0079261421	0.061453326
2248	2.8769249	-0.42241571	2.5863654	4755.8082	63.317205	40.760868	0.07951546	-0.57357641
2249	0.89777059	-0.58294252	1.2034929	172.08891	1.7058978	1.2834609	0.1577073	0.29964979
2250	3.5700933	0.5135201	1.3986853	785.48251	95.193582	27.750679	0.20359434	0.026019054
2251	3.8652793	-1.3329067	2.8433033	4979.612	83.821968	74.227988	-0.018370031	0.0049181582
2252	0.03978724	0.90596186	0.84761692	1217.7503	11.516681	9.663336	0.26124262	0.037239178
2253	3.4194032	0.00099822322	2.5450362	965.196	12.151331	9.7522225	-0.012242092	0.074728315
2254	2.0875639	-1.2068765	2.5633063	756.45386	36.408635	31.603027	-0.12358851	-0.036432475
2255	0.54963285	0.15388313	0.22297055	1873.6148	12.460502	12.075943	0.29095276	-0.053643787
2256	4.575887	-1.1157076	2.5050365	3901.4394	43.684294	36.510682	0.016328934	-0.15896325
2257	4.4783086	-0.89578952	0.1873322	2853.6824	43.741141	16.004116	-0.045215754	-0.0094550349
2258	3.1049641	0.48716601	2.8270653	4306.9712	60.018749	42.931854	0.20341883	0.040076554
2259	2.3211757	-1.4569711	2.8627643	874.89968	10.581409	1.5900766	-0.15752079	0.087684866
2260	3.2279419	1.1367873	0.21624448	6615.0812	94.485346	74.010717	0.067666137	-0.032951473
2261	0.64503844	-1.1505807	0.62452112	2851.6456	52.119887	51.088526	0.04950036	0.19738825
2262	3.7599008	0.13283785	0.81382856	4981.795	65.264878	55.407797	0.15039394	-0.21892028
2263	1.1029267	-0.58080906	0.60167026	3593.0892	29.803712	13.866576	0.2151424	0.11465352
2264	5.9629197	-0.52097631	1.9499657	1721.651	34.422707	30.919519	-0.0055983976	0.019191758
2265	3.6315984	-0.43850462	1.6117728	931.06439	40.39234	37.442851	-0.095316593	0.045958393
2266	1.2748639	0.21459565	0.15324232	3721.438	37.319017	36.116883	0.25600136	0.083008704
2267	6.0790757	0.62607443	2.5821967	7217.8628	63.29601	56.277775	-0.016924095	0.30667355
2268	2.9133647	0.51648831	0.31943034	2043.3146	13.179258	6.9519812	-0.019412072	0.0082523959
2269	0.90145511	-1.3490146	0.30963803	3879.6699	56.320551	43.072439	-0.18730609	-0.033795022
2270	1.6316597	1.05326	2.3765787	1675.3525	24.80652	22.054914	0.19496605	-0.0098483152
2271	2.6965606	1.0024395	2.428581	2405.5826	40.668783	36.749132	-0.081129934	0.050161585
2272	3.8077927	0.25417457	0.54984129	1732.9593	24.399161	10.747361	0.11643783	0.091943087
2273	4.5847667	-0.3348203	0.54151236	1952.2526	47.846173	31.228973	0.3464008	-0.10806388
2274	4.0498041	0.16835522	1.9252424	111.40092	4.4604968	1.2153459	-0.01230959	-0.1015719
2275	0.29674166	0.65692846	1.0195511	4468.7727	81.902952	70.637819	0.054305068	-0.16451091
2276	2.1008146	-1.0380926	2.1551049	1006.7799	10.442535	9.4349408	-0.033192888	-0.093535576
2277	1.2357353	-0.51542665	0.91508461	2271.8114	50.101904	25.797936	0.0096704904	0.1695258
2278	3.3659356	-0.51532543	2.9140695	1012.1369	15.934718	9.2380665	-0.064559562	0.02887953
2279	3.9185433	-0.12107361	2.2647242	1876.7428	46.859577	44.603573	0.06213141	0.22884166
2280	4.6369339	-0.68720388	2.3804259	674.54438	10.10395	9.1168428	0.4003785	0.0073028243
2281	3.9611006	0.1600974	2.0549624	1640.3189	48.776076	45.40274	0.0031121452	0.0037447519
2282	5.4691172	-0.47438397	0.40303808	3482.2602	59.937202	54.018	0.288782	0.0082542318
2283	2.6756234	0.30834081	0.61667889	1773.1838	14.390099	13.57242	-0.0040080377	0.01509525
2284	3.9903546	0.46349202	2.1108498	1350.4033	49.068972	47.285911	-0.17460032	0.0002387583
2285	5.4288911	0.15381116	2.4390765	3268.3481	57.627995	41.879694	0.11267218	0.016922063
2286	2.9164511	0.86012758	2.7699642	3079.8453	41.975694	36.496222	-0.23095674	0.039885507
2287	4.5400592	0.9798869	2.3504623	1292.3189	10.691644	9.9966986	0.079067459	0.063636115
2288	5.9647016	0.79362054	2.809341	2097.1438	14.657553	12.947105	-0.055106241	0.26912534
2289	0.10981579	-0.53539419	2.8279495	88.494144	1.835176	1.4443346	0.17584784	0.14120762
2290	2.0888535	1.1889262	0.57636617	2035.8046	16.661458	10.959748	0.044914703	0.044089363
2291	1.8657191	-0.77191166	1.6985597	560.42675	12.605657	4.7604838	-0.059152314	-0.20866077
2292	4.3442004	0.65289296	2.5747936	2707.6007	13.629285	13.208654	0.29095276	-0.053643787
2293	3.3651556	0.62090146	2.4421735	1910.324	31.714813	29.735158	-0.26740981	0.099238573
2294	2.2751609	-0.69264583	1.520528	1253.8664	47.255216	24.281584	-0.00084614616	-0.023532391
2295	2.733299	-0.54625121	0.51361783	3732.8049	25.069728	14.184963	0.098496576	0.082959426
2296	1.4240082	-0.24427775	1.2336479	1273.1276	34.843372	33.416443	-0.004304889	-0.16519426
2297	1.0351946	-0.52505448	2.5940963	227.89941	11.602945	1.6499392	0.027430717	-0.19768595
2298	3.7212217	-0.71304373	0.7524858	3294.5051	53.136038	46.001181	0.032847121	0.048309465
2299	1.4742155	0.43300269	2.2268883	1423.6849	11.578467	9.6230118	0.023264996	0.01927511
2300	6.0880154	0.33161791	1.5328944	875.01197	10.491956	9.3363164	0.0033829327	-0.005193859
2301	4.3140167	0.54304834	0.96083533	332.35127	2.8874105	1.4498512	-0.0040362047	0.025446525
2302	2.1638118	-1.4268995	0.73711947	5506.6162	83.306353	67.763695	-0.27250253	-0.0095132263
2303	5.640623	0.24502272	0.76597552	2523.8531	49.50278	44.665804	-0.021028855	0.065102301
2304	6.1519415	-0.057120709	2.8553373	9025.3337	103.45614	91.608057	-0.0036553038	0.30773934
2305	3.6834547	0.67868957	0.74885231	6206.2404	63.149763	57.727218	0.0016392869	0.37980188
2306	5.482349	-0.82936866	0.19628492	1097.1608	11.569802	9.6141214	0.074281465	-0.013923747
2307	1.0334248	-0.19423854	0.18115168	382.72057	27.033955	2.2320046	0.001667039	0.0086314221
2308	5.6272552	0.7544282	0.78016981	1934.7038	77.28808	10.715521	-0.0016254545	0.17432463
2309	4.4334054	-0.41157917	2.558718	2463.0405	57.037374	46.702149	-0.065588928	-0.0057320295
2310	3.3205302	-1.0114831	0.88246485	488.18885	19.146118	2.1336602	-0.034472764	0.14222508
2311	1.7216019	-1.0887058	1.1778074	201.78238	8.5492127	8.3018383	0.088304473	0.29293259
2312	5.7574679	-0.47554227	0.29174071	851.62206	11.463677	2.6212339	0.064810324	0.013391235
2313	3.1639111	0.045305643	0.92605912	1113.5191	37.498387	10.739969	0.053425648	-0.0026921347
2314	1.9779037	0.74542796	0.11153681	755.55069	11.862945	9.0428376	0.22243792	-0.1116418
2315	1.9452875	0.79773721	0.92811706	519.22019	9.457517	2.7587164	-0.012131809	0.11354204
2316	0.10406167	-0.4641074	2.5642508	6370.0736	77.79064	55.388278	0.19021014	0.0097940288
2317	4.0132924	0.079441928	2.7523108	5150.5858	50.240376	38.55478	0.067852798	0.054646208
2318	5.4162411	0.30065943	2.5410133	2157.4044	13.464125	11.79531	-0.010828501	-0.0053472294
2319	3.5632386	-0.0094295349	1.0263795	1144.2484	33.900782	10.486522	-0.10135735	0.098709913
2320	5.9692684	0.79750906	1.7806863	1912.2221	39.808284	26.165483	0.096224512	0.19226835
2321	5.6069122	0.75869254	2.1377373	4086.2308	56.093113	54.569784	0.097875511	0.22873712
2322	3.3929633	-1.2949641	2.5524914	1259.909	13.221808	12.859064	0.050295852	0.11444354
2323	1.8461318	-0.55641744	0.55407691	701.53224	42.01606	41.847787	0.024820028	0.04538964
2324	2.6756441	0.87318728	0.58397908	2111.6074	36.506137	30.625028	0.082922487	0.022554286
2325	1.9704224	-0.14178671	2.507136	2603.9692	12.79252	12.298572	0.0032510883	-0.0038002922
2326	0.83350258	-0.68118179	0.41783621	3581.0884	25.592851	21.486491	0.037328908	-0.042934712
2327	2.139852	-0.058709396	2.6348539	4013.8821	55.16184	52.178676	-0.31705543	0.25030227
2328	3.7700649	-0.018138615	2.0508018	322.66802	1.5695765	1.3371062	0.095181746	0.08259793
2329	1.3966112	-0.41424949	1.1424261	2962.7782	45.44028	20.870314	0.36868114	0.33628924
2330	5.1345303	0.28801032	2.844414	256.22902	16.965217	7.9790479	0.027052014	0.17883476
2331	2.9861568	0.72389537	2.6625038	2217.0494	28.258918	27.716917	0.030949203	0.3390285
2332	3.5378575	-1.3338856	1.3797931	4241.8018	64.484959	36.09997	0.33288922	0.052059451
2333	2.7041404	0.5138952	2.4953803	3646.6529	39.551368	35.507919	0.0070030308	0.2745722
2334	0.60284784	-0.079455128	3.104023	1913.0737	13.160939	10.72371	0.38417418	-0.34305502
2335	5.8440701	-0.87026517	2.6209895	3138.3896	27.353171	19.342072	0.11840614	-0.014909516
2336	4.5709679	0.59616547	1.8607057	470.10851	29.588948	24.54448	0.16593687	0.032284007
2337	0.44434416	0.99210119	2.3308653	1686.8417	20.241731	11.22831	-0.0226423	-0.011897465
2338	4.9102393	-0.98164971	1.053632	939.15065	44.955901	33.861224	0.13415178	0.12657774
2339	5.4145392	-0.27808344	2.4701886	5849.9366	65.855263	62.801664	-0.057028707	-0.0036914297
2340	3.108803	-0.27194577	0.28694057	141.52337	13.149187	1.7524237	0.098103529	0.10118262
2341	0.99920102	0.31149966	0.5654589	2483.7531	31.476193	22.649315	0.053155778	0.10230081
2342	5.9531422	0.96232948	1.7238596	1439.6922	55.809446	55.060033	0.13443498	0.13791748
2343	1.6280151	0.13848754	0.59353847	999.82555	12.039662	10.76956	-0.016056561	0.0024708313
2344	0.26056378	-0.47871328	0.26342664	7100.5384	72.900882	72.025138	-0.00012790746	0.13508158
2345	1.8587469	-0.84173277	0.49807239	4706.1883	46.633519	43.871276	-0.26412596	0.096419671
2346	1.8953429	-0.5449701	1.4876928	2074.1543	47.114656	21.578458	0.0020511668	-0.063482739
2347	3.3994118	-0.17524203	1.0647667	1570.3766	19.518256	17.994521	-0.15373582	-0.14249638
2348	6.2651843	-0.32348233	0.97369288	2387.3339	60.951548	50.164934	-0.47718648	0.072440965
2349	0.57918185	1.0655265	2.6356531	4353.3652	61.070773	53.303714	0.12467817	0.18269684
2350	0.083248238	1.1470025	2.8140816	3935.7035	57.171217	32.58731	-0.0069706165	0.035954567
2351	6.1123611	-0.28393006	2.6654333	8284.1331	87.150953	63.384001	0.07735679	0.012034802
2352	5.8754208	-1.2331653	2.3651113	239.08393	1.6732302	1.5135887	-0.15594355	-0.11136718
2353	3.9698463	0.11871882	2.6441554	1796.1275	48.907028	43.997191	-0.061111527	0.11067929
2354	5.4578541	-0.32042703	1.0423084	1872.2047	36.617079	31.364562	0.0085878638	0.049760157
2355	5.415534	0.42053177	0.43822878	901.66963	10.243349	8.5145301	0.017014401	0.059933194
2356	3.711001	0.9482582	2.119774	2724.392	70.50553	50.22619	-0.33443984	0.047669486
2357	0.55874179	-1.0294092	2.4653806	1785.9387	28.590997	14.11164	-0.0024133106	0.051964501
2358	3.1036843	0.44040496	0.46261132	6514.0929	59.673903	56.943901	0.47957294	0.012501695
2359	0.0080134468	-0.034185299	0.61000808	787.17874	10.779745	10.194018	0.29383209	-0.14093801
2360	3.2030315	-0.29701452	0.6591825	563.85412	13.354231	10.805697	0.0036771714	-0.14568718
2361	5.5518159	0.1551498	1.7422552	392.66352	36.325061	10.315002	0.69549749	0.26671734
2362	6.2317381	-0.30624861	0.46244793	5641.4897	57.407941	48.856009	0.080560376	0.22201669
2363	0.82147369	-0.10918585	1.1165216	1020.1374	23.532399	10.982823	0.028965702	0.0052035169
2364	4.4670305	-0.23280763	2.1779496	3010.1225	103.16422	88.184222	0.55388734	0.037432743
2365	1.1836032	-0.16262365	2.6031375	3669.3058	32.540388	14.443196	-0.04098127	0.073307359
2366	0.53715758	0.98110735	0.56455911	2489.4013	50.152623	38.949469	0.079080101	0.046251043
2367	5.4537721	0.7534396	0.61465207	461.78615	2.1083523	2.0547682	0.074151896	-0.024828993
2368	0.22829196	-1.0336741	0.66708061	1520.0646	30.866614	25.350129	-0.032771975	0.060955725
2369	2.1723892	-0.048724533	0.50199306	4083.5932	39.008315	32.741295	0.08923073	0.011006661
2370	4.1999582	0.42250001	1.9463967	1483.2915	15.11236	12.025405	0.035034792	0.11402095
2371	1.6049988	-0.44713871	0.74491629	744.73222	11.904544	10.596934	-0.36822361	-0.15350156
2372	3.8475328	0.55072196	2.4751801	7973.2444	64.192635	51.16294	-0.088831842	0.033489717
2373	1.1999519	0.032645175	0.2552149	2055.3261	16.014342	13.514669	0.032822349	0.0057639208
2374	1.1665583	-1.039319	2.2355774	1504.7912	26.435269	16.311465	-0.17615334	0.031707053
2375	6.0011795	0.90584316	1.3793904	915.29932	22.781557	13.904362	0.083779298	-0.16426401
2376	3.5340655	0.096060368	0.80196531	1274.4242	12.463269	12.209854	-0.126271	0.057140983
2377	0.56990809	-0.6314844	2.2243054	776.60766	10.753226	8.2367817	0.032671892	0.15731615
2378	0.60176154	-1.5405524	1.3077581	418.65607	10.319002	8.5662778	0.018080091	-0.011529039
2379	3.8200966	-0.72009745	2.7961721	1671.3655	37.222653	12.059279	-0.0099671347	-0.13652292
2380	4.2884792	-0.19893112	0.64646809	2858.3889	49.610659	48.704894	0.15248375	0.011820329
2381	2.1520685	1.4646409	2.4817729	1659.2588	17.2945	12.603568	-0.16945909	-0.026434892
2382	5.202841	0.47065071	2.4065885	1689.0926	30.870349	29.487418	-0.0055866621	-0.15180609
2383	3.3409707	0.01366249	1.5625529	1107.5543	23.136813	5.3575937	-0.036189027	0.026170505
2384	3.6069404	-0.164844	2.4024825	5354.8384	79.261284	45.934953	0.0017291184	0.40855287
2385	1.2148291	-0.65539365	1.1636061	1391.1866	12.459254	10.870004	0.12900462	0.46171383
2386	5.9125921	0.8837983	2.5521915	630.40243	10.715221	3.4377289	0.11741225	0.12161412
2387	5.3700136	-0.33460673	2.9134739	3049.7518	55.46212	54.17426	0.0041654495	0.098466443
2388	1.0213451	-1.239735	0.42261987	475.05633	31.997522	1.422086	0.13345484	0.01449226
2389	0.060834241	-1.0583643	0.94584069	1040.8643	11.297765	10.278493	-0.031060725	0.018278451
2390	1.8578293	0.041872925	2.5058341	4099.2879	62.027576	39.860143	0.27492368	-0.30007523
2391	6.0955736	0.0024292799	0.59812669	1903.3927	12.821775	9.9936187	0.35837905	-0.15253081
2392	5.0128218	-0.16559958	0.2435519	2639.581	52.560753	37.526625	0.13899044	0.030993621
2393	2.6359086	-0.23042103	0.28010602	2879.7409	42.283221	35.74776	0.083680129	0.037270557
2394	2.5061711	0.7760549	0.90723941	1583.1166	11.002367	10.291613	-0.11975677	0.24330614
2395	5.3891079	-0.30910378	2.1712266	823.96773	36.718633	30.021128	-0.019010035	-0.0054863836
2396	5.6396569	0.08369127	2.1397301	4920.7612	127.68481	98.885501	0.27560947	0.046623861
2397	4.2644342	1.194071	0.94135031	446.27574	16.707315	8.5063204	0.21677733	0.28997119
2398	4.4986764	-1.0076797	0.6487214	240.39386	3.7544128	1.5321448	0.033571887	-0.018913087
2399	5.5196754	-1.0768105	1.953857	648.14781	13.84577	7.2577517	-0.035868769	-0.011066224
2400	1.9855817	-1.0105074	1.0122228	2087.5384	53.365422	42.898212	0.14620221	0.41134866
2401	4.8699555	-0.507235	2.591544	4106.8779	29.02643	27.850641	-0.088108627	0.0046089521
2402	5.4930282	-0.5664704	2.3540347	1041.2605	45.128244	36.400332	0.26609061	0.21980454
2403	1.5272665	1.0584148	0.6956806	1938.0382	40.950988	34.084904	-0.012409799	-0.039368663
2404	1.1714467	-0.93919791	2.3631991	750.28702	93.362162	74.626401	-0.09597799	-0.052577465
2405	1.400642	-0.39896224	0.47499642	349.71498	10.691746	1.2163463	0.19069811	0.011126854
2406	3.0516512	0.71416832	0.20465482	1046.4223	10.3379	9.3230772	0.0087107719	0.27227483
2407	5.9590956	-0.52285902	2.089465	1857.8296	13.457675	11.076505	0.11154376	0.073061385
2408	0.75339533	-1.0790196	0.42188225	4629.4583	45.680124	34.831403	0.23828535	0.17864526
2409	4.5605338	-0.80905369	2.8433522	607.40088	10.191176	5.2517798	0.10193972	0.0043629968
2410	0.28251589	0.75623955	1.7437434	3018.961	73.674898	60.721364	0.31666867	0.060550885
2411	6.0214156	0.85624891	2.4180556	1505.6502	13.40682	11.75673	0.15668251	-0.14693343
2412	1.3040181	-1.4196166	2.4877856	2688.2517	47.849355	21.101579	-0.096076474	-0.0058786402
2413	3.3685024	0.43278483	0.58780165	1015.1631	10.747237	9.1958739	0.27962683	-0.050354268
2414	1.8709048	0.02453248	2.3090487	4086.8275	63.329709	60.712634	0.18297975	0.38784181
2415	2.9510761	0.0098707793	1.3724987	804.64349	20.880875	17.002776	-0.011547092	-0.014139394
2416	2.8409174	0.23579701	2.279222	1101.9345	44.192984	42.932976	0.36130663	-0.022218268
2417	3.4276954	0.38648949	0.5792072	1922.9478	21.899612	12.793301	-0.041458137	-0.13936487
2418	5.5122031	0.48476405	0.12959843	2727.0648	14.44444	11.776177	0.38999648	0.011940285
2419	2.393399	1.3455288	2.6874426	1951.9101	59.880017	44.229309	0.042233913	0.25921165
2420	4.0934421	-0.81330717	0.81236017	1510.5466	17.526518	14.168749	0.46844783	-0.22977995
2421	0.61805548	-0.023384479	0.87986968	1675.0748	13.584126	9.921248	-0.011252399	0.050560521
2422	1.8726093	-1.3388982	1.1878985	1601.5161	44.388253	38.450754	-0.059143102	0.093064864
2423	6.199683	-1.0253706	0.28014989	869.61348	31.211192	27.363872	-0.016998854	0.069318415
2424	6.2016041	0.67496951	1.0224086	1495.6506	80.167452	75.31926	-0.2997808	-0.15305808
2425	0.097817565	-0.20829717	2.957114	1125.4998	11.196415	9.7976649	0.13379134	-0.035758559
2426	0.63831926	-0.36846994	1.1737649	345.87372	13.033485	10.742168	0.084018262	0.0030209903
2427	1.4307079	0.96796501	2.7073554	168.07492	8.0783624	2.7137678	0.050266193	-0.014420505
2428	0.47786734	-0.15495619	0.97554398	3073.217	59.672535	53.734782	-0.0035525389	0.089527227
2429	0.33330824	-1.0218405	0.52942198	1994.6236	45.029689	34.378654	0.20905888	-0.0028255413
2430	1.5120543	-0.80337522	2.5581341	2563.8165	37.65557	29.303337	-0.017985694	-0.027538033
2431	2.2590226	0.78350919	0.7146048	1999.9595	17.267806	10.448557	-0.0041563288	0.016466772
2432	4.6009263	-0.52998302	0.49408955	3466.8273	28.192059	15.636078	0.091878628	0.0030598304
2433	5.5070755	-0.0096282596	0.28781068	3103.102	43.923164	39.912334	0.71435817	0.27520895
2434	2.0504311	0.26926387	0.54588447	764.19954	11.279966	3.1846018	0.31387325	-0.0021299789
2435	0.02877855	1.2914788	2.7299433	2574.9608	13.80025	12.252127	-0.026580086	0.034503524
2436	3.133087	-1.169251	2.7747349	755.13135	9.8083715	8.1773512	-0.002586328	0.18454605
2437	3.7876098	0.8848883	0.74187539	1307.5713	12.039581	11.774709	0.012412833	-0.0040451293
2438	0.70984826	-0.79342118	2.1277767	6106.0606	64.882885	53.392898	0.034558139	0.13662822
2439	5.3962822	-0.81476329	1.0887747	686.1002	20.415842	9.3851088	0.39499769	-0.11335969
2440	4.1381801	0.63912266	1.1840972	897.87449	12.199085	11.064334	0.010481635	0.21553113
2441	2.4499647	-1.3870153	1.7831305	357.71025	10.659466	3.6616023	0.40425775	0.0279901
2442	4.9000144	0.019284923	0.59661639	1669.9025	23.118666	11.70534	0.048386379	0.24330361
2443	5.0053128	-1.1753519	1.9375981	6086.6251	160.53002	100.64503	0.25390427	-0.0070679215
2444	4.1695265	-0.32611452	2.947926	365.27835	2.7942273	1.3663975	0.017112635	-0.055805258
2445	4.2977307	0.88675022	1.816353	287.7945	9.3093237	6.3824573	0.19243557	0.010556078
2446	2.9792796	0.38102987	2.6446327	1592.0548	32.38548	11.098364	0.051902555	-0.5147221
2447	0.96972178	0.072083566	2.3352889	1210.2802	11.829523	8.4709021	0.0071826716	0.00064223355
2448	0.5357141	0.28562084	2.6388951	4505.7318	50.964771	48.066931	0.25359617	0.11780289
2449	0.99120701	-0.31130221	2.5291754	1861.0839	13.760364	12.347768	0.072004279	-0.21432645
2450	3.4680792	1.2129733	2.7897265	2857.7076	47.262623	33.191378	0.041161856	0.10646338
2451	3.287733	-1.183093	2.1144365	1183.5731	12.62739	10.675469	0.0096896815	0.0078806722
2452	4.5727928	0.43723335	0.36250505	4420.805	69.946914	57.403829	0.073986035	-0.054658722
2453	2.7539181	-0.043763316	0.23695058	1123.9333	18.146203	12.597119	-0.017170736	-0.17456323
2454	1.9148394	0.085122292	1.1932649	2983.4706	73.747591	50.737329	-0.11546667	0.0020412356
2455	5.873131	-0.38786044	2.6924231	4239.094	53.214403	51.579184	-0.016907623	0.0012866602
2456	2.6667663	-0.1647957	0.86666836	771.64556	15.362985	9.984683	0.0040265299	-0.19251804
2457	5.6823696	0.12722977	1.1296991	634.13348	42.931217	11.216718	0.042768272	0.0016250817
2458	4.5652057	0.92125621	0.47770717	5075.245	70.043885	63.875627	0.0053074675	0.055690172
2459	4.8155738	-0.87912469	0.83504133	185.82594	1.792673	1.3959881	0.046147438	0.02290769
2460	2.9151304	0.75365036	0.6641316	2320.9604	41.112197	36.686686	0.049313744	0.062451606
2461	5.0565021	1.0125752	1.2192834	3176.4257	51.431278	42.870598	0.2826543	0.12337604
2462	4.9830636	-1.1322356	2.1048215	346.74631	10.736675	2.1238111	0.34441859	0.075566039
2463	3.3882199	-0.39512057	0.69455147	298.69493	1.410337	1.2661619	-0.024524022	0.026964011
2464	1.9926201	-0.53958284	0.4051814	282.44457	1.6270637	1.3443398	0.02136078	-0.05355942
2465	2.9183557	-0.63958247	0.83206449	1009.2793	25.121562	12.289766	-0.1884474	0.23624827
2466	2.123998	0.010824789	2.261227	1321.5197	53.946167	35.999901	-0.01555105	-0.06675147
2467	4.0928085	-1.0566474	2.9087141	1286.2526	27.148835	10.379877	0.056608681	-0.087540345
2468	3.0758193	0.27488446	0.37967591	4449.298	34.525897	28.788527	0.69670271	-0.060857716
2469	2.7856529	1.0337588	0.75638275	1319.5705	39.989355	3.7869258	0.40857467	-0.037964789
2470	5.6106768	-0.60922579	0.6209888	721.64584	10.856401	10.046663	0.10380368	0.070106235
2471	4.1532562	-0.070958299	2.3940746	3853.6512	54.756214	52.296893	0.23361826	0.078825975
2472	1.3764735	0.71127112	0.43276754	1951.6837	12.350295	10.593713	0.095912342	0.36592812
2473	3.9890607	0.072588838	0.17698937	3171.1752	13.443286	13.415283	0.009428601	-0.056605368
2474	4.1539111	-0.79548022	2.901048	1506.5906	38.679755	27.016889	0.012817105	0.17126396
2475	5.9513392	-0.45785945	0.53192503	1123.7262	9.1246536	9.121833	-0.13036033	0.050929988
2476	2.6555548	-0.78074553	0.14062062	7350.1897	69.995274	40.21322	0.41662916	-0.046582665
2477	4.6215035	0.85302981	0.13770723	268.28181	2.5594473	1.2772737	0.29094085	-0.02517421
2478	3.0238334	0.87235825	0.43311248	1857.5493	46.52037	12.44515	0.0042056377	-0.23839536
2479	4.3405752	-0.70924089	2.5123015	2186.0751	24.055894	23.074176	-0.32130111	0.097920906
2480	4.7462798	-0.040724861	2.0101187	1835.335	26.461245	15.14161	-0.017749721	0.041000976
2481	2.7010878	1.2613845	2.6847152	3254.616	13.992145	13.232762	-0.21436106	-0.035537052
2482	1.6324491	0.36686597	2.1007764	5579.8742	112.74574	89.129606	-0.031995543	0.011451764
2483	2.933521	-0.88109771	2.6966428	1080.5329	38.500154	30.331898	0.13807027	0.008246369
2484	6.257987	0.37304347	2.2373765	1635.7844	46.451738	38.055803	-0.01681113	-0.09404028
2485	3.8157122	-0.78034219	2.6644207	1464.6602	22.726332	13.088266	-0.26878564	0.27465023
2486	3.0210491	0.11696089	1.829708	240.30726	9.4365965	6.0502249	0.70253567	-0.021940501
2487	3.3895529	1.4689187	2.3075541	806.13637	10.345607	8.3034818	0.049993808	0.049319582
2488	4.6708882	-0.6023828	1.1691819	944.5919	10.081493	10.016373	0.064963776	0.11792211
2489	0.46563402	-0.74231419	2.4581028	326.16858	10.038151	9.2438209	0.013793878	-0.00012894683
2490	5.8002328	0.32242924	2.2059959	986.03485	9.4951778	9.3557149	0.017408021	-0.22276231
2491	3.2967039	-0.29249854	2.6003533	8031.3035	104.83701	72.126424	-0.11546667	0.0020412356
2492	3.938193	0.79756888	0.57693964	4810.0262	119.85314	62.64267	0.3154185	-0.0055390402
2493	4.2381278	1.2813894	0.34495783	2516.7239	12.94333	9.2871319	0.14929855	0.011323353
2494	1.8110786	-1.052734	0.67895603	1539.6015	71.043862	42.496766	0.023658973	0.24056057
2495	4.5670144	0.50655009	2.1109101	933.19463	11.042422	10.470675	0.037279001	0.0045425906
2496	4.974095	0.95046281	1.1911795	3646.2917	59.096401	53.481894	0.13311879	0.23709128
2497	4.9437108	1.0440083	0.58152756	363.39912	21.422208	15.927364	0.21381823	0.020922778
2498	1.3446667	-0.80361723	2.1419118	543.02323	10.461205	8.1299998	0.12948908	0.063996123
2499	3.8266562	0.36137244	2.6174578	2040.651	13.726399	12.569796	-0.0042775098	0.020484058
2500	4.4500804	0.7895246	1.5236814	405.59484	6.6382536	1.8348701	-0.0021170494	0.050970589
2501	5.095742	1.0712069	0.13356455	13663.998	103.44787	78.564201	0.14819729	0.11560471
2502	5.4367214	0.25386538	2.6003318	2049.08	73.994683	68.871724	0.049970064	0.016117178
2503	3.5040546	0.82918503	0.31884647	1836.0753	10.8933	5.6113918	-0.13282439	-0.057784005
2504	4.8104635	0.19388821	0.36169899	1041.0914	10.653259	10.402989	-0.13308927	0.10642831
2505	5.6760182	0.80010053	1.0683476	4811.1716	62.805642	53.327284	0.017437011	-0.014187364
2506	3.6473723	-0.95001211	2.8858831	2566.0452	58.202719	54.71112	0.03589898	0.11140357
2507	5.3603424	0.84937099	1.2058893	353.44362	2.5083128	1.7379393	0.047497326	0.049602046
2508	3.6050581	0.20801684	0.85832187	123.7262	1.5864776	1.4514554	-0.0087914707	0.12450125
2509	4.8225711	0.84388553	3.0613675	2891.9772	14.465326	12.396727	-0.020979139	0.055621013
2510	5.6701786	-1.0057493	1.8834314	5538.8981	124.13697	63.989123	0.17097917	0.010863064
2511	4.053079	0.64357889	1.6251579	906.54317	11.671177	10.350758	0.21135448	0.058485374
2512	4.753324	-1.038312	2.4205579	381.76334	17.805789	16.358882	0.0055840555	0.20793903
2513	1.9895715	0.90323879	2.28182	5845.7156	97.379829	77.115444	0.011524961	0.040293048
2514	0.80775472	0.094790275	2.8089574	3161.6714	38.012203	32.987783	0.001987464	0.13824967
2515	3.3868371	0.74771719	0.59651787	1336.7205	12.051195	10.477683	0.10153489	0.016645318
2516	4.1561653	0.26254486	1.9636612	1196.8659	31.004541	21.341503	0.0048177708	0.3331157
2517	4.9635336	0.51398966	0.99324305	209.64785	11.789969	8.2769931	0.0075731204	0.20817997
2518	4.769669	-0.10800647	0.25290173	5488.6652	45.668823	44.341648	-0.28688974	0.1565564
2519	5.6534742	1.2959258	2.5191025	5337.1241	64.724259	57.204808	-0.0011701317	-0.08578561
2520	6.2492655	-0.21692795	2.8298462	5476.5626	77.984904	74.859618	-0.073753325	0.022635992
2521	1.2714794	-0.23075124	0.48589612	1111.6497	11.587111	10.401087	0.010134988	-0.028514408
2522	4.8072428	-0.97152599	1.5501805	788.40323	12.059581	9.6493111	0.12300868	0.13820712
2523	2.6087596	-0.45725704	2.1083401	2207.4326	96.859621	45.90753	0.47701607	0.043114878
2524	2.4038885	0.77340525	2.7708038	3063.3223	37.054843	32.504241	0.27989338	0.69847873
2525	3.8696345	0.93911118	2.2565591	1752.2488	37.810636	12.212391	0.002070061	-0.0019753636
2526	5.8727221	0.41425323	1.182494	83.895924	1.2683286	1.1391347	-0.015159673	-0.00092079101
2527	3.2617651	-0.75696282	1.9272882	248.98459	1.7089824	1.4243206	-0.092599376	0.068083915
2528	0.22515358	0.25779804	2.4913108	3413.1851	35.185604	22.67388	0.01045355	0.0041155091
2529	3.7776562	-0.86170714	0.71536916	2290.325	20.317057	14.797145	0.13121247	0.33605109
2530	1.9900912	-0.64068998	0.77647082	1229.8237	13.695339	12.460766	0.061368711	0.40619272
2531	2.6688505	-0.7638044	2.4447094	1956.0901	14.564123	13.841819	-0.32821108	-0.0045535155
2532	4.0562324	-0.45680935	0.90423589	327.1053	9.8479628	7.884195	0.52671908	0.10047379
2533	0.89970387	0.29860839	1.128824	659.29901	20.697167	18.126615	0.040675788	0.51235971
2534	1.920258	-1.2363486	0.49888323	5531.9308	61.980886	48.952065	0.045291732	0.40820018
2535	2.4878771	-0.98308205	0.85681232	5390.8347	57.064681	53.143033	-0.0010144016	0.028195193
2536	0.26006177	-0.90979154	2.7710171	2591.1203	40.131497	32.034341	0.11852558	0.069720576
2537	2.8860116	-0.95921813	0.57186498	362.96972	9.1176052	8.8807144	-0.0013912475	0.028885632
2538	2.455452	-0.29757947	2.0758577	1313.3094	14.725752	12.818781	0.10612541	0.0077114793
2539	3.7213377	-0.76401763	2.3380981	2110.7695	53.829367	23.396426	0.089218034	0.084933973
2540	2.324331	-0.015635425	1.180448	1398.0953	12.920076	11.550938	0.084437893	0.24104651
2541	5.6259896	0.47575853	0.37008694	8730.0059	87.299236	52.64053	-0.34993394	0.18653439
2542	2.6160742	0.37031493	2.3664781	2978.673	53.123703	34.362732	0.19113998	-0.13200751
2543	5.2458212	0.97546698	3.0029379	190.76986	1.9834786	1.7481473	0.18570156	-0.047507997
2544	0.65555181	0.57256554	0.59781934	2645.8363	13.076097	12.939752	0.010786434	0.04904374
2545	4.0019032	0.13233918	1.0743879	1317.018	35.631871	13.174134	0.18552839	-0.022498957
2546	3.0742327	-0.5434852	1.0431087	2125.7757	17.999537	11.904117	0.029554122	-0.023397195
2547	5.0755614	-0.20719808	2.8540292	7740.9051	104.89308	64.62984	-0.11442295	0.12622025
2548	1.6098437	0.14625536	2.7088828	242.18258	3.6258436	1.5022703	0.020695576	-0.12837798
2549	5.8800753	-0.43799511	0.51338033	678.11085	11.801963	9.685939	0.011375756	0.018393832
2550	1.8318576	-0.069701183	1.0885711	531.89534	8.0489724	7.9241162	0.053183993	0.023980039
2551	2.5867942	0.060935005	0.41219546	1826.6079	44.866551	33.46657	0.036668802	0.023358589
2552	4.0351964	-0.027137078	1.6899458	555.458	9.624062	9.6093025	-0.020329385	-0.05628899
2553	2.2206772	-0.068850265	0.32884427	2174.0522	43.618187	10.797394	0.12479147	0.12311649
2554	2.4735933	0.74307503	2.2518286	5357.7614	71.415021	52.287814	-0.02622397	-0.065739524
2555	1.5145784	0.29852046	2.0084944	1300.12	41.747772	16.087292	0.24578516	0.17068225
2556	0.66978089	-0.064132858	2.7586261	1419.6021	40.290611	10.671445	0.011793012	-0.13647739
2557	5.3952632	-0.073748654	1.0462833	658.50206	10.026211	9.0636228	0.036404538	0.0082851854
2558	3.1678977	-0.83334225	0.44729944	1827.248	19.110791	12.947348	-0.045792055	0.11269107
2559	0.44592331	0.12354899	0.13329855	7287.1546	85.603336	72.214133	0.00056353224	0.30388118
2560	3.0783316	0.1478944	1.845443	785.83993	11.031843	9.9965653	0.33854511	0.12542674
2561	5.2149085	-0.48232104	0.31624673	890.71155	20.487305	10.24286	-0.088476042	0.018760881
2562	6.0829471	-0.71918469	0.52666436	2986.3021	48.389408	41.456978	0.0069517339	0.016294623
2563	5.6772491	1.3683224	0.53251828	842.30574	9.3520583	3.6165283	0.094424978	0.26521367
2564	1.0150294	0.1172008	2.44644	4045.0646	54.915676	42.41322	-0.070972305	-0.0032131114
2565	1.889993	-0.94893169	0.87151313	562.57151	11.261408	2.7290079	0.25372867	0.012468789
2566	1.1712407	-0.11587156	2.1670707	533.89165	12.492945	10.312122	0.58547301	0.0072836718
2567	5.5843415	0.53581195	2.1728955	1179.3978	25.768854	24.299329	0.20606921	0.003065743
2568	2.9870258	0.44762288	2.7395136	5309.9415	53.14305	45.191291	0.090794169	0.058945938
2569	3.1427428	-0.26594877	2.6759018	1851.5948	35.631469	11.785611	0.018903251	-0.018740656
2570	4.2119529	0.16025751	2.9923925	4634.471	59.359512	56.310935	0.045195676	0.064662242
2571	0.32591488	-0.27802351	2.2683388	7323.3838	64.702853	63.517583	0.0079902948	0.1123695
2572	1.0380135	0.98108054	1.0140844	592.78387	10.308392	10.215392	0.049310579	-0.02806222
2573	1.6309388	-0.38505713	2.8992311	10090.222	81.565242	79.873096	0.073573264	0.2276256
2574	4.0501452	-0.48387441	0.33548665	5338.2266	49.230764	35.525669	0.036306728	0.069655508
2575	1.9523441	0.48009621	0.59991814	415.52597	1.6658203	1.5450805	-0.0043179667	0.027025858
2576	2.0238128	0.75890306	0.56758154	1404.4057	32.996205	32.981305	0.25244957	0.10223337
2577	3.7514131	-0.28745926	0.52748832	2565.0575	43.219993	33.659314	0.14736081	0.24429477
2578	1.6274829	0.79424509	0.7960775	3740.989	61.667835	55.832734	0.2367705	0.025142335
2579	2.944644	0.62555564	0.97028523	1125.096	30.648748	24.627759	0.053462515	0.0068344564
2580	1.0956061	-0.36012247	0.77147773	2919.7969	48.131755	35.701296	0.20177216	-0.0036008207
2581	0.17645888	-0.47977136	0.8369498	2710.6651	83.410313	58.180284	-0.050632843	0.0046534098
2582	5.0100831	-0.8805717	2.4415824	914.67013	11.89011	2.0968231	0.065230195	0.0081193286
2583	3.5877217	0.26394956	0.43183659	2217.3097	60.984171	48.890594	0.16067415	0.014108396
2584	3.9290222	0.14518304	0.66591366	1658.8479	51.348644	14.732121	-0.31716985	-0.01107444
2585	3.5677439	0.82696096	2.7227532	8560.982	70.665824	59.614955	0.067856704	0.16793283
2586	1.2262145	-0.19524628	2.1881801	1543.7231	10.953791	10.445627	0.05737951	0.011645762
2587	1.8031874	0.83806726	2.5317573	1625.7491	32.236573	11.630359	0.26015922	0.031727254
2588	6.0005315	-0.26479146	0.93860694	541.14129	14.606124	9.162024	-0.0015281943	0.51380487
2589	0.98038337	0.61694242	2.3154649	1748.4272	45.648873	34.911027	-0.18730609	-0.033795022
2590	0.78291149	-1.0147555	0.7294781	1682.8515	46.833708	28.891787	0.011507573	0.068326837
2591	1.6181569	0.45173565	2.3026392	160.38114	9.2137443	1.6326386	-0.13179573	0.051931589
2592	4.9635078	0.60425556	0.9327461	873.65832	10.653076	8.8582619	-0.020911755	0.015706985
2593	3.4724096	0.53078049	0.2508114	2991.3276	16.66289	15.629084	-0.069033666	-0.0033082594
2594	2.3377611	-0.89753048	0.21296339	4190.4218	112.26371	53.352847	0.13469652	-0.21058555
2595	6.0215215	0.59982914	0.70039051	1162.5515	35.765465	22.09906	0.11351546	0.0031558569
2596	4.7223287	-0.38715773	2.1181902	3029.0391	40.220969	27.411299	0.066585515	-0.018910653
2597	3.8133683	-0.083689393	0.40249975	1571.353	10.752914	10.062924	-0.05251078	0.01608104
2598	5.117482	-0.3620326	1.5965565	3521.2497	66.643143	47.500037	0.02677321	0.0035032744
2599	4.1077864	-0.48823049	2.6966448	5456.8381	52.914869	46.746288	0.054781461	0.091024042
2600	5.700264	-0.55914911	2.316621	868.28322	29.168388	8.4173012	0.022787978	0.30528542
2601	5.768404	-0.99494312	0.66446068	4983.2424	52.003776	39.881706	0.13925577	0.020789259
2602	1.5322586	0.39449544	2.1300695	1350.8671	11.304108	10.831143	-0.0017084333	-0.1207338
2603	4.5930973	-0.60051069	0.60762604	3305.7424	13.716448	11.058591	0.28336783	0.33544489
2604	2.6180209	-0.77113084	0.87746506	453.51962	12.96063	11.545709	0.11181675	-0.044929491
2605	4.0199301	-0.75419236	0.92985233	1551.5337	25.403663	23.628379	-0.0080326712	-0.015790085
2606	3.7205632	0.088572911	0.80233301	1402.0475	59.111642	48.883186	0.021530892	0.066589609
2607	0.84077811	1.2205143	0.80750204	2371.2696	49.108289	31.10214	-0.1376759	0.012768142
2608	4.5993181	-1.3515194	0.6955976	3127.787	64.498338	42.040776	-0.022998664	0.26201395
2609	5.5709767	-0.60087552	0.45287553	927.92875	42.98164	21.121159	-0.11947381	0.06634168
2610	6.1234356	0.84709463	2.6737412	6127.3614	71.093001	65.326551	0.087927825	0.072407193
2611	5.7481528	0.59884247	2.6530063	1711.3786	47.983306	39.181188	0.080749523	-0.0012716019
2612	3.2031444	-0.59929679	0.52316325	3691.3593	48.58406	41.505466	0.19460146	0.042335538
2613	5.8764713	1.1310931	0.81461399	3154.3286	54.86586	44.152669	0.031131329	0.20920481
2614	3.122777	-1.3564144	2.4029881	749.02616	9.7598824	9.6039049	0.067559203	0.081328406
2615	3.9648326	1.1499004	0.5217395	514.15958	2.5382944	1.5154658	0.033244024	-0.098735601
2616	5.9716504	-0.17726373	2.631878	2113.5734	55.703545	19.152645	0.10982829	-0.056069209
2617	4.6587009	-0.63654311	1.4107193	4623.2545	67.364182	52.355162	0.49183889	-0.089369408
2618	4.0773867	-0.22565247	1.3052562	567.39208	12.214327	10.224836	0.055356426	0.23363059
2619	1.3649606	-1.3643173	0.60190556	2908.5716	23.168825	20.670919	-0.098212168	0.47422582
2620	1.8439086	1.3103602	2.3044461	118.00743	1.3575639	1.2292561	0.0029932169	-0.040838112
2621	0.7634876	-0.2606794	2.6306464	6155.4592	74.828596	65.079275	0.13005978	0.099296711
2622	4.8419475	-0.97928011	0.53372291	827.76344	24.379984	24.299689	-0.029452816	0.0010756534
2623	3.2420687	0.36214356	0.98963817	589.11909	3.7870091	1.56845	-0.00082216465	0.063409904
2624	5.4897447	-0.28676183	0.57367282	1746.5384	10.396773	10.205028	-0.092072798	0.20486083
2625	1.6238469	0.80679236	0.86775427	721.23119	29.959955	2.3989355	0.048263666	0.0018386721
2626	4.8711233	0.67738598	0.31460209	2318.6597	26.350024	20.784522	-0.44858831	0.020753726
2627	5.2964848	-0.20346614	2.525983	1044.4141	11.168955	10.715237	-0.11998781	-0.00041523032
2628	0.50167923	-0.047361094	2.2877503	336.16003	7.3782704	2.6850118	-0.012094363	-0.026233831
2629	3.5346405	-0.03865754	2.6575798	326.02566	10.549833	9.1339398	0.015309414	-0.060058606
2630	5.5163733	-0.45548671	2.5133458	5521.1262	70.48486	66.618793	-0.095580969	0.066847687
2631	0.33022072	-0.09570695	1.017055	117.35047	33.574018	17.811966	-0.036870977	-0.022066024
2632	3.7569813	-0.44062694	2.749226	2410.9188	11.834531	10.796014	0.34637002	0.0060752859
2633	1.9763659	-0.44579731	2.1122131	4343.0547	81.236614	47.698667	0.036246824	0.11044909
2634	2.3139718	-0.48729988	2.3759668	1687.2021	13.783267	12.276144	0.004704222	-0.052012376
2635	0.84916783	0.34839472	0.81896472	2855.0069	43.557604	39.069871	0.0035438955	0.1246824
2636	4.7988055	-1.0827404	1.2289482	934.87683	25.510484	9.8287493	0.082579833	0.29132674
2637	4.8463831	0.68310934	2.4611651	1569.601	11.06442	9.6437232	-0.22847494	-0.027816282
2638	2.7727706	0.37915766	0.92039659	923.23338	11.074591	11.026222	0.031323228	-0.023716191
2639	6.1405432	0.10626306	2.7112264	295.022	11.520777	9.6603401	-0.034724122	0.17090916
2640	0.85864864	0.37936613	0.17094914	3689.4159	19.180123	17.110115	0.0056138131	0.014304218
2641	3.9607386	0.19151429	0.60379618	4668.8654	69.964467	63.803817	0.0094550302	0.21581798
2642	1.0743312	0.9004917	1.5857592	1013.191	42.974411	34.243837	-0.0018302554	0.042498744
2643	6.2615388	0.061375404	2.7602759	453.97344	31.414525	21.16029	0.090023285	-0.034887526
2644	4.3895054	0.23434631	2.0733252	681.26312	10.098334	9.4740517	0.082800163	0.048468911
2645	3.4192877	1.0712697	0.96461029	557.94539	12.086643	11.727047	0.13899163	-0.043170058
2646	0.032712879	-0.24164007	2.8124848	724.73363	2.5865487	2.1831436	-0.0086247431	-0.04649337
2647	4.6833475	-0.39041642	2.5286352	208.32605	1.7671111	1.3040682	0.0019596574	0.099246276
2648	2.4804834	-0.098091907	1.293665	677.5407	8.8767293	6.9675071	-0.02648039	-0.057984524
2649	4.9446864	0.068029492	0.76776853	2215.1827	23.545198	11.796827	-0.026990302	-0.0043661795
2650	2.3710451	0.46802171	0.34983878	6798.579	77.410375	58.384513	-0.51578466	-0.03166279
2651	4.5708733	0.98661396	0.56975152	196.50611	1.3699642	1.3363068	0.049289107	0.004388572
2652	2.8068671	-0.61004541	0.90537207	3151.9838	56.058066	45.926104	-0.047068015	-0.10533705
2653	2.3476084	0.046866907	0.57112411	5478.9572	75.793156	62.05477	-0.12458852	0.12933784
2654	2.4077505	0.63600216	1.0893979	238.14037	7.4481595	2.8307842	0.009165902	0.0023849033
2655	1.6796026	0.83733185	2.6270426	1315.9768	11.748651	11.222049	-0.15715016	0.040839356
2656	1.9068065	-1.0013667	2.3625893	2507.1822	54.638494	39.625292	8.0981293e-05	0.052433088
2657	3.324083	0.53821214	2.2192432	9047.3305	183.98664	173.55861	-0.50663586	0.012633418
2658	3.5585942	1.4054017	0.24468464	654.03004	36.679417	35.656644	0.033171355	0.046700155
2659	2.1840546	0.86366723	0.40695325	575.52341	9.7039614	8.8330036	0.10939143	0.061697454
2660	1.181222	-0.15370269	2.7582175	2403.3799	50.01733	46.905989	-0.085059026	0.1964881
2661	5.5390144	-1.1743093	0.44194767	2816.4375	48.808573	14.347495	0.18235056	-0.029847277
2662	4.5065633	-0.73534856	1.7994325	1118.1475	41.041682	18.22565	0.02416177	-0.33091837
2663	0.26757631	-0.11332656	0.57022835	860.00372	40.268245	35.522598	-0.070392318	-0.30415018
2664	4.0622172	0.60462284	2.1554085	2269.793	51.077903	45.098969	0.290541	-0.07748287
2665	3.839573	-0.60575849	3.0499143	1189.0541	11.9749	11.73356	-0.02204287	0.032151271
2666	4.2987329	0.6299798	0.50748884	1675.0666	40.527619	12.173721	0.054130285	0.011671346
2667	2.9127983	-1.3723666	2.2567616	831.21471	28.834025	24.609572	-0.0038732024	0.03726479
2668	5.1824477	-0.2649584	0.71555152	524.48479	10.339002	1.40585	-0.014776612	0.0053044027
2669	0.45751955	-0.56203846	2.7767165	1287.9569	11.121081	10.328125	0.052251551	-0.02298364
2670	4.9295819	0.11638586	0.81449271	6884.3402	71.246864	65.964527	-0.37163641	-0.23620532
2671	1.213337	-0.083649732	0.48787457	2756.0905	51.951525	51.354241	0.0046276447	-4.5058532e-05
2672	6.2325141	-0.91282547	2.4613778	2640.5576	21.1771	15.449807	-0.277607	-0.029410015
2673	5.8105431	-0.9720188	0.27471399	3058.6513	59.793397	57.118869	0.19146941	0.076749033
2674	5.3079965	0.093096146	0.60269618	2247.8991	58.684012	45.841746	0.1449622	0.19590006
2675	4.4905265	-0.30444877	2.488111	625.72005	12.029365	9.3908532	-0.018341013	0.035073786
2676	3.7474964	0.17524359	2.3412865	2626.0429	28.583559	21.493409	0.26374796	0.1453376
2677	5.5034889	0.17693069	2.923901	6332.3926	140.49082	136.11069	0.01841092	0.16288294
2678	0.55280962	0.53351752	1.3132031	1157.6097	10.323976	9.809202	0.082941498	0.26834776
2679	1.7497494	0.16454487	0.27535027	1684.1343	49.119391	12.650065	-0.2211225	0.13512924
2680	2.8898936	-1.1822299	0.58194311	3474.2623	32.734474	28.879779	-0.064591528	0.05723926
2681	0.7950032	-0.62482715	2.6000281	2270.0698	13.509651	11.543157	0.00099630542	-0.2321454
2682	4.9495742	0.58962332	2.4272403	881.0424	8.0314496	4.6678187	0.10325878	0.085842498
2683	1.5085023	-0.39303073	1.7172218	1401.9176	41.869844	41.822934	0.070883855	0.099858907
2684	1.6204386	0.59687574	2.4572834	5622.2056	58.455932	48.009182	0.0011479263	0.26684738
2685	4.5820576	0.024401557	2.5833614	431.1155	9.6139314	3.9799693	-0.0039032111	0.028932541
2686	3.6563494	0.78905431	2.5063055	427.86111	2.3320076	1.8192906	0.14486016	-0.27066052
2687	5.8580859	-0.33450307	2.3336606	1162.2656	8.6480149	4.3187285	0.11541135	0.034183801
2688	1.2875262	-0.011102046	1.9829257	516.30393	9.3154875	7.7695061	0.0074511821	0.11266936
2689	0.045345768	0.094732064	0.94232398	282.05335	1.5732154	1.287185	0.022936039	0.0021973309
2690	4.2474173	-0.51284509	2.5332559	8518.9211	82.630044	61.324157	-0.0072496925	0.037821728
2691	2.5584945	0.30972096	2.3382882	358.57058	1.6275655	1.2739761	-0.1926882	0.10703873
2692	3.2479648	0.21190219	0.49727757	3787.173	47.650673	20.626367	0.15338584	0.052581648
2693	3.4405249	0.06006459	2.4112528	1624.1804	10.675693	10.209061	-0.083203945	-0.023884171
2694	3.6033976	0.84667753	1.2473283	2423.739	42.377835	40.820506	0.37858634	0.21310018
2695	4.1826377	-0.24722521	0.76118293	5234.4063	54.973096	42.929452	0.068718017	0.17769067
2696	2.7372366	-0.10620721	2.1472401	1939.6973	14.518451	13.551875	0.2787238	0.27761212
2697	3.8257273	0.95871711	1.3154498	733.65747	29.131905	19.754656	0.14936373	0.12804402
2698	0.77545053	-0.17770287	2.0023032	478.14612	12.907538	11.450712	0.038920684	0.088324321
2699	3.3004701	-0.51702545	0.81236856	170.82356	24.650097	10.673475	0.089833996	-0.039094071
2700	5.0072084	-0.45374271	0.92066012	7976.4805	103.59669	71.001774	-0.024413133	0.04970306
2701	3.6396168	-1.2231015	2.7856912	2554.0554	42.663236	40.680528	-0.045614395	-0.1689371
2702	4.0289593	0.22333301	0.49316033	1633.0339	11.783392	11.300774	-0.013846769	-0.13927449
2703	1.0602085	-0.12763724	1.9790025	885.66984	37.574672	18.411736	0.14642016	-0.031441203
2704	0.62000921	-1.4204336	2.7723962	1462.4078	34.123686	10.718881	0.084378642	-0.01889521
2705	3.8374593	0.84740933	2.4454035	500.31544	10.93605	7.3709267	-0.019266501	0.009247362
2706	5.2351758	0.18868981	0.98055415	3725.3193	44.767924	35.028442	0.2082826	0.0055707921
2707	4.8932156	-0.11101226	2.1749337	483.27293	10.965843	9.7054926	-0.054776362	-0.21068835
2708	0.029240009	0.25507356	2.2341888	1135.5564	24.433912	17.288866	0.66915986	0.39079213
2709	5.5286651	-1.3045631	0.1946881	3212.2078	27.839826	17.936601	-0.19785239	0.12647911
2710	0.13454389	0.11310429	0.13767826	3355.8357	40.979687	38.178269	0.10093014	0.024314911
2711	0.12028456	-0.25230182	0.74000548	304.49596	1.8543316	1.6565082	0.017106611	0.035255799
2712	1.0674761	0.84332906	3.0271803	5038.9714	18.556704	14.847897	0.12300868	0.13820712
2713	0.43179446	-0.39732538	0.63386664	1748.8843	34.941839	11.6262	0.032416396	0.2765367
2714	1.3472538	-0.15903329	1.0030631	813.4536	34.558077	30.865893	-0.12409348	-0.15821916
2715	1.2019952	-0.52090971	2.3314379	1061.4746	46.436161	42.868445	-0.10838877	0.03330134
2716	3.5618401	0.3380277	0.60903644	4695.1524	48.874594	39.729743	0.0014709259	-0.079882151
2717	4.3550527	0.3337642	0.32634555	6945.8907	80.695583	53.013964	0.056847882	0.047329091
2718	3.7901859	0.67220136	1.5186477	624.89023	10.595318	10.109	0.076400977	0.27131774
2719	3.0427368	-0.53455784	0.67443512	6788.0952	67.831958	60.198181	0.091314352	0.25535335
2720	1.9981448	0.42354382	0.41768381	1469.1063	17.685433	11.504799	0.035861468	0.18340296
2721	1.1689619	-0.24839072	0.98836151	2413.9244	60.312434	54.199047	-0.0075132346	0.00034003068
2722	0.63968571	0.37448021	1.9835309	1350.3254	26.253887	9.941845	0.44411055	0.019891328
2723	0.91555365	0.14069836	0.5206599	491.14632	22.561902	22.492896	0.0095508516	0.15468319
2724	0.68681903	0.56448937	2.9413593	655.00715	41.437001	33.239489	0.16904991	0.23595889
2725	3.2203335	1.1816222	0.15246465	503.75035	9.4022277	8.2858049	0.078907232	0.004442597
2726	2.9212585	0.68665047	0.39270085	8330.0142	84.559506	57.158712	0.49912687	0.053456703
2727	4.6199805	-1.1795968	2.1427665	1115.4567	11.418492	10.642768	-0.16032496	0.014886624
2728	0.61894832	-0.35256991	2.6597989	1863.9562	12.897835	12.498955	-0.004628747	-0.006581689
2729	5.6416783	-1.2715851	2.2513348	3892.8444	111.6385	58.349192	0.3154185	-0.0055390402
2730	0.54076326	-0.72494726	2.2923961	2943.6769	18.804865	15.067122	0.084698516	-0.055802315
2731	4.1483994	-0.12094383	2.7369722	2615.483	17.857239	11.950931	0.046468773	0.20426269
2732	2.0858833	-0.37169667	2.9764688	5964.0146	62.044579	58.042569	0.11284142	0.16260236
2733	2.5510566	-0.37183119	0.60890132	213.4007	9.0750306	2.2970927	0.031664873	0.039533756
2734	6.2129887	-0.58004346	2.0472292	2473.1485	44.308324	23.626908	0.0030728636	0.19294468
2735	3.6724698	0.82011457	2.5426727	1058.9796	12.61684	11.65235	0.048806805	-0.021988658
2736	2.2488288	-0.5112125	2.3530331	946.59444	17.969927	15.380486	0.081523796	0.044199992
2737	1.2371675	-0.14269607	2.0825741	661.72437	9.4420631	8.8359287	0.011669599	0.0097036799
2738	1.5044547	-1.2050373	2.3646074	2129.7222	46.827265	35.424882	-0.060798959	0.16035057
2739	0.44539114	1.2997589	2.9762411	1741.7521	12.363938	11.709017	0.013100519	0.15165543
2740	3.8026294	0.47164541	0.19055353	953.45695	33.125408	22.537917	0.0013071676	0.038691612
2741	1.4178483	0.40057204	2.4869657	430.06263	8.4331822	1.9651915	0.10657811	-0.044619152
2742	4.3216143	0.6794445	2.0980947	1377.2711	67.624969	30.478881	0.3688708	-0.040825573
2743	6.1796016	-0.44460656	2.2583294	1285.9863	13.455248	11.734223	-0.059311993	0.0058728155
2744	1.1665296	0.15906853	0.97840627	1285.5006	16.194729	15.423697	0.010075261	0.16457013
2745	4.852174	0.23660667	2.4277827	1258.4587	35.124906	29.407684	0.068059269	-0.0067461708
2746	5.9698746	0.52042812	2.278338	1079.3116	57.873819	30.47664	0.17821797	-0.1375093
2747	3.32102	-0.031586575	0.29376969	2930.9118	41.354324	38.950573	0.043571926	-0.082972636
2748	5.84522	-0.069565739	3.0641926	3585.5783	99.580054	93.557869	-0.2997808	-0.15305808
2749	3.4294872	-0.43332696	1.1835658	1959.0883	78.054999	65.733483	0.0051161941	0.31762689
2750	3.229972	-0.54111362	0.3948827	366.94315	1.9882549	1.4339277	0.034745088	0.19080186
2751	5.6793715	-1.0937095	0.42560323	750.2315	11.727497	8.0338223	-0.19066552	0.0016306291
2752	3.5139736	0.39640797	2.5573193	2226.9461	50.628156	37.397325	0.058963556	0.0013900327
2753	0.12692526	-0.92535465	1.4064272	219.89137	8.3487633	2.5077516	0.16478174	0.18110979
2754	1.5552979	-0.59548845	0.32768706	3005.1972	55.524738	54.609447	-1.5324269e-05	0.19264261
2755	6.1599071	-0.63943822	0.33550838	1063.1543	43.416422	39.478228	0.13869405	0.10891421
2756	0.54568171	0.83524053	0.25021945	9271.6424	173.6787	159.41382	0.048307371	0.4453423
2757	5.6562788	0.76555351	0.63699209	1691.9502	48.20177	10.71886	0.012861963	0.10781486
2758	5.4183358	1.1561267	2.2610223	3094.3442	33.925782	29.282247	0.05155397	-0.18105223
2759	5.5905414	-0.75090351	0.30424203	1283.8457	13.602857	12.117103	-0.052888543	0.23182981
2760	2.2661382	-0.043771615	2.6971994	1231.9251	38.760613	10.807985	0.064380105	0.0067921405
2761	4.6888494	-1.1862241	1.8828389	241.11996	2.9139386	1.5744574	0.08835562	0.24091419
2762	4.1977792	-0.30962042	2.5237424	133.76767	1.8190332	1.175947	0.26292331	-0.0062248658
2763	3.647926	1.0898109	1.0239119	1392.2444	29.606787	26.151411	0.094002365	0.22486828
2764	1.4232236	-0.62736495	2.5986563	496.40865	1.6349716	1.43593	0.032080104	-0.23017074
2765	2.5540166	-0.86746559	1.1601262	1110.4368	36.646704	25.139999	0.051942935	0.012102243
2766	2.1920035	-0.069431502	2.2209676	837.51576	23.101387	9.8616714	0.15499912	-0.00053890639
2767	1.7502254	0.53977984	2.9593793	732.06252	41.579	27.87956	-0.08167277	0.46264785
2768	5.0951065	0.19746393	2.1550564	3106.3722	62.372795	45.146847	-0.043246729	-0.014900586
2769	5.4871698	-0.3933659	2.8946002	3457.7603	14.881883	9.8893687	0.14889131	-0.047355575
2770	4.3951618	0.12628948	2.5350011	168.03687	1.4639734	1.325594	0.059388633	-0.042106556
2771	2.3784859	0.25351372	0.68841728	104.40668	7.7716443	2.7565334	0.11062367	-0.0050019123
2772	5.7163746	0.17015359	2.5722528	881.30699	11.36523	10.728096	0.62365544	0.22089544
2773	2.9778866	0.3466027	2.9952758	2190.7653	13.506175	11.614796	0.23464232	0.055505418
2774	2.8411308	0.76094531	0.38285542	2397.2914	28.144753	12.014617	0.15499912	-0.00053890639
2775	6.2659303	-1.162926	2.960853	1290.8889	69.550797	34.591318	-0.00816463	0.013473995
2776	3.9235655	1.193116	1.2444798	423.66263	7.9570758	5.9835116	0.099085021	0.078648541
2777	4.6530896	0.8621725	0.81000798	1424.1545	36.434986	35.226476	-0.0015734429	-0.10503439
2778	1.4641092	0.17469363	1.1976161	748.2423	38.187741	3.3031728	0.013968617	0.20445528
2779	3.8222164	-0.8601537	0.86313093	1656.7131	44.200954	20.035417	0.013585981	-0.020720876
2780	2.2358939	0.42629635	2.8310685	297.25479	7.6755814	1.561622	-0.13841325	4.5855781e-05
2781	3.6298389	1.146581	1.3210435	461.55633	84.282407	31.269791	-0.15564197	0.064206944
2782	2.3319125	-0.64775425	0.75221028	1269.0948	29.111887	13.534676	0.012545403	0.27243496
2783	5.0167188	-0.28361626	2.3374287	554.12776	3.5444768	1.702395	0.069283051	-0.073054319
2784	4.801256	-0.28729689	1.286518	2117.9797	22.205812	21.561542	0.017863662	0.029755497
2785	4.151204	0.38101165	2.3478945	157.68983	1.6435464	1.2726604	0.0083237833	0.059823757
2786	0.4785286	-0.51719596	1.699659	1394.5655	44.862578	36.091728	-0.007566349	0.052143042
2787	1.4772059	-0.1179041	1.885726	2470.4059	49.70709	42.928306	-0.05768581	0.34494364
2788	1.7725067	1.1687361	1.0092399	1937.0533	40.424427	32.265444	0.1411684	0.28518155
2789	6.1939148	-0.60819577	0.80228519	724.35214	26.872007	2.1808152	-0.033271259	-0.060582441
2790	4.1975356	-0.25226527	2.6771664	642.66727	15.37845	10.919569	0.10445489	0.053428462
2791	2.9173982	-0.40417085	3.1103022	823.36219	3.9204499	2.752669	0.02950646	0.017347373
2792	1.7783242	-0.079363194	1.0219352	745.83664	16.875383	11.388266	0.003466034	0.29603524
2793	5.0712295	-0.55123336	1.901755	651.73172	10.305254	10.069108	0.03679238	0.00033831743
2794	3.0165552	1.3719798	0.53194699	2018.191	13.807901	9.7344305	0.0075683895	0.10592385
2795	1.4838424	-1.1296369	0.52322795	2948.7847	46.621634	44.081371	0.051811018	0.00082300158
2796	2.5060691	-0.14271986	0.1564033	2554.4145	12.362914	7.0508948	0.21948826	-0.096861146
2797	0.16871451	0.45081007	1.9120578	287.94721	25.033172	19.934486	0.13801206	0.09572941
2798	1.3141772	-0.24964338	2.3065229	1564.192	19.785274	10.536972	0.032875529	-0.016221426
2799	0.6644996	-0.68338333	1.9705582	1749.8592	12.88571	11.440573	-0.011074856	0.067352966
2800	3.7317402	0.49333243	2.0732924	164.80986	2.3142076	1.5455116	0.086449327	-0.04402126
2801	2.7636101	0.4005584	2.8910392	3617.1438	55.578775	54.881762	-0.037165066	0.059479321
2802	4.3780554	0.39280702	1.6041672	2685.7339	53.794637	53.103659	-0.011212273	-0.12873276
2803	0.90774744	-0.093933857	0.89213624	109.03302	2.0894556	1.3822921	0.31365121	0.02670841
2804	5.4267983	0.39571715	2.4088625	9883.6138	173.10253	68.875126	0.17357289	-0.24479114
2805	5.5272626	-0.94533089	0.51153143	495.96865	1.787583	1.5113757	0.054635845	-0.023801381
2806	3.5818609	0.39409707	0.32747054	6903.0338	63.960324	57.011964	0.031703775	-0.12084844
2807	0.9989363	-0.45182694	2.5613244	981.25215	11.124996	11.065498	-0.019329065	0.20566954
2808	4.6398763	-0.42159763	2.7949955	1734.6832	41.896679	11.122032	-0.0032698549	0.14950161
2809	6.1791404	1.2307299	2.8059652	7997.8073	81.109059	61.282397	0.56699257	0.07007408
2810	4.2320796	-0.89264845	0.54531807	2307.7042	11.995022	11.936059	-0.34420728	0.25269372
2811	0.3832797	-0.18081211	0.72887245	1310.272	18.378641	2.436934	0.12214351	0.025138854
2812	3.12264	-0.91899854	0.16919561	1314.5569	11.030766	10.947295	-0.080524325	0.049140908
2813	3.7561044	1.4070749	2.4054455	4227.2286	67.477698	59.161481	0.16354176	-0.23907425
2814	2.1829173	-0.25547865	2.3872561	2064.5808	63.085955	31.221552	0.14786044	0.038179922
2815	4.867667	-0.83861681	2.575569	902.86852	9.6454577	1.7524979	0.021156977	0.031697646
2816	5.2167118	-0.94653236	1.4111876	2603.8966	44.564702	41.411285	0.065384958	0.28855701
2817	3.4991405	-1.016968	2.2560101	405.34266	1.9645892	1.3573492	-0.0002068858	-0.096242498
2818	0.75928229	0.91824171	0.40022691	1741.362	12.156742	11.045589	0.18470191	-0.66212561
2819	3.4723771	0.10472313	2.8357283	3038.0862	55.100163	46.348417	0.062569292	-0.02287441
2820	5.4709135	-0.40418043	1.4282583	1828.2674	53.665915	43.643621	0.3241505	0.00099875511
2821	0.64303464	-0.29484783	0.25947204	3264.9543	50.94492	49.673812	0.0053368677	0.26954735
2822	4.0950527	-0.13803115	2.8340825	3775.464	82.711416	78.306793	-0.019500683	-0.33630429
2823	3.7076975	-0.28196338	0.82636887	2512.8869	52.282141	38.977348	0.15987434	-0.013885457
2824	3.7367399	-0.84469235	2.7380827	724.78775	45.72546	4.0551563	0.0090417613	0.030548442
2825	3.8134424	0.84787625	2.5416955	728.0478	3.2545889	3.2264306	0.033826893	0.028902728
2826	1.9315632	-0.46626489	1.632007	155.18096	8.7294605	8.5726164	0.17969752	-0.066023351
2827	4.6089397	-0.62447003	0.78123077	3575.8793	117.13539	53.203004	0.030947154	0.10136422
2828	4.0938748	-0.26452054	2.9356261	3330.6208	57.636928	34.888282	0.38585845	-0.0045097266
2829	1.0316371	-0.45272874	2.5611944	5724.5596	55.843577	43.548731	-0.0032603876	0.067909024
2830	2.7198321	-0.74733088	1.3835898	661.55525	9.7058433	8.1617634	0.026825169	-0.0041261939
2831	0.80592803	-0.73939666	1.2178758	2352.1311	13.221406	12.233754	0.077572334	0.27878698
2832	4.4676419	0.74155163	0.54204222	348.21284	2.2873031	1.8096303	-0.0041902566	0.011610828
2833	0.98576464	-0.77201826	0.11979486	16700.107	113.26742	107.38737	-0.10827828	-0.0032872238
2834	5.5242707	0.046106001	2.6943221	546.48744	11.801157	1.646214	0.061941992	0.13474736
2835	5.2843298	-0.072447385	1.1001594	2665.2837	50.229612	46.593851	0.0023165724	0.031742043
2836	2.5649093	0.91573812	0.86809256	806.68423	11.437478	9.366585	-0.45173065	0.062191963
2837	1.4068788	0.79176141	2.8293435	6810.7217	67.602327	64.139316	0.3366841	0.051708777
2838	2.3553919	-0.44416217	0.63911051	4289.6792	72.523679	63.139498	0.083960992	-0.069208228
2839	0.52553215	1.0683438	1.9928105	1652.9035	72.523146	22.531771	0.064054591	0.17825067
2840	0.47498042	-1.0550863	1.9131215	719.56905	9.0296056	6.9929988	-0.14005273	0.085399995
2841	5.5323296	0.12480698	1.1275016	279.42862	10.585416	10.269333	-0.65055034	-0.15182616
2842	4.6561144	-0.98358434	2.3462236	3965.813	64.86615	46.974557	0.0048687522	0.13288956
2843	6.2537941	1.0603364	0.81862435	2681.6618	47.709541	37.151224	0.0013701055	-0.00043174808
2844	1.4410858	0.39229981	2.3992522	3091.7755	58.221174	25.288297	0.1473073	0.010027487
2845	5.5183166	-0.32147653	2.5285886	474.06204	9.8118815	7.9379121	-0.15260342	0.34264925
2846	5.0011921	1.2409962	2.2332439	1477.0312	10.927814	10.584406	0.090417127	0.012266364
2847	1.8287074	0.10769584	0.81046511	2841.2949	47.638853	47.18093	0.022086768	-0.039875275
2848	5.3169077	-0.33192549	2.9976825	1014.5845	33.112639	29.985176	-0.078539979	-0.11465218
2849	0.61110135	-1.2130067	1.9500884	2238.5272	48.334874	30.582966	-0.01203772	0.01438891
2850	1.4464351	-0.92270286	2.6111923	615.71408	9.2169419	8.9742313	0.070968067	0.3432053
2851	0.98721159	-0.25639674	0.78838802	1574.2565	14.218089	13.342092	0.070933435	0.0050374501
2852	1.8559163	1.4077015	2.4378993	1868.6261	38.974815	32.310104	0.21412538	0.051288821
2853	3.7330765	1.1829935	2.2803419	2253.4006	24.639691	21.688965	0.23268601	0.045521177
2854	0.30826153	-0.53688645	3.0321268	1710.9959	36.825504	3.6618023	-0.023937402	0.0044555419
2855	1.2349547	-0.095534458	2.3725664	1104.2982	9.6096722	7.9909652	0.14092698	-0.24512066
2856	2.1624566	1.2283186	2.9825015	507.40073	10.704512	1.4523045	-0.062575572	0.28730265
2857	1.3272482	-0.46233022	0.17043067	3089.507	15.520447	11.579397	0.0014062056	-0.0030731384
2858	4.6835698	-0.22726359	0.93838631	844.61249	11.006047	9.9343211	-0.039956736	0.22486555
2859	6.183136	-0.57886702	0.39427625	1427.6379	18.070824	13.785694	0.011748957	0.35379042
2860	3.1438805	0.44593483	1.1580866	560.50067	23.189644	11.303647	0.047009256	0.011280983
2861	2.2701919	-1.3423033	2.0886784	1769.4435	41.43787	23.573099	-0.0014224184	-0.34822788
2862	2.4990223	-1.4092069	0.95609435	289.24591	26.17757	9.1337403	0.0014218451	0.35506316
2863	1.6970604	-0.52109122	2.485849	1156.3314	7.4607515	2.9399107	0.0044563168	-0.3274138
2864	2.8503984	0.058055936	2.8700436	2352.7335	9.2487046	3.381166	0.0046283726	0.055684572
2865	0.8376642	0.02550049	0.24795414	1987.6805	14.810442	11.616972	-0.038065935	-0.0040888185
2866	4.539576	-1.0000836	1.6456088	409.43377	9.9293439	9.5206321	-0.05496579	-0.036263242
2867	6.2393603	0.73066464	0.84709304	4261.5386	52.832432	48.99598	-0.091045583	0.10513849
2868	4.1876312	0.47911753	2.8469712	2477.7179	14.192856	10.967695	0.11770022	-0.016528777
2869	4.5764428	0.94822309	1.0830824	4158.7813	58.339366	44.224186	0.00021561009	-0.0088066259
2870	4.3523237	-0.21122265	2.4868303	3810.7914	64.881925	55.609757	0.49372517	-0.1595162
2871	4.9450263	-0.83502483	0.93882772	260.76887	1.8675567	1.4379461	-0.061554894	0.27213251
2872	3.169603	1.0726432	0.54054283	5474.516	68.148705	45.207885	-0.016745649	0.0011243823
2873	3.4954209	0.093729958	0.98748916	105.42898	22.843381	9.7410026	0.043631252	0.0054302728
2874	5.3106414	-1.36352	2.9081468	4632.5419	48.891304	36.080385	0.028490973	-0.0031962326
2875	1.9758262	0.66245738	0.97172373	3317.8698	55.72789	28.961484	-0.079371737	0.014730051
2876	2.5899994	-1.457737	0.80618641	1292.1739	23.72506	19.729545	0.030464953	0.12750482
2877	3.2127289	0.96162202	1.1431598	1400.9514	42.583789	20.206793	0.044846665	0.18773466
2878	4.9617171	1.1911039	2.5363477	6076.0713	135.64765	65.992043	0.27839241	0.024816661
2879	5.0628219	0.7912071	0.65550476	9287.3994	79.628903	56.71532	0.056000288	0.10867943
2880	4.1686651	-0.35754995	0.45956954	2326.3557	12.075095	11.086157	-0.023242507	0.0523575
2881	0.69831382	-0.15914891	2.7692385	811.26017	10.18006	10.132768	0.21211443	0.10867775
2882	2.3894588	-0.29678647	1.2612573	1216.3991	30.904398	26.222531	-0.04600388	-0.0016074061
2883	3.9032352	0.24173203	0.78444483	540.62432	2.7634601	2.3117276	-0.04072045	-0.023069624
2884	5.7495984	-1.0768659	0.26761887	2689.0308	25.347856	16.537885	0.038948544	0.054059908
2885	1.8606411	-0.17795164	1.203596	1658.0166	39.577201	27.591578	-0.086166201	-0.01359658
2886	1.66818	0.20644531	0.71250239	9066.0544	82.699597	77.649787	0.080358787	-0.084778687
2887	2.1137093	0.58579413	2.4202324	571.07032	43.44136	36.785367	0.1176694	0.74683081
2888	5.1798823	0.490185	2.3364326	245.96312	33.79262	27.783205	0.070215222	0.0039778596
2889	3.4779294	-0.58413099	0.1604878	1239.7062	10.115954	4.4864211	-0.17204595	-0.0043583788
2890	5.7640292	-1.0349819	0.097520233	7651.5846	74.927432	60.726634	0.040560803	-0.42849813
2891	1.2906784	-0.75972157	2.2681113	2684.3769	56.858722	52.342431	0.18112278	0.024234435
2892	4.6748796	1.0442543	2.6725336	1355.2026	10.892506	1.5416435	-0.083611449	0.044720914
2893	0.35023152	0.50094567	2.5684346	2882.7593	15.222033	12.782664	0.033211912	0.15277838
2894	4.0355752	-0.45265451	0.1469732	640.15094	10.134402	9.0285584	-0.11212595	0.28961322
2895	0.43656238	0.95555674	2.6742428	144.58607	1.4806417	1.2584377	-0.02373463	0.056712839
2896	1.4971392	0.13368182	2.786823	1323.0211	12.08106	10.46972	0.15087415	-0.099355905
2897	6.1465032	0.28722252	0.53471116	554.91364	12.708805	1.8117633	-0.041063084	-0.090555456
2898	4.572333	-0.17090385	2.6539057	644.90014	8.753079	6.7424656	0.0079868257	-0.17585089
2899	5.500394	0.18497563	2.4859422	929.37785	39.394939	29.004449	-0.027418931	-0.04051525
2900	6.0845681	-1.0255965	1.6576567	561.16268	10.503998	9.3376157	-0.42675463	-0.024178809
2901	0.50233133	-0.97558443	0.44991845	3062.7466	34.89827	25.992836	-0.0013178249	0.00095781111
2902	2.5482948	0.052727058	0.88778721	1609.4518	43.055303	35.437942	-0.056797276	-0.091219071
2903	3.2141408	1.0141308	2.0998734	2331.0539	50.449575	47.554987	-0.022977715	0.12467706
2904	2.204287	0.53183198	2.9052356	2515.061	42.822603	35.666129	0.24558242	0.11104785
2905	5.5188302	-0.5756561	2.950238	3449.0535	55.606564	46.681158	-0.019135912	0.010412348
2906	4.9408212	0.93126992	0.63122757	536.31162	11.434677	3.204518	0.13986505	0.22456914
2907	5.2595039	-1.3671431	3.0170602	478.78737	2.0456332	1.6326957	0.14929381	0.1152997
2908	6.1890789	0.83698733	0.56396163	561.7315	21.072957	1.9007905	0.03978185	0.027620188
2909	3.9947958	0.95659173	2.91314	7658.0176	109.13976	102.52082	0.043985625	-0.012206774
2910	3.3657989	-0.84725053	2.9728665	2440.165	12.890411	11.988506	0.2406116	-0.013880528
2911	3.5473775	1.3066932	0.38800289	3187.7369	53.24001	48.839668	-0.29998131	0.016194707
2912	0.69633351	0.5069666	0.81809455	1291.7055	35.446603	26.291887	-0.073961563	0.31981708
2913	0.6486617	-0.96516251	0.50888339	4111.9703	65.307584	52.112888	0.014771845	-0.063189252
2914	1.9071321	-0.39072988	0.99891393	612.96845	30.655144	10.747762	0.092010698	-0.33472162
2915	2.776215	0.1408743	0.42263818	4603.7085	62.814211	31.594379	0.37289749	0.34044225
2916	2.5905915	-1.1030092	0.46580031	3869.0563	49.176841	40.082188	0.20346021	0.11450071
2917	4.9103815	-0.71852954	0.50023782	3256.3254	52.099942	46.232074	0.027065867	0.010367741
2918	4.5566272	-0.55189384	0.59452937	2338.2298	50.982442	37.430282	-0.11745235	0.24894023
2919	4.4307755	-0.81819765	2.1810494	5879.5527	82.741121	40.072624	0.10535532	0.053351331
2920	2.1743602	0.30283071	1.0555579	1204.1997	11.0771	10.926187	0.037179615	-0.10922721
2921	4.8228772	0.10203399	2.8237169	2992.7605	24.77586	16.654097	-0.12267855	0.11001853
2922	2.4871665	0.056670743	1.2121105	941.3863	12.591827	10.907474	0.23422337	-0.093316117
2923	1.5926825	-0.35353597	2.0305234	285.28473	1.5722766	1.4620565	-2.0316999e-05	0.1589132
2924	5.5570899	0.30942098	1.0525149	1270.2939	40.297903	15.204764	0.02106702	0.63078296
2925	2.9274442	0.63870463	2.3549963	916.17457	10.510483	1.8078653	0.053555932	0.0015403685
2926	1.3137555	-0.66562237	2.5797269	1954.6603	39.431059	28.253772	0.33470919	-0.18139364
2927	3.2202545	0.50980015	0.87716153	619.98139	16.219092	8.9251356	-0.014831647	0.18711048
2928	2.1691059	0.05535635	0.55965475	1693.0996	39.438737	36.873312	0.011357584	0.1668403
2929	2.1940194	0.58859658	1.416251	1342.7639	11.31631	9.657271	0.38226169	-0.046230752
2930	0.93844322	-0.82015615	0.72546921	2625.3019	101.38738	91.23976	0.067288591	-0.0093694816
2931	4.0864216	-1.2299789	0.94636974	1713.554	39.367282	33.881795	-0.03259249	0.059838104
2932	3.0525567	1.0034372	0.49296806	465.34885	19.067041	17.275045	-0.034293459	0.048998076
2933	1.9017163	-0.027257642	0.8876339	600.86648	3.8561787	1.9600043	-0.25101424	0.24455389
2934	5.0192746	1.1578911	1.8648921	644.31094	42.80499	26.512963	0.021711157	0.05006086
2935	2.298828	0.45762185	0.98336847	494.63154	20.679975	16.365649	0.03269003	0.091377708
2936	2.3558659	-0.70164081	1.8325516	136.08323	8.0162589	6.0328232	0.37784539	0.051245485
2937	4.3180551	-1.4622617	0.76248385	2805.2344	97.295075	90.455689	0.28197635	0.072419555
2938	4.1984202	0.02919769	2.4428553	449.84853	8.536427	1.3183501	0.24010237	0.04290339
2939	5.4071098	-0.3830741	0.67058238	2290.5663	25.758638	7.6975448	0.0036845017	0.076420551
2940	1.1599991	0.61665545	0.91145101	1221.1179	12.052282	11.964604	0.091925743	-0.21663534
2941	1.5470606	1.3104525	2.2470492	578.8382	11.451857	2.9067573	0.058881026	0.014788555
2942	2.6929584	0.25531267	2.6046626	788.7089	37.074319	35.182432	0.067722625	-0.22143324
2943	1.064926	-0.21822693	0.60801065	796.8686	12.534894	9.1442635	-0.0083703229	0.087115249
2944	4.2682005	-0.10442567	0.42046966	1885.3974	20.039886	11.123149	0.015367508	-0.071775527
2945	0.55612394	0.37823959	2.7347753	1541.5578	14.161948	10.832029	0.044984022	0.0035474721
2946	3.3420684	-0.11678783	0.51520153	3264.0792	71.073517	60.780416	0.56357148	-0.48448262
2947	2.0306741	-0.98322762	2.5353264	512.68126	9.8326341	1.4359517	0.017584868	0.0018987032
2948	0.63384123	1.0774082	2.1571968	1902.7534	63.373954	61.969724	0.10804787	-0.040663498
2949	1.2531222	0.23891202	1.066272	3238.3668	45.060906	17.133671	0.21195161	0.35649077
2950	3.3344019	-0.42891111	2.6461937	699.02734	11.630198	10.36146	-0.13992179	-0.028703533
2951	3.9138574	-0.42464307	2.1386013	856.28823	9.3447999	8.0816458	0.073579565	0.089960678
2952	4.4517053	-0.61159446	0.51327053	1182.6048	11.714378	10.75939	0.0053375886	-0.028172603
2953	2.4679898	0.71705893	2.4660868	7340.5156	19.803195	17.351048	0.060858245	0.007626522
2954	4.6780731	0.17359859	0.72977785	3589.9815	64.598717	44.027404	-0.14043208	0.3374928
2955	0.82188411	0.57203947	1.2881567	376.64777	10.810212	10.469411	0.25725977	0.21857518
2956	4.4944805	-0.70193822	0.69341604	875.64966	32.698206	15.35486	-0.15758035	-0.049359733
2957	3.6942422	-1.3683194	0.72489231	2492.5629	104.40996	37.627351	0.012200988	-0.0090605562
2958	1.3293502	-0.5004633	1.1089295	869.92884	11.98142	11.008344	0.15064043	0.040102133
2959	5.4322498	-0.15848836	1.777529	485.38858	9.8572685	9.3134812	-0.050315431	0.020239404
2960	5.6695891	0.97795237	0.51610546	1437.6539	12.364559	10.000864	0.32662158	0.06775519
2961	1.1528462	1.0906881	2.1435866	1649.0273	97.276525	40.093644	0.010111582	0.077665011
2962	0.64520062	0.24608702	1.3033378	4914.8068	132.26406	93.428735	0.11752151	0.049957852
2963	5.6593102	-0.72394513	0.88451355	4168.1799	149.99284	122.46418	-0.22252611	0.01002639
2964	3.554109	-0.6196937	1.9310504	1255.701	40.627392	35.58912	-0.025877497	0.025834478
2965	4.7250627	1.3064403	1.8721177	1694.6833	46.814436	45.044301	0.050328816	-0.0012008403
2966	1.9741789	0.35921076	2.2285184	424.38253	10.310175	8.8118344	0.014881456	0.33465258
2967	3.1560534	-0.29519359	2.3475949	3751.0934	43.316367	37.371675	0.093432532	0.030939578
2968	3.889126	0.079022893	2.1895803	573.66109	14.79705	11.184631	-0.014943898	-0.0047322002
2969	2.6232667	-0.30269306	2.4433748	3745.027	63.394593	55.975167	0.13607512	0.0097177916
2970	3.3760665	0.64544924	0.90550766	2329.3814	52.878011	31.566078	0.055080292	-0.031834898
2971	1.9771271	-1.0576379	2.8173514	2343.3308	57.192099	47.764227	0.067547677	-0.23276325
2972	5.3389601	0.33836716	0.63639625	1901.6237	32.148309	27.389665	-0.094200648	0.053236399
2973	0.67384323	-1.1693389	0.73914847	3211.6811	47.059837	39.208536	0.37159322	0.037102989
2974	4.4477172	0.05381474	0.51735002	3899.8325	50.872563	38.849862	-0.21281398	-0.021087146
2975	0.20552296	-0.19852949	0.14192989	431.19055	1.5300038	1.3978757	-0.017915593	0.10588926
2976	2.8028958	1.2497319	2.6654446	848.41581	42.8236	39.623535	-0.3533179	0.15813609
2977	5.3415175	0.97711074	0.69878625	901.28216	12.585861	12.580858	0.2189663	-0.23233268
2978	5.7176719	-0.18817423	0.55993167	4343.8865	122.6476	115.21245	0.15758525	0.022805843
2979	0.11944644	-0.54858761	1.496523	1758.6642	54.607855	43.41543	-0.76451891	0.080101775
2980	5.6322285	0.4973726	2.6159946	2423.4302	49.204143	48.606396	0.18205368	0.0023456823
2981	3.7487273	-0.040767909	2.676142	1818.1824	46.710453	34.883846	0.073062109	0.15291388
2982	5.0261576	-0.29184037	0.46359758	323.39113	1.4093851	1.3715526	0.092193702	0.019208403
2983	5.9534173	-0.94296265	2.8076879	3388.7059	40.087145	30.342606	0.30419023	0.15569116
2984	5.0791308	0.45446541	2.6486896	10614.499	102.66742	72.197573	0.080202269	0.087232071
2985	3.425955	0.90026505	3.0607674	1211.4532	13.62733	13.013282	0.073016643	0.056403697
2986	3.9221341	0.59376807	0.57600347	1942.974	14.760254	13.700949	-0.10881474	-0.092660241
2987	4.362243	-0.62494284	1.4008577	640.77072	29.106595	24.25672	0.0049561033	0.044233102
2988	2.2820748	-0.47187644	0.52117802	729.50504	11.398439	8.9059882	-0.010420575	-0.013509836
2989	5.4334043	0.36999311	0.82492949	6191.7809	102.35747	86.303417	-0.02938081	-0.019818092
2990	0.90277666	-0.22110778	0.901378	4207.4531	53.762913	45.199403	-0.27393945	0.40612592
2991	2.0442135	-0.2356787	2.4426199	3490.9728	66.438679	49.367754	-0.12078057	0.33553593
2992	3.679524	0.24076171	0.8938771	1354.5075	10.71506	10.048511	0.23146396	0.0068908312
2993	2.6559435	0.69476274	2.4745541	406.22995	22.19771	1.8234686	0.25772985	0.017971539
2994	1.3547699	0.94779772	0.93396444	2194.969	38.765268	36.376275	0.13910721	-0.0088701235
2995	3.563192	0.96336374	1.1274176	1563.4875	36.372204	33.921656	-0.029836099	-0.18525079
2996	6.0014958	-0.57773785	2.0625463	1623.6977	13.489411	11.997411	0.077105841	-0.01131416
2997	1.4254903	-0.02323922	0.32512696	880.32161	9.8890732	8.3499744	0.15150946	-0.016867302
2998	6.1015709	-0.72288118	2.1674954	1168.6685	29.529864	11.646716	-0.028903303	0.14675361
2999	3.5643185	-0.54934271	2.4808484	5459.3249	134.5105	116.03233	0.00042333933	-0.025406965
3000	0.0049889044	-0.4353478	2.2351381	1367.3903	39.383637	37.195427	0.12981471	0.046111449
3001	4.7637494	0.054454935	0.62649753	3651.318	58.440908	53.164352	0.20483042	0.29918241
3002	2.8144414	0.14400265	2.2467345	838.22661	10.521797	9.9123018	0.020279352	0.0050159829
3003	4.3286718	-0.96065623	2.6424947	1375.3901	10.847813	9.0482381	0.037040078	0.33220153
3004	3.7471262	-0.59585285	2.6994358	1212.1655	17.641306	10.745098	-0.044193111	0.092990353
3005	2.057611	-0.57501748	0.77518294	2987.7507	55.615727	52.919296	0.11078202	0.19012998
3006	0.4532823	0.66414172	2.2123242	663.66575	10.739476	10.273814	0.078742137	-0.075128164
3007	6.1404082	-0.10013247	2.5342902	1141.5215	26.737265	15.864298	0.088883648	0.043455115
3008	4.0326155	0.35772792	2.6346647	1831.7038	29.362491	9.6305496	0.095761655	-0.23427323
3009	4.3951927	-1.0513681	2.5910256	2709.5907	50.71803	49.913957	0.48158807	0.071307133
3010	3.6780946	-0.72009733	2.3493292	6141.8931	55.749622	36.953674	0.072609053	0.62418586
3011	3.2086975	-0.47200237	2.8463412	701.75765	17.900021	1.3931767	-0.17881467	0.012689685
3012	0.11046231	0.73071774	2.7189561	1028.5414	11.096046	1.6151533	0.10442191	0.066677036
3013	4.5820968	-0.3445223	0.21452367	2387.5726	65.269858	55.817262	0.56357148	-0.48448262
3014	3.1373066	0.55329324	1.7839263	1816.5698	110.5578	107.62693	-0.18718709	0.19817659
3015	1.3038517	-0.69464578	0.50012573	2099.1362	15.356715	12.485566	-0.15447596	0.00021952259
3016	2.0872831	-0.30361843	2.8842341	822.75697	12.19565	9.4963059	0.081368135	0.27750414
3017	5.5493626	0.42743489	1.0709333	783.93319	13.279356	12.104226	-0.25726533	-0.0016199035
3018	0.26471671	-0.58824949	2.5246909	156.03817	1.7865794	1.4445963	0.014492657	0.0058135975
3019	2.4329787	-0.59071085	1.3373469	910.21566	10.068306	9.6488347	0.057625375	-0.00019946765
3020	5.8689565	-0.58194017	2.4774793	1599.3338	44.795216	35.360535	0.055922627	0.010937467
3021	2.8192199	0.07450044	2.8197529	6697.3248	55.218545	43.205479	0.2082826	0.0055707921
3022	6.0650579	-0.80271019	2.7061669	529.5642	8.3064859	2.2613078	0.30975206	-0.0047620907
3023	5.4993608	-0.40679219	2.622258	2885.4755	45.229053	24.351695	0.03830109	0.21838778
3024	4.7474863	0.28567444	0.11801816	5410.9562	70.256896	51.830259	0.046061347	0.17401982
3025	3.4814032	0.61681576	0.57330906	805.96313	11.507118	9.3883511	-0.15053405	0.13264734
3026	2.5599826	0.20624608	1.1997083	313.85484	12.074012	10.057529	-0.089639455	0.092290585
3027	5.1417854	0.67704918	1.0304849	1218.6131	18.451539	9.4081787	-0.0083859835	0.11334053
3028	2.7086948	-0.66933948	0.82689341	2989.8111	45.508121	15.735448	-0.11366648	-0.17717046
3029	5.6882558	-0.69648326	0.57779547	2946.6651	15.791201	13.404125	-0.00578675	0.0010366135
3030	6.2357337	-0.47563331	2.0140115	545.92251	15.193009	4.5195388	-0.21505596	0.00057990213
3031	0.12501947	-1.1883211	0.99517644	3120.6857	56.691812	47.999065	0.23126747	-0.17300699
3032	4.4030292	-0.051972615	1.0986701	2280.6024	51.884667	31.32587	0.043505082	0.10361189
3033	0.93481748	-0.21189506	2.4995835	2386.8034	30.457503	28.452335	0.43038054	0.01144381
3034	3.2538455	-0.025042159	2.5915797	1819.0066	17.278426	14.564883	-0.18101856	0.23466215
3035	2.2730331	-0.018106223	2.9319439	735.45047	37.221728	1.4423147	0.056782766	0.20938907
3036	4.0569295	-1.1339708	0.53949028	2645.2166	13.618206	12.662962	-0.014114295	0.14207049
3037	2.4641365	-0.33246379	2.2188475	2438.1109	22.612286	13.923198	0.026830382	0.1602853
3038	5.2999094	0.21653745	0.7121919	939.89617	19.995493	16.471384	-0.01323506	0.058819995
3039	2.2894483	-1.4056596	1.8277778	2943.44	53.081533	43.00517	0.48626153	0.28911779
3040	3.9080367	-0.99538477	0.076756665	220.24551	1.3372113	1.3148471	-0.14474984	0.32040612
3041	2.6443424	-1.0927614	2.4537812	621.69198	8.5721434	8.5221691	-0.10708983	-0.14880818
3042	4.0628577	-0.15807707	2.7351574	2811.1676	46.093873	41.283436	-0.023963616	0.34474078
3043	4.6663321	-0.53528931	2.4874341	1225.5035	24.64706	23.914512	0.11243441	0.046556521
3044	5.1868501	0.27576938	1.1064575	1193.6084	36.077082	35.932665	-0.0035308856	0.36819297
3045	3.7780298	-0.32770858	0.39089915	310.38777	1.7621143	1.2941473	0.09569075	-0.0034775774
3046	2.2019828	-1.2127771	2.8784677	2321.0768	48.901704	21.65518	-0.081569931	3.3908449e-05
3047	6.0410719	0.49696838	0.46757919	2139.3529	12.103482	11.471641	0.10833308	0.15913181
3048	0.62183324	-0.9323011	2.451826	1681.8266	10.662001	9.4798333	0.034476239	0.015074058
3049	1.4179951	1.3059846	2.1625088	2089.0991	49.817968	49.272498	-0.34030627	0.047707618
3050	3.2344818	-0.77118574	2.7594705	3784.5299	29.501282	18.742503	0.029645337	0.060768413
3051	1.3410271	-0.66125992	2.2932871	1000.1192	44.130394	24.676894	0.11284858	-0.05504228
3052	1.7980421	0.78299995	0.06913186	234.73781	3.1529688	1.6941592	0.035918811	0.059499721
3053	5.0036323	-0.30081296	0.099035055	352.23104	1.4636335	1.3997755	0.14615548	-0.11568689
3054	3.7935749	-0.36991975	1.513864	2685.4727	54.480302	52.814637	0.18575224	-0.37423154
3055	4.4479577	-0.87670574	2.714559	5151.8806	47.400654	38.068613	-0.022770827	0.091198067
3056	4.6415215	0.22349009	0.63948425	2549.8851	37.150053	36.24608	0.082847993	0.043555355
3057	0.042885977	0.60695396	0.72018656	5488.3796	34.207586	33.154619	0.12642598	-0.19494885
3058	5.8795599	-0.68680363	0.72928788	611.18761	11.647325	10.267589	-0.0040294396	0.15813627
3059	5.823544	0.96829259	2.3736535	1293.2432	26.905561	11.309902	0.029998704	0.10050071
3060	2.3536726	-0.47011139	0.28328239	987.22738	13.505427	11.293719	0.17503723	-0.00071787922
3061	3.7816534	-0.91800863	0.20510627	1362.8619	16.04746	12.842383	0.086294621	0.010641866
3062	2.7664613	-1.0010206	1.3742793	1982.3404	51.575335	41.240675	0.038082252	0.0032014867
3063	0.024063497	-0.39802703	1.3339148	1770.6406	53.23595	46.334281	0.037855594	0.02775759
3064	3.5854535	1.0274818	2.6034895	1232.3389	32.095386	21.924273	0.0085432777	-0.024479351
3065	5.6372004	-0.41004998	0.68304164	3831.8224	38.226472	24.061447	-0.0017065589	0.035752534
3066	5.5631423	1.0972765	2.4511231	3086.1108	45.434096	14.69848	0.040229446	0.0087649147
3067	0.83787475	-0.5648719	0.51224103	486.43331	2.3216103	1.4147167	0.07803675	-0.07036317
3068	4.3826952	0.18413137	0.24301948	1286.6594	30.018955	28.92473	0.054156542	0.27772478
3069	5.282014	0.1987758	0.44792638	1209.8143	20.669767	5.5069415	0.02983345	-0.24565884
3070	0.23100971	-0.60388802	1.8782091	487.51046	9.838944	9.577724	0.072532391	0.089353207
3071	3.7795294	0.57845985	1.1031164	2485.9459	43.229635	25.315194	0.023919179	0.093442166
3072	2.3258043	1.1391201	2.1727031	568.12596	19.831217	9.7039437	0.18443296	0.26699944
3073	4.7978067	-0.52989783	1.1029302	1076.0484	11.905006	9.139555	0.029065363	0.17277314
3074	3.9492345	0.023382546	0.47557761	3241.6045	32.515806	26.082418	-9.9856719e-05	-0.066277683
3075	4.6120564	-0.20708736	2.8797804	1397.919	36.28918	16.25134	0.11632388	0.10035723
3076	5.5538869	-1.0973924	1.5980942	967.94299	30.410396	11.501808	0.078722395	0.21504061
3077	3.4649548	0.17629175	0.32103356	2791.96	22.263675	12.860341	0.074899614	0.037594622
3078	1.2016917	0.76010193	2.495237	1604.5538	44.815497	36.963652	0.36861728	-0.23040097
3079	0.41891615	-0.31324248	1.3257746	1636.6536	42.831718	34.089937	-0.15592271	0.019338837
3080	1.2151084	0.24639683	0.56016814	372.83058	5.7573431	3.1137729	0.23056158	0.032734304
3081	0.78891674	0.60236777	1.6372481	1224.2329	11.595985	10.154544	0.29617431	0.073782554
3082	2.5011163	0.30935524	0.86841352	5696.9881	149.99583	139.76231	0.11130984	-0.052072319
3083	2.4288628	-0.9434791	2.6835049	4141.6977	17.173526	15.371709	0.035365165	-0.02448267
3084	5.4636732	-1.0435284	2.3561078	542.36247	10.493713	9.9132783	0.067143775	0.026385329
3085	4.2778309	1.0441451	2.8508787	524.09727	30.927941	29.921201	0.21637679	0.02002584
3086	6.2487822	-0.36765037	2.8691918	2981.3095	47.841507	42.55603	-0.016425119	0.21964593
3087	3.0965465	0.086618797	0.84850286	690.28831	8.9943345	8.5900672	0.0033022604	-0.11756505
3088	3.5731881	-0.32330129	2.5288461	1478.5547	12.003374	11.330049	0.09724976	-0.071100348
3089	1.8469168	-1.297854	1.4622052	1397.3704	36.792413	22.28937	-0.027582804	-0.23730851
3090	2.7483757	-1.0617922	2.210065	484.84216	2.933745	1.7781516	0.0084177681	-0.2642917
3091	2.248567	1.515814	2.5445562	2060.6247	12.35764	11.337459	-0.00077414644	-0.45104426
3092	1.4349694	1.2441577	0.46767445	4426.8925	58.331105	46.403731	0.35952891	-0.25027305
3093	1.9396527	-0.60794059	0.87313678	3141.8406	57.081751	55.491162	0.041706853	0.062926587
3094	4.196697	0.74425083	2.5731344	3517.7778	63.947201	48.579815	0.017302032	0.24275018
3095	1.7007133	0.11107908	0.70709824	504.18004	9.1981396	2.4472313	0.16559213	0.0030756708
3096	2.4000499	0.88844471	2.5211168	1283.5821	9.7980942	8.9276876	0.013775762	0.51338738
3097	4.5147576	0.58918727	2.3573347	3753.3823	41.678048	41.092574	-0.063113624	0.0044078231
3098	2.9141092	-0.1697417	0.84015244	2777.8189	46.680977	24.864849	0.10464595	0.23209944
3099	3.8691082	-0.73686969	1.1207701	3783.2914	60.135939	56.153614	0.033363959	0.019880794
3100	2.2975324	-0.18468404	2.7405202	3590.1128	58.805036	56.46739	0.0075721027	0.061485526
3101	2.9408596	0.50854621	0.66275003	308.44737	1.5724119	1.5597579	0.024614089	0.0027224449
3102	5.3166198	1.4523624	0.55932407	2234.2699	27.019953	9.9440959	-0.19000139	-0.0060411729
3103	5.8601068	0.94734983	2.7465818	4390.6197	47.207229	35.075782	0.067912962	0.043877959
3104	0.62455344	-1.1409014	0.56132442	352.79661	1.40931	1.341395	0.097439642	-0.12639215
3105	0.018788266	0.31530047	2.7952987	1647.4415	21.636704	12.420578	0.20734871	0.24554217
3106	2.9017337	1.2035463	1.1217105	3349.229	50.97145	49.188345	-0.005011549	0.041448262
3107	0.18471208	-0.36403293	0.2016333	887.63203	38.037442	29.684249	0.11291211	0.0021987807
3108	1.8344956	-1.0305235	0.47975139	4988.3887	62.4517	51.662771	0.054142629	-0.038015642
3109	0.77371907	-0.45379446	2.9370761	2444.3132	36.621297	13.063775	0.034839216	-0.15266702
3110	4.5723413	0.89612148	1.2610855	1914.1942	80.504426	39.271179	-0.085549914	0.11467793
3111	3.3200806	-0.038629819	0.65725016	1921.4317	30.669661	19.20543	0.051130473	-0.089540976
3112	5.2224888	-0.59730596	2.6088106	4714.5841	27.56034	23.537525	0.15305236	0.061066442
3113	4.9042857	0.43441829	1.8638759	947.54674	46.502988	31.637924	0.0005256988	-0.075769239
3114	4.0332794	-0.28660888	2.0502542	482.1802	10.188955	9.6027079	0.034513745	-0.063776193
3115	5.1595427	0.49890749	0.50916254	561.03685	10.792622	9.1016969	0.0053554092	-0.081819862
3116	0.79347307	-1.1335422	0.39549378	917.10141	10.461576	2.8180377	0.00041698594	0.022057128
3117	3.879779	0.9919914	0.60218031	3901.9927	50.571476	44.498312	0.12112741	0.0043241164
3118	1.612307	-1.3884182	0.85975688	1384.8593	35.323803	30.636682	0.0016533703	-0.052984486
3119	0.50606006	0.45990039	2.6573671	2978.9958	40.331472	32.69469	0.15764231	0.0035511362
3120	6.0587668	-0.256373	1.8748868	1101.913	24.294862	10.876129	0.11521018	-0.033132925
3121	6.0906358	-0.9786818	2.0192198	409.86372	31.651552	22.754159	0.081608567	0.34934366
3122	4.6439719	-0.33029461	1.0402733	3500.2234	53.367686	49.577563	0.29018507	-0.013908454
3123	0.2633346	-0.49827652	2.4311755	1512.1848	12.099121	10.933703	0.088711371	0.05486045
3124	0.51380717	0.81006787	0.9871975	6605.7446	99.054978	65.289962	0.079528331	0.02997127
3125	0.19387966	0.97302096	2.6800833	2303.8134	14.846555	12.119858	0.24380436	0.078976791
3126	0.37166503	-0.59228118	0.91790614	302.94037	1.3924518	1.3478443	0.035588747	0.031756797
3127	4.0715979	-0.67038101	2.6308354	861.25843	10.406161	8.5263401	0.24731377	0.022472424
3128	5.439197	0.63818248	2.3210705	749.7092	12.23794	10.263634	-0.0021513949	0.14671447
3129	6.1056994	0.63333212	0.048231766	1066.0697	29.188887	22.465925	0.088594508	0.11147264
3130	6.2393283	-0.58533673	2.2724425	3919.5181	81.642453	47.113047	0.083544335	0.066687352
3131	1.7163251	0.89132988	0.49851196	1342.9117	47.747616	38.745407	0.027965214	0.0059051853
3132	0.047287618	-0.50923547	2.2525114	4429.5757	50.706645	50.392528	0.14319557	0.10488217
3133	1.4490966	-0.45859446	1.4131559	944.54856	34.091628	32.92746	-0.63103638	0.0647106
3134	0.44611968	-0.6605018	1.1427788	736.49335	46.326585	36.87328	0.022133332	0.11238789
3135	4.1105999	-0.12478851	2.706709	3237.4524	47.94522	43.948545	-0.0063981155	-0.046056785
3136	0.85740393	-0.47615535	1.3498474	598.19518	12.511011	8.5190348	0.14160033	-0.00059355169
3137	6.0988334	-0.68305894	2.2242513	4954.9835	57.188721	38.891656	-0.023471998	0.13024334
3138	1.1371263	0.16005667	2.7026101	685.46882	9.196296	9.0888962	-0.037007113	-0.04479221
3139	5.878369	-0.43158785	2.5364322	1755.5897	15.513263	10.400423	0.54180795	0.12762111
3140	4.5648384	1.1033871	0.73008657	1329.1514	30.276982	29.603312	0.46923831	-0.061375201
3141	5.9549372	0.58733857	0.55103664	1534.9773	12.638899	12.268446	0.42758854	0.1831856
3142	4.2604369	0.60303677	0.62169308	678.19359	12.899011	9.9066587	0.0028590458	0.12191391
3143	1.9050868	0.90699266	2.5338214	5281.7765	36.772823	17.096801	0.085909245	0.025656663
3144	1.770163	-0.19189332	1.8886049	679.75289	39.931817	38.845016	0.0015945125	-0.11600087
3145	3.4312239	0.9826944	1.1142888	2439.167	54.179493	51.759287	-0.014043197	-0.0071924872
3146	3.3559982	-0.47611545	2.5159263	836.66316	11.108605	1.7631692	-0.010554605	0.032335682
3147	5.0349421	0.1547829	1.9724581	889.66767	23.70586	5.8206269	0.037035475	0.094301149
3148	1.8305028	0.88218428	0.58049227	1956.823	11.799822	11.683596	0.024287419	0.0016698612
3149	0.97795362	-1.0418354	2.6803866	2723.8842	68.575049	38.217605	-0.056869475	-0.021982568
3150	2.1945492	-0.17082987	0.65412334	250.44626	1.4513695	1.1547485	-0.024023731	-0.015738038
3151	3.3609044	-0.67862276	2.0534792	2107.4634	47.787182	38.821151	-0.1711537	0.32249748
3152	1.6311921	0.8041661	1.3034292	1389.1955	49.24567	12.36803	0.035663413	0.016970355
3153	6.2337527	-0.48132392	0.53160318	384.39342	2.3511693	1.5408602	-0.039205464	0.004421873
3154	0.83255996	-0.61140704	1.346228	3432.1615	74.800771	52.222213	-0.044961231	0.1811903
3155	0.077314848	0.3263892	2.5029327	526.10628	10.38321	1.8276429	0.21703534	0.19754468
3156	4.4502114	0.63084041	2.1670315	7956.1639	82.894996	66.875717	-0.20846409	0.38699211
3157	5.5047512	0.83775422	1.2028316	921.09264	12.436979	10.591074	0.038600321	0.0060958011
3158	0.048102095	0.5103946	0.59835747	5810.5923	118.31284	81.471364	0.03684518	-0.031979158
3159	5.4761692	-0.63915706	2.123005	744.2407	38.189144	35.382361	0.18957268	0.089725814
3160	4.5644773	-0.71243443	0.52973666	411.58297	9.7959614	9.6277169	0.067254985	0.1588283
3161	5.2729958	0.58077139	0.5914754	5237.007	63.157067	51.821354	0.015138458	0.032735375
3162	3.7109499	0.3429574	0.38638644	394.27922	1.9388082	1.8079467	-0.017741102	0.195624
3163	3.034196	0.26867013	0.75380605	3271.9766	97.327944	61.647604	0.039713122	0.013057218
3164	3.2707577	0.68762801	2.6511227	4086.8432	48.222243	44.658187	0.031599484	0.029551388
3165	1.3555539	-0.22425069	0.62485962	7348.1732	72.182099	62.480831	0.13551725	-0.17901273
3166	2.6441876	0.59619185	0.52100636	204.3297	9.7192406	2.1412501	-0.17380936	0.28046721
3167	2.3002871	0.67594629	0.7556983	2494.5332	51.88779	45.770182	0.04604228	-0.19553362
3168	2.6831139	0.70472151	0.61971586	2202.31	32.923142	12.703032	0.0036486191	0.013398838
3169	3.7561216	1.226401	0.78330054	4512.9156	60.23062	59.53198	-0.019930203	-0.18859279
3170	0.59509793	-0.04654276	0.93640901	1503.2256	46.232198	40.352328	0.12467817	0.18269684
3171	2.0162427	-0.13512039	0.39948222	2071.9398	15.507745	11.17307	-0.4421476	0.036734264
3172	0.75025068	-0.19182276	1.4259026	640.0798	11.098334	10.93687	0.017436834	0.18799227
3173	4.8320657	-0.43186827	0.92616273	3532.7047	53.639593	26.270725	0.14821217	0.20672932
3174	4.6863454	0.037564005	1.1684878	3782.0407	60.230597	53.852956	0.0031715761	0.31372894
3175	3.4194444	0.25071734	1.3363414	1270.4522	25.941715	25.024082	0.024226948	-0.017443116
3176	4.2169508	-0.013716059	1.0093605	233.7443	3.6426633	2.895745	-0.0042079063	-0.17119879
3177	5.6906516	-0.70966391	1.0825405	593.78482	13.027342	3.7900211	0.028093846	0.038021377
3178	2.0018914	-0.46790062	2.5336833	2339.9445	12.60164	10.122081	0.38380148	0.027542396
3179	4.816842	-0.79070384	3.002836	1157.9205	19.400458	10.437502	0.059962885	-0.034344517
3180	2.767814	-0.72660056	2.4875682	760.36414	10.046376	8.8495854	0.098309258	0.048241626
3181	5.6335241	-0.33700164	2.5464793	1153.5453	19.143614	19.009377	0.039157392	0.015623162
3182	4.285148	0.19977266	0.1540894	2989.1976	57.124736	42.708098	0.0019988116	0.42188535
3183	5.4843669	0.41639793	0.53425072	2995.069	41.030726	37.016109	0.04548526	-0.036183599
3184	1.5683645	-0.29357578	2.7047571	5250.438	61.655888	51.244398	-0.021340156	0.18336747
3185	4.7246261	-0.63654502	2.9360945	266.81737	1.5697447	1.3410281	0.10912814	0.076835278
3186	4.6401812	-0.30588652	2.9763546	1701.5841	12.007168	11.583081	0.1778922	0.079989935
3187	1.1825715	0.48387217	0.49545442	1525.7731	12.96707	12.028275	-0.29285255	-0.0064579291
3188	0.8974264	-0.13950201	2.3922175	3255.1215	129.2854	97.487225	0.013432305	0.0154219
3189	1.4769036	-0.10788523	2.582442	1559.6681	17.710299	14.753872	-0.16990867	0.00046018289
3190	5.7868583	-0.18042761	2.8026083	5166.4331	49.857561	46.681118	-0.049017956	-0.19212661
3191	0.33708684	-0.14948982	0.27478172	760.06127	11.674948	1.8519556	-0.068829382	0.030097245
3192	4.9725773	0.56819875	0.43169673	3413.2515	39.388505	37.241997	0.10871824	0.034895102
3193	6.2127321	-0.84862794	2.3262321	1910.2282	13.602508	11.426321	0.033297741	-0.0027731496
3194	5.7358024	0.8363817	2.6799215	4685.2789	52.501801	48.134641	-0.0031939122	0.014167934
3195	3.6103074	0.8655479	0.31233847	1419.2706	11.100076	10.368966	0.21911295	0.16447208
3196	3.7485664	-1.2078712	1.2951003	1277.2035	31.71201	28.049677	0.26080445	0.16744641
3197	3.5651739	-0.47664754	2.2143559	638.0974	10.211568	3.1899389	0.21896933	0.034410509
3198	1.5507582	-0.71361633	0.61987503	5907.4093	44.451261	40.081715	-0.01458226	-0.068120415
3199	3.9123029	-0.29493505	0.53791981	2825.6126	14.831588	14.399454	-0.097558126	0.063379623
3200	5.5257373	0.46911428	0.50706187	2999.2469	70.290302	48.375572	-0.02472208	0.17596432
3201	0.27395699	-0.58187005	2.5951836	400.18738	7.4557766	3.9293043	-0.0054580391	0.016283498
3202	3.2296856	-0.0030008952	2.0233797	1694.6804	46.21713	36.571051	0.036085228	0.16723683
3203	0.20064213	-0.019930038	2.8396133	2283.5704	11.369014	11.275225	0.037236648	-0.032614564
3204	1.3090633	0.44423551	2.7964577	2396.474	13.921471	13.675664	-0.0038591523	0.048917071
3205	3.6387738	0.059898341	2.3874844	1199.9724	12.084578	9.662012	0.0043882907	0.3231087
3206	1.1383608	-0.20357608	2.560112	1027.9261	22.034731	11.163219	-0.0031419584	0.017330361
3207	0.67375152	-0.49574256	2.7247054	946.66059	12.752226	11.057113	0.077418352	0.18576118
3208	2.2073217	-0.52373825	0.58234468	2598.8813	47.156072	43.318695	0.10647122	0.29720819
3209	0.61344845	-0.53730687	0.78793178	383.88765	10.709521	9.1992587	0.0065931435	0.17830811
3210	4.4904659	-0.49656703	2.0210513	3027.089	50.562194	48.328433	0.14575175	0.20034002
3211	2.0212632	0.70309475	0.57444386	2297.0966	46.869494	45.774379	0.049451377	0.024305463
3212	3.6862425	1.0173701	1.4163441	1802.1503	48.080305	42.421519	-0.068555519	0.2366486
3213	1.8830374	-0.03802473	2.473125	433.68601	3.7006793	1.4154244	-0.044896979	0.00068235306
3214	5.7574519	0.14195682	0.62300352	781.76096	10.160388	6.9754045	0.0042440955	0.037609868
3215	0.19170519	-0.76401288	0.61157001	4864.5886	58.280534	43.454572	0.064586163	0.073316412
3216	2.6174243	-1.1347867	2.1820519	1108.8256	12.692021	12.587884	0.021250519	0.12394116
3217	0.18138832	-0.73116608	0.69611133	5818.6754	64.022622	41.507254	0.10124052	0.11617646
3218	2.2235881	-0.069172259	2.2613482	1162.3572	30.201054	12.407317	-0.053711075	-0.353175
3219	0.47608466	-1.3972965	0.75284939	2224.4677	46.225487	25.788768	0.041432665	-0.067826097
3220	0.053724977	0.49102927	2.7199911	1763.4937	38.844707	38.214381	-0.0068634576	-0.24762811
3221	0.94053692	0.44862241	0.59542849	368.45178	9.931071	1.3380863	-0.022390577	-0.13069204
3222	2.5429285	-0.51949668	1.9318435	1443.0392	34.312379	28.96826	0.0060461817	0.18802784
3223	5.2786403	-0.84014805	2.3309833	1891.1793	14.218209	9.238876	0.12288751	0.84942674
3224	2.3950992	-0.25952853	0.39495136	5050.9641	90.749991	54.702653	0.10912102	0.19309538
3225	0.24475484	0.38829045	0.30860159	2308.0334	13.29741	12.799162	0.19314069	0.050245988
3226	2.6986731	0.44045564	0.71611554	972.62764	11.267599	10.02629	0.14772217	0.22667287
3227	0.81065064	0.75519841	2.7921412	389.16486	9.203757	9.1627283	0.1739553	0.027533965
3228	1.2891679	-0.73625419	1.1014501	1338.798	71.236027	61.016142	-0.065774875	-0.018108059
3229	1.5277048	1.3900167	0.45650264	506.38587	23.333358	11.19391	-0.02100718	0.087603706
3230	4.6999868	0.77981848	0.28480688	6502.6809	68.885667	41.977786	0.18897414	0.085312363
3231	2.8352407	-0.12527215	0.59212514	2998.1208	37.031701	31.372352	0.02358987	0.13494712
3232	2.094196	-0.44726518	2.6562642	2311.6289	32.494294	12.664151	0.077910727	0.073028985
3233	3.2273721	1.2926812	2.894672	246.75018	1.3399256	1.2951011	-0.030910835	-0.16824879
3234	1.2088495	0.74591741	0.44658493	4518.0534	51.75463	46.932572	-0.0040168442	0.07058066
3235	2.5559373	0.17134726	0.75314618	317.27845	2.5283041	1.4175155	0.17532733	-0.081259623
3236	3.2983549	-0.96599655	2.0484747	2637.8803	39.174702	35.183363	0.0015765283	0.0052481591
3237	5.0782473	-0.34507525	0.79321765	2010.4828	32.112775	19.932983	0.025449344	-0.0028999873
3238	5.4629401	0.043794509	2.9015198	2228.8027	12.415625	12.169836	-0.23910475	0.72486978
3239	5.6663835	-0.42804095	0.8147328	762.68257	3.2241466	2.6822161	-0.12563603	-0.022215869
3240	2.7683987	-0.41003088	0.53658058	5642.7898	66.264862	40.173797	0.093562264	-0.14301725
3241	1.9979092	0.039906209	0.9289787	129.45045	1.8406081	1.5977041	-0.0043868278	0.28738382
3242	1.9718946	-0.88438018	2.6626824	781.10724	11.001949	2.3292688	0.26021564	0.21037823
3243	3.6491815	-0.16561996	2.5792565	5746.75	70.243555	54.465416	0.088667485	0.011322331
3244	5.3475388	-1.0530899	0.23380371	2614.2984	26.438283	21.07338	-0.059516705	0.13249095
3245	4.1753556	0.11572929	0.68633859	416.76751	2.2778258	1.7651786	-0.010414671	0.22685849
3246	3.4934674	-0.15736879	2.777375	2401.8462	41.950158	40.657834	-0.1152407	0.47566877
3247	3.5066111	0.099189267	0.79793682	520.69192	9.9289115	1.6524877	0.010555246	-0.025155589
3248	2.0581477	-1.0919827	0.49185219	2596.547	17.490999	14.238335	-0.24075445	0.097955105
3249	2.7993846	0.24249135	1.6602575	908.41328	13.659796	11.147473	0.18068529	0.3343672
3250	0.37457537	-0.72777152	0.58264299	1137.043	10.787105	3.7166888	0.20929493	0.16816611
3251	5.2576699	1.4085946	0.73698094	326.67372	10.33649	8.2136041	0.036091285	0.016677577
3252	1.5787704	-1.1931067	1.0686541	917.00523	11.607209	11.103658	0.024491372	0.088112302
3253	1.7934582	-0.087751624	2.7696372	1107.4939	16.737008	8.911855	-0.081964607	0.029928423
3254	3.9882635	0.37303959	2.4369355	4903.0366	64.663885	41.570217	0.1171643	-0.030507692
3255	2.018809	0.47745647	1.5319354	4882.2914	53.752777	41.862896	0.17395348	0.20403882
3256	3.5093789	0.20781741	0.93885322	2388.9269	36.346512	35.902494	0.18525201	0.038585847
3257	2.4623531	0.31609676	2.9185268	435.55195	21.183833	9.7799053	0.2045592	0.055876885
3258	6.0776813	-1.1166768	0.3606336	2564.3742	55.694179	38.279354	0.20299811	-0.25097702
3259	0.96416852	-0.99679862	0.99784352	337.72489	14.395651	1.3144597	0.0068872704	0.089534008
3260	0.014383503	0.33293133	0.82874278	1000.9528	11.296663	9.3198326	0.068246842	0.029790992
3261	5.9598517	1.0573526	2.1117717	636.5366	13.55134	10.882204	0.1320528	0.24246913
3262	0.38073788	-0.99525128	1.1430954	181.59324	43.611185	1.2502884	-0.1280559	0.028409007
3263	2.8587312	0.0088052749	2.4938955	2804.1466	53.724576	42.186012	0.046830811	-0.19970404
3264	3.7588812	-0.72212393	0.40146295	5164.7619	49.805663	42.323111	-0.030332582	0.11562079
3265	0.066960865	1.0797452	1.8124995	1184.1407	27.48746	23.866245	0.049037369	-0.14996865
3266	5.0848917	0.55058112	0.648195	1567.718	46.160043	30.105823	-0.14226145	0.17361858
3267	6.104161	0.18547557	2.5917394	638.34361	2.2305491	1.5577835	0.043830021	-0.035708245
3268	3.7995438	-1.289152	2.9221845	216.74117	2.0814148	1.4935381	-0.0087915892	0.30179406
3269	3.5400312	-0.34546744	2.6533202	11417.212	81.761881	69.790631	0.21306824	-0.018203009
3270	2.5324646	0.94415354	0.75201706	2046.555	92.532193	49.079048	0.094809637	-0.02519319
3271	5.3342278	-0.52278365	2.6155142	1504.2066	11.068566	10.507404	-0.078501593	0.042963506
3272	1.072716	-0.20568808	2.2637359	1401.7064	9.6056066	9.4642991	0.27547723	0.01725026
3273	1.287621	-0.67387954	0.38468513	2141.3793	44.522731	26.177358	-0.024966103	0.041449438
3274	4.8824521	-0.38478071	0.65756021	1914.8049	25.432979	20.589641	-0.032222306	0.18733355
3275	4.1051331	0.84893737	1.0872993	971.86685	10.642725	6.4594178	-0.12662452	0.010365472
3276	0.58796142	-0.97749815	0.65122049	1098.817	11.878315	11.301232	0.25681299	-0.0087582184
3277	1.9948052	1.1288594	2.9231283	3148.6711	42.099135	31.799457	-0.061446492	0.14536035
3278	5.5080949	-0.12984214	0.30856698	1146.1496	9.582806	7.8415847	-0.35731502	0.1083221
3279	2.9260044	-0.65927276	0.33168885	536.45913	7.1746551	1.9909193	0.14397004	-0.14410823
3280	5.7554349	-0.56452352	2.65065	1449.9864	12.423555	10.178624	-0.011716659	-0.010571758
3281	4.5790784	0.65022342	2.6986841	5350.2049	44.684923	35.151831	0.030036571	-0.1025019
3282	2.7094787	0.038918717	1.9149007	2927.4629	52.642146	51.10532	0.0037051791	0.02054531
3283	5.9808669	-0.031545342	2.9205328	2451.0885	52.892621	39.92624	0.059672988	7.8184386e-05
3284	5.8012648	-1.0252914	1.9924291	1276.2791	41.703639	34.762114	0.2826543	0.12337604
3285	5.9053892	0.95970551	0.75621632	5012.4641	54.041173	46.264407	0.184203	-0.0038828075
3286	2.1392185	0.2947246	2.212444	512.14737	10.935998	9.1024283	0.079706815	0.072071447
3287	5.9826749	0.03120822	0.46301665	2984.1484	37.699873	30.889101	0.16171666	-0.11534154
3288	0.24258036	-0.84515971	2.7830783	824.22646	9.8554371	9.705035	-0.096873701	0.029082685
3289	0.50875311	0.0020198782	0.65475427	1624.7119	20.31008	12.792267	-0.13736029	-0.11499462
3290	4.362069	1.175136	0.36705454	2609.5349	13.393588	2.9567238	-0.078848629	0.21687998
3291	4.3308206	-0.38130929	2.2480681	2136.1377	104.2515	42.541418	0.021237005	0.00081077736
3292	1.9234392	-0.58220495	1.4616307	1533.521	43.314738	38.271552	-0.096411827	0.027866764
3293	4.3438604	-0.24506585	0.73450455	542.76051	31.193564	31.03957	0.082390748	0.13722025
3294	3.3195202	1.4706633	0.28145943	2028.3936	46.504567	41.192725	0.4251456	0.021346122
3295	1.6945796	-0.59729059	2.8093375	420.09515	2.1989993	1.9628422	-0.0021276174	0.09633716
3296	3.6680523	0.70769976	0.22563997	2647.9445	12.858548	10.127797	0.26222167	0.20422742
3297	5.479924	0.38570664	1.5178877	896.73496	38.149166	23.968436	0.0030333631	0.10214975
3298	0.43363087	0.10774648	2.3349805	1192.2992	13.460683	10.116326	-0.0029137536	0.0064066119
3299	1.8258333	0.38206026	1.9129444	547.74988	63.640415	30.088254	0.06063296	0.076364516
3300	4.7062595	0.81963975	2.5040831	3246.2339	42.172302	33.04975	0.26734679	0.10300608
3301	1.6557017	0.71795252	2.1858597	743.9314	12.101131	11.998266	0.00045690185	0.010259034
3302	2.0730858	-0.82010607	0.71610218	485.52933	2.1095973	1.3315186	-0.061250123	0.0089930534
3303	4.7401349	1.2082097	2.1947621	308.84613	2.0727038	1.8782087	0.085247869	-0.0038884725
3304	3.6352547	0.236509	2.4423999	1214.1408	63.406422	12.192845	-0.017375989	-0.021466999
3305	2.9803048	-0.60039692	0.90277024	607.23646	10.539534	10.122458	0.036238721	0.15214083
3306	4.6703234	0.16300135	1.2354757	1230.4225	24.700531	24.546224	0.26327943	-0.013081993
3307	2.3561082	0.064740771	2.485302	2144.6903	14.329305	12.881793	0.01923578	0.099629765
3308	5.4157247	0.2565629	0.25818943	401.32991	1.8671785	1.5819365	-0.035347358	0.012311695
3309	2.153183	0.1838718	1.6490352	2025.4973	35.273146	29.930456	-0.065683212	0.16886363
3310	3.2691004	1.2333418	2.8918981	452.42121	2.5550227	1.3587207	-0.027058385	0.035517633
3311	0.37173234	0.074929324	2.227161	3948.1039	76.301302	63.569323	0.15475525	0.27264069
3312	3.3855073	1.1639881	2.7985944	2442.4337	39.626289	32.818081	-0.091109071	0.23444074
3313	4.7860142	-1.0483941	1.0936079	3318.5357	101.9887	81.227187	0.11384254	0.5025072
3314	1.0726065	-0.69528701	2.2473401	2240.4236	102.00834	49.50913	-0.017360025	-0.058935752
3315	5.3039082	0.73620871	2.6589163	1606.9396	73.213247	45.021685	0.35076452	0.016433507
3316	4.8994308	0.74396497	2.7249658	3746.0639	44.464653	36.430082	-0.14333457	0.02597238
3317	2.611662	-0.085185315	2.1093609	1414.4689	20.428202	11.541567	0.72774863	0.06357666
3318	3.7215612	-0.97827891	0.59071361	1971.648	27.35753	13.498397	-0.026652078	0.025258075
3319	3.0659693	0.68685006	2.3918244	4171.9772	63.792113	63.363956	0.14576278	0.023479332
3320	4.4339901	-0.4428287	1.0517195	1880.4988	49.231117	38.046493	0.01023406	0.055403436
3321	5.5642605	-0.70477258	2.4179599	425.24956	10.902992	8.6190997	0.048153376	-0.0049906967
3322	2.8654992	-1.1793391	2.618383	5328.2591	68.118332	57.483002	0.0048955581	0.005237137
3323	5.9362921	-0.90619356	2.4650298	6910.8535	143.92051	80.150892	-0.02494654	0.014045624
3324	0.27405748	-1.4145721	2.2069189	1235.3906	28.071053	22.306066	-0.033204722	0.34485145
3325	3.6694747	0.29432305	0.56453289	2290.5447	76.969124	66.673315	0.096002574	0.020341896
3326	1.4354146	0.13696989	2.7886308	2223.4183	18.343576	11.506426	-0.0015281943	0.51380487
3327	2.4474272	-1.0294232	2.6587162	4073.8889	105.35155	13.074458	0.084618405	-0.0682731
3328	3.2105588	-0.7149925	1.3887248	1430.6597	106.03849	74.930515	0.56374515	0.1590644
3329	4.4583941	1.4121459	1.8293031	543.12573	38.71112	38.17765	0.22232645	0.015075487
3330	5.0928558	-0.93983356	0.42909799	2001.8029	32.588417	13.547935	0.063130845	0.022572337
3331	1.6640952	-1.22115	2.0110962	895.33858	10.446736	9.5965167	0.23301813	0.12436222
3332	2.2501526	0.22678866	0.31004142	3813.5951	98.067781	93.186422	0.23607918	-0.11042597
3333	5.1230274	0.67456702	0.30727089	496.9243	1.3106777	1.3045007	-0.0097208833	-0.036730192
3334	1.0156105	0.93064279	2.2372385	1230.2332	46.104271	30.618555	0.0081906495	0.064520775
3335	4.9316695	-1.1726448	2.4273776	1663.6375	29.038848	18.712088	-0.02258787	-0.1563341
3336	0.79555739	-0.67086128	0.98139193	703.01658	36.651907	18.194917	0.22752647	0.13988587
3337	1.0615417	1.1584155	0.68447252	1233.8692	15.845046	11.796417	-0.43071607	-0.17735672
3338	1.563286	0.12178092	0.47909561	263.6407	7.2328097	2.4595444	0.1687986	0.16562981
3339	2.5539261	-0.42335269	0.46025154	422.28405	2.153551	1.1991013	-0.016852919	-0.016526025
3340	3.8659098	-0.067611162	0.79605818	2579.1392	49.088572	34.909652	0.019582618	0.071933897
3341	4.9767171	-0.65535105	1.6177033	1249.7189	21.494176	11.04919	-0.11510186	-0.066646953
3342	0.19602281	0.53504955	2.6899584	246.53875	6.7822412	1.3834146	-0.031570935	0.0021681065
3343	2.992151	0.67855392	0.33334879	4347.8452	118.03383	49.243841	0.023040989	-0.09339991
3344	0.10233251	1.2291237	2.7253475	3893.8519	47.491726	45.686048	0.1926056	-0.13547596
3345	4.9701953	1.4417202	2.2537726	6303.3179	77.171541	69.767157	-0.072972584	0.08128042
3346	3.7026762	0.27298917	1.1951119	1783.0231	11.97134	11.240407	-0.035991901	0.13422863
3347	0.10252753	-0.20151704	2.9708923	1481.4411	13.736494	13.610107	0.0043839443	0.17180039
3348	5.4595303	1.096979	0.50422645	4406.0299	66.110907	47.901805	-0.0097793139	-0.039461723
3349	1.2908124	0.87142824	2.2120354	4591.3949	78.809806	29.28385	0.010140386	0.14878449
3350	0.89454091	-0.37971298	0.026800917	2413.2608	21.29598	13.345435	0.081877606	-0.14601442
3351	4.6194082	-0.29233094	0.52563464	5977.3945	58.784251	51.857308	0.14672276	0.02253791
3352	3.7056542	-0.97192285	0.10463065	5742.2834	92.249591	62.493486	0.078391155	-0.014767012
3353	2.9897506	0.61082181	2.1705817	1159.0954	38.112517	37.657364	0.007128483	-0.14190472
3354	1.8582459	-1.1499864	1.7687524	2492.6635	51.661099	41.374313	0.4283164	0.17152055
3355	0.21610045	0.067431852	0.64985795	4269.8996	68.092319	48.592779	-0.044564314	0.056915963
3356	0.76771382	-0.41178557	1.0100529	1534.5107	46.36998	38.364776	0.045095764	0.2547188
3357	2.5875506	0.94537515	0.37901544	6209.1744	75.290037	54.385265	0.01220407	0.32009261
3358	1.7008187	-1.1163718	0.52597796	3104.8064	43.339042	33.504365	0.014413482	0.36624465
3359	3.5785211	0.36083592	2.1221108	1618.8318	13.27437	11.797754	0.072418707	0.03701194
3360	2.825071	-0.20948855	1.9487039	550.65454	36.927095	35.948205	0.03765855	-0.013596393
3361	1.3752705	0.21858745	2.3319999	1461.7785	39.271929	19.151157	0.16974359	-0.13735579
3362	2.9587184	-0.71319165	0.68299424	2016.6388	50.614113	40.800495	0.49034202	-0.20539482
3363	1.1504087	-0.93003666	0.82876089	2606.174	38.274677	36.758945	0.10835026	0.17218115
3364	3.3696586	-1.0936188	0.47035698	12592.869	85.627043	81.782606	-0.019324871	0.020004042
3365	0.25064633	-0.017916176	2.4795668	2031.4305	24.697119	21.309333	-0.08117765	0.03777133
3366	2.1754526	-0.32434553	0.60051284	292.90771	1.9755299	1.629332	-0.26271684	0.021896874
3367	5.1973097	-1.2989364	2.3979818	1960.4785	44.836864	42.223271	0.0041995154	-0.28016146
3368	3.7029882	-0.98258085	0.67807312	3059.8643	31.672518	12.880376	0.093227687	0.058062652
3369	1.4496767	0.39321666	2.5765447	3194.232	44.205072	40.715855	0.014623544	0.049641983
3370	3.6614016	1.3307234	1.8139128	224.43815	2.1551901	1.4373064	0.01536694	0.089713716
3371	2.1410919	-0.045452313	2.2077919	4626.143	60.385177	55.900929	0.051473012	-0.0060713233
3372	5.5836532	-0.41913109	0.87043748	6382.5139	69.073858	45.16887	-0.037277526	0.3899095
3373	5.6875325	-0.28112332	3.0404884	1972.7619	12.922098	12.136219	-0.17761825	0.098580567
3374	4.6496973	-1.0784408	0.40638496	9125.225	177.59583	79.071344	0.07473256	-0.036877187
3375	5.313946	-0.26230607	0.77026969	3195.6948	71.007371	41.604646	0.11488089	0.056323214
3376	1.3784291	-0.22374885	0.97748126	6380.968	108.74145	63.224794	0.0030043415	-0.12228086
3377	0.069456721	0.12891194	0.71964472	3377.1349	42.411033	27.958679	0.020891625	0.036272323
3378	2.5738564	-0.4694204	2.1956799	3673.9021	41.076886	26.523286	-0.002897953	0.18718152
3379	1.8809862	-0.51246809	2.8427472	6920.8709	83.462607	69.930516	-0.16258253	0.10380162
3380	5.4974578	-0.25248436	2.4258736	2445.0098	31.812235	19.781723	0.056847081	0.024958128
3381	3.5321149	-0.47532331	0.98234608	1265.7577	40.233397	35.903748	0.0019418838	0.078691431
3382	0.29127725	0.97218976	0.55354143	1005.6108	31.043585	12.675379	-0.035906779	-0.14757727
3383	0.21486722	0.49986801	2.5321467	2262.289	13.441726	12.26805	0.087446868	-0.018245777
3384	4.2206562	0.86780244	1.0961632	350.82647	14.248451	1.7868263	0.023900307	-0.049797039
3385	2.8823026	-0.61222655	2.3540686	1146.3174	30.663495	12.184522	0.24603933	0.073855616
3386	2.6255709	-0.061906017	1.0035783	979.59608	36.725195	31.351584	0.24624372	0.2399042
3387	6.2673156	-0.59449899	1.4136772	673.48804	8.811739	8.5747318	-0.0465795	-0.074674098
3388	5.4859743	-0.0077896166	2.7156795	625.04375	2.5618981	2.1747455	0.20854155	0.028725239
3389	4.1272182	-1.0784028	1.0519882	909.82404	27.893866	21.830785	0.44704188	0.095691349
3390	5.9834201	-0.73282105	2.0312004	311.38708	11.211924	2.0253887	-0.003075249	-0.038310324
3391	3.7720074	1.0306887	0.34631458	1256.7355	12.960749	9.0080648	0.44709547	-0.048580613
3392	4.86001	1.3503493	2.287532	1116.0757	11.229025	10.731092	0.056643179	-0.083816815
3393	1.6166423	0.46006529	2.8360745	8019.5784	63.477486	50.028059	-0.0023277105	0.0035769907
3394	3.0675531	0.060333827	2.8139126	2563.1079	13.373864	12.88605	-0.05739204	0.22755027
3395	4.9146101	0.30817127	0.52420211	4347.6104	59.112007	57.021054	0.039987788	0.069427137
3396	3.9334825	-0.16839579	0.81481633	2758.223	42.060701	35.706313	-0.049824691	0.08145117
3397	2.3310489	0.46374923	0.75588321	346.72677	7.3542105	1.4197152	-0.15061118	-0.00016814433
3398	5.4139809	-0.64995371	2.1282051	4011.7046	61.81767	45.662888	0.14168934	-0.054802239
3399	2.8819973	0.086407659	2.7152052	3870.9775	44.06899	31.771427	0.033466824	0.11059428
3400	2.1181125	-0.47621237	1.2059628	1651.5484	12.858326	11.831489	-0.056983087	0.00087618007
3401	5.7912731	-0.043434739	0.26771249	465.79468	19.93735	1.3228806	0.035516829	-0.0044965712
3402	5.0987244	-0.9211757	0.68376783	1032.5285	13.222866	10.900927	-0.15885974	0.13026717
3403	2.5010411	-0.49117163	2.537083	5511.0431	47.836654	43.503099	0.096560756	0.080862972
3404	2.9963837	-0.16497133	2.2322257	2043.3555	44.485892	38.038112	0.079840837	0.0053062207
3405	4.7303022	-1.0186165	0.55692833	2988.1379	64.647783	49.531417	0.043230054	0.14008775
3406	5.2324121	-0.89817982	0.95487828	979.89357	33.778083	29.204344	0.026031738	-0.0035940266
3407	2.6277728	-0.25758076	0.63539062	6283.8016	67.196473	62.914528	0.33564978	0.18552221
3408	5.9723098	0.15956381	2.8699899	453.55304	8.7577222	2.8410698	-0.0018267351	0.23439006
3409	2.4618489	-1.0379971	0.38571417	218.35467	1.3424011	1.1682324	0.17077535	0.045983069
3410	1.7374694	-0.1293316	1.1572473	1261.7483	36.417936	27.713409	-0.46984138	0.22344499
3411	5.3763334	-0.66751301	0.59524942	8782.0209	105.62578	82.650834	0.079822838	0.39566458
3412	1.6810678	0.60278772	1.0094839	4066.2924	66.298113	56.466909	0.0074798301	-0.035998206
3413	4.4292003	0.24157442	0.83099588	1200.3609	11.641451	10.353841	0.19943735	-0.013255466
3414	0.67878368	-0.44150996	2.8155429	670.09161	3.3931088	1.5747981	0.069283464	0.037661049
3415	6.0343942	1.287403	2.217546	2943.6284	56.250682	45.443598	0.041571115	0.021370695
3416	2.3116095	-0.56842787	0.18092096	3473.8899	45.200906	13.45908	-0.21128517	0.02018324
3417	6.1445993	0.20910714	1.3050154	126.57193	1.762957	1.3212215	-0.16200364	0.023282047
3418	4.8042333	-0.79049618	2.7196187	1167.3225	10.598608	10.084862	-0.32648989	0.21977222
3419	0.03707642	0.11217052	0.9026954	1961.1976	54.523386	43.563745	0.12565706	0.032744893
3420	5.9707322	0.59572969	2.0393521	2278.6494	45.79013	45.26874	0.068487854	-0.0064026552
3421	4.0085337	-0.52293941	0.70013499	3026.9645	43.068377	31.316896	0.22871403	0.53636873
3422	4.7531814	0.45641458	0.74826472	6642.5625	47.172845	45.444407	-0.054715493	0.33316094
3423	5.9294418	-0.57720636	2.2700107	1897.8051	12.629116	11.64038	0.15525921	-0.10971209
3424	0.23483458	0.77241612	2.5631681	389.35667	1.3923589	1.2470283	0.0073085477	0.035618461
3425	1.2181369	-1.2431494	0.54126333	2365.9943	103.80128	49.071062	0.032441373	-0.0055545533
3426	0.27860553	-0.86625632	0.5757421	2411.8746	69.64978	33.065021	0.19920915	0.075098491
3427	0.37344432	0.4014215	0.81086456	717.25993	31.141667	3.2675965	0.47825781	0.34301268
3428	3.7505296	0.70090655	0.30836638	455.34353	37.888866	1.4666027	0.21268264	0.048351489
3429	4.6427763	0.66744777	2.1441117	2859.2159	60.409935	47.046969	0.01501654	-0.13835637
3430	1.3138655	0.9342988	0.38984371	4227.8764	62.328696	57.12764	-0.0032542982	-0.039436734
3431	1.2717043	0.40217494	0.91915766	728.20851	21.906198	21.188503	-0.010681805	-0.21780534
3432	4.8517898	0.27531663	2.3026459	1116.7183	12.760055	10.179895	0.16293969	0.0010105805
3433	1.3246246	-0.88320322	0.52693422	754.07467	22.020787	3.6716603	0.051207758	0.018860178
3434	5.7906442	-0.029061714	2.4533985	314.31255	2.8401444	1.3481082	0.049101791	0.29918997
3435	4.2670211	-1.4702233	3.0872027	3258.3471	63.49814	58.602468	0.019272677	0.062471577
3436	0.44885879	0.21456644	0.25154103	3300.5542	41.461563	40.587584	0.16953064	0.058046305
3437	1.2547244	0.41805441	0.88543697	489.99501	21.342785	9.2789586	0.16618243	0.60554966
3438	2.4678867	1.1609313	2.5340928	1709.1746	12.298546	11.565032	0.027737877	0.02728963
3439	1.0272443	0.60186602	0.15554714	1956.8852	57.625159	44.165395	0.1187849	0.0015443858
3440	3.1709812	-0.01336868	2.8399171	9619.709	101.61849	63.87569	-0.25264667	0.039111002
3441	0.0134307	0.36170748	0.40943053	3795.901	53.285193	38.141579	0.28127886	0.022899045
3442	2.8597379	-0.86154379	0.3412064	515.97214	1.8452159	1.676783	0.081312982	-0.091913371
3443	4.7907287	0.69985362	1.6962548	3458.4724	144.31964	53.686078	0.29578606	-0.020314798
3444	5.4260324	-0.076670222	1.1733087	1188.3265	38.396049	28.720821	0.13064699	0.089822801
3445	4.187304	0.070109697	0.82025932	1325.0531	33.165588	26.993654	0.1598123	-0.08426777
3446	3.858454	1.3132725	0.68016214	3698.1841	46.337423	41.908248	0.045148514	0.098018958
3447	5.9981705	-0.40180985	0.22316229	4333.6821	57.432791	52.983531	0.10077789	0.092360144
3448	2.5036362	-1.3163362	2.1529495	1843.4352	32.103431	27.132461	0.035607756	-0.10276815
3449	1.0301757	-0.63537404	0.90436069	2303.9365	19.017057	15.455867	-0.26180308	-0.0023744532
3450	0.54791455	0.2272034	2.296514	2621.1391	100.99936	62.661346	-0.013688014	0.034587906
3451	1.8080733	-0.29227976	2.2981768	868.00874	39.630334	28.991798	0.035913516	0.054515499
3452	4.9164532	-0.39746491	1.6755915	1655.8118	13.505663	10.3834	0.28178252	-0.015141073
3453	2.2569185	-1.1168361	1.1956752	1509.0437	102.06566	96.28389	0.57882719	-0.0029882964
3454	3.5203934	-0.12546008	2.7650482	5152.2116	58.811916	44.043553	-0.0023007433	0.1707536
3455	3.5058413	0.76173131	0.16190422	3762.8084	13.598905	11.520808	-0.025903308	0.048009146
3456	3.8653997	-0.73346013	0.76731967	866.29801	4.0020826	1.951737	0.073931244	-0.12286116
3457	6.18627	0.49334932	2.2977828	453.33338	9.753833	9.082151	-0.025855368	0.015220554
3458	6.2348664	0.95176516	0.2511134	1341.6426	12.623348	2.6736355	0.0032100457	0.0084205836
3459	3.5087753	1.3306991	1.4585662	738.18922	42.905776	27.244825	0.15933422	-0.094694598
3460	2.6725666	0.1070173	2.2304868	1726.9299	47.381914	36.224969	0.20094972	0.00038507105
3461	4.9010074	0.55025619	0.23208326	4757.1738	58.770278	53.285348	-0.076715158	0.028148772
3462	4.3201781	-0.33146144	0.81228802	3140.0099	44.872515	23.195867	0.11260196	-0.34995355
3463	3.8210148	0.82322	2.2835666	1511.5418	32.628491	27.007072	-0.085662666	-0.13745551
3464	2.7134374	-0.5156699	2.0542906	784.65258	10.245799	4.746851	-0.04057422	0.10182502
3465	2.5406464	0.060578492	2.1243191	1909.6787	48.433661	13.291359	0.6513813	-0.13903339
3466	4.6798884	0.28047098	3.0875603	5282.2294	68.98661	61.476624	-0.027748399	0.038368233
3467	5.4292322	0.353438	2.794791	2307.2623	80.029476	12.368571	0.056194893	0.0025796036
3468	2.5270942	-1.0712189	2.852461	2264.9178	14.550462	13.308043	0.27543247	0.017066315
3469	3.6185762	0.90233591	2.4828923	532.81744	6.1963299	2.0259109	0.0062441306	-0.01375828
3470	0.71470586	-0.79702672	2.3768331	7270.0151	71.73815	54.45136	-0.050990116	0.029493939
3471	3.4532809	0.69908784	1.7884826	4358.4907	86.213123	51.9679	0.10912102	0.19309538
3472	3.7209621	-0.35029127	2.5538386	1173.303	8.098701	7.3828233	-0.13107399	0.077276242
3473	4.3508636	1.0134659	2.6960723	1930.3616	29.652725	22.848194	0.087709413	-0.12304594
3474	0.33226582	1.2138381	0.54499801	1094.7047	12.390531	9.0322342	-0.25728856	0.015867993
3475	0.068562778	0.51181843	2.7966087	2661.3631	36.461866	24.721365	0.017040347	0.031854856
3476	5.2994545	-0.50889064	2.6308455	6810.4339	69.087078	63.152616	0.42739651	0.010811847
3477	0.82290614	-0.27713098	0.62854655	6320.8621	95.68035	73.23605	-0.17695072	0.04489921
3478	5.2145683	0.72936516	1.9164517	139.6248	1.4879551	1.3386632	0.11800554	0.18326043
3479	4.7826346	-1.0689292	2.3699075	3419.2893	49.416897	40.585528	0.0011479263	0.26684738
3480	2.4077571	0.21017483	0.41374533	2060.2221	12.746828	12.205125	0.066950577	0.07318681
3481	0.41308339	0.27840213	0.55672377	1234.3885	22.791532	12.394258	0.081421417	-0.22670799
3482	3.9014003	0.2458531	0.53026972	587.85267	10.412584	9.1298777	0.00071005105	-0.068018657
3483	4.54285	-1.2254971	0.82261627	2423.8204	52.334398	50.74842	0.043754826	-0.055915436
3484	4.183847	0.53927272	2.525661	1283.0657	32.143576	31.522634	-0.0059980481	0.3757277
3485	0.63052029	-0.38476447	2.5831871	261.3089	1.311849	1.2416357	0.11428532	0.012866613
3486	3.2805118	0.33659898	0.47578022	840.62777	10.501628	8.2720752	0.19339012	-0.063177668
3487	5.1241587	-0.33187423	0.12382662	1959.4873	12.299955	11.206263	0.015928404	-0.018905845
3488	2.0433821	0.28571692	0.40862916	4596.1302	57.401656	44.566837	0.018548017	0.012818773
3489	2.4883634	-0.92751583	2.023826	1435.4318	39.15269	29.025129	0.17202408	-0.099845317
3490	5.6459649	-0.050129356	2.7369314	3095.0697	105.10901	48.796955	-0.034211359	0.04558509
3491	3.9302967	0.56466023	2.4301735	10686.13	95.731678	83.000134	-0.040442394	0.11060859
3492	5.1618074	0.60473125	0.92504554	251.47822	9.0468192	1.6467705	-0.11998488	-0.18223768
3493	6.1277101	-0.31754549	0.84673226	2119.4888	50.123401	42.452114	-0.011554964	0.062122432
3494	3.4326598	0.59765478	0.57847209	5328.6355	51.653975	49.337195	0.16571867	0.01792449
3495	1.0168241	-0.15312721	0.57499411	2554.1166	15.392847	12.999346	0.045452638	0.13957581
3496	5.7091533	-0.66757144	2.6243477	6590.5038	62.052603	52.927732	-0.061128474	0.27972844
3497	6.0772918	-0.13881498	2.1346738	2865.46	49.259202	45.623047	0.50331915	-0.089149784
3498	4.4362395	-0.19996714	0.52510083	212.23065	44.113048	34.777759	0.046572699	0.33771434
3499	0.56955928	0.3674744	2.1669946	2979.8531	32.796586	32.77715	0.48541176	0.0040702891
3500	0.68797732	0.28034722	1.777323	500.71941	37.299299	27.976831	-0.12028441	0.063682008
3501	5.9648705	0.64456303	0.91343051	1121.0591	38.941829	37.458506	0.019093627	0.13514091
3502	1.4988023	-0.009103585	1.3541952	342.48146	10.597809	8.7222667	0.21795522	0.070261863
3503	3.1067796	1.4497811	1.3551546	53.782338	6.7524721	1.9250081	0.42508837	0.15731996
3504	4.4729942	0.36209602	2.2520646	559.30147	11.086644	10.314735	0.036965249	0.080941409
3505	0.028284534	1.1252606	0.89168544	5935.0059	57.293287	54.404142	0.27993235	-0.018956206
3506	4.50343	-1.0214235	0.79798128	2848.2503	34.530179	29.219204	0.30219272	-0.2736976
3507	4.5617515	0.56289593	2.1472338	325.98499	2.1583604	1.2450771	0.18173003	0.0042735992
3508	2.3895838	-1.0614547	0.48593248	6875.9647	147.79283	103.38198	-0.010228489	0.091015501
3509	1.8583604	-0.43882063	2.2771466	226.666	2.2417247	1.2462639	0.061185561	-0.0021340696
3510	0.4715505	-1.3852541	2.0132088	463.20714	11.056906	9.2784415	0.099424589	-0.12417907
3511	5.6332188	0.7331544	2.2872976	3832.0163	108.746	49.775599	-0.01213704	-0.056774201
3512	2.9573194	0.54587827	0.59487178	398.52992	5.8425788	1.3366095	-0.20494158	0.12964209
3513	0.37010914	-1.1981734	0.46696602	533.08871	11.747837	10.438364	0.042710091	-0.3094033
3514	1.0988198	0.63539125	0.038578147	2089.5583	54.059778	47.732858	0.13607512	0.0097177916
3515	4.930932	-0.24278807	0.79767016	808.83727	34.412656	20.232845	0.089614903	0.0038635339
3516	5.2005558	0.8805232	0.95830297	3399.3731	49.508336	35.233344	0.097595779	0.18273631
3517	2.1927325	-0.30251971	2.5981426	2089.561	11.930338	11.453172	0.050017217	-0.025921863
3518	5.5794602	-0.14299361	1.1131192	276.02664	1.6790632	1.3686564	0.013246762	0.00089738284
3519	0.032353657	0.14929715	2.402704	9058.4806	85.357262	84.697746	0.096229125	0.025345722
3520	6.1440853	-0.056816511	2.1344651	991.7765	18.476133	10.091408	-0.0085407881	0.10157778
3521	5.3221753	-0.39141773	0.53815014	1363.4104	20.886243	9.2225562	-0.0027014769	0.014399554
3522	3.1241116	-0.19102271	0.91976514	2257.1667	65.962269	51.572365	-0.034848222	-0.014204896
3523	0.48940473	-1.4150269	2.4241402	2008.8367	49.737891	41.753322	0.1039339	-0.026053424
3524	5.4289343	-1.3799291	2.2334349	1976.6461	51.376532	35.979912	0.0081433051	0.088054293
3525	1.1305301	-0.19711236	0.87036905	666.32801	16.123225	9.2037068	0.1314693	0.1818233
3526	6.0378285	0.29124241	0.49296648	2911.2559	38.398652	33.063848	0.025160266	-0.097111146
3527	2.063922	-0.075684706	0.67214936	1988.3355	41.131335	23.909898	-0.081884595	0.11213519
3528	4.5423326	0.20653751	2.9209269	1193.8114	11.540159	2.1116225	0.18395279	-0.005585695
3529	4.0799014	-1.3202418	0.63553992	3496.984	54.100207	42.82782	-0.15734059	-0.19735322
3530	3.0498791	0.96509467	2.1463664	1059.7919	11.721403	10.156936	-0.024897687	0.43976116
3531	2.0801908	-0.47118142	0.65738083	2539.7184	31.941433	21.984837	0.30691113	-0.011018504
3532	1.7771758	1.0980593	0.60674959	3165.8895	58.166339	53.809468	0.023232094	0.16599281
3533	0.89969087	-0.81726305	1.4439824	403.7242	9.9298951	9.7466525	0.010355478	0.16586365
3534	2.2028454	-0.24201711	0.73976648	433.65487	2.240435	1.4442105	0.075300982	0.0025052375
3535	0.66391093	0.32503513	0.28928116	3526.9368	41.224929	38.954501	0.021564193	-0.19946807
3536	1.9018191	0.825795	1.1576462	1786.7688	37.071231	24.517482	0.11775162	-0.0046193535
3537	3.9812598	0.73701536	0.25124978	560.66403	30.615956	23.716586	0.026602891	0.027885522
3538	5.7180145	-0.69324714	1.1556091	110.44273	1.4183207	1.2300891	0.129891	-0.16029039
3539	6.0072199	-0.16459958	2.1157312	729.47855	23.659803	11.727015	0.03518686	0.016706726
3540	6.1572397	0.63209054	2.7839781	5465.4062	55.552959	23.109518	0.096128315	-0.48145785
3541	1.3966033	-0.66789093	2.9890953	1076.4727	9.659284	8.9878774	0.076344117	-0.060911111
3542	4.1217051	0.033046409	2.6372881	3704.4275	55.990076	53.514849	-0.1148202	-0.0050444635
3543	2.8395033	-0.46990182	0.439261	1712.2869	12.402086	11.149393	0.1304629	0.04042141
3544	0.25708257	0.0045957172	0.29593309	2144.7231	30.87725	29.811062	0.050216332	0.019064972
3545	0.088284725	0.42239845	2.5130333	375.75957	1.6501836	1.3041092	-0.08388532	-0.027160863
3546	5.9076456	0.28029452	0.31909462	365.35261	9.053762	8.7403425	-0.22546725	0.12915979
3547	3.3231473	0.6335129	0.38868512	2827.6262	35.775461	31.357945	-0.012249147	-0.014281863
3548	5.0046487	0.12506792	2.5725726	471.44468	13.726641	2.2422689	-0.61171511	0.12080452
3549	4.8017647	-0.69142236	3.0807278	205.08526	1.7980743	1.6097266	0.079405033	0.10844903
3550	4.111512	0.77174015	1.6959149	2033.6286	33.954703	33.605356	0.023365968	0.11454568
3551	3.6186588	-0.51106073	0.7569095	2803.2437	41.6278	21.656774	0.098692135	0.23212513
3552	1.1258226	-1.0284207	0.21772039	1627.2049	13.294346	10.932007	0.12914133	-0.012391881
3553	3.1497866	0.83465439	1.8960155	361.53422	9.9787836	3.5288862	-0.012556091	-0.027933391
3554	4.91878	-0.99819626	2.7687187	8024.7731	78.115484	70.994626	0.00038083928	0.096838849
3555	5.855463	-1.3248499	0.90865167	1433.3049	41.767043	20.968055	-0.037210907	0.48224606
3556	3.5581548	-0.68694629	0.68576995	1821.9683	13.32495	11.095831	0.033763342	0.29413185
3557	3.7732532	0.61386675	2.5530669	2082.3117	12.751698	11.370195	0.066025627	-0.10564479
3558	5.2635004	-1.0034649	3.0053718	1366.2698	33.650359	3.1022067	0.46150141	-0.0026462967
3559	2.7442775	0.30502809	2.3738797	949.53799	11.074718	6.560218	0.44422052	-0.0063814606
3560	5.068908	-0.054125027	2.8768025	8831.7559	121.67957	84.606824	0.38702258	0.01342989
3561	4.8442102	-0.064723203	0.68646045	4223.9483	56.534248	54.128402	0.061881307	0.014715458
3562	2.7543175	-0.3510676	3.0027462	3151.5812	53.07529	23.530551	0.027793579	0.34238889
3563	0.34013815	-0.957423	1.4661409	298.67558	9.7973196	9.5875787	0.091349126	0.031828906
3564	3.2042081	-0.9230297	0.7552547	5837.0393	62.191542	55.37372	-0.014905246	0.019189051
3565	1.9483353	-0.37220073	2.9816601	8396.2619	145.45978	78.453051	-0.090913862	0.063273746
3566	1.5837756	-0.64896466	0.41952894	2803.3333	54.404004	25.308772	-0.030637779	-0.0046136855
3567	2.0196953	-1.0476412	2.3045078	435.79709	8.5066783	8.4449157	-0.19970567	0.1699638
3568	2.6467952	-1.0319293	0.43479072	1414.4421	16.373221	11.899682	0.1738983	0.08103486
3569	1.3307938	-0.33996245	0.22735396	5398.0533	104.45428	90.049358	0.4189166	0.028699296
3570	2.5104188	-0.45691124	2.4425837	5484.5905	63.493416	57.65557	0.041146197	0.037387056
3571	1.368815	0.3449008	2.6853485	1126.7558	13.456171	9.2579554	-0.12966074	-0.0042352517
3572	4.3220093	0.17234509	1.9852541	280.53143	2.3824691	1.5944678	0.12192433	0.10514403
3573	6.202824	0.80051044	2.8475452	3621.2028	38.21062	36.919786	-0.034884758	0.44505487
3574	5.1543685	0.56519023	0.75602847	1569.3878	51.732952	44.339882	0.49372517	-0.1595162
3575	0.2982628	-0.80532884	2.6268305	735.76068	23.559939	1.6669433	0.6866822	0.14661336
3576	5.8714013	0.74442459	2.3961715	3849.8371	54.662669	53.027843	0.15840312	0.026225767
3577	2.573976	-0.75863382	2.7548845	6613.0016	70.857312	65.729736	0.0062928557	0.055461679
3578	2.9122443	-1.022929	0.81109672	1399.1123	12.7482	12.041702	0.064154809	0.032255163
3579	3.5519248	-1.2470839	1.2345944	992.11114	25.387636	12.629267	0.27896286	-0.13375812
3580	0.33236119	-0.16780067	1.2949626	251.26421	2.1774256	1.7527734	-0.045302225	0.089424465
3581	4.8174374	-0.38177077	0.51429227	1369.3185	13.360236	12.770496	0.39218755	-0.0012437565
3582	2.0184571	-0.1789511	0.30906784	7624.3138	48.731335	47.681624	-0.022942705	0.020011932
3583	5.4661115	-0.32342518	2.5599352	489.17915	37.268639	31.87834	-0.05493378	-0.095105934
3584	2.5739205	1.4523086	1.4189494	579.49977	7.0728764	5.7431855	0.090686183	0.16286499
3585	5.069755	-0.55865089	0.34491435	608.0755	35.102844	1.3381662	0.0016981525	-0.045573735
3586	1.858783	0.54369721	1.1545331	422.26166	9.8399816	1.9358815	0.035255306	0.083229603
3587	1.5607356	0.49641401	2.3853244	450.55523	8.8746228	1.4558959	0.049108656	0.041961734
3588	2.3186478	0.28836908	1.9615371	515.25159	37.915616	4.1259887	0.0086841946	0.14275939
3589	2.6269726	0.1106235	0.66134657	4516.5832	68.047331	45.742973	0.11700701	0.068658363
3590	0.55427026	0.21034219	3.0884356	954.57378	12.534065	3.624423	-0.1536901	-0.011587028
3591	2.8082373	1.1748682	2.1483826	767.49584	10.32802	8.9852044	0.18346466	-0.1676027
3592	1.358932	0.63254912	2.1878062	491.95515	3.8694314	2.2356517	-0.026883977	0.0063739809
3593	2.1656379	-1.3006275	0.79206242	4214.2213	64.357679	58.405884	0.17849562	0.069740677
3594	3.5127266	1.011462	2.5088734	176.20151	7.5010264	1.2472784	0.18332432	0.03162011
3595	4.1376625	0.5866234	0.48528988	2155.8865	12.200907	11.593263	-0.040467972	-0.026441707
3596	5.7323901	0.51009181	0.60376882	1503.9874	21.499188	17.772488	-0.068160251	0.019793928
3597	3.8655926	0.27576502	2.9451613	2632.9055	45.773734	28.452836	0.090867966	0.02520716
3598	5.430269	-0.94397565	2.7504156	7333.3125	68.244623	51.57874	0.071303031	0.096676576
3599	4.9377805	-0.32438927	1.5448848	2173.8445	37.425329	35.758042	-0.21561496	0.12802247
3600	0.43708842	0.20605196	2.1869108	1028.3138	11.884264	11.678675	0.057205347	0.094782745
3601	4.946858	-0.078160469	2.9148789	348.38618	1.4122534	1.3891235	-0.044061313	0.037488941
3602	2.072996	0.47218197	0.98168503	4368.5202	65.812014	64.691634	0.0447047	-0.071033448
3603	4.8271817	0.71673022	0.9036688	3694.6339	47.869306	44.051856	0.11517317	-0.050081107
3604	3.2886697	-0.77899998	1.7573317	1891.4366	44.721133	37.231343	0.39720724	0.014794184
3605	3.1047484	0.578226	0.38272154	977.3383	11.529253	8.4501999	-0.012958939	0.063935925
3606	1.245545	1.086683	2.556093	4234.1812	45.744279	34.570547	0.25625742	-0.16738187
3607	1.4232292	-0.98912912	1.2996627	141.05634	10.789686	10.113767	0.19361021	-0.040974827
3608	3.3592741	-0.58533444	0.7686798	1450.9247	41.644958	23.917237	-0.034950263	0.047016514
3609	2.9583349	0.80487137	0.57007096	3681.3197	43.285619	37.129712	0.11104015	0.13349789
3610	4.2623079	1.0112652	0.35547058	2497.6505	43.207822	26.387224	-0.027038249	0.1291173
3611	2.7821227	-0.48241988	0.21096227	775.95605	41.923466	36.987555	-0.021159433	-0.054949287
3612	1.7153499	-0.69202927	0.41432499	3442.1955	57.30412	50.419821	-0.12620512	-0.10497467
3613	1.7134288	0.44360098	0.70468127	10485.159	93.956581	75.799675	-0.20846409	0.38699211
3614	1.4075791	1.1737234	1.1303375	1523.1803	42.90413	25.18493	0.46572834	0.30694586
3615	5.8233012	0.66723898	2.6006054	269.96666	1.8784479	1.7157782	0.0045315893	0.23972121
3616	3.4657405	0.26264024	0.35948064	1954.6471	22.457326	12.952147	0.19973919	0.010645932
3617	4.7464077	-0.87024633	2.654899	357.66846	2.1090124	1.5469567	-0.0069881253	0.097150987
3618	2.5014166	-0.70215122	2.6481902	3901.156	36.208648	34.060694	0.24072593	-0.035599799
3619	5.482819	-0.23613239	2.1930977	5316.3606	116.62619	62.403279	-0.010183416	0.009601514
3620	1.536977	-0.86284361	1.3412054	234.08604	35.920632	9.8311502	0.011507833	0.26969599
3621	2.9719724	1.0646304	1.3942685	895.17632	12.063511	9.3839718	-0.0061315758	0.54758711
3622	4.2072589	1.0905987	0.12171502	3057.9404	31.195125	21.387467	-0.26855194	0.012831978
3623	2.2679808	-0.65074304	2.4968593	106.81406	1.2573124	1.1591787	0.066352634	0.038758777
3624	4.5594607	-0.86600848	0.52113989	5493.758	55.556292	25.516508	0.36868114	0.33628924
3625	5.4669154	0.49216866	2.3124907	1130.7548	47.348631	45.641839	0.0078418092	-0.018654284
3626	1.3956588	-0.89942932	0.34811313	1384.7126	10.877184	9.5869967	-0.17419684	0.0258057
3627	1.935198	-0.037556501	1.8876305	2953.6488	50.814309	41.875009	0.0016594408	0.028552462
3628	4.0950941	-0.14104022	0.51584721	1856.1952	16.151698	9.6659708	0.13009508	0.16002172
3629	3.5108333	-0.18762344	2.4080669	226.98279	2.0875669	1.8675404	-0.12371175	-0.0092398103
3630	1.3315666	-0.65029375	0.14042475	506.34063	2.172742	1.494378	-0.11752416	-0.076420306
3631	4.0027323	0.44667263	0.48545622	512.00335	12.511678	4.8856437	0.013482418	0.060190358
3632	6.0644792	-0.78987801	2.1368654	2981.4137	144.39789	61.471171	0.10191458	-0.020525357
3633	3.3366667	0.83699416	2.8283488	3524.2931	58.941526	35.521984	0.41084867	0.099770644
3634	0.8025974	1.0214217	2.5597789	1883.3107	15.660389	13.710329	0.040341021	-0.38626869
3635	6.2402293	-1.1614282	0.82325368	493.99625	1.7232892	1.4804207	-0.026497956	-0.077283339
3636	5.5074305	-0.16540438	0.92419844	2360.2158	21.00441	13.14653	-0.0097642677	-0.052199452
3637	0.65728918	0.37047965	2.3880598	432.68422	11.335505	10.126634	0.0080958731	0.062371409
3638	6.2110003	0.37877089	0.84984948	299.73561	10.944868	9.6887952	0.13015329	0.072985027
3639	4.9601399	1.3054882	0.54108794	1348.8576	30.633735	30.077416	-0.0067785486	0.031843414
3640	1.1862671	0.47639298	2.8746522	601.56181	9.4954107	9.359411	-0.15538391	0.097266192
3641	5.0298178	0.031030264	2.1797778	236.50467	1.7240747	1.5981931	0.038165627	-0.16390397
3642	1.3622907	-0.2100648	0.45870541	4152.1905	40.326541	33.912375	0.16050706	0.039171201
3643	0.22972982	-0.17758491	0.14125651	367.69096	15.043174	3.6861892	0.041987	0.31051009
3644	1.6986045	0.15819308	1.6618753	2059.659	78.452194	58.853891	0.006566542	0.36627098
3645	0.33818855	0.8294048	2.8609006	2502.9463	14.062064	14.042384	-0.081684668	-0.006270486
3646	0.3459134	0.86539984	0.75868267	1584.3113	33.395646	26.890697	0.097844383	0.061315211
3647	4.4228741	-0.25465767	2.7235794	607.37166	11.348564	10.493377	-0.0020880305	0.086172445
3648	0.69733394	0.94824141	2.6216768	1254.9281	11.290137	10.789052	-0.012879543	0.088342406
3649	5.5602326	-0.20794665	0.43064178	900.52445	10.01182	2.3011915	-0.59081317	-0.014648849
3650	3.8200415	-0.69558201	2.0149913	259.99232	2.429345	1.2443262	0.068650289	0.060734489
3651	5.1077793	-0.56249885	0.61080321	2537.5454	44.236232	32.652033	0.012729983	0.97009558
3652	1.0151865	-0.7218057	3.0357484	189.65406	37.607104	37.402335	0.022874447	0.32824678
3653	1.4451043	0.65997112	2.600811	3595.9118	86.242994	39.114112	-0.17900794	0.035185342
3654	2.5999108	0.84289554	1.1794223	1346.1555	33.007409	31.168029	0.003405685	0.25506149
3655	3.4992578	0.65935832	2.5409122	960.94758	9.0427284	2.027699	0.14030244	0.10630822
3656	3.625657	-1.0480361	0.52598153	364.98691	1.9493466	1.3753136	0.038441951	0.21284969
3657	3.7062052	-0.13926755	2.0415383	643.9664	75.313113	40.619774	-0.090913862	0.063273746
3658	2.7750699	-0.65267703	0.68700466	1184.7545	38.294325	10.96542	-0.011307854	0.17728107
3659	5.1938018	-0.67577491	2.3125058	809.23883	43.297514	2.2592569	-0.0017851161	-0.10793363
3660	4.583478	-0.46845007	2.0438623	325.57118	34.646215	1.690306	0.0080811176	0.024887427
3661	1.9051205	-0.27614748	2.7293536	721.77489	11.261092	10.963368	0.038554846	-0.095427867
3662	2.4876922	-0.026295924	0.84683997	1666.4128	13.464227	12.859547	0.01140145	0.30273299
3663	5.2985604	1.3267049	1.6364375	700.44128	12.631817	9.5110646	0.17721997	0.22052524
3664	1.7648546	-1.1030188	1.9900844	735.94603	29.747597	27.644841	0.47177747	-0.0041184309
3665	6.1865174	0.344291	2.7851087	7017.1684	85.236979	55.456045	0.23635687	0.19499827
3666	2.065407	-0.92682091	2.1864247	832.24206	27.845091	10.639264	0.066638883	0.31542555
3667	4.2511963	-0.24300694	0.90888714	971.76793	27.96128	11.907464	-0.28302002	-0.054727077
3668	2.1208164	-0.03624131	2.2438416	767.19856	12.09982	10.844145	0.0013267983	0.17113813
3669	0.41192249	-0.081380637	1.035934	722.19441	11.515938	8.9591004	0.050091937	0.26383312
3670	5.4286519	0.31288301	3.0647529	1746.8059	13.703933	10.790019	0.0084382483	0.11361255
3671	0.05150141	1.198962	0.25497352	2517.4664	17.866883	17.013446	0.082159168	0.10709493
3672	3.3905981	0.80949554	2.4140739	6324.7804	73.780216	66.493923	0.288782	0.0082542318
3673	0.8029188	0.95993146	1.295435	508.08521	11.326645	10.387531	0.14655549	0.0522294
3674	5.9520823	0.67813845	2.4360891	7003.8074	72.528254	63.081058	0.095815996	-0.021003341
3675	4.9515578	0.29258975	2.5508446	1790.6173	33.214015	21.322308	-0.11517819	0.016018349
3676	4.3912833	0.74570483	0.22382852	2833.5594	40.176647	32.664804	0.079582482	0.21691835
3677	2.6778026	0.48468707	0.81627123	1201.4121	12.606774	11.86102	0.0099805358	0.0070556216
3678	3.3543613	-0.39815433	1.4010362	1030.5221	10.667073	8.8001411	-0.024901156	0.055692217
3679	6.0514406	-0.028175911	0.55072993	1492.2731	45.428883	11.318714	-0.17198496	-0.097006552
3680	1.2826467	1.2814118	1.3821798	3626.2299	144.58362	53.127895	0.0094580527	-0.1414441
3681	4.7921971	-0.70782325	1.9206923	455.50086	76.900345	36.725915	0.17867046	-0.44779512
3682	3.9190565	-0.48677689	2.6764222	1251.3795	33.910355	19.772464	0.10078254	-0.011289576
3683	4.8411867	0.73286016	2.225649	418.07847	9.6849635	9.3082053	0.13916484	0.010181345
3684	0.86461673	1.0426146	1.7986968	1626.205	48.092932	42.605553	0.027391752	0.039699681
3685	0.9454533	-0.25317699	2.3661445	1092.3099	9.1417254	4.2551484	0.1580689	-0.088539691
3686	5.4564169	-0.82455158	3.1287055	2568.0591	51.52436	48.875618	-0.08287366	-0.0070893071
3687	5.7427719	0.63591621	0.868346	239.59785	1.5459956	1.4280371	-0.12084661	0.21756649
3688	4.3201672	-0.75544171	2.6968526	956.18022	24.889499	10.939123	0.032449122	-0.045921826
3689	1.8217713	0.2652553	1.0400773	1006.0033	12.525068	7.1024267	-0.049794182	0.078104127
3690	6.2219142	0.35618483	2.1738988	4187.597	65.887697	60.882273	-0.035991795	-0.02880085
3691	3.9217123	0.087265997	0.49544225	773.60478	13.335884	11.233241	0.0031868894	-0.0028933908
3692	2.2392545	1.0096903	1.0624873	360.35753	10.000879	3.7538327	0.013338074	0.22361859
3693	6.0503735	-0.56781238	0.42988795	5866.4519	50.744858	46.129496	-0.028508651	-0.16409384
3694	4.1300775	0.051586413	2.7460766	1130.9824	12.205294	9.9197852	0.16060515	-0.029670493
3695	1.563682	0.55070042	2.9290546	4003.8449	55.446104	29.944215	0.013674283	0.027408476
3696	0.34977516	0.74795061	0.30120235	2971.6691	52.487665	48.157628	0.058777017	0.17539307
3697	2.9614168	-0.1686581	2.3701117	5150.9962	137.60049	84.28642	-0.1175045	0.091319523
3698	0.88123984	0.96471987	1.6074306	204.56436	12.672079	1.3590322	0.0036773792	-0.058429323
3699	0.19626506	0.7026236	2.462035	1228.3131	43.995303	39.118813	0.17414015	-0.066041624
3700	4.0409402	-0.24531808	0.61708115	1521.8897	13.540872	10.596743	0.20090042	0.33793954
3701	1.2826181	-0.61062034	0.8160248	3221.924	60.487107	45.23272	-0.12350476	0.016282182
3702	0.085090974	-0.18648647	2.097233	153.52019	2.3270155	1.6817417	0.045386672	0.14751077
3703	2.5815531	-0.20795544	1.6821776	1201.9859	48.903119	34.937974	0.045725268	-0.016586961
3704	1.6126957	1.2255698	2.2847987	4474.4732	61.597433	53.129762	0.047640185	0.026977912
3705	0.72749096	0.42919917	1.047605	2215.0892	128.45407	108.31367	0.072656943	0.25832343
3706	3.3116041	1.2431571	0.87727814	6166.954	70.246364	69.942533	0.28559665	0.038255592
3707	3.0187134	-0.86437267	2.2550019	879.73936	10.795909	10.696705	0.088919821	0.062417012
3708	2.1082904	-0.96726594	0.31615683	1768.4242	12.323404	10.086375	0.14906492	0.19510549
3709	5.2088155	1.0978147	0.69401728	4610.2094	119.64634	117.28313	0.071187686	0.047401997
3710	4.0701524	0.51177048	2.801624	634.15341	33.087631	32.737226	0.36732993	-0.075964704
3711	3.2215387	0.88080349	0.48223501	5791.5192	66.323209	62.713931	-0.48169163	0.066900024
3712	3.02715	-1.1871485	1.3222747	2207.3161	51.170793	36.941504	0.080098528	0.034065773
3713	0.72354439	0.54347775	2.3231171	698.83901	37.059659	27.34115	0.025061311	0.27424404
3714	0.91006223	0.49370173	1.8596228	3524.9735	66.735217	61.864862	0.052277291	0.23846685
3715	2.8932641	0.82433048	2.1872597	4511.5741	42.524643	36.903772	0.001987464	0.13824967
3716	5.082436	0.52121122	2.2777405	4989.8828	54.77244	46.00276	-0.030799142	-0.035020507
3717	5.6958834	0.4130905	2.0797929	2234.1887	46.811666	44.01937	0.28221116	-0.21812892
3718	0.99852884	-0.2528267	1.1301341	1633.9181	11.841149	10.559972	0.089409982	-0.25256933
3719	1.7044265	0.20734663	0.69245234	351.68505	3.7036073	1.5917317	0.069740321	-0.021487789
3720	4.7053694	0.61731194	1.1657045	280.30326	1.7425458	1.6913613	0.1087302	-0.012525711
3721	5.8067355	1.4060647	2.5475553	186.27428	1.289727	1.1894194	0.017513961	0.044087264
3722	0.34356987	0.81509052	2.3900966	1306.8901	11.517288	10.238623	0.10140575	-0.094647881
3723	3.5525086	-0.20566708	2.5328146	2427.89	55.253072	23.63228	0.031302449	-0.27522524
3724	2.6188109	0.62786022	0.58202437	839.45703	11.984214	11.864589	0.11094965	-0.037645739
3725	2.8743204	-0.10685151	2.5882623	632.53311	8.5217126	2.9329258	0.0018512494	0.06317225
3726	3.0508993	0.025003517	2.523926	1114.0608	11.252316	2.6327256	0.0025596401	-0.022321804
3727	1.5242203	-0.061287261	2.341515	2839.7356	46.894218	34.847305	0.072531417	-0.0039960327
3728	3.7244401	0.21386921	0.83414599	2864.8116	54.475335	32.939171	0.33996233	-0.046962185
3729	3.1432124	-1.015137	0.61435565	2948.1204	42.276538	16.491944	-0.16075574	0.072964708
3730	4.423084	0.96439017	0.82810361	2404.422	44.474712	12.812279	0.022779687	0.52051175
3731	4.6343246	0.55244618	0.86554525	2452.2055	43.858005	33.744386	-0.20943429	0.16389064
3732	5.4327498	-1.0696896	0.73862416	2379.8217	47.974915	45.785001	-0.014415574	0.14380623
3733	5.4395384	-0.54278086	2.1702003	362.29866	9.0151222	3.3616047	-0.01106813	-0.024964661
3734	5.4424872	-1.4817047	2.1092897	614.21807	10.149407	9.761484	0.091658085	-0.094120109
3735	0.34642625	-0.086160594	1.4835273	1993.3058	44.415966	37.034701	-0.040769392	-0.021895147
3736	0.96625834	-0.89585438	2.4598111	3068.1358	48.864515	12.404828	0.079040275	-0.035154696
3737	0.83475923	-1.298511	2.7930727	4644.9056	57.768909	37.89457	0.094223043	0.14745753
3738	1.7794417	0.98149346	2.4378727	1170.86	12.538443	10.786945	0.10104678	0.025127049
3739	5.5821	0.89664674	0.75664841	484.90498	7.9916856	1.2792298	0.043770099	0.19188953
3740	1.2711369	-1.0123748	2.7022221	1068.8144	23.410358	1.8973558	0.088083044	-0.097470419
3741	1.7191459	-0.73848771	0.93705707	2742.619	37.570779	32.328842	0.026994267	-0.0074329791
3742	3.6389269	0.16203112	0.76469701	3940.0584	57.07755	56.055863	0.073582687	-0.20714733
3743	2.707067	0.27385427	0.97435047	1622.8037	31.061968	10.925864	0.030865471	0.11234635
3744	0.41578055	1.089495	0.70592868	3017.5564	14.89349	14.48739	0.039599073	0.030304794
3745	0.70294099	-0.8562148	2.4727876	129.86267	1.5658049	1.4885594	0.03130263	-0.0012633711
3746	2.3279405	-0.38396419	0.42838598	3426.52	29.629871	18.727784	0.061432085	0.20370684
3747	0.5637805	0.028930266	2.9281216	2317.2242	46.303815	39.34203	-0.17238699	0.053570895
3748	3.9483829	-0.088271437	2.8661549	3192.4822	14.088934	11.672736	0.12204094	0.0056513672
3749	3.0864575	-0.15425141	1.049757	796.18299	10.923016	9.9718379	-0.28490099	0.058646708
3750	1.9162367	0.39893499	1.1867646	582.06352	12.88198	11.172219	-0.061837806	0.24673385
3751	4.4644385	0.24083501	0.33763404	2090.7669	27.531208	12.918626	0.27954731	0.043879061
3752	1.1876498	-1.1054465	2.7053697	2494.4467	37.928226	36.226944	0.094613524	0.0046517179
3753	2.8144547	0.97370081	2.5851244	3077.2128	55.410734	31.366863	-0.11960762	0.0019717976
3754	0.14772272	0.41437794	1.7445438	358.33893	8.384923	4.2761494	0.052715871	0.16363985
3755	2.6412296	0.64936938	2.362651	764.57373	23.059244	1.7205175	0.25221963	0.010408562
3756	0.84763889	-0.54765936	1.7020904	612.98112	9.1922715	8.9493954	0.0034778828	-0.15253386
3757	4.9438177	-0.54016746	2.971395	3916.4119	44.481606	28.661704	0.045567368	-0.017478239
3758	6.034348	0.54375843	0.86939485	875.76323	37.932387	32.146571	-0.12785797	0.22851625
3759	1.4637322	-0.2706661	1.7498263	437.81845	9.298648	6.0705491	0.0025104668	0.026942811
3760	0.77996423	0.84435949	2.830874	3095.845	57.403578	53.784968	-0.00026552314	0.0083114158
3761	1.9096875	0.23945844	2.6322592	3879.9464	77.893393	40.097856	0.15881801	0.063140494
3762	4.5072374	0.96886459	0.40208305	11038.401	72.178291	51.718341	0.33470919	-0.18139364
3763	4.1327286	-0.67158136	1.8344207	1831.5987	40.23324	32.516066	0.023830619	0.15981495
3764	2.7209896	0.86175361	2.9081154	7748.4577	66.157495	60.845554	0.050696948	0.20978988
3765	3.5955631	0.45531287	0.46611846	636.38706	11.924629	8.0548442	0.051821341	0.13755784
3766	5.7601845	-0.56595716	2.5986865	9058.5156	78.137529	55.7838	0.67048069	0.10260052
3767	5.661031	0.79688333	0.68029117	863.95575	10.052713	9.4726269	0.013761691	-0.37707234
3768	1.6819402	-0.89653435	2.9364744	11256.101	95.694146	89.787705	-0.0037258181	0.077308158
3769	0.49828044	-0.028599414	2.3615956	910.98726	10.946816	10.631777	-0.10955099	-0.3291675
3770	0.81264345	-0.058096204	1.3752777	3611.4953	111.26806	100.88466	0.18620102	0.129722
3771	0.72713979	-0.48743548	1.3676123	2001.2195	34.324347	13.74977	-0.0034333768	-0.017666346
3772	0.30765559	-0.95288738	3.0394108	641.15757	11.062538	10.076167	0.027350987	0.017033351
3773	2.6252275	-0.54713003	0.45311622	3135.8453	21.379516	19.531161	0.11541004	-0.29893285
3774	5.0550015	0.11780004	2.2759404	1455.9521	46.092373	36.094537	-0.026729017	0.064859847
3775	6.0321803	-1.4827247	1.0154829	1137.7609	14.471618	10.535398	0.025352355	0.0077776897
3776	3.2526589	0.064076237	0.73332636	1070.5394	11.931446	10.961558	0.083706225	-0.038600343
3777	1.0054144	0.56747368	2.9451845	1338.0709	12.934577	9.9804502	0.41979619	-0.0011672294
3778	4.0302168	-0.96799631	1.8455063	630.15178	10.805689	8.7281254	-0.071870985	0.025208586
3779	4.2505448	-0.70643603	0.58039651	1684.5973	11.954662	10.286938	0.02311034	0.083949077
3780	0.97937962	-0.63340785	0.58155531	1358.5094	46.554035	30.741264	0.031794673	-0.0019598008
3781	0.2262542	0.68466078	1.3591311	3445.5917	49.640191	47.066629	-0.07668318	0.03547938
3782	1.9179347	-0.048000045	0.90367021	330.65401	8.316037	2.2089636	0.15986353	0.24434065
3783	2.4839413	0.26474646	2.2522837	1716.6498	10.866711	10.345446	0.42575214	0.10016857
3784	3.1910555	-0.45889427	1.6520929	528.90331	34.760989	21.797393	0.044610196	0.13886932
3785	3.3411493	-0.44866562	1.0592891	3407.6924	65.720617	57.881031	0.067765158	0.08601756
3786	3.4946601	0.54839429	0.57210304	2094.4672	21.702571	12.120807	0.046271582	0.1597718
3787	6.169831	0.66561588	0.79003342	4024.4032	122.57281	51.341782	0.47266171	0.19381377
3788	5.3347742	-0.78207926	2.3068667	1185.9248	10.22834	9.6435425	0.012588827	0.19895309
3789	0.8938141	-0.2638692	0.47763198	2558.459	53.072246	40.836823	0.17551023	0.18842571
3790	1.7394683	-1.1488386	2.860682	4184.7452	44.443599	27.103402	0.052173293	0.050074866
3791	5.2114699	1.2352941	1.5236942	996.66785	10.99461	10.178253	0.14357945	0.033156855
3792	2.4012145	-0.10223357	2.2892025	802.99937	12.246011	11.352354	-0.080926087	0.052948958
3793	4.1113419	0.53413795	0.70200488	359.61108	2.4970005	1.9612961	-0.021314343	-0.02038208
3794	1.1864299	1.0337384	0.83300314	5048.022	112.31361	77.340236	0.03684518	-0.031979158
3795	5.2441658	-0.39910025	0.58741787	140.65535	1.4514044	1.3152575	0.050761734	0.028438873
3796	5.1880508	-0.40357237	2.771177	2831.6835	74.370349	39.497177	0.045916209	0.052745884
3797	5.8897598	0.59464339	1.8761683	3009.9651	60.647214	56.579121	0.21227692	-0.041679503
3798	2.9293587	0.10210594	2.2578133	512.8933	9.5015192	8.9310188	0.13961912	-0.060721584
3799	4.1932357	0.30848324	2.7625215	2195.4242	61.985255	41.795625	-0.0044546721	-0.13337932
3800	2.7567692	0.95610324	0.53283333	5543.3864	56.280266	42.952862	0.078679961	0.18441923
3801	3.8089933	-0.5605187	3.0293891	11351.894	99.884302	90.479318	0.10742033	0.25296669
3802	2.131094	0.38163012	0.24707967	500.43128	1.705724	1.5112134	0.10096061	-0.041271218
3803	1.3229864	-0.74248933	1.1663994	5618.5312	83.223149	59.730671	0.068644294	0.0027942678
3804	1.165059	0.21688228	0.4813009	1091.7621	37.458866	31.986032	0.0013159531	0.40723113
3805	5.8634981	-0.67788169	2.6976074	818.7913	7.4824542	1.842039	0.15566756	-0.057711229
3806	3.0784664	0.53829925	0.88391024	977.93773	25.948568	20.183403	0.28185201	-0.15381277
3807	2.775488	1.1721574	1.0740971	2046.4539	46.287388	29.044113	-0.0018765117	-0.01217039
3808	4.513894	0.82324335	2.3422482	3563.2235	115.41685	107.68247	0.03671732	-0.038940566
3809	5.9819843	-0.033913598	2.2491878	2553.6382	45.053345	29.995116	0.081290139	-0.27948415
3810	0.019042524	-1.0045305	0.34476938	3492.554	46.527175	14.03444	-0.061105114	-0.0019426016
3811	1.7319119	0.56399737	0.65060144	562.03294	24.117684	10.035241	0.010539114	-0.20695569
3812	4.2523226	0.24471685	2.917352	1519.2845	12.21236	10.816951	0.13849857	0.066522775
3813	1.4645434	-0.63041471	2.8600744	1307.522	12.332206	3.2650617	0.11967903	0.10950731
3814	1.8415388	-0.22309117	2.5627015	3056.0917	35.857574	32.867942	-0.093912665	0.193238
3815	5.7599749	1.2095803	0.96606651	454.48183	8.983264	2.1451254	0.48419057	0.027886097
3816	3.778884	0.21452095	0.87566451	1125.022	22.657145	21.072756	0.048149735	-0.0053021143
3817	0.7200117	0.11392766	0.54350395	2352.1521	96.847885	75.254182	0.00075188188	-0.075830513
3818	3.9370017	0.24804897	0.6581587	2756.9619	86.825525	53.202851	0.15332354	0.14209462
3819	4.7298198	0.56706625	0.17800107	8879.0089	63.319462	60.529421	-0.01031961	-0.025807184
3820	0.94670188	-0.20725887	3.0327812	853.10277	38.148414	1.512091	0.042182777	0.096559561
3821	3.5359973	-0.63842373	2.6292499	396.01985	1.322118	1.2819973	0.026109176	-0.13105916
3822	1.7491767	-0.57333963	0.79803333	5727.1052	66.495911	47.34058	0.037504774	-0.0025317891
3823	6.2290133	-0.93190817	1.8986898	1414.17	48.313168	43.087567	-0.041672978	0.035170004
3824	3.3157475	-0.73805973	0.52867553	1512.9161	11.755746	11.590935	0.13571714	0.22583931
3825	1.3342971	0.46135958	2.5688534	1487.3868	11.663601	11.470606	-0.049068473	-0.018571679
3826	2.6819675	0.57805096	0.56603487	1747.8539	14.298465	13.989302	0.012509865	0.015548498
3827	6.2632404	0.87825546	0.5182888	244.05176	1.4410091	1.3248283	-0.0006158078	0.0031900054
3828	0.68549461	-1.2359082	2.2662509	1245.8523	54.978762	27.24282	0.21885133	-0.030641046
3829	0.0089220066	-0.40476499	0.34191077	651.25324	11.161487	2.6401801	0.34167549	0.06808674
3830	1.0653599	1.3089932	2.4740396	809.80019	10.276357	9.1502009	0.27832165	0.012635342
3831	5.940742	0.19918741	0.20388269	958.89567	9.807885	4.8485737	0.051778024	0.30720524
3832	5.7092251	-1.2754205	0.47940446	4359.796	50.802594	46.924048	-0.20582578	0.023265605
3833	4.4076368	-0.63500158	2.5423575	1706.1038	23.068382	20.050724	-0.021973391	-0.03587913
3834	0.69913716	1.3074211	1.9605702	3455.1014	68.656574	48.018603	0.11268841	0.016909864
3835	5.2551592	0.47985795	0.47600322	5566.9698	41.969748	28.697397	0.23496715	0.38276952
3836	5.8804041	0.59772192	2.8643918	2814.7183	40.385492	39.308754	0.08294265	0.0018352776
3837	3.4782435	-0.19759669	2.7991748	2247.8	50.115524	44.706559	0.24758012	0.03094439
3838	2.1231455	1.0243743	0.25522786	7168.6225	59.79935	57.600038	0.02653412	-0.0018711746
3839	1.2292494	0.89502827	2.6683645	1737.8741	42.445611	25.394645	0.12748879	0.0099820641
3840	3.7290129	0.26632415	0.1806543	768.86785	29.977709	8.9491131	0.25703318	-0.042084592
3841	5.8415386	-0.058343676	0.36305229	419.6431	10.17587	9.5556916	0.013500474	-0.0019871751
3842	5.8961138	0.61597391	2.6480803	2786.6593	41.431902	39.179909	0.39787898	0.087027605
3843	2.7805897	0.28966504	1.9193194	1227.9313	59.405577	45.314615	0.14552396	-0.047687021
3844	4.0911197	0.056692026	1.0044465	2849.3623	54.083672	47.07389	0.029865914	0.17177581
3845	0.98069922	1.242507	2.2695813	116.4259	11.067042	1.2416113	0.3233975	0.059202313
3846	5.5816582	0.31793187	1.0663413	1273.4201	31.063425	10.645302	0.051902555	-0.5147221
3847	3.3562371	-0.33088555	0.57079417	4753.8681	97.460402	65.722093	-0.22496363	-0.050865197
3848	2.4579351	-0.7900818	1.9922226	976.10627	47.064043	39.17624	-0.012089525	0.13226594
3849	5.2987571	1.112097	2.4445372	4152.48	46.982011	19.443058	-0.037829619	0.30846014
3850	4.0598618	-0.76723839	2.5216765	284.59682	1.4308449	1.3550644	-0.00018442908	0.10314591
3851	5.4658918	1.4132828	2.5208692	176.18298	1.3815451	1.3412761	0.095864447	0.011029951
3852	6.2095418	0.30235585	2.3189781	1700.3446	48.773945	15.54442	0.14415445	0.53042664
3853	1.3955789	-0.64876785	0.26331366	1408.1846	11.399316	9.8899169	-0.049071715	0.07511968
3854	1.4204958	-0.25421882	2.6224	5362.4508	48.12913	44.627225	-0.043039932	0.025670656
3855	3.0626242	-0.75387803	2.6336605	8091.9983	70.376085	66.097125	0.094180131	0.32168446
3856	0.64610953	-0.8677673	0.83014334	261.87766	3.3145096	1.6230245	0.046007568	0.025238114
3857	3.3709311	-1.1457263	0.51026884	212.31493	1.2594087	1.2139068	-0.15098768	0.0074499893
3858	5.4471788	1.5350119	2.8421032	2530.9382	37.924242	29.111663	0.05371807	0.051726373
3859	3.7726548	1.3451397	2.7272338	985.36929	10.463227	9.9798375	0.089348544	0.062939732
3860	2.8897492	-0.62011313	2.4818131	896.82764	40.318324	5.6064574	0.082341586	0.22913605
3861	4.506388	-0.38581782	2.6402387	1570.2907	40.415521	27.49438	-0.1731239	-0.010955316
3862	0.38929708	0.17763284	2.2115471	488.07159	22.345672	6.9167311	0.13677241	0.021056481
3863	0.42364153	-0.1746953	0.2696243	3502.9849	56.875631	52.587447	-0.0098288759	-0.062539238
3864	3.0436747	0.13804132	0.99240156	1299.3408	45.696447	41.158595	-0.10230049	0.042040779
3865	0.74145326	0.85317817	1.6219888	1217.591	60.700923	44.977083	0.015639201	0.00012005355
3866	6.2480434	1.3361637	0.58219333	2021.2452	12.909166	11.361602	0.10983824	0.22233703
3867	6.2770697	-0.3189076	2.6280349	1320.5104	9.7519164	9.2111467	0.25132915	0.15252445
3868	0.71400135	1.1350677	0.97341837	1156.1625	10.425163	10.161527	0.019135257	0.074453071
3869	5.5799865	-0.17733367	0.72900299	831.24357	22.751946	9.3780027	-0.065076415	0.047729179
3870	2.7268367	1.2943849	0.4977086	4562.9774	43.911411	38.459964	0.025544062	-0.049003
3871	4.7628525	-0.85213079	1.7543076	1584.2739	12.79305	11.273447	0.027788555	-0.071980621
3872	5.154671	-0.17886719	2.7237407	3080.2985	26.145761	25.881056	0.46473803	0.042846008
3873	5.8911309	0.89533154	2.5066541	854.22587	11.851662	7.9561437	-0.0029963827	0.10272832
3874	4.6837274	-0.71025787	0.36611863	1618.037	33.678262	12.173002	0.076120493	0.0020360127
3875	0.62888524	-0.20362371	0.36876677	1193.4847	11.36647	3.6777523	-0.018485372	0.10074876
3876	2.9743449	-0.014614415	2.7781658	1779.0779	14.150455	13.990669	0.11162984	-0.031816442
3877	4.340095	0.032438198	0.69060269	396.23618	10.157507	2.3406704	0.17091962	0.098674888
3878	0.92495033	0.47038379	2.3396782	2794.042	44.144971	38.451463	0.030786336	0.074637745
3879	1.9679816	-0.20238095	2.491028	1435.1365	13.013259	10.999894	0.062492936	0.069939257
3880	0.92763077	0.14631496	1.6958584	3234.2868	46.493869	38.471823	0.071656301	-0.058919694
3881	0.13824325	-1.1757334	2.372645	261.58178	1.5004932	1.4815168	0.11027982	-0.030576164
3882	2.6006381	-0.60442119	3.001932	4147.4246	46.612867	36.735361	-0.081236629	0.15043952
3883	0.30603609	0.81176111	0.72569061	667.79103	9.6670749	6.5116847	0.0062071994	0.088067634
3884	1.3360408	0.60583016	0.31723138	1049.7767	11.984111	11.149715	0.036965249	0.080941409
3885	1.3960269	0.30640579	2.8021771	4818.3617	89.48962	61.901428	-0.16093332	0.16241875
3886	0.91324316	0.85965239	2.4807767	8041.7422	77.657661	74.066471	0.014284362	0.30555191
3887	0.83147134	1.1723689	2.8977874	126.51046	13.918016	9.3414763	-0.03701143	0.036116192
3888	4.0272293	0.20958816	2.7650996	405.33467	9.4216845	1.6488484	0.053261977	-0.027514602
3889	2.6195828	-1.2189623	2.3811905	2923.4496	53.307787	51.248153	0.040138141	-0.0096413882
3890	4.0782909	0.51825691	2.9636192	1380.7027	44.806628	43.163205	-0.23293939	0.0071929769
3891	0.67724433	-0.15197677	2.7470893	3774.8319	59.512603	15.397009	0.22004697	0.057885203
3892	0.72693999	0.74434734	0.12223554	3008.4059	12.777714	11.724298	0.013894324	0.0087046495
3893	3.1164587	-1.2706664	1.414647	1544.4511	37.669756	36.879883	-0.11133373	-0.054531884
3894	1.9541291	0.44571825	1.0847367	4059.3826	63.570398	57.69141	0.17849562	0.069740677
3895	5.9996082	-0.21902933	2.2060816	919.24918	32.356052	21.688491	0.032938888	0.071467527
3896	4.5466859	-0.049490973	0.94348612	643.81182	47.661611	7.7735493	0.36855587	0.00028220076
3897	1.8931128	-0.25996127	0.79585961	1228.2061	12.038	10.181093	-0.24420994	-0.25095471
3898	1.6501073	0.50266747	1.7780527	2644.1881	73.674859	44.806157	0.38662975	-0.063759409
3899	1.6964464	-0.2234559	0.53393598	2434.4127	48.01218	27.436565	-0.009523656	-0.023597589
3900	1.7949937	-0.81324365	2.6981925	1088.9998	11.496733	11.35006	0.2293375	-0.14642074
3901	4.406792	1.038772	1.1851259	1543.8478	34.184249	33.90724	0.02170632	0.1233021
3902	1.5757369	0.3633365	2.8121066	3089.7656	33.563355	30.557487	0.17716337	-0.015536825
3903	3.7449759	-0.88287489	0.62952173	4301.3281	100.46132	48.00047	0.21238295	0.010897755
3904	6.062286	-0.13834093	2.8733161	1691.6815	41.756161	23.774034	0.0074491327	0.14518895
3905	5.1872842	0.6055642	0.91033987	1050.3591	48.707623	33.513873	-0.065006837	0.22717107
3906	4.7695195	-0.98064532	2.5147532	2706.6184	50.3017	34.841182	-0.24412989	-0.41224376
3907	2.200161	-0.55924223	0.61459249	2216.1532	68.772628	51.704344	0.21536921	0.17928064
3908	1.1850487	-0.4794543	2.4380112	5586.7319	72.845906	57.215359	-0.044024036	-0.38545494
3909	5.1407108	0.46459419	0.78826512	1448.5899	37.578553	24.270125	-0.023927213	0.10986438
3910	5.331533	0.81024885	0.68116874	4153.9348	53.009319	48.815562	-0.12983821	-0.046776405
3911	0.64237756	1.0853902	0.6542188	2338.7597	42.661657	40.962698	0.42980844	-0.016924914
3912	0.3775635	-0.32747754	1.0395641	830.90843	17.185892	11.078827	0.004453167	-0.0047616986
3913	3.9934206	0.83881035	0.74301113	3932.8267	52.642909	43.814208	0.027609684	0.22145802
3914	3.397151	-0.53295809	0.25430284	1461.4235	9.8931787	8.1339992	0.022384056	-0.011341147
3915	1.6064676	-0.49151174	2.7072343	2602.2265	49.985154	26.581934	0.029229935	-0.17092201
3916	0.91348546	0.23271317	2.0164159	2471.987	103.84128	32.991753	-0.010645611	-0.066023849
3917	6.1460185	-0.50440846	2.2114366	112.61659	1.2817708	1.2453975	-0.31641322	0.17114059
3918	5.5045378	-0.8853808	2.6900659	1958.1775	12.770173	11.580167	-0.021734356	-0.65184862
3919	2.2038051	0.14148911	0.49988426	4010.5537	61.120237	44.30185	-0.11674628	0.13334501
3920	3.0532999	-0.22249783	2.8103045	3235.2123	31.502213	29.382569	0.010635054	0.029957191
3921	3.4900904	-0.30866293	2.5160911	2031.8708	59.264051	43.673819	0.026156812	-0.052265938
3922	3.6788849	-0.41624876	2.202555	1182.156	15.256377	8.8768435	0.10071937	0.17296324
3923	1.6230088	-0.60966677	2.3624671	1916.1027	11.407956	11.132082	0.16441058	0.067404128
3924	3.2462401	-1.0124006	2.3602789	2775.3244	27.916265	14.502745	0.052871746	0.17072817
3925	2.5802401	1.1116263	2.8033803	3464.8806	13.0836	12.47596	0.085345936	-0.29420219
3926	3.3225189	-0.94462579	2.3337702	5085.9704	66.537393	49.497663	0.0070580332	0.063446103
3927	4.9220635	-0.19282235	0.62541169	1263.229	39.512655	4.07491	0.034615831	0.0041910565
3928	2.4573337	-0.6451419	2.2147659	2825.2221	45.946371	44.937832	0.02638112	0.036757987
3929	6.0447292	-0.558885	0.86171203	1104.0635	21.792766	11.711233	0.0079572954	0.066027672
3930	2.2859063	0.044311945	0.79721735	378.06269	10.180609	7.9672673	0.16344523	0.016080933
3931	0.13396229	-1.2392387	2.3127683	1453.355	41.507126	36.525544	0.0029248195	-0.023498689
3932	2.2612974	-0.27267941	2.2370279	278.7003	35.658359	1.4592792	0.24389194	0.061017686
3933	3.8121625	0.20605521	2.6579109	1456.1145	13.297082	12.740655	-0.0063551789	0.045356271
3934	5.8479691	-0.7920245	0.55267538	2762.364	54.526865	52.59254	-0.14158446	0.035675459
3935	5.8029037	-1.2007291	0.73399286	4718.0938	70.801419	59.995677	-0.037642243	0.23407782
3936	4.4379636	0.4695339	1.0214031	4024.8055	57.437167	56.497676	-0.016831177	0.017843513
3937	2.19848	0.8048947	2.1957005	408.22223	11.663053	2.5128199	-0.10597783	0.18010661
3938	2.0721261	0.22553703	2.8278659	7734.7024	66.842245	53.847454	0.013600136	0.060698274
3939	1.1934299	0.17283058	0.99439009	2597.8967	48.945545	38.947577	0.055747105	0.18207351
3940	0.52336353	0.98453868	0.8003562	2969.6774	60.769153	14.684707	0.34692537	-0.019140108
3941	0.45889321	-0.76319132	1.4363708	1163.1148	35.594846	34.833573	0.015173211	-0.15908134
3942	5.1738987	0.56348041	0.10449982	2067.5118	46.850326	46.462742	0.0021489498	0.025326107
3943	5.6681861	-0.16598683	2.955287	1962.3832	20.255725	19.530227	-0.14711062	0.077018718
3944	2.9252898	-0.034835272	0.76791672	5614.4467	68.381612	63.833114	0.070906059	0.18834282
3945	1.3225712	0.99318063	0.56362012	1714.7008	61.05143	51.044369	0.05483411	-0.040199703
3946	0.21508474	0.8733015	0.86769298	1098.438	10.927845	9.6955553	0.010554526	0.03972529
3947	2.3549992	0.53116528	2.6276022	782.94023	10.994445	2.0530624	0.150206	0.027544308
3948	5.0539307	0.080948278	2.7605926	819.56097	29.416045	22.771685	0.057591583	0.20776693
3949	4.1695672	-1.2038251	2.294293	1243.6539	44.990984	37.793045	-0.28204873	0.12431983
3950	3.3671652	0.60257549	0.23713929	2689.47	37.500419	33.441592	-0.029280536	0.30640964
3951	2.4469092	-0.55734033	1.6609909	955.26512	41.24276	38.614658	0.33564978	0.18552221
3952	0.084617621	-1.4043298	2.9001158	406.52445	8.6808232	6.8292201	-0.029701703	0.16307819
3953	4.4213088	-0.31732906	1.4169238	370.59836	2.3995126	1.8506265	-0.16499601	-0.0048131143
3954	0.74148764	0.35106568	2.7352367	5324.8497	63.511554	46.637258	-0.030935347	0.26914355
3955	3.2532303	-0.63704969	2.5763074	437.33564	2.6413292	2.0406371	0.0074284255	0.13189337
3956	4.5721004	0.36351046	2.2941904	6592.2102	72.188526	55.381898	0.019656023	-0.26614167
3957	3.3890691	0.58603872	0.46698077	3010.4162	16.874845	14.802692	0.034871671	-0.00051547561
3958	6.1263407	0.63116706	0.41746313	5504.7134	61.069347	53.669078	-0.11110187	-0.00079920087
3959	0.7134461	-0.59736185	0.78307735	1706.6847	13.090891	11.544479	0.056378941	-0.14015519
3960	0.18127069	0.57988513	2.7986528	233.03617	2.1612481	1.2594839	0.33759528	0.23050013
3961	4.9292201	0.78484311	2.0353153	653.25024	9.8870846	9.8047482	-0.038549641	0.011186707
3962	5.5496797	-0.32739844	1.8194787	1165.4498	75.238267	36.802582	0.01550709	0.035780583
3963	4.5297419	0.91291881	0.7328974	1191.6241	12.791249	11.75826	0.074922545	0.1461344
3964	4.5500158	0.93694764	2.054969	3497.9755	43.839063	33.528842	-0.041636114	-0.079046701
3965	3.7889561	-0.45006548	2.5965307	2222.7141	38.818159	27.897434	0.085710919	0.061575827
3966	0.54931245	-1.3221751	0.8742765	755.75972	9.3140372	8.0918903	-0.013485477	-0.0063536066
3967	5.3901421	-0.96092313	0.27249755	1718.747	44.331695	41.40357	0.042105526	0.44869196
3968	2.8259412	0.23164366	1.2235874	1091.0459	12.683886	11.905424	0.013772272	0.039239608
3969	4.9128136	-0.6493745	2.7560967	2058.4906	53.456091	13.606365	0.037380443	0.12915161
3970	2.912871	-1.1329221	0.7280486	1936.8461	13.081064	12.812579	-0.11874686	0.46425958
3971	1.9087481	-0.93189565	1.885898	294.38329	9.527705	7.4247342	0.079637949	-0.036871587
3972	0.36292305	0.40174193	2.4499879	739.89824	38.287587	36.809419	0.097831054	-0.4856495
3973	4.376374	-1.5135863	0.35977181	70.000501	1.7996974	1.7303128	0.070619932	-0.084049837
3974	5.6180713	0.98170646	2.472027	1707.1255	11.704976	11.394117	0.018026197	0.21064721
3975	3.9783002	-0.012083413	2.1300371	2022.1823	32.542531	25.100304	-0.031439975	0.21329998
3976	6.2650355	0.63091511	1.0572179	1664.274	12.93935	12.465369	0.37733307	0.091018671
3977	5.3655799	0.5353731	2.3696693	308.37764	7.0729224	2.5414823	-0.0557905	0.14903373
3978	5.5317152	0.39757167	2.2808324	2696.7332	53.340514	46.851627	-0.097397352	0.12731187
3979	5.5448835	-0.20587843	2.776365	3783.2718	70.400158	57.900625	0.092934856	-0.028570557
3980	1.218621	-0.81370942	0.42146451	4368.6739	33.137979	32.129102	0.074279706	-0.12214241
3981	4.9020921	-0.45450729	0.82923284	138.46061	5.7620425	1.7115179	0.058182565	0.07248789
3982	1.0392997	1.0965601	2.2952982	1315.2658	19.147189	12.040744	0.096260703	0.1690741
3983	2.5791817	0.058301659	0.34324143	5034.5003	43.991075	36.274964	-0.0045489195	-0.007058176
3984	6.0651404	-0.74902461	0.7279945	2795.8624	30.216077	28.714519	0.016133249	0.19015711
3985	0.19862484	-0.20101197	2.8727906	2060.1226	12.334446	11.537445	0.29411804	-0.008674889
3986	6.192069	-0.41223296	2.7371056	1407.6372	11.84528	10.912512	-0.089464323	-0.049428659
3987	3.1528219	-0.43266841	0.33265821	168.45103	7.8685839	1.8415818	0.17853433	0.132489
3988	6.064137	0.25520533	2.3445024	5391.8661	90.960163	68.16024	0.13048271	-0.31001437
3989	3.8988994	0.84945232	0.67025562	1104.8079	11.084883	10.21128	0.054331524	-0.10570688
3990	4.9697333	-0.069317116	2.441879	2708.5575	13.876762	12.341914	0.19943735	-0.013255466
3991	2.4262277	-0.49459587	0.61350854	223.17331	1.7911507	1.4503436	0.17503118	-0.08514154
3992	3.6388182	-1.0247874	2.0414789	3645.2788	55.648963	54.891805	-0.010479458	-0.01999588
3993	1.7525659	1.3987058	1.7153235	4465.2967	57.409144	56.340357	-0.044926846	0.052717078
3994	0.88571737	-0.73636778	2.718084	4464.1821	68.275673	45.513618	0.081831252	-0.13417423
3995	1.575849	0.083955364	0.96545487	2505.3378	77.646215	71.83989	0.011147403	0.099221119
3996	0.037319162	-0.80096855	2.5797652	463.88424	20.856092	7.6628507	-0.047653397	0.058971307
3997	2.2998858	-0.40051988	1.216058	345.56851	15.77416	12.125236	-0.19748193	-0.14810069
3998	1.0110514	1.0326081	1.8985881	837.84072	42.411447	2.6237468	0.22914328	0.13095407
3999	2.9280217	0.7586895	0.36197586	2275.76	29.626995	28.291111	0.12760652	0.11252733
4000	0.9096674	0.44842492	0.92863452	1155.8939	13.178783	9.3502672	0.11479622	0.0104948
4001	5.8364465	-0.15064386	2.2918825	2202.8863	48.194916	38.549466	0.027337738	-0.15109931
4002	3.7372612	-0.80709725	2.8380734	1779.0232	30.44254	26.804634	0.09659553	-0.12001863
4003	4.1383394	-1.1423097	2.9633458	2293.8367	48.73965	15.732128	-0.033779785	-0.20921585
4004	5.3328933	0.38159727	0.99544911	246.19103	9.3423705	1.6804894	0.085476547	-0.035861687
4005	3.4459933	-1.2697858	0.18100423	2708.1721	42.258935	34.539612	-0.052082649	0.12956531
4006	4.2753355	0.47761517	2.1303593	916.7556	11.730121	8.9394245	0.093206994	-0.090424668
4007	3.2878966	-0.68682727	1.3698239	894.21864	31.948343	30.830426	-0.026701112	-0.012502093
4008	4.1211325	1.0949392	2.6202497	2014.9967	44.880422	32.437213	0.30646014	0.16859017
4009	3.7632578	-0.068625149	2.2747242	333.75701	10.776224	1.2905187	0.017323214	-0.082209365
4010	5.0029851	0.12282911	1.3269538	1629.2909	45.918283	44.91812	0.15350131	0.04462635
4011	0.89197054	-0.03116656	2.2459034	5564.8701	60.527197	58.914459	0.024331578	0.017388539
4012	3.2118698	0.0075923012	0.4961577	3411.8479	53.750151	37.425817	0.50044308	-0.004467918
4013	4.8575516	-0.027010072	2.4108227	441.82496	13.68496	1.6672892	0.078574426	-0.099191659
4014	0.6883101	-0.44050441	2.2012732	1069.3654	46.742312	43.692301	0.059240184	-0.42598417
4015	2.593789	0.0023964671	0.64078243	4224.6352	37.628694	37.610404	-0.18523427	0.0096385066
4016	2.3887203	1.2862454	3.0728777	3007.0427	37.85279	37.27437	0.12973564	-0.16925624
4017	2.3240188	-0.055952144	2.2899389	3509.0512	52.706311	47.441211	-0.073314731	-0.0634746
4018	0.2838016	-1.3619311	2.898303	1696.4958	11.505451	8.6859901	0.049754572	0.077213085
4019	4.09351	-0.30878854	0.82143527	1327.5752	16.873574	9.0581757	0.25661823	0.074467686
4020	4.5423238	1.3050048	0.74132032	2339.0483	15.426943	12.462182	0.36308477	-0.049308768
4021	3.4810211	-0.64340604	2.7742149	434.97381	1.3349393	1.3020445	0.13101844	-0.0050768329
4022	3.6759871	-0.98777389	2.8827173	3848.6639	56.638005	33.57628	-0.076440297	0.053811439
4023	2.4088791	0.39990437	0.63620358	3314.8804	28.452221	25.284737	-0.025470985	0.047127195
4024	1.5211956	-0.10761551	1.2639993	962.64856	12.82952	10.418643	0.085312195	0.038852806
4025	4.1585053	-0.49445039	1.2439652	144.47277	8.707142	8.5659338	0.00028414805	0.28643346
4026	0.14599174	0.68894165	0.72255479	770.10527	42.751289	3.6247886	0.0032159574	0.28209972
4027	2.5039112	-0.29593517	1.6888972	536.32059	11.373051	4.2139486	0.014015986	0.088042934
4028	4.1336037	0.32235646	0.023838554	7507.5904	76.320061	62.343519	-0.020793928	0.29625789
4029	6.0275512	1.1220395	0.48113799	1226.0313	33.070662	12.759835	-0.066968022	-0.011939213
4030	1.9683986	0.61711818	0.77644141	1496.7233	11.553768	10.855713	-0.27743603	0.0057044341
4031	5.8157182	0.50670535	2.3342888	2097.7684	39.324948	35.813593	0.10187302	-0.0033367048
4032	0.23930215	0.3681551	0.59482758	600.0051	11.046273	10.724395	-0.0099590245	0.016610509
4033	3.4647365	-0.38856982	0.5329761	1351.0276	12.353229	10.83705	0.25630508	-0.15232098
4034	4.3117872	0.27447762	2.5990191	1275.2242	42.891499	38.36207	0.17316066	0.22417036
4035	4.3506858	-0.25563105	0.53099323	10570.129	131.10981	121.30552	0.011147403	0.099221119
4036	3.6356436	0.59111137	0.68955238	2173.2532	15.467712	10.980886	-0.019242403	-0.032399132
4037	0.7955438	-0.89779137	0.82571883	1988.4679	53.441644	40.196556	0.024161043	-0.12881749
4038	3.1294069	-0.40248244	2.4958914	540.6221	10.536738	10.517259	0.23033875	-0.055237486
4039	0.96178619	0.94284503	2.8782848	1198.0135	23.033653	11.83384	0.0060593671	0.11109214
4040	4.0190425	0.18331698	0.47987462	418.3098	10.397207	9.3552206	0.00633992	-0.0035604443
4041	4.9166376	-0.38219138	2.5487866	556.9321	23.890199	1.4547555	0.2356051	0.061182332
4042	0.39501623	-0.34427557	2.6300621	1043.379	11.988954	11.486836	0.036015193	-0.26604248
4043	3.7184652	0.63919895	1.9538497	2383.5892	44.152885	43.610997	-0.00016884877	0.1387807
4044	0.55471508	-0.66150878	2.182161	1688.8909	20.898891	13.196014	-0.009199131	0.072411749
4045	1.9695764	0.26720826	1.1959434	2045.9076	40.895177	35.721584	0.075387124	0.10619818
4046	4.6547452	-0.048319363	2.3134542	2500.8419	48.390804	33.974887	0.07467708	0.1927462
4047	0.029929278	-0.54843074	0.75792255	2575.8048	41.378003	39.095209	-0.064943306	0.093290852
4048	6.0732538	0.61019543	1.2589426	508.42821	34.906904	2.5046738	0.097372	0.028991636
4049	0.88932194	-0.93281514	0.59505811	3092.4469	45.704532	12.931656	0.083425853	0.07422454
4050	2.5630397	-1.0420469	0.78182226	1094.142	18.134729	11.122143	0.19411253	-0.14319463
4051	3.2702371	0.76770812	2.9670945	1745.4329	17.962875	10.035711	0.020686221	-0.17405077
4052	4.3273101	1.0838283	0.72178564	1899.8665	13.166654	10.304398	0.22869706	0.054605052
4053	5.0269982	0.14241276	2.6644906	978.25449	40.535498	10.93116	-0.00042714907	0.080937245
4054	5.3951413	-0.52901665	0.9510678	335.48741	9.9055357	6.0818646	0.13535794	-0.10098049
4055	5.9843241	0.066683478	2.4788043	1829.2368	13.064267	12.619987	-0.013241846	0.041333109
4056	1.9261738	0.35303212	2.3558226	675.64415	10.296654	10.124993	0.021740454	0.016171161
4057	1.8877335	-0.37191666	0.54750971	5258.7224	58.480249	55.069816	0.37259892	0.11449297
4058	5.4647689	-0.51557059	0.73316632	701.4315	80.277383	1.6969578	0.3363462	0.019702007
4059	2.8943234	1.4192261	2.5114666	3047.0165	98.957926	72.389132	0.047208432	-0.082362295
4060	2.3365371	0.66780616	0.61405509	1780.0946	13.720391	11.673055	0.047941404	0.17852222
4061	4.6977618	-0.062858742	1.998632	473.81716	19.274829	10.460558	0.35555447	0.24951094
4062	3.9767342	-0.2438913	0.6228127	217.76041	1.372396	1.3250559	0.015858854	-0.12535747
4063	0.96800998	0.52699872	1.2369261	381.53207	1.5431237	1.3260658	0.009595352	0.054363006
4064	4.902663	0.67599354	0.86866959	1847.0164	37.55458	35.768107	0.18009226	-0.030598306
4065	3.523047	0.93026648	1.0735695	3587.6592	94.303904	51.198322	-0.058912949	0.081935762
4066	2.7263871	-1.0909262	2.1277567	364.88259	29.48933	10.610467	-0.027573502	0.24355638
4067	0.88086336	0.35463534	2.6504707	420.83652	2.5036815	1.7195366	0.15341485	0.046594426
4068	3.0843205	0.29789596	2.5513076	1105.3193	35.607126	20.962941	0.022664774	-0.0042258879
4069	1.9423804	0.6761417	0.38922873	2218.7618	40.766538	35.19314	0.11839941	-0.0011591175
4070	1.5148103	0.10769387	0.4350428	3274.7696	43.134073	24.883148	0.06193389	0.0077727404
4071	2.2947555	-0.16840503	1.4364119	1395.8236	36.081067	15.247442	-0.3213333	-0.024735769
4072	2.2740237	-0.47367186	2.9051103	1606.091	26.07981	6.8537089	0.019087298	0.00027913087
4073	4.1299554	0.011889266	2.5488536	4065.4107	97.207543	40.898836	-0.16917253	-0.0089992883
4074	5.7399415	-0.19933512	2.9405296	4357.2531	49.615236	47.790478	0.02653412	-0.0018711746
4075	1.9941768	-0.55789816	2.2168919	1434.2643	11.627563	10.821755	-0.10013301	0.18284696
4076	2.7927326	0.47940117	0.23891318	2559.851	15.264272	11.738192	0.022278497	0.040231559
4077	1.4028928	0.96094012	1.0200883	493.88346	10.729979	10.341963	0.14279129	-0.13235581
4078	3.2054979	-0.63172534	2.2825293	990.67308	12.858753	9.7851921	0.093974318	-0.20874824
4079	2.7898994	-0.38374143	3.0717989	1837.8809	60.621056	51.989262	0.002411927	0.33857757
4080	1.3344774	0.72211432	0.11375497	2648.2256	35.355337	33.95165	0.026736727	-0.033039558
4081	4.1316134	-1.309454	2.3663624	805.69198	9.5715044	8.3237683	0.14467026	0.067646447
4082	0.38085219	0.67529574	1.1271386	1232.7464	31.191026	31.041241	0.16828958	-0.2065183
4083	2.9114802	-0.061287578	2.5339281	1327.004	30.654614	28.789183	-0.19257513	-0.072764306
4084	1.8902321	-0.52641016	2.6133045	1525.3004	36.490173	30.470531	0.19313993	0.20283284
4085	4.8863196	0.56681602	0.66239747	4514.2672	58.70852	55.267254	0.032618349	0.18642796
4086	0.68669431	1.0426724	0.64354578	256.27858	2.862681	1.3620498	-0.085346696	0.089644349
4087	0.3928452	0.47852144	0.66476065	1202.3219	9.0780751	8.8915446	-0.13687005	0.072530352
4088	1.8247634	1.2847619	0.81795887	2663.1215	46.501845	44.520404	-0.014566738	0.085877399
4089	5.4507126	0.064220442	0.8944702	827.78612	35.305116	29.354181	0.00063980547	-0.21108863
4090	3.7418858	-0.37591202	0.72469227	344.96176	1.6591643	1.5301148	0.015234126	0.038432588
4091	3.6845707	-1.1657453	0.60876125	1396.2158	11.351709	11.318048	0.12080826	0.087715541
4092	5.0361451	0.17502582	1.0033395	2272.9022	41.153486	40.988748	-0.0035308856	0.36819297
4093	0.71907576	0.63017118	2.3696255	1407.59	42.723591	31.220213	0.0019769935	-0.045517737
4094	2.4103318	0.032346073	2.082418	356.91532	9.988809	3.259764	-0.38131584	0.26188516
4095	5.1428245	-0.39206089	0.73656856	529.89295	9.7046743	9.3199291	0.11744364	-0.018800373
4096	4.3895283	0.52247339	1.663698	3391.1279	70.197077	50.381638	0.068644294	0.0027942678
4097	1.5801111	-0.87706795	0.36525549	672.13433	5.5693683	1.9652133	0.0836479	-0.056619227
4098	5.1604866	0.57682985	2.2292646	3700.5156	43.986477	29.484448	0.032938888	0.071467527
4099	4.2342113	-0.32116005	2.6717044	988.2017	12.712673	4.0561406	0.018332005	0.10474045
4100	0.57345909	-0.14327183	2.2407414	2769.6761	56.836545	49.316325	0.057352056	0.24312248
4101	2.6981289	0.82491821	2.631621	430.89599	1.7156641	1.3127807	-0.10000428	-0.065093407
4102	4.0116769	-0.68783381	0.35812474	394.55524	2.2199569	1.7358613	-0.01632741	-0.12995774
4103	1.879723	-0.12879686	2.3879382	903.71817	11.844295	11.754603	0.016251306	0.25672023
4104	1.8890433	1.0787955	0.83492365	2096.2491	17.4861	10.761121	0.32631436	0.032553828
4105	1.2642835	0.62370545	0.47126144	428.10977	1.7510454	1.6812302	0.0031302078	0.03612398
4106	5.4688026	-1.1508243	1.3399361	594.55612	28.348171	10.809783	-0.014387203	-0.072672661
4107	4.2174784	-0.68098213	0.95433008	2465.1323	37.487799	21.128884	0.20696953	0.044660575
4108	1.0702345	-0.42930129	2.4675963	3132.9481	43.209125	28.597288	0.045183007	0.25263465
4109	0.29893495	0.51516946	1.2020881	871.47405	24.680677	11.626326	0.11230697	0.48490995
4110	1.6741365	-1.1833766	2.575727	3013.3557	47.352304	35.29461	0.033624984	0.066574021
4111	3.9543496	-1.0814746	0.74820781	4055.9398	52.311496	37.002776	0.0010470467	0.15193879
4112	2.851509	0.36281016	0.94369967	4288.5632	42.226841	15.359327	0.0083114441	-0.03526713
4113	1.4348751	0.51815796	2.5355573	3316.9151	109.01835	22.904821	-0.049324957	0.39785292
4114	5.0811076	0.13615061	2.5129667	3355.6093	43.199928	36.709788	-0.030332582	0.11562079
4115	3.3237611	-0.11317944	2.6030806	2798.1104	43.228964	25.645896	0.02452286	0.17151161
4116	3.6866138	-0.022533816	0.36485115	1638.0198	49.559875	24.385449	0.08118771	0.0058325665
4117	4.1584626	0.79659223	1.0959186	440.77241	29.92888	9.6491894	0.27402511	0.21527283
4118	4.2723454	1.03131	1.2719868	1225.1649	24.209514	11.407899	-0.01180546	0.063774508
4119	2.0994328	-0.20885724	0.58035185	1240.462	10.481405	10.209221	-0.17533711	0.045291324
4120	5.6490857	1.09556	2.1936306	1271.8398	45.806258	14.42474	-0.11621078	-0.0039877768
4121	0.50832811	0.22989719	2.711735	1075.6413	11.216166	10.871243	0.058029137	0.11413589
4122	2.444893	0.94202629	0.1576366	4158.8778	42.987095	40.899645	0.021914689	0.0063147111
4123	3.8599491	-0.44444458	2.3118877	725.12563	17.676041	2.0516765	0.0023383689	0.094036422
4124	3.1228461	0.041783143	0.43451474	724.93597	10.125519	9.7917449	0.13098033	0.023896765
4125	1.5902232	1.0806583	2.8272402	8111.99	49.146686	37.227365	0.42123363	0.0057712398
4126	1.4374464	1.3252893	2.541663	1560.8986	11.457513	11.023357	0.12616929	0.11611672
4127	1.484283	-1.5107987	0.49439467	4409.8679	59.40269	34.176023	-0.1070113	-0.024085186
4128	5.7369174	-1.071921	1.7715853	296.22335	3.4194436	1.4155029	0.37348636	0.095343452
4129	3.0252105	0.16342306	0.12920596	1800.0882	13.784109	12.633742	0.011503493	0.043174101
4130	4.7576687	-0.3800535	2.3405544	4169.8272	122.96244	92.717886	-0.0037100336	0.11455755
4131	2.8645697	-1.1084269	0.62792792	191.81345	1.3277149	1.1975895	-0.054203937	0.022833828
4132	5.9482054	-0.50894133	1.9299893	224.7077	1.8624968	1.6477838	0.0046223077	0.0025250706
4133	3.5588989	-0.59493569	2.7982167	5185.8937	65.617194	37.144528	-0.11960762	0.0019717976
4134	1.7515196	-0.051298951	1.0153184	4780.0365	126.74377	119.0603	0.15758525	0.022805843
4135	6.2713994	0.55567	1.5748236	136.66446	1.5496367	1.2272991	0.13464371	0.095182565
4136	0.91248164	-0.35876487	0.82837918	785.10485	32.161081	18.863336	-0.22769811	-0.038000549
4137	3.5235569	-0.16710398	2.5349308	578.0195	10.140487	8.9281651	0.073301705	0.27079432
4138	5.4151811	-1.2419068	0.50042645	3404.4437	53.241192	51.346085	0.022523019	-0.047358383
4139	5.22439	-0.33880079	2.3233119	2306.0813	41.46897	33.150685	-0.047511235	0.073429112
4140	0.90636011	-0.21709897	0.49483117	4183.1689	36.635941	32.980936	0.017770084	-0.21251821
4141	2.4378351	-1.0297269	0.619577	1023.3815	10.862236	7.1244562	-0.37524583	0.22246928
4142	6.2137325	0.22941668	1.7283778	822.6066	20.048384	1.7628968	0.0050867496	-0.20767183
4143	3.3099822	0.21502309	2.2495038	1586.9568	45.926055	39.032993	0.0013727446	0.12621296
4144	4.7522698	0.20316661	0.58656812	2153.9093	25.518813	13.87738	0.081421417	-0.22670799
4145	0.5147169	-0.087604905	0.1201206	5385.8499	62.579012	48.795876	-0.016210296	0.25569997
4146	6.0517281	0.31178863	2.2181704	913.22867	11.717719	7.6900931	-0.041820354	-0.05924151
4147	1.4126315	0.041479917	0.67268612	4146.2699	50.81425	45.547545	-0.049444952	0.087796462
4148	4.6629069	-0.008206791	0.46515296	278.99666	2.7296248	1.95429	0.0038901781	0.018227135
4149	2.1220249	1.3127553	2.9860519	2026.1196	100.85379	45.169709	-0.010180291	0.10008386
4150	0.9119306	1.15084	0.6761786	469.25548	2.1862362	1.9153194	0.0069731426	-0.0024531457
4151	1.1776467	-0.15657775	0.62929222	9462.6931	80.536892	65.783507	0.19117051	0.33147494
4152	5.9155774	-0.19133793	1.6820483	756.37138	41.863769	34.844196	0.14239763	0.056013691
4153	4.3252818	0.53817409	0.18306885	4899.3923	58.297979	54.139678	0.023705169	-0.21778339
4154	6.1218104	-0.099600215	0.27632789	479.82515	4.2996784	2.5456924	0.0012310929	0.0011773224
4155	5.5472478	0.66223632	2.3703995	1808.8012	102.67346	45.992522	0.15373213	0.39128387
4156	4.4734864	1.1330784	2.5325929	2248.0273	13.682607	11.671816	0.049269504	0.16357716
4157	2.9087316	0.37028248	2.0734437	328.94659	1.9728345	1.4478572	0.018169427	-0.2392987
4158	6.0749027	0.97385452	0.36334757	2853.3034	17.113275	15.11378	0.38444671	0.13638928
4159	4.6193556	0.5475779	2.9725637	3735.3244	55.908657	42.407199	0.079101951	0.027980166
4160	1.2302382	0.0080588765	0.68248573	1158.9665	13.845859	9.3297004	0.013027675	-0.040085389
4161	1.3458627	-0.60968787	0.52796174	253.88688	2.2032033	1.7304383	0.16942967	-0.10072233
4162	1.6540044	-1.1454032	2.7437999	1574.699	14.606668	10.431967	0.46188472	0.015127345
4163	5.012726	-0.23967854	0.31073432	472.05292	9.094351	2.9275484	0.1171412	-0.00042692138
4164	4.357376	-0.97216271	0.63061117	209.88745	1.5204244	1.0506145	0.14204269	0.032103409
4165	5.9724862	0.5975657	0.39778967	5460.5397	60.957289	42.261031	-0.29869839	-0.015892628
4166	3.2851744	0.67198561	0.42320426	1070.038	27.670264	1.5856348	0.12078875	-0.30292121
4167	5.6832558	0.033173089	3.0300783	1256.1371	10.250911	9.9151235	0.023826273	-0.1400261
4168	0.23852456	-0.58643214	1.3425881	864.94659	12.141956	9.5923429	0.18494474	-0.22993989
4169	4.6974295	0.57795604	1.8573421	112.96679	1.3764549	1.294182	0.20650111	0.11153245
4170	3.3758194	-0.21166693	0.46766258	1577.7076	41.459481	35.700935	0.0022838889	0.1962617
4171	4.4481458	1.0418635	2.7577259	6317.1672	71.053873	63.793833	0.10657989	-0.0048446241
4172	2.8418369	1.2521792	1.5086217	559.40827	42.336172	42.024245	0.064279984	-0.0010001859
4173	3.6426857	0.3273376	0.63153193	148.78914	1.5915933	1.2583114	0.059643729	0.077843445
4174	2.2959064	0.58002919	2.7845711	274.37107	1.9961631	1.7033792	0.075505482	-0.034957186
4175	0.73567473	-1.0712551	0.13437419	3600.0777	46.937345	42.232571	0.022673259	-0.011665004
4176	5.1391822	0.30792707	0.54955452	2110.4789	49.848332	33.684615	0.054749093	-0.046264874
4177	4.9348832	1.0729529	1.0612726	3307.6154	82.78912	52.309449	-0.17390673	-0.18529397
4178	1.1465126	0.70626023	2.5211267	957.05153	10.850998	4.1235227	0.26587968	0.036781265
4179	4.8974562	-0.53160421	0.51626505	173.79389	1.986975	1.3479119	0.17643337	-0.021496669
4180	0.55389176	-0.65611139	1.7499818	361.79631	2.0440692	1.3784002	0.025246411	0.037005202
4181	1.0641215	-0.50720337	0.58967736	3054.9298	60.936341	26.65316	0.11250973	0.29464058
4182	5.4220205	0.89934548	0.46317439	2115.3741	13.422238	12.958582	0.14496781	-0.019898025
4183	6.1238151	-0.52633463	2.5355937	398.62911	30.501294	14.723507	0.21616536	0.012131927
4184	2.2756309	-0.7640209	0.77559543	463.55795	39.272399	35.220319	0.2152741	0.19670196
4185	5.5895288	-0.38630725	2.5206701	850.61838	13.080839	12.367307	0.32422218	0.048016309
4186	1.6306038	-0.53951948	0.12072558	7394.9176	90.184637	72.164918	0.027049378	-0.14931648
4187	3.2227063	0.45493202	0.69824996	2875.7653	105.98446	46.302192	-0.026728937	0.0015273353
4188	5.197689	-0.021971249	0.92042073	2019.2437	43.807464	36.829686	-0.27393945	0.40612592
4189	1.3214947	0.39200267	2.4942018	498.31269	3.5515801	1.3559036	0.5063832	-0.0006578576
4190	3.7338335	1.1896531	0.95032811	3887.8973	76.21054	54.870019	0.082711045	0.24449748
4191	0.92740832	-0.60184105	1.7522898	932.07559	98.304443	41.165557	0.084600092	-0.035151505
4192	2.5855464	0.074593683	2.8217633	1809.0206	45.106235	39.266073	0.011457327	0.043679818
4193	0.80341153	0.46434529	1.0018445	1396.518	13.457943	11.384565	-0.040261777	0.33885378
4194	0.78568167	0.20771605	2.3928136	226.80574	10.898936	1.3582524	0.12145209	0.14808266
4195	1.8719347	1.140931	2.1405945	812.81677	11.718621	6.2287831	-0.046410819	-0.091210146
4196	4.0032552	-0.53149358	2.7068087	1053.7472	33.640918	33.301203	-0.1125196	0.018095268
4197	5.7446608	-1.2190541	2.4183069	948.71267	33.603635	29.229986	0.0078636859	-0.01838277
4198	2.4768046	-0.84350829	0.08038919	628.87294	9.2990285	4.7002182	0.15958251	-0.063449365
4199	0.69162505	-0.1375455	1.9680118	2573.26	47.516082	46.010813	0.23825797	0.0016473547
4200	1.4020681	0.12970315	0.4386596	4800.6873	115.0192	106.93389	0.28197635	0.072419555
4201	6.2063441	1.048477	1.5498769	1238.4824	45.589425	37.293367	-0.034487445	0.012685713
4202	0.26007067	0.25394682	0.6796684	1222.2028	50.500045	43.954615	0.31475231	0.34865622
4203	0.098627416	0.49125616	0.66567855	3601.3501	71.941964	54.06247	0.07970303	0.069814801
4204	5.0906779	-0.4586693	2.1965934	1021.802	28.78527	26.864034	0.0064927782	0.0014468413
4205	3.8544304	0.72047662	2.3020331	372.46523	4.3265783	1.9624016	-0.20565664	0.1511974
4206	4.4475561	-0.87656353	0.72517034	1159.9787	31.692518	29.087915	0.074930581	0.030786088
4207	2.1965737	-0.73812382	2.6495682	2007.1703	12.392084	11.697449	0.0064066567	0.0007293115
4208	2.7168763	-0.41992092	0.73705759	2806.6457	71.656812	59.827624	-0.21549349	-0.033108829
4209	4.2589789	-0.5807963	0.31351063	1157.4405	11.781298	3.4594995	0.11105374	0.016718749
4210	4.0080529	0.40731599	0.97326042	1453.2396	39.279601	10.250355	0.08690248	-0.016576239
4211	4.46637	0.12368119	0.60947897	3238.0464	53.251561	52.29217	0.1249062	0.080040606
4212	1.6591274	0.84249889	2.3073953	685.17827	9.5426599	8.7184716	0.093860064	-0.27400301
4213	4.8621341	0.68679591	0.7413001	4617.119	17.273394	15.720711	-0.034607754	0.003794593
4214	2.5493787	0.65612952	2.8382356	425.62821	10.143782	1.9796585	0.29229784	0.20296309
4215	2.5705258	-0.097667116	0.29743694	1890.9176	48.189164	43.878378	-0.12746533	0.35900551
4216	5.8611064	-0.22038395	2.0887532	635.27876	11.371828	9.0663621	0.24282783	0.00012049587
4217	3.1333623	-0.16558752	0.47139831	4762.0727	127.87105	125.47507	-0.094402638	0.0082582378
4218	5.986284	-0.11811026	0.21111501	516.38331	6.8500797	4.213755	-0.27563816	0.0069441738
4219	1.4218626	0.43591552	0.48256013	1267.8101	9.2693684	8.582142	0.037077064	0.18674232
4220	0.42295865	-0.36607917	2.861524	443.15797	2.7769732	2.4142694	0.01060615	0.009877543
4221	3.5218369	-0.3441541	2.5337143	585.77351	21.439925	3.1651948	0.044721232	-0.0091656296
4222	1.2308286	-0.14199838	0.66939414	893.07323	43.783731	2.4350021	0.11459202	-0.033983084
4223	6.2357873	0.87976766	0.97693364	754.6452	8.1056193	8.0301637	0.021403769	-0.15156752
4224	2.4303813	0.71756205	0.40009818	3170.5824	16.198091	15.676942	0.15739627	0.018592546
4225	5.0118443	-0.39830007	2.4651337	5036.4431	55.446868	52.081669	0.097098303	0.36365402
4226	3.4421926	-0.79464269	2.4618974	813.17555	20.431116	11.093073	-0.16126246	-0.010954729
4227	0.95568925	0.41420833	1.360471	2104.9473	42.487954	30.04678	0.17486487	0.24978276
4228	1.012111	0.60312667	0.87619918	1446.8692	41.978199	25.424477	0.11622409	-0.0916959
4229	3.4644169	-0.4251245	0.19070751	3629.2947	40.348424	32.009685	0.097638336	0.19882865
4230	6.1015459	0.96890125	2.6458485	507.21317	11.046234	1.2953217	-0.046286723	0.027129727
4231	5.7216626	0.64000287	2.0044062	410.64152	40.24208	2.5062261	0.30251935	0.034027935
4232	5.5249092	0.20870366	1.3070624	2090.9095	32.617806	22.757967	0.11691785	0.025492885
4233	4.9911345	-1.2422623	2.7980672	142.40895	1.3553696	1.3255559	0.0018721435	-0.0032754037
4234	1.4036298	0.7500885	2.6153173	3721.2562	16.235205	13.103986	-0.00075203786	-0.053633662
4235	3.373607	-0.60820274	0.29770232	1289.6563	10.725176	9.3996911	0.00036454876	0.12175312
4236	5.0573644	-0.049547055	2.397817	1942.4616	45.461059	31.344654	-0.3432879	0.11516788
4237	4.3918173	-0.18938468	1.8170177	116.87779	1.9285105	1.2104744	0.12697167	0.15792885
4238	2.6775595	-0.76780228	0.55406848	2496.7204	41.18448	35.063342	-0.029281434	0.13316189
4239	5.3012842	0.10909924	0.96141883	1058.4109	11.316316	6.4218039	0.0021420065	0.01192811
4240	2.4059183	-1.05939	2.5761533	1905.8236	22.218448	12.007843	0.28654926	-0.066284332
4241	1.6701656	-0.32912519	3.0381424	1424.8601	5.4645526	3.411565	0.13980267	-0.064222327
4242	3.9855132	-1.3120849	1.4021805	2450.5199	77.591869	51.662	-0.01612428	0.0015853969
4243	4.8303343	-0.56508279	0.91772542	1221.745	34.141557	10.948193	-0.0040479058	0.14114097
4244	0.97131523	0.58258447	0.82834651	6315.4434	61.324238	60.212751	0.016159468	0.06004019
4245	2.1586459	-0.69975432	0.91042019	1691.0318	46.854025	32.930416	0.042789646	0.044374556
4246	2.6827352	0.1767356	0.27478866	514.92387	1.4304257	1.3657917	0.078412932	-0.0022343312
4247	0.30834602	-0.73169112	1.0465984	1579.0446	13.584398	13.212015	0.16470074	-0.10441317
4248	2.517973	0.24166258	0.56362449	1552.168	12.855153	12.025004	0.28091763	-0.14389209
4249	4.6589141	0.92104507	2.4578847	6301.0219	164.87671	71.451843	0.15618835	0.11897426
4250	3.9974119	-0.81875927	2.8992113	1814.6838	21.495538	15.19484	-0.021556718	-0.12810769
4251	2.1828499	0.012072637	1.7130875	2312.8655	45.044138	36.369603	-0.18487704	-0.12757277
4252	1.9860535	1.3218438	0.78039239	224.92947	2.3147393	2.2078186	-0.018206851	-0.00017918288
4253	5.0541405	-0.11070484	2.0269478	1454.4272	12.115833	11.548806	0.0025715276	0.019376306
4254	3.6498929	-0.21346581	2.1881725	1072.0768	11.233376	9.8424114	-0.1247962	0.1037415
4255	2.9974762	0.51922223	2.7660204	1271.5856	14.797485	12.584465	0.075937731	-0.087315364
4256	0.91571542	0.83766724	2.5801669	1879.4696	22.345917	19.353483	0.036849097	-0.08218714
4257	5.993541	-0.21632101	2.5511908	5106.4109	51.552411	28.237234	0.10652323	-0.062451533
4258	0.42514904	0.12339792	2.8054541	1265.7344	13.855837	9.9959208	0.050493548	0.008104006
4259	2.6938849	0.34148404	0.59244903	2094.003	87.949978	35.343968	0.027214904	0.2041736
4260	3.586514	-0.29736081	0.70751082	907.1757	11.059319	9.7192145	-0.021012438	0.07077076
4261	2.074161	-0.35413098	2.464585	4257.8656	41.71091	39.670471	-0.038396983	0.40685918
4262	2.847508	0.95537691	1.8443208	675.49732	8.9943005	4.2512761	0.097710882	0.042756068
4263	5.6405656	1.4158373	2.9753911	1980.9014	41.65475	30.746566	0.012729983	0.97009558
4264	0.21538583	-0.31447272	2.5487088	3709.9319	24.781662	23.544297	0.060929921	0.090541457
4265	1.0529266	-0.10611447	0.61101876	5269.7924	42.22915	31.645818	-0.011537187	0.027280872
4266	0.06765977	-1.4442526	0.44609158	3946.897	105.85843	55.26977	-0.093877153	0.0040789684
4267	3.2973073	0.56101579	2.0816405	4423.3953	55.597723	43.773556	-0.57599046	-0.04620281
4268	2.8564763	0.17909487	2.4896997	5620.2364	54.204928	46.794301	0.11839941	-0.0011591175
4269	2.7236541	0.61776221	2.7482848	2747.1332	26.339676	20.948907	0.060221973	-0.067810301
4270	3.8869533	-0.015449234	0.66267453	2324.2122	41.075926	32.971942	-0.0065834527	0.4614197
4271	6.0090723	0.23581467	2.8604112	3479.389	46.196879	13.03358	0.14412058	0.2621155
4272	1.2453392	0.090771068	2.4237774	1061.6565	37.41204	11.704704	0.079551757	0.22652051
4273	2.8841605	-0.63838764	2.4503707	624.52803	10.3881	10.307519	-0.021736657	-0.019593621
4274	5.9109305	0.38716753	0.10377655	2338.3275	40.578806	20.202963	-0.035319502	0.26004979
4275	0.84003727	0.81384569	0.24837361	2472.5847	43.10634	36.280206	0.062911607	-0.16297635
4276	4.1238126	-0.57464561	2.9388602	1990.4511	12.007281	11.613391	0.2934324	-0.079808215
4277	6.0523157	0.26847709	0.26790855	1062.429	48.245844	14.905465	0.12161573	-0.029164949
4278	1.7588586	-0.74376467	0.85746246	5104.4449	74.654809	58.375821	0.0032364091	0.016505413
4279	2.5260783	0.45362365	2.3833102	8677.3777	75.147796	51.537539	0.038976071	-0.0066536665
4280	4.4284469	0.37736166	1.762634	1661.6342	52.602165	46.197775	0.32594954	-0.067579647
4281	1.0731196	-0.24041225	0.84277257	2908.5146	47.767788	31.942298	0.074107062	0.010440218
4282	2.2147349	-0.39104612	1.3189294	502.91846	34.310469	10.906159	0.12395326	-0.083746386
4283	2.3670252	1.0716136	1.1643143	3910.115	58.616916	37.595613	-0.0075976559	0.05803022
4284	1.5871066	1.1164823	0.38505155	4663.8898	46.288923	33.465346	-0.064755066	0.086162624
4285	0.79854135	0.97046563	2.3210161	479.64818	11.679788	9.1697359	-0.054797203	-0.00083391731
4286	4.6253558	-0.92238536	1.5736808	526.82325	9.5423414	7.982366	-0.032689245	0.11082712
4287	1.7759651	0.33777863	2.2692069	1053.1949	35.048652	26.85504	0.04787522	0.39705676
4288	5.4951191	-0.45966	0.31273795	1195.182	11.506771	11.00451	0.00085857815	0.069170661
4289	1.9083525	0.032129927	0.49920208	9238.6751	80.893218	74.880275	0.11413416	0.015596488
4290	1.103535	-0.8960493	0.54373829	4029.4252	52.591289	47.259768	-0.0087328321	0.18806443
4291	1.63577	-0.21007221	1.3296234	240.22054	8.6182083	1.8827819	0.28013359	0.11789736
4292	2.4880995	-0.4848318	2.7057575	3159.1765	14.520043	11.61066	0.065910586	0.099223545
4293	0.28122597	-0.060830338	1.3249033	2196.9559	37.640815	35.479619	-0.06874038	-0.020051784
4294	0.38594271	-0.044047029	2.576064	4116.0593	148.56794	81.458143	0.092927743	0.12609778
4295	1.7052004	-0.55112666	2.0671044	8709.7011	134.90602	95.419547	-0.06322923	0.022352464
4296	1.6778725	0.62116513	2.5012029	2014.749	13.258132	11.734518	0.013968688	0.38688498
4297	2.0753376	1.3496287	2.6150302	6435.404	67.458471	42.203832	0.064459366	-0.018725782
4298	2.6271634	-0.98724469	1.0484885	436.02847	7.6131002	6.0257691	0.070409409	0.02979191
4299	1.8889016	-0.31393985	2.3409825	2414.3195	70.476171	44.818764	0.028604417	0.21953317
4300	4.0868577	0.66107895	2.9207195	6795.6212	66.03717	45.797095	-0.042314308	-0.08246946
4301	5.7411846	-0.14357155	2.0463808	1362.8832	44.956761	41.411697	0.19874552	0.038862046
4302	6.0425944	1.0949111	2.1184743	216.33029	2.1152876	1.3601133	0.0072425452	0.12310138
4303	0.40310017	0.92112889	3.0234705	3238.1083	65.060096	34.635984	0.023055698	0.021011938
4304	0.1901802	0.54779935	0.65226219	187.42073	1.9810947	1.26026	-0.11696847	0.045213641
4305	0.5097984	-0.78270924	0.050185843	11734.703	84.375007	68.292714	0.24951748	0.066979379
4306	0.4194017	0.77965421	1.1305385	263.57346	1.8674536	1.5129099	-0.099225598	-0.039103278
4307	3.3472568	0.097998264	2.862467	2184.8842	12.938022	10.38768	-0.055752089	0.03398178
4308	1.0921104	0.10401287	0.23090581	3743.6905	35.755608	20.409808	0.18191623	0.1370084
4309	2.7297432	-0.75645416	2.5322644	4134.9667	51.807916	37.230751	-0.24123641	0.34563647
4310	2.5519049	-1.0029555	0.60588258	5878.3758	138.31238	119.31194	0.00042333933	-0.025406965
4311	1.006282	0.28668791	0.5681962	615.87744	10.40685	2.1151656	0.037848935	0.092963401
4312	1.405158	0.87806668	2.5882336	1833.217	14.075175	13.142179	-0.025823024	-0.04109973
4313	3.3855892	-0.11390749	0.50672103	209.36995	2.6422936	1.8750214	-0.18567519	0.19702415
4314	0.053353036	0.46481449	2.1166484	95.816631	9.0521316	8.612212	-0.18475343	0.029096832
4315	0.7459264	-0.14878077	1.7134051	136.74778	2.5800634	1.3766178	0.10034518	0.07883468
4316	3.9272206	1.297791	0.14523166	272.10793	9.4060951	8.5053128	0.43260858	0.11554118
4317	1.896242	0.4239258	2.3822617	440.71664	9.6867459	1.7794602	-0.0048164574	0.13426031
4318	2.6344252	0.056457319	0.92288714	1706.1526	32.734917	23.171931	0.033823434	-0.17485705
4319	4.2551104	0.78384222	2.9107618	1751.6466	20.171823	11.530362	-0.068403899	0.021505781
4320	4.2398507	0.1106756	2.4863446	1152.9382	9.353046	5.6465596	-0.24401546	-0.0043471495
4321	4.5581846	1.091489	0.33585195	310.78036	1.4597855	1.2767231	-0.00019045952	0.060708892
4322	5.2318429	-0.25620282	1.3196705	3363.12	104.13261	92.438723	0.15776399	0.017374674
4323	5.6226252	1.2252634	2.6337086	2547.4433	14.258451	13.590994	0.1191533	0.062905742
4324	3.7373543	0.96256892	0.94106803	678.55815	14.998322	11.229895	0.099579791	-0.11292946
4325	5.5561201	-1.0219742	0.39612755	5349.0088	60.390754	54.541158	-1.8564299e-05	0.27143304
4326	2.90494	-1.3080475	0.28851414	409.11965	10.98031	2.2968061	0.018041744	0.038058755
4327	5.8370261	-0.44633149	2.5870887	3589.2281	116.10909	56.352847	-0.017360025	-0.058935752
4328	2.5098499	0.94825825	2.8215942	1081.9438	18.292395	10.448612	-0.19858307	-0.0015132855
4329	4.7368615	-0.27399421	2.9430808	2216.8347	47.832031	45.601428	0.013539848	-0.013017519
4330	0.038339031	0.83175006	0.87710042	207.93218	2.3772312	1.3185135	-0.1072206	-0.26019579
4331	2.2472332	0.84447643	0.60619074	425.52927	4.4119169	4.2002168	-0.083288143	0.031489543
4332	5.0483539	-1.1139014	2.9312838	2756.2586	12.934613	11.863343	-0.048992594	0.0015126242
4333	3.7222003	-0.021718808	2.254533	5370.4363	64.371959	63.364967	0.017350417	0.28302095
4334	2.3115142	0.66811672	0.64734708	206.83598	1.3380288	1.2829479	-0.088697027	-0.010329358
4335	4.0009228	-0.34861677	0.72745225	1796.9467	12.638092	12.54398	-0.17984588	0.33791323
4336	0.68848892	1.1425262	1.8589083	1325.3052	37.669946	22.430646	0.05805533	-0.087619259
4337	4.3764273	0.50209737	0.4224538	5856.8761	68.380625	58.55196	0.10912846	0.15535943
4338	1.6657484	0.96993358	2.4123523	8793.6479	72.336999	61.745703	0.21306824	-0.018203009
4339	2.7489768	0.72758721	2.404448	1589.3316	18.768187	9.3618264	0.054562045	0.099824333
4340	5.4827423	-0.79799648	2.89188	2166.6599	42.555009	36.071359	-0.0060012522	0.032785977
4341	5.2463644	-0.26418993	2.2449565	1817.3665	45.332931	40.588276	0.044407348	-0.091206158
4342	2.4605161	-0.4564237	0.89927181	5123.3137	86.608336	64.585462	-0.021533827	0.12702436
4343	4.2396552	0.57041475	0.76007275	1263.0044	28.356539	9.3954284	0.04547904	0.0034337669
4344	5.6470232	0.48764345	0.38747966	2147.7513	29.967483	24.991153	0.74350682	0.11281044
4345	5.640585	-0.64982402	2.7119839	9888.1346	51.250493	50.59567	0.091634108	0.033245178
4346	3.0798478	-0.04590889	2.1522762	461.08056	10.836098	9.1175747	0.13595646	0.061384706
4347	2.9810013	0.21983372	0.21001845	1993.413	33.817961	13.855509	0.086089675	0.03894178
4348	3.7362869	0.16822707	2.4385453	4652.3568	108.11655	44.858224	0.37010572	0.29268746
4349	3.090504	0.89619236	0.54049077	1026.181	26.329447	10.105146	-0.0087022185	3.1987679e-05
4350	1.1751759	0.082004501	0.76111048	1426.0026	47.88945	37.408683	-0.075235889	-0.22947324
4351	3.6590992	-0.45114109	2.7294124	503.59049	20.892793	1.8637868	-0.44769947	0.04337758
4352	1.0442922	-0.16567555	2.7222661	1807.2391	11.507191	9.9547678	-0.33886379	0.66816398
4353	1.7676953	1.0060696	0.43852817	4512.3513	57.662882	53.329246	0.055504975	-0.014236135
4354	1.0503193	0.87066928	0.34984075	5965.3348	58.720232	38.198094	0.13393392	-0.20206464
4355	5.7712652	1.296555	2.6515099	3600.927	58.232209	27.117693	0.33612259	-0.040318785
4356	5.5432039	0.32433295	1.3282403	2159.7204	28.064431	26.183428	0.01557308	0.25630056
4357	0.49883955	0.92109943	0.46547664	943.27053	40.691304	11.142893	-0.011233176	0.1697549
4358	2.2902897	-0.20863632	0.34939578	476.99353	11.049847	10.075594	0.1230618	0.020529454
4359	0.89790359	0.61928386	2.6911604	893.10065	22.017617	1.6326148	-0.0059961308	0.072161289
4360	5.3289861	-0.59004911	2.3400211	1634.3607	48.558346	38.378407	0.16185308	0.16736346
4361	2.5051361	0.36584205	2.7622063	5462.0128	46.689808	34.301315	0.041771203	0.034168815
4362	5.9279465	0.22896664	1.7275972	2674.2271	53.174563	50.566034	-0.0087012654	0.17558722
4363	6.1754871	-0.013835887	2.1504048	469.71217	28.1551	16.481876	0.082030077	0.0014520953
4364	5.053408	0.68080427	3.0737931	341.59372	1.8250303	1.3558689	0.0052570235	0.23476432
4365	1.2626493	0.1184402	0.4681869	4036.0937	60.509579	54.416562	0.011878732	0.23129477
4366	2.8444154	-0.98968586	2.8781087	887.40737	42.008488	11.579578	-0.047774204	-0.021255017
4367	0.69763714	-0.22088446	0.42775033	822.17889	10.030189	4.0132363	0.012970818	-0.22271957
4368	2.6265268	0.50853585	2.2422611	2063.1423	63.856785	27.432416	0.032295492	0.35278902
4369	3.8181319	0.24808667	0.21655147	1930.2175	92.302567	25.221974	0.003481414	-0.21982575
4370	0.76831156	-1.0630408	0.47262978	6369.5602	87.248189	68.665401	0.28805754	-0.00016418097
4371	2.8533389	0.29962488	2.8540963	4570.7135	54.082015	52.994572	0.0031924155	0.048599394
4372	3.4789455	-0.72245487	2.0367617	1135.4049	25.374362	14.662772	0.047762602	0.0029287672
4373	3.2720819	-0.59699367	1.0981338	149.04475	1.4034776	1.3033199	-0.11862474	0.051139933
4374	6.2809468	1.1628442	2.2767616	617.65624	9.8799123	9.2571902	0.014782445	0.00047793218
4375	5.2693736	-0.78185439	2.5302254	1463.2728	13.012605	3.8419997	0.01126826	0.15353706
4376	5.3936683	0.86405284	2.8679286	930.26147	10.44797	9.0415509	0.19606748	0.21231805
4377	5.8901577	-0.20256269	0.30076113	2620.5262	45.050863	43.369159	-0.0036977927	0.12816625
4378	4.162518	0.70854135	0.12824204	5118.5875	23.639341	14.956496	0.21435309	0.41312414
4379	0.40961155	0.69089819	2.7920318	471.01248	11.510191	2.7474598	-0.0084165633	0.1859817
4380	1.1960976	-0.98842704	1.8548334	1301.2728	61.778707	55.621787	0.11642441	-0.44661805
4381	6.1844283	-0.72093209	0.49080313	1163.2667	11.799038	11.621407	0.09953061	0.098492417
4382	0.14214969	1.1482037	2.0356035	738.43387	10.867517	9.2194764	0.10947017	0.019305442
4383	3.1878581	0.32375076	1.5220391	5107.5577	104.70498	60.478728	0.0079609191	0.043734391
4384	4.9184825	1.053488	0.63895245	2704.6138	54.305028	43.060315	-0.029224087	-0.12296162
