simulation_id	longitude	latitude	inclination	distance	mass1	mass2	spin1z	spin2z
0	1.7026286	0.82826891	0.32740881	8944.6153	92.879897	77.340844	0.30669473	0.084973577
1	4.9727176	-0.79564713	0.521194	1216.1452	26.161863	5.3205726	0.092474988	0.056781434
2	3.8945277	-0.085180657	0.19184119	4070.8093	55.493803	32.792141	0.052133124	0.03078383
3	3.4985618	1.4760648	0.44284782	5677.4648	69.877998	60.373083	0.38981264	0.10295029
4	4.2620217	0.6847603	1.3204223	204.08175	1.5158616	1.3276003	0.020498085	0.037859967
5	4.16646	0.1384404	2.1691204	580.34629	1.6612931	1.5831919	-0.035905521	0.023441813
6	2.4494884	0.67171123	3.0420277	6441.0433	95.048599	73.113145	0.074444224	0.10743675
7	3.556187	1.2974908	0.76308083	1800.7104	13.598391	12.432136	-0.025456447	-0.00049817483
8	0.48051425	0.15663183	2.4569529	2404.1724	15.450363	13.514136	-0.00030095443	0.0086354301
9	5.6018954	-1.1613052	1.6899994	1115.2448	11.881014	11.178604	0.46037156	-0.16446564
10	1.5772622	-0.81375492	2.2659462	3035.834	22.857711	19.07713	0.015042433	-0.06195159
11	5.2272277	0.24885025	1.2274494	4191.554	58.133402	56.547389	0.020440752	0.10469946
12	4.6720737	-1.0833957	1.1453322	1358.6831	40.354626	31.422863	0.048849347	0.022722297
13	3.9518699	1.0055623	2.035929	1261.1232	21.533627	19.655934	0.079163008	0.12419287
14	2.2136857	0.77921602	2.3814029	6102.0807	60.332169	43.268528	0.074867283	0.022111568
15	0.4239995	1.116714	1.8883519	9469.4446	151.42478	96.333261	0.063734202	-0.0063816689
16	4.7881204	0.55906714	1.8406878	5038.4006	42.290182	42.236995	0.01934623	-0.012249921
17	2.3650673	-0.8619666	2.1812584	712.89847	9.6645102	9.2223671	-0.015074737	-0.3612079
18	3.7273358	-0.35401533	2.8657352	11408.394	87.904831	79.043764	-0.017045276	-0.099022659
19	2.7476572	-1.2241757	2.8669594	1755.51	14.710901	13.896503	-0.11152457	-0.1197876
20	0.65660782	0.46984221	2.7158246	2397.4154	14.723236	12.7101	-0.049768088	-0.04190901
21	5.2306863	0.17499876	2.3534463	2413.7759	12.995822	10.761813	0.005598405	-0.0029586716
22	2.7417098	0.21261595	0.58092462	1469.6309	111.42185	110.33182	-0.29022868	0.13387057
23	6.1275014	0.8693476	1.8171581	989.50833	10.099075	10.003608	-0.3651035	0.21380409
24	0.38610984	-1.2183755	1.0088656	1299.4803	13.363766	11.099168	0.18015436	0.26399921
25	1.9988121	0.62707714	0.63173155	3131.8024	42.49993	30.398874	0.12212808	-0.62085967
26	2.9073645	0.58835223	2.7814045	2736.5293	13.891897	11.653422	-0.23061481	0.01591934
27	3.9932127	0.33076141	1.8647477	3269.704	44.195128	35.819978	-0.073664493	0.19768218
28	4.8873007	-0.49142552	0.629793	3492.9727	42.860779	27.874032	0.048056061	-0.10547669
29	5.4265147	0.89876316	1.3087356	10586.723	165.61855	160.68172	0.0035947961	0.13528895
30	3.3870832	0.83179312	0.58871141	1513.9776	12.020633	11.469789	0.13980666	-0.035414424
31	3.295891	-0.028252429	2.759825	17392.427	228.48614	223.61338	0.040283295	0.10682171
32	1.9238028	-1.0579705	1.8383232	1988.4218	11.761554	11.264674	0.032261302	0.16990882
33	5.9947987	0.58448203	2.421729	1078.4899	2.9901282	1.9890547	0.057625262	0.1635049
34	5.8898344	0.38507601	0.62115138	3789.9915	14.954383	12.001425	0.055542999	-0.075401209
35	1.0541793	0.70152467	2.712213	33391.572	144.71516	137.64912	0.36310379	0.40385136
36	3.7971859	0.87535684	0.38678959	281.68192	10.917882	9.0845419	-0.10425304	0.03336954
37	0.66888419	0.72449942	0.41072353	1638.2584	14.067479	4.4676812	0.29916759	0.0057885419
38	5.0463037	0.38040007	0.21040849	3414.9883	16.625553	13.738386	0.010198326	-0.025091719
39	5.0736492	0.9694002	2.2041229	3719.5399	57.682373	56.989446	-0.00012790746	0.13508158
40	2.5551373	0.15590735	1.3743943	743.53619	11.74349	1.7742268	0.29158471	0.094762851
41	4.5042712	0.51681829	0.26632547	1917.4594	8.8738095	5.6820274	0.38998846	-0.029211022
42	3.7392392	-0.21207263	1.1334813	1075.2337	11.738933	6.5854722	-0.0065347126	-0.151691
43	3.2845028	-0.17206765	0.69506639	1646.8669	12.553465	11.5866	0.024709	-0.011082178
44	5.02435	-1.3291572	0.50467617	1198.9794	10.536354	2.0731862	0.018617599	-0.010974053
45	2.6901248	0.55107727	1.2797982	4245.009	42.07219	17.43662	0.41171236	0.010780973
46	3.4173864	-0.18206993	2.7889411	6002.8994	67.697408	60.069352	0.28249463	0.19795117
47	2.7429147	-0.83090338	0.42219035	1277.7982	2.7811509	2.1078135	0.11118594	0.026702345
48	1.2773912	0.41706182	2.6823639	2458.7532	13.26448	11.556513	0.3415825	0.032220239
49	4.7891803	0.26134567	0.83688553	2177.5667	22.12382	11.545584	0.21650208	-0.028759964
50	1.7570402	0.74602049	1.6467123	2738.0948	44.284643	44.075468	-0.0035345786	0.29806048
51	2.8240368	0.26483566	1.6466247	6396.4798	66.503252	63.289965	-0.038182054	-0.089293639
52	2.4513505	-0.22354046	0.33238289	1357.7062	31.041834	13.40969	0.021970675	-0.07705489
53	4.5625499	-0.0033924737	0.32873468	837.85879	9.4219028	2.593028	0.27229134	0.20091421
54	1.8899156	0.81910159	2.1703394	1503.3815	16.062812	12.118014	-0.07518708	0.19021958
55	5.0108248	-0.30589353	2.4735549	2959.3794	45.939991	40.010443	-0.019039819	0.0075071128
56	0.069866059	-0.18399397	1.2551927	2197.2964	56.912746	34.139687	-0.0038631609	0.19179238
57	2.9921618	-1.0802854	1.3326961	4203.8366	59.878954	57.171872	-0.080363556	0.058020329
58	4.771396	0.37933384	2.294806	4416.4939	63.18121	56.378471	0.073369153	-0.010230774
59	1.446385	0.48462754	0.90684716	2273.6422	39.714945	37.755592	0.064643442	0.01472545
60	0.17145007	0.40632663	0.63911067	606.69224	1.9768583	1.605378	-0.11031135	0.033677762
61	5.6884721	0.11746066	2.4076972	712.86711	3.6956023	1.3215326	-0.03989787	0.17248865
62	5.8845313	-0.62850955	0.82015032	407.57546	9.3119227	9.0182506	0.12668192	0.015606574
63	5.9000256	-1.3069426	2.7549541	6372.5558	46.228639	18.557685	0.074163613	0.14083063
64	0.42923997	-1.3603176	1.0041311	1738.6464	30.872693	12.677733	0.016067376	0.023482174
65	1.0987698	0.69855712	1.4829558	5960.8718	123.23065	42.997038	0.0048811446	0.00093294034
66	1.7055768	-0.24863583	2.4116882	13638.241	201.86145	198.07908	-0.094402638	0.0082582378
67	3.5883308	-0.14007533	1.626893	3747.8734	48.760505	42.647397	-0.061256779	-0.12841493
68	1.8769165	-0.34140807	0.32122354	4544.0048	17.565189	12.303647	0.14044978	-0.01079546
69	0.91336049	1.3279454	0.58664426	5881.8987	44.707388	43.994494	-0.12093385	0.19968095
70	2.3364242	0.53639862	2.6258211	3837.6712	49.76277	47.234155	0.18827131	0.14037383
71	2.8135691	0.5885328	0.63436937	2581.6986	26.71937	21.125866	0.15756567	0.37914638
72	1.7202372	-0.23942647	0.81135795	7540.1711	77.806134	59.637308	0.090425952	0.045652151
73	0.96535827	1.405876	2.6485628	308.93048	26.656692	15.137278	0.0062007409	0.20112495
74	6.0793588	1.063235	1.2580229	3255.2555	49.455389	40.228226	0.29797224	-0.062180467
75	3.3061097	0.24480191	1.1386102	9444.7373	78.499179	71.564801	-0.029024069	-0.067735224
76	4.4980606	0.68470769	0.65905637	3067.7603	48.092397	45.757042	0.087229984	-0.074547012
77	5.9676174	0.60324529	0.50822698	1538.436	31.155782	23.880075	0.043248114	-0.02981629
78	6.0588737	-0.12467254	2.3385649	5342.5298	127.90955	67.397091	-0.08815801	0.01577095
79	3.6301091	-0.48680528	1.5330649	2396.0594	64.819988	49.0222	0.14242141	0.5588955
80	5.1547009	-0.43610809	2.5704184	5794.7239	157.99137	157.10962	-0.55831774	-0.41809753
81	4.5719686	-1.087356	0.48038037	3917.3581	46.751274	42.245393	-0.081129934	0.050161585
82	5.1004822	0.72517555	2.8397394	4675.5885	36.809687	27.673784	0.3256627	-0.079898977
83	3.3950243	-0.33706707	2.3010108	674.99631	11.842282	9.5304744	-0.026036018	-0.013929534
84	2.4084685	0.086911397	0.26154381	420.32652	2.0942825	1.814974	0.13346338	-0.015541873
85	0.4631589	-1.0406053	1.6999231	2159.3613	91.582612	45.480664	0.03101279	-0.080032574
86	2.9340166	-1.1344684	0.77031456	17490.287	152.96704	116.62544	0.21510231	0.061071527
87	5.4000844	-0.3374765	2.2501447	12651.473	122.30528	95.540033	0.041531923	0.16057097
88	1.6032108	0.91642636	1.127786	7587.8777	130.94506	60.567513	0.10531497	0.10640002
89	2.848723	-1.151768	0.49390556	7167.0403	77.229808	56.065481	0.028943661	-0.0024888194
90	0.78005649	1.0052041	0.67907597	2104.8433	9.6706249	3.4518861	0.0063258321	0.0018313189
91	2.4678985	-0.37103077	3.085451	7315.461	49.973611	19.12763	0.026879687	-0.021021608
92	5.575625	0.60180714	2.2818349	2234.338	13.118327	11.704526	-0.0080389695	0.55496069
93	3.6029505	-0.86447741	2.8300176	1878.5245	11.924493	2.0382852	0.0018114091	-0.14227852
94	0.62840238	0.33763663	2.0501857	1515.797	51.453304	27.088568	-0.056244599	-0.010253338
95	4.1571346	0.1322066	0.052233086	10216.516	78.761322	75.109113	0.12562565	0.042710123
96	5.8493326	-0.054763019	2.7044718	952.46347	3.1015537	1.8863025	-0.063243313	0.068280173
97	4.7585167	-0.45077903	0.24605623	6517.8469	64.214802	59.509632	0.068009399	0.1649215
98	1.6187509	-1.2082629	2.241285	446.05745	1.9407097	1.3327576	-0.023539085	0.058567372
99	2.6557243	0.51028258	0.95737932	4090.0144	76.809789	56.492942	0.39624294	0.1840664
100	2.2987218	-0.66782778	2.2454705	565.02824	2.2136966	1.4192981	0.0182483	-0.039876891
101	4.5619459	-0.23671358	1.7697204	3149.746	63.597338	49.93722	-0.043287515	0.13399069
102	4.3547403	0.558311	0.74159455	10485.224	85.597901	56.694814	0.36904473	-0.0039721042
103	0.71179619	-0.57124169	0.43502244	2679.4291	14.687024	12.875031	0.10712848	-0.26991331
104	4.4566163	1.3900604	0.75997895	3105.3571	55.483864	53.901935	0.36130663	-0.022218268
105	3.7011995	0.72411533	2.2923938	4468.5113	46.132035	44.450969	-0.3772017	0.10610673
106	4.9908214	-0.1179979	2.1600435	4389.7569	55.188116	46.218803	0.076904407	0.012772969
107	4.2690116	-0.061137693	2.7058954	338.72786	1.3378199	1.2521139	0.11369593	-0.0057168647
108	0.63448845	-0.048574572	0.95804147	5760.9623	62.099636	57.390162	0.23183622	0.087097786
109	1.5961694	1.3630421	1.1669571	911.04183	14.176876	12.214288	0.018969142	-0.023042419
110	1.6039085	-0.5308456	2.0538854	5066.4096	54.404195	53.210888	0.13666278	0.30330896
111	2.9684366	-1.0474485	2.4596896	5154.8008	104.15218	58.195784	-0.14178562	-1.377386e-05
112	5.2863103	-0.37059653	0.4837616	2455.2819	11.508681	6.941572	0.15995815	-0.16388088
113	0.13958807	-0.9271967	0.95901775	1185.7964	15.168307	10.387812	0.0090182118	0.025076816
114	4.8641515	-1.1185281	0.66906745	799.73807	2.4394293	1.374272	0.056363221	0.085967893
115	0.258521	-0.35746095	2.7982723	2511.7758	13.776553	10.368809	-0.047981368	-0.12460793
116	3.7175809	1.034704	1.8276302	1302.9082	94.653691	63.752044	0.29306733	0.24591324
117	5.4673927	1.2629174	1.5057072	1192.6859	34.256237	24.522382	-0.13884043	-0.13117179
118	4.0838712	-0.79493072	2.3354544	1066.658	21.639003	10.002701	0.036014619	0.095775905
119	2.3531795	0.055067242	0.14395914	845.60654	10.896641	10.469481	-0.037315864	-0.021657615
120	4.2703887	0.87247801	2.2879091	1947.6376	14.275468	12.253828	0.50221185	0.15676934
121	1.4877303	-0.46611577	1.2674812	744.09654	23.036467	10.431848	0.17564142	0.11212419
122	5.9122494	1.3234975	1.9449417	5540.042	70.02957	49.623739	0.064717211	0.17455546
123	2.162708	0.76161948	2.2407842	3086.4571	49.861541	47.074951	-0.2512752	-0.10150856
124	0.98078349	-1.0430924	2.5382067	1050.5617	38.681811	33.804767	0.27874504	0.15727522
125	2.8443881	-0.13890863	1.9825087	4912.5489	62.550731	55.069897	0.20579861	-0.0037504522
126	4.6016685	-0.43314576	2.5337191	874.7188	11.276464	3.9907611	-0.16466542	0.35315039
127	2.5943416	-0.36740041	0.58788169	582.9681	8.7926045	1.5732387	0.054516228	0.078711505
128	3.4517583	1.0417125	0.45243179	5297.3572	39.28147	33.46444	-0.01066851	0.024189178
129	5.3373964	0.1944663	2.1127356	88.708119	1.6478607	1.4819251	0.24089983	0.012563739
130	4.2594017	1.013035	2.3665247	8203.8038	142.01755	107.70853	0.141808	-0.10332301
131	5.7311327	0.79517612	0.80954091	344.96148	1.5477147	1.4283009	0.06719233	0.16879489
132	4.6029144	-1.2614521	0.48299387	2926.9624	15.186239	13.727495	0.13197646	-0.12422451
133	3.3012892	-0.87282048	1.4550094	899.12454	35.540393	23.152176	0.53922797	0.0044822087
134	2.755219	-0.90569252	0.37639416	13148.227	97.204286	86.234148	0.12022081	0.014690974
135	5.2205222	0.44098292	2.2747796	2697.4502	13.624554	12.838655	0.15667913	0.13901126
136	1.0757593	1.0287228	2.2042735	10098.017	182.15801	150.78444	0.42867797	0.012918126
137	1.9676521	1.1980271	0.5208742	3009.3097	19.0327	13.344467	0.017524879	0.01394827
138	4.7230312	0.23164605	1.1750534	1186.5715	12.892038	11.669531	0.050274093	-0.021474567
139	0.20515139	1.1293232	0.9209096	2136.9057	27.221962	13.99544	0.17708887	0.059697086
140	4.1117304	1.1776959	2.6930017	316.1023	1.6765821	1.3060063	-0.028531178	0.052430558
141	5.7735064	0.17923819	0.4441044	1402.989	11.662775	11.008014	0.041462367	0.016535998
142	2.2739955	0.59030595	2.2969531	6134.9629	66.716531	48.849489	0.064340138	-0.079126339
143	4.8158785	-0.38728304	2.9822675	1063.1004	11.718272	1.6019178	0.040040588	0.009316626
144	1.8667722	1.1227632	2.4881603	11369.798	97.031074	89.548162	0.16422035	-0.015088816
145	4.3421457	1.0148967	2.5779818	9178.3342	109.17254	64.132697	0.13518225	0.031902237
146	4.7244838	0.055420077	2.6755138	720.35245	8.341426	8.0957117	0.001283132	-0.0053179407
147	1.8426223	0.099507455	0.7503208	3062.3599	42.119881	14.852037	0.30571382	0.0056767638
148	2.9483481	1.4552104	2.2614681	3861.4835	53.500974	14.140834	0.27113743	0.074130905
149	4.1910677	0.36446032	0.6309692	6375.8954	18.587884	16.755259	-0.020077972	-0.075093978
150	1.3956603	-1.2660667	2.9460804	464.42276	1.4190723	1.3848979	0.035760913	0.089408028
151	1.4531814	0.43086688	0.52270233	3857.7905	17.858623	15.270249	-0.080447293	-0.010203475
152	1.2701497	0.50903324	1.3350434	3348.6142	39.723338	14.78766	0.043849837	0.082294366
153	5.195133	1.2450597	0.53324823	14140.627	75.419833	62.778	0.075482986	0.0012260573
154	4.3150997	-0.45159131	1.4363089	1101.4113	11.705159	10.370626	-0.045145521	0.058691833
155	4.6484458	0.3994863	0.98852277	350.0492	8.3276307	1.5641052	0.17675999	-0.11829535
156	1.4484263	-0.63576369	0.93861788	745.91111	14.090632	10.800966	0.044955865	0.10369262
157	0.84090406	-0.22855045	1.9820236	1512.0754	41.03656	2.3489051	-0.026482209	0.18178662
158	0.0099377962	-0.15594546	1.3289335	1160.8119	10.293918	9.1515079	0.18365351	0.24669728
159	0.80905518	-1.0513172	2.4936777	2706.9456	48.134377	47.748693	-0.060838527	0.17272497
160	4.5066651	0.64139551	2.3743805	631.6045	1.6398227	1.3727503	0.13241565	-0.058378622
161	4.9113372	-0.22446929	2.7193951	3622.2518	58.586213	48.469486	-0.032182101	0.088973256
162	5.1640168	0.58174114	2.4616861	4419.7028	15.735198	14.926422	0.006300006	-0.18362801
163	2.2942467	0.79437969	1.0472781	7222.781	56.994551	46.958326	0.0085595013	0.18178627
164	4.7860584	0.68903642	0.77036909	548.16057	3.8574295	1.779494	0.21429029	0.007269706
165	1.3085496	0.39510424	1.3094366	779.20491	28.487452	10.234009	-0.045372994	0.12351427
166	0.45761883	0.25544974	1.7204236	8185.873	96.837366	59.099277	0.067556147	0.060375679
167	2.4426957	-0.014270489	0.68553456	1596.2123	31.561495	2.3602827	-0.059899652	0.092523002
168	5.5832437	0.14242771	0.4277506	9852.6796	77.296667	74.424607	0.0013988514	0.18341635
169	1.2314166	-0.019464653	2.0169696	1754.8063	29.438351	27.482424	0.068230128	0.094726106
170	3.9464145	-1.0294668	0.29658279	4141.376	15.138945	15.017649	0.026316067	0.12762768
171	3.4382461	-1.1352003	2.3472051	1364.9603	12.774025	12.160608	0.26871914	-0.11829075
172	5.9188371	-1.3699582	1.5484286	3014.1867	55.129759	34.315758	0.0060371818	0.0025080932
173	5.7142997	-0.20353962	1.0293295	571.70014	10.733611	10.452302	-0.16884154	-0.0091357899
174	1.320021	0.098662355	2.075214	3328.2825	52.703215	44.008009	0.049751571	-0.055624997
175	0.69248865	-1.04349	1.7904534	711.83011	27.217769	2.2068597	-0.072484953	0.057096992
176	1.4542644	-0.36125734	0.43212569	7645.6768	35.259437	19.661899	0.38120037	-0.01956517
177	3.9465497	0.2825885	0.47259907	5795.0541	58.070215	44.459639	0.069672675	0.13137856
178	6.0422185	-0.82245846	2.5673898	799.86121	10.706584	9.3792291	-0.0065936605	5.9103011e-05
179	0.2386153	-1.3368588	1.1922344	954.88506	41.926287	1.849401	0.39516074	0.017714631
180	5.8173693	0.44732032	0.71581536	5490.3387	47.628329	35.395345	-0.1453988	-0.011287127
181	3.0608573	0.70943968	1.5734348	353.54661	8.0659073	1.8335051	-0.021957577	0.051927541
182	2.1713591	-0.89966934	1.2362749	3126.7264	75.608458	35.304631	-0.14916001	0.081811609
183	4.2344873	0.63839113	2.6932707	4018.7216	74.766521	36.763116	-0.018830465	0.0082330021
184	4.1854128	-0.80974872	0.23736863	9177.8244	81.347192	65.326456	0.016129289	-0.22019861
185	3.1244503	0.86260888	0.46937215	3774.5031	26.182324	14.073907	0.28138398	-0.15351031
186	5.6612145	-0.56394266	2.0498985	714.28854	11.523396	1.7189823	0.47912369	-0.016429479
187	5.6431367	-1.2181225	2.8876174	2423.6998	14.098562	13.957916	-0.082297012	0.04935956
188	0.036170371	0.93628271	2.5816433	4112.1023	81.50329	56.717727	0.32240302	-0.032549402
189	5.9003926	0.79298569	0.88844678	3621.549	15.06668	4.2982758	0.037673276	0.0069941151
190	0.161999	0.059637243	0.92897029	2419.1195	17.219782	10.948378	0.022414357	0.059951807
191	5.8668109	-0.99983179	0.62841772	5838.7634	61.215452	59.889181	0.35645673	0.0280498
192	0.64603607	0.52509926	1.3017815	1708.4827	11.734566	10.198195	0.030052133	0.17570316
193	4.6928648	0.19545063	2.7567484	1111.4026	1.8567881	1.4908752	0.03131341	-0.070550665
194	4.701487	-1.0558148	1.6245301	5964.0804	67.991689	55.494283	0.049982124	0.10009987
195	5.3942362	-0.75930781	1.1613845	110.75548	1.9030539	1.8405079	0.16243789	0.16470019
196	2.4581263	-1.4129542	2.079836	1266.5946	10.21859	7.8125925	0.37080737	0.0022426653
197	5.9449043	0.24422459	1.9855721	3367.5492	30.906467	25.971179	0.054134979	0.29263812
198	3.1153562	0.30342824	2.4094622	810.99796	35.208077	29.304883	-0.012409799	-0.039368663
199	0.17688187	-0.17150093	0.27778113	3000.8619	15.627279	11.751708	0.026843742	0.10029889
200	4.9866342	-0.046079493	2.3925642	289.72338	1.9205227	1.35481	-0.00067409253	-0.083872395
201	0.73700857	-0.52457335	1.7531909	6603.0617	93.312132	67.126827	-0.1712886	0.0061416026
202	0.57955725	-0.55483153	1.4882662	1513.585	47.157407	45.731263	0.23814758	0.26339124
203	3.2415855	0.3638663	2.73325	4929.083	58.279699	51.510809	0.040802807	0.00065053278
204	2.2684384	-0.75345729	2.5744315	5792.0681	18.062764	17.003007	0.0002505996	-0.11835646
205	3.624282	0.46168312	0.67999625	4801.1039	33.547101	15.229357	-0.056185016	-0.20178781
206	2.1743957	-0.55322307	1.1409441	3607.0549	50.563191	34.135469	0.021004717	0.048975305
207	0.22181978	-1.0038999	1.7644685	516.43201	6.0961868	1.6489785	-0.03620713	0.0017845775
208	5.9964358	0.12755941	0.88255343	8531.13	112.6128	74.007759	0.0109156	0.091740673
209	5.985841	0.25335509	0.77592162	5372.3387	81.072021	57.381267	0.14907385	0.11703294
210	4.6978607	0.90906484	0.25202744	3186.97	15.672719	14.867038	-0.11227829	0.10863362
211	5.2095994	-0.74076881	2.421429	2092.6602	12.975895	11.363878	-0.12187536	0.0016639766
212	3.9048219	-0.72640001	2.6220322	3464.627	15.768855	14.782126	6.5796269e-05	0.025431834
213	5.9072881	-0.40294305	2.9930794	15365.737	58.772069	47.793663	0.039979906	0.10015907
214	0.64996012	-0.53496933	2.6347221	1916.8779	12.200956	10.731631	-0.015821297	0.3694454
215	2.8922604	-0.71794359	1.220061	640.64037	9.7482538	8.4304854	0.02942397	0.065894422
216	4.5151625	-0.89700414	2.189655	2542.1474	12.733676	12.505492	0.15238725	-0.063201343
217	1.4688478	-0.43417651	1.0452519	1431.6112	20.600219	19.222543	-0.022725844	-0.005297488
218	1.7933901	-0.81814265	1.0210212	1744.3678	12.120683	10.840069	-0.012063928	0.053384767
219	2.7203896	-0.31820692	0.11154398	2742.051	43.628043	33.263527	0.0013899926	0.028095863
220	0.33978415	0.13406128	2.5756882	1311.0975	6.0966545	2.792938	0.02798592	0.026296146
221	4.0688111	-0.096150237	1.784463	14241.152	195.83704	181.93195	-0.026460206	0.20012151
222	5.3009943	0.73230499	2.1752874	485.8794	1.4660602	1.4206614	0.28173459	0.24694088
223	4.7274346	-0.15893878	2.772101	1341.0353	10.295228	9.595477	-0.35848513	0.003943544
224	2.8318726	0.57883578	0.12159784	5610.1284	28.700145	15.712896	0.01376713	0.19997905
225	2.0293736	0.086816201	2.5104625	2409.567	14.105033	9.8313297	-0.19451814	-0.046290557
226	2.5209138	-1.177383	0.96632171	2054.2819	14.137356	13.220818	-0.079852394	0.033436202
227	2.6705041	-0.015504179	3.0236544	4440.9202	63.6716	53.960591	-0.044467072	0.19833609
228	0.85922384	-0.91662939	2.0270559	449.59991	10.081435	9.1748619	0.033859126	0.00062052953
229	4.2053399	1.2213858	2.4074759	2122.8987	12.269979	10.905672	-0.059367448	0.097829752
230	3.6344006	0.22887099	2.3543905	3352.1291	14.025689	13.247455	-0.1211781	0.016414335
231	3.8466582	0.64195814	0.36411769	4445.7626	16.916116	15.681418	-0.018483374	-0.070941839
232	2.766437	-1.0078164	0.92428415	2614.344	43.307399	42.634372	0.040871607	0.15307152
233	2.5839529	0.57273647	2.8458794	278.93773	1.3101885	1.2737697	0.26695717	0.013234061
234	3.1248543	-1.1935733	0.29653128	3522.9824	26.351262	13.351317	-0.0075742234	0.078160836
235	3.6766129	0.43513854	2.2645404	5362.4003	59.849058	55.680773	0.046089915	0.13888521
236	1.2494087	-0.65017802	0.67286493	679.82637	10.629697	8.3097467	-0.008756581	0.03245458
237	0.033814742	-0.65855387	1.4639607	632.21337	10.446295	6.8800589	-0.083402468	0.058682583
238	3.830283	0.24040831	2.468018	550.01843	8.0125907	1.7037077	0.050229957	0.090045604
239	2.3893545	-0.25865662	0.63523167	1105.357	3.7058527	1.7632349	-0.012113594	0.20852102
240	0.78230303	-0.84910351	0.82161027	742.29522	2.6830377	1.5908297	0.08608012	0.0033129013
241	5.6849784	0.34444741	2.7051953	533.69723	1.7102563	1.6320895	0.014441477	0.011173663
242	1.8755498	0.22965951	2.2566562	715.23319	8.6902046	1.4455007	0.31223479	0.078398741
243	4.0775632	0.6645224	2.3256657	9354.2138	137.01226	64.293946	-0.019699639	-0.20708993
244	1.9472573	0.20991924	0.25060409	6711.1282	56.40748	47.102158	0.19313993	0.20283284
245	1.9755327	0.88709373	0.85003377	9758.7168	77.623552	68.271642	0.043763235	-0.027129423
246	4.0439431	0.68170724	0.35628095	3803.6257	41.971793	31.698717	0.038953527	0.0026403422
247	1.5046914	0.80992648	0.39421513	8281.9779	49.849469	41.597677	0.077639031	0.14585695
248	4.5870562	0.061154204	2.413862	854.98956	9.6855329	1.7572053	-0.0077407167	0.26423262
249	1.4704488	0.29650069	1.0135015	10096.268	48.321921	36.602793	0.47311689	0.13588064
250	2.9124411	-1.124759	2.0826885	406.5909	1.9696171	1.5299729	-0.14797694	-0.032205818
251	0.75074608	0.68325871	3.0501366	3661.72	31.878859	15.348159	-0.0048760023	-0.048822718
252	4.8975239	1.3186085	1.2692316	5158.014	47.370698	46.50886	-0.060399125	0.07299787
253	1.9339128	0.67520258	2.4848932	623.25141	1.5672792	1.2770028	0.21562317	0.069483828
254	2.4041229	-0.2547009	2.3868201	509.16577	3.6170408	1.3777193	-0.045290993	0.20166033
255	5.9817339	-0.16964632	0.29175719	8733.8358	70.922083	21.77055	0.46123743	0.37078911
256	5.0911362	-0.60856262	2.7314051	3179.0797	76.834458	71.749011	0.10182853	-0.0022777893
257	1.0725534	0.37776044	2.6569469	2945.3617	14.865123	14.186506	-0.31701756	0.0041228311
258	3.3109261	-0.10375101	2.8659604	666.06472	31.490852	2.8824389	-0.0030988859	-0.17928635
259	2.3980793	0.11526319	0.90463043	840.95121	39.068962	1.4527394	0.27470809	0.018656781
260	4.689676	-0.90239752	0.12544003	8629.9008	65.430691	51.227425	0.088693734	0.16921237
261	6.0962445	0.51962879	0.85274936	3392.9805	13.974401	13.706697	0.37559616	0.18569375
262	4.5465641	0.57063135	2.2878722	1882.8009	35.350841	34.674931	-0.24374434	0.39018112
263	1.9447457	-0.49472089	2.5847512	62.948985	1.3750048	1.2391567	0.12013133	0.075446532
264	5.4166839	-0.57962042	2.2088711	7121.9355	70.082589	55.885866	-0.0082334322	0.027360893
265	1.0243689	0.96004967	1.9686339	1875.1521	12.810477	10.522401	0.24040959	-0.022423248
266	0.85334874	-1.1215797	0.38654453	2461.8375	52.390074	16.401108	0.048095959	0.21011707
267	3.8897973	-0.37548909	0.17871815	9832.8579	93.939404	87.337218	-0.014802172	0.022892892
268	2.6026947	-0.40434207	2.7960245	3100.3074	14.962007	14.378228	0.05806237	0.0092697173
269	3.4012173	0.43611604	0.50179812	2904.0602	28.589036	15.796981	-0.00076922739	0.16035042
270	3.2766243	0.17193163	2.2850471	829.1786	17.238133	6.9823475	-0.011481593	-0.011702884
271	0.56202278	-0.30753705	2.4951856	2916.6511	12.214202	11.507991	0.18881032	-0.049634654
272	0.045531208	0.41438007	0.16634249	5463.0705	18.749557	15.578306	0.0064021166	-0.21477482
273	3.4447824	-0.52639029	0.7944884	7970.4706	60.133827	42.341722	0.093222128	-0.0072996455
274	4.8161088	-1.2955216	2.4875824	208.11964	1.3730986	1.2330966	-0.13518491	0.066178851
275	4.3041725	-0.53852697	1.7409831	2399.9389	44.44384	27.180348	0.77020067	-0.0386161
276	3.6947205	-0.20300687	2.1042673	3594.9958	36.850212	26.238961	-0.046809472	0.052208467
277	2.9558267	-0.25724981	1.0674687	420.9655	1.9283646	1.1993194	-0.068133248	0.15837188
278	6.2726709	-0.88414897	0.82214816	1255.5573	10.778077	2.023725	-0.37009835	0.0081654584
279	3.0853358	0.35548062	2.8557617	9624.9277	50.038272	21.406393	0.0075237379	-0.19850169
280	1.5604274	1.2422696	0.68478965	566.24931	2.0921944	1.9473142	0.34592575	0.082729697
281	2.9079993	-0.31717821	2.2326279	1358.9801	17.671795	10.767677	-0.017565695	0.0057195758
282	4.4630465	-0.58358728	2.8766687	4397.3188	60.679484	54.444037	0.08075398	-0.067293114
283	5.2376854	0.50558699	0.8598838	6067.6813	33.603859	16.376515	-0.0020902221	-0.09090922
284	2.6349499	-0.57367057	0.83870695	4263.7767	43.976679	42.881302	0.11140798	0.063075715
285	5.6034432	1.1538818	0.60924207	5110.468	71.150549	62.950899	0.45018049	0.89761242
286	0.61230462	0.64064238	0.35073974	598.29281	10.192094	9.458701	0.091038701	-0.13067873
287	5.3139791	0.28691444	1.0638357	9533.106	79.436901	77.788909	0.073573264	0.2276256
288	1.6801124	0.062291165	0.86146507	548.44209	1.5239382	1.4605524	-0.038672273	-0.030440826
289	5.3976868	0.49031711	1.0495639	408.50223	1.7248893	1.6313289	-0.22876641	-0.058767502
290	3.4682114	-0.77643936	1.5463536	2528.4655	35.561371	29.034873	-0.039844291	-0.18899304
291	0.25007206	-0.98847519	0.57958481	775.17417	1.6196773	1.5354272	-0.13871824	0.041209755
292	2.9648328	-0.97171745	1.0375043	1550.6094	41.742965	31.711773	0.13669269	0.0092169209
293	4.4168455	-0.90480769	0.80838648	2692.7598	53.168795	47.833771	0.029966797	0.42643379
294	5.0622325	0.84875462	0.9464866	4931.9835	62.648457	49.095045	0.045867878	-0.11789923
295	1.8071213	-0.37302196	2.9459933	1047.4946	36.824668	3.8012169	0.093435299	0.0085581834
296	2.4081606	0.28341909	0.79452654	2385.4734	44.629947	23.642359	-0.021938636	0.29627953
297	4.2940277	-0.37471915	1.2289523	4115.2027	65.119071	57.627292	0.15283608	-0.0042619463
298	0.76131069	0.44515169	0.88627567	6480.7964	32.120466	29.446526	-0.024118614	0.09088553
299	5.5748131	1.0463169	2.6177128	316.08077	2.2956545	1.9921697	-0.16041855	0.085655861
300	3.9979541	0.39655943	2.5346833	3220.453	14.289172	13.353832	-0.067466212	0.018110503
301	1.895599	-0.47743272	1.8330318	931.03102	11.723783	10.377404	0.016471742	0.11675295
302	1.5301937	0.08829681	0.33105021	755.51398	2.4495112	1.9706444	-0.11683068	0.20685897
303	5.1888823	0.40713864	2.3694172	8118.6926	79.248601	68.561335	0.024897575	-0.0091141282
304	3.911793	-0.35988194	0.35990107	785.25926	23.685554	9.0665786	-0.027041419	0.33781585
305	2.7486114	1.192453	0.60684177	937.54106	36.871447	14.909771	0.1034597	-0.0013514564
306	0.86219854	0.92602345	2.6501302	3355.1611	96.709332	60.252897	0.030211708	0.018257629
307	0.92974087	-0.79471679	2.6367017	4447.6789	43.349137	38.159654	0.12264504	-0.00030836574
308	2.0916448	0.25117144	2.9412454	6755.0721	23.396681	16.206208	0.039522586	0.0060253754
309	2.1006788	0.55277602	0.36898071	5337.2877	43.319363	40.437776	0.22318228	-0.0095959427
310	6.2700489	0.29903716	1.7440561	6395.1964	65.926421	59.125413	0.034395376	0.074430503
311	0.72471387	0.6683824	2.4442177	6182.98	125.31026	67.242388	0.16766936	0.23673499
312	2.7284764	-0.1937095	3.049122	1763.3908	12.068744	1.936732	0.00090735947	-0.029804754
313	5.7323523	0.23994758	0.6419563	5221.0122	52.143125	48.330381	0.10487421	0.67310063
314	3.4829313	0.59753761	2.9313987	345.19052	1.367678	1.2489947	0.17758189	0.066466661
315	4.0612074	-0.62389286	2.3421933	1323.4979	12.420679	10.484644	0.23253453	0.17984309
316	4.4282994	-0.1798959	0.57349225	1287.7323	11.851525	8.4446304	0.078605777	-0.020412581
317	1.376021	0.63280913	2.5613139	7126.1325	67.719274	66.309012	0.38735364	0.28210011
318	5.0432976	-0.29036121	2.6318122	956.05275	10.678253	1.5972906	-0.024340409	-0.067153838
319	5.4918771	0.58298932	1.3476565	164.40811	23.699425	1.7581805	0.011710989	0.014952443
320	5.7884875	-0.47825807	2.7120613	2048.9151	10.56469	6.1634504	0.29219789	0.21669819
321	1.8875744	-0.74754749	2.3684571	1155.6141	11.919615	1.7161586	0.0068502991	0.059423971
322	4.0102149	-0.16110048	1.1074892	1567.1546	12.114574	9.3636061	0.18207759	-0.16134476
323	3.599256	-0.53120628	2.6862177	15148.069	84.005451	76.551803	0.091754045	0.1411475
324	5.9616427	-0.85571432	1.0730842	618.88583	43.355006	21.432929	0.043473288	0.19182652
325	5.1662848	-0.57020692	1.7333577	1733.8677	13.137506	9.6072475	-0.0069098656	-0.21499125
326	2.9113577	0.40868149	1.0580133	1438.1874	11.648161	5.3304902	0.10237595	0.18724664
327	1.8317857	0.88288424	2.6438004	953.54554	27.536493	2.1415897	0.036283969	-0.081490193
328	4.365729	-1.1100453	1.8891743	2943.2405	57.196424	30.943834	-0.069929265	0.016135992
329	2.9771998	-0.96724254	2.3135807	12781.913	41.657364	32.48622	-0.015622503	-0.028557779
330	0.0075715341	-1.0562929	0.5493295	1760.6362	12.01163	11.73741	0.040090281	-0.03103526
331	3.4458095	0.82746456	2.1100094	1373.1874	39.153183	12.97947	-0.0032964899	-0.017754921
332	2.4247031	1.3537455	0.63900318	4104.4048	52.024798	49.691872	0.0022605106	-0.073895265
333	1.9593658	0.79642804	2.6253308	7282.0591	137.24079	68.006738	0.12912456	-0.020865168
334	4.9686046	-1.0655404	2.2929421	1453.9155	12.146146	9.7431774	-0.025128677	-0.0085839065
335	3.9391562	0.1016614	2.7180498	3935.9369	42.325463	34.918445	0.149255	0.027480099
336	4.4160198	0.88184759	1.8038879	2637.4783	44.354626	36.350063	0.15929006	0.10722597
337	5.8465684	-0.43969272	0.77907388	1509.4791	9.4044554	8.8170187	0.086285007	-0.021206621
338	6.1253733	-0.744252	2.3211592	6032.458	89.850888	59.145739	0.23259934	-0.11579142
339	4.1686815	0.45804165	2.4972894	2209.4283	13.001387	12.884958	-0.007894617	0.28413425
340	0.32164825	-0.98723681	1.3443645	1692.2274	12.946739	11.163616	0.016916322	-0.25443876
341	4.9871841	-0.83923473	0.71286959	1306.6189	11.490024	3.7270293	0.11036437	0.036396414
342	2.6168888	0.47624437	2.0667969	152.51186	1.2887493	1.2056753	0.11487732	0.0037247698
343	2.0137616	0.39118445	0.37948736	616.84118	1.7718117	1.4565386	0.13486445	-0.059319489
344	0.54750455	1.3636028	1.0940755	1160.7693	10.988527	9.942105	0.0079837833	0.037120216
345	1.6594981	1.061614	2.6012839	821.68463	1.7793595	1.7733108	0.06786129	-0.064104611
346	5.0216539	0.54829743	0.40002275	1150.679	26.099255	1.4713095	0.010540202	-0.15045956
347	4.0458562	0.71160568	0.85333796	2105.9679	14.502197	12.685017	-0.036773563	0.015297591
348	6.124881	0.31887224	0.98613998	4515.9728	36.104973	34.062212	0.35294627	0.041832621
349	3.890149	0.22804814	0.46601218	2087.5878	14.463148	11.365167	0.40748688	-0.30291993
350	1.9847734	-0.43976246	2.2171444	370.69207	2.0945425	1.9233595	0.013168144	-0.15940768
351	2.8542376	-1.372113	2.0895725	1193.5216	12.489941	11.339	-0.076990306	0.0072863021
352	2.0837297	-1.0536236	1.9463445	344.58575	10.713564	1.6979171	0.19476327	0.010906647
353	0.33569732	-0.020646711	1.1747123	619.97286	12.054898	9.0911092	-0.06236321	-0.018961614
354	5.7411583	-1.1560175	1.7369263	605.35173	8.5536076	8.3896407	-0.067542347	-0.10229154
355	3.4274853	-0.38102922	1.453564	5910.0779	66.053122	51.605464	0.00056760923	0.037619087
356	6.0192082	0.32579276	2.8140762	4504.2833	16.239392	13.871048	0.034420918	0.0099800521
357	4.5799044	1.154578	2.2373243	20739.128	98.646013	90.573597	0.022701035	0.044603622
358	6.1678547	-0.44927623	2.1905229	912.88725	3.3231668	1.8486227	-0.11446562	0.0063491004
359	0.083788827	1.1713533	1.6727095	1642.7106	26.053443	24.967114	0.04841163	0.068800292
360	0.21853709	1.1257725	2.6713815	975.07513	4.2802301	1.804299	-0.010702662	0.34517234
361	1.1196093	-0.56149148	1.753904	6123.4141	114.31456	88.175787	0.065475353	0.15259116
362	0.43564398	1.2644391	2.6160805	3633.2831	71.167441	47.98702	-0.0044546721	-0.13337932
363	4.5999699	0.53875362	1.0704698	1439.9742	11.561323	11.124466	0.053625119	0.0049101619
364	4.4665121	1.5113202	0.46527255	468.68113	2.0727892	1.4748802	-0.093264754	0.0012412953
365	3.8550586	-0.91841919	0.65629035	2810.5397	13.525951	12.807175	-0.045739567	0.10173681
366	3.5914366	0.5435096	3.0924724	1230.9988	10.656618	10.313299	0.053977594	-0.0079073555
367	5.815079	0.86250773	2.1591754	1561.5592	12.55184	8.5979627	0.0068213652	-0.0096310427
368	3.1742271	1.1452001	2.7364724	1824.9589	14.094964	13.797807	0.14801725	-0.059474078
369	0.90179615	-0.5412702	2.8680232	2961.5163	18.151134	10.644053	0.26227399	0.038443919
370	2.3545364	0.95296988	0.51816305	583.6475	12.215828	10.914712	0.28093754	0.13442674
371	0.20909548	0.94422598	0.22901688	2403.1474	33.793351	13.522115	0.11559203	0.052848577
372	5.3870066	0.020534414	0.66238736	6279.6812	57.698226	53.096945	0.11517317	-0.050081107
373	1.7002608	1.0832272	2.427301	1553.2313	15.855155	12.29202	-0.12263736	0.16109242
374	1.2521076	0.098749971	2.1857039	5825.5523	68.738566	62.819775	-0.00025416309	-0.018398816
375	4.5112644	-0.79986687	0.67625248	897.05147	1.6451251	1.6279331	0.062149192	0.076494382
376	3.2906154	0.20981153	0.29760488	1574.7256	37.611248	28.818557	0.04787522	0.39705676
377	3.4672691	-0.85035293	2.7682958	1150.3017	11.626605	10.587054	0.24473929	0.24789882
378	4.1432968	-0.19218473	0.95567887	2605.9241	44.4527	35.457352	0.11151863	-0.019730403
379	4.9549885	0.15341756	0.72364997	3420.7493	44.778263	23.642166	-0.015993793	0.089633125
380	1.1501029	1.0190226	2.5733555	3653.0158	35.939576	29.554616	0.006631769	0.011487329
381	5.8180405	0.1684631	2.3258983	350.36547	1.9909606	1.6465788	-0.12464184	-0.2932573
382	2.5158299	1.1590846	2.9096374	10150.682	51.492467	46.75524	-0.023648162	0.031732369
383	2.5131389	1.3370488	2.1978173	5544.8685	63.504483	44.242222	0.052686739	0.046975288
384	2.0731396	-0.13603457	2.9611289	2682.4367	12.871009	12.761863	0.024421234	-0.31598997
385	4.615312	-0.098619739	2.8288717	3279.0329	23.242531	15.450421	0.010961748	0.018482969
386	0.13819433	0.52349043	0.16069659	286.89513	1.6962968	1.5553091	-0.00042398015	-0.011354773
387	5.2835385	0.76284322	2.6222583	4860.3424	58.513328	28.773359	0.046711765	0.11640793
388	6.1379191	-0.066399513	0.54544	4698.7973	60.739388	47.453991	0.00056760923	0.037619087
389	4.035696	-0.82441588	2.7671291	1990.9302	8.9530031	5.809278	0.16591644	0.12124801
390	5.5125386	0.68244402	2.0937729	1616.1374	23.175959	13.615937	-0.1063466	0.032057863
391	5.9499405	-0.5677146	2.6785758	740.59172	22.098987	7.8126062	-0.096864208	0.084081819
392	3.423513	-0.026274471	1.5486409	1682.0103	40.190154	29.644139	0.050385851	0.00016290326
393	5.759842	1.3222398	0.51433026	946.67484	9.8271451	9.0755271	0.20210759	0.015197625
394	6.1613614	1.2003636	0.87541519	814.06116	6.8964114	2.0167586	-0.10047176	0.062260032
395	4.1267191	-0.39253286	1.0204712	449.13619	1.8979196	1.4307861	0.053849036	-0.023015186
396	1.1666895	-0.94405749	2.6344789	2826.0453	9.7639761	6.9563545	0.16075975	-0.11774634
397	5.6342011	0.17751133	1.1612987	6794.0217	56.361838	54.70163	0.093884461	0.016366862
398	3.7334975	0.94447794	2.8060581	1461.8887	3.6141077	3.4981145	0.10563475	-0.28463249
399	5.0977616	-0.51182684	1.7509298	4227.1974	90.118375	66.178693	0.013506072	0.018533373
400	5.794738	-0.50127776	1.3986723	1089.3936	17.218954	16.692752	0.13061245	0.034810824
401	2.6884384	-0.61425393	0.52631538	6288.2431	39.422357	19.956184	0.11011857	-0.1180051
402	2.9191443	0.54477925	1.9876166	1842.5424	53.165637	44.45044	0.049725496	-0.091002996
403	4.514156	-0.7876777	2.0662059	2586.2471	14.152788	13.527665	0.26421435	0.095945958
404	3.2631229	-0.8625065	2.8808347	7720.5369	61.236264	46.920558	0.04787522	0.39705676
405	1.69298	0.50470551	0.91760264	10649.743	110.23679	83.885772	0.097409521	0.070827978
406	4.1688856	0.23967323	2.4487704	1836.1487	13.048081	11.558964	0.044974203	-0.0061629559
407	4.9231068	1.0123007	0.88369587	5749.2638	57.120798	55.20832	0.13954764	0.13467653
408	3.143699	-0.26866687	0.70167833	1032.3663	9.7083321	8.7736781	0.62594482	0.12009264
409	1.5746894	0.28869413	2.1833689	682.2478	45.897444	33.939333	0.25025635	-0.63767928
410	5.5770734	-0.87151446	2.4687739	453.33915	10.634732	9.2563643	0.027665674	0.82407893
411	2.9851761	-0.45654062	1.6609667	2912.8931	60.740354	34.50891	0.010636527	-0.3994506
412	3.4575488	-0.27043984	2.5155257	1642.0404	40.156774	37.805897	0.31952388	0.348389
413	0.10854411	0.79729825	1.9728082	6295.5021	53.91154	48.53785	0.0076438484	0.0075086614
414	3.9608653	-0.86938698	2.8670044	3002.2487	14.704986	11.135411	-0.0072190134	0.035821343
415	5.9414661	0.31373838	1.3371663	2564.2715	42.513178	34.343092	-0.016035958	0.07232649
416	3.0900925	-0.69394974	2.450181	3449.7181	16.214093	12.75857	0.54409534	0.003415825
417	1.011469	-0.17408139	2.5619505	983.09718	3.1235318	1.9149723	0.15980745	0.21932864
418	1.2447544	-0.22823967	2.2947819	301.10462	1.9347589	1.4300129	0.043132677	-0.081127302
419	0.0160638	0.58907076	0.69879774	8485.4633	39.158323	26.635502	0.029316568	0.048925267
420	3.1695342	-0.29969188	0.27127156	311.07655	8.5402119	1.2809679	0.19623594	-0.023182957
421	0.55523089	0.19293989	1.2469928	2862.9972	119.64633	37.162021	0.095298006	-0.043416286
422	0.27864021	-0.43280232	2.4486252	3543.3971	21.969155	16.268945	0.089209285	-0.1047143
423	4.5402292	0.67857915	0.54611894	6416.8108	56.252234	53.327193	-0.04058025	-0.00098794612
424	4.0282001	0.49709111	0.76356023	4769.684	88.999097	30.407886	-0.062081546	-0.18519443
425	4.0821543	-0.38097097	0.53826111	3288.6904	46.818977	25.831246	0.31871707	0.049298875
426	1.5307664	1.0476795	2.6346606	799.85934	2.0787272	1.5505016	0.055649615	0.00024401299
427	3.5518965	0.65717435	3.0211558	4004.4783	17.56351	13.28252	-0.011645743	0.16168629
428	1.7670971	-1.2960272	0.475035	2479.2356	11.262246	11.224025	0.0047659333	0.034622324
429	1.9610587	0.36881197	2.2291221	505.27963	1.309979	1.2917075	-0.26602838	0.058920786
430	4.434116	1.1765854	1.5850652	4442.1074	55.285624	50.020169	-0.0014462347	-0.0023029681
431	5.543241	-0.63965717	2.7647883	1389.0586	12.217833	11.872684	0.16409713	0.28446579
432	0.92396837	0.63363435	0.68974115	1578.2957	37.799672	12.577673	-0.049662353	-0.092305361
433	3.3469787	-1.1772166	0.31501561	4410.2174	58.85017	17.668495	0.091453537	0.39680281
434	2.2256602	0.77597166	2.1808933	1379.1673	11.074767	10.803683	-0.011324156	0.0062223311
435	5.4402539	0.50745755	2.3896553	550.13946	2.4268539	1.6689078	0.024645024	-0.033666743
436	4.8297306	0.38349331	0.58630576	1922.5142	25.312999	16.059756	0.013842617	-0.35712384
437	1.1759177	-0.3454733	2.6293194	21661.57	119.10119	87.258781	0.056042574	0.28222126
438	0.75271252	-0.36065046	0.67329241	2880.2307	48.116958	38.577251	0.0320572	-0.048787992
439	4.8885942	-0.010369219	0.85339199	1351.9274	32.405324	26.093274	0.097844383	0.061315211
440	6.1550466	-0.10694621	2.5411966	9143.2813	48.080706	44.145539	0.28369857	-0.012604133
441	0.49425428	-0.27872384	2.4760497	249.22491	3.4570702	2.4471407	-0.095255221	-0.016489073
442	4.059068	0.89894877	0.48923489	8044.1974	31.646283	21.355862	-0.0095862908	-0.01433232
443	3.8724051	-1.031303	0.96674744	995.44777	41.237796	37.376183	-0.070747061	0.054358667
444	4.4988469	-0.22742186	2.1587308	1089.4597	9.7266903	8.5031719	0.029216238	-0.08216222
445	2.8446543	1.2553389	0.88262063	4200.3856	26.957325	17.395195	-0.023795942	-0.012116827
446	2.1565047	-1.0587024	1.269181	955.828	37.872668	30.550009	0.1076572	0.01670993
447	5.375266	-0.43751509	2.6196808	6958.2105	72.114695	50.45094	0.10238268	-0.020992743
448	4.6929644	-1.2154043	1.9058593	230.73223	1.4731959	1.2769981	0.083642958	0.05893413
449	5.6810439	-0.24584093	3.0383886	2854.4352	46.506054	8.6287535	-0.0068194036	0.20824649
450	1.135413	0.57675454	0.82845971	4940.1833	16.297364	14.656166	0.1780627	0.11613393
451	1.3302865	0.48721734	2.3204395	4059.4311	46.612147	25.845804	0.12337184	0.023358632
452	5.5457	-0.2806893	2.8120407	3281.9672	14.996774	12.054009	0.016369044	0.23190667
453	5.1044055	-0.68593057	2.6000089	3577.3921	16.019896	12.723604	-0.25604799	-0.0029035458
454	2.599089	0.55214504	1.9524153	7183.7442	74.949866	72.861034	-0.057637084	0.049274145
455	1.5551348	0.68143522	0.619	1685.0367	12.713071	10.393899	0.049483955	-0.034863403
456	0.99299464	0.3905491	0.63031424	97.308444	1.4311248	1.3023349	0.0041900277	0.0022740975
457	4.3071662	-0.71540193	1.8330854	216.18099	1.6210647	1.4303652	0.023771981	0.14423088
458	0.57514524	0.78474566	2.8417872	4554.4333	14.112727	12.534333	0.040251278	-0.19798038
459	4.4061743	0.44361371	2.2634365	5229.5743	41.551758	17.191545	0.0061091414	0.0013271694
460	6.1935309	-0.73057943	0.268693	18075.216	108.19033	107.3803	0.16519809	0.012156198
461	5.7744174	-0.99132282	0.53870823	14234.843	98.077173	92.984882	0.014058609	-0.016900419
462	0.44192304	0.40329209	2.4228569	1976.3157	13.292674	12.947177	0.01164884	0.014844764
463	2.2294591	0.48168293	0.2798864	7650.7115	31.317258	21.335672	0.0845787	0.30532511
464	0.20137373	0.56200512	1.5875817	4148.2123	61.365839	58.543642	0.30284142	0.058058163
465	5.203054	-1.380322	2.513084	7837.1858	49.346822	41.949666	0.19636527	-0.0059898193
466	4.5719603	0.18239625	2.7323827	855.39146	9.300288	1.3556814	0.16556041	-0.13051383
467	0.28004678	-0.19792	3.0959283	8161.7553	47.787057	43.020019	-0.070559356	-0.10237596
468	2.4726894	-0.89003317	0.72008145	371.05855	4.2599231	1.5917139	-0.2732259	0.17244082
469	2.8337146	0.18968314	1.880962	3852.3972	46.26769	36.67252	0.02207397	0.057978038
470	1.3212172	-0.3805365	2.8365129	2390.156	134.23014	30.301373	0.0007601752	0.033421064
471	2.3319136	-0.24578845	0.84446245	186.74499	1.5340225	1.4656044	0.012190618	0.024418274
472	4.3819652	0.55443557	2.384909	5926.8822	60.76208	22.418151	0.11761056	0.092805875
473	5.9572913	0.9874931	1.0327709	8558.8896	68.484047	64.362807	-0.0005720673	0.20505066
474	2.7613357	-1.18741	0.23515207	1014.1107	11.14513	2.1523959	-0.1623295	0.14355841
475	0.46333649	0.22238644	2.2937587	1918.3594	23.380536	20.112493	-0.1599817	0.051340651
476	0.93398081	0.72392355	0.17105374	10752.827	82.972105	62.574693	0.002711965	-0.030833441
477	0.51331042	-0.38059097	2.3616815	1886.187	10.879521	10.222966	0.03497721	-0.0036001255
478	1.3001384	0.50383294	2.7438836	11231.072	142.49051	66.19181	0.23392505	-0.044090229
479	4.8053837	-0.60578449	2.3679546	802.84451	24.941723	24.191099	-0.050602911	0.33849129
480	5.3755684	-0.5124301	2.3974598	500.78173	1.657062	1.4555378	-0.025168933	0.14643812
481	0.11583446	-1.1590406	0.51681261	1497.0473	8.6994347	4.5919102	0.023344939	-0.41407165
482	1.3775609	-0.96351769	3.0089741	9882.1326	131.45883	73.86676	0.0084106143	0.017921535
483	1.9890353	-0.61188324	0.829947	7903.3571	77.708148	71.142924	0.18088895	0.094830959
484	0.15600507	1.1233334	0.61971431	9222.9878	84.539943	75.257882	0.0019749311	-0.022903559
485	5.6560177	1.3021828	0.78530953	223.52704	1.342468	1.2598594	-0.0046422378	0.031249448
486	3.2734189	0.27276567	0.93038563	2574.1372	50.333899	39.37597	0.10699872	-0.1386253
487	1.5204605	0.25123679	0.15947744	2034.3398	13.490605	12.012564	-0.27593355	0.0077087415
488	5.1369224	0.36174874	2.6737817	2603.5422	15.537705	11.715095	-0.13598294	0.05644103
489	1.1273618	0.13786416	3.0925928	2263.514	36.319634	26.310812	-0.18348252	-0.14876936
490	4.5033931	0.91068077	2.3536608	286.781	1.7885708	1.4785524	-0.0065932356	0.014023479
491	5.3055414	1.0853435	2.0411191	8326.0457	61.239699	58.040027	0.28760068	-0.18009912
492	0.7540538	-0.83267368	0.94352815	1976.8985	17.309663	13.852493	0.086294621	0.010641866
493	5.1563101	-0.43904948	2.4731285	15865.58	128.13847	98.176297	0.043230054	0.14008775
494	3.1508661	-1.0700068	0.68384791	8773.3218	93.820182	66.870528	0.02677321	0.0035032744
495	3.1584896	-0.89469486	0.094419963	4623.5493	50.27497	17.789555	0.082976947	0.31640539
496	1.8331983	0.27060885	0.63420383	1129.8734	12.203897	2.5801007	0.01045894	0.03011802
497	3.7104645	-0.79469774	2.7743012	1708.0288	11.788545	3.3099613	-0.012837796	0.07981623
498	2.7738731	-0.14923537	0.5041684	3283.8711	58.466171	50.36222	0.081075821	0.0032244765
499	0.78692014	1.0159017	1.3440186	2167.358	31.803163	30.540622	0.023839074	-0.23372751
500	4.739022	-0.23133611	0.53098505	1429.8296	9.8538827	9.6970664	0.1716619	0.05305269
501	3.3709633	-0.028351308	1.8625932	1487.4783	67.706536	61.28081	-0.039458625	-0.050792977
502	4.1876159	-0.60077864	2.5771349	4435.3679	65.618017	45.10014	0.20299811	-0.25097702
503	5.2260035	-0.6179166	3.0813155	849.12805	24.475443	3.0190267	0.0073902761	-0.087264299
504	2.3405805	0.90996315	0.46626701	2437.4239	13.932848	12.344466	-0.16243524	0.15062144
505	4.7130915	0.66073884	0.94760284	9761.9229	86.982584	62.610954	-0.17702103	0.10419621
506	3.9102393	-1.2310417	0.58933638	2695.7432	40.114083	28.25322	0.026290287	0.12899839
507	5.68873	-0.85699604	2.7247137	1117.3659	9.6333957	2.7217077	0.0033240689	0.010533857
508	0.36373373	-0.26538623	2.4102345	1544.6452	9.9621856	9.9099456	0.40072339	0.019311955
509	4.6842071	0.26274361	2.2144855	528.55169	10.200081	8.5419548	-0.056277806	0.0090966829
510	3.9505426	-0.24120906	1.1844076	886.81027	11.468239	10.473325	0.041157088	-0.069137607
511	6.2327545	0.82587335	1.1725777	497.41379	1.6997196	1.606982	0.17801882	0.16062197
512	4.1969572	-0.084871531	2.5094271	851.55597	28.669288	25.987126	0.0090490726	0.017532968
513	2.3641114	0.52125856	0.19872133	1757.2576	50.545184	11.419197	0.04962897	0.13561823
514	4.0188289	-0.36386268	0.46025618	16455.882	216.97788	116.52331	0.0057019659	0.026515788
515	0.42655099	-0.71006228	2.1071808	253.78682	10.290715	2.0185151	0.078238804	0.0032471454
516	3.4820635	-0.69165561	2.451119	3476.8948	31.2639	29.114373	0.47211326	0.11443483
517	5.9029287	-0.93722663	2.5088755	1814.1996	12.403009	1.8558185	-0.42307491	0.10963556
518	0.66148678	-0.25975481	2.4338767	819.19882	36.910802	19.479816	-0.036952385	0.053457667
519	2.847617	-0.69804951	1.9312609	2829.6695	13.090102	12.75418	0.004505527	0.0073880782
520	3.9810882	-0.85235307	2.6055072	5155.3514	30.012441	21.36223	-0.045325724	0.0068232808
521	4.795319	-0.12330361	0.76185941	8086.4066	84.156857	65.797169	0.24141415	0.063738928
522	0.89311612	0.50905978	2.3755372	3307.8449	45.954534	16.885019	0.022591613	0.019562028
523	1.7633529	-0.40477458	1.4961915	3430.1675	49.903906	45.955829	-0.12983821	-0.046776405
524	4.771074	-0.46291996	1.993649	6448.8342	62.792664	52.398072	0.082826827	0.13336035
525	1.4446454	-0.64825676	1.9951249	184.40942	2.233384	1.5926541	0.050104068	-0.033739162
526	5.4714212	-0.58679866	2.5684403	2382.8397	12.98858	8.5911316	0.028506118	0.057172717
527	0.11460254	0.17150259	1.2261628	4350.3891	58.322265	50.607172	0.0019088768	0.062653752
528	2.7289644	-0.63118883	1.4018912	2624.2005	38.593949	25.188388	0.017994724	-0.017034796
529	3.5227149	-0.63114863	0.49742876	605.87009	1.8548547	1.3485533	0.023935701	0.22241339
530	3.0990387	0.59012613	1.0550513	2152.0109	36.575815	24.441727	0.025624569	0.47900725
531	0.3907811	1.1546705	2.0332918	1192.6471	10.970213	10.834305	0.12849771	-0.083838274
532	4.3375435	-0.19699651	0.80269854	282.24455	3.5932999	1.4996852	0.0050524149	0.077669243
533	4.4885979	0.99921413	2.4138069	1864.3935	41.33501	23.910335	0.07590401	0.04572199
534	6.0148546	-0.039019943	2.5931763	3031.5692	41.050997	35.213776	0.20852562	0.041616692
535	6.0109927	0.10896362	0.46826761	13201.838	218.03602	215.3115	0.033622406	0.49116701
536	1.989205	0.66253441	0.94312892	2380.3577	13.203738	10.360646	-0.020811748	0.074367713
537	3.1995643	-0.64016912	3.0581129	3710.3584	67.197921	57.962775	0.0044939008	-0.080071883
538	2.5637491	-0.3636218	0.58070528	2658.5408	13.610739	13.488454	-0.030539172	0.43537073
539	1.8953151	-0.87674742	0.60799303	737.39872	2.7171593	1.796841	-0.0010092635	-0.093400137
540	4.8896297	0.52153913	2.8887342	8720.8797	47.90538	16.260078	0.31203183	0.057221896
541	4.5396548	0.82317154	2.59087	2936.1256	14.620915	12.295619	0.016530482	0.40713605
542	2.5516526	-0.23854882	2.668178	4765.6257	32.129223	25.903812	-0.060071829	0.13522082
543	0.60425889	1.1976022	1.7181112	1802.3279	79.984491	41.746608	0.16277118	0.05867326
544	3.2213563	-0.29770363	1.2608128	3385.1907	47.616636	35.643979	-0.21223224	-0.13123108
545	4.8824614	0.72622777	1.1325196	1477.8668	33.153419	27.699177	-0.099473194	-0.10308863
546	5.5754506	-0.31434142	0.026973184	3115.8198	68.129164	54.42479	-0.0018617442	0.049550618
547	4.1401351	-0.21920292	0.89934893	1181.7529	8.6609492	3.7041115	0.24003596	0.044349234
548	1.996607	0.47045437	2.6857297	1478.9888	39.564247	5.167803	0.11434269	-0.51669371
549	3.2479683	-0.47018967	2.6854565	2533.0949	15.256561	14.73954	0.014384388	-0.020402322
550	2.2762061	1.0423739	1.1472061	7832.4022	143.47333	59.600703	0.15347013	-0.15432238
551	6.2829798	0.20940507	0.36825906	5714.4824	108.96951	101.25162	0.27208256	0.05955792
552	5.6036994	0.99036681	0.28154378	1054.1553	11.471879	1.5310104	-0.27246901	0.022263156
553	0.2500698	0.4138741	0.73741414	1637.1665	62.89064	10.154071	-0.17469795	-0.0054233442
554	2.7939176	0.94971386	0.63529847	3875.85	13.410653	12.381929	-0.099571601	0.090274919
555	6.2312971	-1.2871927	0.70470036	2849.0127	41.657584	12.32675	0.01177434	0.063285335
556	4.630322	-0.66546776	1.1815231	138.0637	1.5997251	1.5714656	-0.049765911	0.055237984
557	4.586443	-0.13615191	2.4106487	3157.7761	69.305011	58.007152	0.25325678	-0.0017716969
558	2.990591	1.229962	2.5604995	3496.258	55.691825	16.177086	0.00028844732	0.071096277
559	1.499362	-0.55342801	0.5724454	17221.949	152.6305	111.11479	0.0046449347	-0.0063842799
560	1.7639213	0.056852286	0.36575926	1184.8429	31.169446	2.0459479	0.01617389	-0.17710874
561	5.2025643	0.065598926	2.1472934	3957.6903	46.192699	40.358591	0.0028694333	0.032658352
562	5.061662	-0.012207573	1.6858087	2719.3065	25.569497	24.799422	-0.11162648	0.70785858
563	2.1907931	0.67685328	0.43938347	3491.0759	34.300961	29.816393	0.061074777	0.1160651
564	5.7530482	-0.03562192	1.1708444	2920.0256	110.57044	102.05008	0.017482807	0.045604037
565	3.4686888	0.59415438	2.5139301	6659.8157	63.220367	62.854334	0.014212659	-0.5593231
566	4.2782149	-1.1207949	0.7376492	3162.1282	54.504854	48.516998	-0.010914274	-0.027520782
567	5.8499565	0.25710859	0.49137129	6572.9069	74.749826	45.077879	-0.01036586	0.02965129
568	3.2926093	0.64168682	3.0039235	2007.349	11.023455	9.7050005	0.095028734	0.017396843
569	3.8750381	0.28752021	0.73427381	8794.9338	103.74626	86.434693	0.15475525	0.27264069
570	2.0612686	-0.011974148	0.55749139	974.41571	3.4457763	1.6618829	0.06114407	0.060277165
571	4.1477615	-1.2366053	1.637941	592.40714	18.160628	8.9461775	-0.15796751	0.03992466
572	4.1666277	-0.76588637	0.83763645	1117.7651	2.5337945	1.9916144	0.052129413	-0.18968042
573	3.4935853	1.0858916	2.1446966	2319.8984	29.427979	13.051603	0.0067359459	0.15946768
574	3.102647	0.53755472	2.3062604	1318.0077	14.662762	11.572252	0.013953822	0.033077839
575	4.4693603	0.0060227824	0.36704139	354.00633	2.6455866	1.6383725	0.35446482	-0.24140958
576	3.2110341	0.51783779	2.1128513	5236.8455	75.916495	64.722926	0.10424933	-0.0041125028
577	6.1482374	-1.1859132	3.0131239	2464.1946	22.817709	18.707808	0.19942359	-6.7498477e-05
578	3.4011886	-0.62608437	2.0977751	5548.8349	15.79392	13.138893	0.21853417	0.17028385
579	6.2414834	1.0097754	2.3724547	2192.0329	51.69104	47.37765	-0.0032542982	-0.039436734
580	4.1121145	0.52192537	2.5874748	854.42357	10.975879	1.4651873	-0.019314068	0.043119744
581	3.3512579	0.76416599	0.59128151	6691.2515	62.978847	57.787886	0.029281538	0.0062466565
582	0.82267713	0.41752501	0.72938841	6087.9935	64.306843	58.351683	0.035252789	0.034204102
583	5.147252	-0.18359615	0.7469055	5722.1097	43.619445	34.515308	0.10445296	-0.011430394
584	1.0843792	-0.097177391	2.3331676	710.48776	9.4129262	2.2483022	0.17207968	0.0051328694
585	5.2146319	0.69286523	2.1808977	753.20021	18.598543	1.6154819	0.25962136	0.041515538
586	3.9736911	0.079419539	0.62057359	5011.6729	62.342804	47.602006	0.22807786	0.039929534
587	2.5268475	-0.51525019	2.9376329	12198.739	89.535141	60.131965	-0.049817125	0.0037987868
588	0.4464085	0.02218621	1.6945443	887.30748	104.20455	25.865663	0.4832738	0.005537587
589	1.9229274	0.88394037	0.67942516	12896.189	88.044476	86.292727	0.12015957	0.23582174
590	2.4148587	-0.31526777	2.6254873	2866.5525	26.636366	23.748555	0.085756807	-0.0072862065
591	5.0299443	-0.17637547	2.9159409	15262.117	104.76969	103.08423	0.21154893	-0.1542033
592	0.49147205	-0.14818532	2.1112503	357.32283	12.875358	8.9007115	0.17815587	0.30651213
593	5.2874336	0.74235556	2.5912139	8808.1839	69.398943	68.116385	0.11171823	0.021173659
594	3.6494425	0.49864528	3.0216989	4223.0476	54.470172	33.144941	0.034022395	0.10298013
595	1.053054	-0.53821764	1.5093879	834.21766	42.902904	37.611428	0.0086136274	0.0060119628
596	4.183276	-1.0181825	0.69793596	2578.9189	42.767119	13.209936	0.25323273	0.27425466
597	2.996719	0.22894222	0.45422027	6685.5643	48.381667	41.85212	0.54332121	0.038662742
598	2.4902331	1.033191	1.3796375	5450.2675	56.571945	38.078153	0.24184318	0.12235858
599	0.99330731	0.31368211	0.76253823	292.30442	10.481669	9.4919002	0.0096211758	0.28822079
600	0.53091729	-1.0586839	1.8736594	1357.584	18.995483	9.5865469	0.015916491	0.31012186
601	4.9609265	-0.56979029	0.70194091	668.80843	2.3753865	1.4800701	0.089580144	-0.15102488
602	4.5926392	-0.5897436	1.2318268	4893.5625	35.678994	31.594733	0.008565167	0.53462537
603	4.9518161	0.61921139	1.10712	5388.2581	118.10873	70.920284	-0.001932643	0.080977234
604	0.31008523	0.67866699	0.21784969	728.83969	2.7534342	1.6654303	-0.014821443	0.018811094
605	3.4644495	0.72962243	2.3346317	1755.8988	29.076771	25.76893	-0.27333122	-0.050129923
606	3.177116	0.91001391	2.1052924	1113.1759	42.037061	10.482786	0.088854311	0.0046258221
607	1.0580898	0.56402083	2.7755249	2065.1729	10.837465	9.2456657	0.038909426	0.37035241
608	6.1390167	-0.4820593	1.1569568	1276.3918	11.372468	5.3088213	0.19977554	-0.49782356
609	0.35711465	-0.66838927	2.6362544	11177.728	99.143368	63.053736	0.22249012	0.038603972
610	2.8894749	0.42078522	2.9249073	13361.954	85.774054	80.81603	0.20573959	0.0079171723
611	1.4172355	0.50730068	2.4716301	754.0138	11.635961	10.135744	0.03846965	0.048234377
612	4.2022346	-0.25300961	2.2662394	643.64054	33.660033	28.70942	-0.047942821	0.10413044
613	4.6597698	-0.27353027	0.33246731	1678.5402	12.359503	10.824611	0.17220382	0.042831616
614	4.1329693	0.6826008	0.58127838	713.79917	3.5501692	1.4312448	-0.011871699	-0.011015432
615	4.2870391	1.0337138	2.7344166	2842.2745	44.689502	13.461477	-0.10005478	0.017292131
616	5.3050946	-0.26090001	2.8106164	12966.357	110.34946	100.9287	0.54464606	0.26772498
617	3.3831457	-0.93989943	2.8664655	3530.4963	9.0844287	8.1485789	-0.0033180263	0.043948969
618	4.4465907	-0.52462484	2.1040702	268.97556	1.6286761	1.2798397	0.35807041	0.10401906
619	4.5152877	0.045152708	0.68811087	10367.052	102.26463	100.18646	-0.098401277	-0.018028155
620	1.3224177	0.48644085	2.8329829	3589.8322	17.958543	16.903125	0.085287313	0.073577967
621	3.3210772	0.78350765	2.2857239	2477.8471	13.610567	13.577077	0.0089622172	0.4148675
622	4.9238973	0.043088137	2.3759345	2865.9557	13.47143	12.021134	-0.0070033664	-0.018979887
623	1.4907417	-0.86200791	0.50031333	1655.9312	43.717729	17.322961	0.012616149	0.057336439
624	2.6395948	-0.43824295	2.1919185	4198.1278	76.888684	65.753411	0.56357148	-0.48448262
625	2.3719322	-0.0030564376	2.5927537	6067.6616	51.098608	46.547031	0.36715786	0.2402392
626	5.8097133	-1.3495172	0.70686531	419.12489	1.5406097	1.5328379	0.076161114	-0.13323181
627	1.1815526	-0.52718152	2.339339	2016.0173	11.538084	10.950558	0.02033873	0.012377746
628	5.2122689	-0.82154615	3.0488244	1373.3905	13.804706	11.650134	0.35673121	-0.081544234
629	2.0461988	0.33480014	1.5460222	555.64136	8.6453262	8.2427375	0.021616375	0.098406872
630	4.7100899	-0.28283277	2.2798858	1564.6309	14.748061	13.274565	0.019526068	0.11536152
631	2.4735998	-0.78602408	2.2805365	4360.4738	62.791312	45.446615	0.13740794	0.036728042
632	3.2150218	0.92762756	0.25973596	2295.55	12.74595	2.9689254	0.20797503	-0.087569548
633	5.5543881	0.014269478	2.3860952	11846.917	88.960614	69.048301	-0.0089558567	0.018844511
634	1.0884752	-1.2363343	0.14511854	3371.5036	46.475564	44.378474	0.0084744477	-0.024237049
635	4.7138318	-0.82537988	2.241278	6361.7641	53.1689	52.124137	-0.019074733	0.046593524
636	0.99306268	0.41354738	2.9388185	540.82246	9.4704032	4.4985135	-0.034422454	0.13680976
637	2.8952332	0.48482132	1.9209716	993.14002	10.936434	4.437217	-0.061427978	0.065921744
638	5.491133	0.49224921	2.7749906	10010.566	76.080643	62.724566	-0.005938331	0.010102812
639	6.1475923	-0.059411763	2.1609796	1515.7799	12.074507	11.599941	0.3161108	0.14165181
640	0.69668825	0.29216408	2.8487086	4319.3368	15.381927	14.456464	0.01773202	-0.044827814
641	4.2702184	0.41439557	1.1013178	7317.0562	158.40397	58.769786	-0.15564197	0.064206944
642	5.1459184	0.045723718	1.750668	1762.6908	41.737245	29.932774	0.074867283	0.022111568
643	3.3719573	-0.71864854	2.0946678	791.93554	9.9462712	9.2286739	-0.010145828	-0.002186327
644	1.8409766	0.64322474	0.28581747	3041.2942	53.416891	15.027089	-0.037689738	-0.012565328
645	6.1106344	0.83747799	2.4720001	1306.136	11.452565	10.482436	0.21964668	0.10442618
646	3.9508437	0.98838672	0.36394465	2195.3325	26.881195	26.253041	-0.10496675	0.10812964
647	4.8556066	-0.014287858	0.51140255	1603.3396	95.17529	11.859322	0.079294218	-0.090853296
648	3.8993908	0.15398418	0.69208192	5659.017	32.962589	24.288493	0.012895276	0.11830666
649	1.7323155	1.0728166	3.054899	560.14561	1.8841317	1.3638006	0.010984792	0.17883835
650	0.039659074	0.82135656	2.7968135	1263.8357	2.063738	1.8654191	-0.095312589	-0.19583442
651	5.7554484	-0.85682987	0.93803817	1704.1685	30.655163	23.223091	0.0029024682	0.17167851
652	4.0926606	0.38449669	2.4685996	3172.7671	35.636565	30.747294	0.028393225	0.049718603
653	1.8444305	0.28111831	3.0135931	4611.4045	17.133192	15.462577	0.12038032	0.038466759
654	4.9396989	-0.66039683	1.2584026	766.33602	3.204438	3.0218244	0.072714545	-0.096092235
655	2.2510094	-1.0005755	1.4591836	2337.8817	15.220683	14.292656	-0.014918915	-0.077402305
656	3.5162329	0.036758322	1.1401189	2157.1695	38.121326	15.261633	-0.042280276	0.24011387
657	4.4333268	0.32026769	0.86465491	4392.0085	53.741965	50.700901	0.09645358	0.080688504
658	4.2511286	-0.25237287	2.193393	1394.8965	11.447043	10.617155	0.20377523	-0.059057412
659	4.2724915	-0.017139	2.6923134	616.34489	10.92101	1.3295461	0.13358156	0.024863824
660	1.9717623	-0.6130013	0.70370752	3207.9643	15.208398	13.112771	0.1535249	-0.050328319
661	3.2399479	0.30829407	2.4524659	980.66357	16.179476	11.557572	0.0036134822	0.058790428
662	0.70721531	-0.54880427	2.0044525	1987.0467	12.67669	10.38733	0.16541149	-0.2794002
663	2.5328601	0.5042557	2.5159374	2373.018	55.404318	34.429728	0.10452532	-0.005680107
664	3.9150356	-0.51888212	2.1394089	9525.2906	167.2412	132.38385	0.0028939371	-0.39217243
665	2.8519701	-0.079743859	0.27594439	2394.6725	16.589584	9.9820046	-0.095170265	-0.015817817
666	4.6090955	0.67857893	1.3753391	2548.2697	54.549743	53.20887	-0.11787476	0.22025864
667	5.1946926	0.025057391	1.154604	2595.1047	91.541133	45.970985	0.06452668	0.23281216
668	3.187589	-0.35669254	1.8561596	2313.2316	46.068933	41.009231	0.034096877	-0.1385369
669	2.8578781	-0.089189205	2.5141562	4074.6755	56.009224	52.022941	0.22708109	-0.032320631
670	5.9633704	-0.38393272	0.38813054	664.54826	9.5713611	3.9514891	0.087277969	-0.0024149079
671	6.0747529	0.42640068	1.5546236	3082.4245	47.455384	14.023365	0.0036220597	-0.18456427
672	3.0632878	-1.272133	2.7288288	8183.0985	21.003046	19.266645	-0.0028167454	0.0015486626
673	5.6404721	0.11433737	0.35520441	7680.7212	49.644284	49.321597	0.0017458755	0.0050242579
674	5.0504573	0.92882725	0.17802614	394.09903	11.870835	2.3518924	4.6748006e-05	-0.081662011
675	5.262562	-0.57421277	0.49825425	1074.5125	45.879891	45.51911	0.077301858	-0.077776072
676	2.6506483	0.88371667	0.62186192	5909.9932	57.455255	41.746001	0.52434973	4.3582035e-05
677	5.7944858	1.1979698	2.2843594	5749.0692	65.463736	55.206044	0.17448942	0.096871877
678	3.785517	-0.28641387	2.3923889	1902.8048	36.809509	34.105078	-0.01114229	0.016056288
679	6.0532517	0.60772565	2.7062866	5231.3504	34.290511	31.684267	-0.014771421	0.19886763
680	5.7679489	0.81219497	2.2698335	2303.38	15.569346	14.858279	0.011263059	0.13325848
681	3.1428911	-0.6020751	0.23848947	1669.2951	21.694522	1.9995529	-0.078507639	0.0018531377
682	4.1117114	-0.61464683	2.2107903	2427.0806	54.460083	48.533817	0.15128446	0.0079944322
683	2.4027929	-0.57929629	0.52407159	607.59165	13.969745	7.974713	0.13945827	0.1180811
684	2.3405597	-1.1097505	0.96634115	2623.3331	12.801516	10.741642	-0.0020457091	0.085722388
685	5.1919546	0.32018884	1.8238659	15451.192	136.45867	100.44772	0.0047083264	-0.40748308
686	5.011881	-0.15408931	1.3013047	1390.9364	33.60974	31.567175	-0.060059949	0.029940931
687	2.0894482	-0.44859951	0.85665982	3698.4563	62.980123	36.870595	0.056664417	0.11544392
688	0.61392166	-0.63262557	0.7877979	1018.2009	11.359816	10.466135	-0.012439342	-0.076588331
689	2.5946174	0.24234348	0.30785224	1692.2114	13.036198	11.517458	0.0054833451	0.13473141
690	2.3901908	-0.043029291	2.190178	2161.671	20.458821	13.985554	0.36152409	0.47548841
691	4.9164424	1.3615291	0.65929349	1190.01	11.254675	10.505874	-0.011735905	0.18827579
692	0.57076351	-0.26543776	0.27121046	967.96368	10.164879	9.3543906	-0.032027482	0.062150637
693	3.4688791	0.57963148	2.1035535	1578.0349	15.253627	15.131904	-0.045366284	0.038882005
694	4.0947256	0.060145342	2.5962388	9534.5721	115.20691	86.329338	0.13048271	-0.31001437
695	4.3547234	0.90367377	2.5999067	3166.0623	18.235724	15.030682	0.32437847	-0.050695558
696	3.6338678	-0.53606121	1.3994734	308.40938	2.5248615	1.2673967	0.13157441	0.010616241
697	1.7106052	-0.832744	2.344923	1999.2876	14.357416	12.018723	0.044224796	0.14029095
698	2.6985919	-1.1184814	2.6533032	5916.9958	59.157207	47.239774	-0.039390591	-0.14648775
699	5.4450103	-0.47040831	1.298153	280.55241	7.8844289	4.7853957	0.04741063	0.027024577
700	2.8948544	-1.3359723	2.5637697	1508.1834	11.179531	9.9597239	0.22569151	0.062028216
701	4.0402091	-0.14435856	0.74287651	1208.9843	26.856353	6.0153533	0.084259093	0.21160309
702	4.1755795	-0.65361445	2.2143129	4925.1168	49.680479	49.08401	0.0096457502	0.043527104
703	1.5682129	1.3334705	2.2490435	2568.692	13.765427	13.036901	-0.063712475	0.22536438
704	1.273361	0.99710673	2.739229	6342.2699	30.346474	26.875399	-0.070491404	-0.21443136
705	5.4538014	-0.30145734	2.721945	183.01421	1.5230647	1.3645006	0.23063192	0.054776855
706	6.1021166	-0.31742553	3.0037231	1912.6269	12.264083	8.9253113	0.034719953	0.31635409
707	2.2225677	-0.59970718	0.85937048	1967.9567	18.451458	13.903608	-0.16951391	0.11081141
708	0.71452718	0.94515868	0.61755238	6165.0551	18.944588	16.539896	0.03225823	0.16067745
709	2.2059336	-0.70829357	2.7717663	11074.334	62.528852	57.244727	0.34663754	0.12073594
710	4.5005013	-0.45107112	1.0143429	503.21368	19.4586	10.063466	0.10717777	-0.043249427
711	2.5489294	-0.38773652	0.2086043	1220.5843	24.612483	23.625981	0.0099125021	0.034928531
712	5.9777386	1.1942137	2.190126	945.62801	9.9367325	3.7140337	-0.17352102	0.13642759
713	3.0363759	-0.06011234	2.2291843	1331.6806	13.497968	2.4662316	-0.34318124	0.058303001
714	5.6803275	0.14310661	0.56398014	595.62277	2.0141957	1.8323376	-0.21425837	0.011662517
715	4.026728	-0.46051489	2.0965233	406.32834	10.657404	9.0291269	0.20686583	0.19449097
716	2.0785439	-0.96352154	0.41948903	8206.3042	60.430189	20.920587	0.086887595	0.1531653
717	6.2615737	0.42665915	0.57003035	361.01016	1.7746202	1.5669004	-0.045217476	-0.12730593
718	1.272598	1.0793187	2.702976	3698.4719	34.662941	25.850036	0.053923892	-0.25668262
719	2.9541406	-0.092804521	0.80037948	1257.0109	10.144443	5.4863846	0.18489429	-0.057760164
720	2.3780467	0.16267408	0.95048292	5072.5806	41.415621	40.081525	0.25600136	0.083008704
721	3.0481756	-1.4000212	0.60942344	2658.5725	23.062174	11.77233	0.020244638	-0.040425705
722	0.089592517	-0.45955854	0.45288012	936.75057	40.640818	30.663757	0.3279451	0.012892547
723	1.3484169	-0.61740657	0.53955525	4131.6549	74.944157	61.251855	0.012157148	-0.083146573
724	2.9043026	-0.65015594	2.6664876	1024.1616	1.8461779	1.5629182	0.031776834	-0.001974421
725	3.5060518	1.4231986	2.4689504	4523.915	36.562614	16.476427	-0.19459043	-0.0060228392
726	3.3812159	-1.1281605	0.92828377	1662.1587	10.60408	9.6884268	-0.26708161	0.0035280032
727	0.35560799	0.16573815	2.875138	8577.9639	88.486733	68.247498	-0.0046843955	0.072458916
728	6.0049825	0.45243212	2.9780883	11102.32	99.066614	80.91651	0.012649675	-0.032787916
729	1.8956729	0.27741419	2.0570907	1536.2456	12.415199	11.550967	0.06936212	-0.12197337
730	0.91990892	-1.1939405	1.7891914	3399.7247	58.159109	37.980911	-0.10153281	0.022524465
731	2.0915601	-0.89701621	2.199447	244.23504	1.9906005	1.9065525	0.010082161	-0.0015948022
732	0.67792397	0.44056138	0.4616016	2767.2141	37.455858	33.930838	0.12048047	-0.13704325
733	1.150546	0.28671033	1.537002	978.44315	28.989174	10.030618	0.00080031101	0.049942012
734	3.43011	-0.11172925	2.4836146	1866.6791	14.769797	12.955334	0.10305419	0.027530476
735	6.067726	-0.78024348	0.38142093	3757.5099	96.785802	51.309488	0.06721857	-0.019913164
736	3.1593392	0.58262255	2.1459098	1229.7645	25.707214	2.8039533	0.19557451	0.095193676
737	2.3405483	-0.53257234	1.2440781	1625.4691	46.348061	14.593342	0.12409244	-0.046218952
738	2.5108088	0.82541048	1.4509567	5179.5503	69.66333	63.840367	-0.054516219	-0.047954116
739	3.2242959	1.155603	0.81360105	729.78871	10.755505	10.702553	0.37005148	0.13181447
740	3.9242148	-0.18670706	0.6875565	6181.1386	48.979937	44.355927	-0.19869696	-0.26572704
741	3.1765058	-0.5270367	2.3105534	1150.1547	10.111507	4.9583411	0.20251411	0.055563915
742	2.3270475	0.91073846	2.1236939	1258.8321	9.2496432	2.1184543	0.18776134	0.030251574
743	6.0006401	-0.28541922	0.36805089	6686.3131	63.656389	49.567205	0.048849347	0.022722297
744	0.5546788	-0.48953438	2.3696974	346.10626	10.394553	9.5688898	0.12961501	0.088610346
745	1.050904	1.0713093	2.3713311	7048.6529	46.816173	31.78202	0.48411589	-0.037642348
746	4.6751256	-0.40271448	0.50498561	409.71202	8.7667203	7.6833441	0.039915254	0.061245863
747	1.6053952	-0.32346089	2.8317546	7050.0121	61.366836	48.779778	0.10795753	0.0071633444
748	3.9022022	1.1155172	0.41696515	5260.2273	16.213579	15.203446	0.071760102	-0.12336016
749	5.1306522	-0.35679073	1.5192907	1178.1666	21.744472	14.191232	-0.29199445	-0.047374934
750	0.211591	0.51304686	2.0368904	1982.6064	38.465309	13.991819	0.099768174	-0.016589448
751	4.2959318	0.19979566	1.144445	192.41912	1.9762057	1.8172168	0.041028676	-0.18720366
752	0.83322635	0.65655251	0.57134857	7872.8892	69.024738	65.252579	0.63475952	0.020630163
753	3.5637422	-0.47187592	2.6301269	2066.8783	13.396904	6.5579277	-0.10741212	0.079615697
754	4.4472473	0.192148	1.7220324	283.82855	1.5073768	1.3071125	0.010120468	0.009051027
755	4.0142779	-0.34375191	2.3979639	1975.0842	11.07895	9.2646197	-0.22992506	0.072668415
756	5.9430526	-0.6516154	2.0199196	2426.9518	12.517166	12.007235	0.31521807	0.11237304
757	0.063556152	0.25143981	2.9791863	10739.217	83.826907	62.736312	0.20257808	0.044321596
758	0.510249	-0.20552692	2.3880468	10350.903	84.149084	81.923437	0.063901356	0.070798286
759	5.1497452	1.3252161	1.9940288	1626.4702	12.375059	12.267158	0.1219585	-0.40653349
760	5.4391291	0.81345561	1.9473139	525.77999	11.61149	9.9747955	0.073627208	-0.064481058
761	3.4805544	-0.74968881	0.75841737	2071.6356	47.166839	31.849223	0.05181237	0.38448631
762	3.5870023	-0.57718021	3.0075024	21805.75	165.48764	130.40102	0.50183464	-0.24728823
763	0.31298821	-0.022559201	2.0056855	5280.645	62.896171	47.284968	0.018304625	-0.24559077
764	1.6569981	-0.19302335	1.232738	372.65864	7.304806	3.0832619	0.034666505	0.036673605
765	6.040121	-0.63509326	0.70770855	1455.3086	10.131685	9.3453337	-0.0039278532	-0.11709134
766	6.0799118	-0.28348083	0.21943161	519.84271	2.0239272	1.490209	-0.0004397185	0.15544126
767	4.5128675	0.26242189	2.0200515	2787.6953	45.089712	41.986532	0.23963657	0.049564762
768	4.2918819	0.47519167	2.5488165	2326.4944	18.811251	6.9846539	-0.021641198	-0.1011486
769	0.86073383	0.6182576	2.3811607	1133.5738	12.384408	11.689248	-0.0091546084	0.38893775
770	3.2457841	-0.71598216	3.0473851	1112.7902	7.9067945	6.0386813	-0.10494158	0.20698126
771	1.4694763	0.29646067	2.0907685	432.19466	1.4398257	1.3617471	-0.09940846	0.092439762
772	4.1153381	1.5113044	0.5702759	4115.1222	19.610575	17.685987	0.30303105	-0.049737204
773	3.3823062	0.52123497	2.6138956	3708.7119	23.748203	16.583989	0.064232492	0.66050262
774	0.13819495	0.45497831	0.37161489	9658.3615	89.757788	67.143303	0.063025231	0.0019252848
775	4.6819183	0.58208086	1.6299548	1837.8473	11.483218	8.5652767	0.034326472	0.11548323
776	3.0822723	-0.21240366	0.76207115	1300.4044	11.759154	11.334857	0.19320165	0.031941545
777	3.043711	0.49052978	0.95072564	6871.5726	61.671458	55.046721	0.072724055	0.17179475
778	3.7236192	-0.14784227	1.1178479	1488.767	25.13265	9.9316718	0.029520737	-0.257308
779	6.204207	-0.89420389	0.61679952	326.91955	9.60216	1.3837406	-0.028147371	0.018063388
780	2.1160027	0.48096158	2.2357532	1210.6288	10.224446	9.3649624	0.15508484	-0.25163212
781	4.5384839	-0.85093237	1.2062339	1065.7709	35.302368	34.562135	-0.11133373	-0.054531884
782	1.6451937	0.63040746	3.1207486	857.52477	1.9088381	1.704115	0.14256901	0.0086091765
783	3.1274887	0.15724623	2.4409865	5128.2325	61.658353	29.979713	0.1374049	0.076481787
784	4.4001293	-0.38535585	0.88241491	623.76453	13.178039	10.011307	-0.059291302	-0.12757379
785	3.022019	-1.2910539	0.2666642	718.2973	10.319099	9.2039137	0.079924359	0.0076267258
786	4.8803355	-0.77851038	0.78191858	1412.227	12.34968	9.2415728	-0.051980098	0.30544646
787	3.3691539	0.16454227	0.33357831	4117.242	19.560287	15.984738	-0.037993123	0.34204615
788	2.0629423	-0.087430312	2.3628887	718.57135	1.5428688	1.4019421	0.016724627	0.11254233
789	4.4132194	0.19128311	0.89741303	786.50846	12.629872	12.276442	-0.037070983	-0.0053294656
790	3.0393477	0.63723572	2.2231092	3180.0114	14.495082	13.044659	0.3925786	0.038711176
791	2.633147	0.12413204	2.5605413	106.06337	2.4069058	1.33702	-0.15169373	0.040448682
792	4.9746967	-0.89534213	0.6840414	2439.1137	43.658831	33.496582	-0.085241319	-0.24982558
793	0.14005793	0.089359322	0.46654951	2437.9203	20.188654	14.533745	0.14786914	0.020127544
794	2.7421285	-0.57916898	2.0377178	3945.2721	17.690184	15.595212	0.018809537	0.058575113
795	3.9979934	-0.24246323	1.2929703	514.62397	9.9305266	7.1731276	-0.57228988	-0.1976473
796	2.6631343	0.36366443	2.9245532	2090.6398	20.781231	14.328446	0.012860897	0.022539366
797	0.94603217	-1.1300056	0.61678329	1418.4006	12.488096	10.226975	-0.45173065	0.062191963
798	1.1590886	0.48211543	2.5069676	1797.9397	12.404353	11.050287	0.09419174	0.05343529
799	2.208118	-0.84796299	1.329512	9062.0087	157.43569	141.67833	0.067288591	-0.0093694816
800	2.9574525	1.1495132	1.8806015	5719.3272	70.05939	64.780185	0.10730834	0.1185984
801	2.8250972	0.46791006	1.7692226	591.233	1.5443221	1.4259099	-0.32852984	-0.20128274
802	4.2461853	-0.41148105	0.43609032	6279.3191	70.656966	17.179183	0.020095775	-0.1352682
803	5.9360703	-0.32854715	0.68752784	14276.965	99.740555	88.016563	0.023458698	0.011173399
804	4.4948219	-0.19451857	1.208858	6694.5154	79.845301	71.070454	0.0081753648	0.037601928
805	2.8333128	0.75090868	0.79830201	12704.517	231.77398	84.981163	0.23219804	0.088580647
806	2.7515938	-0.1018146	2.7869332	1641.3289	13.306329	10.252179	0.046889355	-0.22934278
807	0.4134049	1.0364791	2.653388	3012.4614	10.484188	4.9233262	-0.12558411	0.090973344
808	5.3713979	0.76180676	2.1324761	4766.1845	55.52277	51.069443	-0.21175014	0.028981564
809	5.4504216	0.29546913	0.11279638	6385.4347	91.268216	71.609582	0.18678357	-0.0088104932
810	4.7460725	0.67899058	2.3944309	5834.641	25.686213	14.938457	-0.11959786	-0.14928931
811	1.3020722	-0.60797185	0.7486579	17634.924	124.16145	79.170131	0.27398332	0.18731676
812	5.3898359	0.28816921	2.1311039	2125.4417	11.894086	10.063337	0.29069985	-0.02999571
813	1.2572402	-0.61681939	0.5540595	9254.1455	41.4451	32.636801	0.41494988	-0.046804246
814	6.0953116	1.0848839	0.13895119	1800.3715	29.148511	2.9413184	0.0049134626	-0.054167842
815	5.0415448	-0.30847222	0.8274417	3740.7539	44.930874	33.349167	0.00085812107	0.011848283
816	0.44119433	0.66617664	2.6872433	834.54361	11.751543	3.8621569	0.2280966	-0.0030435415
817	5.9726408	0.8231891	0.23617928	3362.4725	15.313566	14.596304	0.11239769	0.010782196
818	3.0225648	0.9111069	2.1716556	313.45892	2.7091011	1.3264206	-0.0012475295	-0.09904812
819	0.84492901	0.076307209	2.7274234	675.34171	2.0536864	1.5916589	0.27719588	0.010441699
820	0.91588652	0.019689164	1.0686501	6549.6924	70.673963	70.24502	-0.0038568524	0.049410735
821	2.3533023	-0.37969	1.3157312	764.25035	10.579106	2.2861352	-0.13512187	0.13983559
822	2.2958028	1.3742785	1.2558905	5002.8366	62.801596	49.267546	0.089513894	0.07854652
823	2.1894847	1.0718997	0.46937893	2841.7695	93.753662	44.681985	0.084465716	0.3468167
824	5.0272272	0.5358003	1.6341693	2501.4089	48.806124	43.312279	0.38243064	0.087243114
825	6.2310686	-0.9063568	1.2131858	249.71698	1.7201538	1.4393948	0.05544091	0.015007681
826	4.4030138	0.21247131	2.4374911	8553.6372	75.91161	36.674896	-0.1849603	0.0090131433
827	1.1846447	0.45146109	1.6478252	387.44303	10.935934	8.362458	-0.19168743	0.31161157
828	4.8309475	0.48271194	2.2111026	2571.7329	48.129471	29.396545	-0.21373373	-0.44852178
829	1.3675755	-1.0006299	0.94988513	6353.9166	52.112127	47.620718	0.030916395	-0.021520579
830	5.5286672	0.34375006	0.58456478	6094.7432	72.93835	67.017245	-0.19716401	0.0023425578
831	2.9187676	-0.56637986	0.95092735	5622.7132	22.476249	18.634553	0.17949793	0.041025359
832	4.0460273	-0.26323312	2.8238311	569.13362	53.797747	41.121263	0.057111765	0.6652906
833	4.8735498	0.18849129	1.5734558	1773.0805	44.529367	32.119763	-0.0033055227	-0.0091033543
834	1.2838668	-0.33169758	2.0113701	6521.6673	103.53693	88.937513	0.30307415	-0.054813676
835	1.5637489	-0.077154768	0.43178142	8131.7485	51.683768	22.093329	-0.086662795	0.053433488
836	5.6026512	0.87696123	0.95561713	759.01152	2.8383324	2.0375237	0.2658253	-0.040956031
837	1.2225357	1.1169567	2.1225583	2649.3075	66.007441	50.229015	0.097409521	0.070827978
838	0.17782616	0.11457214	0.66823374	958.87294	10.902007	10.878022	-0.037993763	-0.02437211
839	4.6909396	0.85164159	2.9452504	1680.2128	5.8269735	1.7423921	-0.012702548	-0.00037566725
840	3.6763502	0.013395681	1.9857694	1216.4119	6.163143	3.0446466	-0.18670067	0.053781317
841	0.079592408	0.50023334	0.45095944	7284.8145	77.013636	74.852529	-0.034349437	-0.27698528
842	3.1478899	0.059563137	0.81622317	1106.3178	25.012799	3.4136401	0.098624996	0.26404478
843	3.2518296	0.81755431	2.8160973	1676.3298	12.19895	10.613756	-0.070248668	-0.061198398
844	4.2496029	-0.17178081	2.0640376	3502.2262	41.173752	31.989722	0.12555239	0.039263115
845	2.5160151	-0.73961762	0.40590542	11305.483	178.51334	90.778535	-0.019700522	0.096969254
846	1.0056175	0.56802561	0.51319096	1733.0968	28.146892	1.9222564	0.16584	-0.053934776
847	5.3862741	-0.18012968	0.29868852	3362.7551	17.887048	14.630538	-0.034396837	0.0038858005
848	6.159768	0.0082035921	3.0654719	2030.3858	17.990919	10.821891	-0.067348557	0.012717226
849	3.1444311	0.013695173	2.087793	1333.8839	13.130209	10.565643	0.25682889	0.006805096
850	0.022364293	-0.63885751	2.7459384	4293.694	62.452128	51.17741	0.040303655	-0.013756751
851	4.6724928	-1.1115808	2.4070907	13739.712	75.477851	59.869099	0.24077453	0.0058674375
852	2.934643	1.2001079	2.696075	1936.881	11.506109	3.7080198	0.36613871	0.24066704
853	5.5566296	1.1595098	0.30955302	4390.0506	22.873653	17.680541	-0.11075153	0.0010463664
854	2.0066968	0.46403191	0.4968426	585.54366	9.6781902	1.5271056	0.045052414	-0.078197252
855	4.3890712	-1.3543373	2.7001894	17642.893	125.37537	110.59129	0.12062858	-0.020375527
856	0.47323922	0.70118757	2.2941951	708.29652	1.9128527	1.6837661	0.040671276	-0.045510883
857	5.6090544	0.8991757	0.72801404	20089.726	113.28347	72.390596	0.33379968	-0.18006939
858	3.5356912	0.91239219	2.6975261	1936.5409	6.7115152	3.0508056	-0.021994571	0.11656794
859	2.5550234	0.62227361	0.39112015	5443.1628	16.564624	16.248897	0.038619757	0.025761847
860	1.7676266	0.32243226	2.9440642	4812.7874	53.114614	46.866947	0.12812616	0.17149139
861	0.87132843	-1.26299	2.8209395	475.30552	1.6148582	1.356256	0.15755251	-0.050677959
862	2.3886121	-1.27453	2.095128	997.10556	20.071148	10.822266	0.012034093	0.022960684
863	1.3646486	1.358309	2.213257	3327.8962	30.83803	12.067377	0.13248739	0.40067431
864	5.8660067	-0.13717197	0.6120683	7256.6931	61.452789	58.81906	0.18728103	-0.14063393
865	1.2655035	0.84816864	2.4502223	4528.9696	18.009361	16.253299	0.0062670469	0.060502099
866	4.4177959	0.58830573	2.1722789	3098.3821	33.266256	28.727772	-0.27336737	-0.26877922
867	3.7244998	0.72712191	1.2578686	1532.2915	40.779331	37.421707	0.19937012	-0.044627707
868	0.48000828	-0.75646142	0.35553918	2422.2566	11.948724	10.915149	0.00079367997	-0.37115922
869	5.3916633	1.1743087	2.6031357	1512.387	18.747441	12.099274	0.27139997	0.099566502
870	3.8497801	0.35377106	2.8750469	1312.4765	2.8380595	1.5243875	0.30888865	0.018585615
871	1.4907032	0.89354585	0.1252254	3302.5348	17.261788	13.038114	0.054945655	0.0004287196
872	3.7374568	0.02039781	1.7593361	1236.0544	11.406724	9.0230354	0.12247418	-0.042573793
873	5.2578585	-0.63876414	2.8535475	5565.3494	21.23122	18.910042	0.045085502	0.020116291
874	1.1483366	0.65592033	2.6746674	1057.5693	2.6406409	1.4718069	0.25661142	0.021418299
875	4.1394935	-0.97993761	2.9155627	1888.0878	13.952513	12.18701	0.02066568	0.077384262
876	2.3823751	0.4575622	2.9404342	154.68683	1.3824207	1.2803751	0.032296514	0.043753147
877	2.4133178	-0.96215675	2.3878735	8663.4671	61.229782	20.526412	0.29331489	0.026116999
878	6.0758814	-1.1810408	2.1894491	2212.4013	42.548683	31.012563	0.18152258	0.0211293
879	5.101589	0.23803807	2.6491702	5344.2021	81.84176	66.717352	0.18261212	0.033444339
880	2.7388425	-0.16317156	2.1099894	948.66173	27.713809	2.3444313	0.29591564	0.1123
881	2.6759855	-0.49398831	2.6531062	7543.758	60.703522	36.26216	0.02825683	-0.00082386628
882	4.5095755	-0.21962722	0.70326281	2998.1606	15.619225	13.714807	0.44020344	0.013898883
883	5.0576396	0.2160771	1.1529738	741.09863	11.128127	9.5501454	-0.059136071	0.1715059
884	2.7786131	0.90170228	0.96208751	1322.6224	12.339438	11.47824	0.00062153772	0.021244894
885	2.9134339	-0.43698906	0.40925466	6653.0116	56.027553	48.674119	0.32630765	0.35683648
886	1.6826213	1.0337428	0.68635843	472.59594	21.481197	10.205545	0.0099175235	0.073127491
887	4.6288283	-0.74478916	1.2759056	1034.9337	55.352145	22.599938	0.05298488	-0.079869522
888	6.1846504	-0.76578073	1.9226693	148.67966	1.690481	1.3328528	0.059195227	0.20505254
889	5.7095807	-0.29010677	0.87408593	8068.0458	95.474483	83.134285	0.16450249	0.0073848226
890	0.5671296	-0.61276965	1.0206154	1346.0756	32.9684	32.673854	-0.15992025	0.22380076
891	2.4127484	0.85668476	0.66356573	6853.2538	67.351972	65.33764	0.15840312	0.026225767
892	4.0452212	0.7400575	2.1895156	1237.2868	10.878821	10.451399	-0.10930912	0.029198194
893	1.4178321	0.53837744	2.8166252	3789.8214	49.382215	44.777852	0.05319183	-0.16922962
894	2.0214081	-0.5686013	2.1167961	1373.6579	18.614941	13.328007	0.011375277	-0.42231312
895	4.3040914	0.72058167	0.96638325	9472.9271	72.788749	52.113713	0.42081449	0.012177378
896	4.5321855	-0.47448373	1.4136826	1087.77	11.843616	2.501869	0.0079843406	0.0060825148
897	5.9671539	0.41040887	0.81159519	13582.04	77.496385	58.310382	0.3877361	-0.094850264
898	4.435509	-0.072134839	2.5236085	5066.384	17.776357	17.458719	-0.1544111	0.067384342
899	5.3617328	-0.77315007	0.75360097	387.50681	2.2480288	1.6289028	0.0029993756	0.0082458805
900	0.95254348	-0.261437	2.3257155	1396.1881	12.514053	11.803882	0.077285308	0.1481455
901	1.2961491	0.34983822	0.28324905	13405.229	151.39139	127.80805	-0.13412146	0.16600202
902	2.4209488	0.25307794	2.7930112	1973.0833	64.648174	44.269034	-0.038584634	0.11224544
903	1.8714068	-0.83739619	1.9264508	542.96336	14.615634	10.412513	0.19707698	0.2233292
904	1.5662661	0.1947086	0.98285283	1845.8852	35.924935	14.580065	0.14785269	0.034213324
905	2.8778173	-0.10376093	0.34833889	2400.0044	23.238109	22.842355	-0.031213412	0.0084592706
906	1.6559032	0.043282496	0.39118614	9576.4958	194.36166	92.895063	0.1129399	0.136882
907	5.7775849	0.54471899	1.3258247	733.92925	10.294702	9.2268116	0.18439739	-0.012434127
908	3.3358552	-0.55768058	0.55882003	1057.4465	11.697352	9.6945073	0.096039694	0.018690066
909	0.07688303	-1.3324574	1.9981564	559.29955	8.4888512	1.5891638	-0.12488729	0.22552125
910	3.3093231	-0.63167493	2.5312023	14511.698	76.944068	67.457206	0.013195574	0.18203693
911	3.5682247	0.68536038	2.3617676	3114.0981	19.703658	18.764031	-0.10847873	0.11006667
912	0.10956627	0.28721072	0.35077788	1891.332	13.018783	2.5164747	-0.16877267	0.059190571
913	4.3331248	0.47062267	2.1511623	1533.8033	13.740029	13.142155	0.19937649	0.0037136507
914	1.6324826	-0.048394723	0.88944171	2786.5417	17.448044	15.735687	0.30303105	-0.049737204
915	3.9974506	-0.62206045	0.71829637	5052.1837	59.402831	58.39536	0.036642817	0.067076687
916	1.9458375	-1.1716773	2.7451643	4825.4451	49.333456	23.95781	-0.016397406	-0.13467962
917	2.6924025	-0.17614531	0.73176535	1593.582	13.749787	13.461542	-0.59909021	0.039458777
918	0.61786584	0.28779469	2.7088739	4862.6344	44.03859	41.940817	0.14074728	0.21963517
919	0.49762791	-1.2203486	1.2197304	841.4653	39.490673	14.824453	0.27219926	-0.01307276
920	3.9508759	-0.96217866	0.94391951	1288.8961	10.934318	10.587667	0.024035524	0.0076927275
921	1.2667772	0.45306498	0.38758499	876.01256	3.3422989	2.4103078	0.01307927	0.069199755
922	3.6291712	0.83921097	0.81131886	217.3411	1.8350183	1.3205991	-0.068745137	0.073775226
923	4.0639381	-0.87243057	0.7387723	1844.4183	31.369827	30.320362	-0.018627415	0.061725146
924	3.3568599	0.54488349	2.2570398	1465.2191	9.496765	2.528832	-0.019430017	0.21076009
925	4.616658	0.63626485	0.37443036	6782.6645	63.694096	44.184821	-0.023947003	0.016919632
926	0.30307212	-0.56613827	3.0858395	4434.6708	18.027046	15.814885	0.039451408	0.050411336
927	1.05147	1.1079023	0.30117695	7542.7325	74.877804	37.243533	0.015481025	-0.16059811
928	5.7430524	-1.4398464	0.18471061	3539.3453	24.327603	4.8296782	0.013289685	0.073010254
929	5.9220112	0.56618785	2.1196308	356.08777	2.4550644	2.2923501	-0.0014367609	-0.054457125
930	0.55330477	-0.55504683	0.60295786	12864.968	85.936913	63.481559	-0.072856579	-0.064986231
931	0.53505879	1.1224035	0.46927923	13900.8	182.68143	182.64828	0.14710352	0.45826828
932	0.81032889	0.1318375	0.3971431	605.32933	27.93801	2.1048777	-0.053112391	0.022902677
933	0.82967233	-0.40654093	2.9688796	3256.8176	14.106619	12.645662	0.17929119	-0.16784346
934	1.7904122	0.70042458	0.73620263	2141.5738	12.466635	12.129353	0.029196713	0.4066028
935	3.9043137	0.6426612	0.38004701	2272.5227	26.717665	14.278265	0.044119412	-0.016651852
936	3.4693026	0.079527712	1.6588407	4355.4387	60.2538	57.214553	0.16168133	-0.14480967
937	5.4008004	0.91217999	1.0106413	2462.1478	40.049968	36.40187	-0.063603204	-0.17931415
938	3.1645332	1.0195467	0.70281972	5855.8927	62.671093	60.183433	0.42407358	0.081270733
939	2.4497051	-0.56983642	2.8300166	4757.0815	15.105525	14.855119	0.15613788	-0.11043475
940	4.1205142	1.2315484	2.5574267	1708.2162	12.05021	9.7142593	0.057547699	0.020173878
941	5.5530755	0.096161607	2.8228582	1143.1063	3.6417353	1.6522741	0.026506554	-0.0011274902
942	1.1116094	0.90339726	0.55622382	1694.9686	12.366324	9.9246385	-0.011662872	0.04392192
943	2.6894911	0.64489384	2.4759768	257.36361	1.5603696	1.2707918	-0.020627786	0.27440146
944	1.8543926	0.77416535	2.4142299	2709.1539	13.10733	12.044837	0.02522166	0.19751634
945	5.1759748	-0.099448139	2.1907482	948.97363	20.03288	16.140297	-0.18083227	0.083223803
946	3.2540009	0.42559338	1.220461	1265.4552	9.3348369	3.6625046	-0.036506891	0.0017847184
947	2.6571464	-0.18729146	2.6980512	459.83075	1.4800178	1.4371854	0.033245824	0.13096257
948	0.37486765	-0.10322196	2.1710426	258.04402	1.4668585	1.4664412	0.042450233	0.039341523
949	3.7067353	0.39907447	0.85256067	1701.2208	12.366376	11.951145	0.0013837378	0.022188452
950	0.028693432	-1.0145583	2.400182	12103.264	95.827584	64.868371	0.14772294	0.10009187
951	5.8143355	-0.16792691	2.3596075	1526.8453	103.84127	92.546876	-0.06837644	0.039616376
952	0.89359382	1.2113593	0.89991713	3934.8934	38.122182	25.730897	0.011298234	0.35233695
953	2.4041216	0.10705522	2.8642039	2201.4208	11.467951	10.597529	0.086329291	0.083261245
954	4.885633	-0.5352996	2.9131828	5919.8714	135.30928	73.276618	-0.16187796	0.10885462
955	5.1530493	0.43778613	0.58351144	3105.7016	13.785471	8.7170397	0.0051425846	0.047659631
956	5.0870468	1.0876069	1.0481029	1051.5161	63.723632	33.384857	-0.0099915385	0.081056738
957	1.2790212	0.62251984	0.92001559	500.56412	11.246809	9.4919877	0.22406172	-0.033207773
958	4.1587633	-0.80005796	0.85077756	846.11358	4.0859614	1.801679	-0.069014632	0.02742985
959	4.7102745	0.26674113	1.8569356	311.83322	2.1721932	1.2592729	-0.0030103423	0.070190894
960	0.62200895	0.26927735	1.5527052	5986.443	84.045117	58.515871	-0.14431669	0.16997679
961	4.0361171	-0.72863603	2.1609398	1771.7901	46.356668	35.418254	0.04795587	0.042383866
962	0.57647477	0.97924433	0.93557624	515.60771	10.893721	9.3413655	-0.11562493	0.03480191
963	5.5800625	1.3611146	2.3524326	2146.0201	10.699239	8.966788	-0.075088232	-0.0030259676
964	4.201228	0.4065853	2.17405	1218.3298	9.7397851	2.5661992	0.11899783	0.01971411
965	3.5018276	-0.94549819	2.2911755	2318.5575	12.459791	12.135401	0.22928674	0.0040153269
966	6.2134514	-0.9907208	1.8292855	332.9032	2.4169788	1.3657325	0.040521507	0.1398661
967	1.1754158	0.96607417	2.5333043	8556.4663	56.210519	50.745073	0.046713695	0.16532091
968	4.8978099	0.68216227	2.5767781	648.5504	30.107878	9.8744142	-0.012226956	-0.0071020051
969	3.157163	1.1365308	0.68297866	2832.8946	27.501639	12.790545	0.024546921	-0.053422157
970	4.7685348	-1.0641022	2.4175315	557.76005	9.2644279	8.533831	0.051637071	-0.16270024
971	4.572293	1.4468752	2.7608058	677.18549	41.449589	1.7439106	-0.0081251615	-0.014298365
972	4.5250767	-0.70461986	2.8472076	1229.1618	10.941912	9.6183926	0.39348917	0.025612597
973	2.6373251	0.35465756	0.50894471	5169.7329	50.091925	35.858384	-0.13884043	-0.13117179
974	3.4077051	0.48160055	1.3225086	5572.0441	69.261342	63.92545	0.021430516	0.092481978
975	3.9899779	0.26859038	0.84602393	9345.0807	198.44026	80.403686	0.0025811987	-0.089380539
976	1.1598789	-0.6308392	1.0702395	361.0077	48.185653	2.2335255	0.19428048	0.011237379
977	5.0130246	-0.82325238	0.89651814	2839.8207	11.405177	10.849134	-0.0070224683	5.978179e-05
978	4.5075235	-1.194887	0.96659374	3483.9227	59.112876	44.893684	0.14819729	0.11560471
979	0.018124978	-1.2770772	2.7210534	3157.3539	14.765248	13.869296	-0.13874355	0.01942607
980	3.0926757	0.91906425	0.89415169	2907.8682	64.45834	62.560272	0.018848867	0.073012274
981	4.8035757	-0.9391254	2.6665568	10140.254	56.070042	26.268557	0.18064072	-0.14259034
982	4.7989506	-0.20188065	1.6193586	558.28029	10.121542	9.3270335	-0.24946651	0.12723217
983	2.6005597	-1.1615048	0.17068243	10201.092	41.71818	26.037122	0.085258749	-0.011496534
984	2.9489061	1.3296091	1.1513706	2457.4512	14.004827	13.487697	0.0053457609	-0.00083632345
985	4.5311682	0.66110564	2.542477	2226.891	35.621747	30.651743	0.026994267	-0.0074329791
986	1.8427765	-0.35255103	2.38008	660.93176	1.4729386	1.394536	0.11570825	-0.12840034
987	3.7087537	1.0274509	0.81223528	7731.2345	143.39117	78.828811	0.055899148	0.029788016
988	3.5253558	0.26452986	1.9940587	2616.0757	47.514256	46.911373	-0.035261981	0.0049970875
989	0.77020674	0.90846115	2.5706382	2335.1556	29.049536	13.030095	0.016013937	0.14975807
990	5.660963	-0.21930678	2.2463121	11677.391	102.65294	96.310268	0.0075445352	0.29318502
991	4.329627	-1.4532822	0.68551306	2499.3809	52.503372	43.66675	-0.025124398	-0.009760763
992	1.8465272	-0.7417613	2.9284273	926.557	2.3358863	1.6289072	0.022283253	-0.019482457
993	1.2626073	-0.70052987	2.2829432	4424.4433	113.18833	111.63909	0.3901848	0.15390693
994	4.1257805	0.18487654	0.27382598	8665.2911	84.299635	40.19848	0.26332938	-0.024527987
995	2.4255117	0.28127571	2.8519114	6217.747	54.815776	48.037301	-0.41617079	0.063093993
996	1.5419445	-0.078265952	2.7381877	1214.8153	5.3781679	4.9449932	0.19065073	0.077938711
997	2.7237348	-0.57933598	1.1516588	522.1855	12.331418	1.5252661	0.011549552	0.038015804
998	3.8370101	1.5078159	0.51154286	9053.486	67.426361	41.513849	-0.046921105	0.0106336
999	3.2083675	1.0713004	2.8626429	2619.1805	12.64679	3.7443371	0.098551572	0.09588549
1000	4.232707	0.62530562	1.0275107	258.25681	1.4671616	1.3516644	-0.026855455	0.0038668221
1001	4.2995636	0.41852874	0.82579556	1272.7853	11.586996	9.8890364	0.18206391	0.3221693
1002	0.39083333	0.5988149	2.9912492	12932.439	57.464158	56.833588	0.085030678	0.51889231
1003	3.142178	-0.53225065	2.8764201	2813.0888	15.217019	13.858853	-0.33414981	0.16709933
1004	6.178405	0.5991619	0.54731608	7536.6204	56.882182	54.151805	0.21345972	0.0053204431
1005	0.6495101	-0.38589046	2.1440054	1893.3839	34.584683	15.643768	-0.20059543	0.045403759
1006	4.7738332	1.1096887	1.8315172	6955.3117	62.066441	58.432918	0.31952388	0.348389
1007	5.9243265	-0.86934023	1.879404	200.12019	1.5824349	1.4725139	-0.00011809014	-0.0086791392
1008	5.8833222	0.56875573	2.027878	836.78456	64.461706	58.870064	-0.1091604	0.10306642
1009	2.0987188	0.022804441	1.2141549	463.42686	1.7597295	1.6210918	0.18217023	-0.20052012
1010	2.0726735	-0.30837388	2.7668368	2219.5238	13.498063	11.711627	0.0084870507	-0.0086602429
1011	1.0939442	-0.13894979	0.38054824	6162.0841	21.66945	21.27776	0.0043889106	-0.0061877172
1012	0.41682975	0.38745164	1.7061854	1686.7718	23.726141	15.286242	-0.19785239	0.12647911
1013	6.002164	1.1587567	2.9590777	560.2583	9.7318581	9.6508145	-0.038549641	0.011186707
1014	4.1407166	0.94896351	0.32305027	30941.969	177.5494	126.5568	0.50254181	0.029338608
1015	0.1711706	0.69269465	1.0122713	711.75119	10.424468	3.2396698	0.09571021	0.11282471
1016	2.0717915	-0.06868436	2.5735971	3414.6516	46.520137	40.042004	0.04262101	0.15772881
1017	5.4467005	-0.075694838	0.47992033	1040.5853	3.8104482	3.4682653	0.2010367	0.12051063
1018	5.5881172	-0.041354191	0.85029998	2169.2292	29.68262	21.50613	0.00097416564	0.33048824
1019	4.5415343	0.52074527	0.2439262	10953.058	70.096764	62.384221	0.16751914	0.044339445
1020	1.8461695	0.15599487	2.9372222	267.65035	1.6454252	1.3048836	0.11983117	-0.020484792
1021	3.4441906	-0.26911312	0.89335605	5093.1895	55.444352	40.449742	0.098275825	0.031653181
1022	3.0133291	0.31479657	2.3705239	3232.9298	14.024431	5.9151329	-0.018084554	-0.091609655
1023	3.1396323	-0.87597512	0.70496497	9148.875	58.492783	36.76099	0.1712408	0.038426769
1024	4.2940118	0.96760291	2.7897004	5983.4241	59.59403	41.889823	0.052788378	-0.060609042
1025	5.2651169	-0.8831334	1.2928593	1050.3905	14.648904	4.2746954	0.015839564	0.60343986
1026	4.1635911	0.38218711	1.7863056	507.2302	11.835126	1.3958673	0.048308222	0.0093321715
1027	1.9551008	0.518734	2.0087475	3418.8868	30.273238	14.485586	0.20528722	-0.027144009
1028	0.019492982	-1.3919079	1.6259183	789.0378	10.810597	10.265718	0.10054692	0.17039478
1029	0.095558768	0.29459664	0.6806123	2182.4312	14.506989	11.577357	-0.4610265	0.32290774
1030	3.9089746	-0.66672438	0.77339487	422.84811	1.5143184	1.4339547	0.17724322	0.082525875
1031	4.8158218	-0.51474442	0.45387181	7507.2072	95.68263	76.445528	0.47954071	0.10881824
1032	1.5866984	-1.0588393	2.0355359	372.45087	8.7205535	2.3828808	-0.034271945	0.30801585
1033	2.7067867	-0.78608123	0.79691511	9444.8806	70.280097	59.616173	0.25511744	0.31595288
1034	4.3346626	-0.71549329	2.6563139	1193.7656	12.149365	11.176608	0.069678269	0.031973657
1035	0.14698029	-0.5982405	0.51957898	4902.0376	17.183235	13.046185	-0.23947197	0.36315775
1036	6.1738417	-1.0294137	2.6586846	1371.5346	11.149741	9.0063742	0.090465154	0.13105491
1037	0.13192088	0.62811023	1.8461451	3345.9862	55.37653	28.583946	0.17249745	-0.089347014
1038	4.5994983	-1.2201822	2.8725607	7431.698	75.756816	62.510273	0.017239328	-0.068859041
1039	4.04471	1.3062338	1.7350605	3466.4917	55.322175	54.68047	-0.019930203	-0.18859279
1040	4.4723815	0.99344771	2.8210004	1126.9562	32.228086	4.1696021	0.010334068	0.048583871
1041	2.7588331	-0.94735938	0.81253805	1631.7944	13.150547	12.072872	0.002520948	0.088923029
1042	6.2277554	-0.48514323	0.32547225	4444.3994	17.407699	16.645319	0.086209252	0.007661322
1043	1.1130122	0.19850325	2.515728	1126.4834	11.279509	1.8369662	-0.019878314	-0.00461266
1044	4.0221462	0.35624952	2.0370087	192.26564	1.4183066	1.3288568	0.22438304	0.020349672
1045	5.3120013	-0.88826985	0.71954088	2109.1185	9.1840093	5.4139168	-0.10802865	0.011580079
1046	0.23418153	-0.055906998	0.41835642	2134.535	11.966836	10.966948	0.19526396	0.19385164
1047	5.3722069	-0.3935432	0.50058793	637.91625	9.6322107	1.8935144	0.34902318	0.12038597
1048	1.2493916	0.44509412	0.3135953	1812.0389	21.34605	10.682111	0.0035760713	-0.011687481
1049	2.8926328	1.2791056	2.854603	1445.0322	8.0574503	2.0057397	0.07681878	-0.0040248955
1050	0.4809956	0.66871836	1.0280965	1934.6645	39.761518	35.939984	0.095750684	-0.39714372
1051	4.4864498	0.99039837	1.7635709	831.10149	14.583306	10.125095	-0.082748584	0.0052359261
1052	5.4321642	0.50235535	0.67506962	2958.3608	61.825853	54.785823	0.082843222	0.4433858
1053	5.9706219	0.15983353	2.4119898	2451.7734	21.614215	13.484865	0.88927239	0.13980061
1054	3.7024693	-1.2881694	1.1056862	2907.1397	87.712317	49.83289	0.022676719	-0.10594402
1055	2.8580764	0.42282944	2.8636219	3891.8973	29.342075	16.945032	-0.21871171	0.30982978
1056	4.5649069	-1.0674127	1.8564369	3031.7413	46.055586	38.326781	0.012238038	0.20643559
1057	1.5840291	-0.73437898	2.4075872	2262.3421	51.241048	46.828895	-0.00025416309	-0.018398816
1058	3.566673	0.36371943	0.69440352	606.16223	2.3112723	1.4307548	0.23899476	0.038841897
1059	4.7885851	-0.66115509	2.409628	4027.071	48.457003	46.949199	-0.063683806	0.25686408
1060	2.960476	1.1950413	0.84156371	2040.0082	13.669299	13.27427	-0.0055245782	0.41212551
1061	0.22304293	-0.39380809	0.90406574	2473.4503	14.32761	3.3666372	0.097655647	-0.0044110631
1062	2.7281858	-0.67445402	2.4788523	6781.7562	54.41931	50.841934	0.010904789	-0.025956448
1063	0.54318464	0.30527262	0.61939604	11888.694	84.174929	79.929895	0.13016301	0.11088691
1064	2.6405742	0.77483152	2.7239701	6068.2023	16.189965	16.017751	0.017141417	0.50100059
1065	2.7097384	-0.47263614	2.087052	621.6361	9.2221364	2.5580806	-0.01360383	-0.0093846071
1066	0.97033039	0.69175932	0.59217515	3346.8307	43.75174	41.670469	0.18009226	-0.030598306
1067	4.1087333	1.2912525	2.6376931	2294.5373	12.203839	10.362742	-0.0015739375	0.079489201
1068	0.44306987	0.083199332	2.6901986	3074.8265	26.92357	19.569322	0.018339045	-0.21384507
1069	5.6551027	0.96490826	2.7897837	5632.8222	58.530893	19.113096	-0.063999602	-0.016570708
1070	2.8993238	0.062378186	1.781256	1134.8017	10.103376	8.4917452	0.013270526	-0.15091026
1071	5.1694857	0.088509978	2.8720752	6214.8813	86.800309	70.941887	0.012157148	-0.083146573
1072	2.5245025	0.7896899	0.6513718	3202.4787	14.588034	11.724327	0.025429581	-0.0027139947
1073	6.1793294	-1.0586067	1.6060316	216.67279	1.7016688	1.4549732	0.028703917	0.0012527621
1074	4.7995471	-0.59475952	2.9055615	673.75867	1.9252672	1.6443116	-0.21906373	0.012879228
1075	0.32582223	-0.017280276	1.2009672	4923.8645	58.530534	56.560708	-0.020678164	0.061091929
1076	6.1804621	-1.0563715	2.0634128	3268.21	52.529422	47.037356	-0.028128337	0.01846397
1077	2.1782159	-0.1993409	1.0274183	127.22085	1.7803781	1.597693	-0.17544895	0.042919086
1078	4.6915364	-0.12786469	2.1086141	4881.4859	61.737994	57.739891	-0.0045032048	0.22671865
1079	5.4411679	0.20886435	2.1967134	4781.472	100.48463	87.874973	0.070244545	0.07493633
1080	4.5056885	0.96536753	2.1833497	2862.073	13.855557	10.436372	-0.29877799	0.14577796
1081	2.7443426	-0.9692688	0.60847951	5616.8487	18.66454	18.240057	0.27484305	-0.054300966
1082	5.3504014	0.67241471	1.5031451	326.04559	9.3266374	1.7234723	0.019026364	-0.19681438
1083	0.58855637	0.18317254	0.93394328	1659.3781	12.091286	11.573815	0.0060178223	0.096479513
1084	3.5230081	0.57768692	0.84879571	1438.2795	12.297107	10.363294	0.0030741176	0.0087371897
1085	2.6281548	-0.68541831	2.8203825	199.16617	1.4426442	1.3878289	-0.0019740699	-0.046988999
1086	5.373806	-1.0894667	0.88373093	2634.1041	110.21374	46.91002	-0.075021319	0.029957199
1087	3.1058809	0.17304523	2.0586498	2605.8497	12.566027	12.475427	0.081289806	0.03030023
1088	0.83166548	0.59349666	0.86128525	1889.3312	16.10613	4.6551138	-0.011803494	0.036075978
1089	1.945415	-0.22953921	1.071389	428.04996	10.060295	8.7402267	0.022359283	-0.032409956
1090	1.2759074	-0.23680062	0.5275834	2201.8059	12.357807	11.659902	-0.025175284	-0.11581153
1091	4.5889131	-1.3497708	0.72850416	1013.6392	6.4970088	3.5111501	0.037355617	0.015903306
1092	2.7925819	-0.49970798	2.3461313	3321.02	54.440889	53.363599	0.04950036	0.19738825
1093	4.8026921	0.59182632	1.1736517	1489.6609	12.312668	11.116188	0.094004449	0.19652284
1094	2.6783915	0.49480351	2.9559658	1491.0492	10.122718	8.2898603	0.17702213	0.09835604
1095	5.3402514	0.33395119	0.44391008	760.93916	10.18038	8.1914107	0.024124116	0.030322225
1096	2.485102	1.1266097	2.4803078	1451.5019	43.552067	4.0640399	0.2734236	0.22960943
1097	5.3195672	0.71710996	2.3884778	6236.1753	71.630819	54.17075	0.0030716229	0.31968156
1098	6.2072963	-0.84186279	2.9961211	23642.939	152.99669	99.15916	0.28510228	0.18783022
1099	1.0871927	-0.54084449	2.1621087	3354.3472	50.396071	36.860759	0.076751738	0.22223651
1100	5.1163111	-0.7312486	0.8919027	4402.2665	54.970612	49.53988	-0.067837105	-0.10303804
1101	0.95454499	-0.58714599	1.107651	3976.1112	25.599995	15.798879	0.19078891	0.095620474
1102	1.1157906	-0.14702712	0.5323676	8606.2008	141.91934	76.660977	0.21048756	0.019712421
1103	5.6404465	-0.64894106	2.7347693	1092.8897	9.3425454	1.6091279	-0.016594316	-0.016182216
1104	5.6428811	-0.5933811	0.61532738	8495.0016	61.124957	60.893696	0.015352447	0.17807992
1105	4.6830956	-0.10396735	2.1062672	3366.7379	50.89281	50.659714	0.087255173	0.042130778
1106	3.3913565	-0.14554473	0.47691569	1689.3595	41.623078	26.031834	0.16905861	-0.060290768
1107	5.4395506	-0.50370203	0.64372355	5038.7308	31.380717	16.411326	0.031410007	0.23357095
1108	0.25178072	-0.42101076	2.0712261	4208.2721	48.812336	43.557945	0.049313744	0.062451606
1109	2.3349904	0.73373136	2.502218	717.20893	9.4971333	1.8038108	-0.17264383	0.14007299
1110	5.8335305	0.53800949	0.49400465	9673.6961	79.238031	77.194167	0.13024929	-0.002552929
1111	3.6813901	-0.0068844813	2.75571	5516.0039	18.534323	14.591993	0.30571673	0.098393826
1112	4.4437011	-0.58447847	2.4958853	836.2632	11.907863	1.5000799	0.086963473	0.0076500888
1113	0.5574033	0.47184112	0.78643441	3316.4033	62.017898	47.667253	0.011895558	0.26465843
1114	4.7893217	1.0066913	0.32713773	3599.8116	58.026743	45.75527	0.03305211	0.010352547
1115	0.80656667	-1.1893467	2.5463765	1172.6133	55.861887	27.764202	-0.065161942	-0.09022625
1116	2.4218018	0.1439212	1.3164035	1060.7152	10.661489	3.7564219	0.098041952	0.18422927
1117	3.5357453	0.72831722	0.38649214	679.32613	2.0959705	1.3552515	0.1032323	-0.01468131
1118	1.2259619	0.85695789	2.3607029	3614.9797	61.554308	58.431155	0.14689764	-0.017064294
1119	1.8115205	-1.0734638	0.69380257	2159.9876	15.131301	13.320017	-0.31816092	0.06430211
1120	2.8500152	0.53612653	0.17648502	2695.531	52.258247	19.15962	0.15568917	0.018509229
1121	5.7834753	-0.029825224	2.6679383	3292.4202	16.875286	15.715483	0.10758141	0.19583249
1122	4.1968364	0.4211884	0.58677987	4267.5849	67.712074	50.95136	0.12355116	0.40171735
1123	2.3332427	0.63654654	1.1175215	8816.844	105.49518	75.891061	-0.1712886	0.0061416026
1124	3.5264113	-0.98345928	2.7273281	10041.996	74.173949	50.683485	0.010695701	0.28106988
1125	2.7790057	-0.21310365	2.5394122	8306.0562	73.007958	70.373811	0.11482401	-0.018789956
1126	4.7874923	-0.8526146	2.1991617	882.05965	2.7514041	2.0755034	-0.11103851	-0.0024506083
1127	5.8350669	-0.18353019	2.6732591	1093.7718	14.177943	9.7771693	0.14137629	0.011345774
1128	0.19617742	0.068579279	1.923374	656.22624	6.3866364	1.384454	0.20121735	-0.0062894391
1129	0.48116236	0.52564276	3.0192064	7930.0823	18.064471	17.861641	0.067018538	0.20024548
1130	2.8539344	1.0337752	0.41973799	6125.8266	59.728415	51.384172	0.0045151413	0.078271048
1131	2.9847236	-0.55114436	2.6055736	858.44349	56.766157	40.644161	0.20247104	0.057723824
1132	0.87964541	-1.0764963	0.90901487	880.69694	28.627577	23.667467	-0.019456566	0.19722964
1133	4.2005184	0.74689065	2.7490041	694.7892	10.263543	3.9533075	-0.016996785	-0.13565523
1134	2.9476367	0.22631447	2.896741	978.24765	2.4892438	2.0691824	0.23365566	0.010610648
1135	0.056598366	-0.32413525	0.39060916	3846.4888	37.974112	17.333056	-0.070978234	0.019223764
1136	2.4768316	-0.83419763	1.4802086	2529.4714	12.972581	12.610253	0.0064374493	-0.028976467
1137	1.1000029	-0.27224823	2.5032169	1821.2745	11.470938	5.2808805	0.05963801	0.2807577
1138	4.6103201	-0.72769659	2.986707	252.09557	11.569282	9.7812782	0.020770913	0.0037572456
1139	0.12644354	-0.042511096	0.48999077	564.32287	2.0836049	1.3159554	0.032985639	-0.012676858
1140	4.2194958	-1.3452655	0.025999417	5543.0013	21.639764	19.874533	0.47879761	0.018341699
1141	6.0542696	-0.579334	0.60856627	5793.4531	47.61737	37.101098	0.028177542	-0.01479574
1142	5.0247944	0.77859609	2.0129987	522.94575	22.336575	2.2798114	0.4574169	0.10546262
1143	5.6601807	-0.81412038	2.4636264	437.31911	1.6333906	1.338504	0.080227438	0.045173751
1144	5.1260942	0.43141152	0.81243014	3516.7791	57.419222	50.906635	0.022087327	0.17457471
1145	0.82102195	0.60656845	0.56080972	7745.5027	153.9985	43.998476	-0.025472581	-0.10100074
1146	5.5816385	0.50061622	0.92403829	1587.5607	12.063171	11.416173	-0.014462966	0.27263112
1147	4.8927149	0.75432013	0.71655409	1577.8288	5.5030397	1.8757692	0.06056398	0.0052506382
1148	1.1867368	-0.072567207	1.9309171	4948.9874	63.45107	44.469335	0.047881496	-0.14906365
1149	2.2354962	0.38864613	0.73718341	1783.64	11.994578	11.338048	0.061433872	0.025295732
1150	0.9889267	0.48783386	1.8401901	3250.6133	48.977351	39.405086	0.16824817	0.023330365
1151	3.0560408	1.0476111	1.4505098	5031.9295	58.068913	57.802949	0.087255173	0.042130778
1152	5.1055992	1.2476501	2.4696339	8101.6338	83.27585	56.799111	0.46085906	0.019642127
1153	2.7949928	0.69850522	1.2151231	11107.541	90.921616	89.4492	0.38971087	0.12968961
1154	2.1296764	-0.57450167	0.43383431	1796.4947	12.458511	11.439431	0.40943844	0.014600391
1155	5.8410427	-1.2658622	1.0543364	425.64601	1.3897703	1.2987785	0.017311265	0.0039226658
1156	4.5372362	-0.63953718	0.94304607	951.31731	12.083232	11.411723	-0.045358824	0.055981015
1157	1.0679912	-0.6329922	0.81949618	7901.8875	70.191087	62.485635	0.32458613	-0.13023927
1158	1.0169541	0.7814299	2.7293807	11605.78	110.34863	57.575535	-0.069456554	-0.18978321
1159	0.36709956	1.1305896	1.7316348	205.72852	1.8427381	1.2806143	-0.027007698	0.01775738
1160	5.2578361	-0.73542584	2.4178616	735.35301	1.8240934	1.7749382	-0.022420255	0.014404743
1161	2.0687865	-1.4044107	0.81452523	2884.2199	12.485426	11.084513	-0.18813283	0.014114551
1162	5.0218813	-0.33800337	3.0524978	710.27969	1.9363034	1.8949922	0.10396822	0.022557015
1163	0.10900277	1.4129115	1.1957801	3344.6865	101.63378	78.658007	0.18091243	0.031374731
1164	4.6924281	-0.227141	2.5575968	2906.2688	49.361758	48.087789	0.073729253	0.13779058
1165	6.1916736	-1.1991698	0.32505891	4387.7059	37.697825	33.677152	0.0087460959	0.026224717
1166	1.1749845	0.56767142	0.87947686	9472.8006	94.017209	89.424968	-0.14137109	0.0034755328
1167	6.0604071	-0.47755148	0.2346249	464.34387	1.9062461	1.6179226	0.0041542241	0.039990948
1168	5.6798699	1.2307535	2.4984182	5589.8393	65.920611	53.176963	0.21213611	0.0006756323
1169	2.2487954	1.0983044	0.43285316	8901.6162	43.807505	40.361551	-0.091265376	0.026972088
1170	4.8843046	1.3370303	2.6164987	888.35859	3.636415	3.0668841	-0.061639556	0.12767541
1171	0.6261882	-1.0698344	2.4013577	3949.9947	37.977786	23.211783	0.70987493	0.11924984
1172	1.7243381	-0.014720362	0.75788784	2468.5455	44.205293	28.873548	-0.13374782	-0.0069180811
1173	1.1360991	-1.0035772	1.6483335	2973.9989	80.985698	80.650205	0.21829169	0.033613193
1174	0.63789334	-0.4013371	0.71285616	1745.1506	20.626559	11.0326	0.12315862	0.39786242
1175	3.8240387	-0.25949979	2.4535767	548.42245	9.9214036	9.9060023	-0.12481762	-0.16838833
1176	3.8083474	0.75074023	0.96346916	1190.0835	10.263786	9.8095469	0.17313661	0.049358824
1177	4.8071878	1.0717178	0.79359417	752.91865	11.402301	1.591797	0.18538197	0.037869275
1178	1.0865777	-0.57164204	2.7664784	6802.4955	56.977718	50.120853	-0.17178197	-0.11005748
1179	3.2797052	-0.25490837	0.9992615	1580.9245	57.524857	11.244591	0.11010319	-0.0032567397
1180	1.4266842	-1.3575707	1.0758658	511.6822	13.139394	1.90876	-0.046107692	-0.067754846
1181	1.6731186	0.57138334	1.3048092	1248.9541	11.424945	6.7338327	0.22091819	0.091837127
1182	5.6103793	0.6825718	0.32488019	7122.0884	20.716347	18.432975	0.030182506	0.0066943185
1183	1.1748734	0.91742515	1.163426	3148.7432	40.097234	16.75027	0.019904965	0.027487275
1184	3.844436	0.72105317	0.70244256	4103.7682	17.014073	13.922386	-0.02229362	0.10196167
1185	3.6908548	0.28394411	1.2376184	3205.2311	49.192514	46.685865	-0.080481883	0.30257718
1186	0.86841527	-1.0001792	0.030879072	11915.396	79.929461	70.175551	-0.067616513	-0.0085120106
1187	0.93869622	0.46693489	1.6535945	432.05553	10.515729	2.4105271	-0.097868692	0.12044339
1188	0.2415591	0.83389209	2.6614658	14204.155	80.955798	45.044808	-0.034092794	0.354354
1189	2.2299417	0.66770611	0.65318393	988.64564	11.146443	2.7408213	0.0064231617	0.056449193
1190	5.0313589	-0.77990769	0.61961137	8708.386	71.454305	38.497628	-0.0077927256	0.041673509
1191	1.2223323	0.59379738	1.8381868	7093.675	67.228956	67.083371	0.13256398	-0.0039206467
1192	2.6349426	0.93785265	0.86380499	6354.9596	63.574293	56.591997	0.034096877	-0.1385369
1193	1.2946293	-0.65924649	2.6035125	19749.285	125.87927	111.969	0.0025001906	0.020907908
1194	1.0329234	-0.51067253	0.80718621	1213.1639	12.683023	10.148595	0.33202205	0.00045835513
1195	0.97261499	0.71341181	2.509168	2054.6818	11.062238	4.831069	0.11640613	-0.1133573
1196	1.3151111	-0.3814552	2.2468107	1170.7342	18.32235	13.90383	-0.009876885	-0.012228925
1197	3.5471483	0.5400375	2.1556922	1241.5542	35.459572	27.664831	0.013151318	-0.0039434297
1198	1.6630117	0.17495795	2.8414134	1450.9137	11.324843	10.843703	0.0068319618	-0.0044377013
1199	1.0382051	0.37850609	1.0479694	8904.7271	101.59518	76.400265	0.006342514	0.086690722
1200	1.231888	0.54905788	2.581556	2541.3431	52.729671	43.854961	-0.025124398	-0.009760763
1201	4.685691	1.1873378	2.9130057	18108.146	99.923424	98.68911	0.54574833	0.25134278
1202	5.0366219	0.054613689	2.7871976	1262.2172	9.3243868	1.6870108	0.046800391	-0.02279214
1203	3.2936546	0.65170723	2.9231655	3957.0017	23.820598	14.279162	-0.002756451	0.12336153
1204	1.1981582	-0.79405874	2.3894937	7347.6993	52.091111	44.256711	0.047662533	0.084461825
1205	1.9569863	-0.085929027	0.29285125	3283.3106	14.798043	14.66051	-0.10122351	-0.089313806
1206	5.5359843	0.73950755	0.19542372	1602.045	12.567013	3.2919542	-0.073419893	0.028306103
1207	5.3687331	-0.7880957	1.0652463	2055.0941	12.604589	11.038632	0.020201393	-0.015100273
1208	4.4922154	-0.030404009	0.31188722	503.32512	1.7031827	1.6031078	0.081007699	0.0090732005
1209	0.21508223	-1.4333916	0.15254578	4460.0345	4.0900589	2.1663944	-0.026431717	0.22544177
1210	3.8495606	0.16584414	2.5879312	1954.9294	14.393311	11.852592	0.034359469	0.063133705
1211	4.3550949	0.74168988	3.100806	500.43846	2.4651823	1.5482498	0.30775743	0.007228907
1212	5.965393	-0.85271749	0.56062231	4217.0259	16.135599	15.140372	0.014982355	0.23099635
1213	2.3575449	0.476619	1.1078669	1765.2367	11.337643	9.8350484	0.18501439	0.22133557
1214	2.2262525	-1.067403	3.0487183	7778.015	58.585381	52.7582	-0.26389132	-0.27752755
1215	0.4478032	-0.9439542	0.7871509	520.13238	15.23494	11.058765	0.31634183	-0.060375568
1216	3.7378084	0.33208258	2.3193853	7146.8718	54.505393	42.549187	0.093013912	0.31421248
1217	3.7944198	1.2001742	2.2084941	1802.1788	19.189422	11.530044	-0.26615541	-0.08842271
1218	3.9528885	-0.49575973	0.46104796	2290.264	12.126842	11.800277	-0.041721051	-0.06731722
1219	2.5582533	0.0071265599	0.91274962	993.30799	46.662804	44.967178	-0.17460032	0.0002387583
1220	5.2402893	-0.24164143	0.38636399	3304.913	26.181823	21.567403	-0.01323506	0.058819995
1221	6.1957368	-0.60048123	1.6248995	2925.0759	57.388723	48.87984	-0.084718679	-0.085928111
1222	4.9130468	-0.47613402	2.0189803	6924.3656	86.1242	82.2074	0.034892055	-0.065571487
1223	0.7644122	-1.1113948	0.50790457	1962.7409	11.29891	11.176489	-0.1472641	-0.1470421
1224	4.7325548	-0.05908616	1.0331782	639.79291	10.900852	1.7895283	-0.0078201591	0.049658037
1225	2.5002206	-0.7300212	2.6480996	1874.0153	12.115513	10.167688	-0.65230177	0.32410341
1226	2.6409407	1.0037162	2.5611043	4499.0802	45.061198	37.825737	0.19675018	0.09928071
1227	1.0715393	0.20147867	3.0719159	14245.341	107.5981	86.505071	-0.19844252	-0.071963806
1228	2.9698119	-0.81750968	0.71526701	2254.8	11.93889	10.909127	-0.022554869	0.28120386
1229	4.7567896	0.069776716	0.5490386	1806.9327	11.730579	9.6050979	0.0052432975	0.0061959818
1230	5.3197008	0.44987752	1.3553502	322.93515	9.0351429	8.6616173	0.31913496	-0.019566521
1231	2.4207213	-0.013353909	0.55880029	14222.837	89.084863	78.558547	0.26564936	0.57485363
1232	5.3614796	-0.048702856	1.9085161	1546.776	12.747263	11.770112	0.064880047	0.13041707
1233	1.3390355	-1.1507796	1.1530591	637.45447	9.8224084	9.7456352	0.27646314	0.17290936
1234	3.7899967	-1.4318411	2.4439608	1973.7587	11.798794	11.758999	-0.025113473	0.039463887
1235	0.6224066	-0.22723857	1.1371062	288.98817	1.6573605	1.28747	0.00057516879	0.069727789
1236	4.4727946	-0.88065378	0.18420385	709.77823	1.5271096	1.2577743	-0.046446101	0.053860521
1237	1.028942	-0.69517348	0.87902889	905.03745	10.42288	1.6867222	-0.070648841	-0.24304763
1238	6.1368066	0.1695498	2.1819275	1323.6042	25.948086	10.715935	-0.021666223	0.32388386
1239	0.46579382	-0.45028093	2.7728818	2427.0634	12.706393	10.773837	-0.010726463	0.049293207
1240	0.34724998	0.3780002	0.82627949	2199.1849	45.511392	37.631734	-0.065626167	-0.058326054
1241	0.67665677	0.82594814	0.81207392	6016.6352	153.12552	62.973843	0.044742819	-0.07962101
1242	3.5704939	0.98803941	2.0322611	929.0685	31.443469	14.418021	0.023962243	-0.023869553
1243	4.2384873	0.86370375	2.2418815	3867.7524	50.143979	47.208426	0.31952388	0.348389
1244	4.452822	-0.27158756	3.0883168	7628.708	84.775501	68.369179	0.030520113	0.022709571
1245	5.1009505	-0.54488284	2.2459543	1099.8985	31.465531	30.389455	0.22865988	0.05074438
1246	3.1516967	0.50708786	2.4109088	4802.2395	58.921814	46.301283	0.061076719	-0.027254684
1247	3.4925991	-0.13741545	0.87546382	1672.6677	11.645507	10.816205	0.047258737	0.037425007
1248	5.2939961	1.0158305	2.5316931	3876.2958	38.311644	26.294887	-0.036849742	0.065236459
1249	1.6315643	1.3642675	2.0938167	5539.6755	40.818708	36.402089	0.012215793	0.086346835
1250	0.66627845	0.37944218	1.259583	277.98511	10.174952	8.9768762	0.016909555	0.041225733
1251	3.9631833	-1.2230326	1.005587	1100.4436	7.7370276	4.8908445	0.00047820131	0.0047716907
1252	1.4168067	-0.22533635	0.87837492	6561.5496	68.841743	55.569896	0.1106557	0.23624808
1253	4.5311402	0.52512607	0.75737416	4322.691	17.707242	15.623385	0.32133929	-0.00081211941
1254	4.8037745	1.2126368	0.98930997	11457.106	88.524029	71.580198	-0.17406628	-0.061230683
1255	1.4774024	0.0025420222	0.62224218	8177.1492	148.72546	127.04712	0.2566308	-0.039194847
1256	4.2462193	-0.63229179	0.14119968	438.8994	1.4166988	1.3165748	0.020284553	0.13729426
1257	5.9845624	-0.15510166	2.0648799	6475.7314	63.498888	54.399553	0.082212991	0.0087415655
1258	0.41006799	-1.240627	2.7391901	1279.4356	3.739136	1.7209828	0.16579628	0.027841832
1259	2.3877853	0.73144879	0.18485918	1262.1524	19.756509	17.801597	-0.066828476	0.091979358
1260	3.8216522	0.066629874	2.3428014	3574.8854	16.110277	14.646105	0.020225105	0.12241545
1261	4.4191588	-0.50021355	0.71534571	708.43395	10.825864	8.4632243	0.030756253	0.023767244
1262	5.688887	-0.42827691	0.74339143	4598.8335	42.952898	30.404891	0.033823434	-0.17485705
1263	2.8877727	-0.20884708	0.49035842	3733.1066	23.72393	15.318987	0.053235987	-0.1054747
1264	2.7528749	0.22949971	0.80241344	1058.8739	22.357183	12.731523	0.28812712	0.054138997
1265	6.2785055	0.36725899	0.77570821	4822.675	42.983997	29.844687	-0.27412547	0.068352922
1266	5.7231783	-0.42678742	0.57291194	2388.0546	15.676671	13.446054	-0.054861485	-0.24259884
1267	2.2686573	0.41021951	2.3820429	6360.212	93.451258	59.972347	0.024808094	-0.068265014
1268	2.7785913	0.097516581	2.8107844	551.18806	2.6744385	1.8964768	-0.055836222	-0.0095574176
1269	1.4208019	0.11807388	0.75307133	2909.1292	58.617067	12.550074	0.043484515	0.014665648
1270	1.0248973	-0.086391909	2.6954781	2039.2465	12.089362	2.2164891	-0.059801446	6.304021e-06
1271	5.1338281	1.1379482	2.5495384	1437.6643	11.19627	3.3573148	0.14118972	0.066319423
1272	1.7303231	0.40535128	2.7308052	978.21282	27.229381	10.382608	0.10979461	0.086002255
1273	0.015414189	-0.47725028	1.4492448	1648.7668	31.646758	30.39031	0.026736727	-0.033039558
1274	3.4191887	-0.17246438	0.42841794	1822.6358	42.099793	34.388639	0.025853058	0.073020676
1275	1.9986441	0.12510122	1.4600457	1578.6276	39.422913	9.9792983	0.021688198	0.0033328939
1276	5.3397349	1.0416632	2.9107642	5074.2663	15.956734	13.970804	0.070618166	0.028536153
1277	5.818037	0.30093759	2.481967	3563.3484	45.800938	34.248493	0.034926596	0.06922111
1278	0.3622468	0.68206161	1.0135853	6008.6859	60.262566	41.552766	0.012849733	-0.023141689
1279	3.4967197	-0.67131947	2.5860575	808.34564	9.288939	9.2861113	0.074872361	-0.013803539
1280	3.5716416	0.6245075	0.3784362	18613.79	132.11187	128.59746	0.02882263	2.1845549e-05
1281	5.3534809	-0.53997173	1.9240523	4066.3629	33.393908	30.797068	0.33301104	0.19080857
1282	3.2290317	-0.40439731	0.19809107	5973.4678	68.8997	58.996426	0.10912846	0.15535943
1283	1.4023726	0.048256209	1.1882863	2028.711	48.547068	11.236942	0.047778043	-0.12392714
1284	1.1880934	0.86108146	0.45626883	1306.9149	12.442065	3.0006846	-0.69089684	-0.22613233
1285	0.2636156	0.52954816	2.7204297	2954.4079	23.700194	14.744945	-0.057571912	0.36588086
1286	5.5339551	0.8814306	2.8583537	2399.957	13.373452	12.314757	-0.021209349	0.074748828
1287	4.3925954	-0.37131095	2.3023898	9631.615	158.72688	81.49533	0.027487787	0.11650458
1288	0.39831149	1.2498871	1.0936824	1196.7898	12.267547	11.92785	0.17714585	-0.03846793
1289	2.0255456	0.11528177	1.0678123	1455.7042	47.351542	44.873549	-0.19179572	0.12331883
1290	3.5785214	0.37633073	2.4518623	4098.3001	16.433966	16.099326	0.081715823	-0.015187299
1291	1.8724381	0.81148344	2.6040473	13501.09	70.896629	48.506159	0.084848124	0.16780262
1292	6.1914938	-0.15187511	2.5917652	2244.9854	13.194569	6.9856904	0.021127411	0.098540021
1293	5.3723851	-0.05485666	0.74116606	683.66597	22.977586	17.772926	0.091074393	-0.25631633
1294	4.5670647	-1.1444674	2.9101508	2782.4247	15.599131	14.14346	-0.036858902	0.012958748
1295	5.0852803	-1.2406606	0.65269218	6462.6166	70.640248	62.527118	0.0076882145	0.035125126
1296	0.63168223	0.27664126	2.5726485	1984.7909	9.9894694	3.7458319	0.32921669	-0.017376117
1297	3.6039509	-1.0224571	0.31157407	9337.4929	78.632851	30.272401	0.32278866	0.087410674
1298	3.7892828	0.79142853	2.0095681	1581.2203	13.955723	10.466959	-0.083398837	0.40799356
1299	1.2185863	-0.89025353	1.8610671	1254.5677	32.666601	12.143727	0.015657116	0.34007132
1300	0.56429511	1.5065237	0.93670882	532.60638	9.670097	1.8192221	0.32825561	0.076497832
1301	1.9576526	0.022466205	2.9078081	4524.7241	66.544845	56.474568	-0.10097268	0.07776725
1302	3.1785315	-0.21323292	0.84320871	3741.7593	41.128814	33.807337	0.37211805	-0.0062239876
1303	4.3887771	-0.28248588	0.64627891	2485.6141	15.223716	13.870592	0.24962876	0.021839685
1304	3.1901128	0.36890401	1.3344031	1694.6563	31.641409	23.093249	-0.071561456	0.24690684
1305	3.6661941	0.67828178	0.46072145	3896.9308	74.699978	58.222687	-0.007188232	0.046496846
1306	2.6404966	-0.0194799	2.861199	2426.2291	29.29288	19.936952	0.12674152	0.17994983
1307	6.1904251	0.4323167	2.3799013	3284.3202	51.72605	29.545937	0.029310681	0.19831183
1308	4.1130729	-0.59378841	2.4685794	576.68761	1.7708538	1.4207825	0.038533305	0.090332311
1309	4.1521491	0.78223604	2.5512574	627.9984	2.8202805	1.955567	0.089349143	0.15298317
1310	1.9724116	-0.30298376	2.4318883	2785.8776	50.554851	15.666659	-0.083140058	0.047167662
1311	3.2147063	-1.131775	0.73012526	2927.6559	51.403558	39.560792	0.070977857	0.092345022
1312	4.6767594	-0.55385234	2.2643729	295.36792	1.9690656	1.6447705	0.015978226	0.24403499
1313	5.424538	0.42259946	0.71516248	1082.6393	10.686296	10.001219	0.24170989	-0.056712129
1314	0.82848599	0.85182647	0.26149756	6276.6732	71.056446	15.801164	0.012861963	0.10781486
1315	3.205069	0.95987013	2.6136779	11999.97	67.264078	66.893905	-0.017730361	0.016745976
1316	1.0604796	-0.73797748	0.52439052	759.73596	2.5138483	2.0557142	-0.017416741	-0.048758079
1317	2.8944201	0.064063426	2.6933759	1858.1648	12.479423	11.230563	0.27865361	-0.0028108798
1318	5.9126881	0.86038781	2.3662036	7888.4474	71.873355	70.724835	0.17155688	0.14523657
1319	0.47172945	-0.45930878	1.8791763	1560.4139	45.05059	26.489028	0.0053454768	0.21747852
1320	5.8519721	1.1294993	0.54544761	6952.9925	68.817992	66.352713	0.48011995	-0.0075541999
1321	0.2158275	0.15821905	0.48714212	13377.594	96.039662	89.220954	0.18484487	0.14260495
1322	4.9140583	-0.69894901	2.253377	3225.8201	28.410249	16.406557	-0.21197844	-0.0049992771
1323	5.3147082	-0.1800869	0.10592394	4238.7981	17.163045	15.138061	0.025888258	-0.28833991
1324	4.890067	-1.2781258	0.74779639	6766.1162	65.029959	60.161998	0.052671559	0.020737738
1325	5.7863903	0.85619391	2.0043294	333.56193	2.3152059	1.5292943	0.012484885	0.0015728884
1326	0.016139149	0.56129727	2.8045496	221.99382	1.6620771	1.3442434	0.014672448	-0.040556447
1327	2.4481781	0.59322534	2.4692311	5264.8442	31.156229	26.519406	0.19384365	0.030591387
1328	0.71935032	0.90101237	2.0139749	817.49081	10.283536	8.4480125	-0.16522974	-0.00048369566
1329	0.21636318	-1.1380071	0.080446948	10082.085	85.825323	50.626354	0.090515553	0.045069971
1330	3.7163214	0.89381134	0.72665182	306.42858	2.4262293	1.6547039	-0.22921467	-0.0086351096
1331	6.1381639	0.1076967	0.38043309	2341.1251	21.849941	12.510549	0.1410798	-0.0015500854
1332	3.8819249	-1.2564403	0.31738992	2400.9658	13.068367	5.3315562	-0.0098092681	-0.28107166
1333	2.8723404	-0.73886682	0.21577892	949.91607	1.8362185	1.6028991	0.027467555	0.021936294
1334	5.6527805	0.25434683	0.65505007	2108.9019	16.329181	4.6091502	0.18924829	0.03552036
1335	3.6286314	-0.63019903	2.5296855	866.92985	23.5619	10.722109	0.10131733	0.24135654
1336	4.0344008	0.52202935	0.94580416	1719.4185	10.486027	4.5329179	0.32185338	0.21592593
1337	1.1205613	0.2713312	2.382561	2812.897	17.380014	14.308036	-0.11733896	0.0088979323
1338	4.5307691	0.71139613	0.85660528	3741.2111	45.251356	12.811169	0.5134593	0.074509906
1339	2.1391428	0.06576458	0.85755867	5355.2472	75.242292	67.390949	-0.08205129	0.00059243209
1340	3.276471	-0.93863845	0.85890674	490.66368	1.3722617	1.2913361	-0.022460266	0.085227053
1341	4.8682239	0.57402842	0.7307856	2610.7557	11.45755	3.8302859	0.029783167	0.038176276
1342	4.7580664	-1.0739178	2.9122854	3579.9176	30.340222	6.5702466	0.00012588299	0.03486541
1343	3.7151058	0.066282727	0.65497545	458.35526	2.2237253	1.3134517	0.01051769	0.014320265
1344	6.2355819	0.50102087	1.1308966	5356.8161	54.130916	50.969643	0.022939956	0.11021956
1345	5.039015	-0.71441574	0.64793618	970.78666	44.31578	33.915212	0.13200999	0.0073931616
1346	4.8201048	1.3027949	2.8790462	6451.6225	44.086531	43.736845	0.011011244	0.075146818
1347	3.7539177	0.89415829	0.53754966	1377.1758	22.968873	21.100626	-0.054417576	-0.034714204
1348	0.90027016	0.14948514	1.0415618	898.45625	10.5446	10.257651	-0.013787909	-0.073229562
1349	1.3148785	0.044574882	0.90731052	1724.7973	38.653532	25.129004	0.2557852	0.0053431782
1350	5.3811128	-0.12690926	1.7470455	605.07047	30.556384	29.209894	-0.00039952155	0.025064547
1351	4.0263618	-0.43728706	0.98783429	1270.2894	10.122799	8.9083872	0.18731489	0.085803361
1352	6.2453665	-1.0489965	0.92239856	3258.8233	33.559383	27.732798	-0.073393527	-0.11463246
1353	0.73225852	-0.55181458	2.2095615	3321.8419	48.673385	13.595615	0.0053083179	0.14729666
1354	1.8626617	-0.40080171	0.68270513	3055.2872	12.014347	11.577563	0.22127472	-0.032629265
1355	2.1842456	-1.1263652	2.4385223	3718.7624	81.982828	50.909042	0.091260918	-0.20907855
1356	0.085256084	-0.17326988	0.53803706	1586.147	10.088575	5.8166301	0.024060806	-0.12523301
1357	2.7517003	-0.78897532	2.465027	2346.8792	16.284983	15.748131	0.029194543	0.19170053
1358	4.7763455	0.058265109	1.0955347	3705.9371	62.55365	17.213611	0.25380752	-0.073420209
1359	0.64552544	1.2261914	2.3880874	5498.1338	76.226405	49.90036	-0.13129153	-0.024865477
1360	1.2026251	-0.0067872753	2.137286	10131.323	137.42464	96.844682	-0.47714776	0.12056617
1361	5.1648877	0.32927537	2.4025788	1495.1959	32.839893	9.6591028	-0.0015358249	0.02740369
1362	2.7603607	-0.31207788	0.11106314	4900.1849	66.112968	40.392088	0.012850681	-0.03346975
1363	2.851421	-1.2418651	0.29801149	1773.6894	12.019636	7.7936383	0.25220987	0.34934481
1364	4.8410659	-0.44655233	0.83592484	10471.233	88.898249	58.918964	-0.25039922	-0.077400498
1365	4.8342795	0.58536077	0.89404806	6294.1223	72.67974	41.213049	0.052792894	0.15428904
1366	0.10023707	0.064280438	2.5360388	3530.2648	48.915066	40.049445	-0.027183332	0.08648966
1367	2.5722399	-0.50926913	2.7730649	12103.05	108.38216	91.623461	0.22364647	0.5014561
1368	4.9312669	1.3203721	2.6480455	2841.3221	13.830359	13.015391	-0.15840759	-0.058665814
1369	2.2221643	0.8511535	0.76951066	6935.0333	59.270502	53.573932	0.095750684	-0.39714372
1370	1.0724817	0.36952312	2.928892	2580.0005	44.958765	40.814352	0.031297532	-0.11155919
1371	3.5855568	0.95074791	0.8742994	1895.6281	52.745384	32.704682	0.17719505	0.039906965
1372	5.5153426	0.91187601	2.0304823	733.49172	10.530554	2.2214882	-0.48146044	-0.27360655
1373	4.3447581	1.0688337	0.50739718	5069.7375	15.423396	14.855127	-0.012328445	-0.10873296
1374	4.6684688	0.15916734	1.3881142	2528.0069	35.129478	16.525053	-0.044869011	0.023864955
1375	1.8225761	0.50699264	1.1947484	6623.5859	62.633379	57.190317	0.0060532084	0.13221584
1376	1.6153743	0.21161503	1.2469218	1982.1106	13.970378	11.485118	0.0080342847	0.080665878
1377	5.8260469	-1.2386573	2.9985212	28882.591	155.20355	136.73209	0.46014783	-0.0065970739
1378	3.428818	0.056915635	0.65537594	1514.8696	8.2077101	1.7227607	0.40317312	0.26906923
1379	5.0832504	1.4290881	0.27318303	657.32176	1.4366571	1.405659	0.0048729546	0.17333813
1380	5.9926378	-0.22413245	0.57259292	1993.38	48.616564	27.537484	-0.053967821	-0.23818434
1381	2.4027589	0.73997479	1.1046791	2400.4622	12.630266	12.576454	0.048255674	-0.085668767
1382	0.64918186	0.56062468	1.7515307	442.50596	28.666026	19.719373	-0.18550715	0.13065201
1383	5.7892622	-0.90835878	0.2484212	2081.3623	36.711456	35.937606	0.16953064	0.058046305
1384	0.095109489	1.1009594	2.0835553	6794.6781	61.552417	58.775584	0.18768285	-0.025628987
1385	3.2982923	0.87465147	2.2936425	2427.5682	15.530129	15.105309	-0.070967492	-0.065973098
1386	5.9720361	0.49582304	1.2875493	2085.2482	15.612715	11.319062	-0.007674006	-0.0059816133
1387	0.90854899	0.13698814	0.38452624	10027.23	56.897232	56.255382	0.036689088	0.0039872745
1388	1.9476417	-0.46198746	0.63225469	6270.162	92.869106	61.36288	0.027297796	0.049958123
1389	2.9692944	-0.51799623	2.0776608	2117.4589	79.671709	47.977523	0.43803161	0.097087998
1390	2.0502156	-0.44476553	2.2450149	4152.4956	44.690708	27.099496	0.046572678	0.030527312
1391	2.3020384	0.68665253	0.93544954	2748.7396	30.532288	25.482647	-0.047934682	0.076681318
1392	6.1284186	0.87246578	2.4372271	2854.816	14.162471	12.061005	-0.015540689	0.28980406
1393	6.0790541	0.051053379	1.0739874	760.35043	9.869026	8.6518676	-0.18896965	0.29229544
1394	1.6967237	-1.1678707	2.7194147	16734.498	59.946662	49.576135	0.16721446	-0.065809736
1395	5.8989348	-1.0267078	0.36870732	2197.8122	10.953314	10.282422	0.058238452	0.19535212
1396	5.0307377	0.2230838	2.6239343	302.22836	11.57258	8.2908474	-0.014475686	0.29759786
1397	2.5348116	0.89506491	2.6718342	4817.2388	17.898429	13.547829	0.031327044	0.37025608
1398	4.6253613	-0.08895804	0.78817883	6403.9958	61.407709	52.860668	-0.028921614	0.12627844
1399	0.9745375	0.01040902	0.8616097	3558.8406	37.76041	13.323132	0.028525391	0.026480253
1400	5.9875117	-0.65715566	3.0102165	1130.9173	11.639267	1.6577591	0.27416139	0.20257246
1401	0.49982405	0.080882964	0.25998527	3972.214	36.474016	20.685182	0.2134604	-0.0030848891
1402	1.0148706	1.1359674	2.2709825	1285.9553	25.541372	10.893669	0.14170227	0.092244736
1403	1.7291505	-0.94340422	1.2676397	1890.1822	23.140074	22.268807	-0.092018514	0.012155401
1404	5.4554325	-0.34834171	2.4635617	3468.3179	15.195597	12.349893	0.16711559	0.0038613438
1405	2.1849641	-1.1344637	2.6538362	1775.4156	13.707877	12.233815	0.029531286	0.43981305
1406	0.68532462	1.1568004	1.1506185	6988.1057	137.13254	82.255846	-0.0047553277	0.0093889254
1407	5.7564503	-1.0431779	2.0780411	3456.4662	58.038371	56.378695	-0.016551174	0.064155006
1408	5.6414857	-0.21230651	2.7523725	2358.1738	27.44426	12.120518	0.28682125	0.23101294
1409	1.6933721	-0.40594208	0.61067955	5125.9994	125.01828	50.784574	0.22786592	0.14803751
1410	6.0517559	0.21564301	0.33043314	2548.1802	72.707631	56.02366	0.11096071	-0.086678672
1411	0.1846931	-0.38399511	0.93715791	4023.551	40.595613	15.537944	0.070953713	-0.035278518
1412	4.6783416	-1.1855383	0.99922586	1544.2043	11.228196	11.184264	0.036887246	0.075794678
1413	0.53126327	-0.56073338	1.2895193	2040.575	13.564141	11.718178	0.014245607	0.51168784
1414	0.39859222	0.64093108	2.2710728	1491.4504	29.927302	29.562504	0.017019021	0.0061425564
1415	4.2753241	-0.72390464	0.38546935	2484.3619	13.383496	12.563258	0.18673642	0.11721683
1416	1.1980602	-0.74523805	2.5741944	3176.7102	26.21817	13.892702	-0.41711644	-0.1982271
1417	5.4278049	0.0098404134	1.2516496	553.55134	9.8081013	8.9202117	0.10070041	-0.0056772561
1418	3.1997608	0.43955551	2.295591	467.12388	3.0492554	2.3651896	0.030611506	-0.05511399
1419	0.97037198	0.12312776	2.5988245	781.71939	10.594882	9.6181683	-0.22492936	0.023729215
1420	1.7546466	-1.4360268	2.467442	3582.8773	29.176951	11.344403	-0.00068003651	0.21475836
1421	1.5994318	-1.4123761	1.31975	233.04233	38.384828	29.229607	-0.014937855	0.05029719
1422	3.0786568	-0.097516323	2.1861578	1906.4525	11.582897	10.473391	-0.031866976	0.019265061
1423	0.76463625	0.56691915	2.123036	1276.2131	15.487094	9.2522005	-0.036283628	0.01511991
1424	4.9142592	-1.0880177	1.5824554	1185.1867	12.922943	11.666539	-0.11900962	0.075592622
1425	0.44851502	1.0250216	2.362782	1749.3776	50.821409	40.225563	0.088843873	0.0093623001
1426	4.5483383	-0.93809272	0.52604097	20667.879	118.74231	117.73191	0.042955186	0.25047606
1427	3.6068228	-0.6994671	0.30937812	1249.2493	9.7369602	2.2321343	0.22623834	0.048122384
1428	3.0004521	-0.35029054	2.8470882	435.62031	2.8004382	1.562986	0.028716063	0.021180569
1429	3.6810313	-0.84282911	2.9828499	4670.9463	49.044759	45.821116	-0.031388782	0.061315216
1430	1.2101232	-0.87988888	2.4530879	7351.544	64.833613	21.059292	-0.034014788	0.029457005
1431	4.2049725	0.7737641	0.93379976	12565.865	166.24237	105.29806	0.039713122	0.013057218
1432	2.4758111	0.17705091	2.4915621	1515.6157	31.780659	22.624725	-0.024309282	0.082310502
1433	5.4685541	-0.62958737	2.7601131	11885.475	92.037918	83.042967	-0.010228247	0.094878807
1434	5.2545999	0.40641021	2.9611367	1248.3017	44.334903	2.1880801	0.019203144	0.02685137
1435	0.84738422	-1.2011831	0.70594424	8340.5047	73.76861	40.370864	-0.015599631	-0.033623687
1436	3.3230053	1.2054143	2.8556284	10322.668	79.186492	60.578822	0.036057097	0.063972006
1437	4.7695309	-0.49988973	2.3191358	380.9305	9.3221172	2.8713434	-0.11883957	0.030893788
1438	4.2396688	-0.14810309	0.45146613	4282.0945	17.303857	15.198005	0.54696921	0.03801733
1439	3.8482866	-0.066328243	1.5322052	6429.0363	70.851628	68.760774	0.000357235	0.087391331
1440	3.7527611	0.062228063	0.44989992	10635.776	65.184897	62.359647	-0.30873109	0.011827051
1441	4.1130732	1.4043801	1.3467481	344.40835	9.439711	9.1883253	0.073391667	-0.35396612
1442	5.0909046	-0.44901174	0.43278933	2675.9295	12.850919	11.681174	0.076991068	0.36813788
1443	4.2005636	0.23714173	0.78997297	4481.2052	60.032834	37.988282	0.056828908	-0.020629042
1444	3.328808	0.020759175	0.40879594	2870.5427	48.661351	29.657551	0.13848447	0.047808813
1445	3.0668027	0.54652188	0.65458154	2413.5085	13.987438	3.4850468	0.0094094124	-0.020081382
1446	0.40531284	-0.43869809	2.8561582	1267.357	11.237037	11.114942	0.073533749	-0.0074519565
1447	5.6911094	-0.23174965	2.6396265	1908.1232	3.3666778	2.0388015	-0.14272469	-0.038893445
1448	1.1990159	-1.2174504	2.0515043	3095.2322	26.848801	23.858226	0.083134851	0.10881639
1449	4.7691163	-0.81359706	2.5447397	5895.9204	34.95032	30.008242	0.11996108	0.062929108
1450	2.2020724	-1.1248097	0.82218981	2218.599	12.966946	11.902578	-0.19122106	0.031665302
1451	0.2374031	-0.57691595	2.6418219	6804.7082	51.466608	38.203488	0.0091299761	-0.15684416
1452	5.854189	-0.31166134	2.0200383	1972.5179	69.512818	57.359455	-0.016945421	0.15502376
1453	2.4928158	1.0125789	0.28782201	1759.773	42.956532	27.483904	0.25072996	0.050073856
1454	5.5101059	0.80440032	0.94752145	8726.1125	180.85774	160.62287	0.024453809	0.29745454
1455	5.890226	0.77088468	2.3318895	10116.003	60.995876	57.397109	0.030822994	0.13553684
1456	4.3956045	0.93325408	2.1335881	1040.8978	10.392831	10.161168	0.032774356	0.29517274
1457	3.3212362	-1.0044036	0.3923056	5906.2558	15.691938	14.108793	0.021787916	0.13882011
1458	2.3427167	-0.0780481	2.8244315	3054.3262	28.60923	15.230772	0.04611588	0.1570438
1459	5.8640346	-0.49103358	2.6611466	1503.4994	11.835527	9.4395903	-0.11907666	0.046120503
1460	4.1591282	1.2646263	0.55520526	3715.6599	12.869907	11.911419	0.20029162	0.38888558
1461	6.2433322	-0.10120275	0.41950926	4917.1041	50.240044	45.297102	-0.344594	-0.15509155
1462	0.70567002	1.4033546	2.3859971	953.79639	20.759499	13.614536	0.1603663	-0.034399053
1463	3.8007098	-0.5901856	1.2665022	722.72652	12.169446	5.1437969	0.017333225	0.52493084
1464	5.7342243	-0.49966866	1.0886353	1772.2546	12.985735	11.937593	-0.015802679	0.20108827
1465	2.2475619	-0.20243537	2.9478012	611.72944	1.6288231	1.534457	-0.024608895	0.19603285
1466	6.003558	-1.0299087	1.7783683	11065.262	116.90889	96.281166	-0.28783278	-0.034399445
1467	0.4372065	0.94633045	1.5607346	1900.5287	47.019395	45.593342	0.0066522617	0.048541356
1468	0.58932004	-0.016163509	0.7648553	3720.1257	16.661913	12.024426	0.021310685	0.087300218
1469	0.19162246	-0.48131939	2.1584491	768.03433	11.575765	7.5985289	0.012504881	0.097979933
1470	4.0744327	0.65064841	2.3537257	2230.214	44.371909	28.652993	0.27130045	0.52091867
1471	0.91029942	-0.77447581	2.7845745	3563.906	28.120358	27.698798	0.027290118	0.15744089
1472	4.4778494	-0.49132583	2.2446077	6311.5927	76.521655	42.265813	0.13048646	0.0014630479
1473	4.1247957	0.7992234	2.1266521	8039.2982	68.946787	66.064729	0.12876888	0.010009159
1474	5.5869995	-1.3344031	0.8992303	514.82613	1.9894928	1.4453555	0.030702069	0.030421731
1475	0.16456751	-0.69172018	2.6102869	11522.701	71.839172	71.053222	0.064274989	0.21885766
1476	4.6771917	1.2027071	2.6757798	2669.645	12.117346	11.721046	0.44458021	-0.0066825353
1477	1.9340423	0.82907149	0.43132117	5727.9914	54.905491	44.139958	0.093348056	0.0053550086
1478	3.0058416	-0.0078043989	1.7042185	953.31435	26.512466	10.666186	0.11060715	-0.04985597
1479	1.2444208	-0.1022117	1.225325	4469.8504	59.149512	41.461497	0.19150691	0.091484018
1480	3.9461386	-1.1670224	2.3940636	1387.4863	11.177959	11.081978	0.022744601	0.092666791
1481	3.0566224	0.30487273	2.8541984	9790.5571	90.09717	89.190061	0.057241882	-0.18675833
1482	1.7491923	1.0839995	2.932015	4767.7859	23.285889	15.266768	0.065345541	0.19970994
1483	5.8440414	1.1068911	2.0572333	6562.4228	60.17302	47.142684	0.11568863	0.6212304
1484	4.1563402	0.8230193	2.9872228	1667.894	12.364544	9.9953076	0.032780487	0.10485607
1485	3.4164876	0.93393543	0.95809661	5335.0454	69.42942	63.798061	0.038825842	-0.00060884812
1486	4.3668876	0.10965151	0.89747744	2212.3792	48.33245	21.403097	-0.081569931	3.3908449e-05
1487	0.84051351	-0.5050005	1.9384829	1198.7351	10.721136	2.1532841	-0.080815596	0.092605311
1488	4.3342819	-0.3547454	1.6301972	2275.6973	51.344146	48.468468	0.11740091	0.2915744
1489	0.02291536	-1.1625618	0.92887246	1212.2458	11.701783	4.0142472	0.17100223	0.010855544
1490	3.1059233	0.57854629	2.7916435	2552.7765	15.081262	13.095636	-0.13235451	-0.28020749
1491	4.8848637	-0.6313455	2.4123299	3329.2186	19.617362	11.773181	0.042992452	-0.00058627854
1492	4.1868086	-0.10024573	1.8443442	385.57066	2.9272673	1.7882768	-0.031659768	0.0081371666
1493	1.9644526	-0.1770355	0.96536472	1369.9979	12.616991	9.1181023	0.37316834	-0.021027099
1494	2.9432733	0.68418092	2.3986914	4981.2449	50.551262	19.652641	-0.040687027	0.025756532
1495	2.8047336	0.52802878	0.47347733	4580.5426	15.824186	13.973611	0.44955666	-0.38948832
1496	2.6427983	-0.50498109	2.5140869	1916.6007	13.642135	12.238327	0.087419438	-0.0070036424
1497	2.359048	1.1120581	0.56883291	1499.6804	9.4973818	2.7080228	0.070494691	0.10029653
1498	2.2951612	-1.0101583	0.53108772	11953.014	86.841823	35.607923	0.18204293	0.11311477
1499	2.0904143	-0.011365625	0.71274441	2237.7652	12.540702	11.225378	0.004892418	-0.11398472
1500	1.2971888	0.99514759	2.4980346	610.84766	10.582589	1.3779772	0.073579506	-0.036293704
1501	2.4464997	-0.96140355	2.2153465	2438.9885	41.02247	33.886204	-0.045022731	0.17872058
1502	5.3931775	-1.3716553	0.55616054	16192.863	107.26367	80.067995	-0.19532866	-0.16338825
1503	2.5443543	1.0664581	0.61415184	5242.5679	63.76699	53.069533	0.014557361	8.9065883e-05
1504	1.9359978	-0.16727687	2.5832036	8704.755	62.068159	45.540623	-0.050170306	-0.10966861
1505	5.475304	-0.64600298	0.2995746	1250.7636	12.888318	9.4738235	-0.0037018618	0.0049392393
1506	6.206912	-0.32519391	2.3053007	8815.0464	79.835987	77.152314	0.53536801	0.16093855
1507	5.0978411	-0.16001988	0.67975456	953.60675	41.304029	40.13967	-0.038824037	-0.039683504
1508	1.9893055	0.42690922	2.6464385	10427.685	95.784402	58.878318	0.05839258	0.12291849
1509	4.8862669	0.70426964	2.6200197	1276.998	8.8180301	2.2500117	0.13373235	0.033915299
1510	2.6781868	-0.45188208	2.2867033	1208.6742	20.849016	9.9594761	0.077196229	0.01648903
1511	1.9368673	0.9112632	2.3812981	5035.6154	132.91613	116.47466	0.012621217	0.1376787
1512	3.3726702	0.1598563	1.1623113	1719.3771	12.495089	12.335678	0.2293375	-0.14642074
1513	5.5256642	0.44417339	2.6497479	2228.6949	33.456297	20.607147	0.23247666	0.068047013
1514	0.83288314	0.46881203	0.89334737	751.01742	9.8135367	8.9670917	-0.022554869	0.28120386
1515	0.38260371	0.83855539	0.53475481	5881.5595	65.870707	59.220468	0.015561733	0.071786062
1516	5.1354181	-0.11695054	2.5796245	7154.3193	50.974539	45.475838	0.056676159	0.027987815
1517	5.6635864	0.79058184	2.9226173	3483.6127	10.665037	9.3115669	0.0047691698	0.098258015
1518	5.7884489	1.2153563	1.1059409	8868.6984	84.704769	52.465247	0.021711157	0.05006086
1519	2.6774509	-0.21314539	2.8287813	3853.2719	16.615755	13.548693	-0.010412965	0.14618616
1520	0.33419137	-0.92778826	0.5057588	2391.3708	11.591951	10.999073	0.40370711	0.26317197
1521	0.77078574	-0.97931646	0.061025926	2853.091	13.548742	5.2470143	0.051982601	0.061638863
1522	2.1132379	0.14390924	0.6031779	385.05117	1.4111753	1.3177424	0.0084648612	0.01329647
1523	1.449679	1.1423673	2.8374206	3236.2063	12.985137	12.372384	0.023993644	0.00095684838
1524	4.317828	0.2079017	2.2608453	2995.0259	13.137916	11.329915	0.25290699	0.021116256
1525	0.64259497	0.8890092	2.8081566	3202.2018	34.591837	29.444789	0.014911821	0.045086173
1526	4.4103874	0.36079047	1.9690532	2911.6217	21.837235	10.26112	0.011876078	0.057591651
1527	3.1053091	0.78538084	0.5712502	10729.804	55.852259	42.306666	0.42123363	0.0057712398
1528	3.1237409	-0.27476201	0.73060363	4726.5708	33.855465	25.879499	0.091554745	0.014090562
1529	5.065992	0.1265409	2.3061831	210.28863	1.7865774	1.706326	0.001574684	0.053394531
1530	2.0999546	-0.39507036	2.5478134	1529.0325	17.365098	11.728419	0.033549204	0.42522532
1531	1.362157	0.26606667	0.53071062	3964.4396	47.017363	46.96003	0.098192675	-0.052451192
1532	2.9628132	-0.27410765	2.5001337	3895.2051	76.18224	42.457173	-0.056869475	-0.021982568
1533	2.2475212	-0.4652587	0.26305959	1947.5134	25.392012	11.157877	0.06389318	0.0037818948
1534	2.5644358	-0.86559344	1.0250332	812.32325	9.1592806	1.8070657	-0.00031406678	-0.0024776557
1535	5.3557505	-0.28601544	0.95259253	4360.9223	21.219606	16.821856	0.45116394	0.036849239
1536	6.1656293	0.11676505	2.9414995	439.08575	1.6377662	1.4834138	-0.20437044	-0.17829295
1537	5.7988135	0.77527219	0.49644838	3515.2267	18.159472	16.667036	0.75581242	-0.0075372473
1538	5.7062019	1.1148787	0.41496866	1396.6316	12.399221	10.360906	-0.17646098	0.045917323
1539	5.8733736	0.51730937	0.52478084	2050.4511	14.269142	10.533775	0.28677346	0.18706859
1540	0.091380253	-0.67855215	0.28700078	425.13193	1.382913	1.3592796	-0.016949341	-0.20894844
1541	3.7783829	0.69083349	2.2135799	6562.6165	69.270979	49.060213	0.042193329	0.223649
1542	3.4197452	-0.94192054	0.41661831	3354.2938	27.203198	15.429395	0.021721099	0.11449455
1543	1.013412	0.54156578	0.19359593	5337.1502	18.708368	16.444756	0.2046261	0.1403685
1544	0.62672424	0.89031626	0.23048881	3819.0518	19.866384	14.974169	0.18510192	0.072168078
1545	5.8120874	-0.94208521	0.73836871	5320.9465	25.779104	14.406354	-0.17884659	-0.015903615
1546	6.0909069	1.4371647	0.72888796	15432.019	156.6905	86.245069	0.15615301	0.099670039
1547	2.8255455	-0.20780154	2.7553613	329.44905	10.538618	1.5971239	-0.67116579	-0.0031728075
1548	2.4423424	0.60432767	0.6764039	10608.277	176.76995	164.92413	0.03671732	-0.038940566
1549	0.94616375	-0.47145991	2.2873505	1707.3754	8.7660496	1.9461062	0.10543701	0.017104588
1550	2.8454484	0.45729695	1.186721	1165.4796	25.86754	21.831402	0.010200443	0.19454794
1551	2.406787	0.42820768	0.46719112	661.0551	2.249526	1.5090482	-0.058935865	-0.0014431948
1552	5.8650421	-1.1335024	0.81738826	876.70539	11.879691	11.105597	0.0058804708	0.0090741887
1553	2.2956179	0.10556617	2.9904254	3449.9541	36.365867	21.6258	-0.0051257755	0.010223726
1554	3.7937672	-0.4783565	0.77631848	550.52369	17.036891	1.7170414	0.12271881	-0.13432191
1555	3.5710469	0.35755592	2.4166261	2016.5565	52.352266	46.100308	0.060118058	0.065934664
1556	6.0101215	0.12201606	0.021409176	875.49864	10.912369	8.8592681	0.12017567	0.12406893
1557	1.5980255	1.2607266	0.35625839	2919.4416	13.85536	13.851783	0.012249133	0.015005164
1558	2.4709579	-0.13602478	0.3654783	2517.5149	13.544161	12.761323	-0.28002282	0.0078480126
1559	2.0347861	-0.14935994	0.84308329	7652.7609	69.222758	52.95642	0.036057097	0.063972006
1560	4.058749	-0.50573556	1.6638438	2056.2448	18.339798	12.001282	0.052329089	0.0130822
1561	2.0700531	0.27372148	0.5627481	3734.545	51.054013	47.078455	-0.041243982	-0.021048081
1562	4.4560385	-1.3108267	2.2980056	6614.948	40.625992	35.59455	0.0066833735	0.21791173
1563	4.5866232	-0.14518824	1.2562585	1474.8659	19.556667	15.403501	0.52865935	-0.065187555
1564	4.5398199	0.9237829	2.2036466	622.79239	10.876005	2.0327521	0.0057565633	-0.063173039
1565	0.32900176	-0.32661685	0.54332818	4128.9639	13.885483	13.371586	0.073048898	0.093990962
1566	3.6639019	0.36456418	0.87470533	2303.5482	13.440833	11.445899	-0.12125972	-0.034463321
1567	3.3544249	0.57149199	0.70501621	4508.5055	39.207152	29.243311	-0.063065612	0.25776989
1568	2.0759484	-0.85457332	0.34845909	7586.6289	65.47879	22.33608	0.17697537	-0.043152422
1569	3.391044	-0.98702581	2.0027732	5483.2501	63.78367	45.255725	-0.0004733961	0.0052726432
1570	4.024514	-0.52461002	0.55853448	4520.768	18.142014	17.892996	-0.09099176	0.14698507
1571	0.22608854	1.1820938	2.1149186	1964.6454	12.537521	10.163793	0.0069149915	0.053352007
1572	3.5925024	-0.022709121	0.48700704	2024.9828	13.595293	9.8558189	0.23072768	-0.06735804
1573	6.0966429	-1.0370012	0.75421201	4779.6013	36.82592	17.38686	0.11221034	0.047725604
1574	0.6124151	0.79012841	1.3527377	6239.8922	61.935787	48.512083	0.079969886	-0.051273525
1575	1.9757469	-1.3590665	2.8132048	4272.3848	54.166469	16.190442	-0.040394362	-0.050941816
1576	3.3017053	-0.56292651	2.3607759	5604.2274	69.752339	42.655866	-0.29906048	0.25654627
1577	3.5246413	0.37417177	1.1630518	1115.7834	46.229328	43.912928	-0.0031909426	0.15092649
1578	4.0367777	0.43113797	0.47367526	2012.779	14.796511	8.8662575	-0.14808422	-0.22916748
1579	2.5893758	-0.22713025	0.32904342	829.65674	1.5262296	1.5069489	0.04055808	0.023529711
1580	0.31792818	0.87694474	0.78257499	601.02903	1.5568191	1.2883116	-0.017480632	0.11954746
1581	1.7966189	-0.99518799	2.4607566	4022.9381	41.200119	14.622958	5.6800799e-05	0.058705158
1582	5.1506035	0.70769619	2.443852	2979.7482	21.285241	14.567184	0.50760462	0.1252624
1583	0.012559199	0.59888236	2.1994654	3500.3499	42.600878	25.829931	-0.099977564	0.11423636
1584	0.27548717	-0.022095624	2.1830597	4637.885	46.999643	34.329932	0.0046929587	0.0064052066
1585	5.097562	-0.85459883	0.53732369	15989.883	79.47836	66.674461	0.082922487	0.022554286
1586	2.9095704	0.55330733	2.4005425	1330.8857	48.26785	31.642133	0.1945081	0.067757597
1587	3.055646	0.46774513	2.7208634	4602.3691	50.765717	41.471255	0.33244909	0.0092650155
1588	2.2247078	-0.93296318	0.71432233	530.80987	9.4642763	1.457215	0.2455112	-0.089371005
1589	3.5957414	0.29386629	2.5141751	2569.7828	12.868369	5.1973057	-0.29098935	0.12282139
1590	4.2096121	-0.88971273	0.92312445	4254.0778	48.494312	39.625883	0.11185361	0.00063922088
1591	3.758324	1.1568703	2.7428007	439.30676	1.5716644	1.4715547	0.10124225	0.072970809
1592	3.5352068	1.0410513	0.57727217	5423.0081	58.099298	52.787074	-0.091841222	-0.10096955
1593	2.0387174	0.79180609	1.3415523	5785.4807	101.51868	60.487137	0.12989038	0.26490655
1594	3.8419241	0.68910803	0.70051406	5963.8086	97.704175	58.412716	0.010451767	-0.058822332
1595	0.35003558	-0.36817553	2.9710712	161.21296	1.917647	1.8705718	-0.080839366	0.0042856522
1596	1.558052	0.5771233	0.73504983	444.6458	1.4774198	1.3958334	0.19641145	0.01757838
1597	5.5990881	0.45635991	0.87642558	8743.5964	46.614065	30.664997	-0.1707206	0.092763366
1598	2.7316534	0.22405147	2.8972675	2517.2538	15.769917	15.074954	-0.016107352	0.38579316
1599	0.70778773	0.15362664	2.4243671	1447.5616	12.752318	12.384964	-0.049402885	0.045978807
1600	2.3957244	0.15987362	0.35966195	3530.7071	13.852772	7.7246881	0.14980367	-0.079968119
1601	4.0973671	-0.84701441	2.3159852	11121.939	61.443133	49.736162	-0.25878007	0.0048887494
1602	0.79573165	-0.87857399	1.1880316	693.97739	8.8257777	1.6985858	0.34478248	0.21595587
1603	0.16028197	0.071752404	2.8714177	1977.6999	9.3999287	8.7261077	-0.19336941	0.013503539
1604	4.425913	-1.1348996	0.31137699	778.1786	2.5217701	1.9314775	-0.074860857	0.017886156
1605	1.8889821	0.78217413	2.718178	940.18645	41.010508	33.177499	0.083514209	0.21025406
1606	1.0760477	1.2256256	2.4508287	1693.2288	13.102904	11.780049	0.0036455568	0.092630746
1607	3.9471191	-0.83277495	0.60238621	2309.4101	14.147048	11.98866	0.10654825	-0.0096228542
1608	0.68742534	0.98152717	2.5646288	3343.2001	14.493594	13.098095	0.020568647	0.036787694
1609	2.395645	-0.8932624	1.8888193	3462.7113	75.440412	33.808875	0.085215085	-0.0015729551
1610	1.0670185	-0.66963777	0.53718995	2227.8724	12.945444	11.715419	-0.081332363	0.042986053
1611	5.5413887	-0.69998943	2.2578087	861.44398	1.8104183	1.5580788	-0.15323102	-0.055016505
1612	2.5672628	0.60014546	2.3351431	3397.7426	22.243482	16.188397	0.0055558012	0.016710784
1613	0.40994997	0.44885036	2.1590422	554.6335	11.173204	1.783505	0.0097946393	0.059327782
1614	1.339985	-0.15958615	0.60736437	5172.0449	61.097892	53.744734	0.02083332	0.29079957
1615	0.20888451	-0.62282931	0.64510941	3695.8546	50.128452	46.885699	-0.091378047	0.098976163
1616	5.2056334	0.21977524	2.324912	344.2776	1.4823842	1.43308	0.094612192	0.088185744
1617	5.9152479	0.1682827	2.1666027	1147.4087	12.148563	10.092366	-0.014734739	-0.0002840859
1618	5.4758047	-0.72903386	0.41501893	1691.1259	2.4966311	2.1243587	0.11950564	-0.055307564
1619	0.92268547	-0.73503722	1.122798	1095.0498	42.420542	32.410905	0.04795587	0.042383866
1620	3.5033123	-0.87264822	2.7853999	13746.172	71.308337	66.505631	0.39035752	0.019442485
1621	0.1849963	0.93309346	2.4611497	1461.3601	37.766942	3.8181296	0.25677661	0.088361593
1622	5.710081	-1.1081363	0.20335237	8549.0094	71.093993	48.34805	-0.023471998	0.13024334
1623	1.9501437	0.50480931	2.7010212	6962.7875	19.822557	18.353302	-0.051458453	0.250312
1624	1.2233969	0.33322751	0.50364811	577.96939	9.7130438	1.6500271	-0.073142699	0.060631797
1625	4.5192394	0.1034472	1.9495086	4889.4647	62.710363	55.424881	-0.0011701317	-0.08578561
1626	0.53794466	-1.2657816	0.82706489	8492.3683	61.944696	42.632662	0.18649545	0.054971379
1627	5.1346784	-1.2829189	0.065200302	3844.055	42.123644	39.146068	0.47177747	-0.0041184309
1628	0.37938968	-0.20391349	2.1284579	2197.7565	49.393594	33.611882	0.031471231	-0.16157563
1629	2.4882165	-0.79690327	3.0221582	1627.8502	1.6505738	1.5658829	0.15847994	0.15060853
1630	5.665423	-1.24834	1.8337862	8085.7732	89.181062	68.701015	0.03197203	-0.0011414429
1631	1.1010491	0.25125446	1.6984107	1271.8922	31.545887	10.518503	0.17457172	0.19645609
1632	3.7393382	0.1777802	0.85479703	2767.7585	32.507909	14.386303	0.08532893	-0.073257951
1633	6.1576912	-0.60330911	0.883922	1582.3718	13.378382	10.503992	0.025579866	-0.016747126
1634	3.260827	1.0250738	1.9335392	2009.5754	11.281333	10.203721	0.036800156	-0.023149161
1635	2.4240731	-0.20109683	2.1039967	617.1138	2.8853969	1.6116249	0.20631753	-0.091315507
1636	0.075048947	0.80201035	0.24896755	4888.5348	17.270426	16.45056	0.065257858	-0.044866818
1637	2.1283568	0.058699938	1.7229963	323.96143	11.195026	9.3028086	0.018383632	0.2394667
1638	0.11660443	0.85214532	3.0668206	2181.1522	12.425498	11.529372	0.10636867	-0.022288345
1639	0.15688496	0.32872497	2.6143511	361.8719	2.0540378	1.6510075	0.059028358	-0.081849461
1640	4.6230308	-0.43707603	2.539015	1650.2597	17.074587	11.211556	-0.082028024	0.054801848
1641	0.96292216	0.45007865	2.2556616	2280.3636	28.642995	5.8327833	-0.015169558	0.13394936
1642	3.9610171	0.97723513	2.9865806	4592.2876	56.833032	45.309452	0.078763904	0.11974966
1643	2.3749595	0.54701861	0.48131945	4775.1372	120.58895	115.23389	0.44862158	0.10081542
1644	2.9422879	-1.0390222	2.3914109	1854.7635	53.856653	30.320635	0.060864093	-0.090659112
1645	0.58040416	0.66729765	1.0341158	128.71793	1.5131737	1.341197	-0.0037078458	-0.00022443163
1646	1.5738734	-0.11647011	2.4535079	2101.5982	34.910171	11.173088	0.074655548	0.020817996
1647	2.7286697	-0.97552121	0.41201036	1258.2217	11.42815	2.381007	0.0029003715	0.1773656
1648	1.5888208	-0.82514498	0.59399699	4043.5347	59.755249	49.158609	0.0074786396	0.0046072843
1649	4.9614621	0.8750043	2.4060986	754.24192	27.45841	4.4789526	0.26528643	0.1962284
1650	4.9800952	-0.24859498	2.4226707	1070.6078	9.555931	7.9668021	-0.022609391	-0.0031342178
1651	0.14802631	1.2911941	0.52615155	1515.4905	25.303765	24.863041	-0.087295436	-0.038942221
1652	2.2613923	0.15093932	1.8450042	2507.0172	14.237788	13.916442	-0.037052407	0.058770569
1653	1.3678662	0.75492041	0.43906432	3560.9263	20.622635	17.14587	0.005804521	-0.015552856
1654	0.83071804	-1.2074113	0.55612204	533.55947	2.1843291	1.4884503	0.094668293	-0.063164821
1655	1.3558428	0.090188656	2.4303548	647.0182	9.1789161	1.5280942	-0.69004844	-0.001333365
1656	2.9583303	0.77256412	0.66408616	6025.5781	67.168988	46.543925	0.044380837	0.16350852
1657	4.4587835	-1.4543584	2.7831749	1821.5656	13.532605	11.98449	0.15541975	0.13893784
1658	3.4199215	-0.82852409	0.78406533	8981.1269	155.38504	79.456881	0.057579534	-0.2209628
1659	1.4209281	-0.055972593	0.8248052	592.1717	1.7838354	1.4056685	0.11046708	-0.059909247
1660	2.607377	-1.4349318	1.9296541	857.36396	36.070577	34.652918	0.03786016	0.056015503
1661	1.738732	0.91465156	0.20920755	5267.3271	51.543176	41.399446	-0.037514424	0.011266008
1662	1.9974601	1.0256622	2.3915161	7713.897	50.495906	44.834762	0.0051847366	0.14971065
1663	5.4078094	0.60598047	0.19551212	1674.7022	39.567483	21.830408	0.31871707	0.049298875
1664	1.8893485	-0.9483149	1.6305723	1838.3598	30.95286	11.441657	0.025346852	0.093692584
1665	1.9453597	-0.52356024	2.2304897	2800.2973	20.497179	20.136887	0.081983647	-0.02506833
1666	3.1388114	0.29899368	1.9112438	1678.7098	49.850702	46.759959	-0.13401553	0.30095533
1667	1.0568556	0.30750207	0.79605259	1110.206	12.079445	11.688404	-0.51021016	-0.12685182
1668	2.9862603	-1.2303229	0.71836567	2925.5577	54.661852	48.094985	-0.12620512	-0.10497467
1669	4.9439841	0.85144889	0.67290685	16174.234	107.03541	64.133806	0.25112334	0.25163594
1670	1.7595121	-0.3230113	2.5737597	9064.1525	37.44289	34.464482	-0.097590399	-0.040286131
1671	4.26742	1.0944528	0.57306556	1862.6066	47.373489	31.45465	-0.11526834	-0.014374844
1672	1.9688873	0.18297731	3.0623146	9179.6642	68.846703	34.818959	0.011335213	-0.00059294144
1673	5.4316265	-1.1925911	2.4761902	9969.6396	58.196487	44.257169	-0.098687749	0.11116624
1674	3.4665398	-1.0243681	1.4784371	3322.5007	26.755983	15.159162	0.11241808	0.027154652
1675	1.2872605	-0.32870516	1.5646998	362.921	39.618172	39.585483	0.14451788	0.030916171
1676	1.9812128	0.44236248	0.70422402	2576.9758	19.313411	6.1595713	0.094534862	0.167833
1677	0.2616744	-1.0753271	2.5324931	1611.3154	96.38477	28.035076	0.0019214653	0.27032378
1678	5.9803457	1.3900457	1.730417	1397.9149	31.391086	30.851863	-0.05532888	-0.080416415
1679	0.43048761	0.402058	2.7403945	1901.4904	12.805117	11.351352	-0.017280684	-0.030628603
1680	6.0351554	0.0029074245	2.1958573	903.24977	11.447988	10.44658	0.037408762	0.045920235
1681	1.9098958	0.096629103	2.5039015	769.76524	1.7563922	1.4652397	0.032065701	0.14322987
1682	3.1307428	-0.73857885	2.2842645	7036.1559	57.704455	29.965427	0.038984943	-0.071065606
1683	5.6039352	-1.0761669	2.0948012	912.91912	9.8719481	1.9665213	-0.024475285	-0.021281148
1684	0.16966093	-0.5473109	2.5348597	4623.3668	15.227619	14.445917	0.15183093	-0.029573079
1685	1.3631024	0.55488543	2.8232272	626.99888	2.343835	1.5384299	0.18170728	-0.10094698
1686	2.339831	-1.1087589	0.9531011	5052.7961	58.468785	58.411521	0.17326129	0.022858759
1687	4.6585725	0.13273952	1.2660089	919.1618	11.4978	10.307581	0.11569681	0.55584507
1688	5.5538841	0.0098293559	0.73800818	5993.7356	24.163733	17.055845	-0.015024685	0.015384275
1689	5.7553775	-0.63744079	1.3326428	224.09099	2.1099307	1.5703013	-0.0080680351	-0.0001603309
1690	1.2644251	-0.42840623	1.2632257	230.60872	1.8799893	1.3790321	-0.070854482	0.10938831
1691	4.0924635	1.3806255	0.10081281	1539.2693	3.3071852	2.8642096	0.016359448	-0.035607038
1692	0.172616	0.067174756	0.19214629	4711.2644	46.265174	38.334268	-0.13151128	0.031284796
1693	4.6596051	-1.0136628	1.2338979	8901.5026	69.943186	68.99206	0.11574768	-0.12350615
1694	2.9245767	-0.56222239	0.33071084	1002.8169	9.0140563	2.0302233	0.21907775	0.079293545
1695	1.4161676	-0.26268687	2.4751431	5570.0038	109.64601	79.209698	-0.071429031	-0.017934522
1696	5.5698216	-0.18116634	0.39728779	6993.9524	73.480265	62.959832	0.12768248	0.015787883
1697	1.4784637	-0.58325024	1.8842784	1109.5165	11.609353	11.1561	0.19619217	0.03746778
1698	2.4916297	-1.3031395	0.79798208	3027.9036	52.40902	12.783328	0.1004456	0.15357844
1699	0.60503561	0.31380467	1.4250106	425.12088	8.7582899	1.5521987	0.0016570481	0.028782913
1700	2.3461269	-0.58326991	2.6707557	6580.5238	62.414269	54.12024	-0.0025497132	0.021502897
1701	5.0780927	-1.254384	0.91572149	2286.3412	50.862292	45.217491	-0.053322841	0.12193976
1702	3.3506756	1.3308413	2.1533478	4572.8785	32.554208	21.678642	0.18787947	0.30912539
1703	3.138426	-0.2600065	0.84398905	1598.121	14.436744	2.4740445	-0.14655074	-0.28472158
1704	4.6813446	0.59362233	2.0931655	2178.4288	11.295554	10.680021	-0.019273541	0.076998848
1705	2.2001363	-1.2570928	1.2029955	818.46982	11.783076	11.221079	0.017048731	0.11464764
1706	3.9400393	-0.55919837	0.58562923	1429.1738	13.370569	11.933974	0.1404753	0.10014096
1707	4.4927731	-0.68024146	2.6033903	3603.4789	17.732294	14.717404	0.11237237	0.15897395
1708	4.5281254	-0.36552207	0.47366354	2049.4356	42.927612	27.077372	0.13767401	-0.080322348
1709	5.23341	-0.45453878	2.3314863	3277.83	14.055411	12.086783	-0.33693974	-0.037377711
1710	4.3763622	0.61116783	0.36154656	1059.043	1.7555698	1.4436982	-0.022914786	-0.049156576
1711	2.5997268	0.060463611	2.0659244	7687.4317	65.844509	62.26402	0.17313981	0.0094430339
1712	4.4500924	-0.04560966	2.4702528	198.45322	1.3536894	1.2972764	0.040424811	0.049921164
1713	2.7806949	-0.98226297	1.6318761	6991.5528	66.650915	66.004162	0.1362023	0.090076426
1714	2.001446	0.38656673	2.2483206	3858.3038	14.521308	10.631755	0.00087943315	0.093442219
1715	1.2253747	1.2468937	0.96939492	1275.3107	43.566058	16.97133	0.0063247359	0.10115639
1716	5.4117852	-0.50555739	2.497088	5528.5791	53.915528	44.154536	-0.026546525	-0.038792151
1717	1.3830131	1.1210018	0.97385175	4825.0235	16.325699	15.841251	0.1476572	0.30844136
1718	4.1788288	0.19479726	0.57729888	2106.638	11.451028	9.1768776	0.072816997	0.20893672
1719	5.268468	-0.63897345	0.96097682	2640.6034	26.594186	14.947505	0.025583538	0.45591318
1720	1.4548092	0.13059623	2.4703336	621.32102	10.343995	1.8876838	0.27142232	-0.0068339967
1721	5.4377239	0.92095831	2.315469	1545.9088	11.658968	10.767334	0.23269195	0.078427544
1722	1.7499651	-0.61835334	0.86557814	4496.5094	18.162068	15.520841	0.57821344	0.053185303
1723	0.43514404	-0.39495601	2.1765203	1469.2177	40.855642	1.9644247	0.25600819	-0.014102959
1724	4.9867449	0.55056695	2.2246904	5317.76	65.368193	48.941918	0.16610409	0.19361834
1725	6.0167988	-0.34337373	2.3996726	770.14757	9.1638839	9.0041573	0.0038030746	0.14159077
1726	5.8883866	-0.83108814	0.60946635	2101.79	45.94929	13.846555	-0.17146895	0.018183427
1727	3.167251	-0.48073343	2.5414734	6572.0413	57.887671	45.652412	-0.13525791	0.15831041
1728	3.1264751	0.43700983	2.3737609	3414.773	55.596698	44.398417	0.38775538	0.026432754
1729	3.5201935	0.15051889	0.36960718	2766.3296	15.400435	14.572276	0.0053451144	-0.055203439
1730	5.4283253	-0.48098221	2.1780268	3013.7737	32.694411	14.860329	-0.045439405	0.23784878
1731	0.90988734	0.49588566	0.53688078	403.36826	1.5837858	1.424956	0.041555684	0.10708979
1732	3.7949139	-0.76217281	2.2563025	5639.057	19.88064	14.513472	0.081395079	-0.062364439
1733	0.74408351	0.28126707	0.50952084	10380.455	62.159936	53.42706	0.031350537	-0.15722348
1734	4.3919211	0.65689906	1.1722017	4158.169	60.72461	60.38334	0.085540116	-0.15507616
1735	3.6799949	-1.0545903	0.41774155	2219.8755	52.711961	49.418637	0.017102353	0.073631793
1736	5.0764225	0.45232095	2.2441073	9821.822	175.9789	60.923707	0.19138565	-0.17955514
1737	5.6520932	-0.34576859	0.56757525	2732.8606	10.994959	8.7753494	0.15702861	0.053723485
1738	2.4666939	0.60362997	0.66575312	3405.6388	40.76334	34.313196	-0.16992176	0.36256263
1739	6.0772273	0.6496455	0.15213327	13633.645	84.32742	83.331972	-0.068363509	-0.36199595
1740	0.99848835	-0.11539904	2.6879434	204.89357	1.4942497	1.3780921	-0.054986893	0.0028489981
1741	1.6615087	0.17267448	2.0459552	1189.3953	9.9930283	5.8309611	-0.16007144	0.5435337
1742	3.4456895	0.72432633	0.40369257	5155.6055	50.151814	48.519315	0.21637679	0.02002584
1743	1.1646301	-1.2801017	1.7850401	641.37595	8.712354	2.5363676	0.51710418	0.01940925
1744	3.846038	-1.0655006	3.0600462	3083.2427	14.374871	8.1441975	0.00025646447	0.13844342
1745	4.9543328	-0.22651256	2.1294328	184.98732	8.3188188	3.6245837	-0.024821795	-0.031072161
1746	5.1835902	-0.55549142	0.6062863	675.20551	20.39981	10.962671	0.0079572954	0.066027672
1747	2.1039427	-0.28834705	1.566141	4599.5331	67.602534	59.825039	0.15283608	-0.0042619463
1748	3.5872209	-1.3654865	1.847258	1281.9241	10.021001	4.1482066	-0.014060197	0.0082768442
1749	1.8082829	-1.0397203	1.4243852	3408.4334	99.177732	57.474624	0.015172246	-0.028649753
1750	1.3605345	-0.67458836	0.44666862	2492.3376	14.910615	9.733048	0.13298602	0.035001032
1751	5.1936795	-1.1406398	3.0014747	1485.5824	10.546278	1.6349493	-0.033962588	0.084020179
1752	0.29608243	-0.52633251	1.1073151	1511.5366	12.544274	11.205545	-0.11280912	0.062812716
1753	0.73287571	0.90698412	2.3068325	3825.945	50.111568	12.342204	0.11970377	-0.091254888
1754	2.3924188	-1.0773614	1.68379	2459.6204	38.050639	29.435825	0.075378775	-0.0018530746
1755	5.874626	-0.61004911	0.5698942	6109.8209	63.689669	25.44258	0.076256672	0.018116812
1756	2.6838152	1.0842988	0.70615981	2832.6491	70.2059	40.594467	-0.028327316	-0.052705289
1757	4.2865365	0.55704839	0.54390201	1102.487	11.925212	1.4788475	-0.03455678	0.12653143
1758	1.6001908	-0.21617955	0.77712584	2024.5385	13.951839	13.249047	0.0033582375	0.051098663
1759	5.8850676	-1.2499935	0.46674765	6639.5997	72.427251	54.691093	0.0042443641	0.095764206
1760	4.5470539	0.19798533	1.2230639	1955.8718	30.061777	23.747857	0.15392059	0.11779811
1761	2.8868579	-0.28140232	2.9703161	8913.1889	34.465957	32.074887	-0.0072960758	-0.16295125
1762	5.0305174	0.18970799	0.13764714	4671.6077	14.167639	13.950556	0.22687868	0.13699964
1763	0.15807887	0.90262835	0.11202778	2551.4926	12.744074	10.08431	-0.13302558	-0.0039132325
1764	2.1580115	-0.60358074	1.2722948	4291.903	58.656223	57.737798	0.11244137	0.00714278
1765	4.8171439	-0.37674425	1.9002952	342.19545	30.172626	1.3244782	0.034484103	-0.018599319
1766	3.2328885	0.90208913	2.6319157	774.79254	10.961908	7.3029614	0.47599586	0.0033196035
1767	5.9874947	-0.50924259	0.48176614	8126.049	93.107567	64.842584	-0.22426976	-0.019517548
1768	0.86727307	1.0967004	1.8595201	2226.6797	62.314543	50.854393	-0.198692	0.34338345
1769	6.0771022	-0.051106606	0.70524086	2764.6176	49.106956	46.841237	-0.0004749074	-0.036980232
1770	0.67204796	-0.6978035	0.96928994	4570.8231	15.285377	14.894987	0.039906425	0.11381316
1771	5.9755859	0.010349411	1.2475763	338.94227	1.5912923	1.5887781	0.12924125	-0.25354665
1772	6.0834856	0.95313662	2.3782441	236.4118	1.857479	1.2839022	0.043159069	-0.13447808
1773	6.1291297	-0.97994406	0.82562991	5165.1209	58.825835	41.351448	0.026052488	0.15241389
1774	0.37181512	1.0252492	2.513421	5893.5194	75.793745	66.237179	0.012881147	0.15410308
1775	4.1719756	-0.6766577	2.4360832	8636.7892	83.998266	83.379378	0.064279984	-0.0010001859
1776	1.6638723	0.49324601	0.61858695	3290.1775	38.493112	19.926307	0.044211041	-0.026177335
1777	0.96723697	-0.35509632	1.7340016	2104.7628	24.807341	11.457129	-0.003840179	-0.1704914
1778	3.4186726	-0.011756913	0.55219182	6003.2372	65.818333	49.380848	0.28043214	0.035084969
1779	3.116652	0.85774403	0.39278407	6962.0623	33.656656	31.833366	0.091142072	0.03875338
1780	0.890684	0.04105854	2.168304	2241.7646	35.789179	35.584004	-0.087331416	0.16331579
1781	5.1687683	0.57067303	2.681556	881.47953	10.03088	3.3955606	0.042545113	0.00068393661
1782	4.376446	-0.62188858	0.65351432	281.69096	2.0781851	1.8626866	0.056572621	-0.088157743
1783	3.3371576	-0.33047312	1.9796102	681.84187	14.427436	2.7042302	0.171148	-0.20659812
1784	1.1970428	-0.31482413	0.40211861	3056.6942	14.97272	14.199391	-0.0010528373	0.093343283
1785	2.3541276	1.1963728	0.8076889	7135.7765	75.575858	69.445798	0.087927825	0.072407193
1786	4.7506122	-0.1953915	2.4554302	1773.0942	12.722344	10.835345	-0.089678069	-0.011753769
1787	0.5382224	0.61488408	1.9534618	1054.4564	113.00299	59.538752	0.0073976346	0.057363695
1788	5.0712099	1.4725731	2.29353	3981.8724	55.312836	49.395606	0.14203387	-0.019552361
1789	0.7769938	-0.56092104	1.0802644	1192.3312	73.547129	26.740175	-0.07600194	-0.024918389
1790	0.33835669	0.64722742	0.83389234	1219.706	11.335514	10.421755	-0.087392047	0.014328258
1791	3.807421	0.46045812	0.60916471	468.05618	2.805286	1.5333959	0.019381871	0.083032169
1792	3.901496	0.0448311	0.17539733	13717.668	111.92019	82.365527	-0.38935783	-0.13570393
1793	2.7191437	-0.73083658	1.1738207	818.40045	43.58417	26.018023	0.055080292	-0.031834898
1794	1.9613126	-1.2768041	0.85105354	480.99109	1.7671691	1.5239935	-0.12786493	-0.013746877
1795	1.3301645	-0.096319068	2.9858592	2271.8407	13.66817	6.4668565	-0.0052561519	-0.052133223
1796	3.3011302	0.28963618	2.3779097	732.7652	2.7607397	2.6756596	0.21195031	-0.012757081
1797	2.3682099	-0.3959631	0.37691957	7924.6392	49.882317	49.843324	-0.074830875	0.30443084
1798	2.2416437	-0.5262741	1.0045327	1477.5797	11.522309	2.0605614	0.50400458	0.18691709
1799	2.1382814	0.20222551	0.55617585	537.0938	2.3856123	1.4842863	-0.073101978	-0.062469644
1800	0.37407292	-0.95269766	0.2244507	8971.4298	133.82152	84.265768	-0.099409535	-0.21257309
1801	5.5853271	0.33229063	2.578137	3476.2629	14.074626	10.998902	-0.0066622538	0.038620559
1802	5.0677392	0.31937231	1.5555601	372.50781	7.5248318	2.2575774	-0.16042122	0.016425894
1803	2.3798796	0.51502864	1.1574044	694.87734	3.4386178	1.3373869	-0.00082561975	-0.077314748
1804	5.5296795	0.29571181	0.79644009	8642.5431	73.267112	52.433471	0.15722119	0.017084431
1805	5.3780176	0.81305545	2.8583694	4574.4616	16.802402	14.816318	0.012396244	0.19719869
1806	1.6836408	1.3972936	0.81811158	5912.5086	55.250468	39.23958	0.013857076	-0.077911161
1807	5.9385621	-0.25455042	2.6319797	6459.2182	64.425827	52.511017	0.048110336	0.098338558
1808	5.4781417	-0.70068447	0.69998634	525.62874	3.1665463	1.8487083	-0.061742349	0.089018535
1809	4.7805997	-0.8281718	2.4977256	6107.3805	54.425394	48.518883	-0.10583854	0.22701565
1810	4.590522	-1.2270046	2.2542924	1675.4478	15.780807	11.685616	0.012288679	0.0014210899
1811	2.331265	-0.63030219	2.9560812	3424.4424	63.030833	36.86896	0.15212146	-0.034097948
1812	3.9913417	0.46151797	0.52644526	1258.4024	18.356405	11.009218	0.31017763	0.11350272
1813	2.3823747	0.63486355	2.1766957	1093.5324	12.255076	10.1228	0.11953963	0.023716451
1814	5.232199	-0.83035227	1.2924998	1094.4459	11.543822	10.473776	0.021234181	0.0027322683
1815	3.6706997	-0.75478511	2.4008168	955.85094	12.400344	3.3734363	-0.13259755	0.061533808
1816	0.69596357	-0.6375992	1.026534	844.12011	10.160577	10.1109	-0.025680356	0.0086459239
1817	1.7767303	-0.55361525	1.9184273	691.98379	16.470797	15.306439	0.051211111	0.21461486
1818	5.2067901	-0.90129474	0.57906198	2980.5627	57.635482	50.948656	0.012875372	0.25640123
1819	4.457924	0.91428182	2.4213311	10546.667	85.859045	57.122969	0.026788513	0.029390616
1820	3.5052212	0.17119004	2.6154536	5067.4809	22.078104	19.550389	0.14595986	0.24033112
1821	5.5915478	-0.87016352	0.50780932	7198.1815	55.307588	37.907816	0.035975717	0.0075407245
1822	6.252174	-0.049769769	0.32058777	1775.7578	12.497708	11.717164	0.068136876	-0.081214554
1823	3.5694219	0.5861506	2.59695	2044.1989	10.336628	9.8848354	-0.095886685	0.21055203
1824	2.6445897	0.92172379	0.23630154	3314.5539	27.994168	14.71429	0.10580651	0.041269461
1825	1.2554793	0.7528898	0.66426489	2085.5041	13.757428	3.7610156	0.032577418	0.061641472
1826	3.2998858	0.43542923	0.9808099	4217.4687	46.074172	38.549605	0.01986612	-0.087573596
1827	4.2820649	0.61812035	2.4571956	4727.6413	31.536319	15.307041	0.12397497	0.3401171
1828	0.81900004	-0.25968092	0.76404537	1011.7972	11.007901	10.402291	-0.0069848175	0.2109967
1829	1.7400155	-0.8988037	2.7152341	4432.486	13.938195	4.62029	0.64889884	0.0084155686
1830	5.937665	0.46091947	1.534979	560.4111	36.733997	34.724498	0.1912391	0.12645348
1831	4.2586073	-1.0879427	1.9280421	2274.524	32.880545	12.115088	0.067135343	0.051110655
1832	0.33454463	-1.4352526	2.5071249	2807.4811	14.339306	12.465151	0.25301157	0.16574211
1833	6.0761927	0.35090151	1.1625242	1274.4685	10.236961	3.0637241	-0.21859839	-0.31015586
1834	5.2167486	-0.27088557	0.81804988	571.02569	1.9250571	1.5590735	0.083223894	0.022429955
1835	4.0082421	0.56756294	2.8022091	1603.7922	12.112345	11.41424	-0.10815586	0.026265843
1836	6.2255339	0.9485935	0.57373831	5977.01	67.950175	67.190627	-0.16339556	-0.12695927
1837	0.12745258	0.18219437	1.4406486	593.14748	26.900869	24.24816	0.031815234	-0.047925211
1838	0.74962958	-0.4572789	1.17498	6413.9393	57.77237	56.798137	0.075099489	0.24675369
1839	5.910553	0.34404568	0.76005443	6015.6191	54.58233	45.413979	-0.027133213	-0.26530945
1840	5.4624691	-1.275807	0.063809724	3394.6129	12.631242	2.5364336	0.0058059113	0.083197577
1841	6.2403905	0.6276919	0.90892613	353.30748	1.5791273	1.3677079	-0.022160018	0.22069794
1842	5.2528389	-0.41266896	1.0598188	6596.0796	63.672438	54.764659	-0.06468781	0.11345453
1843	2.2850541	0.16569055	1.8423033	5312.8075	66.278424	60.997832	0.090403611	0.024591176
1844	3.4499811	-0.50946308	2.3205592	2624.0592	45.919944	43.958205	0.16664563	0.024394241
1845	0.89396081	-0.86382488	2.6759599	7010.4923	111.86835	68.119858	0.08265886	-0.15822162
1846	3.1255524	-0.25779	0.43663924	1685.3584	12.190168	11.967636	0.029459242	0.34323196
1847	4.7909521	-0.69679882	2.9122539	1332.8624	5.1567626	2.3603182	0.5982728	0.20138393
1848	3.3265044	0.041208781	0.90273121	885.64628	9.5053556	7.2702931	-0.062325236	0.022189737
1849	0.17104074	-0.044719991	1.6444281	2014.6347	56.927899	14.660848	-0.0043701622	-0.095583852
1850	2.0798335	0.57878621	2.8644645	13215.363	78.613645	69.134779	0.097534199	-0.25775852
1851	4.6056273	0.23497232	2.1324805	1411.9042	26.925924	15.073451	0.00032541088	0.082716077
1852	5.6225414	-0.45882869	2.520237	1094.9114	4.4349203	1.6542223	0.20045008	0.058517996
1853	0.049087586	0.47508544	2.2052793	3672.8694	85.156794	14.56025	0.11201936	-0.11671746
1854	5.1532035	0.82557387	0.34164706	5712.9923	53.82739	40.250421	0.034926596	0.06922111
1855	2.628917	0.71355526	0.87684065	1482.2519	34.892452	27.889083	-0.18292489	-0.04946593
1856	4.834117	-0.7817484	0.88694027	1914.1686	12.725857	12.273853	0.026923145	0.015167134
1857	6.0523482	0.66836368	0.34424011	3622.5515	15.398172	12.339689	-0.022249911	0.0058739145
1858	3.2754892	-0.34669199	2.4275796	500.73535	10.4762	1.8666318	-0.027558991	0.01459472
1859	1.4346643	0.36070855	0.57603527	14963.774	160.9844	106.58588	0.021686906	0.050236777
1860	2.4595825	-0.66107946	2.9870213	1430.5249	2.7007893	1.5740122	-0.0049681024	0.21295896
1861	4.0396711	0.38596362	2.5912285	727.47567	24.08879	9.3861844	-0.001316237	0.012073605
1862	3.7544328	-0.32430837	1.0283907	1476.6561	16.023087	15.01394	0.0030475838	-0.33184948
1863	0.88592357	-0.80211736	2.8396306	3358.5348	15.017203	14.505381	-0.12518198	0.025233696
1864	3.8005648	0.18789035	0.16339323	2356.2506	12.376669	12.110313	-0.035413256	0.15044732
1865	3.7751521	0.74323803	0.47031089	6048.8494	60.532963	50.222376	0.090703515	0.15680727
1866	0.1936469	-0.68329817	0.96028135	2598.8906	14.688302	14.34749	0.034580871	0.070713695
1867	4.5611563	1.1902265	1.18744	1516.108	11.629477	7.4966676	-0.047788173	-0.080549703
1868	4.2565122	-0.43920642	2.4185348	9242.2945	81.065851	62.445973	0.16859508	0.0015728162
1869	5.0749563	-1.0564982	0.13214367	2490.7001	11.895538	9.9024449	0.075607556	0.29475908
1870	4.7132036	-0.2413741	2.1168469	2788.0259	48.382176	34.575886	-0.040801061	0.05128238
1871	4.0595154	-1.3557635	0.95243491	3132.7324	46.20173	39.051338	0.27790614	-0.17647133
1872	2.4248653	-0.45561281	0.39582586	3045.9178	16.025861	11.782136	-0.053041435	0.00046964592
1873	5.6765983	-0.2216267	2.144121	575.70663	19.344656	18.153545	0.12347941	0.064849139
1874	3.1151097	1.2423307	1.349842	4198.4747	61.997219	60.707465	-0.12345542	-0.064380025
1875	3.3752218	0.38188434	0.75814954	103.25822	1.646333	1.2604587	0.052169851	0.19800036
1876	4.6932659	-0.068713411	0.28338561	6654.0707	43.346749	41.516269	0.59145576	-0.30135931
1877	1.907615	-1.0696285	0.85923071	3081.0908	46.835626	35.636699	0.059719595	0.073859008
1878	0.33882671	0.068243031	2.0956887	1526.409	14.847231	11.222592	-0.015327454	0.077604559
1879	3.7276646	-0.16578765	1.8399022	2660.3303	47.452108	45.539662	0.11078682	0.054426891
1880	2.3723672	-0.0058398468	0.13970274	18177.47	94.121396	93.1966	0.072280686	0.57235161
1881	2.463258	-1.266179	0.16423511	2484.8894	15.776473	11.184867	0.047777783	0.090111125
1882	0.54211705	-0.95410891	1.2148609	491.4423	1.9257298	1.7401125	0.051935326	0.1383182
1883	2.1453526	0.89647546	2.5558654	2716.4424	13.09474	11.832957	0.17025332	-0.33207695
1884	0.85108729	0.74702983	0.65286304	6022.5691	143.04112	136.17596	-0.020564869	-0.021724006
1885	1.6555864	0.64643577	2.8388616	874.47549	27.224682	2.6825667	0.22425507	-0.041900408
1886	1.365202	-0.59823157	0.70947997	905.78575	2.7557863	1.7881693	0.022057313	-0.061987575
1887	0.41535729	0.71273374	0.41873472	1841.1112	29.223331	28.717278	0.0040732491	0.017521319
1888	0.40094807	-0.65119055	2.3795173	8062.3353	73.912854	65.534009	0.15946433	-0.26588663
1889	0.91353533	-0.74077018	0.53018651	7658.382	73.816855	45.997164	0.021881245	0.18080094
1890	0.82030077	0.16715283	0.85012693	494.38746	7.1562919	1.7620421	-0.0049405377	-0.040813126
1891	3.1072519	-0.40110351	1.8785197	2371.9206	33.354417	13.813839	-0.34009256	-0.32224439
1892	0.36884471	-0.21486977	1.4178687	1067.074	11.715724	10.619841	0.022375598	0.30891083
1893	0.74776975	0.91517482	0.5686242	2834.5846	15.15731	13.768813	0.3820478	0.0089781964
1894	0.45903731	-0.13428036	0.50562761	2954.1292	36.513476	32.360667	-0.10592246	-0.017527871
1895	0.30987066	-0.40434288	2.3813853	6480.192	109.42476	73.790216	-0.22496363	-0.050865197
1896	1.6498963	-1.0130131	0.11177446	3074.6257	15.096668	13.558456	-0.37910829	-0.031103424
1897	1.3221545	0.59161446	0.62146069	4960.5997	118.75945	101.92398	-0.0341362	0.029317178
1898	2.8363659	0.62663528	2.9224485	7427.4878	66.792017	66.134487	-0.015478176	0.37260231
1899	4.8843463	-0.94559751	2.7871977	15668.895	230.67906	124.87054	0.59959582	0.35199967
1900	4.9288891	0.57694139	2.3585485	5030.1439	81.258462	49.854746	0.039950793	0.0015987817
1901	4.1434886	0.36629862	1.9128498	2295.1617	27.896259	11.377369	0.42761854	0.21618365
1902	3.6416595	0.36211725	2.2957836	1974.5659	12.331876	12.114379	-0.078109533	0.12765842
1903	3.0407165	0.65748737	0.640441	2141.0523	11.397265	11.247207	0.041781779	0.042012604
1904	3.8173678	-0.55243737	2.2723581	12670.623	87.107331	68.576165	0.0056402469	0.069640007
1905	5.8080962	1.528154	1.7472364	315.48866	4.1646912	1.5239535	0.1313531	0.27754273
1906	2.0366	0.16682739	0.71495379	1485.9962	12.592776	10.92056	-0.10061725	0.2872352
1907	4.0653471	-1.1436807	1.9596082	859.13732	11.536113	3.0127023	0.17509973	-0.0090055151
1908	1.7630305	1.0537909	2.2833856	7047.5268	76.40404	70.936864	0.0032709438	0.027919998
1909	5.7371749	0.39216327	0.92906858	1583.8536	37.648223	36.643252	0.088633058	0.11511784
1910	1.1500795	0.16358535	1.1809745	391.69518	10.231124	9.9659606	-0.075390567	-0.0049132748
1911	4.8782599	0.5314207	0.30017655	4460.1508	17.048663	10.638586	-0.0019972274	-0.00033884022
1912	0.049466708	0.7646523	0.85863919	4440.5394	27.812667	14.005046	-0.63801728	0.009242306
1913	2.0398731	0.30334741	2.4783286	2918.9464	37.657379	36.613456	-0.092555224	0.063943751
1914	5.5636729	0.59280245	0.3985073	1610.9662	42.410873	9.5300818	0.23105038	0.041274656
1915	0.30804925	0.96107842	0.45720517	1486.7286	10.580954	2.7752202	0.17939571	0.019740291
1916	3.7547763	-0.79724992	0.72151622	8416.7843	76.958063	75.104923	0.1513868	0.18933613
1917	1.4185589	0.39500616	1.059397	1443.287	48.908185	38.711231	0.088843873	0.0093623001
1918	1.5914134	-1.2712122	2.2869208	3715.3149	92.738905	59.519975	0.34515	-0.051251931
1919	5.5602861	0.88925829	1.9745313	871.76921	10.321172	8.8148912	0.056228926	0.14184498
1920	0.77652639	0.11795145	3.0223206	8136.3987	69.007577	21.188799	-0.021683496	0.001878875
1921	5.5300835	-0.81580951	0.23667245	3158.9111	44.394186	15.185521	0.007196282	0.070586318
1922	0.15610182	0.51500532	0.72888237	4834.095	38.359863	16.955884	0.0093522649	0.40089823
1923	0.82023801	0.21283835	2.4919492	2219.7783	12.526513	10.861732	-0.35782676	-0.095762707
1924	2.1561582	0.58837305	1.9381024	3172.5482	47.004404	42.088283	0.11140512	-0.042796665
1925	5.6687593	1.0162566	3.0701908	2899.6271	101.4363	99.623592	-0.018370293	0.091533839
1926	2.667659	0.14177416	1.0725908	277.50529	1.5129416	1.4669696	0.013662551	0.1147488
1927	3.047346	-0.53046292	0.5105164	1853.5721	12.888627	9.6494703	0.02326271	0.19177791
1928	2.3587125	0.1309153	1.3356696	1358.0128	11.825812	11.008262	0.017975326	0.0018796658
1929	2.7268151	0.88759739	0.41876341	3294.0031	15.091849	14.85896	0.34756061	0.0033850693
1930	4.5359713	0.52164468	0.099179709	3452.4951	46.567964	24.280342	0.00039704102	0.13727898
1931	4.6609678	-0.058704298	2.9398984	3474.2793	35.790768	15.016454	0.027287924	0.47341368
1932	2.5888398	0.17527169	2.4873701	2940.8374	12.105478	11.73478	-0.12817006	0.17965248
1933	0.95344781	-0.18645957	2.1173911	995.46674	7.4819144	2.264686	0.04616203	-0.0017927891
1934	3.7546771	0.25536749	2.3830014	3632.5844	17.660393	11.244097	-0.0097844457	-0.3459243
1935	6.0055358	0.39992524	0.64470134	12464.11	84.567332	83.845411	0.34040553	0.026354016
1936	5.9858303	-0.69961954	2.500123	446.28182	10.214009	9.3881919	-0.031748494	0.067834837
1937	0.86967168	-0.39644935	1.8281176	1150.7073	35.877572	32.369394	0.14521339	-0.019027896
1938	2.7232386	0.48177318	0.32057581	4282.5303	78.436359	53.981895	-0.02472208	0.17596432
1939	2.0900057	0.21484437	0.79140439	824.48312	8.4676579	7.1435167	-0.076316987	0.059871496
1940	1.5676436	0.31318439	2.2704436	548.1544	11.75121	9.8524089	0.0013767873	-0.21017422
1941	3.704306	0.33193629	1.8547633	4063.0745	46.405726	26.73683	0.0014132253	-0.19907426
1942	0.068235076	0.51496069	0.29846409	11884.684	71.849528	48.82763	0.46849456	-0.046350212
1943	0.99621919	0.56265623	2.824655	2952.1233	25.966643	13.666048	0.33959837	-0.28408672
1944	2.2167942	-0.0092511931	0.41618457	6533.7373	46.654644	42.645627	-0.12685968	0.016300072
1945	0.070061722	0.65622911	2.7339329	8046.3599	20.631141	18.443974	-0.01563519	0.18901803
1946	1.0059058	-0.45639953	2.674425	2447.0236	13.18969	13.044414	0.08153659	-0.073585499
1947	0.2904253	-0.35443295	1.9215112	3250.749	61.400962	53.612552	-0.094667275	-0.28171791
1948	3.224839	-1.1786648	0.11781144	7860.3172	51.871231	47.890737	0.13540635	0.056311818
1949	6.2165831	0.21950067	0.52806042	4409.5888	73.437023	50.023076	0.14689765	-0.053140223
1950	4.1908068	0.60944854	3.0845296	1414.0543	1.8444663	1.7023521	0.00059076104	-0.0032686148
1951	1.0260894	0.75051346	1.0259342	3322.171	53.182844	51.97363	-0.098536163	0.054872819
1952	5.6905159	-0.73834811	0.89027251	1060.808	6.5242142	1.5187629	0.074812721	0.22866766
1953	1.6020391	1.172088	1.2170648	1959.786	70.898339	45.215493	0.094305914	0.51718801
1954	3.4204032	-0.021789315	0.89844295	918.14474	14.132314	10.754991	-0.020714012	-0.10356511
1955	5.5335041	-0.94061612	0.25145043	2363.9562	47.42778	38.834169	0.06678013	-7.2810946e-05
1956	1.8303279	0.68610889	2.5474737	4354.1547	83.803703	53.294302	0.028604417	0.21953317
1957	0.36110457	-1.2901912	2.4614647	2452.7781	14.952424	10.782057	0.018774475	0.35008798
1958	2.6411743	-0.013386321	2.3357181	1142.1378	10.165647	8.964085	0.038536689	0.071392572
1959	2.4686736	0.41735248	2.8724931	17629.887	75.710615	68.220755	0.029168098	-0.057455419
1960	3.6449624	1.0654456	2.4432359	1684.7051	11.713479	11.217023	-0.072065587	0.033024229
1961	3.6386493	-1.1373052	2.7533299	5177.7253	20.216362	16.764745	-0.16098383	-0.049716361
1962	0.57407467	0.83742882	2.3141309	3868.3744	122.06925	16.80971	0.014504644	0.028873579
1963	1.0637268	-0.91127685	0.56930873	3092.0186	13.333049	9.4421679	0.0065838303	0.18233445
1964	3.5805459	0.99729466	2.4920764	551.59817	11.541202	1.7526221	0.22719789	0.1210535
1965	1.0497657	1.0582759	1.2137368	1092.1857	38.209142	35.933785	-0.11441958	-0.082594051
1966	5.4519802	-0.70524355	0.59429199	4516.8918	61.319543	55.07907	0.058407745	-0.075427306
1967	5.5684722	-0.3666267	1.0837043	2966.4577	55.50747	22.674899	0.0012157505	0.00051477324
1968	4.342952	-1.1878725	2.8186827	4444.1135	17.204232	14.564173	0.24097154	-0.016623874
1969	1.1520983	0.080780314	0.54097666	3056.0557	61.812066	38.005067	0.10205187	0.0065323816
1970	3.4970395	-0.45176519	1.9248894	2776.6647	52.499986	43.1945	-0.45289713	0.027707529
1971	0.60492513	0.059377105	2.9848027	2838.3159	51.273575	46.472185	-0.070747061	0.054358667
1972	3.0236886	0.052931482	1.2047453	1609.0498	12.25556	11.965881	0.4304769	0.060712643
1973	3.8054009	1.1255879	2.6638479	4472.4711	35.955212	33.482257	-0.010821571	-0.053664539
1974	0.32849951	1.1819349	1.8678159	2766.9095	37.97595	34.182999	0.034384302	-0.048530587
1975	3.5241152	1.0470283	0.83558076	10349.313	79.48693	69.265515	0.24637666	-0.0050168556
1976	1.4379725	-0.67169251	0.26464315	8238.303	59.371674	52.42754	0.032427034	0.02117929
1977	3.7804954	-0.057460882	2.8294942	1107.0536	10.297877	10.19881	-0.25483126	-0.38451956
1978	5.2326408	-0.94744635	2.2251573	4166.2613	50.386147	43.065406	0.029579951	0.13112714
1979	0.7770841	0.32515637	0.90843033	4014.1408	54.350587	38.203542	-0.072750671	0.14090414
1980	3.91232	-0.63315081	0.58099787	1364.6922	8.5035581	1.6671538	0.02293821	0.080129687
1981	2.7344384	-0.033886949	1.3987787	5669.8487	61.288653	59.778838	0.036388825	0.15905686
1982	3.3834561	0.75970461	0.91823652	9819.8884	73.045515	68.60835	-0.044488288	0.042747795
1983	0.85860359	0.22066462	0.81914001	2703.2564	36.757906	13.370091	0.0083114441	-0.03526713
1984	1.353818	-0.73207811	0.61889102	226.06878	9.920412	9.0280567	0.20232511	-0.15228544
1985	0.41844322	0.22614963	1.0227585	2326.3015	49.186416	43.237328	0.048320724	-0.38644979
1986	4.7686457	-0.5312393	2.2524512	10515.972	239.25397	174.7726	0.078688945	-0.31970269
1987	4.1783017	-0.044697261	2.5812292	11978.322	70.768451	70.722281	0.03166534	0.29541246
1988	4.7074093	-0.32687427	2.0398568	1534.2247	33.169063	24.520826	0.13804451	0.036887891
1989	4.0916355	1.187776	0.79893831	4464.9837	37.128848	32.274557	0.061074777	0.1160651
1990	3.5827132	-0.08501141	2.6740647	5542.5839	130.29314	39.726859	0.098860273	0.055603586
1991	5.1279312	0.86723327	2.6769134	3097.146	15.606957	13.036372	-0.16542036	-0.10353174
1992	5.2523066	0.55726099	2.490912	1286.1975	25.604754	11.547131	0.27929615	0.20816153
1993	4.3051045	-0.40959749	1.93523	347.95591	4.3124286	1.6547261	-0.1382847	0.0028600826
1994	0.63286294	0.46000481	2.6342444	13325.964	83.683173	78.767834	0.22365286	0.16189966
1995	5.9136872	0.80168081	2.7943314	798.52809	20.767784	15.346927	0.028039053	0.076500282
1996	3.1177307	-0.57685072	2.5878992	456.00852	2.5998744	1.7858686	0.26219605	0.010309275
1997	1.5898925	-0.72355978	0.54445617	3787.6976	55.522687	34.867118	0.018532112	-0.043516181
1998	1.8452914	-1.1111272	2.4428607	2189.8967	46.087824	43.206475	0.015687403	0.028447078
1999	0.80081623	-0.9763249	0.45241596	658.22301	2.3175267	1.9947023	0.0060020702	-0.13991701
2000	3.4557037	-1.0310277	0.66750308	4356.0806	56.542969	37.496299	0.34660277	-0.0012744441
2001	3.7152281	-0.36376186	1.8611346	564.24796	10.945982	10.294707	0.40175116	-0.0040128681
2002	1.7162266	-0.54758274	2.9363212	679.33761	2.6848259	1.2334587	0.10500466	0.078187261
2003	5.4165856	0.87652305	0.41166079	518.97474	2.065546	1.5626822	0.20075334	0.090942689
2004	5.1578518	0.28504765	2.7163429	1870.4889	54.395857	50.384611	0.098747994	0.17433068
2005	0.18326986	-0.14974909	0.49526353	4228.8416	31.964405	15.917563	-0.024608698	-0.028840992
2006	2.6563262	0.012077897	0.79761271	3773.935	31.415225	15.139925	0.13962554	0.31057953
2007	6.1092568	0.71384226	1.6095489	10171.288	63.064627	59.203081	0.001524604	-0.12420596
2008	0.56901213	0.70065471	0.89649464	2511.1762	39.226542	36.647897	0.010904789	-0.025956448
2009	2.0142214	-0.1752082	2.4853328	3649.3653	14.992083	14.95922	-0.011982546	-0.010532067
2010	0.49093785	0.9027292	1.7437668	3614.7579	58.251339	56.42461	0.17851554	-0.12466627
2011	3.2045522	0.13653469	0.50877523	4523.2561	15.774474	13.826244	-0.13673186	-0.047020776
2012	5.9623086	-0.28517868	2.6302988	1534.84	74.762986	26.269469	0.024396844	-0.16076009
2013	5.8237084	-0.097084494	2.4415358	7346.0458	73.381694	46.131355	-0.11338666	-0.092314636
2014	5.4349013	-0.072489419	0.4377985	3138.1866	56.250756	50.603672	-0.061111527	0.11067929
2015	2.9918728	0.49842646	0.85358614	2632.1092	14.269693	13.109263	0.056443091	0.0600052
2016	4.9888288	0.17908892	0.68479544	3511.4649	16.120959	12.139203	-0.037308427	-0.091919759
2017	1.444624	-0.66620875	1.0777787	1135.514	15.988917	11.174262	-0.032731307	-0.02761283
2018	4.8765402	-0.55839702	0.20588435	2940.0757	43.580744	27.758555	0.033181815	0.2080165
2019	3.1230313	1.4106361	2.5744622	3785.743	62.260376	24.253209	0.032514673	0.21258626
2020	2.344318	0.30928281	2.4266952	9014.4087	77.426942	68.38298	0.087605878	-0.016968466
2021	2.3016381	0.78600684	2.2657535	1426.8859	11.414451	11.164586	0.011342005	0.17959716
2022	0.66252125	0.42111913	0.80395001	555.82387	2.9482799	1.4074878	0.0069274352	0.086167916
2023	0.56119099	0.81555011	0.92899272	639.35068	38.813901	1.6656165	0.019932278	-0.020296215
2024	2.6861342	-0.49507338	1.0427868	1365.8004	20.380992	19.935974	0.049914241	-0.13058502
2025	2.2991796	0.32198609	1.7582783	2619.9233	44.843056	33.555204	0.059631725	0.045799506
2026	0.71455643	-0.25951532	0.30538023	5178.9313	57.223846	53.39485	0.054046602	-0.074964464
2027	1.1817786	-1.3488385	2.6020762	2049.7388	15.338111	13.84851	-0.064418427	-0.082635908
2028	4.9082151	0.74037417	2.2189124	1129.8165	22.463629	3.9610235	0.021067501	-0.0070291847
2029	2.0308681	-1.5047606	1.4750161	2906.6367	53.390421	40.035692	0.0049263904	0.33008828
2030	0.60211186	0.008694503	0.41791791	725.20841	9.9893137	8.807978	0.13974928	0.075325543
2031	5.4413024	-0.57596612	0.38546681	10841.576	26.224202	21.117355	0.21652261	0.15380565
2032	0.4658856	0.90724728	2.3914575	211.81789	1.5248917	1.3234122	-0.018586625	0.019130966
2033	5.1450343	0.11155069	0.97028146	4402.0145	51.519044	48.271855	-0.04268952	0.16189384
2034	0.15130875	-0.38592164	2.212088	2570.5449	25.568363	24.733505	0.047063685	0.052605255
2035	3.0596787	0.1198321	0.31662521	772.15058	39.431304	12.053791	-0.057427632	-0.12769107
2036	3.0929216	-0.57708624	0.11763416	4784.3026	12.358692	10.957158	0.12804096	0.068244416
2037	3.6507945	-0.60394955	2.4581232	1414.6762	11.731998	10.933661	0.15338293	0.026152227
2038	0.95515608	0.76550308	2.4116662	5495.9305	44.097344	39.195913	0.092530795	0.14095465
2039	0.071276705	-0.9985478	2.1823777	3308.1167	124.60889	91.680892	0.040453049	0.047739816
2040	4.4158462	-0.83757083	1.1130223	10434.12	161.94106	130.27938	0.038400882	-0.40867567
2041	2.8370643	0.23956119	1.7783509	3924.1553	60.169257	35.731655	0.054713967	0.13102446
2042	0.45615226	-0.32463132	0.18204293	7038.9325	29.863265	29.805137	-0.15469501	-0.035688761
2043	5.8272153	-0.10427357	0.20193741	318.17632	1.2739964	1.1986671	0.01557152	0.0036388554
2044	6.2096011	0.49393512	1.6882126	3633.1704	40.391128	34.953944	0.029048664	0.057015098
2045	3.2122189	-0.049799334	2.2333591	6091.009	58.681814	49.741096	-0.0060012522	0.032785977
2046	0.64420024	-1.5244386	2.9758532	492.13269	1.5510234	1.4935105	6.2760797e-05	0.046802157
2047	4.7855098	-0.26717794	0.37773164	1776.1417	16.534752	15.699012	0.12398691	0.02754
2048	3.4516076	0.85058359	2.2141774	5624.3532	68.76953	54.984385	-0.13282217	0.13085364
2049	5.3875231	-0.060919487	2.2976729	7077.7324	79.306362	76.424539	-0.17460032	0.0002387583
2050	0.53917635	-0.42110874	2.9181621	4989.244	95.252439	52.456411	5.9681247e-05	0.13678863
2051	1.8025028	-0.89318923	2.9398608	505.63848	1.5975561	1.4258083	0.17784196	-0.12405492
2052	4.2349474	1.3038825	0.52092118	17167.978	113.54708	84.204952	-0.00064245333	0.00027667
2053	1.9006098	-0.12019673	2.4448483	991.81398	10.463477	9.6511423	0.22630758	0.085794149
2054	1.0075578	0.56764566	0.41872834	1109.2879	8.3605856	1.5004002	0.029273642	-0.01840047
2055	1.9936613	0.40080936	0.45464364	5920.9592	73.318551	58.880564	0.032692983	-0.082796385
2056	2.4624999	0.14336808	2.1515823	3064.53	17.91459	17.281466	0.043160549	0.046376146
2057	0.90406806	-0.11310813	2.2139056	876.15366	43.84261	31.916993	0.021703159	0.010594844
2058	4.9327096	0.2586981	0.46233684	1419.3502	11.62095	2.7741984	0.20396199	-0.0090350137
2059	2.1252217	-1.3224975	2.5339276	1877.0857	37.853853	3.4332955	0.086987648	0.15631848
2060	6.1403153	-0.52375871	2.3776781	1526.3259	12.072088	10.916498	-0.083598181	0.028694187
2061	1.5447718	-0.33315251	1.8330295	2198.201	12.489432	12.442291	0.083042991	0.034611844
2062	1.6019268	-0.79551463	2.0185454	6260.9788	69.133643	62.92522	0.11587512	-0.049633139
2063	0.88091363	0.32025438	1.1311572	3850.8602	65.271376	41.93751	-0.059266023	-0.029605878
2064	3.1003816	0.42405049	1.5007107	1568.1786	10.859464	7.7814792	0.20421981	0.02749266
2065	5.7053292	-0.8931033	2.2467284	953.46132	10.717373	2.4610587	0.021063133	-0.081575308
2066	3.5276259	0.2491136	0.214622	1904.7979	12.775797	2.8475883	0.019816434	0.05939853
2067	1.7227027	-0.30861324	0.36444007	10578.197	88.993552	82.895786	0.048246937	0.011576144
2068	5.9905222	-0.20400412	2.222256	8115.3669	80.814896	77.21302	0.27763037	0.043406746
2069	6.2605833	1.1727771	2.6818677	4488.4163	16.409644	11.362908	0.073321024	0.24955704
2070	4.7141433	-0.1937504	2.7172028	2886.204	12.980801	11.926172	-0.053381	2.8304915e-05
2071	3.2000477	0.97807489	2.2669331	668.73545	10.465522	1.4414896	0.044218641	0.19305891
2072	5.3502236	1.2317682	0.90514657	914.04022	8.8729821	1.6940794	0.03839889	-0.040946222
2073	3.5068395	-0.4139943	2.688856	3035.8544	23.664858	16.492115	0.058857784	0.025564878
2074	4.7906312	0.24227734	1.419263	2562.989	42.195019	36.142743	-0.11092619	0.3412703
2075	5.7088937	-0.81720234	1.8869697	3167.0765	40.009384	38.300152	0.00074550444	0.09760837
2076	1.3987146	0.084343067	0.88813241	1191.16	29.415705	25.803267	0.30678014	0.05883041
2077	2.0507165	1.3690331	0.4076521	2640.1123	14.744724	13.339846	-0.017261236	0.17920624
2078	1.7850348	-0.13178686	0.46790645	24409.132	154.24308	115.92927	0.21145047	0.21412839
2079	3.2948795	-1.3672832	0.99719314	2945.226	49.99639	26.802574	0.0072613926	-0.20697926
2080	5.1465937	-0.4713071	0.54266562	972.7875	11.497869	4.2980661	-0.022297808	0.12030113
2081	2.0609693	-1.1399578	0.50414087	897.74454	9.8692836	1.5304274	0.14297493	0.1374957
2082	0.13108602	-1.2286131	0.69520058	817.78345	2.3400906	2.1325876	-0.025714685	-0.021239802
2083	0.91971466	-0.1623989	0.98437422	6080.8037	95.718287	48.824049	-0.017415334	0.041690092
2084	4.9440559	0.4746064	0.22828399	1171.8972	12.50144	8.2957589	0.065971713	0.35354031
2085	3.6318879	-0.51703928	1.1779925	7524.583	172.86183	168.27929	-0.18718709	0.19817659
2086	4.0146978	-1.2110203	2.0233959	1872.4258	49.126055	38.429685	0.037243144	-0.066411651
2087	3.5160999	-1.2142767	0.29476701	1663.0283	12.619034	10.180392	0.023014205	-0.19643278
2088	6.0465706	-0.3724546	2.7554875	1276.5544	9.8196289	3.6916563	0.0071533313	0.086064691
2089	5.4369432	-1.0243454	1.2322277	2206.2001	40.892677	19.837567	-0.015357919	0.20952106
2090	1.1460872	0.59948287	1.208937	1012.6467	78.108111	69.612848	0.027539958	0.12733359
2091	3.1726697	0.19184636	1.6879284	1018.0042	84.418331	10.786354	-0.020047132	-0.0350525
2092	1.5517777	-0.3349956	1.5085461	3142.3622	54.296592	44.223312	-0.32218958	-0.018501913
2093	1.6660751	-0.30650832	2.2627947	1959.9234	41.933555	23.067801	0.52265699	-0.18972517
2094	5.1987448	1.1603895	2.9754145	1081.9846	9.6800128	1.4504569	0.33600057	-0.011665388
2095	2.0331989	-0.5794582	2.1065088	2325.4467	14.547149	11.842503	-0.20900939	0.035881633
2096	0.96710678	-0.2216057	1.3923616	974.90258	11.040606	10.547273	0.019388206	-0.16198111
2097	3.2267057	-1.1576682	2.0663401	3321.6756	33.02022	17.635226	0.030832274	0.096036852
2098	5.7817906	0.068727352	0.98046201	2539.717	34.934212	14.8991	0.21771248	-0.22486384
2099	2.080238	-1.2531935	1.4356612	471.30887	10.131044	4.2001896	0.0072033674	0.12785294
2100	5.4311256	-0.072773041	2.4303671	1296.2665	9.4412128	7.6050358	0.14606076	-0.042275192
2101	3.3258191	0.71412824	1.8083061	2267.9579	70.655787	53.761005	0.025768738	-0.34337829
2102	1.6827779	-0.81632375	0.54533474	8955.8893	71.657933	69.014604	0.28091166	-0.016952703
2103	1.397706	0.25084447	2.2012432	1601.5741	13.288173	11.856975	0.013742632	0.12236019
2104	4.0138985	0.41238179	2.2733316	8294.2744	149.80348	66.742232	0.075840179	-0.085856335
2105	3.6486079	0.6780193	2.0501753	7946.1484	99.22289	82.666112	0.15475525	0.27264069
2106	0.42512083	-1.08345	2.6776842	9030.1832	80.201927	47.755582	-0.0073096834	0.043889621
2107	1.7391594	-1.2122799	0.27772977	3911.4405	48.160155	46.267498	0.20108276	0.32772966
2108	5.3907707	-0.074835105	0.64015924	8875.967	49.950699	42.933243	0.14069529	-0.022291712
2109	5.1692159	-1.3548289	1.3351196	412.66018	10.255525	3.1044062	0.098231429	-0.16509528
2110	5.9564472	0.065650093	1.8460827	1652.7097	17.239569	11.169575	0.16432875	-0.023708312
2111	5.407924	0.48460414	0.53475923	1340.4229	24.569777	10.902032	-0.27384201	0.26050117
2112	0.42013679	1.031878	0.40184442	2739.9296	14.32081	13.595487	-0.077776265	-0.075478979
2113	0.26968108	1.0136092	2.9492356	847.47787	11.333802	2.5370891	0.01045533	0.078942842
2114	3.4529432	1.0188037	2.5195036	494.24283	1.5965293	1.5928647	0.062028772	-0.0018284104
2115	5.8058218	0.39986356	1.2228976	1467.9841	12.411239	11.789915	0.043172745	0.00022550658
2116	3.8800458	0.05895491	2.5211609	434.88549	8.9659531	1.8646187	0.049152186	0.055998773
2117	2.8176707	-0.16640968	2.6181071	11893.102	60.413908	60.361379	0.00094513273	-0.0087331296
2118	6.1502564	-0.76455685	2.6009058	5349.225	63.202654	59.175207	0.33564978	0.18552221
2119	2.1317693	-0.71755249	2.8405121	2295.0744	12.031041	10.685291	0.079992025	0.15628084
2120	1.8581679	0.0157684	0.2773876	163.10453	1.256453	1.2044246	0.0025699386	-2.9576116e-05
2121	5.3222439	-0.23786251	0.85851624	759.45534	9.9033748	9.4531028	0.082750794	0.076038871
2122	4.510948	1.4822767	2.4843371	3173.9203	14.276604	11.514196	0.31959086	0.27749301
2123	5.8679249	1.3152106	2.456042	8957.2161	83.518311	75.755022	-0.20854644	0.028311549
2124	3.1635271	-1.1001777	2.1537704	5048.4143	30.236498	25.74206	-0.0067499031	0.0077780291
2125	3.6527998	-0.89208111	0.51278641	8041.0176	64.14161	63.823313	0.157815	0.032610942
2126	4.8652804	0.10535178	2.0205594	1265.2474	9.3282312	3.3480639	0.019220585	0.13611588
2127	2.2072112	0.80450978	0.16583384	2851.6183	42.573127	2.8803046	0.38600673	-0.03969517
2128	1.0873789	0.71490461	0.45240651	4220.9042	42.268499	26.042527	0.28409819	0.021154423
2129	3.4929753	0.31381652	0.98292868	5026.9991	79.03622	32.053512	0.18400454	0.30958002
2130	4.7225639	0.64803134	1.3265333	3228.7956	37.709204	26.702429	-0.51468513	-0.028051233
2131	1.4961143	-0.50502562	2.6188517	635.21922	37.347894	36.355334	-0.012538042	0.080052131
2132	3.1248173	0.93840889	2.4266088	2449.375	48.384119	31.747123	0.09616578	0.051811862
2133	4.7892404	0.42500984	1.3593663	3653.6104	122.62115	40.112861	0.38121748	0.15089196
2134	0.84530589	0.19885165	0.88920406	1994.8879	14.44247	10.542468	-0.080024971	0.19054425
2135	3.9641566	0.75406385	2.9115006	13586.326	93.848207	73.813526	0.24387364	0.084861685
2136	0.98164479	0.14290319	2.4277576	2985.6773	40.728478	37.11214	0.045692741	-0.047576995
2137	5.7529932	-0.36891044	0.42190362	3930.1201	16.587496	15.615051	0.028172124	0.20337765
2138	5.9614665	-0.20987357	0.057375767	2480.3168	14.830859	11.003567	0.11436007	0.0090503525
2139	1.9976998	0.33364439	1.4693047	778.55473	9.8136459	9.5831999	0.19456796	0.18791432
2140	0.58355687	0.64181266	1.5542796	1214.6085	50.716388	46.293708	0.096601526	0.0021371924
2141	1.3055525	-0.88540537	2.3089795	2163.2549	51.482438	21.5358	0.14721378	0.007545939
2142	1.1869173	0.719996	2.6481682	5085.3426	49.526065	38.741606	0.064892546	0.039743978
2143	4.0640229	-0.85408955	1.8837853	2247.0251	18.254132	15.810165	0.13056154	-0.001482908
2144	4.0626587	-0.96964298	0.40290687	1628.0136	11.964098	8.4667944	0.026644315	0.16855859
2145	0.76831096	0.0062537788	2.320374	3487.4828	39.977069	36.820611	-0.00071122534	-0.039457525
2146	2.8776189	0.97339141	0.71450272	1306.4445	9.3894622	7.6617092	0.093653064	-0.056378458
2147	1.7060581	0.42864084	0.56431223	892.596	27.474997	18.165553	0.23853057	0.013096026
2148	5.61631	-1.192346	0.82060627	228.68649	1.4660284	1.3489032	0.049847065	-0.10795313
2149	4.4510468	-0.19734422	2.3991547	1304.1012	11.042134	2.2694722	-0.028886688	0.025854807
2150	5.6123144	-0.035756265	2.3583198	3901.5163	50.0194	41.966897	0.0027215827	-0.36429365
2151	1.1524851	0.56218701	0.12080778	7386.0362	19.059581	17.965364	-0.038232269	0.019700252
2152	4.8806213	1.0900519	2.0829042	5866.0129	54.379581	39.070462	0.20826965	0.042045512
2153	5.6623474	-0.30685545	1.0887184	2514.332	45.925172	45.384879	-0.064027244	0.13980707
2154	3.6429757	0.95295853	1.9444135	2587.5638	59.574582	48.891494	0.073986035	-0.054658722
2155	1.1980927	-0.10140781	1.3111871	2177.975	46.626056	32.093078	0.010847285	0.014305945
2156	1.7332136	0.43432708	0.25940814	652.69926	10.147349	1.4264452	0.1874341	0.030931747
2157	1.8514494	0.54382599	0.69845663	2703.3857	13.098066	12.410051	-0.03072336	0.13180382
2158	1.0793184	-0.3728714	2.8694678	3389.0557	14.809652	14.762105	-0.13148655	-0.049738506
2159	2.5884005	-0.60613728	2.432099	801.89401	8.8740709	8.3907257	0.025772737	-0.085855326
2160	0.2416338	0.82789797	0.545785	610.36205	1.869895	1.3252992	0.051263924	0.018668347
2161	1.9254244	0.69962148	0.071727307	4737.2939	14.738335	13.091577	0.057898202	-0.17338514
2162	1.7410351	0.79242347	0.95301317	5545.0946	41.377805	39.86696	0.13330007	0.23420682
2163	1.9435836	0.532535	2.9811649	308.18315	10.52616	10.371631	0.18088116	0.031669528
2164	4.3385156	0.79664667	1.0958062	1676.3933	41.550073	3.0354073	0.18026595	-0.051179294
2165	3.5803344	0.47215365	0.63886825	4506.2812	13.942575	13.106216	0.013673061	0.30959904
2166	1.4403993	-0.30441959	2.3920074	1557.5084	11.933183	7.7557784	-0.020703102	0.034446488
2167	3.0463757	-0.87521758	2.1385501	4340.0658	64.664897	38.22214	0.074737537	0.00038191649
2168	1.1062104	-0.59421258	2.6225035	11441.263	109.25858	92.316401	0.10458847	0.016774821
2169	0.30443388	1.040018	2.8873186	12697.274	86.830184	81.57509	0.024278072	-0.15421055
2170	6.2083344	0.30375691	1.7233746	1421.4578	12.312353	9.4405295	0.0425659	0.0034910052
2171	0.1010766	0.74619007	2.62983	14948.63	81.210377	72.496721	0.012060058	0.0029555725
2172	1.526248	0.83840865	0.79258765	2981.3518	14.305721	3.5565779	0.31281668	0.036834118
2173	2.7732366	-1.038048	1.8881028	2062.7293	47.278993	45.145497	-9.4000415e-05	0.004120854
2174	5.532836	0.21629376	0.82099599	7373.3471	22.249743	22.151964	0.22959053	-0.11651008
2175	2.295416	-0.47284175	2.4994002	1107.0046	38.485997	35.713739	0.012459815	-0.026379846
2176	5.1271282	-0.52671973	2.7561218	24687.858	197.67217	176.31883	0.054653215	-0.05567354
2177	1.4234534	0.75554365	1.624883	1840.5009	33.067375	18.021395	0.11429802	0.22055954
2178	4.3888457	-1.4503818	0.21706515	7928.0099	54.02598	45.04822	0.0061129723	0.053829044
2179	4.9220322	-0.24133135	1.4988135	1028.6843	11.994868	11.861223	0.037533735	0.046753608
2180	1.5798648	0.043973522	2.5580262	3743.6273	14.456024	14.42308	0.24307493	0.064461005
2181	0.64667343	1.3276445	2.4492182	737.13191	25.499924	10.862435	0.01549914	0.089729354
2182	6.1906267	-0.78998166	1.9797967	2604.8371	48.010182	44.466225	0.50331915	-0.089149784
2183	4.0292433	-0.29976092	0.6751982	6199.4278	74.87254	54.250198	-0.0097793139	-0.039461723
2184	0.16930398	-0.34672392	0.5021255	3193.8667	20.445872	13.156241	-0.061893852	0.0042653204
2185	5.8018064	-0.37665511	2.2734345	160.38275	1.3792989	1.2564227	0.0031335689	-0.12685344
2186	5.3033634	0.95497784	0.58856669	5865.2807	28.273975	18.690952	0.061043709	-0.1043138
2187	5.6112018	0.037833647	2.5367493	11034.454	94.435059	62.412034	0.0029350011	-0.12053379
2188	1.5213584	0.2317204	2.5952014	1444.2369	12.157235	2.1197362	0.075075637	0.054116735
2189	4.4079956	1.2054584	0.9642408	3845.9822	40.556592	14.146413	0.28443218	-0.018599891
2190	5.7858335	-1.0082371	0.65346307	5551.2434	23.123766	21.949939	-0.0083856546	-0.30406972
2191	1.2045826	-0.082838938	0.93702556	4407.3093	62.85553	52.055851	0.32902601	0.045064475
2192	2.7552588	0.23157485	2.7084086	4199.1193	18.146326	17.606446	0.13899163	-0.043170058
2193	4.2176037	1.0256998	2.5155717	893.17726	3.1227497	2.0977196	0.0099446772	0.0082669135
2194	5.4879295	1.2865807	2.9352928	4192.3014	16.086255	14.24327	0.21344777	-0.007817594
2195	4.0544446	0.3993392	2.7110622	3695.9887	48.691009	46.147297	-0.0039879778	-0.052268239
2196	6.0415931	0.72634381	2.2606891	2027.8291	51.458203	5.7901247	0.12718452	0.015138148
2197	3.7931599	-1.3451668	2.1758766	2247.2778	52.638235	49.368624	-0.040031479	0.12508325
2198	2.5146941	-0.39956056	0.41929869	2693.9399	14.159548	12.339741	0.2586946	0.012035626
2199	3.0685855	1.2155208	1.9937212	2033.8927	10.355611	8.602929	0.0099002647	-0.24873661
2200	0.26105497	0.75386236	1.0677739	3378.477	20.724136	12.876245	-0.33058599	0.059969006
2201	0.56077461	0.70468512	0.85242922	1490.7853	12.489959	11.759361	-0.22896024	0.013729692
2202	4.5761335	-0.55874854	2.8022211	3942.6938	45.851502	27.356329	-0.062533913	0.089253333
2203	0.98350967	-1.0096187	0.58167752	1680.6809	10.905605	10.509111	0.10614518	-0.0094506275
2204	5.6366846	0.042518473	1.000613	558.27177	9.4805838	1.3775628	0.13854969	0.23305706
2205	1.5795805	-0.86512482	2.2731151	2356.8248	14.585838	10.128118	-0.065315815	0.011117029
2206	4.1503919	-0.26986597	2.7430002	378.23351	1.3842428	1.3558982	-0.076562484	-0.026613967
2207	1.8100158	0.27953941	1.2240992	933.48347	39.525332	33.977385	-0.0045323533	0.29155098
2208	2.8613084	-0.86648402	0.83645985	12118.437	101.1315	87.962226	0.04823753	-0.080428628
2209	2.6459924	1.2495942	2.3385077	2241.335	15.566955	13.94445	0.012245704	0.056825146
2210	6.0113359	0.32939432	2.6416439	439.54033	2.2612751	1.9792095	-0.058152232	0.064607725
2211	6.2397008	0.30237357	0.88712535	2029.4067	20.653528	10.210213	0.3040473	-9.4318958e-05
2212	0.58187835	-0.70457125	2.4723864	3468.4812	14.820653	13.297849	0.016724801	0.45312844
2213	1.6268446	-0.48791458	2.2651338	1450.6694	8.7493669	2.3385857	0.010763544	0.02039322
2214	3.8486287	0.85470702	0.71674289	326.65514	10.400009	3.5306021	0.046039472	0.065292643
2215	3.8516688	0.96198319	0.98193498	806.03644	10.606158	10.120936	0.2217834	-0.014489459
2216	4.3349815	-0.80377038	2.5568447	8128.7557	73.467186	55.609432	0.0045118104	-0.31733225
2217	1.5534676	-0.5978417	0.45380027	4281.451	16.953231	16.342684	-0.0085206131	0.0014698317
2218	0.19832825	-0.93897165	1.7987347	3172.3627	51.888027	48.675848	0.067731205	-0.17015522
2219	0.99923915	-0.4929948	2.3204433	10736.875	54.772735	38.264474	0.096389689	-0.28849637
2220	2.1348968	-0.80313877	2.2267276	547.21414	15.45855	10.173725	0.39427082	0.05727001
2221	2.84082	0.46589412	2.5688956	5563.1381	16.425224	16.359017	-0.049728892	0.11776396
2222	4.465562	1.3586167	0.57343257	1527.364	4.1302674	2.9953431	0.039621358	-0.025577818
2223	5.4860105	-1.1504524	2.957494	6840.1747	74.551093	49.912222	0.01137288	-0.0042223494
2224	1.0118373	0.77622888	2.444559	2512.3645	107.86553	48.263207	0.41073409	0.17374958
2225	3.0335009	-0.030720494	0.6179348	1567.2527	10.291813	8.0666745	0.25459805	0.0061642254
2226	3.6725749	0.17393094	0.57692208	2607.4219	13.026028	12.544223	0.11196527	0.22079968
2227	6.2748242	-0.59773831	2.6976696	621.64192	2.1625327	1.4091434	0.047102634	0.32389222
2228	0.37029327	-0.96733626	2.4818395	562.38299	9.4394486	7.8795015	0.031436436	0.2163735
2229	6.1279168	0.0060135488	0.60875677	1399.2534	11.66431	9.7318632	0.07238644	0.15342079
2230	6.1950429	-0.74684119	0.68678529	2265.6152	12.475057	12.142448	0.19672283	0.15530548
2231	0.96688469	0.58426042	2.63326	844.66115	32.432386	1.5906425	0.025374686	-0.0005755207
2232	3.567333	-0.33996066	1.6152725	2836.7974	71.86675	60.002906	-0.21549349	-0.033108829
2233	1.2980618	0.38697272	0.72407121	716.86335	9.9036811	9.1502395	0.10478538	-0.050580366
2234	4.8433475	-1.0163238	2.6589893	2362.9516	10.124099	9.7020804	0.13479955	-0.01350106
2235	5.0548354	0.1545575	2.5636801	4064.5366	39.331329	16.688299	-0.082504031	0.074558803
2236	5.0618114	0.71810438	0.60442586	3890.0478	43.850141	22.891505	-0.19408997	0.087593845
2237	4.1112437	0.74574888	1.3997309	584.64554	2.0297145	1.4180502	-0.014137519	0.016127222
2238	1.2833304	0.94746903	0.46823781	4594.7172	22.733375	12.041394	-0.0095437915	0.16399445
2239	3.806384	0.78666905	1.0388203	2904.5096	14.718227	13.80316	0.14420937	0.011901216
2240	5.0245689	0.41500095	2.3264252	934.86152	11.041903	10.739135	0.017998999	-0.26008059
2241	2.2966734	-0.82891298	1.3174269	3265.0916	55.547357	14.257747	0.01487467	0.16541488
2242	4.9437302	0.7539296	2.1166271	182.62208	1.998793	1.5166817	0.055600252	0.21924159
2243	1.9265394	-0.34034098	2.7091638	1631.6233	10.872619	9.6243516	-0.027578788	0.24460993
2244	3.9907774	0.020983091	2.8323545	4889.4346	29.831191	17.906716	-0.10709758	0.11431838
2245	5.9282454	0.77549567	1.5428354	355.41595	8.818585	7.8295654	0.093627663	0.049871925
2246	4.3562076	-0.67407862	2.8302072	16939.644	122.16477	114.12403	-0.13419424	0.0029587983
2247	4.8310971	0.17753005	0.56821759	2256.3947	13.231263	11.276043	-0.01271103	0.12987917
2248	1.8304331	1.0577863	2.5643771	21475.149	130.52488	114.29602	-0.12567758	0.11510118
2249	0.078413756	0.224808	0.25741628	1328.4895	25.830974	23.487238	-0.009857791	-0.054978415
2250	5.1681034	-0.38011901	2.5895066	205.96324	1.7200495	1.3777178	-0.0081760672	0.028676782
2251	2.7381718	0.93010521	1.9892071	594.6704	16.481446	10.924435	0.00046918065	0.15224401
2252	2.4852342	0.77723081	2.5618065	2729.2799	13.913866	13.496604	-0.15622031	0.041759879
2253	3.834825	0.32332274	0.18921981	4115.026	24.620555	17.406849	0.036359472	0.16743989
2254	4.4199374	-0.27932214	2.878145	4974.4343	17.696475	12.242481	0.016108446	-0.030774012
2255	4.4328786	-0.4584991	2.6650453	273.82273	1.86875	1.8432399	-0.0036917305	-0.09310861
2256	2.5083437	-0.29288562	0.84589516	520.45601	1.8419972	1.4833098	-0.021783502	-0.0070915082
2257	5.3891982	1.267562	0.28038235	3053.6762	26.348801	23.423613	-0.2360746	0.0090563221
2258	0.15880168	-1.2628067	2.0189501	303.8664	2.3178259	1.6133386	-0.00096300742	0.055003776
2259	3.2673527	-0.10926847	0.49711938	595.27411	1.5074173	1.4929984	-0.00043935322	0.02736162
2260	1.2197537	-0.7726405	2.7418597	3129.0882	15.555067	13.992905	-0.01076909	-0.068895556
2261	3.4655891	0.63173807	1.4865277	518.67728	8.946421	1.6602158	0.17453524	0.019906559
2262	5.3909211	-0.58685425	0.87153159	2497.8684	36.130166	33.395909	-0.29942682	-0.049622647
2263	5.5215506	0.40207595	2.7327533	1417.3659	10.17128	2.9458151	-0.11415624	0.063250321
2264	3.1854935	-0.5691521	2.802084	6980.1126	53.279349	48.882941	0.073289656	0.21387464
2265	0.44380466	-0.62943377	1.781619	871.27755	8.5336536	2.1328656	0.20332406	-0.036477343
2266	1.6359851	-0.18919981	0.715733	4798.1416	64.533928	52.5062	-0.00074774308	0.018409783
2267	0.8931223	0.68734703	1.1407559	3807.886	36.822469	34.599628	-0.014786817	0.0001476086
2268	0.86933723	0.83874746	2.7610853	7558.8329	86.643697	66.746345	0.03197203	-0.0011414429
2269	2.6092686	-0.29016952	2.6081211	2440.4032	40.681205	30.467374	0.61391347	-0.20789525
2270	2.7029426	1.0249807	0.4843517	2519.6227	12.178098	11.423043	-0.091498974	-0.0082484246
2271	2.0753351	0.84447228	1.843622	611.24791	8.5325614	3.0670434	-0.20074294	0.033195715
2272	4.229821	0.75933634	2.5414308	996.35761	10.719541	3.1381091	-0.15860957	0.056817821
2273	4.8964369	-1.1688567	0.96351417	1558.2561	12.368464	12.248683	0.12504287	0.48439848
2274	4.7110156	0.80176309	2.3095688	6616.8991	55.083134	43.423449	0.021525712	0.048412998
2275	0.11879061	-0.71631104	1.7713553	3073.7154	41.273659	33.607661	0.068255547	0.17640544
2276	4.3905105	0.66758	1.4733932	1489.8897	11.528156	9.7708047	-0.21339352	-0.0025253235
2277	4.3381174	-0.25723184	0.29159039	3533.5043	38.151085	25.669907	0.094525788	0.06005853
2278	4.7303411	1.0925135	1.9430172	1907.0846	31.810802	21.886152	-0.1117937	0.0066162132
2279	5.4097452	-0.6336695	0.81786959	737.31306	1.8982652	1.4524008	0.1714073	0.00059548741
2280	0.79805571	0.51294781	2.9909768	2714.3638	15.82222	13.789727	0.019697909	0.15026237
2281	1.0041172	-0.12715861	0.32708131	5529.7508	38.297634	31.954941	-0.2436078	0.030052774
2282	5.2951436	0.54168615	2.2112549	8788.3261	62.826411	54.811724	0.1937664	-0.00094254622
2283	4.2647849	-0.90296154	0.67869389	2421.6055	13.065594	11.651262	-0.088016574	0.013695152
2284	2.4172371	1.0687414	0.65368398	5621.3496	61.757874	43.845312	-0.05673829	-0.0038672471
2285	5.9112908	-1.0116706	1.2920106	2318.2814	31.060566	30.098034	-0.18033216	0.012749365
2286	1.0882426	-1.0242681	2.837642	2307.1454	13.716267	11.527877	0.13969724	0.35964094
2287	0.073629508	-0.28678425	0.3116161	3977.1999	29.713287	15.41454	-0.36682017	0.021018113
2288	4.3233904	-0.86544209	2.6327083	1530.6792	12.742227	11.164813	0.03794281	0.073599401
2289	0.53248681	1.1460864	2.5935713	11629.111	88.805972	69.461128	0.32989223	0.20642892
2290	4.9862916	0.47516431	2.7159416	2295.8118	12.103561	11.453303	0.0040754556	-0.043681639
2291	1.2114305	-0.6324195	2.4411443	228.4834	2.1659767	1.5525927	0.064053652	0.042621477
2292	5.2861879	0.6880659	2.3658789	2531.7798	15.638584	12.540106	0.058968791	0.16317872
2293	3.0203067	0.19001633	2.1966765	4235.1921	57.307471	48.371701	0.048557986	-0.016526426
2294	5.7554858	-0.053960556	0.49150718	3543.0936	55.26619	36.993805	0.014803654	-0.044876667
2295	4.2459481	0.63657019	0.37413204	1408.0175	11.060981	10.180039	0.01161432	-0.026320006
2296	4.6348648	0.53362689	2.6404302	5279.5461	54.982181	29.544088	0.20403993	0.037267138
2297	5.905937	0.77574917	2.1139237	3616.3846	32.61882	28.233463	-0.068198538	-0.043160516
2298	2.0847554	-1.3176102	0.57886477	1666.0441	8.9312761	8.4019952	0.025787435	-0.00047252249
2299	0.83420478	0.5759982	2.3563039	1268.6386	11.671615	10.740708	-0.17784147	-0.076875473
2300	1.519317	0.15072432	2.3518845	4507.4542	28.904966	12.855394	0.14211151	-0.23581859
2301	1.0916832	-1.4605199	1.3781399	1708.9798	49.905396	30.963927	-0.022631395	0.047014742
2302	1.9717308	0.27758817	1.9632501	3375.515	53.341596	29.419853	0.0067965541	0.17612899
2303	1.1850011	-0.16158528	2.876893	4070.8471	17.180219	16.970826	0.16129657	-0.34119398
2304	3.222478	-0.43012507	0.58361148	627.74751	1.763685	1.4755914	0.015469351	0.05211804
2305	1.3761451	0.85463459	0.53580575	645.7576	37.0605	30.856679	0.15020624	0.25281034
2306	1.4743777	-0.29370139	1.0077924	263.16516	1.54415	1.4000385	-0.015652232	-0.20202669
2307	4.6757564	0.98058821	0.77886048	3120.7633	15.281775	12.570166	0.060772017	-0.1087254
2308	5.9212935	1.0561752	0.27483812	994.12518	12.123918	1.4891272	0.11775791	8.7067193e-05
2309	4.4953407	-0.58612935	0.27775083	17229.415	109.88153	101.041	0.075146253	0.00078779183
2310	5.7691318	0.18931804	0.72945857	13490.697	264.60017	179.74689	0.072906563	-0.0073424443
2311	5.799064	-1.1390495	0.72612575	2837.7583	14.609617	13.390707	0.11614161	-0.36057214
2312	3.7332927	-0.67291371	2.1011636	722.94446	22.893231	9.6957636	0.033135832	-0.0055716376
2313	5.2586311	0.33955527	1.4063794	82.238554	3.1364049	1.5418742	0.035219713	-0.012872496
2314	1.9839225	-0.29534019	2.1747057	969.71993	7.3735886	7.1136952	-0.24339303	0.021504156
2315	5.655973	-0.061923629	1.9759756	5013.622	91.050748	56.448254	0.063298993	0.0074673509
2316	0.67339325	-0.93134595	2.0552668	2977.8282	34.735822	34.316493	0.003318955	-0.0026273669
2317	2.2660902	0.68821478	1.1486684	1192.061	11.573455	9.5688874	0.023790886	-0.045047755
2318	2.2142408	0.038903787	0.88964042	2154.3323	11.493643	8.243737	0.20299285	0.054808565
2319	2.7622323	-0.10306119	1.0525211	5191.7806	64.710385	28.230349	-0.094640957	0.0020861436
2320	4.4250734	-0.10923207	0.64080469	8274.9702	85.353907	41.240481	0.016000354	-0.019486593
2321	2.9299879	0.93705313	0.84591247	5907.5474	61.793468	55.382633	0.0014933863	0.092132801
2322	4.8662586	0.2895814	2.1502589	3526.5704	21.494193	14.436347	0.34192171	-0.020333271
2323	6.0564235	-0.98752005	0.50854195	625.09293	2.7194322	1.3496646	-0.01851625	0.084539696
2324	1.3236342	0.54499077	2.5391706	1139.111	34.225296	11.89966	0.070764109	0.0056696519
2325	4.7015492	-0.5202459	0.90671444	1769.0335	34.667483	13.961287	0.29129956	0.11315293
2326	3.5480911	-1.1141336	0.36350276	6835.8584	68.724966	57.393129	-0.25984754	-0.2315407
2327	3.8266624	-1.5203578	0.83755017	5441.696	56.913305	49.285977	0.27367394	-0.0079847948
2328	3.6045554	0.17378189	0.3848056	1814.2382	9.8464871	5.6899707	-0.03928674	0.12338836
2329	2.6532576	-0.91927458	0.89115629	610.20636	17.498811	9.0444826	0.077180645	0.65534055
2330	4.392293	-0.53583492	0.58584201	3345.972	50.439042	45.753071	0.21527341	0.021751729
2331	4.6552996	-1.1955856	2.9284993	988.2364	12.777233	1.8149624	0.086428337	0.023495731
2332	5.2237071	0.75632975	2.3865448	2034.1258	52.44553	14.062225	-0.00059171855	0.14267419
2333	0.62066559	0.3458257	0.89951696	416.56666	2.8933282	1.2700033	0.015435556	0.083059489
2334	2.5581065	-0.69430933	0.92380628	3885.262	63.431645	37.990715	-0.20279926	0.048743708
2335	5.9236103	0.038183589	0.51789134	1026.1388	9.96836	2.2184962	-0.069323796	0.076169202
2336	3.9237636	0.34719359	2.0648398	1045.2545	8.6864495	2.8561178	-0.14781081	0.31081108
2337	4.9475229	-0.42954216	1.7271357	4488.4248	53.313772	49.564924	0.054717594	0.11694827
2338	4.649621	-1.4439454	0.22704845	6705.1792	68.020649	46.446383	0.13440313	0.021736344
2339	4.3284344	0.89201628	2.2505998	384.58439	11.480519	1.9569655	0.060355657	0.085894696
2340	6.0658555	-0.43697737	2.6532541	994.92151	1.6128262	1.5618529	-0.18507346	0.09598899
2341	4.2661523	-0.53926795	2.4802936	334.15296	11.133019	9.4240147	0.29033701	0.16884057
2342	3.4568507	0.99942086	2.4255408	2221.1878	14.754249	14.339734	-0.007738979	-0.29341187
2343	5.0321666	0.4328882	2.4528294	829.64096	2.6822903	1.7093866	-0.065426977	0.18384352
2344	2.6029916	1.2772166	2.0264118	1224.6886	12.756142	11.615305	0.057027094	0.29350714
2345	4.5231294	-0.11811337	0.79052567	9050.4214	79.328122	71.436675	0.0076962474	-0.0068371691
2346	3.2689618	0.12197653	1.5460239	173.445	3.1868602	2.288232	0.36717425	0.15279424
2347	1.6883313	-0.015895292	2.4734063	416.18538	1.6277211	1.5669102	-0.0053938916	0.22227509
2348	0.74444545	-0.71090679	0.98160106	1229.9233	41.170737	11.088957	-0.3108821	0.093958088
2349	1.267594	-0.95080139	0.50111977	7488	62.724311	19.299986	0.0084933389	-0.35998083
2350	3.675371	-0.83801851	2.3267028	340.33187	1.6788983	1.3582377	-0.011286768	0.11021152
2351	5.772567	0.77703943	0.50724754	8270.9263	29.088963	24.190605	0.27301299	0.33157578
2352	2.5608584	0.91597608	0.38785188	4027.8682	114.21115	102.01184	0.0038139162	0.18699308
2353	2.9771042	0.22360564	0.29922604	14411.421	113.66265	81.398137	0.046718243	0.07747301
2354	3.8415625	0.68106363	2.2707502	2700.5861	47.804022	45.20409	-0.064338608	-0.19273381
2355	0.13968931	-0.3890999	0.70175156	2885.027	106.45736	25.359129	0.11112279	0.10971157
2356	2.520908	1.1956527	1.2880249	5715.9885	69.077257	58.845465	-0.21903086	-0.014476379
2357	3.6262606	-0.76406389	0.2872155	6905.4618	60.929959	53.040355	0.0028754817	0.0088105143
2358	4.8453869	-0.089600787	0.46099963	761.10744	9.6248081	6.4190449	-0.33726353	-0.2187207
2359	4.8764591	-1.1472607	2.0543978	2301.7208	12.170858	10.633755	0.0062289299	-0.024282084
2360	2.9260142	-0.71678832	2.4998315	8226.767	63.097294	56.857086	0.10275702	0.35475251
2361	4.1019739	-0.31706856	1.7397098	1826.9217	29.624524	12.970072	0.049876733	-0.00078473733
2362	0.016779473	-0.79142361	1.7383535	1465.212	36.77747	30.361635	0.092268113	-0.0035438191
2363	3.6984729	-0.92195371	1.182899	10589.807	88.527599	80.82577	0.010376046	-0.078162719
2364	4.5304414	0.75587032	2.7675156	3793.8097	12.823219	11.870686	0.33220667	-0.28881271
2365	4.847967	0.62110473	0.64309386	5971.0237	56.813372	53.226442	-0.45340855	0.12473086
2366	6.2199656	-0.67138955	0.80754575	7278.3952	198.22857	56.961931	0.07335184	-0.082947471
2367	4.0820677	-0.29285991	0.85584683	4073.2248	47.288682	41.065214	0.077216741	0.24475943
2368	3.5250028	-0.7994264	2.2905016	496.22038	5.6053027	5.1208758	-0.014057176	-0.011998071
2369	5.1921819	-0.16345812	1.1491637	4129.1673	51.92307	40.392729	0.29798597	0.12174782
2370	0.55357564	0.93768411	0.88090623	2647.0264	14.379259	12.348504	0.065455373	-0.15276801
2371	5.3768706	-1.3418236	2.7792205	4079.0189	43.555762	40.57824	0.10093014	0.024314911
2372	0.7097033	1.1375913	2.4858724	7368.9016	24.419261	18.737344	-0.23791182	-0.045330765
2373	0.9798595	0.36566044	2.2949996	5461.4146	61.478459	49.292167	0.00012497172	0.0026450126
2374	4.6056403	0.67124936	0.51399135	5787.9168	18.333571	18.108874	0.40901972	0.14254569
2375	5.3387726	-1.2159412	2.5969323	14982.337	122.4237	96.749673	0.12837947	0.15105184
2376	1.3005159	0.56520191	0.8949501	2522.4121	29.987305	29.886633	0.10103748	0.27257239
2377	5.5376853	1.0234803	2.0112981	1553.8653	10.971448	9.9387298	0.42406958	0.11720286
2378	3.5810646	-0.70455505	1.9914792	1493.9121	12.261587	10.808335	0.49601753	0.086476464
2379	4.4007713	1.2987294	2.9561834	2559.0615	66.429406	37.224907	-0.058424952	0.21175097
2380	5.7981381	0.29676322	1.1383406	5435.6785	49.299513	36.227643	0.1992014	0.078946806
2381	0.73292673	-1.0416496	2.1616916	2003.3925	28.228498	23.239419	-0.1656121	0.21698368
2382	2.9437912	0.52847458	0.40880562	4717.446	41.587192	27.764238	0.22103024	0.14799815
2383	0.28269089	0.66756321	2.8275884	703.05416	10.184487	9.3138321	0.22293937	0.048970889
2384	4.548349	-0.80225799	2.5730974	5218.1428	52.071039	18.421453	0.11615355	-0.003296206
2385	0.010345975	0.38292107	0.39475833	14235.607	255.36128	93.833643	0.0094580527	-0.1414441
2386	4.4187361	0.42565695	2.2994397	6030.0669	35.810018	24.806046	0.0237897	-0.15863071
2387	3.0227801	-0.83566304	2.214727	1171.6249	34.366894	18.264218	0.337284	0.078481196
2388	1.1327658	0.31175331	0.72187824	2143.9235	12.491169	11.887043	0.23680798	0.32866685
2389	4.0615844	-0.9003617	1.1655227	3869.2059	61.099661	59.556292	0.242047	0.30231134
2390	4.1079225	-0.82866279	1.4641457	1991.3099	12.293111	12.289057	-0.0072041549	-0.037981185
2391	4.9889783	0.17822049	0.16365405	2700.0501	16.970934	10.964477	-0.014426347	-0.27967908
2392	5.2976316	0.42292282	2.0989353	1306.347	11.889922	10.561482	0.052502503	0.29884349
2393	0.67528628	-0.48931973	0.26299789	3782.1872	14.264237	12.221666	-0.048296623	-0.0053817219
2394	1.3037018	0.35132376	0.21667352	6864.6353	67.125331	61.444439	0.042187911	0.049406969
2395	2.4131643	-0.55014723	0.95392438	6533.4548	63.857184	51.387301	0.15854326	0.081124656
2396	5.1062747	-0.77538859	2.0891927	1319.9243	8.3330736	2.3615984	-0.037429901	-0.11599266
2397	5.9950587	-0.15584849	0.28342328	2810.6925	34.170234	4.1956095	0.022016472	-0.28020574
2398	5.6396558	-0.43004942	0.68913161	3122.6093	15.263505	14.677401	0.15026831	0.18081665
2399	2.7886657	-0.57052756	0.75811146	1035.2033	28.552025	16.995185	0.10232167	0.16261207
2400	2.6954327	1.1423285	0.94335425	1482.3139	34.191665	21.124932	0.15276762	-0.083792405
2401	6.1451418	0.071894154	2.610545	1783.2815	12.4883	11.16741	0.33931351	0.10048511
2402	3.2608086	0.28364442	2.5070141	7143.4924	57.828876	44.59205	-0.037026924	0.00081867584
2403	6.04789	0.98992755	2.93625	2606.7031	14.119731	12.899404	0.065402258	0.12789898
2404	2.0960127	0.64972563	2.0900645	667.37471	9.4973789	1.3282519	0.15977437	0.028627658
2405	5.0942757	-0.43362143	1.3960243	1013.7678	10.560185	2.0181599	-0.045722725	0.14094827
2406	4.79393	0.10216466	0.7601479	332.42093	35.153574	19.551589	0.039989914	-0.074782701
2407	6.0361075	-0.8949389	0.57671369	305.98686	1.7078766	1.4589819	-0.20280997	-0.10950708
2408	2.3019413	-0.37307405	1.4646924	5559.4115	83.122498	60.348276	0.13397718	0.055594238
2409	5.9267619	0.11073046	2.0151465	4125.3029	49.655832	37.764401	-0.25271779	-0.0152226
2410	5.3792288	1.0625486	1.6889668	6060.9165	68.631539	48.865938	0.070368787	0.033928776
2411	5.3948408	0.89264275	2.5770803	1417.6403	12.366597	10.096621	0.1488295	0.006987853
2412	1.8447614	0.052511302	0.67383594	807.63085	5.1304149	2.6766919	0.21333725	0.05138484
2413	2.1261657	0.73677312	0.58147446	8205.8646	77.450644	69.091401	0.24758012	0.03094439
2414	2.2261018	0.68315851	0.39845427	11977.373	165.49023	84.236775	-0.099415139	-0.058437605
2415	4.024	0.39345659	2.7886217	2199.3523	16.885773	11.801761	0.025326247	0.0020007086
2416	1.7794831	0.11859132	0.77448952	712.0427	1.818934	1.5378084	0.021472339	0.093965917
2417	1.5445427	-1.3529519	0.25235539	997.93753	9.8807442	6.3637175	0.14944871	0.3032345
2418	4.4834968	0.66706657	0.73811622	4093.4901	44.999837	33.148054	0.28187591	-0.16480068
2419	6.1229627	-0.34707976	1.0625136	1307.5578	74.651972	46.680501	0.34343758	0.012253549
2420	2.0308546	-1.1214728	0.20516555	4233.7971	14.888727	14.535172	0.092074562	0.18237018
2421	4.3712641	-1.2287509	2.3342394	10573.567	86.723177	80.037485	0.040765059	0.021479607
2422	1.0115006	-0.59709106	2.7436797	2825.3858	15.696322	12.449943	0.1038681	0.0019952328
2423	4.4124198	1.138518	0.74244251	4157.5913	35.685774	16.61047	0.2765418	-0.14465111
2424	0.60454012	0.062655929	1.4890992	7019.6254	49.826511	47.626479	0.080943263	-0.076302812
2425	5.4017437	0.53536611	1.4569234	7213.3959	87.894278	57.364328	0.15595987	-0.0063670775
2426	4.3943959	-0.3992469	1.5227005	757.22159	11.287356	9.3064999	-0.052785817	0.024534652
2427	4.0092406	0.85994177	2.3820179	698.3958	9.3869784	3.9518097	0.010173068	0.061530657
2428	3.6876184	0.94223049	1.1594023	9917.1115	88.201153	82.319375	0.084460649	0.22617658
2429	6.016864	-0.12011013	2.7359047	1440.8931	12.316043	11.646542	0.1284694	-0.10473425
2430	3.5114733	-0.82806027	0.88821018	8913.6259	76.859756	74.9067	0.16017897	0.022430671
2431	3.2344146	-0.88380955	0.11143503	1009.2238	1.6196257	1.4675269	0.19157746	0.11728763
2432	2.5156165	-1.3603703	0.49987904	3724.0178	58.92688	55.47143	0.043336729	0.0090344643
2433	3.246168	-0.94914873	0.93717807	12658.579	95.115188	93.972588	-0.00012790746	0.13508158
2434	5.4140817	-0.8540894	2.4544927	1166.3136	12.214257	10.860687	-0.27706207	-0.070249109
2435	3.5459504	-0.47117116	2.1293027	7716.2606	64.459028	61.2408	-0.21511986	0.21546841
2436	2.4939351	0.25589911	2.7253473	848.49708	10.92853	10.41899	0.1030993	0.37576895
2437	4.4374088	-1.016525	0.53954658	653.75304	11.1984	9.5678833	0.22946274	0.096826663
2438	0.80804184	0.56181936	2.8289356	1603.1905	12.321092	10.008711	0.25773569	0.13755505
2439	4.5786619	-0.58252575	2.2066076	3553.8578	22.273897	18.005637	0.032981748	0.10194455
2440	0.061494416	0.22416757	2.8235525	1166.9881	9.7859041	9.7097787	-0.28830586	0.12539827
2441	3.1730779	0.46040276	2.9820593	2719.6945	12.664463	10.89723	0.17629636	-0.30385322
2442	0.022594271	-0.85851862	2.5618288	14586.275	87.786913	84.361924	0.06829939	0.048595587
2443	4.8090345	-0.55669088	0.90324487	914.24957	41.143668	27.801413	0.059405495	0.24678371
2444	5.2642121	0.44229168	1.5155707	999.3825	44.681639	7.8277563	0.47209167	0.099955403
2445	4.8323917	-0.006827013	0.63478151	2583.9442	33.808475	16.728864	0.010742384	0.12692969
2446	4.5202344	-1.3286575	0.26723254	6110.4781	56.679434	43.6499	-0.048581799	0.23662904
2447	3.3468081	-1.0936381	2.4363101	5870.4579	64.79886	59.067513	0.16687692	0.012766964
2448	1.1188614	-0.80426251	0.17972149	4892.8024	16.274441	7.04765	0.088590385	0.0047807199
2449	1.9254838	0.93047319	0.3500639	1465.3888	3.3662418	1.6497992	0.078165617	0.33497114
2450	2.9215225	0.32503329	1.7122667	9245.2231	76.749072	67.519856	0.13963105	-0.43243872
2451	2.6687212	0.26541345	0.57765721	1493.8235	12.317846	11.939352	0.071706061	0.087227875
2452	1.1705738	0.22709127	2.0146153	2033.7163	13.310941	12.642927	0.0022205812	-0.091804088
2453	2.2374753	0.39682669	2.6885161	2182.7575	12.252711	5.5952743	0.098525246	0.071502939
2454	0.89921197	-0.39581828	0.61094085	2198.0027	13.573579	12.855637	0.19204239	0.19607085
2455	6.1822811	0.15342693	1.9794436	9679.3177	203.31237	201.32337	-0.29022868	0.13387057
2456	5.6866756	0.11653507	1.4569727	520.25898	11.17058	9.3842197	-0.026672062	0.13080772
2457	2.8051296	-0.50559892	2.8109542	857.94538	10.82787	8.8897868	-0.05286275	0.07495593
2458	2.0142042	-0.097335137	1.2994407	940.10807	14.521076	11.686613	-0.12333271	0.036802491
2459	3.0299584	0.58035434	2.2146054	3783.2144	116.658	56.972127	0.34844374	0.31131882
2460	1.1149342	0.20227343	2.5224308	4504.3931	54.716622	41.555679	0.49381105	0.11774977
2461	2.138689	0.21233741	0.096124642	4433.9551	63.832497	54.829204	0.016261498	0.00068119024
2462	4.3969152	0.13545815	2.2021948	7062.0885	55.257543	51.276634	0.45576109	-0.0023544514
2463	4.6351448	-0.022642976	1.7755463	195.54526	37.566695	1.4179347	-0.029259838	0.0025701519
2464	1.2246735	-0.16731564	1.084643	2406.858	29.26112	19.813869	0.014981074	0.012098164
2465	0.61667859	-1.0166696	1.8710863	350.87964	2.3449924	1.9870914	-0.015308739	0.10730003
2466	4.1023587	0.61475946	2.3554799	9065.6708	46.833389	42.42758	-0.19647369	0.14553703
2467	2.8815726	1.0723163	2.1521609	840.61838	9.1753899	7.9570758	-0.30137739	0.11823712
2468	0.09620169	0.39179305	1.6626667	3226.1762	44.912717	42.813123	0.24677892	0.10775207
2469	3.7275902	-1.007406	1.9497592	4491.6953	61.348137	33.891619	-0.016522099	-0.023492813
2470	5.7982434	1.0428015	1.9815456	910.73065	33.815639	11.32828	0.26728908	0.22151394
2471	3.041131	-0.20411769	2.0428882	2301.4377	39.129385	31.665657	-0.031088383	0.10232116
2472	3.291474	-0.52814542	0.31014977	5212.3327	41.411024	26.955389	0.18029819	0.0070135343
2473	4.452983	-0.57290586	2.3005	2162.6331	14.151849	12.63519	0.22789745	0.085240793
2474	0.80671971	-0.7274304	2.3311049	7878.0814	60.871295	44.422948	-0.093546681	0.23150739
2475	5.6285849	-0.65508353	0.20834234	8551.9362	85.840973	82.970996	0.047333877	-0.23856097
2476	1.9863009	-0.12676642	2.5057774	10391.154	87.553039	83.448135	0.017828634	-0.02532031
2477	6.2329864	0.21914658	0.58972653	9795.0656	46.337228	38.239627	0.13632924	-0.027317777
2478	2.853181	0.028942249	2.7611852	3565.1722	15.915139	14.91994	0.099030504	0.18732388
2479	5.1947966	-1.0817128	0.72000775	922.85969	9.7552287	2.0558519	0.020189994	0.049878029
2480	5.073119	-1.1172797	2.2885199	1949.4294	13.665787	11.272916	-0.37248825	0.032955104
2481	1.2800216	-0.66707055	0.63352219	4005.4326	55.999542	24.079081	0.18789482	0.30145085
2482	3.8025587	0.24381556	0.49069452	8080.6028	65.418027	21.026647	0.025771035	0.21638421
2483	6.091518	-1.1976416	2.4605951	2313.5185	12.243804	10.805214	-0.014137751	0.08507845
2484	2.4683122	0.37628158	0.65514533	622.62663	3.1665225	1.8284636	-0.00033902688	0.020835229
2485	0.61741481	-1.0145451	0.51013566	2457.7137	11.917328	11.156549	-0.077547726	0.24387878
2486	1.2342195	-0.80330616	2.9765401	4252.7723	53.20248	28.567719	0.079634362	-0.051429146
2487	5.702972	0.66492889	0.57519397	4586.6537	69.338905	49.86713	0.011067543	0.072460239
2488	4.2804788	0.81394916	2.1271352	907.80616	25.930574	16.243303	-0.03150223	0.049915505
2489	4.9685713	0.78575074	2.1462612	2290.7657	27.176875	14.099177	0.076199665	0.15167259
2490	4.438589	-0.7065357	0.33824891	4370.8698	36.809133	16.922651	-0.10019933	-0.17994592
2491	0.16013136	-0.35039129	2.5019513	2047.304	11.80623	10.492366	-0.19332026	0.0089593281
2492	0.63225216	-0.93673548	2.3243909	4367.8881	64.320829	63.815035	0.077301858	-0.077776072
2493	4.3273617	1.3183775	2.2236852	1245.3451	39.59303	34.317925	-0.16173429	0.58039427
2494	5.0925349	-0.14469252	0.49089891	4809.2828	46.517192	37.45997	0.34842972	0.11002181
2495	4.3857909	-0.047193815	2.6471732	1416.1406	11.405062	1.6123375	-0.0056859298	0.09849745
2496	1.5879557	0.70814029	2.8302464	6689.2589	58.771987	51.154236	0.011580948	0.14853546
2497	4.2360939	1.1929278	2.6264546	1528.1402	12.04282	11.096182	0.76833736	0.014408148
2498	2.4585587	-1.1275321	2.5443656	1621.0072	12.076048	10.544511	0.019513984	-0.027023366
2499	3.6621546	-1.0376368	0.85611227	779.51625	38.175306	37.177075	0.66077268	-0.071372487
2500	0.36854252	-0.04396653	0.70989671	1724.6152	13.76511	13.029136	0.10345309	0.22677037
2501	1.9498944	-0.46919327	0.73437839	5368.7773	66.078261	46.841178	0.093830173	0.0045407086
2502	1.9842136	-0.51780529	1.1230595	3803.8501	17.119534	13.836977	0.007503432	0.02475082
2503	1.9312205	0.96749552	0.57924365	4385.1771	19.268735	14.737316	-0.12665884	0.022250788
2504	1.1971601	0.65193378	0.39412742	3514.9009	14.082395	13.0934	0.13814038	-0.23581495
2505	3.6675318	0.28290374	1.232479	901.16393	12.593427	9.0304702	0.0037403547	0.021585998
2506	0.92100623	0.75430823	2.60021	435.80753	1.531878	1.3328531	0.11144401	0.15532653
2507	4.5574566	0.86596667	0.7508997	1067.3688	1.7828218	1.4365588	0.044162788	-0.031969078
2508	3.3536058	0.59962858	2.4402572	477.27489	1.6399126	1.5859844	-0.10174566	0.21042233
2509	2.8790059	-0.48678708	0.10936421	2135.0433	14.022822	13.197181	0.013305792	0.03281053
2510	0.76378841	-1.0547288	2.2779864	3152.7809	32.444588	28.553808	0.017635685	0.18639487
2511	2.7430075	0.14052959	1.9860178	3143.3062	56.70175	15.926746	-0.019733883	0.030831425
2512	0.18906974	-0.11536412	2.3711724	544.4523	4.6221213	3.6578847	0.08474053	0.20846998
2513	3.8690313	0.88623132	1.5601906	710.32761	35.35203	33.038712	-0.10135245	-0.2346291
2514	2.6834621	0.38796594	0.39719177	4842.5097	16.371452	14.733103	0.27865361	-0.0028108798
2515	4.8755312	-0.18066291	1.5355997	4669.6327	53.18634	46.607966	0.40958229	0.25342187
2516	5.7227539	-0.12869128	2.6105816	216.84227	2.2770302	1.7026022	0.013242654	0.0082157941
2517	0.38969607	0.29915302	0.91238496	1829.2437	13.691628	9.9838782	-0.10030052	0.24861671
2518	1.4246603	-0.39833643	1.9091579	613.57195	8.4592778	8.4540042	0.013481378	0.25669172
2519	1.5000678	-0.85340153	1.475772	1764.6825	44.644626	39.616429	0.027065867	0.010367741
2520	2.8423978	-0.037367383	2.1903167	1065.1763	42.482252	35.143173	0.054142629	-0.038015642
2521	1.7372415	-0.089184817	2.8724267	16746.74	96.669084	88.099882	0.20679017	0.1570201
2522	1.7657098	0.10998074	2.5529834	2142.0846	14.510429	14.097689	0.18624919	0.00078357808
2523	1.8343489	-0.84772312	2.3923221	3684.4806	15.500747	13.391355	0.081679963	0.02716506
2524	1.5157338	-0.80087606	0.4241036	1150.4828	12.841494	11.225531	0.051327004	0.043159556
2525	4.8786212	0.19253065	1.6745686	2549.2554	55.386362	37.773305	0.076902362	0.11045304
2526	3.8361867	-0.96156405	0.48241688	12322.24	85.980116	71.027083	0.056769037	0.18232067
2527	3.9540334	-0.038634898	0.40095893	619.02091	1.3473571	1.3386204	-0.096095493	0.069203119
2528	3.1429719	-0.40722741	2.2294039	5059.9234	68.770144	38.143953	0.0010275568	0.15350727
2529	5.1320541	-0.56336384	2.8334207	6072.6904	64.254895	14.359038	-0.065691349	-0.17608707
2530	2.5961961	-0.43034156	3.0954051	6837.1561	78.031931	66.866881	-0.076619363	-0.17917313
2531	5.9218374	-0.37353228	0.5600278	5950.4441	18.324234	17.796998	0.11067346	-0.069032086
2532	3.6176142	1.3102909	0.47129428	4870.0682	42.674169	27.073809	0.053568811	0.006842654
2533	0.044448686	1.3195428	2.0901318	2422.613	13.81809	12.211583	-0.19979422	-0.074478051
2534	0.030069834	0.28413872	2.8483718	3058.3612	14.121604	5.0048562	0.030547854	0.10550182
2535	5.2612168	-0.81721192	0.74512563	2729.4253	14.464336	10.84091	0.0060923253	0.028427963
2536	3.8165182	0.47597387	0.84422886	2825.5053	14.326883	13.636363	0.10347712	0.034268699
2537	1.5439858	-0.33982887	0.86866054	1076.2794	9.9817159	1.7475601	0.084079352	0.020975096
2538	4.2581534	1.1426556	0.70636671	5568.6521	51.357449	39.296096	-0.035306161	0.10395264
2539	5.6663166	0.76607326	1.3349938	123.39794	1.2857191	1.2691366	0.014854295	0.019026573
2540	3.7673692	0.907722	0.59133995	6388.0679	61.536734	50.409495	-0.011888901	0.084899661
2541	2.1108633	0.61166796	2.5815976	1948.1268	12.308846	10.754946	0.13190404	0.20384972
2542	2.8861915	0.72350279	1.9414964	6669.3818	49.941537	44.406054	0.43375654	0.049207747
2543	0.10045104	-1.1796483	2.6783927	7379.2916	19.270226	17.855216	-0.1577043	-0.14007701
2544	6.1107934	0.57836294	1.1247747	1032.6053	12.197272	10.867382	0.0068811837	0.1498704
2545	1.3317667	0.39944104	2.6365864	2002.3194	12.104063	2.5827162	0.16123263	0.24242732
2546	2.0201328	1.087599	2.525156	10572.98	163.57085	63.823772	0.12927435	0.12981963
2547	5.5428622	0.17001681	0.61018577	1956.6007	13.358397	12.362721	0.058661135	0.0028632185
2548	0.057849118	0.36225738	2.7978411	14329.661	102.10323	90.376531	0.0076882145	0.035125126
2549	1.8455855	-0.028277058	0.81085298	285.53186	1.6608608	1.3123355	0.014927365	-0.050648763
2550	2.1642942	-0.55976792	2.2571865	1804.9046	12.722297	12.037441	0.11231193	0.094481697
2551	3.758179	-1.2064407	2.8358559	12014.883	98.715257	69.623554	0.0027891267	-0.071585132
2552	1.8617349	-0.34448833	1.8789157	1819.5756	48.529774	15.859752	0.24022507	0.021018009
2553	4.5784431	0.16456453	2.9096965	652.22311	18.507543	11.255462	-0.010848602	-0.01121699
2554	2.8901925	1.0312108	0.2777619	729.01405	2.9445532	1.4440661	0.15369417	0.0033042242
2555	5.5169109	0.87525162	0.84142589	2887.6878	49.271782	44.565748	-0.051030876	-0.030681326
2556	0.82232172	-0.31387063	0.53434065	561.80897	11.048851	1.9255656	-0.022861981	0.014525067
2557	2.6277387	-0.48265132	1.1837968	2159.5859	13.156683	8.5017086	0.10681532	-0.10063911
2558	1.1181181	1.1144837	2.3655035	7178.3199	82.202242	72.071314	0.16354176	-0.23907425
2559	1.0293098	-0.7512407	2.8315518	2806.9139	13.494983	11.324981	0.059512611	0.013658575
2560	4.0370011	0.92382013	1.3742842	2376.8835	44.787228	41.661316	-0.027881679	-0.0079418371
2561	5.0707971	-0.9601564	1.2324084	1915.1392	17.268654	13.476244	0.11881002	0.010398857
2562	2.5131917	-1.1181947	1.1105239	2489.5618	44.85755	32.743565	0.15775206	0.057465242
2563	3.5745119	-1.388954	0.20851994	566.28563	10.713804	10.128639	0.34836359	0.12231359
2564	0.87924035	0.76983639	0.93172757	2052.1135	19.06891	6.2560533	0.11951165	0.22456236
2565	6.0189248	0.21070834	2.5137803	8441.9776	163.8221	123.828	-0.043531489	-0.04475907
2566	0.64966232	-0.25925381	0.60921375	2144.9408	37.365189	11.499511	-0.093310804	-0.081116633
2567	2.7577184	-0.7771484	1.923249	2568.067	31.193642	21.326388	0.033976183	0.0081246632
2568	3.9908341	0.20417957	3.0832564	1773.6511	12.04365	9.8108697	0.036159617	0.10098051
2569	4.6605849	-1.2968143	0.71012957	366.49012	1.5455214	1.3775164	0.00334145	0.046201653
2570	5.2216721	0.57896609	2.4754731	798.12999	10.641445	4.0404417	0.047568948	-0.12250287
2571	1.0790899	0.83921623	1.4107689	494.50974	10.850839	6.3568931	0.080966233	-0.044204501
2572	0.49846052	0.94145698	0.71464761	4254.4371	31.690015	28.703354	0.39042547	-0.049034099
2573	4.0580701	0.074420089	2.4958005	6652.8194	68.059019	62.039317	0.16687692	0.012766964
2574	0.60486752	-0.71920748	2.4597027	7873.0278	74.530651	57.649921	0.016668345	-0.10084544
2575	4.4044507	-1.2438625	2.5430356	574.0653	11.065167	1.6382582	0.15534492	-0.032488107
2576	5.9907812	1.3144371	1.0793469	1329.2625	12.925615	11.393196	0.0440831	0.057675217
2577	1.782748	0.98588395	0.63653687	2254.7275	14.19499	13.41878	0.15801714	-0.00062348937
2578	5.4909821	-0.81032913	0.55810924	10289.323	80.475631	68.734	0.16177567	0.052200094
2579	4.0567413	-1.3111385	2.9558372	19047.254	124.91802	83.678447	-0.02807786	-0.080761594
2580	6.0853385	0.46978639	0.3743544	975.86585	5.5055825	2.1011203	-0.10060394	0.029539284
2581	0.58706223	-0.36933667	1.1094652	3253.6081	37.372478	24.051163	-0.026334931	0.023271902
2582	1.4294651	0.25793589	2.053627	263.14199	1.4268525	1.1909517	0.11553282	-0.041428683
2583	6.1840249	0.37744929	2.4874794	2705.7222	12.030361	10.815142	0.13155417	0.070849254
2584	0.58232798	-0.67145395	2.3526701	1580.3917	25.396906	11.252875	-0.081588665	-0.66581097
2585	1.0310745	0.63986894	1.3920111	342.57106	8.1390857	8.0175449	-0.077898993	0.13027233
2586	3.5343655	0.26965791	0.68989523	10061.934	26.557423	25.817233	0.00070250571	0.26760527
2587	2.3383757	1.4111168	2.0185778	1572.002	16.841084	12.262153	-0.020516117	0.0024841406
2588	3.8999475	-1.1766869	3.0137351	2533.2786	46.842439	29.306609	0.2341042	-0.5564781
2589	3.3833204	0.39969932	2.0521682	1241.6933	11.888068	11.329736	0.49109372	0.054589306
2590	3.0477026	0.75497945	1.0360469	3981.6505	15.475783	12.616572	0.036875381	0.025149285
2591	1.0504245	0.30874204	2.4961522	4938.2101	66.527549	43.523354	0.0090818396	0.20277594
2592	6.1850271	0.6916141	2.4381518	827.85842	100.62671	2.9432419	-0.067218424	-0.039509466
2593	4.5213957	1.0945497	0.90970966	1699.153	13.240191	11.755153	-0.074552575	-0.1106376
2594	1.8189055	-1.0457331	0.29902162	1617.5109	18.819236	10.988412	0.23681584	0.035220617
2595	0.44373402	-0.73310016	2.0308254	323.2332	1.5886308	1.4162856	0.14635008	0.27171312
2596	5.7707958	1.436436	0.50198644	10139.904	202.47545	71.096026	0.40757134	0.24941347
2597	4.7467808	-0.75198014	0.83699794	2551.2988	58.419082	49.351985	-0.017557734	0.1095055
2598	1.4763218	-0.34133587	0.78473802	4677.5991	69.523919	63.808531	0.21929122	0.30631895
2599	3.6444136	1.29195	1.253861	717.91914	34.86393	26.955472	0.18987837	-0.016130636
2600	0.21190552	-0.11447468	0.57366035	5526.1757	62.48025	62.238252	-0.133888	-0.087712246
2601	4.1669709	0.41070352	0.56188636	2373.5061	22.696366	14.717105	0.14429153	0.098906405
2602	4.521702	-1.1611368	2.691782	6650.8801	67.087681	36.053878	0.0042691746	0.055640359
2603	2.5764081	0.055440794	0.016102074	2400.1104	5.2825178	2.478167	0.23194559	0.25468753
2604	6.1654742	-0.6136619	2.5757788	5512.5143	53.855851	48.002252	-0.00074850977	0.17407739
2605	0.22000389	-0.45928158	2.8143113	13553.873	53.324678	52.481439	-0.21529353	0.13419103
2606	1.3120088	-0.57928716	0.56049269	3536.923	13.647494	12.567655	0.05796892	-0.056132249
2607	0.45763993	1.1862593	1.9566541	1325.8885	36.358416	29.562519	-0.062664331	0.10992223
2608	2.0394542	-0.89513006	0.80774796	3252.4582	79.261103	70.873335	-0.0385054	-0.0023186919
2609	0.73520035	0.14569964	0.68033515	5660.2585	48.39012	43.601438	-0.11028298	-0.0034482361
2610	3.6885181	-0.07986883	0.98644018	3236.2521	102.49088	86.340555	0.20284119	-0.1115749
2611	3.2691479	0.31906862	2.4602249	2549.6901	26.015019	2.3219427	0.066251615	0.13657783
2612	1.7615561	0.97853191	0.16612692	4609.8345	23.045062	15.879439	-0.025151092	0.25068666
2613	3.5324259	0.6220673	0.54788142	1175.6436	9.7196358	8.526623	-0.15410744	0.038346783
2614	1.0570268	-1.0330705	2.5319878	2110.9347	13.038696	10.96842	0.0046724221	0.0019724997
2615	5.2613269	-0.46189759	0.70056347	1732.3748	4.1526645	2.2865483	0.0022395993	0.021513281
2616	3.2863088	-0.34478848	1.5442047	127.70136	1.5574881	1.4229648	-0.02512481	0.036995678
2617	4.8108348	-0.73250383	0.27204402	5452.7623	63.201313	59.252032	0.086472297	-0.036397761
2618	0.70857453	0.876189	2.4767367	616.89929	1.8277149	1.651114	0.098619116	0.011419627
2619	3.3432552	0.086931381	2.0190024	228.85956	1.7073089	1.4496747	0.0011830074	-0.10812443
2620	5.5789414	-1.0471449	2.2986898	666.83749	10.61733	10.15428	0.013317272	0.065947911
2621	2.48338	-0.13457811	2.523856	7140.9374	83.6061	68.163403	-0.52186729	-0.011029418
2622	4.7447199	-0.61364926	0.42181942	3008.5171	51.476091	47.912524	0.26159628	-0.022857567
2623	3.0665024	-0.0019921513	2.3905147	2097.1793	44.281347	37.045122	-0.0064921539	0.021689601
2624	5.3485983	1.4512587	2.6173337	634.44166	10.938522	1.4699841	0.080591587	-0.0294818
2625	1.6882162	-1.4217147	2.4693708	2791.6272	14.786975	13.011737	-0.0013656968	-0.042213171
2626	2.8695862	-0.63248486	0.52138743	8642.2262	65.512209	57.020822	0.011580948	0.14853546
2627	0.8029483	0.38118089	0.8728001	1024.6121	11.381198	1.539099	-0.072619728	0.21166835
2628	2.1381605	-0.77189112	2.2876186	3070.4394	55.994469	45.558311	-0.00074774308	0.018409783
2629	2.625973	0.18620061	2.7365746	2939.7788	11.657358	8.6600785	0.024688637	0.11588637
2630	0.45545519	-0.017977347	0.79348754	4487.0044	51.250953	30.176292	0.1167885	-0.022568673
2631	6.027807	-0.71858355	1.7397363	2479.0446	13.158368	12.561254	0.038419891	0.55848952
2632	2.8628627	1.0629365	1.1641831	4323.6834	68.512595	49.990185	-0.16304041	-0.14480226
2633	2.3035827	-0.85330281	1.8314397	2331.9575	38.634226	34.630146	0.025588609	0.20837576
2634	3.5246131	-0.62926685	2.4189896	3016.5001	13.59238	13.424497	0.51059898	0.046963448
2635	1.8721657	-0.42042814	0.56795014	9892.6973	78.218211	54.406923	0.060438071	0.032348405
2636	4.3727235	0.42286784	0.48725116	723.21001	2.4151174	1.6971763	0.034655841	0.077391682
2637	0.4058118	-0.39274816	0.19117137	12263.928	22.999942	21.27309	0.26656539	-0.038479936
2638	1.5243058	0.31974618	2.6820286	846.74432	2.0263857	1.4846054	8.5905456e-05	0.11236059
2639	1.3158254	-0.045128861	0.88950994	2781.2057	40.897507	38.119931	0.080611066	-0.32662185
2640	1.1123076	-0.50201758	1.6823785	1133.8214	11.578158	11.157372	0.051632494	-0.014446297
2641	4.7839984	-0.078628911	2.2586987	7925.2013	73.87541	55.328903	-0.037650743	-0.14327623
2642	2.2304307	-0.30642157	2.9286401	2174.9556	48.104058	2.4736002	0.52903185	-0.00020126131
2643	0.75930473	0.35246945	1.5660027	618.96236	9.7332052	9.5670435	-0.038695891	-0.085307832
2644	2.050264	0.24615258	2.8160869	6409.6082	40.201887	36.212616	-0.072902949	0.31861986
2645	3.4699979	1.2710232	0.72480221	9675.7056	72.826549	67.321842	0.039981585	0.19732664
2646	2.3294075	0.67231175	2.6634968	7078.3386	21.132092	20.046694	0.12394965	0.092485593
2647	4.8588631	1.4184672	1.188208	6474.7502	66.427169	42.309416	-0.088072259	-0.0056375157
2648	2.3608407	-0.24566738	1.1804315	1713.8795	15.050465	12.412185	0.1107741	0.11740061
2649	4.3429427	0.36247892	1.2110065	5587.8093	70.477668	57.247741	0.37254809	0.20785912
2650	5.3865781	-0.13092423	1.6115061	3608.7135	48.651018	46.767737	0.078401034	0.17159031
2651	3.4763135	-0.61609973	0.43612985	247.52303	1.5006189	1.2942418	-0.087394089	-0.26653534
2652	4.4791085	0.79480162	2.4610675	4006.207	50.622978	15.901715	0.10564671	-0.59814775
2653	1.5383272	0.66095415	0.31268987	451.64958	1.9176118	1.3471475	0.077991397	0.12408718
2654	1.0695844	1.0538506	2.6547579	5935.8003	19.100093	18.730927	0.023108478	0.062535813
2655	3.336533	0.38217204	0.80206724	1131.767	13.67904	11.051621	-0.030838185	0.012141364
2656	4.5967416	-0.61701242	0.50258484	5579.3949	17.166007	15.809105	0.04937958	0.15920949
2657	0.91216985	0.96704101	2.3356608	626.2621	11.415324	9.0984595	0.15440328	-0.066619187
2658	3.2860234	0.57647986	2.8062216	3776.9724	39.411451	35.629695	-0.0041303981	-0.1419301
2659	3.8107174	0.55151211	1.5089033	1116.2544	45.466845	43.586223	-0.00077615726	0.1225793
2660	0.88071199	0.69373723	0.75571341	146.34619	14.475694	2.5762088	-0.027293304	0.15750264
2661	4.9725076	-1.0594229	1.0952186	5852.4535	59.578208	54.176305	0.21181582	0.01738513
2662	5.0713486	-0.72623953	2.7912566	7138.8651	83.132668	61.392453	-0.070246636	-0.13739328
2663	0.56914597	-1.0386686	2.3307124	1830.627	14.568455	11.687319	-0.28249438	0.10075362
2664	0.68183607	0.53074281	0.56218224	1573.4347	39.041318	26.369134	0.028503393	0.011386185
2665	5.1787897	-0.87500807	2.8326806	10043.035	58.479072	45.987328	-0.084704104	0.096655642
2666	4.0249546	1.3830668	2.1065768	1372.1332	10.485262	9.285524	0.042264594	-0.048762939
2667	3.0466576	-0.12542118	2.2248465	9273.7969	76.314289	73.918225	0.24208754	-0.011390773
2668	2.6787036	-0.60758336	1.9411587	3413.2091	52.656053	49.58535	-0.0032008751	0.00080488461
2669	6.0073116	-0.73901686	2.2722636	1686.911	15.340562	2.2299916	-0.053525439	0.049518534
2670	3.4696187	0.86360756	0.39837628	3661.9821	13.703017	12.037802	0.3876849	0.31547066
2671	6.0234445	0.071469075	2.6050725	3370.1972	12.87476	12.825156	0.055377238	0.050307332
2672	4.0789409	0.44745076	2.8307017	7255.911	79.307467	71.502001	-0.026684179	-0.15797357
2673	4.689478	-1.0524665	0.76503401	4192.1013	48.10244	27.913958	0.69936604	0.043781513
2674	6.1795857	-0.30441583	0.96385027	7415.7351	140.73748	78.814376	0.030071568	0.30173037
2675	0.44245052	0.86479662	0.28377874	1824.8556	5.7434305	4.8789279	0.16179776	0.18413413
2676	1.7447704	-0.41843567	0.30795067	392.13994	1.5817793	1.3981115	-0.065954797	-0.041167709
2677	2.6267286	0.36064082	0.99557513	3637.6685	39.769231	18.931289	0.030354615	-0.3883844
2678	4.0625387	-1.1674516	0.037763461	7250.8528	72.178482	51.1431	0.020704289	0.0066194748
2679	5.4041327	-0.86218028	0.52020889	196.07538	2.2646514	1.3160931	-0.020613354	-0.041351324
2680	0.13739994	-1.0961412	2.6135824	2230.171	12.329529	10.291647	0.049151181	0.059309422
2681	5.2319435	-0.21916736	0.27739243	974.13445	3.2954015	2.51808	0.19082902	-0.015933036
2682	0.023503987	-0.38488292	0.55320385	11435.636	70.286871	68.988935	0.070818869	-0.21636762
2683	3.4277295	0.97235194	0.16570807	15065.534	100.1008	86.859083	0.0019088768	0.062653752
2684	0.14653097	0.87931153	0.6532381	89.951472	1.2552727	1.2236629	-0.31006943	-0.026991224
2685	2.6660635	-0.40494467	2.3536101	2251.2876	17.434222	9.8327653	-0.042711913	0.26354504
2686	0.57870461	0.62308457	0.38031274	16636.483	100.66248	78.95374	0.14785833	0.019327219
2687	3.5799706	-0.60696189	0.81216294	1372.5883	67.084235	36.924283	0.15615301	0.099670039
2688	3.7063887	0.50015082	0.79573207	2106.345	14.280857	12.368311	0.0041588779	-0.1999606
2689	3.7657169	0.59686598	1.0329561	4176.806	60.337239	48.634401	-0.16588865	-0.092025238
2690	2.4847838	-0.94646462	0.59096192	2144.665	53.461423	30.968097	-0.017157158	0.3880011
2691	0.65496955	-0.3166065	0.56846151	4290.3909	63.201581	59.832661	0.24585696	0.024098561
2692	5.7728591	0.22072948	2.6157276	3765.0869	30.614517	18.226247	-0.012266678	-0.043640254
2693	0.10621238	0.43565475	2.0858029	1149.8046	10.959866	10.568987	0.050225601	0.010490815
2694	5.5663227	-0.54973297	1.9507088	290.63222	9.1670702	1.5519303	0.0044118265	0.032138752
2695	2.9289318	-1.0451893	0.15745898	1524.2816	26.369801	23.561864	0.1462728	0.11921904
2696	0.33116071	0.86605684	2.1405394	2326.5541	31.320027	24.741835	0.15392059	0.11779811
2697	0.4164077	0.75250074	1.1859878	2543.5586	14.305375	12.024374	-0.14991115	0.031651213
2698	2.9832597	0.4827598	2.7055667	11990.067	203.80401	101.92451	0.0048510783	0.22178014
2699	0.058382695	-0.031229543	2.2535779	2764.6644	33.81795	20.149591	-0.042927709	0.012980359
2700	2.9109039	0.97832294	1.1494725	9020.2388	81.63991	69.717321	0.75431925	0.017541962
2701	0.9143869	-1.1008383	0.25521	3538.44	76.871245	43.917578	0.083160228	-0.010396632
2702	1.8192401	-0.042032355	0.88495495	2769.6258	14.377289	12.738418	0.067013168	0.39498135
2703	5.2950409	-0.6286512	1.0179944	1403.4961	11.577655	2.8059305	0.041640167	0.0046906062
2704	1.8064319	1.1957479	2.6673016	1505.5685	43.572578	25.430161	0.27350409	0.0072897174
2705	5.443189	1.0010533	2.8434574	453.45426	26.999747	1.5775181	-0.060419652	0.040165026
2706	0.89063957	1.0428818	3.0778276	2745.2715	13.826164	10.26753	0.0025224607	0.15561773
2707	5.5276236	-0.50219392	2.711283	6542.704	57.845065	49.403384	0.034034241	0.020378872
2708	5.2265282	0.92702746	2.6505959	1191.4283	10.454385	9.3827089	0.0062840535	-0.3750345
2709	4.6083091	-1.205503	0.22786033	6703.1567	73.594375	54.370832	-0.0093790931	0.1772574
2710	3.7097903	-0.2511446	2.3486783	3815.3587	48.72054	45.808485	0.12777052	-0.057359883
2711	0.16434778	-0.018033507	1.9534073	2707.8723	32.370259	13.076106	0.28441862	-0.030909001
2712	3.9623529	0.48022642	2.5389474	743.09078	2.0355606	1.8386593	0.0098632958	-0.016315876
2713	2.3348715	0.61765001	0.54336905	772.61139	1.9785796	1.7372822	0.0094648297	-0.030944862
2714	4.7551157	-0.32233148	1.5529949	3362.8319	31.293501	24.905711	0.17338709	0.024731118
2715	2.6598971	0.26210697	0.38326636	2034.5383	29.754827	2.4793208	-0.05975071	-0.020350026
2716	1.7299559	-1.078102	2.5139566	5051.2965	17.75984	13.018266	0.010494754	0.0011092452
2717	4.4306851	-0.088470717	2.5274247	18893.02	196.91269	92.402632	-0.019699639	-0.20708993
2718	3.0010437	0.0066323141	0.75428388	1167.454	10.63149	5.7014467	-0.07638202	0.37733354
2719	5.4271758	-1.224711	2.7720299	12943.729	118.36316	103.68013	0.11235516	0.14475801
2720	0.56123731	0.28159833	1.0181938	507.74998	17.417204	1.8957263	0.076891975	-0.034651011
2721	4.9729957	0.10450954	2.1412436	1194.9469	41.449445	32.198413	-0.10651155	-0.075810138
2722	4.2363651	-0.04500171	2.0544283	3073.9839	109.51183	34.435201	0.64399552	0.00078860361
2723	5.8248377	0.82910584	0.70317037	4229.8743	15.81041	10.223085	0.0074932449	-0.140714
2724	5.7509448	0.12305481	0.57674109	1169.6061	10.179782	9.9119175	-0.25979316	-0.040945682
2725	5.6794623	-0.18059299	2.6547704	543.9892	1.8430837	1.2728598	0.029385849	0.064908067
2726	0.36774035	-0.5831052	2.1229437	568.29507	2.8493193	1.3249715	0.091501512	-0.026198965
2727	2.2984449	0.39634226	1.6935096	1924.0378	26.593262	26.130078	-0.087295436	-0.038942221
2728	5.5513717	0.18394951	2.6644984	2916.2146	28.421445	12.010121	0.1352125	0.058070357
2729	2.6577165	0.81635032	0.80172943	503.2214	1.7936399	1.4279731	-0.067410406	0.055299056
2730	0.11500047	0.87490865	2.7704302	1360.4143	11.286363	10.791272	0.028505011	0.043929123
2731	5.6761667	-0.80337426	0.97609417	3893.3701	56.788009	53.839504	0.014058609	-0.016900419
2732	5.9722891	0.28481595	1.9620261	2355.7626	13.731898	10.705524	0.0073379821	-0.00051254662
2733	2.2837933	-0.94080988	1.1459008	522.80464	9.5291129	1.875526	0.086817046	0.032920271
2734	4.0660346	0.10069731	2.8577433	304.33987	1.8003843	1.3879495	-0.044786504	0.016846442
2735	0.29272028	0.59982316	2.3189211	14019.556	76.956118	76.694944	-0.11364804	-0.0014935409
2736	6.2221051	0.098285612	2.9034559	1066.9193	32.977098	1.8059555	-0.13256959	0.00018297657
2737	1.2515148	0.88364098	2.2167481	2498.9177	12.386677	11.938055	0.015276984	-0.0092749425
2738	2.2528244	-0.63468614	0.40181625	4724.1938	19.808551	14.237457	-0.0034884523	0.0066769984
2739	1.6588215	-1.3097356	2.9587183	3363.0382	72.870404	52.46519	0.082711045	0.24449748
2740	2.3138404	-0.21525219	1.2574531	187.82958	3.1720168	1.9480362	0.0069877756	0.1280723
2741	2.3756714	0.23983343	2.5162135	10438.647	49.305468	46.096767	-0.031749717	-0.024652435
2742	5.2998731	-0.078226487	1.3405907	2147.981	45.719933	25.365281	-0.22780155	-0.028117918
2743	2.1067536	-0.88920378	0.94271044	1677.7961	12.914203	4.7814049	0.039371631	-0.059607974
2744	3.9718099	-0.20281427	2.8906114	1392.2039	25.40636	19.83327	0.31864134	-0.22036746
2745	0.39267798	1.1949017	2.9474068	1726.7741	14.120451	13.325496	0.011391445	0.042519483
2746	5.1731087	0.12087516	2.7953463	3629.4762	59.68917	53.699007	0.0029852345	0.26192475
2747	3.699854	1.1882829	1.1735094	718.66784	11.309492	11.026701	0.086021207	0.066263212
2748	5.6766608	0.57362519	2.6665884	652.4184	11.20902	9.4413982	0.14319104	0.020411195
2749	5.89469	-0.24177702	1.1659447	3950.4617	74.627404	63.258398	-0.005211925	0.040930355
2750	2.0978757	-0.094984549	1.1505336	2201.98	55.327056	45.793145	0.075229586	-0.2705791
2751	3.9575667	-0.40500685	2.9175496	580.10752	24.529374	9.9381823	0.12230438	0.36973967
2752	1.6478675	0.62908598	2.7302202	397.54036	1.4050018	1.4000793	0.045638317	0.25229236
2753	4.9081695	-0.76805413	0.87441259	7387.3119	78.419908	69.690689	-0.0094073055	0.06071661
2754	5.2599308	1.0178078	2.4927857	1163.6947	11.145637	9.0065829	0.089810268	-0.22781163
2755	5.2192199	1.2263868	1.0476559	1854.8438	43.360325	40.54568	-0.016909196	0.040576184
2756	2.4500584	0.22254182	1.0759034	9710.025	92.409808	85.273948	0.25807843	0.14516304
2757	6.0821678	-0.1375673	2.3895377	199.27847	2.5554758	2.5297586	0.19671178	0.021540134
2758	2.9898972	0.3268747	1.6333093	443.13581	9.465001	9.4390532	0.33071117	0.13708477
2759	0.46186423	-0.86850792	0.72633109	8981.2994	82.783131	70.280235	0.15039394	-0.21892028
2760	2.4621904	-0.12057835	0.99088232	792.52132	9.8289437	8.5968172	-0.31391505	0.0050655515
2761	1.845095	-0.49925184	1.4157134	3566.6225	61.25898	49.994506	-0.017533244	0.023154722
2762	1.5606081	-0.6254119	2.3430242	895.46245	43.220625	1.7408091	0.017659556	0.12621313
2763	4.5868511	-0.48293804	2.3723241	3695.8648	17.611914	13.86014	0.023257989	0.082771378
2764	4.287312	0.43529636	1.2242521	4323.8557	118.06937	61.327696	0.12318261	0.095996224
2765	4.0393681	0.66554684	0.75977168	3951.425	41.801123	25.832836	0.032893281	0.53080301
2766	1.8443116	-1.105009	0.46365979	7133.4642	66.83321	64.2535	0.15117907	0.063314034
2767	3.4482546	-0.37273886	2.201466	3321.9712	39.165875	16.611275	0.0089200191	-0.055421958
2768	5.7616426	-0.59687008	2.0393098	1513.7188	45.247934	31.791451	0.33557436	0.16854502
2769	1.8718316	0.053360756	2.8943605	16291.787	100.41244	71.859978	0.15722119	0.017084431
2770	4.2573167	-0.093235358	0.38190825	468.08026	2.3543116	1.4536852	-0.001051532	0.25673859
2771	4.2562475	-0.83922072	0.72498239	4431.2026	50.2811	41.163019	-0.040671154	-0.034436637
2772	3.8844483	1.0725161	1.3273601	2731.6903	79.666279	36.13135	-0.17900794	0.035185342
2773	0.52398375	-0.96520811	0.72911796	2060.3275	26.385887	13.188135	-0.30685908	0.073834304
2774	1.5233822	0.083264683	2.0494685	2190.9034	50.873124	46.906589	0.27056799	0.17018866
2775	5.5887305	0.35227095	2.5854928	885.43556	12.667842	11.303641	0.064332501	-0.0018623558
2776	0.43815527	1.2143315	1.967493	2470.3805	34.602122	25.309544	-0.02118872	0.2956698
2777	4.1850807	-0.87665577	1.8708503	2915.214	57.523191	52.203449	0.17849562	0.069740677
2778	6.1428228	-0.22527605	2.3319779	2803.7731	58.412558	43.974545	0.18407628	0.31388323
2779	3.8530197	-0.83216666	0.20392563	16129.187	102.33997	93.487901	0.13147773	-0.011740829
2780	0.3076728	1.1247864	2.2471235	7080.2989	49.941952	43.502929	-0.019534795	0.14864468
2781	0.78349446	0.40397948	1.1744785	9024.9087	86.898668	77.316256	-0.024686288	0.027412315
2782	3.6089594	-0.96065968	0.83673731	2161.7062	14.153049	12.81379	-0.0075574181	0.024019134
2783	3.2889879	-0.31475098	0.56922748	2093.1003	13.420628	12.903329	-0.16274847	0.10923399
2784	0.4473579	-1.1971566	1.0350462	279.58347	1.6169233	1.3923079	0.013253147	-0.08651736
2785	1.1289132	-1.0102844	0.6313491	3212.4064	57.432818	26.319219	-0.089225631	0.1412497
2786	0.76593842	0.70760365	2.0989984	950.90011	31.624245	11.490874	0.12177906	0.051645556
2787	4.6223359	-0.54839816	2.6315179	4861.0067	64.020346	56.400999	0.46014783	-0.0065970739
2788	2.8531572	0.70500266	1.9002009	374.43827	22.067281	1.648246	0.17453902	0.13822391
2789	1.4606217	-1.2031677	2.625125	6667.5822	78.340578	57.257041	0.13823786	-0.020580686
2790	0.22790774	-1.018289	2.0571025	2337.2836	12.831761	12.783685	0.036223398	-0.047984979
2791	3.784395	-0.27096342	2.7295755	897.31587	2.3898796	1.6134534	-0.00022522901	0.071165488
2792	4.7532163	-0.0089460907	0.68123212	8102.807	64.249099	47.618414	-0.0017575465	-0.077123763
2793	2.6804366	0.33863359	2.6046172	1767.3889	28.1487	12.12175	0.36387098	-0.081371366
2794	5.1199821	-0.09466664	2.8385482	1595.6093	10.231374	6.1714008	0.067221456	0.28977693
2795	5.8575993	-0.6352106	2.0101403	1871.6256	10.488176	8.7830398	0.0097096768	0.033595726
2796	1.0285218	0.88012909	2.8299982	1023.8949	11.160508	4.1030169	-0.19076921	0.022993872
2797	3.3570544	-0.77147191	2.1118746	1366.1012	12.815658	12.07013	0.16245706	0.0013848015
2798	3.3089387	-0.11793254	2.6444554	9850.007	81.74429	80.321725	-0.0023612035	-0.066773954
2799	2.1194976	-1.4270469	1.0883731	197.68152	1.3875591	1.3122566	0.21151249	0.091278115
2800	5.8082444	0.94799901	2.5047968	6140.869	66.43181	50.452369	0.12304154	0.09579957
2801	4.651776	-0.7265923	2.3598186	613.17102	1.9973817	1.9884524	0.022254274	0.086580213
2802	1.9424423	0.21487371	2.451649	3292.5353	51.89871	29.77973	0.2532636	0.0066803516
2803	0.67937461	-0.93180997	1.9414997	3187.3218	71.089289	51.230639	0.29022451	-0.23242712
2804	2.7534537	-0.079860232	0.80312648	3611.5242	14.436026	12.747732	-0.00034938357	0.25176338
2805	3.343601	-0.5471048	2.0625816	2834.6405	39.257944	34.774049	0.054261426	-0.011801212
2806	2.4570578	-0.71417719	2.5234998	3246.0992	51.89446	43.959367	0.032793485	0.050960362
2807	2.4939504	-0.89505618	0.83302328	2943.1674	53.321443	52.511671	-0.045935126	0.24342224
2808	4.7794155	0.606171	0.79262554	689.07867	2.7783801	1.8922374	-0.11257829	0.042522818
2809	1.0398117	-0.32127634	0.39064194	3456.0312	53.559489	48.540422	-0.041175139	-0.01895831
2810	1.9935711	-0.49077069	2.7741606	3710.8087	67.488306	50.848825	-0.20184379	0.12977681
2811	0.50028555	-0.926385	2.8255326	1526.1974	11.101192	1.7382142	0.034954602	-0.2315342
2812	0.57033187	-0.46266349	0.56520908	575.04582	1.793016	1.5214353	0.0050823983	0.066447961
2813	4.229909	0.13674615	0.58432106	4791.2	66.760906	60.699651	0.10725569	0.00076414038
2814	3.412793	-0.35704264	2.4154798	2584.6998	17.276126	14.766876	0.052883976	0.14343866
2815	3.6749554	0.12618969	0.72029908	2429.8572	12.585115	12.020971	0.21856751	0.0040634431
2816	2.8616285	-0.41325647	1.2095587	2659.7089	51.972306	43.660428	0.027743827	0.24008841
2817	0.32025296	1.1747363	2.1615876	2190.8872	52.604719	23.76813	0.21032616	-0.10972473
2818	1.7162968	-0.26794699	1.133119	575.86057	26.671414	1.3788376	0.057428864	0.11352098
2819	1.1068669	0.31927398	2.4417225	1139.5685	10.339624	1.5702165	-0.091131532	0.077672246
2820	1.3522189	0.35867453	0.90553641	337.68104	1.8879565	1.3009653	0.060063582	-0.018681856
2821	5.0733802	-0.4604357	1.7293578	914.86965	11.787218	1.8236807	0.097215287	-0.016501046
2822	1.9441823	0.74324408	1.3013133	4460.1473	47.793033	44.462807	-0.10905314	0.023613811
2823	0.26351186	-0.17527858	1.720346	1751.8587	46.677022	41.534056	0.65163983	0.0016152495
2824	4.8133522	-0.82483442	1.3694374	282.756	1.485267	1.3050013	-0.1102077	0.21468534
2825	1.1234081	0.60039587	0.78585531	1000.0587	9.8240715	9.7517114	-0.043016572	-0.0052023431
2826	0.50830452	-0.34665131	2.0630827	1260.4674	26.030281	9.7396641	-0.084041343	-0.018772956
2827	1.2666978	0.92356811	0.76166219	2052.0503	11.802708	10.460494	0.080294216	-0.079028399
2828	5.1619569	0.53199526	2.6591782	1632.8501	31.761102	2.4159513	0.0086052657	-0.11920714
2829	3.2148891	0.7634969	1.8280356	513.06461	21.493714	1.4415044	0.050314448	0.0026187566
2830	0.37795354	1.2174971	2.5576046	3014.0165	17.054627	16.052332	0.085287313	0.073577967
2831	3.0420788	0.29835246	0.1433039	468.89367	1.6850844	1.3305946	-0.28397814	0.016179261
2832	0.43230493	0.53104098	2.1878184	2133.4573	13.178128	12.061557	0.048682913	0.056400064
2833	1.2989175	0.42266954	1.2347663	1410.0713	52.879463	13.618239	-0.0043701622	-0.095583852
2834	4.9700913	0.82463169	2.8329858	2483.6813	14.500483	13.310294	0.0070782696	0.033852013
2835	0.19484001	-0.46876847	0.57538665	9463.0575	88.846428	46.160285	0.1370769	0.24168813
2836	2.7158835	0.17664464	2.4264864	3597.0729	35.074776	33.308755	-0.29496698	-0.036800007
2837	4.3328473	-0.53621259	0.47016833	787.08937	1.6831281	1.3822394	-0.15724348	0.057698891
2838	4.6780472	0.19083885	2.2568214	1265.2346	10.908616	9.898231	0.10088313	-0.21513759
2839	3.4902541	-1.1547123	2.092592	750.64714	11.033675	1.753261	0.18548656	0.026875396
2840	4.9387869	0.91939661	0.27403687	1192.2052	12.298912	11.765681	0.0080918454	0.19671223
2841	3.954836	-0.2105535	0.82178647	731.09999	13.453801	5.4193964	0.017402016	-0.30582554
2842	0.0036907276	-1.2893369	0.2127534	5397.2436	29.130583	18.326649	-0.30342672	-0.054381489
2843	2.8269987	0.5688123	1.1770458	844.03828	25.522561	9.529593	0.030330543	0.002281735
2844	5.3075209	-0.65560961	2.6771016	12530.453	53.778268	43.849965	0.049013505	0.36689467
2845	1.7468598	-1.1931194	0.73991418	5915.3408	60.982153	43.581999	0.44154197	0.07867407
2846	1.7036701	-1.0379972	2.1625437	809.73603	11.832977	1.5090262	-0.30689461	0.0029444825
2847	1.2691114	-0.50225712	1.2760693	1455.5636	10.576043	9.9838689	-0.028265259	-0.00011021545
2848	2.1407466	1.4010827	2.3197823	319.85447	1.3742521	1.3361871	-0.002159604	0.1666708
2849	5.4535831	-0.59524443	2.3659652	3269.4939	51.760125	20.509726	0.012616149	0.057336439
2850	3.6828416	-0.8776327	2.8534958	5428.7203	16.426518	14.547152	0.13427217	-0.0096839346
2851	3.3112459	0.71250309	2.3725937	1534.4629	11.732982	11.300443	0.027374429	0.040744124
2852	0.90343163	-1.0784388	2.0266412	615.16653	8.566032	2.8428166	-0.048299616	0.089148614
2853	0.88293689	-0.12532962	2.6242743	2666.9261	13.004746	12.658014	0.19672283	0.15530548
2854	5.0642304	-0.73831787	3.0309739	3933.7366	13.280839	13.076215	-0.014357217	0.078582122
2855	5.5192084	0.72411119	2.9673941	4793.8519	53.529612	45.587221	0.060340481	-0.025608726
2856	3.8231053	0.68020012	2.3778129	15439.284	99.150905	69.613243	0.07467708	0.1927462
2857	1.5587444	-0.14258133	2.7377596	1089.687	11.506936	11.234258	0.27974471	0.054313711
2858	2.5638214	-0.27231992	1.5375148	2195.0706	51.957526	44.033114	-0.044467072	0.19833609
2859	0.93132042	-0.75784557	0.7912356	9049.2371	78.536841	65.964118	0.021116978	-0.1167239
2860	5.9001597	-0.484956	2.2208407	1497.6834	58.354719	11.973645	-0.0040467991	0.1055549
2861	4.7823299	0.21121748	1.9910195	1375.7192	9.9993738	9.3781544	-0.16462441	0.064072762
2862	0.85376461	0.85142753	2.1975837	11124.84	74.739761	72.904149	-0.089185593	0.04690653
2863	1.9891147	1.1614806	2.1836511	4023.7347	25.912921	17.946129	0.11473418	0.37110101
2864	5.9058121	0.19565697	2.005205	5745.0084	66.277982	64.501785	0.03107992	0.00055066754
2865	4.4140649	0.6685882	2.5526662	3302.2302	51.82415	40.997024	0.04071652	0.012651984
2866	4.1886628	-0.13824329	0.62288858	625.52656	1.5748294	1.3910332	-0.1102314	0.014011181
2867	3.8503518	1.0603662	1.304243	2089.076	31.108728	12.686875	-0.0095145585	-0.048500922
2868	4.9181331	-1.2234496	2.4446026	1863.3004	14.536463	13.048658	0.06269912	-0.016626853
2869	5.7000954	0.78490109	0.61404358	5050.9571	34.566513	15.265998	0.28682125	0.23101294
2870	1.6468128	-0.70060436	1.1332178	565.72188	11.535996	5.4904339	0.029424512	0.21180963
2871	1.1274266	-0.25771422	0.95044608	3940.5558	55.294881	52.133924	0.18248075	0.00011915003
2872	4.393708	0.28375597	0.61906819	9701.4643	70.239625	69.859803	0.44198272	0.19865605
2873	4.8515322	0.42379903	0.49998797	1378.5701	15.120448	11.578398	0.061516026	0.36326573
2874	3.5604005	-0.093313941	1.1811407	2564.9721	13.8953	13.715634	0.55065675	-0.18254017
2875	4.5694469	1.2613974	2.0352584	414.40437	1.5603761	1.308419	0.0146742	-0.13580294
2876	2.4215527	0.75414756	0.9579023	8496.2905	81.585456	45.918754	-0.013770292	-0.19796076
2877	4.4826345	-0.50766612	2.580558	606.42905	1.9677234	1.5251221	0.026491153	-0.051920107
2878	2.3198081	1.1448877	0.46746996	6037.2395	37.891846	32.543007	0.020749907	0.053307022
2879	5.2823313	-0.43966224	2.0107821	1434.5221	98.071004	40.302224	0.13230328	-0.068015291
2880	1.2082427	-0.75957298	0.7707461	2239.783	13.990718	13.247162	-0.016003246	-0.12660455
2881	3.0241629	-0.65903062	0.86664913	5178.625	63.33067	61.805676	0.1513868	0.18933613
2882	0.47468594	1.3815157	1.0393944	3260.6968	40.855405	30.460214	0.36450736	0.027119333
2883	0.29796798	0.39647828	1.9187477	767.64022	21.450757	12.612659	-0.031373875	0.20303122
2884	0.10321668	0.49293573	0.38593019	10605.865	85.838725	76.380847	0.65163983	0.0016152495
2885	0.64943925	0.099549583	2.6066378	4399.6013	167.15402	122.16867	-0.00030867127	0.096825159
2886	4.9531116	-0.10480623	2.1512407	587.70257	38.229748	33.113013	0.26177059	-0.17643128
2887	2.0749065	0.098175764	2.3458203	1559.2271	11.015028	10.940034	0.029342555	0.045334416
2888	4.9845027	-0.75780129	1.0725671	2797.7362	51.943034	45.360541	-0.0048324372	-0.21617431
2889	3.6870786	-0.69540964	1.3416861	2967.2697	55.508237	46.58673	-0.01183064	-0.0023344867
2890	2.9950766	-0.92862899	2.4427312	4930.0967	48.432107	20.187971	0.16407571	-0.035794332
2891	2.9561761	-1.2476724	0.63449889	7369.6421	72.873286	66.461753	0.22278855	-0.2381256
2892	4.6833761	0.41157363	0.39829828	3708.0557	13.978388	13.5538	0.13907097	0.047966135
2893	2.9511327	-0.37669962	2.3307282	2738.6968	22.847339	22.321791	-0.10115661	0.043805624
2894	3.1455772	-0.67135782	0.095672116	2588.5852	13.544328	12.64031	-0.023772079	0.57651263
2895	0.30163635	1.4587671	0.29234374	2830.2191	39.255728	11.560978	-0.062294702	0.0034780663
2896	1.4289458	0.40482866	2.4401832	420.25707	9.9189236	3.160665	0.071178294	0.27617142
2897	1.356375	-0.24194429	0.24613697	2911.2352	9.0532857	4.968682	0.053470833	0.045520571
2898	5.7820782	-1.2872446	2.4579535	617.29991	2.7675309	2.1470186	0.09514305	0.017099257
2899	3.7678908	-0.88936709	2.3563274	1702.8291	12.992062	11.317204	-0.0063585095	0.006723142
2900	5.7623782	-1.3115187	1.4640474	2557.3561	62.048555	12.03849	0.3511154	-0.37909432
2901	5.3465836	-0.77322503	2.7180913	13345.915	56.045535	46.016515	0.53766142	-0.00071992936
2902	4.3131194	1.0050753	2.2540593	5009.2234	74.595417	56.402041	-0.15452504	-0.44303617
2903	1.4004554	-0.84914029	1.0425669	2223.4917	46.758408	45.765038	-0.2888639	-0.46008202
2904	3.0063112	0.67254097	0.50841364	800.37813	1.7610324	1.700935	-0.11055912	0.29809963
2905	5.111472	0.027485882	1.378583	1668.9059	32.269555	30.863507	-0.29216879	-0.0072543717
2906	3.643927	0.21097931	0.53443901	2219.5216	17.024388	13.333785	-0.021483261	0.13821912
2907	2.0528184	-0.93151495	2.6380027	3070.2313	14.987697	14.296709	0.039591998	-0.062125469
2908	4.8042825	-1.1625231	2.4474355	3075.1219	14.634984	12.02728	-0.32872187	0.34935469
2909	1.9678303	-1.4525936	1.4559394	421.32069	37.552473	10.787048	0.31393376	-0.16670164
2910	0.29981139	-0.52377578	2.4460202	3846.9829	15.322943	12.738073	0.25888748	0.034421725
2911	3.0283959	0.161979	2.8489763	11008.064	92.205761	81.103892	-0.17485397	0.19929415
2912	3.5452245	-0.043337825	2.4483697	3012.5809	55.77124	54.435738	-0.0054802787	-0.1102063
2913	4.2337477	-0.10157736	0.59750083	3158.5389	13.981953	12.124806	0.23960843	0.21272969
2914	4.4887966	-0.62980647	2.347291	7140.3941	53.259426	46.6805	0.032527884	-0.037510715
2915	0.87820842	-0.14212513	0.069429618	1010.7718	29.316866	1.8081415	0.037028482	0.12283707
2916	6.1657707	-0.50559209	1.1205051	1381.2161	16.163059	12.170438	0.29432935	0.10222815
2917	0.68378579	0.49673822	2.1834622	1053.9636	25.161239	24.271213	0.024226948	-0.017443116
2918	6.1959447	-1.2970733	0.85920168	9752.5322	101.21777	87.847267	0.054940531	-0.20664069
2919	2.7517606	0.4178521	2.4417904	5057.0983	66.20934	51.683008	0.19136028	0.30457785
2920	0.47840358	0.1669238	0.24190899	4877.6153	61.343538	55.182367	-0.035144129	0.18462664
2921	3.7477305	-0.74134542	2.0305395	577.92159	2.7993286	1.5494012	0.060623254	0.23888903
2922	0.30074229	-0.6953797	2.4720512	8050.0813	80.926187	54.721895	0.082817879	-0.15068351
2923	1.8903628	-0.7541565	2.3600134	12656.784	101.4817	84.646659	0.055486246	0.12448229
2924	2.3218868	-0.17127642	2.0700959	2000.4022	41.863151	39.395195	0.25847945	-0.30860979
2925	3.968947	-0.72188083	0.25953524	5707.5377	61.676215	55.519401	-0.13343367	-0.017274403
2926	0.68876324	-0.31951165	2.0906368	7728.0552	75.203663	50.588563	0.051330261	-0.012839304
2927	1.6303484	0.080071336	2.5054821	5164.4418	83.54948	69.397931	0.12484821	0.18500542
2928	5.0210293	-0.88377584	1.5225326	256.89904	3.8116826	1.3322669	-0.05888465	-0.022885895
2929	0.40314927	-0.27469333	1.8499888	3795.0754	15.875312	11.382686	-0.22594021	0.017637455
2930	3.7288553	-1.1786515	0.37027781	919.53661	44.10506	2.7876619	-0.018023457	-0.056570989
2931	3.8863079	0.9198891	2.2069249	449.95504	12.785317	2.2248104	0.1812153	0.085738932
2932	0.20243004	0.52395574	1.2011677	183.13671	1.4449473	1.2325411	0.069561361	0.12744404
2933	0.032903815	0.90947748	0.46118604	8778.6519	80.539618	69.052277	0.0094482633	0.0072214144
2934	2.1346241	-0.89716989	1.1749781	8488.4236	23.696074	19.977996	0.66503335	-0.017504434
2935	3.8158105	0.067201117	2.900882	1166.9828	11.465189	11.071002	0.33193587	-0.22482626
2936	4.5304853	1.0131764	0.37687607	11130.664	91.059985	73.422259	0.047484423	0.019770472
2937	4.2203652	-0.47542239	1.555162	2747.193	54.764	44.217467	0.24137473	0.097989312
2938	4.0151292	-0.12344064	0.50068521	3071.889	48.213895	39.374964	0.041475028	-0.082334815
2939	2.7132581	1.1198584	2.268045	1979.6404	14.226357	5.6094412	0.046537024	-0.085420065
2940	4.2199991	1.1784599	2.6212853	1537.8216	11.797087	11.234953	0.084848508	0.075039494
2941	5.7046533	0.11298125	1.5241304	430.92284	1.7283672	1.610809	-0.0018366293	-0.056935736
2942	3.7687191	-1.1471883	1.2595347	2418.9192	64.124203	46.555207	0.13397718	0.055594238
2943	3.4219334	-0.82731914	2.329814	5205.8546	36.010075	17.675418	0.02353723	-0.0036205355
2944	5.8182736	-0.92476452	2.3252931	1108.2059	30.873638	26.665882	0.14631946	0.15940677
2945	2.5043542	0.14869978	2.3424813	3450.4024	47.237462	36.970218	0.0064425306	0.087497348
2946	2.9470927	-0.17745246	2.790605	1856.8061	12.857182	4.7366035	-0.094077036	-0.034553184
2947	6.2548065	0.32846493	2.0649851	2310.2073	40.680505	35.402804	0.0032020901	0.070878745
2948	1.3835099	-1.1506196	2.9864218	5042.2935	50.591302	40.087803	0.049114214	-0.022144609
2949	0.18253947	0.48581258	2.1912933	465.56402	2.0454129	1.4698772	0.0024667103	0.01753707
2950	5.8081161	-0.49101426	1.1910713	7263.9623	63.554717	63.015437	0.39707968	0.058282036
2951	0.021134124	0.51496003	0.17630006	5379.1178	16.211816	14.717342	5.3339219e-05	-0.006069431
2952	5.6177532	0.60100686	2.2726995	8854.3633	187.1116	141.09087	0.013432305	0.0154219
2953	1.3525061	-0.98343711	1.8794638	923.20059	10.933774	10.434517	-0.076005313	0.55617406
2954	3.18634	-0.91219844	1.3779427	2318.2237	21.583219	13.181555	0.14539691	0.036970023
2955	1.4001808	0.6716376	2.0817718	340.77367	1.7910705	1.2799663	0.063679276	-0.018651976
2956	5.16216	-0.70755596	0.66068823	9944.438	77.207789	73.901552	-0.11750856	0.010386409
2957	1.6799353	-0.85318342	3.0461303	4834.2672	61.642945	32.032124	0.20123737	0.31365293
2958	0.09884898	-1.2809002	2.1829451	2585.9031	13.437501	13.119537	-0.0045568114	0.058056164
2959	0.13268813	-0.24482228	1.9046195	547.50259	8.7569229	1.8816214	0.37390405	0.15944929
2960	4.6443189	0.90290527	2.6195087	3133.9447	14.946418	13.848348	0.45810007	0.0012815317
2961	3.0328347	1.2674505	0.091690376	381.71422	1.8890568	1.4006518	0.066413592	-0.070250255
2962	3.04344	-0.26061755	0.12700497	380.57515	3.1930146	2.1183002	-0.0080928897	-0.0033552318
2963	2.1169337	0.5443017	0.5787786	2973.444	14.75828	13.170558	0.07429827	-0.19586945
2964	2.1523066	0.56011971	2.8177867	1586.171	35.708093	10.785365	0.094750652	0.15834675
2965	4.9289564	0.52121162	1.0552285	7311.8964	74.064816	59.316989	0.4283164	0.17152055
2966	6.1101848	-0.93277694	0.30912731	1052.9313	10.000997	9.7515971	0.24136954	0.16211852
2967	0.58406268	1.0245722	1.8418679	1839.6916	11.51945	9.9621037	0.078529439	0.10101839
2968	0.038996073	-0.12173518	0.58576128	619.0701	10.63792	7.4140792	-0.013255429	0.19600105
2969	4.1202761	0.99355261	2.5868044	163.14794	1.4980043	1.3349813	0.13182807	0.15869749
2970	3.7154889	1.1373417	2.6179329	4910.8636	60.301787	47.499159	0.27975739	0.0029837628
2971	1.0658738	0.17197795	2.1395384	4681.9893	32.549179	26.965756	-0.021968957	0.30905683
2972	1.091807	-0.32711823	0.65140238	454.55637	9.7238034	9.2777733	-0.71926497	0.0060054197
2973	3.0916945	-0.78191703	2.9991981	5222.0775	49.155931	47.84536	0.08294265	0.0018352776
2974	4.0781763	-0.01426815	2.7987692	748.45316	2.3406121	1.5595009	0.20355739	-0.20007697
2975	0.60277201	0.61202434	2.6799386	3167.788	12.258531	7.0390881	0.060826224	-0.17230902
2976	5.3791118	0.57751102	1.9558731	5566.1208	61.687117	40.907624	0.34660277	-0.0012744441
2977	4.0917944	0.44843418	1.5864821	2726.3333	41.104033	32.556463	0.14984119	0.078268516
2978	1.827616	0.8935919	2.2778731	334.4192	1.5725817	1.4713039	0.064225287	0.0037584719
2979	2.0278255	1.2075781	0.81750116	609.56113	11.735194	10.573155	0.015133886	0.044714888
2980	2.4347971	0.42025012	2.2225543	1591.9562	12.425241	11.221945	-0.091495338	-0.097567908
2981	1.5997382	0.34717131	0.7032489	1185.6966	11.274591	2.2768784	0.30794127	0.10722477
2982	3.6272844	-0.42959008	2.6281116	9177.0959	81.373003	50.056177	0.10901673	-0.16988991
2983	1.7329899	-0.87362157	0.8543684	355.37211	1.9538137	1.3124902	-0.01912381	-0.048963865
2984	5.9589431	-0.36240728	2.7381499	3851.7667	23.17723	16.540736	0.049860119	0.11158127
2985	5.1102264	0.23851781	2.7163346	705.20689	1.6748612	1.3847937	-0.33486549	-0.10630806
2986	6.153735	0.35832496	0.4775853	2124.1966	12.657488	12.120123	0.022432106	0.15634505
2987	3.1941028	0.64109707	0.65646792	538.46475	1.5517879	1.2593378	0.13129959	0.02528348
2988	0.54560249	-0.29439254	1.2019589	2130.5384	71.353573	36.784638	0.34594386	-0.067033072
2989	2.0200126	-0.82822176	0.86729204	6986.0224	36.695136	28.896343	0.41494988	-0.046804246
2990	2.4006613	-1.0513434	2.8105707	12934.766	90.802921	77.669765	-0.05493378	-0.095105934
2991	4.7310007	-0.23056728	2.0536387	1277.1387	22.973668	21.653937	0.19274957	0.13344609
2992	4.8700983	-0.60995514	2.3292619	852.61005	15.125281	9.811172	-0.3573582	0.0460515
2993	0.2827365	-0.14554214	2.733098	2252.5691	38.14438	28.420675	0.046569481	0.0020207535
2994	3.4842673	1.0836716	2.4639317	5812.8902	42.211054	21.018099	-0.011272991	0.14248977
2995	5.7112078	1.0669092	2.7863043	3921.4979	50.469457	44.632388	-0.2579378	0.081348865
2996	2.104023	-1.2435191	2.8194823	1082.3224	1.4784198	1.4135455	0.076756001	0.051207223
2997	5.400323	0.022539065	1.4973933	4741.1918	47.898511	45.720695	-0.068480325	0.13097247
2998	4.4785426	-0.4918495	0.4158383	4634.5458	59.5512	44.417406	-0.079699038	-0.081459947
2999	3.3124171	0.96149206	0.42731321	1216.6903	46.01173	41.00239	0.13257995	0.44738253
3000	3.8908296	0.59254148	0.9590895	5159.9429	27.717939	16.327166	-0.065195673	0.12396346
3001	2.8104343	0.59325737	2.7521926	2847.8592	18.285279	15.245025	-0.0066683978	0.066429217
3002	4.3944039	-0.63164839	0.45863738	4440.7386	59.088871	45.960009	-0.15760786	0.23936798
3003	1.1705921	-0.23106451	1.7237631	3074.4659	25.870124	15.729857	0.091557271	-0.04458842
3004	2.3399324	-0.02140408	2.5246235	855.36227	11.723249	1.3737636	0.01747609	-0.017355485
3005	3.1646851	-0.76104632	0.32336658	2321.8617	12.886135	10.54668	-0.096375918	0.0010666156
3006	4.38138	0.44762532	0.68327208	517.20885	16.377251	10.293843	0.091454014	-0.0039221383
3007	5.9455327	-1.0035823	2.7237754	998.51523	3.1593673	1.7047562	0.062667214	0.014392546
3008	4.8997216	-0.15303539	2.0263178	3590.7916	40.651314	23.732979	0.01036592	0.053167845
3009	5.3483157	0.021728665	2.5367324	536.14956	38.837964	26.438295	0.023308234	-0.41684695
3010	1.7198558	-0.05167959	0.72792209	5563.4086	103.68627	82.086433	-0.15028682	-0.004332634
3011	1.7616154	-0.39182888	2.4219145	10715.226	69.161933	67.576984	0.23305156	0.018134462
3012	0.53169324	-0.31386311	1.7027013	5463.2884	135.39514	71.928448	0.14704316	0.10020336
3013	4.3496758	-0.85166653	2.4276891	4223.9232	59.742273	57.03821	-0.13940077	0.075842416
3014	1.754096	0.47931733	2.1183565	5022.0502	55.920383	54.711784	-0.24487319	-0.039578482
3015	0.6229301	-0.85652142	0.44916493	1517.7516	10.637657	2.5792706	-0.15960157	0.14065384
3016	0.23723691	0.86072976	0.71377144	6361.0591	64.005105	57.746533	-0.086421137	0.076687353
3017	5.525377	0.86544261	1.8228763	2514.0674	50.122001	39.619979	0.030463685	0.053700115
3018	1.5824738	0.9647518	2.1698013	2144.0229	97.40661	33.066661	-0.031296127	-0.056868211
3019	0.40146828	0.23527456	1.2862457	3278.2661	37.384296	20.774783	-0.20223802	0.12072087
3020	5.8228378	0.69498516	2.2583772	794.61288	5.8968764	1.816763	7.8587665e-05	-0.047198648
3021	2.0739562	-1.3008163	0.83528332	2444.3491	10.833955	10.380304	0.24546185	0.3394422
3022	5.1377578	-0.46510946	2.1443658	353.58294	10.174968	9.708438	-0.14287526	-3.8079217e-05
3023	2.8026361	0.2758143	0.9358373	3436.8547	46.012648	43.608	0.020187193	0.53627831
3024	1.3153726	0.43762053	0.79824427	6855.6809	64.653441	58.663967	0.094730123	-0.0038672747
3025	0.2010914	0.37145013	1.0836948	1627.8828	42.22638	31.205937	0.57358367	0.022007911
3026	0.93152383	-0.541146	2.484733	2992.0426	14.177603	14.087027	0.0074784007	-0.01420481
3027	4.2758838	-1.051078	2.0647871	1678.8036	23.131757	14.907891	-0.046247185	0.1951158
3028	1.1797863	-0.53011121	0.6082848	5930.4404	53.564234	37.469702	0.020365621	-0.22882338
3029	4.3052539	-0.31228085	0.82587646	2733.9188	18.85551	13.818853	0.11676581	-0.11689283
3030	0.48887414	1.3563742	1.2981804	5751.3191	75.100887	70.063271	0.21227692	-0.041679503
3031	1.9540697	0.059998967	1.0924781	2828.276	30.641094	25.664176	-0.14225297	-0.0096596331
3032	5.7959626	0.35650125	1.9712598	457.5302	12.513611	9.7730201	0.0054577536	-0.011302845
3033	2.9015045	-0.25235352	2.4405142	4416.9187	39.43303	32.801477	-0.0058457518	0.10489415
3034	2.3139156	-0.42454032	2.4823763	505.3757	1.503822	1.3432168	-0.0912895	0.2371057
3035	1.2739749	0.951561	0.79538862	518.1484	27.865949	5.4129112	-0.0029992374	-0.020575641
3036	3.1917189	0.6659145	2.2268893	2996.2919	70.064862	49.682717	0.11352171	-0.061802879
3037	2.8405155	0.387572	1.2736115	1097.7924	21.742517	10.131863	-0.019514555	0.078908564
3038	4.5508976	-0.13690721	2.6405547	7538.2893	58.267427	45.20827	-0.097016665	0.11902421
3039	0.4910954	0.65494292	0.33590868	2156.3258	13.567337	13.319713	0.037244051	-7.2839836e-05
3040	2.7443823	-0.35033801	2.7549409	828.95861	2.0863515	1.9213687	0.0067634704	-0.055334868
3041	0.3441651	0.64011922	0.66204838	2282.2063	33.202384	26.871584	0.25437131	0.085853663
3042	4.2954803	1.4231173	2.9031552	961.49119	32.291599	30.35778	0.0087420881	0.26105681
3043	0.59850249	1.2589688	2.8776092	10207.33	53.593744	32.739938	0.14905879	0.030391233
3044	3.4440542	0.052817061	2.250305	838.27064	10.451768	3.0036094	0.17793458	-0.023657038
3045	2.5181801	-0.99740525	2.4382562	2349.8819	15.010959	13.791626	-0.04855461	0.29244303
3046	2.6552985	-1.010971	0.50129959	6751.4778	62.314876	38.450476	-0.0029882788	-0.1313222
3047	0.10004179	-0.69818374	0.66044622	9753.6692	56.449385	46.422846	0.038594591	-0.0091170347
3048	2.2389564	0.49635948	0.36481703	6589.6371	70.284052	61.215738	0.0059970735	-0.039014407
3049	4.1309223	-1.0056185	0.73696337	1290.309	8.4371619	2.3412868	0.081536495	0.0074085479
3050	4.0137634	0.73365134	2.4502796	2781.1875	64.457396	62.176172	0.096170949	-0.15244277
3051	0.27323478	-0.52040591	2.0895913	744.36238	9.7631441	9.1789313	-0.3514114	-0.041694473
3052	5.0200071	-0.73069027	2.3464154	205.98748	2.2301817	1.6104483	0.004490528	-0.012267827
3053	4.1792558	-0.96295893	2.0893752	8922.4052	74.310723	46.000411	0.66841445	-0.013836142
3054	0.90167213	-0.028021177	2.1539759	10217.157	74.993034	73.465356	-0.016275482	0.29339904
3055	6.2174784	0.68551425	0.077317561	1468.1946	12.169166	11.647976	-0.19591046	-0.033151567
3056	4.833348	-0.0068554652	1.4628365	2363.0768	37.198115	36.574987	-0.14800677	0.20797308
3057	2.9456679	0.94271382	0.40159747	2588.3203	13.876182	13.040405	-0.00061446464	-0.27216674
3058	2.387217	0.86096835	2.7857255	2081.2364	27.523304	23.833871	0.08287063	-0.45330127
3059	5.8525768	-0.34793289	2.8412747	5341.8838	17.07849	15.909659	-0.1406449	0.15454344
3060	2.4198788	0.83896562	2.6328116	7661.1964	69.959909	57.284107	0.01224498	0.029178785
3061	4.4419313	0.019609603	0.61656116	1886.2756	10.52116	3.1965973	-0.24977961	0.24897408
3062	5.3555809	0.038492762	0.4935876	4347.0901	19.447068	13.806002	-0.027336128	-0.035508263
3063	5.799751	0.98096175	0.80050624	7000.6894	57.000757	55.060579	0.10975782	0.2222513
3064	0.76742173	-0.59899741	0.42735819	1057.5304	11.878526	9.8739349	0.0049603868	-0.13949164
3065	4.2571991	1.124708	2.0001274	2260.5932	42.749225	11.110637	-0.14612802	-0.037959489
3066	2.1769298	-0.44730669	1.9350935	2495.4449	41.315639	33.131958	0.27387304	-0.0093810292
3067	4.9851706	-0.10146805	0.97178897	6273.7914	52.178625	52.030432	-0.067224331	0.34653404
3068	4.2565223	0.12946833	1.1071675	4381.7095	65.529524	55.194155	-0.045192019	-0.012185564
3069	1.662956	-0.96768216	0.32123764	4621.383	53.752754	53.093048	-0.00016884877	0.1387807
3070	2.4669559	0.09207483	1.1548754	3320.5607	50.777732	48.139401	0.16629516	0.050428474
3071	5.1332638	0.29424928	0.34863002	6543.5072	16.155169	15.013137	-0.238751	0.019017563
3072	1.0212189	0.42876275	2.6727438	780.85227	1.4777986	1.4126499	-0.058387063	-0.062028839
3073	3.4511424	0.2433961	2.9396134	13336.765	90.43561	79.476793	-0.11110187	-0.00079920087
3074	1.3751025	-0.46228992	1.1074625	928.98888	22.954773	11.247609	0.023571039	0.36749273
3075	6.1021241	-0.21436798	0.84310333	584.34021	1.8215832	1.4908957	0.030362306	-0.073605214
3076	3.6165356	-0.66994805	1.334479	3024.4754	40.748913	34.708487	-0.15629477	0.054831596
3077	0.55006822	0.1472636	2.1445217	2136.5132	82.004463	57.877919	0.00029728394	-0.0034278637
3078	3.2749986	0.78727067	0.23530947	4699.7407	18.240722	11.659155	0.096252301	-0.36678043
3079	3.2982288	-0.61643707	0.81357584	8580.1601	81.93485	53.507702	-0.10153281	0.022524465
3080	4.4583561	0.15323104	2.6387543	4967.3542	17.47463	15.125225	0.0082413819	0.20806262
3081	4.2836043	-0.45143306	2.6437111	4107.1114	15.880951	14.477771	0.46165033	-0.0042809923
3082	4.9345199	-0.48129404	1.9560681	560.59091	88.119221	11.793642	-0.074240481	0.26332575
3083	1.6933043	-0.65798111	2.6794823	398.52307	1.8184223	1.746387	0.033984539	-0.0063165843
3084	3.3873802	0.52480535	0.16175586	1524.4564	11.463565	3.4942503	0.25100235	-0.090713201
3085	4.5092004	0.9128195	0.94062312	982.49654	9.6421006	1.7009579	0.0062657757	0.0070207597
3086	5.1557118	-0.34902511	2.357647	6476.6376	80.673174	19.136413	-0.070045048	0.028909906
3087	6.169855	-0.10088817	2.5007767	1546.5699	12.664705	5.2284085	-0.02170449	0.041466447
3088	4.8130636	1.1776276	2.5005102	1768.1607	10.447182	9.3867003	0.095649214	0.14781278
3089	5.935824	-1.220242	0.80926614	682.11798	9.3851527	1.7120356	0.24280543	0.2477557
3090	4.5197371	1.4544074	3.0501999	519.82897	1.5294496	1.4232983	-0.0086486108	-0.045979725
3091	0.079424955	1.0506759	2.8882258	9664.3409	67.416202	66.179089	0.12508797	-0.13959953
3092	5.4768374	-1.0561037	0.18598949	5294.3293	16.722955	15.832868	0.013032011	-0.041290541
3093	3.1832202	-0.52601886	2.6767896	10620.922	89.803087	87.652655	-0.0054802787	-0.1102063
3094	1.2663995	0.18586042	0.70316707	2258.0392	11.582476	11.309522	0.13577174	-0.042135843
3095	5.889794	-0.17115382	2.6493936	5394.2817	16.830466	16.488399	-0.087076548	-0.10163636
3096	4.2387357	-0.77504665	1.9544956	983.72368	8.5913076	4.4532093	-0.0091135215	0.22956897
3097	4.0313119	0.68824421	2.4749567	2980.8404	14.786051	13.402817	0.21940405	-0.257331
3098	5.946775	-0.95435447	0.57157022	4491.1329	50.052017	27.48498	-0.04165648	0.3113647
3099	2.1960695	0.013915169	1.6906055	2427.0006	68.479256	40.650863	-0.20683684	0.058431662
3100	3.73364	0.063727473	2.3800205	4910.3905	31.433813	29.111707	0.23435767	-0.02001031
3101	0.20451145	0.11168057	2.5639947	2937.3191	12.305103	10.432433	0.0265906	0.16432769
3102	4.7867376	-0.50429383	1.9800644	4407.8266	56.572013	47.097466	0.39720724	0.014794184
3103	5.791838	0.48310956	0.79581179	6359.5005	64.523056	59.629796	0.23183622	0.087097786
3104	6.169275	0.44775865	0.55279698	142.81849	26.862364	1.2879459	-0.10131446	0.25780448
3105	5.518981	0.30374187	0.52652949	4252.8328	15.13252	14.260454	-0.12128926	-0.034782008
3106	3.3702916	0.81547302	2.3633812	18533.171	102.42641	97.754875	0.11615599	0.078632752
3107	0.091179732	-0.7139512	0.38151625	18801.229	118.54847	76.887891	-0.010691184	-0.048379843
3108	5.2032713	0.24991796	0.79790941	8568.7424	82.717957	74.272395	-0.11881664	-0.00018072325
3109	2.6832819	0.6518	0.30548298	2777.2185	37.457157	11.56678	0.63174813	0.016831116
3110	5.6218918	-0.72773425	0.30783918	1612.4027	25.222634	12.054724	0.50640741	0.15677557
3111	0.72449459	-1.1197404	2.4745977	430.78115	1.6123654	1.3607319	-0.063179766	0.0018476335
3112	1.8333272	0.85860919	1.5179793	434.04614	5.0904659	1.7015706	-0.041352034	0.24426237
3113	2.3618561	0.70619191	2.6958795	4360.4009	39.866469	32.242613	-0.023782826	0.0045766313
3114	2.149893	0.68344214	1.582982	2155.0231	95.891853	86.627712	-0.00061186078	-0.078759687
3115	0.14482795	0.29046731	0.71057129	6107.4995	17.943804	15.027039	-0.05664099	-0.20528818
3116	5.599997	-0.26716011	2.5258241	3165.1293	12.50189	12.135031	-0.051059408	0.12196216
3117	6.0741242	0.34306318	1.2561633	4960.2422	62.942839	48.943002	0.061095193	0.73311404
3118	1.0345976	0.87280159	1.044279	1133.5267	23.025521	12.063746	-0.029701453	-0.035775742
3119	0.94175251	-1.0776055	2.5909721	1296.4655	23.099858	12.790333	-0.14364075	0.0099144946
3120	5.7508772	-0.93970344	0.88924075	4190.3722	53.96177	45.885551	0.071052087	0.032335189
3121	2.8992951	0.18721493	1.881937	1291.2191	10.273394	8.7887243	0.062750012	0.026116886
3122	3.6614977	0.61001696	0.41405847	5151.9316	17.127582	13.156973	0.092459785	0.012333902
3123	4.4061189	0.2197715	2.54458	2717.0876	31.680507	15.855094	0.066830467	0.45852881
3124	3.0201872	0.90361127	0.45188058	3308.455	16.233662	13.985604	0.24505038	-0.073228694
3125	4.8453858	0.8303618	0.50073082	842.54498	10.522588	9.7825045	-0.19513708	0.0022289165
3126	4.7315724	0.89226833	2.5931851	621.60157	1.8296091	1.6010299	0.0036911231	0.02958726
3127	3.6486552	-0.79394893	2.9527237	2076.1775	13.759619	11.023839	0.056493777	0.043180982
3128	4.5723135	0.79799411	0.53905239	4033.0389	47.550032	38.864198	-0.052082649	0.12956531
3129	3.6134593	-0.75036455	0.69448107	1306.9249	10.634641	10.145251	-0.052387316	0.0063538029
3130	6.1889166	-1.3471578	0.20682244	2818.8657	52.672656	14.316389	-0.083941626	-0.13518981
3131	5.7097058	0.98180629	2.7227313	1155.0151	10.043487	2.4301175	0.035030288	-0.0021086092
3132	0.85994265	0.85896485	2.0919872	404.27912	2.7219992	2.2976575	-0.057381047	0.0049353823
3133	3.2812471	0.1553969	2.3057137	8076.7554	68.067943	47.111537	0.049181414	0.0018299401
3134	5.9953524	-0.14256201	1.65146	1677.9202	10.523757	7.1198741	0.26833308	0.13315473
3135	2.3831161	1.4623022	2.3216294	1576.9883	25.65911	24.621646	-0.076819102	0.040264032
3136	5.3019806	-0.30150476	0.87166817	4471.404	65.291943	64.85372	0.14576278	0.023479332
3137	4.4932925	-0.63941375	2.6544246	3234.2181	14.501049	10.62502	0.12788619	0.56482165
3138	3.2166406	-0.75393674	0.46522983	7951.6135	75.951858	62.089814	0.052000029	-0.15306955
3139	2.4585473	-0.11809509	3.1187498	6274.0995	67.942625	61.705475	0.025725822	0.30841198
3140	5.0968125	0.57447192	1.2659108	2129.9717	26.942078	21.133842	-0.13726861	0.057191212
3141	5.6756669	0.055456887	1.2393318	3230.3848	105.1474	41.300135	0.0065540082	0.070470078
3142	0.89791748	-0.27755464	2.6390353	3060.7569	47.583178	13.268063	0.064380105	0.0067921405
3143	4.9483805	-0.86574926	0.076874384	1024.8567	1.8236409	1.8142721	-0.0042164171	0.076970094
3144	1.1757525	-0.73066934	0.7225049	3169.1617	26.581243	15.58293	-0.0046909305	-0.029570262
3145	2.9063341	-1.2462914	2.35912	4649.0091	56.703264	53.843656	0.13016301	0.11088691
3146	2.3938747	0.42650096	2.2308062	3240.0662	17.551606	16.808336	0.25725672	0.042746529
3147	2.8062655	0.47563834	0.34378928	4511.8971	74.175759	48.804244	0.11514213	-0.17929875
3148	0.70564717	-0.99421095	2.4035157	2525.4326	22.55229	13.700717	0.12339467	-0.52396595
3149	0.2162043	0.0060016662	0.78199784	4346.9397	13.708976	13.597971	-0.21473966	0.60854762
3150	0.57621545	1.049333	2.8420868	10432.806	85.405629	76.87768	0.076069099	0.33963636
3151	3.4067363	-0.012659264	0.99997883	4780.8649	57.959188	48.739869	-0.5332628	-0.0032797664
3152	5.6200487	0.29944054	0.093209521	8096.8794	54.536875	50.882722	-0.0048241664	-0.10289365
3153	3.7943888	-0.28587572	3.1001878	3839.7514	30.257872	16.015025	-0.016855457	0.14439288
3154	0.59796513	-0.79842228	0.81976729	3992.0175	43.595014	28.216851	0.088618701	-0.11317279
3155	5.3027388	-0.2787989	0.8757807	1118.0288	45.446456	38.515093	-0.044467072	0.19833609
3156	1.3953409	-0.30341534	1.1273777	655.44864	1.7530014	1.4722142	0.2936375	-0.12626686
3157	2.0986604	1.3549626	0.50435863	4143.4806	50.136921	49.028239	-0.0068520706	0.029249964
3158	5.7494488	0.47362447	0.3071612	3248.5957	37.808241	12.116615	0.014350049	0.29305944
3159	0.86223641	1.0076544	0.7663601	1240.0231	15.258856	13.391062	0.053133598	0.11339198
3160	4.5208553	-1.0901151	2.5616433	4783.7335	47.990396	34.48303	0.014033978	0.097279087
3161	3.8900428	-1.027339	2.3498809	8069.9273	133.37472	59.102844	0.073825425	0.18194328
3162	4.7077599	-0.81955829	2.0917197	911.63977	11.034076	9.7038111	-0.13484944	-0.10939531
3163	3.1366478	1.2752081	0.72174819	1675.8686	51.856896	32.573209	-0.044751089	0.02660507
3164	3.1027337	0.23235514	0.70094041	4251.9365	43.218891	41.37764	-0.036720823	0.40498456
3165	1.0145796	0.27681297	2.9525293	6201.7652	56.86583	43.608628	0.44496548	-0.030280897
3166	3.2937431	-0.87252027	1.3210494	663.14102	5.6800453	1.4511811	0.040717335	-0.0022074864
3167	2.8230478	1.1125683	0.36820779	3918.5582	58.079415	44.877365	0.20124159	0.16650544
3168	3.9485811	-0.91984579	1.2887916	5698.4545	82.225532	69.221503	-0.0012033112	0.00062481549
3169	3.7348201	1.0422059	0.89939678	515.10505	2.4591042	1.6504378	0.058568194	-0.029252608
3170	6.0590202	0.32416667	0.52804292	1661.4653	11.596459	10.981629	0.28675485	-0.26311308
3171	3.6926877	0.25500479	0.30866789	873.31431	1.5836058	1.4946531	0.1281835	0.018006707
3172	4.9953119	0.3041672	2.4986689	2945.5939	95.79973	35.152216	-0.0006768043	0.13458977
3173	5.604978	0.4003862	2.3704318	675.88366	9.8760843	8.7260347	-0.0061671448	0.19092726
3174	0.33165808	-0.81189277	0.87224799	891.48598	13.029371	12.777136	0.11836818	-0.54785042
3175	5.250112	1.0940997	2.6851912	3254.7699	27.156235	3.6893267	0.25798644	0.35025908
3176	3.3441647	0.54127704	2.4915305	5567.422	26.828351	17.417855	0.043244306	0.030716699
3177	6.2614786	-0.19035609	0.80439773	840.56346	41.600911	28.672074	0.067953636	0.010404103
3178	3.6376968	1.0533482	1.2273989	588.7151	9.0716511	7.9119669	-0.13592703	0.48741268
3179	3.6558507	0.26305628	0.37145953	4984.5499	28.17034	18.315893	0.089133772	0.29913845
3180	2.1221582	1.4237337	1.2620771	2260.5802	38.034966	28.461063	-0.070814565	0.27782932
3181	4.7228735	-0.11044356	2.2746766	7320.3725	78.137831	48.48081	-0.022631395	0.047014742
3182	4.7530297	-0.66435808	0.14846882	14282.879	128.54745	103.55546	-0.016526715	0.01190384
3183	0.90764398	0.10643579	2.0119016	465.50659	14.787835	2.0191399	0.053282191	-0.12090951
3184	2.1364661	-0.26835104	2.309863	6543.904	69.383656	48.078552	0.044380837	0.16350852
3185	1.4494677	0.17891578	1.9314798	1802.8167	19.421295	10.815594	0.22339662	0.044692871
3186	1.9846038	-0.49660603	0.74157008	5331.3823	61.360596	57.85289	0.18248075	0.00011915003
3187	5.6781295	-0.61783497	2.432043	172.10729	1.3924439	1.2931864	0.00028141861	0.18442512
3188	5.8740317	-0.41874568	2.6319659	7392.4824	69.605739	57.028648	-0.02662199	-0.26063546
3189	3.0188712	-0.27949535	2.301552	1389.5248	42.026636	2.9133868	-0.0071940715	0.082591685
3190	0.26493531	-0.237319	0.5308827	3074.3134	13.26946	12.946625	0.49789344	0.12021491
3191	0.45309328	-0.56865299	2.9127925	13165.097	48.020743	43.089381	-0.21919436	-0.17101021
3192	1.0602798	1.0175133	2.6937057	3153.3955	16.455959	14.188957	0.096951389	0.06874871
3193	5.7422998	-0.3402376	0.86982237	2771.2231	40.485317	34.313929	-0.052190348	-0.42911204
3194	3.0017479	0.31061434	0.99214645	2310.873	19.312884	12.822734	0.026044271	0.088665326
3195	1.9384519	0.34602178	0.79760421	2200.0953	14.750376	14.054057	0.10888411	0.032632929
3196	2.6799977	0.91583666	2.8689696	888.42575	2.6524038	2.4280307	0.18205562	0.0095431469
3197	5.1255791	-1.2881014	1.231919	4785.9946	121.63828	57.651608	0.47701607	0.043114878
3198	5.5942748	0.50653818	2.2386952	621.77612	11.123253	9.5078578	-0.16435794	0.013738409
3199	3.9871746	0.14733523	0.37842462	15936.117	91.199723	78.328654	0.28778377	-0.057469603
3200	4.3207799	0.85554069	0.48706949	8274.4045	75.038481	73.806242	0.24928992	-0.0014589552
3201	4.2461318	-0.03996169	0.61942213	1203.2545	10.316241	1.7966045	0.019733687	-0.11018344
3202	4.8045451	-0.54132345	0.23496898	3786.1875	18.79559	13.116589	0.44369718	-0.011983744
3203	1.6033882	0.77620404	0.85978612	785.92568	8.8575376	8.660329	-0.0034304192	-0.0038853116
3204	4.5680514	-0.0056588062	1.058384	2059.0023	35.079441	8.5220117	-0.1613531	0.039053681
3205	1.0635711	0.11237556	0.81747414	1472.9611	12.005102	10.906399	0.010830029	0.0035237527
3206	0.39539817	0.16510673	0.70407333	2369.8289	53.842086	42.075383	-0.0017571923	0.24663265
3207	2.0021601	-0.36141545	0.4002259	4406.8613	11.518181	11.004604	0.20113681	0.74782077
3208	0.34033474	-0.76331358	0.28874347	7248.0416	52.290987	38.342388	0.096166665	0.13026992
3209	5.8392146	-0.38011196	2.2621446	7737.2432	64.008011	58.181096	0.0015567193	0.11454653
3210	1.8534988	0.16978435	0.9120657	3292.9601	57.919099	36.778166	0.15933422	-0.094694598
3211	5.4316856	-0.14283089	2.4331377	7472.33	69.313943	48.135013	0.058156811	0.012791179
3212	3.9916148	-0.099271742	2.6457039	2849.759	59.296158	48.432443	0.012649675	-0.032787916
3213	1.1541705	-1.0375765	2.6481136	6435.8137	37.008383	33.702174	-0.020282578	0.089406419
3214	4.6877564	0.29488644	2.7944897	2932.5446	12.693007	12.229876	0.066398753	0.31665425
3215	1.8377117	-0.14219599	1.269454	2721.4166	30.57991	27.464809	0.0061828512	0.064485661
3216	0.96858705	1.1292986	2.1517877	862.13269	10.408478	2.0366665	0.52832519	-0.077585166
3217	4.3192815	0.44050435	0.30278773	2246.3072	4.3573342	2.3177648	-0.1294235	0.051738288
3218	6.0612788	0.13597222	0.98094539	1891.2143	12.236557	10.255207	0.28542026	-0.28505834
3219	1.7363422	-0.20557837	0.42617212	2610.6679	14.924927	3.7223215	0.23994627	-0.13016764
3220	5.2765289	0.47003981	1.2267615	1404.8077	24.570906	8.7805533	0.091766657	-0.07484876
3221	4.5453717	1.0325726	0.39991193	2835.9059	35.848772	13.83904	0.21561754	-0.04627882
3222	4.0865299	-0.18593273	2.3730825	615.78043	32.961683	11.284634	-0.024694276	-0.077746479
3223	0.23847708	-0.99225215	1.0535925	1807.4672	11.952908	11.175778	0.0050730226	-0.031403703
3224	6.2518256	0.94975461	2.3718363	8143.9682	53.406926	44.542605	0.33376475	-0.13432232
3225	3.0244118	-0.30848809	2.6080682	834.8981	9.6679339	3.3904817	0.12790608	0.19547137
3226	1.1575599	0.73737674	2.2627191	576.49869	21.341599	1.7538271	0.1418583	-0.043989597
3227	5.794462	-0.11442131	1.0033803	793.45145	8.7948946	8.7387126	0.0025686312	0.28252017
3228	1.740771	-1.0595337	2.5139904	881.67836	1.6902371	1.5891102	0.00793908	0.0012738021
3229	4.7583029	-0.72402412	2.2566836	2365.9516	36.874527	28.478371	-0.22416819	0.083131996
3230	5.2201204	0.47425255	2.39627	7896.6068	74.074896	70.369998	-0.0056267806	0.53847738
3231	3.990939	0.71188999	2.2404065	2928.9066	11.734076	10.762464	0.07223423	0.10145711
3232	5.1550286	-0.98608983	1.9107001	898.37374	27.316862	26.86403	0.059880567	-0.78594547
3233	1.2880272	1.0456438	2.8626611	870.91888	29.137206	11.421121	0.063097249	-0.26053778
3234	4.6941615	0.22125918	2.5043594	654.72015	1.4645594	1.2937452	0.018019005	-0.078697594
3235	1.866235	-0.36846612	2.31597	3165.1145	35.675596	29.920428	-0.032750161	0.05349089
3236	1.6585804	-0.78389629	2.7490815	1042.9115	13.889287	1.7864706	0.089587191	0.17688117
3237	2.8907314	0.85396391	0.33357918	3131.4607	37.433452	25.160533	-0.034447104	0.045635715
3238	5.5514361	-0.32686283	0.94113698	4989.3605	76.713768	47.04936	-0.057245578	-0.0023829149
3239	0.83693011	-0.18706057	0.89859933	2799.2722	24.121731	14.48934	0.14157261	0.1117774
3240	0.80155663	0.32221199	1.740208	1434.1896	12.313052	10.755317	-0.18012255	0.069580484
3241	2.1791053	0.44805377	2.1267295	2593.1857	47.87232	12.100661	0.041374332	0.069952169
3242	0.3603589	0.23690539	2.2797495	115.40276	36.36212	25.602371	0.028794534	0.025278443
3243	3.1304934	-1.1651044	0.77540554	2961.3092	16.020456	10.549544	0.24957542	0.024340145
3244	0.94823927	0.20685414	0.56761808	828.84382	44.471385	40.682891	-0.059618358	0.055521248
3245	3.4261827	-0.7985212	2.0858303	1068.4389	17.686994	10.019978	0.45598103	0.0031449974
3246	4.0772326	-0.010805315	0.11634543	2562.0621	17.400878	16.093742	-0.037301953	0.068808099
3247	3.3508257	0.922842	2.7520526	2483.3598	39.557101	30.883628	0.10345823	-0.018762726
3248	4.3329293	0.51066568	0.24241055	2242.0197	13.387742	2.7638349	-0.19249301	0.015949193
3249	4.5585745	0.072845463	0.54674102	522.96216	2.0015323	1.3857532	-0.27234317	-0.17460766
3250	4.226712	-0.10512352	0.89222305	342.23992	10.510276	7.6531898	0.020239356	0.042806427
3251	5.7365318	0.74224518	2.7022116	8245.8254	86.345553	70.699659	-0.065588928	-0.0057320295
3252	3.3924629	-0.69241922	2.2529268	1172.2554	11.733046	10.936533	0.14228915	-0.078974543
3253	0.27818125	-0.56747293	0.31064691	9384.3561	43.875142	40.238339	0.16160277	0.030183692
3254	4.5570618	0.26137787	2.3647672	1353.7325	11.972365	6.0109448	-0.018361805	0.057130299
3255	0.22889381	-0.74212665	2.7667387	1814.793	10.123283	9.3994038	0.029469697	0.58669847
3256	2.3702523	0.37935797	0.48586553	2037.9511	44.058977	37.650962	0.10231832	0.025864257
3257	0.0034038988	0.71178088	1.719626	330.98217	36.114333	11.379597	0.18256732	0.12982334
3258	4.6044246	-0.7846	2.4989238	4346.075	19.196797	16.710508	0.16737385	-0.0070539263
3259	6.2321744	-0.13810519	1.3217721	5872.6766	80.873886	72.328197	0.016016075	-0.027431391
3260	3.5338021	-0.92572878	0.97175345	1036.7029	8.9946593	8.7406956	0.0018230961	-0.12082397
3261	5.6872941	-0.43065824	1.4395843	222.82668	1.6131193	1.435622	0.1054128	0.2934456
3262	5.3336145	-0.64246078	0.95247871	332.10218	1.7308927	1.6654198	-0.019213122	0.099534454
3263	5.1963906	0.56350361	3.0529969	8303.1547	165.94822	80.749902	0.0028906267	0.022545732
3264	3.3066882	0.13370579	0.36567901	5624.9793	17.858101	17.515381	0.0089900398	0.57424208
3265	2.1492623	-0.41103914	1.9775568	448.23856	1.7268208	1.3950842	0.28871053	0.028850303
3266	2.9185114	-0.13212912	0.84066785	9281.0889	61.58838	55.947841	-0.40048424	0.00026735805
3267	1.9972412	0.57435367	2.5305888	4706.8472	35.480704	34.8827	-0.001836862	-0.046095245
3268	1.4875475	0.24235883	2.5139059	1536.0372	12.278286	11.27914	0.7145612	0.064936809
3269	0.0251977	-0.85344091	2.3070993	217.55701	1.7952279	1.3072089	0.031168755	0.32085941
3270	2.7779965	1.197306	2.76108	3409.4679	43.241717	42.998083	0.15035442	0.060319831
3271	2.2572397	0.15474541	2.4540244	839.31891	23.277374	14.724916	0.06112938	-0.0029755013
3272	2.93474	-0.83165761	0.43257582	1555.182	14.193498	2.3088524	0.0066457659	0.086685674
3273	2.5593701	-0.66519773	0.62112504	3848.99	15.7886	14.295293	-0.029793974	0.022084501
3274	2.7387257	1.0797484	1.104753	1903.4843	11.370306	11.001597	0.029429726	-0.019978775
3275	3.8513496	0.76161997	0.079786973	2360.5725	14.38162	11.215592	-0.0025780745	0.22370547
3276	5.0144752	-0.25324965	2.6434225	2360.187	50.766382	46.225049	-0.12746533	0.35900551
3277	5.2597365	-0.23106002	1.7903436	1168.0777	36.414442	8.6743976	0.08256461	0.23862311
3278	5.2207831	-0.50917466	2.1713396	5095.9283	41.439626	15.002603	0.15718017	0.0051461885
3279	1.7200887	0.42122924	2.6445701	1110.8575	11.468485	3.4895574	-0.0015762606	0.13558505
3280	1.5529393	-0.59963544	0.38598444	3412.4429	64.327128	27.263434	-0.049089363	0.35936183
3281	1.5176623	0.47687937	1.6397047	4354.7913	62.812523	60.922112	0.034118081	0.032852514
3282	1.2760293	-0.69532365	0.51851798	3012.4951	14.429653	11.577101	-0.048371034	-0.08202946
3283	4.679091	0.73022623	0.12040285	3310.4582	33.486342	12.910155	-0.26289144	-0.12559895
3284	0.72932518	0.76853439	2.5919435	786.66621	2.1247837	1.6097816	0.085071012	0.019237976
3285	5.0588175	0.37482682	2.8228676	20474.857	126.7729	120.88306	-0.02411558	0.16883745
3286	1.2518133	0.15749171	2.7233664	3516.4011	14.145883	13.302376	0.33766888	-0.050477326
3287	3.6845846	-0.40360489	2.5388099	1654.7549	13.099604	11.068915	0.18665714	-0.048043129
3288	6.2274609	0.5493772	0.37164248	8959.9908	94.758683	15.455023	0.36855587	0.00028220076
3289	0.78566472	0.75537294	1.8601587	1632.4727	27.324938	15.265796	0.16096093	0.062166377
3290	5.1799104	0.039110053	3.044815	11359.691	92.291639	71.014469	0.17551023	0.18842571
3291	3.9839369	-0.2160666	0.55612349	1968.862	74.761625	12.522069	-0.046217357	0.0083472277
3292	2.1676802	0.31491608	2.1286706	433.50379	1.9610686	1.4537072	0.036926993	0.064121316
3293	5.9723356	1.3147616	2.6114605	1966.2998	41.893573	34.300564	-0.027183332	0.08648966
3294	1.5233432	-1.1206565	0.41020803	5591.2962	30.257784	13.34386	0.22889911	0.19903532
3295	4.3446475	0.028805467	2.7447307	4425.5404	18.244325	18.023884	0.087376358	-0.019526797
3296	4.1386094	-0.064657974	2.3812182	428.03585	10.790936	2.1299673	0.09442746	0.025261293
3297	5.0219459	1.2060206	2.7863547	2399.9242	22.993828	13.082817	0.046889229	0.071097242
3298	2.7234854	-1.3500262	1.0805267	5315.7556	125.41518	64.13165	0.057579534	-0.2209628
3299	2.110974	-0.3606824	0.65702184	581.21466	38.91036	11.084421	0.034250193	-0.087359142
3300	4.6213889	0.55833951	1.8399395	569.26954	10.679522	1.9186452	0.13427168	0.11676579
3301	2.6537879	-0.041551804	2.1108011	2426.3281	100.47098	46.046588	0.21834043	-0.019372601
3302	2.695958	-0.085833791	2.2445144	478.24872	19.198729	13.036663	0.006911233	-0.0034744662
3303	5.2746479	0.8590144	2.1063317	3153.6352	14.622144	14.221717	-0.090387826	-0.0094354348
3304	1.145569	-0.30858899	2.4094914	9467.198	105.69753	80.465286	-0.043396317	0.028947701
3305	3.4685882	-1.480255	0.98848192	13409.669	90.415097	78.923483	-0.048286477	-0.063801172
3306	5.9598588	0.44966949	2.1227225	931.98154	11.446275	10.770043	0.01326982	0.046444561
3307	0.079022692	-0.65947842	2.8584099	4303.6626	14.449776	13.269314	0.22100903	-0.21891783
3308	1.918482	0.9206249	2.4987432	1332.085	6.2030481	1.9037889	-0.36260005	-0.10133517
3309	3.0539675	-1.2644571	2.7019156	1081.2395	4.2060962	3.7816342	0.044450268	-0.013867905
3310	4.1540093	-0.48088573	2.2916044	6358.8273	68.69774	60.622672	0.023458698	0.011173399
3311	4.5310384	0.19120355	1.0966049	2994.9045	46.168104	27.259603	0.0035256528	0.063723138
3312	3.8735592	-0.56475605	2.771088	1448.0716	11.892381	10.888364	-0.21183526	-0.45172443
3313	3.9905759	-1.4479774	1.6338676	4043.3278	62.925478	50.161337	0.4538971	-0.13326748
3314	3.4999306	-0.58717061	2.4863021	578.07824	11.557246	2.2046112	0.099407297	-0.069646195
3315	5.2801792	0.007411818	0.79623582	1524.7461	13.913269	9.8626134	-0.050162731	0.0760184
3316	2.7198279	-0.72064794	2.8760709	2166.8668	5.9081764	4.5235068	-0.040211884	0.010088627
3317	2.113142	0.1286498	0.76712821	2485.7571	13.982951	12.924563	0.16137238	-0.25283453
3318	4.4973151	1.2211604	0.71744038	4088.1614	20.383502	16.643111	0.04731282	0.051674254
3319	5.6403935	-0.33201931	2.4650854	955.99256	24.312195	2.3038125	0.011273803	-0.025263696
3320	0.95863279	-0.52389578	0.16836312	1454.3205	12.825489	12.307153	0.08490125	0.15656376
3321	2.0788976	-0.2318644	0.98781035	618.87838	30.702715	22.737277	-0.16500625	-0.075914386
3322	1.6197679	0.86188149	1.6064282	5213.3419	65.114578	52.638631	-0.0015897334	-0.022021293
3323	1.8340964	0.087696034	2.5026315	4643.0898	42.054667	25.041266	-0.013624759	0.21244558
3324	5.3163884	-0.20417934	0.24859589	1960.0632	14.020108	2.6091424	0.015468307	0.25682741
3325	3.9918656	-0.73431124	2.5808931	956.42784	10.659193	9.6717484	-0.19776006	0.36551667
3326	4.8641199	-0.1768348	2.2927398	2333.3833	53.933855	52.958043	0.074414532	0.35369674
3327	2.6948022	0.52074254	2.6364845	5051.5962	64.201938	51.998153	-0.2915903	0.086361212
3328	0.86716887	-0.6312174	2.2616235	1931.355	12.248557	11.178993	-0.1274031	-0.028031632
3329	4.5602805	-0.22872828	1.1740322	1344.363	33.094257	29.752223	0.12829798	0.016098312
3330	1.0876764	-1.2511487	1.8093122	7922.2237	72.226479	72.120717	0.071537559	0.20139904
3331	0.48665282	1.0730163	2.5479933	759.13418	1.7431005	1.3853653	0.048241688	-0.12155837
3332	4.6812636	0.62292408	2.1297867	1772.0277	12.898344	9.8634559	0.095568689	0.27614678
3333	3.9194969	0.0086594669	3.0494968	2181.5714	21.858698	1.8692367	-0.020890606	0.038306718
3334	3.5968642	0.33641268	2.3601915	14131.432	83.487558	77.033472	-0.010377561	0.20753894
3335	5.6049562	0.91949798	1.0009026	3356.3398	57.676934	27.485448	-0.20396269	0.29354102
3336	0.78426947	0.2470728	0.69339179	2317.2548	12.659523	11.840161	-0.067524278	-0.0053152093
3337	1.7588638	0.40857004	2.226214	7620.4198	70.19059	54.876224	0.1560564	-0.068006248
3338	3.0347388	0.39602618	1.4341836	996.38529	11.054458	9.9338902	-0.11097514	-0.081780622
3339	3.5705919	0.3406277	0.70685425	13626.43	88.514295	81.247336	0.069439964	-0.18257511
3340	0.4425621	0.65168591	1.9876552	6475.016	154.73394	101.82945	-0.0012160363	-0.46669011
3341	1.0923481	1.1909274	2.5863447	602.02876	1.5498972	1.3529	0.012306548	-0.10316122
3342	1.9666742	0.28595244	2.6034928	13430.896	94.638525	62.839438	-0.036168299	0.010869332
3343	1.9674458	-0.62321734	2.8099733	753.92489	1.5289371	1.365748	-0.089932409	0.061611778
3344	2.0777613	-0.59447055	0.23179542	1397.9465	2.9714573	1.8287126	-0.00042967161	0.0081987345
3345	4.877521	0.69470742	2.7626352	4345.7961	16.731449	13.064081	-0.01057617	0.022002887
3346	1.999405	-1.1511067	0.67521684	745.94913	9.561808	1.374674	-0.0019564402	0.0077734751
3347	6.0848726	0.40539575	2.3285075	1146.9378	12.143128	2.072305	0.078944819	-0.013363213
3348	4.6780349	0.68443527	1.519627	1667.2446	52.424054	48.114404	0.21929122	0.30631895
3349	2.8436628	0.37871867	0.11856205	2996.4472	13.821786	8.1487808	0.40446082	-0.044123292
3350	0.75106833	-0.5886024	2.8596788	3629.2889	50.459577	5.5600227	0.00084521173	0.1278197
3351	1.2853875	-0.30892433	1.072788	1900.6774	12.497081	10.141493	-0.012933298	0.01559942
3352	2.2722629	-1.3289628	2.4155078	2783.7011	34.00994	27.304641	0.11316261	0.22080759
3353	1.450573	0.30272779	2.5975659	336.68939	2.2093388	2.0312953	0.17308411	-0.010513313
3354	4.2349281	0.67711001	2.84835	3339.2287	18.280037	13.225579	0.032911543	0.056251777
3355	0.78692925	-0.55045376	2.4311034	4836.2526	57.948712	44.429307	-0.5799421	0.49139027
3356	3.5608437	-0.62243055	1.9715459	4557.1643	50.427948	43.821043	0.009545247	-0.03503685
3357	4.4305202	0.058297127	0.48008206	5042.6794	139.18222	122.94754	0.23796126	0.074469425
3358	4.3482486	0.59038215	0.52484952	5173.6217	60.0453	58.463353	-0.02012289	0.16819413
3359	4.5180999	0.94001749	0.55673151	7498.7388	56.913378	20.993582	-0.071561523	-0.23561329
3360	5.7437524	0.92411532	2.4186898	5259.1347	48.791442	30.734581	-0.022065624	-0.33591147
3361	5.5250512	0.40266734	2.4762006	9202.9217	73.719502	68.934155	-0.016909196	0.040576184
3362	3.0292448	0.98308207	2.4729979	297.69315	1.3663005	1.3484173	-0.0067172722	-0.11857711
3363	1.1493262	-0.62186721	0.25499469	2716.9317	18.814033	12.194208	0.060696072	0.002007737
3364	1.443126	1.2018991	2.6136137	1529.1018	10.058847	2.6497704	0.46030543	0.022496689
3365	0.69187661	0.9369589	2.8755762	4493.553	18.287747	16.330535	-0.048389528	0.030158853
3366	5.0979256	0.68267848	0.50936063	527.18912	5.3271744	2.5618778	0.34004486	0.0042853568
3367	5.81752	0.88829227	0.42496996	506.52057	3.537268	1.7420473	-0.084790999	0.24639456
3368	2.4789884	-0.85552915	2.3007387	6797.7582	55.248117	18.943897	0.079053371	0.03523752
3369	4.9914301	0.50666639	0.2167517	648.98295	12.662485	2.3850451	0.27395703	0.079436805
3370	5.0905493	-0.048504577	2.6274032	815.01682	40.714806	3.271388	0.12931536	-0.33856499
3371	5.3209361	0.3329362	2.5266651	513.23904	2.6258908	1.4980522	0.0034405377	0.099546745
3372	6.2769044	0.030527868	1.1620546	7842.3268	190.38395	148.86586	0.21782094	0.092163829
3373	0.15414436	0.33607029	2.5097064	6837.178	65.632171	63.989497	0.12124778	-0.16647276
3374	1.4874961	-0.46157222	2.2477109	3816.7532	42.912467	35.925502	0.010109435	-0.079553282
3375	1.5714846	1.3227188	0.22935382	1663.8207	12.890798	12.428496	0.090349016	0.11915907
3376	4.0613657	1.4415579	0.59135621	10378.153	86.976871	73.133798	0.095973027	0.49361184
3377	4.2009463	0.59001353	2.1555435	1998.6241	46.659091	38.389084	-0.044063701	0.01637401
3378	5.1787936	0.16114159	2.5067536	1960.127	47.428017	41.019075	-0.5683748	0.027289638
3379	2.2558841	-1.0201397	0.28958893	5436.2623	27.844395	27.326517	0.34517975	0.51984239
3380	1.7013905	0.19055996	2.6047207	5403.3372	18.857714	18.481197	0.06472597	0.094894086
3381	4.0542013	-0.76078035	2.1693114	349.12514	1.9315615	1.35485	0.098747693	-0.024423832
3382	4.3476159	-0.065762054	1.8655139	2753.4772	42.030928	40.457371	0.043697136	0.015693226
3383	5.236917	0.84923673	2.1052533	309.66869	2.5519262	1.8749916	0.18444103	-0.098690423
3384	5.7360274	0.54280474	0.87452938	5623.5553	87.350193	68.093391	-0.066337323	-0.054581134
3385	5.7079042	-1.0109189	2.6446067	4036.9019	53.031754	32.556138	-0.038953684	0.0058743348
3386	4.3643457	-1.2189302	0.85551355	8124.6133	73.681444	65.873521	0.10509267	0.097868337
3387	0.41302128	-0.14703395	0.46818751	7370.5455	85.41631	75.238792	0.028669155	0.024938351
3388	4.2398975	-0.80217587	2.2031865	2869.1509	38.563699	27.930069	0.0068951926	-0.054140889
3389	2.1383453	1.2996635	2.508248	8014.7442	95.193353	72.574684	-0.0037849945	-0.021352185
3390	5.0636727	0.060283421	0.16004449	8869.5117	48.204132	42.598744	-0.21360539	0.16954974
3391	0.79498298	-0.85924151	2.2994132	3061.8887	52.354062	49.991551	-9.4000415e-05	0.004120854
3392	1.9966138	-0.68320537	0.92048056	7953.4412	143.0682	80.088079	-0.023434111	-0.13789449
3393	1.1757745	-0.97623831	1.5805149	2047.8535	32.361073	28.844007	0.057288764	-0.13033263
3394	4.1110091	0.28205368	2.984701	471.59775	2.1275563	1.3136514	-0.092258656	0.062354449
3395	6.1957621	-0.36117238	2.699282	1209.3758	10.726377	4.1106376	0.22349095	0.091864649
3396	2.2588806	-0.50213204	2.6801288	3356.0409	13.847128	12.299024	0.0050767554	-0.14996179
3397	1.4720627	0.74758208	2.2901474	3105.1067	14.173848	13.036266	0.17863165	0.077392635
3398	6.1162059	-0.048063988	2.5853526	2369.9495	13.731695	11.416119	0.14127099	0.012054326
3399	3.6017512	-0.49826977	1.6330544	2910.997	47.510905	44.864551	0.0299272	-0.20027682
3400	5.5411576	-0.061442716	0.046205639	7946.8381	38.612033	35.955554	0.30031151	0.0012418803
3401	2.9468728	-0.0066922855	2.4695479	8342.326	166.68342	150.63928	0.15110736	0.027385572
3402	2.7987499	-0.47796385	1.8037994	1159.4699	10.176414	9.9899762	-0.32802878	-0.37168116
3403	2.3379817	0.54358066	0.66119746	4597.5097	15.629991	13.527884	0.073290904	0.035992318
3404	5.66555	0.22677574	0.8325461	4940.5004	73.527461	26.490061	0.10579269	0.067412452
3405	0.39208027	0.74433524	0.26674992	10810.134	32.619183	18.833035	0.12279227	0.034040108
3406	1.3714975	0.58200373	1.9944549	3154.4301	93.823668	83.787989	0.060606936	0.11493553
3407	1.7536209	-0.55475575	2.708473	2471.7346	35.663457	14.13913	0.42366147	0.37957023
3408	3.6726887	-0.22194288	3.0231412	3672.0582	17.23636	14.368487	-0.081323119	-0.0091666176
3409	2.3699654	-0.5099263	2.6836103	5525.1855	54.912527	33.276388	-0.052065867	0.3288991
3410	4.6069029	-0.25667519	2.3516191	352.99905	2.8243051	1.4311815	0.35462231	-0.024916239
3411	2.141751	1.1461179	1.5907823	5663.3583	103.23676	58.66956	0.018387511	-0.028059181
3412	1.2296977	-0.17990193	0.12021365	3567.1625	16.934814	14.32339	0.11525086	0.024849499
3413	2.0539093	0.23559468	2.8495591	1848.7155	11.43444	3.1172415	0.41544234	-0.021780788
3414	0.0095615114	1.1567586	0.75207308	2593.6616	26.218468	5.045316	0.0063755517	0.36201934
3415	1.4550554	0.077396305	0.34279627	5300.8324	31.336476	26.935328	0.011718695	0.063586015
3416	0.72315411	0.73959105	0.47644218	1272.467	2.0042731	1.4900846	0.042513607	0.050147094
3417	3.7984844	0.42554266	0.54606928	1505.1016	2.7307157	2.6443407	-0.060149722	-0.19099499
3418	4.7826105	1.2183864	1.8408441	4406.0732	63.716114	46.26567	0.18002085	0.03266188
3419	3.1101992	-0.14704423	2.4758335	836.74272	10.79763	1.7635419	0.19340745	0.31305482
3420	1.0897305	-0.062567546	2.0831297	2069.863	48.351633	45.60283	0.075847623	0.20439855
3421	1.7964688	-1.3151663	0.58670953	6739.2174	66.318896	34.236965	-0.00016129667	0.0089831829
3422	0.10122618	0.23366917	1.1121352	2667.1701	44.306926	38.574915	0.011348531	0.030638266
3423	5.4393843	1.1417813	1.8041909	11109.552	114.13886	74.370351	0.12250217	-0.054586561
3424	5.5904239	0.43394186	3.006844	2283.2807	12.721062	11.942189	0.012326679	0.066204768
3425	0.96452798	-0.25181844	2.6352412	1016.3005	1.9411284	1.6564958	0.18710157	-0.084423265
3426	5.1280018	-0.71565143	2.4769231	698.3368	9.9273135	2.9239933	-0.038516224	0.084880219
3427	4.2575262	0.015663086	2.8870224	1018.4126	9.1475563	2.1093197	0.017233377	0.27387694
3428	4.5308407	-0.82721229	0.37396833	1538.4796	13.083599	10.001101	-0.037010633	0.11617029
3429	2.3983716	-1.1300214	0.48794522	4687.1659	74.847687	39.897256	-0.0071920008	1.5255009e-05
3430	0.68623521	1.0290836	2.4288143	11098.23	63.350532	54.387247	0.38928436	-0.017037838
3431	3.4286067	0.70535787	0.52998185	4933.7113	126.09596	30.037226	0.11112279	0.10971157
3432	4.0961201	-0.096920473	2.1535613	2338.246	14.967719	14.423685	0.14214099	0.16186686
3433	0.60901783	-1.2866437	2.6480909	1436.0256	13.327086	11.515501	0.11609976	0.0067481442
3434	4.8942316	0.70499524	0.92263547	11791.552	85.059929	65.150238	0.10860254	0.32474897
3435	0.29290551	-0.32046352	2.464705	2253.2366	16.875001	13.736889	-0.24075445	0.097955105
3436	1.8582016	0.82943612	0.52248929	1022.8455	9.7178675	9.5177046	0.064062681	0.15586379
3437	3.8244224	-0.19070344	1.3583867	1283.0039	28.664913	12.890425	0.0075084964	-0.18380725
3438	4.4496762	1.2146814	3.0687703	8462.4114	80.755754	37.586416	0.11044041	0.12208272
3439	4.2854081	-1.2023592	2.8430796	10816.337	68.872291	67.90683	0.43199554	0.30870701
3440	5.1594023	0.12420135	0.67433118	2014.2975	13.760138	12.377649	-0.024999153	0.27463744
3441	4.2254465	0.11751889	0.52307895	552.08151	9.6544525	9.6324612	0.13052365	0.14450807
3442	2.7638794	-0.56909821	0.18204619	3544.8059	13.672637	13.365761	0.011734223	0.0026990179
3443	0.72860042	0.39759655	0.42389286	5195.5019	124.61477	36.726478	-0.12857834	-0.0098166394
3444	2.0872232	0.071357949	2.8794485	512.44125	1.5552491	1.3351486	0.0099999387	-0.017170612
3445	3.9990006	-0.55601892	2.4948684	3666.5727	76.727559	30.325862	-0.1528873	-0.031127616
3446	1.1213028	-0.87968434	2.7309938	472.6682	9.5974803	9.4817182	0.0053803632	-0.19392687
3447	2.4041943	0.56658774	0.42230121	6145.2447	40.456853	18.47947	0.090075154	0.15100781
3448	5.6936121	-0.88133607	1.6083904	529.43053	10.298548	10.045093	0.10351535	-0.018100454
3449	2.1088076	1.0236516	0.65371023	5027.9106	56.93943	16.331186	-0.067738741	0.10313128
3450	3.149845	0.79634757	0.73065083	2722.3872	13.966993	11.630393	0.00088316008	0.021576731
3451	4.050861	0.72179103	1.9267422	1476.2354	10.764868	10.583466	-0.044842659	-0.0014757474
3452	5.6848375	-0.34810565	2.735582	3778.4328	13.285494	11.547624	0.37256117	0.17628746
3453	1.3073913	-0.68148161	2.8789958	14027.73	119.3886	93.358292	0.17290176	0.011103175
3454	0.48170647	-0.050137407	1.2029	694.87104	10.014929	1.6601841	0.0052753068	0.19029082
3455	2.1683704	0.74790968	0.14365684	1690.3553	11.953181	2.1483963	-0.029939151	0.092642562
3456	0.88920043	0.28575929	2.367246	4332.0754	41.619478	39.781818	0.080943263	-0.076302812
3457	2.7563908	0.85389304	2.5223556	2529.5027	14.238729	13.141458	0.032371702	0.35764478
3458	4.1559248	0.93768251	0.88283191	1884.9503	11.435302	4.9290669	-0.1042946	-0.31118025
3459	0.37793269	0.23613983	2.0529847	1940.319	12.960454	11.136231	0.027544353	-0.030718141
3460	2.9334277	0.38668294	0.099739749	5209.0941	17.14051	15.404017	-0.00098458054	0.0044580854
3461	5.031067	-0.15677395	2.6049255	3109.7306	13.771108	13.355301	-0.061813055	0.022517503
3462	3.9530511	0.48460001	0.86761198	1651.9192	45.409475	35.523616	0.10699872	-0.1386253
3463	4.0819208	0.55923746	1.7299783	2548.2046	53.756758	45.613878	-0.22486958	-0.026097479
3464	0.732561	0.60954373	2.5910219	3347.5267	30.720702	17.06618	0.029124693	0.019111636
3465	1.1553681	1.1100254	2.6694344	6787.9499	67.403564	65.876312	-0.041389236	0.093335852
3466	1.071506	1.3071031	1.4671678	630.56215	9.1075754	1.9022744	0.040336723	-0.36363002
3467	4.428162	0.71518352	0.87402528	412.52709	10.70078	1.3358928	0.13224997	0.25258216
3468	5.8845097	1.1232085	1.9059116	390.59078	1.8322454	1.3534553	-0.14334693	0.083134905
3469	3.3782325	-0.17278616	1.7788787	1841.8369	30.147511	25.309842	0.1867386	0.035590496
3470	0.0021331403	0.32049882	2.8049552	4692.5889	35.162622	16.966627	-0.047502181	0.22890017
3471	3.3903664	-0.52777188	2.4987637	671.28826	3.1179574	1.4027857	0.089643951	0.03121394
3472	3.7305222	1.0285005	2.4034838	5978.8895	67.572999	51.867973	-0.070384086	-0.42721067
3473	1.2169118	-0.93918266	2.2080415	2609.1722	25.493925	13.573908	0.035762937	-0.067469571
3474	3.9801213	-0.99151438	2.1973362	246.34788	2.1114657	1.5723952	0.13095935	-0.063688945
3475	1.9929496	-0.78507396	1.6148493	972.4778	35.831371	23.966546	0.016237679	0.06512915
3476	2.131356	-0.47229601	2.5101193	1173.6021	80.830318	16.011564	0.33935587	-0.070906164
3477	3.5848575	-0.35820755	0.49563232	5055.1465	75.361763	51.569528	0.0056582717	-0.11522673
3478	3.4870796	0.38264662	2.8827613	3381.7807	16.846169	13.747744	-0.025256651	-0.059181268
3479	3.094663	0.17675626	2.9934673	6135.9995	32.627024	19.360722	-0.019489668	-0.37593402
3480	5.6814124	-0.7105586	2.342342	2130.3547	15.795765	13.026837	0.1107741	0.11740061
3481	1.1663444	-0.17268877	0.17786558	901.04296	4.2325659	1.7842065	-0.010702662	0.34517234
3482	2.974316	0.95441998	1.6417488	2871.4101	51.640041	50.873883	0.11669433	0.0087847739
3483	5.5327467	0.090660944	2.8739402	1128.033	10.320074	8.5141276	0.13557332	0.09663767
3484	4.8991801	0.68239957	0.81945076	7374.7938	94.666176	87.966411	0.067996087	0.0024887427
3485	1.0186276	-0.046235857	2.7012627	7876.7627	76.814066	71.703098	0.00069758783	0.020076824
3486	2.9908626	-0.79842809	2.9523555	1661.3495	2.9202039	2.4745399	0.026541102	0.0045511421
3487	3.8505201	0.47599897	2.51222	2671.0359	12.596991	2.3244175	0.37370616	-0.045856448
3488	5.4114461	-1.0524192	0.39164774	883.97884	2.157708	1.8384284	-0.32015104	-0.025279853
3489	5.6363699	-0.57647434	2.4408347	6188.9207	67.025807	65.826047	0.073582687	-0.20714733
3490	0.14310433	0.27680258	2.4783013	1083.1014	38.466138	1.9551907	0.075205221	0.16687389
3491	3.9273605	1.1272602	0.9508913	2988.8768	14.041277	14.030486	-0.00032894222	-0.013922832
3492	0.083344728	-0.54210507	0.77980461	3485.7449	28.405709	27.841674	-0.0065658613	-0.0044874473
3493	5.9641257	0.25676362	2.2361463	751.62955	10.463444	9.9314923	0.0053872164	-0.11963349
3494	0.89920759	0.1013989	2.4264189	1945.8951	13.569611	10.583798	0.23653038	0.020268265
3495	0.30710396	-0.79716181	0.78270698	320.48698	1.7912241	1.2456742	0.10412191	-0.0512194
3496	3.7150732	0.10753077	2.2673162	1288.4089	11.089161	10.985907	0.12024186	0.083586669
3497	6.0513247	0.75367675	2.6930915	2640.7265	15.530235	4.417945	0.0025738357	0.35096635
3498	5.1247684	0.17624572	0.84276849	5720.4286	57.903827	50.165936	0.0082906106	0.00031079393
3499	2.4425675	0.73663427	2.9843946	1130.0276	33.214552	3.953995	-0.020673737	0.30406265
3500	5.918546	-0.58897918	1.1606623	2615.6404	25.608597	22.51899	0.021848747	-0.00099100182
3501	5.4082467	-0.2067018	0.75498746	1124.3839	34.266209	22.313972	0.032594511	-0.047050924
3502	0.452876	0.11336956	2.4700299	12848.197	94.756301	59.617725	0.0099606554	-0.038664392
3503	4.5779621	0.37249783	0.18402603	2532.1358	12.699677	10.234375	0.0033971651	0.012996945
3504	1.3386821	-0.79835345	1.0072858	5851.3576	56.895159	46.402409	0.23760629	0.21553629
3505	0.20064497	0.38147848	2.3402884	949.64536	10.394717	9.2116322	0.0019727184	0.04533057
3506	6.1443881	0.11429112	1.1088887	1655.6073	19.382808	15.189026	-0.13817559	-0.023651984
3507	2.922349	-0.83521698	2.3699403	3468.3919	51.751448	47.453458	0.021762631	0.074769834
3508	6.0393427	-0.5612013	0.41422339	3673.545	15.58255	14.627716	-0.04343418	-0.02368768
3509	0.40081716	0.39684707	0.99575787	1149.0427	10.695118	10.569015	0.22163506	0.024054948
3510	6.0483553	0.46803034	2.8553769	924.77092	10.997944	10.933182	0.12990904	0.18601684
3511	1.3164101	-0.0644138	2.655085	538.20069	1.5456945	1.42189	0.0089914587	0.0064370195
3512	0.46300218	1.2695489	1.0359284	8265.0654	55.475362	34.761443	0.27242258	-0.46198797
3513	3.647811	0.61461207	2.5896563	3016.0348	15.418734	3.2935039	0.092917489	-0.048585903
3514	3.2128046	-0.4195874	2.7580439	1839.1563	15.879552	5.8125863	0.18885877	0.00096617174
3515	1.2981273	-0.27798074	2.5066938	10217.106	92.607749	88.746699	-0.014710106	0.12863179
3516	3.0681676	0.37040827	0.37731114	3029.3176	14.272246	13.449739	-0.18220033	-0.13401101
3517	5.8873758	0.76013408	1.1296629	315.73003	10.723638	9.8645486	0.036382636	0.049822561
3518	0.64881806	0.78418061	2.5583712	1345.6213	9.802903	1.7130086	0.093245431	0.13310986
3519	5.1915659	-0.33134044	1.1799273	2675.3259	32.154524	21.890789	-0.070042955	0.39026196
3520	4.073118	-0.3143991	0.66402761	2009.5283	49.302841	32.390914	-0.080178144	0.82825456
3521	4.1180785	-0.017242802	2.8269416	1035.413	1.9664137	1.8770318	0.071927126	0.031640449
3522	2.1830964	0.42353688	0.74972423	2231.5963	13.234218	12.820627	0.23147787	0.10842437
3523	4.7880711	-0.46636718	1.6868296	1500.2321	13.188391	11.087581	-0.0019087187	-0.0030287333
3524	3.9340434	-0.13402028	0.92330851	4466.1287	67.191975	66.82228	0.15596707	-0.045820162
3525	2.5294167	-0.050876977	2.0987233	7701.8092	66.785789	46.902017	0.041161856	0.10646338
3526	1.3676128	0.38317766	1.4251644	890.89112	11.337041	10.761498	0.044862547	0.00036601265
3527	3.6052281	-1.2312317	1.9987486	1689.2603	12.563239	11.19227	0.10069354	0.062891059
3528	5.7329373	1.4623043	1.1852796	332.79267	2.2481191	1.5367719	-0.084364689	0.21955651
3529	6.2249447	-0.350238	2.2382253	6412.6263	58.668088	46.743723	0.035969657	0.21299693
3530	5.9545472	-0.89930794	1.1947414	3089.4717	23.98577	18.969194	0.24180231	-0.0058550807
3531	5.7464471	0.497982	0.81489657	5001.9015	19.283676	13.251269	0.41397038	0.25509279
3532	3.0465561	-0.83863482	0.61631736	17722.281	253.80406	153.88747	0.041176259	-0.14287347
3533	3.4253403	-0.77541581	2.3792424	1137.7847	9.6980798	1.5121562	-0.0073586176	0.022710458
3534	4.7261579	-1.4565613	0.50342535	813.34218	11.682431	11.072717	0.10305957	0.048463991
3535	6.2820987	-0.025547149	1.8204754	1007.5355	10.428072	9.1356761	0.28271119	0.13788861
3536	0.11159166	1.0737754	0.85038233	754.8602	10.887669	4.2078109	-0.014482867	-0.082679526
3537	5.932695	0.78318166	2.5051053	2538.4086	11.868222	11.090428	0.1151822	0.12364209
3538	1.885697	-0.63356833	2.8679616	12661.164	108.16703	99.150569	0.19117359	0.13175319
3539	2.3628821	0.74805495	2.4432546	1140.1787	22.647263	11.850399	-0.0025308552	0.084156136
3540	1.6109737	0.51026205	2.6731724	1514.3352	8.9724434	3.002403	0.036296088	-0.10045117
3541	4.846047	0.69715617	0.5848899	5096.487	18.765977	15.464811	0.16705327	-0.16428083
3542	4.6189781	1.3616619	0.79754064	9359.4663	107.77025	67.004684	0.35139448	0.019685223
3543	0.14063192	-0.22116013	2.7836798	863.64511	34.936128	34.801744	-0.067817327	0.38980344
3544	4.9493185	-0.86908246	2.3320454	14312.717	97.28042	47.453313	-0.004842196	0.060908528
3545	6.0719671	0.95990034	1.6193403	140.14671	1.7891598	1.6401222	0.13981221	0.16699108
3546	0.99014703	-0.19945814	0.55885656	9644.1719	67.404361	50.300625	0.10665214	0.10273193
3547	5.649119	-0.48605202	2.1571451	4009.9842	71.894076	41.649192	0.12831814	-0.024222202
3548	2.1648219	0.36291189	2.7454664	3276.7511	15.079853	13.169188	-0.021773519	0.034278536
3549	2.7949718	0.90243735	1.2584202	2046.9712	28.524067	22.904165	-0.023178233	0.35791157
3550	2.3860677	-0.62841481	2.8545079	16324.407	115.37962	97.561972	0.010895647	0.029220807
3551	0.12094153	0.16198253	1.3130249	1153.9711	14.529634	5.4561729	-0.025840828	-0.28869769
3552	4.2384524	-0.49712191	1.2404499	4746.9115	63.189	57.272877	0.0058408558	-0.031354516
3553	2.693604	-1.0329478	0.28586886	3254.0726	22.103889	21.061305	0.063188176	0.21627741
3554	3.2690223	-0.24724783	2.86283	14772.391	110.00232	97.239934	0.012875372	0.25640123
3555	2.459621	0.69454506	0.79531387	3726.3535	56.65897	53.201359	0.053502173	0.065663774
3556	2.7539228	-1.2893965	0.48658589	8992.309	151.38566	70.813765	-0.013477624	-0.023452481
3557	4.3143981	0.5808818	0.78372869	3002.6561	43.66599	14.271836	0.03986186	0.22676153
3558	0.96985392	0.66727682	0.77921396	5956.5402	64.755378	50.538286	-0.0060979624	0.056951983
3559	3.4726691	-0.20212625	0.84124336	1506.5104	12.020522	11.153241	0.35724055	-0.026884276
3560	2.9980123	-0.81524038	0.34226269	13595.778	36.776453	29.273062	0.065409388	-0.1839577
3561	5.5098806	1.2953886	0.56342772	689.21407	3.4220503	1.5573181	0.010524061	-0.14026734
3562	5.1720704	0.75096801	2.0027078	570.99147	42.063604	1.9014087	-0.005087942	0.0061995564
3563	3.0301562	0.3993964	2.8488343	1604.3758	12.924134	1.7689748	-0.022857304	-0.025781562
3564	1.5096156	-1.2896696	0.77729565	1785.9461	11.648453	1.8755307	0.00088626287	-0.05553247
3565	4.7379255	-0.12232449	0.55069758	7054.7558	141.54133	128.33288	0.18620102	0.129722
3566	1.301752	0.21390408	1.9099342	279.99499	10.237118	2.1325139	0.049530487	-0.0016074893
3567	5.8203706	-0.5885067	2.7803962	10217.407	32.235737	17.502279	0.34934297	0.1535644
3568	1.3411298	0.19092511	1.9445994	470.27242	10.666826	10.23351	0.18032838	0.086472955
3569	5.1313475	0.97033723	2.6001466	8270.0019	68.263108	44.82913	-0.20543223	0.087139224
3570	4.6415484	0.45635652	2.6637138	608.86768	1.7415933	1.6953877	0.029097934	-0.20002705
3571	2.2795323	-0.60947073	2.1186758	3967.0816	87.456497	57.317933	0.23412518	-0.0030836406
3572	3.1385063	0.65462499	0.84067553	950.43247	2.7185534	1.9801243	-0.075302996	0.040891802
3573	4.2664208	-1.178765	1.019641	3119.7568	49.160017	38.701636	0.17962002	0.12616861
3574	0.35143097	-0.30079467	0.65558362	973.19716	1.691327	1.4078716	0.031024966	-0.020200652
3575	0.85578442	-0.64492204	2.8125291	4434.062	54.807261	19.147218	-0.019575429	-0.0020252822
3576	2.3771531	0.64727665	0.66769909	5293.9553	25.034045	15.64529	0.10642799	-0.051464449
3577	5.7510619	0.52648647	2.366101	1022.5987	8.5778419	5.3119877	0.01212439	0.091980941
3578	0.052101539	-0.2820403	1.8013733	4146.7094	55.406702	39.18811	0.017755242	0.34021702
3579	1.8394981	-1.3723722	0.61755521	7359.0284	37.883947	19.186595	0.058477233	-0.011825016
3580	2.0065285	-0.8187644	0.61425675	6768.9904	58.370229	41.701678	0.15215876	-0.051292465
3581	4.4647465	-0.72253398	1.9177342	2852.4216	42.921321	33.680223	-0.002794639	0.038995151
3582	5.3018106	-0.89225228	0.9368782	1536.2189	13.219242	10.409117	0.42633651	-0.00043646045
3583	1.0877311	-0.68028278	2.5677013	2582.8153	11.766196	10.526019	0.39330927	0.24149408
3584	2.9525745	0.051687833	0.93585997	1389.4943	18.128889	10.606467	0.10752263	0.052374424
3585	2.8351908	0.027691797	2.5109079	5827.9046	56.517422	45.045626	-0.088831842	0.033489717
3586	1.1672786	1.249146	2.3586265	1285.2346	11.443069	10.657468	-0.053758088	0.0265069
3587	5.9796887	1.1650139	2.773601	6830.1102	76.671552	39.056024	-0.3030199	-0.0020753532
3588	4.352725	-0.20932182	2.475205	418.32864	8.7635266	3.7113312	-0.073822551	-0.41444619
3589	6.0526453	-0.96859738	1.4635183	745.1479	12.955374	10.874719	0.044060936	-0.20633477
3590	0.55218474	0.80239647	1.2361901	4093.6412	33.471761	29.686983	0.076290439	0.00090957752
3591	5.5789201	0.81524804	0.79989452	1898.8747	12.494545	12.443932	-0.003021995	0.036575264
3592	2.5958578	-0.75161444	2.196448	3839.7038	44.091633	19.347591	0.069804484	0.025810032
3593	1.0100536	-0.94587376	1.3915871	3525.4225	56.489265	29.399518	-0.2012101	-0.03083008
3594	3.9992621	-0.26738894	2.6241458	3121.8038	50.373634	50.012158	0.0887604	0.013017207
3595	2.2229392	0.94197983	0.94083193	2840.7289	26.662658	19.492518	0.032039732	0.18634951
3596	0.72088987	-1.0169519	0.42834714	3443.9435	53.523442	33.617688	-0.14890479	-0.092694373
3597	1.2027154	0.39367289	2.1646124	3833.1011	128.21256	123.99882	-0.0020581637	0.062629589
3598	1.4064912	-0.70876056	1.1918454	707.21793	12.288524	2.6433124	-0.025912945	-0.00068664076
3599	1.5731738	-0.64465129	1.918282	1097.6411	11.641913	10.968012	-0.00016729078	0.27989913
3600	5.6733491	0.54824203	0.92828996	526.82696	1.9639123	1.5249667	0.012151335	-0.044247157
3601	5.7814763	0.076643719	0.94176213	3607.2798	51.455944	48.697	0.37367318	-0.0047345052
3602	1.0954321	0.097811752	2.926219	4880.9924	16.977268	15.141037	0.097305498	0.041259629
3603	6.2658897	0.082405244	1.8737697	8664.3138	84.334768	81.932003	0.0063596796	0.15455011
3604	0.75321412	-0.81979782	2.1258318	3316.6404	17.520036	15.587499	0.20492089	0.0091621349
3605	1.7505621	-0.64499193	1.823403	1896.8504	41.454185	20.653692	-0.0092199716	0.30960094
3606	2.5886079	-0.24417613	1.6157393	601.52883	25.876763	24.526832	0.032801122	0.10312678
3607	5.3158608	0.20406742	1.2401389	1145.1825	12.173615	11.581652	-0.036917142	-0.079275623
3608	2.1232926	-0.10454194	2.7864219	6845.1379	48.196263	41.973662	-0.0082519467	0.1367705
3609	2.0646607	-0.81477581	2.4570979	3143.4713	21.812896	13.77666	0.022678355	-0.10626054
3610	3.9961841	-0.83002474	1.6856568	504.49966	34.10829	8.6778787	0.054198271	0.23533153
3611	0.87192953	-0.63639736	2.3975049	2340.777	12.691734	10.744781	0.050232367	0.28382625
3612	2.3944804	0.55813033	0.32412678	4965.7397	19.229203	17.543316	0.0054688595	0.06572944
3613	3.7372781	0.78081693	2.4506982	3849.2165	43.469686	14.252974	0.033403774	0.060874939
3614	3.8925258	0.57274759	0.73167692	728.22871	1.7079932	1.4316615	0.15422755	0.049305575
3615	3.8872451	0.39335287	1.9478676	1248.5256	42.562721	37.591123	0.087605878	-0.016968466
3616	1.5092574	-0.48378595	2.4765361	1616.8229	13.056659	10.480026	0.0044677778	0.32427957
3617	0.099384331	0.90092572	2.2471844	10367.174	115.28485	51.665296	0.085215085	-0.0015729551
3618	5.6581802	0.50721785	2.7512809	1096.4343	1.9979855	1.524544	0.12490437	0.027393585
3619	5.3718556	-0.47300841	2.5098885	2975.0567	14.490646	14.236087	-0.13486639	0.06702826
3620	4.5465612	0.51359954	0.60666858	2816.131	15.047695	4.8882265	-0.1055233	0.26243146
3621	0.16403785	-0.25889117	0.61223917	690.57612	8.1006053	3.0740852	-0.044115751	0.19572378
3622	4.3120199	-1.0595187	1.2973295	969.19452	43.292104	41.262364	0.017828634	-0.02532031
3623	3.873582	-0.74006467	0.9724725	6934.893	90.283408	71.054156	0.28805754	-0.00016418097
3624	2.7523293	-0.17287429	1.4139242	632.635	29.847967	9.7606614	0.013196778	-0.060322681
3625	0.55047684	-1.2529544	2.7121242	932.60878	17.979326	8.8685482	0.20683656	0.057193861
3626	6.0888037	-0.83428375	0.2477044	3456.5365	16.978583	13.23667	0.032076653	-0.0050776271
3627	3.3468179	-0.084316326	2.5417959	3552.9334	48.693279	15.706526	0.084884108	0.12627676
3628	3.38047	1.0621238	2.3742323	3341.8446	12.82415	12.681462	0.011677793	0.07376873
3629	0.61972608	0.99192976	2.0617904	2033.8149	35.411177	31.57116	0.059118584	0.28319221
3630	3.8066317	-0.76212337	0.90304152	1433.7992	32.968095	27.175683	0.27521174	0.16238433
3631	2.9403158	-0.8117018	0.030009461	2243.3944	52.987966	11.681988	0.30996578	0.0094955049
3632	0.58562773	0.79497719	0.7630721	1771.2095	13.989815	12.251057	0.022030214	-0.010342658
3633	4.8160306	0.83344979	1.7196649	2553.2678	90.564544	38.166012	0.038274766	0.064255161
3634	4.2293756	-0.97206356	0.12483275	2830.8312	13.952789	12.348058	0.48040674	0.035741798
3635	2.3600956	-0.10212196	2.3242887	330.0872	1.2727598	1.2583454	0.20307074	-0.0078323438
3636	4.2033787	-0.50674139	2.0783421	2290.5396	16.034356	12.403618	0.32315725	0.25205414
3637	1.9810836	-0.53589993	0.88866447	682.88243	11.895009	1.7143461	0.039266498	0.013226526
3638	1.2518546	-0.7297257	1.1458476	4399.7265	66.046818	58.819021	0.15466734	0.13340562
3639	1.3167013	-0.8319304	2.7556904	8978.7585	74.155585	17.385736	0.23878186	0.13277572
3640	1.1237531	-0.301374	0.022640352	4044.7784	14.891951	12.450541	0.23800687	-0.010600809
3641	3.5940285	0.79539683	1.6814787	436.62596	10.866093	4.2108844	0.27221453	0.21639614
3642	3.3067192	-0.74279307	2.7847321	619.12722	1.6654164	1.3779001	0.054061676	0.072274511
3643	0.45874339	0.23080225	0.62883918	2269.0535	11.756526	11.432967	0.030166351	0.18700183
3644	4.222413	1.3460972	0.36997264	3991.8492	51.070016	44.198551	-0.024772612	-0.039021989
3645	3.6738272	-0.5285671	2.0919672	3350.1359	42.168154	39.64884	-0.43043421	0.15521986
3646	6.0787702	-0.12558602	0.52307195	6092.7859	70.310871	70.158335	0.043050896	0.035653374
3647	5.399007	-0.46793287	2.7168822	1320.6424	35.984787	29.866677	0.11780831	0.010012257
3648	5.7848771	0.32373763	2.585375	774.34646	8.1372955	6.6408833	-0.14240348	0.08729211
3649	5.4441675	0.34061008	2.5371416	3692.1237	46.599063	42.737685	0.0020336835	0.072351768
3650	2.2872583	-0.53785304	0.74376693	1059.7777	9.3799987	9.1767225	0.03867859	0.17902625
3651	2.2171316	0.54310115	2.3609898	1095.6057	23.438156	1.6584923	0.055126586	0.0020695017
3652	0.33914762	1.3571482	1.3012312	1367.7972	10.312216	10.049026	-0.0060487412	0.0022818618
3653	1.4857862	0.91127191	0.1274831	9105.061	52.566895	50.652705	0.061391226	-0.13155201
3654	2.0856932	0.15395073	0.94707014	10014.673	64.79088	63.698237	0.17990383	0.13555863
3655	1.6617054	-0.21834124	2.2508657	2709.1622	38.106392	11.975586	0.061239476	-0.035443003
3656	5.6451234	-0.76397994	0.99934364	3786.7211	52.374481	15.512657	-0.0012941516	0.10648067
3657	0.77334121	0.93447066	0.76662493	17513.004	105.85274	104.55427	-0.0021107763	0.046699557
3658	4.0770259	0.92715981	0.87252211	1755.4521	11.298241	10.983051	0.052534622	-0.055220182
3659	2.6183955	0.67018993	2.6732249	2334.8966	8.7653886	2.0764312	0.036138238	0.049558296
3660	0.77344509	0.61965038	1.0735061	12493.311	97.106416	88.250749	0.40453929	-0.13715519
3661	6.2090227	0.47808761	1.9008002	4247.4811	22.368486	15.999961	0.17965242	0.093235381
3662	5.396097	0.34358556	1.7816001	648.53607	40.061646	39.186834	0.15792704	-0.018268253
3663	2.0320685	0.96824368	0.90675222	7345.0409	66.187373	60.442577	0.081893911	-0.0063695846
3664	5.8891358	1.186917	1.075872	3659.4574	51.010572	45.296943	-0.023884847	0.045588646
3665	2.8598825	-0.93162272	0.51047	5275.8783	18.77275	17.4213	0.62191843	0.23129834
3666	1.8503509	-0.73029816	0.91771401	1449.9476	11.864415	11.633312	0.2980845	-0.047110114
3667	4.695203	-0.69181708	2.072937	2505.6377	35.839172	29.135733	0.034998795	-0.0036139343
3668	2.975694	-0.25308818	0.69205935	1331.6264	19.813222	10.023427	0.015467213	0.02249514
3669	0.34920197	-0.92326686	0.70935754	5929.7234	64.47085	56.697084	0.010460791	0.0048288639
3670	3.9733508	0.7470468	2.8375454	516.71915	1.6218763	1.3634015	0.10070974	0.26018979
3671	1.9641781	-1.0743996	0.76373107	1480.9876	11.639033	11.078585	-0.068795102	0.17892311
3672	0.97074834	-0.29151147	1.4872862	2817.7577	35.845896	33.204193	0.012236644	0.15306065
3673	4.1413497	-0.25296475	0.17961236	2797.9235	11.820769	10.098414	-0.061703069	0.030210538
3674	3.066247	0.81502026	2.6586064	1835.2243	14.40263	11.748031	0.016184249	0.27285327
3675	5.9166432	0.95129138	1.84358	6779.4322	67.849124	53.693663	-0.0031835016	-0.012288179
3676	2.0744122	0.20545949	1.8886615	515.54678	10.795452	1.7500107	-0.16355679	0.11074701
3677	0.077548815	-0.45927487	0.076843292	465.30302	1.6303454	1.3627799	-0.1005136	-0.038380985
3678	2.3561005	-0.29403818	2.5933597	2155.1735	12.878015	11.167589	0.14646733	0.15095984
3679	3.2840247	0.40591116	0.79555527	1779.2682	12.300386	10.46672	0.010804319	0.28788569
3680	6.0894067	-0.57253996	2.0929443	180.23077	1.3903617	1.3208064	0.0054662237	0.15674691
3681	1.3837906	-0.81107298	0.55725633	830.12801	11.144787	10.855798	0.1890632	-0.019550567
3682	3.0201022	-0.59122244	0.12705903	2684.3306	12.029995	11.930976	0.0045113881	-0.29519125
3683	1.5089599	0.73752868	0.17954171	2517.53	13.415574	4.9730535	0.037531796	0.0039487861
3684	5.0118625	-0.83744755	0.80220968	6850.3557	71.415379	54.721359	0.10629151	-0.050935472
3685	0.72810589	-0.022280054	2.2688927	1778.7055	10.964022	3.4021939	-0.017525811	-0.056065766
3686	0.70408297	0.28714385	2.9062115	3686.934	28.00385	27.578285	-0.059649492	0.1320819
3687	5.7271725	0.12017094	1.5968568	1078.9568	18.278163	11.689232	0.19522544	0.47871963
3688	5.618555	0.61664613	0.54588764	564.60437	9.6661005	1.578011	-0.049053701	-0.0052914464
3689	0.10846271	-0.31024843	2.0052381	1498.8111	29.159553	20.459299	-0.023883857	-0.052923601
3690	4.1578973	-0.030314109	0.86419929	5960.443	67.250961	63.7717	0.16028887	0.0070934294
3691	0.54024106	-1.0695033	0.88468052	6295.319	67.127834	51.015485	0.50711181	0.56708125
3692	5.868346	-1.0360682	1.0140837	9784.5417	72.325172	59.841748	0.094565798	0.26130226
3693	1.6366893	-0.47497606	2.492636	4136.9236	27.833095	16.168628	-0.02791508	0.015481461
3694	4.4910326	-0.10182334	2.4254011	1770.3952	13.72316	9.0114469	0.25207073	0.033436956
3695	5.2875358	0.091639686	2.6791434	508.43976	2.560597	1.3420399	0.096633307	0.0080888508
3696	6.0836128	-0.28766308	0.39019758	5104.6528	16.944565	15.241503	0.33145152	0.38252933
3697	2.1278052	-0.7322931	0.54417236	25545.8	111.39258	86.050297	0.058219758	0.13196402
3698	5.9953196	1.1477781	1.8667036	465.48903	13.000288	10.653195	0.33978864	-0.031490503
3699	5.5002318	0.14436005	0.24371651	1737.679	22.456589	2.9044158	0.091108564	-0.11017684
3700	2.5285362	1.116056	0.77214608	1515.3027	13.251739	13.019159	0.029248574	-0.18970606
3701	1.3887343	1.1053616	2.4984827	6681.9807	70.737767	68.427343	-0.20033706	-0.45362418
3702	5.9331672	0.92080819	2.3528932	6026.6079	44.811436	43.689937	-0.02563441	0.022119123
3703	4.7658221	0.90961017	0.86144146	274.75714	9.6602597	9.2856998	0.024831375	0.25777705
3704	2.5221868	1.0558466	0.94665279	1282.6534	12.038734	10.949621	0.72561268	0.17837179
3705	3.2630706	0.53286011	2.0315102	196.62806	2.0967777	1.3230651	-0.0083641983	-0.002270473
3706	0.25050994	-1.3114624	2.8899156	2893.016	51.957091	38.875568	-0.091801976	-0.25554339
3707	1.9285043	0.49514752	0.47827247	2102.2831	12.429235	8.8046673	-0.27020465	0.12470255
3708	5.8936209	0.27254979	2.3343793	4058.754	14.221833	12.772325	-0.045604274	-0.26730602
3709	0.033127896	0.31481872	2.0774494	3463.4963	15.694918	14.355752	0.2752183	0.036693092
3710	4.5574553	0.27322547	0.68223138	1107.2154	33.734066	1.7075228	0.018811779	0.2318598
3711	4.3056869	0.92933306	0.90492192	2733.8041	53.401541	45.725889	0.10912846	0.15535943
3712	5.7966836	-0.39545351	0.97416955	3388.0377	40.071291	36.407408	0.0079590448	0.097644396
3713	0.70881622	-0.087805968	2.4699835	3083.5858	14.63183	13.642734	0.075180654	-0.0071652676
3714	3.7592734	-1.2083861	2.4122334	1516.9824	11.67248	10.137407	0.47196785	-0.075896249
3715	5.1798683	0.87009237	2.9524434	14798.282	88.549503	62.318285	0.18463553	-0.0032196688
3716	4.132629	0.66791728	0.79442484	2378.9479	20.560024	12.687948	0.4098437	0.074208092
3717	0.31016499	0.61077311	0.96181776	6377.4558	101.42187	76.019054	-0.0046604477	0.027846856
3718	5.9139097	-0.65683817	0.56496795	5579.1189	56.535998	51.717229	-0.029980243	-0.13310679
3719	4.264013	-0.33728546	2.9407609	4005.1617	62.23345	60.703707	-0.11787476	0.22025864
3720	2.2135398	0.78594821	1.3128743	3219.4052	49.246998	25.425999	0.029814753	-0.020442616
3721	4.6637064	-0.55449608	2.2050508	1790.2873	34.198364	13.226246	-0.00285423	0.46483933
3722	6.1005144	-0.84514363	0.48313919	1770.8115	12.156118	9.5491302	0.10349924	0.0046654759
3723	5.9939757	-0.25219546	0.88303247	424.55691	4.2937996	3.155392	0.059722854	0.23268005
3724	1.3187696	0.65321253	2.3088442	10264.717	46.375332	40.701891	-0.08125014	0.3463537
3725	0.71523952	0.20186047	0.36665032	940.93064	9.597117	1.5630125	0.012394551	0.21194118
3726	1.0490694	0.22170386	0.52698306	1085.572	9.2144698	7.1942006	0.17543583	0.12208719
3727	0.20874364	-0.32996247	0.26616995	5455.1051	19.517459	17.079861	0.25618128	-0.019263958
3728	1.8806386	-0.13782564	2.4621926	4754.0478	59.166642	57.452149	0.11862821	0.040599572
3729	3.3345505	-0.03931543	0.44642114	1950.0792	38.784864	12.961108	0.045476061	0.22402337
3730	3.6014392	-0.95394995	0.48375547	2430.4482	52.225007	49.162553	0.043336729	0.0090344643
3731	0.52748993	1.0937309	3.0858363	1984.1272	13.694162	11.44713	0.28160283	0.029557898
3732	4.0908904	0.89002286	2.6812597	5758.6484	58.312309	41.373983	-0.10927395	-0.14610633
3733	4.3775626	-1.0930812	2.3215682	2599.8771	30.119263	27.182328	-0.0070574873	-0.012635148
3734	1.3637744	-0.39944072	0.29070263	766.93236	11.210257	9.4833583	-0.15673281	-0.13478676
3735	5.098917	-0.80014794	1.2870638	1139.415	13.251367	1.8160862	-0.17836407	0.089097995
3736	3.1259537	-0.72964632	2.4426045	521.41535	9.7263979	9.2947931	0.15196297	0.00011223491
3737	2.3879956	0.61326999	0.89160004	970.14607	11.493194	1.6714203	0.12738535	0.20352122
3738	3.1156056	0.23467792	2.1719245	2139.0339	33.81518	28.774861	-0.10954078	0.12149036
3739	4.2654313	0.22682532	0.45068001	2152.5777	17.032915	13.755575	-0.22045917	0.071104076
3740	2.4435086	0.56302952	1.1362373	395.26776	9.3250164	8.8115075	-0.0081423156	-0.049925751
3741	1.592834	-0.64315086	0.67057016	2071.1009	13.832034	13.130471	0.14460751	0.066705467
3742	2.5326737	0.23198038	2.4675862	2547.1636	13.689601	10.704866	0.052329606	-0.22798466
3743	4.6663608	-0.3821186	0.18914579	9585.7162	86.526883	76.125725	0.2645196	0.054155559
3744	3.6890504	-0.11550531	2.4177786	1745.1899	14.398994	11.524777	0.019666084	0.073746122
3745	0.78592384	-0.42908268	2.574357	1242.7842	11.273927	10.754882	0.024632586	0.18248902
3746	1.6351974	1.3757737	2.2135352	3323.4072	26.541113	23.05733	0.079802711	0.082643136
3747	3.9204262	-0.40566964	2.681874	3697.8428	15.603864	14.827895	-0.0082469864	0.55705218
3748	1.5571771	0.26365494	0.44909972	6673.259	67.804092	58.734424	-0.059143102	0.093064864
3749	6.2404892	0.26119121	1.1287556	3104.086	29.343241	11.866972	-0.023242834	0.0028993132
3750	4.4769639	0.37132122	2.1050565	2367.5368	49.031752	39.607048	-0.081029513	-0.14724142
3751	4.8347301	-1.1568454	2.6593518	13313.074	74.50144	66.780055	0.025588609	0.20837576
3752	4.0412368	-1.1126112	2.8002949	1346.8453	42.251945	27.145588	0.020156396	0.058719438
3753	3.6245977	0.90728988	2.4835798	768.36355	2.8128899	2.6626143	0.014517368	-0.0095239777
3754	4.5754328	-0.0031597928	1.8469245	421.12052	1.3554557	1.3281308	0.016723656	0.030614999
3755	1.4817202	0.14478187	2.2534976	2574.9458	13.347036	12.732631	0.19852204	-0.030096543
3756	5.5595311	1.1565886	2.3086157	1871.1291	12.390478	11.356221	0.65296391	0.32523591
3757	1.8325832	1.1408107	1.5128762	387.20497	9.6804857	1.5030511	0.24133009	0.0008562375
3758	2.0978922	-0.7654082	0.89958501	839.22282	9.0485223	3.8120439	0.0061237012	0.30902622
3759	3.7041731	-0.27567622	2.8253319	2383.1448	17.562454	14.919088	0.084796001	-0.0098001031
3760	5.6668552	-0.090546085	2.4039732	529.81196	1.8335667	1.4273416	0.058120848	-0.047887514
3761	5.632207	-0.17271217	2.7265122	17297.744	76.066115	69.324319	0.36344168	-0.1850457
3762	1.8597445	0.70429418	0.47316281	516.9783	1.8149273	1.416731	-0.027824618	-0.01896496
3763	5.2354195	0.46493305	2.1106444	1415.1061	26.395663	11.426639	0.065616996	0.12429138
3764	0.88060424	0.38069639	0.79188044	4775.3443	68.532073	48.916915	0.11755291	0.17148613
3765	3.5623776	1.1440217	0.15081884	3246.2725	13.76278	13.145406	0.2780665	-0.18674104
3766	1.5923798	-0.48784481	2.6975281	3035.9222	16.350753	12.718966	0.035831089	0.030288568
3767	3.0128995	-0.97839648	0.50587703	865.48463	1.4868247	1.4428026	0.025311234	0.095359087
3768	0.11167902	0.64656025	0.93543435	1365.5355	12.420088	11.716097	0.053119303	0.030434368
3769	5.8843541	1.0842321	1.0694138	1601.115	13.620657	10.813947	0.14092292	0.00010691245
3770	3.2318498	-0.61963497	2.2736231	3253.521	31.636897	15.207575	0.069774821	0.3183003
3771	5.511452	-0.77119127	3.0339115	6757.473	60.870562	59.671527	0.069087951	0.24210056
3772	3.4286999	-0.66552906	0.46084558	6177.0662	63.039935	42.630405	0.26286147	0.023158402
3773	3.2302613	0.71166634	2.0949533	2518.1969	59.813083	51.383948	0.024759892	0.0032609841
3774	0.88831368	0.28488957	1.4369739	2060.8775	50.257812	41.054066	-0.020793928	0.29625789
3775	4.4697925	-0.51513572	0.29589377	5966.3657	19.149045	17.898397	0.12278594	0.10707415
3776	3.3642088	0.13815501	2.5308004	7062.0311	76.795268	55.819399	-0.0091855621	-0.0032397317
3777	2.1569583	0.218641	1.1080133	2598.9591	62.566396	55.045923	0.023139153	0.064588677
3778	0.80982434	0.12011835	0.49566862	329.50244	5.6785349	1.5058366	0.071548386	-0.019982797
3779	5.9547575	-0.40546492	1.4340311	2384.438	26.856338	22.986508	-0.044611331	-0.010301378
3780	1.3644877	0.60053895	2.7293315	2578.4335	47.794765	38.545587	-0.10093439	0.03361134
3781	6.1675737	0.21637924	2.3879766	2604.2625	13.218536	11.813157	0.044860706	-0.097829197
3782	4.975603	0.28422388	0.38302498	3073.7509	56.835089	48.80725	0.018536766	-0.016779527
3783	6.0993134	-0.67771531	0.41012753	2986.7704	12.820363	12.581374	0.05374694	0.034083829
3784	0.12815297	0.13468747	1.7705459	520.97596	10.27094	1.3590522	-0.046601563	0.0054581275
3785	0.5262918	-0.14123031	2.2845929	1412.9783	33.469113	22.365679	0.025624569	0.47900725
3786	4.4871582	-0.87112911	0.5709266	352.99377	2.1845178	1.7735714	0.095297916	-0.10900492
3787	0.49123968	1.2109554	2.2308883	5814.8255	68.916757	57.07221	0.1373608	0.00014047947
3788	4.1621538	0.59041995	0.56475627	643.27421	10.027244	9.8647973	-0.2172974	-0.00029959633
3789	3.9984131	0.36039822	2.6617493	3683.0403	57.359355	46.359948	0.016916875	-0.17410552
3790	4.1507947	-0.42757884	2.5998996	2671.1371	49.063877	14.469267	0.13565245	-0.075172335
3791	5.4434754	0.45645629	2.6960698	6250.2063	93.693232	71.433783	0.21510231	0.061071527
3792	2.1567167	-0.66185985	0.41059195	2155.1125	28.621934	27.616666	-5.1051757e-05	0.13101215
3793	0.78003088	1.1178031	0.59753235	1493.0616	38.670545	11.653552	-0.014980481	0.03222075
3794	0.79253453	-0.41440901	2.3775041	7519.3871	63.105586	52.524931	-0.012409799	-0.039368663
3795	5.200325	-0.86953048	1.3933977	5409.8914	68.521713	59.555772	-0.42186543	0.099635514
3796	6.111403	0.8771417	0.58393834	566.06938	10.249494	6.9767195	0.33766762	0.0052170736
3797	0.19849677	1.4995953	2.5860617	2643.421	13.199663	12.698035	0.044311466	-0.011819638
3798	3.8919532	-0.40501336	2.6087317	5008.8219	41.894734	36.055547	0.035215274	-0.045155203
3799	1.2095586	0.87510043	2.3347803	844.31098	2.5423735	2.4237713	-0.049057022	0.04552716
3800	0.18643922	-0.30654898	2.3102884	9809.3324	74.662532	69.430366	0.05048607	0.033826165
3801	4.9764232	0.4219977	2.6757629	395.89122	1.4339694	1.2721782	-0.0012029571	0.009353422
3802	4.4144055	0.76946598	2.5427382	7708.376	62.089667	55.476341	0.01393819	-0.0036362221
3803	2.3443732	0.30887498	2.1805514	747.99273	10.109928	2.217026	0.25778505	-0.052467949
3804	1.0679859	-0.95319689	2.6548691	1097.8891	11.26127	8.6280725	0.0003507236	0.079358077
3805	4.6340165	0.20400417	2.3230796	1070.7274	13.10843	4.1080859	-0.72542113	0.099503083
3806	3.4783887	0.64468337	0.89662066	1498.4427	4.0241025	3.6683196	0.0027029169	0.067000039
3807	3.9349974	-1.0120891	2.5092153	959.51879	4.1307926	3.9573931	0.17338347	-0.018318384
3808	3.3433079	-0.40868786	2.9075634	2003.9626	20.708816	6.0412145	-0.10356427	-0.087772093
3809	3.5967775	0.79171816	0.60364803	9179.7641	81.180744	55.281751	0.038385331	0.0090833921
3810	5.4868468	-0.42776283	2.9022198	562.15509	2.0629599	1.355363	-0.16874408	-0.11978951
3811	6.0600193	-0.79332273	1.2060104	1242.7096	33.704824	25.789554	0.094936344	-0.063668138
3812	6.1161199	0.25967526	0.4539339	366.69459	2.2214038	1.5694906	0.0068043861	-0.094640221
3813	5.4648206	0.53640266	2.5954807	4051.5217	52.546944	49.289033	0.077665342	0.0047541454
3814	1.8290433	0.57080337	0.25759988	1332.2421	10.979973	9.4215681	-0.16796495	0.043395562
3815	3.4557199	-0.1688417	2.9227338	2457.8071	52.341045	49.409533	0.11740091	0.2915744
3816	5.9224113	-0.27718723	2.5708186	2482.1258	12.782303	12.313563	0.036238492	0.24022683
3817	3.2719223	-0.41298837	0.45914908	723.00347	2.1638235	2.1020667	0.0049759088	0.1155957
3818	5.8018411	-0.012514752	2.3164501	1071.3339	41.391576	11.480871	0.0085257495	0.037109013
3819	4.1248998	0.049853353	0.7900163	1644.5034	11.966064	2.0149774	-0.20558397	-0.0011445712
3820	1.8103231	-1.0076992	1.6967874	2083.2862	63.143114	35.383374	-0.058424952	0.21175097
3821	0.85360697	0.097867226	1.9090601	3646.2239	70.520625	50.781878	0.00083835352	-0.18756769
3822	2.3817556	1.283099	2.4695209	12823.788	103.61053	73.849072	-0.078173211	0.034675021
3823	3.51452	0.0090241768	0.6958511	932.32927	3.891491	2.1939544	0.09311092	-0.0093378193
3824	1.2595861	-0.57690527	2.9436713	17104.992	68.406995	66.553028	0.083405922	0.16808529
3825	4.8315971	0.37076052	0.48345173	101.95938	2.56251	1.2363031	0.026186969	0.11172532
3826	0.16805797	0.48550342	0.33035031	6330.2355	66.825934	53.288916	-0.0082334322	0.027360893
3827	3.3901358	0.50956239	1.4020962	1038.6599	17.804768	11.191103	0.091454014	-0.0039221383
3828	0.5517389	-0.31945383	2.3674391	612.20456	2.0054817	1.8161278	-0.0007905559	-0.0022916244
3829	2.602259	-0.027067084	0.25168223	1042.4898	13.149326	2.483562	-0.010046306	-0.079848621
3830	0.56936215	0.16526384	1.6655396	7580.3939	87.685785	77.22605	0.067765158	0.08601756
3831	4.6493413	0.25922045	1.9107245	2151.901	99.013107	44.19843	-0.010978306	-0.34056838
3832	5.6397596	0.67223158	0.55868607	6447.315	51.780744	16.441869	0.39390973	0.0063133097
3833	1.2176255	0.47774108	2.4158976	630.89974	10.221394	8.7454464	0.030862869	0.0013018733
3834	3.5396377	-1.0595997	2.1294259	3947.4638	40.391629	26.594329	-0.082431125	0.236132
3835	5.1234987	0.68673956	0.70712478	1419.7647	10.896291	10.60998	0.16335362	0.30527274
3836	2.1876614	-0.83507377	1.0124746	4261.4469	36.720073	14.244381	0.23145057	-0.079306116
3837	6.2046733	0.082684426	2.3204369	3409.7488	15.901198	14.565415	-0.019664846	-0.017854345
3838	5.9728898	-0.30015924	1.3727809	8942.2853	152.02512	114.7487	0.069924273	0.02957411
3839	6.1747398	0.10149893	2.449052	3285.1349	54.434785	14.26915	0.21508512	0.041625993
3840	3.701256	-0.39346383	1.384737	1052.9759	28.992727	10.930106	0.040708072	0.005975319
3841	1.9633394	-1.0301213	0.39838135	2462.435	24.431171	24.345096	0.082319735	0.33999201
3842	4.0342031	0.078386648	0.46910479	8248.5639	131.05514	124.53182	0.23607918	-0.11042597
3843	5.8011208	0.71594904	0.68360629	6043.4623	18.36232	14.808728	0.1856511	-0.0072952791
3844	4.4536677	0.54821328	2.0609848	3380.2169	16.983626	15.314976	-0.16415514	0.045820671
3845	1.797218	0.50312501	3.0257233	6141.88	47.841319	18.091291	0.067891056	0.082187008
3846	5.887268	-0.74945092	0.43633645	4601.4631	54.171251	51.734894	0.15539034	0.27124229
3847	5.2129948	-0.031394651	2.0461053	1054.8529	10.714977	10.701876	0.19445632	-0.0070943358
3848	2.9237781	0.61532042	0.78191493	493.65577	3.1325518	1.5875765	0.015436891	0.20898989
3849	0.49048824	-0.074033892	1.5509532	2461.1593	50.715425	18.458045	0.021528988	-0.074387653
3850	2.8432872	-0.9914888	3.0839998	9600.3588	69.529172	49.607254	-0.030105046	0.2180307
3851	0.747174	-0.10300137	1.9495558	619.02121	21.93626	17.96816	0.25422403	0.14525413
3852	2.5340239	0.33723602	2.5817865	2551.6266	15.068236	13.659044	-0.14031951	0.20869267
3853	3.8085556	0.52344601	0.78067081	484.24104	1.9890753	1.6314446	-0.10826548	0.045527135
3854	5.7280731	1.3257479	1.042242	1102.0866	10.7675	7.2326738	0.10090378	0.092968979
3855	5.5295949	0.71946253	2.3874883	3676.9354	56.171713	41.491536	0.034237944	0.5241471
3856	5.4598588	1.0534446	0.41287706	4034.6005	16.426223	16.009353	0.32004316	0.012600931
3857	2.6992374	-0.70855524	2.8449205	3130.6749	47.42128	44.397705	-0.030438032	0.043403306
3858	5.6911079	0.16029475	2.0957267	7123.3641	84.793592	77.783072	0.13111738	-0.0085648712
3859	4.7695936	0.57073637	2.4835325	1932.6266	74.925719	43.511102	0.12203074	0.11569445
3860	4.0644843	-0.42109496	0.30750556	1489.2257	11.913818	11.314807	0.24718683	-0.088400878
3861	5.0848478	0.7556339	1.6323638	3760.3733	50.716539	49.787479	0.0079902948	0.1123695
3862	5.4045672	0.78104141	2.1344898	502.23705	3.1529759	2.2220569	-0.055840598	0.10902862
3863	5.1812815	-0.07169631	1.921423	2484.7504	52.084461	32.400418	-0.15966604	-0.16809305
3864	4.5077445	-0.029995094	0.59027095	9049.7112	81.676815	68.91191	0.14930136	0.037702492
3865	3.6518733	-0.079043838	1.0541002	3998.7288	62.38241	46.403276	-0.054193068	-0.38907779
3866	0.53015851	0.20821811	0.83971269	336.92927	13.318222	7.7625321	-0.18701548	-0.0027700416
3867	2.8365429	-0.17258575	0.58543686	11185.555	80.407401	77.705037	0.023138402	-0.074730889
3868	3.2928183	0.22407002	1.6667416	3309.9541	78.812124	50.859776	0.51429352	0.089892536
3869	4.6911298	0.80984639	2.5632211	917.34726	5.8171146	1.4695285	-0.14207944	0.072395745
3870	0.59632243	0.71211726	1.682946	2791.1008	52.951735	42.921063	-0.25223253	0.015827819
3871	4.3488232	1.3374895	1.0938202	4379.94	88.483393	56.969547	-0.089358128	-0.0097101338
3872	1.7667678	0.36305383	2.0878251	10161.43	95.989065	90.847106	0.039113726	0.031977103
3873	5.2086517	-0.38595325	3.1060228	3077.8535	13.4752	12.965478	-0.10413613	0.38488892
3874	5.3574036	0.40623712	2.7180164	2284.0671	14.325904	2.0085467	-0.13223003	0.26190176
3875	1.6565758	1.1988004	2.4672396	542.32653	1.9553569	1.5786695	0.073858123	-0.095278817
3876	0.16311973	0.79033107	0.68675788	3189.763	12.563952	10.741355	-0.12238974	0.38633151
3877	4.4266515	-0.35788769	0.79560766	2623.3195	54.463326	32.807939	0.090783187	0.036167217
3878	5.3788194	-0.81893649	2.1743998	9355.0721	59.007613	58.149759	0.24954121	0.17825334
3879	0.1626807	-0.84881566	2.3155785	749.66754	2.3850729	1.7702363	0.092530583	0.20585115
3880	3.6483261	0.95491279	2.3812323	836.47107	3.4502972	2.3941523	0.108792	0.060365294
3881	3.9931995	0.95680653	0.28815327	4260.4936	53.35808	44.269592	0.090703515	0.15680727
3882	1.6537611	0.0014569419	2.3520252	1306.8559	19.381179	12.394505	0.055534783	0.17711316
3883	3.596584	-0.4798137	3.0787171	3993.7458	16.024325	8.1651196	0.11392452	-0.38882302
3884	1.0482153	0.68227979	1.5496781	1002.1453	14.439051	10.647781	-0.032601361	0.031903965
3885	4.3891446	0.34237822	1.2824276	2240.7478	49.121865	45.16976	0.075146253	0.00078779183
3886	3.726007	-0.67917396	0.66850973	4700.5612	23.435054	15.516201	0.13480387	-0.0013265433
3887	5.9563535	0.048700968	0.41025883	20546.859	120.48956	104.92595	-0.03708603	0.097343298
3888	5.7377178	0.5329339	0.43026534	1895.6488	9.9904985	1.6307516	0.21219168	-0.068377254
3889	3.1590081	-1.284794	1.3172627	3559.6641	68.880047	52.710478	-0.07644046	0.013269343
3890	0.83088213	0.35411736	2.909915	6148.4524	34.49953	17.721215	-0.0065447083	-0.081903574
3891	1.0163523	0.43759252	2.1300549	5143.4315	74.169364	56.220289	-0.0096115171	0.047312219
3892	3.2382128	0.45458874	0.33590634	5505.727	15.255613	13.208423	-0.1088945	0.1099933
3893	4.4451647	-1.1056493	0.71639411	3090.7259	43.211461	34.240125	0.049114214	-0.022144609
3894	2.2692954	-0.70023374	0.84947873	1144.2099	10.558483	9.7448676	-0.055017911	-0.096311235
3895	4.6507882	-0.11465455	0.62810946	1560.114	11.214239	6.0936019	-0.13730641	0.20926032
3896	3.4732477	1.2902223	1.8070199	212.82803	11.455178	1.3296016	0.40266929	0.1965544
3897	1.8668004	-0.057135649	1.2010457	1676.4247	87.9235	39.476508	0.15723767	0.096442475
3898	2.0248144	-0.074526657	0.29510512	1506.0129	11.990197	11.682629	0.026678998	-0.26606665
3899	6.016183	-1.0902382	0.22902942	5800.0279	58.280421	51.771604	0.030975464	0.0087669044
3900	0.36181391	0.27686223	2.4037625	799.47448	10.724802	1.5559195	0.14047314	0.1216379
3901	4.7230291	0.82785624	1.5318395	331.82704	9.0101466	8.9024923	0.030682449	0.068345314
3902	4.9047572	1.2244642	0.36481128	1046.023	9.5740343	3.4248316	-0.08372787	0.10984844
3903	0.32796647	-0.71823035	2.4786755	3279.777	29.050008	21.742285	-0.00793112	0.066572294
3904	3.3139873	-1.0825217	0.762563	3261.8474	85.821944	48.772702	0.018387511	-0.028059181
3905	1.1932169	-1.2535643	0.28031035	4105.7648	57.773219	56.186669	0.027517241	-0.016007944
3906	3.4310234	-0.88040976	0.42177497	4426.8292	18.666475	4.7908727	-0.0091264765	0.00027802268
3907	2.3663932	0.90852753	0.67417548	3649.9295	40.396307	34.320782	0.047662533	0.084461825
3908	3.9140383	-0.55332066	2.7786594	7683.8855	105.74713	48.894055	0.12846965	-0.0016157214
3909	3.8335491	0.47781848	0.91233435	466.68152	19.132443	3.6422443	-0.031826644	0.020723106
3910	5.9603325	0.15666805	2.1269291	2409.6548	48.124506	36.096421	-0.12028441	0.063682008
3911	5.8686181	0.87534214	2.2237923	5508.8266	43.388606	25.827153	0.20899249	0.094187136
3912	3.1498831	0.95026776	2.4805722	8205.6951	74.208611	68.246335	0.08169983	0.16391909
3913	5.5912416	0.12451775	2.6429015	12939.561	107.13132	100.11898	0.16099651	-0.14722666
3914	2.2597025	-0.44226242	1.9317498	154.97925	1.5341941	1.3925147	-0.010754105	-0.064639296
3915	4.3459484	0.74993851	0.42629018	2957.4197	39.413392	23.270914	0.10463447	0.016697664
3916	3.2453441	0.77523211	0.76010111	2423.8273	13.320254	9.0837145	0.089872792	0.0079685964
3917	5.1028685	-0.64205411	1.1926825	834.28776	11.717608	1.7158945	-0.22605818	0.13543868
3918	1.074019	1.0801746	1.0632446	1295.5026	37.281703	25.958854	-0.3206677	-0.0020373415
3919	2.7742716	0.73657976	2.9470969	2516.7542	13.335449	12.888508	-0.032430784	0.087014214
3920	4.745882	-0.41807144	0.40172923	4977.9576	22.832005	15.440687	0.00040907217	0.13517358
3921	3.7851281	-0.98436024	0.41366292	696.45922	1.95527	1.3924165	0.13763462	0.077410707
3922	0.90565908	-1.070256	1.2947977	6025.2233	34.232194	17.047368	-0.072155614	0.00064465237
3923	5.259609	0.84438703	0.52681903	565.1981	9.6048333	1.2812876	0.52660686	0.032599096
3924	5.2704573	-0.05854503	2.4384915	1240.0953	37.389892	11.267621	-0.014980481	0.03222075
3925	1.9528207	-0.19139042	0.56358141	1453.6052	11.060554	10.949902	0.0013630097	0.0595889
3926	6.2609659	-1.169761	2.2013461	3774.7311	43.553771	40.132955	-0.20243178	0.017856984
3927	3.7198671	-0.019783232	0.7554301	545.8741	3.0748072	1.3366678	-0.041177918	-0.00056910261
3928	1.8827553	1.0535885	0.17313122	4418.4414	50.59034	46.679405	-0.010377561	0.20753894
3929	4.8050882	-0.70699228	0.72031681	3139.947	54.277659	31.642784	0.0089701889	0.2056172
3930	4.855796	-0.8999284	0.60404612	2503.4381	43.555287	39.091697	-0.29052478	0.2951446
3931	5.7393157	0.16448662	2.6793364	313.59073	9.7260468	8.4334995	0.28028014	-0.20781074
3932	3.7093522	-0.66604255	0.43316171	2066.5675	11.644362	2.2261216	0.059120477	-0.012360787
3933	4.2320023	1.1869366	2.6018652	861.14848	1.9447787	1.4034445	0.11073831	0.057609144
3934	2.0743979	0.79180399	0.86985775	372.33715	9.3269987	7.0844615	0.28791266	-0.0013258039
3935	2.0940066	-0.10035688	2.847795	509.27274	1.5585166	1.4458561	-0.074031133	0.051482198
3936	1.4759865	-1.3556482	0.73976866	10241.977	82.53427	55.618953	0.1659897	0.16916882
3937	2.3051219	-0.18242489	0.2018483	1677.3408	12.028862	5.7498785	0.31341887	-0.073214759
3938	5.4960548	0.64450642	0.36132492	3724.0734	12.582911	12.30335	0.033871414	0.15485688
3939	0.96240415	0.98104364	2.4155392	7145.8413	58.514808	52.9272	0.052161329	0.079057616
3940	5.1196952	0.96301962	0.87066551	2306.0848	38.832963	12.007287	0.10864962	-0.17134004
3941	5.1446671	0.044515275	1.8686918	2698.6803	104.87236	56.793534	-0.16187796	0.10885462
3942	3.7639057	0.37079489	2.6637514	5960.3056	50.250938	39.687001	-0.022322019	-0.054108627
3943	4.8674356	-0.36955937	0.80446737	6160.1509	49.868897	47.30802	0.013879307	-0.020203993
3944	5.0672004	0.003693391	1.8273568	1528.6879	29.014828	20.122964	-0.049848752	0.026261102
3945	1.1766675	-0.88652163	2.3922629	510.44265	1.6699638	1.3360725	0.0205909	0.17369603
3946	4.7235986	-0.26372171	0.28416813	2635.7298	13.124359	12.197172	-0.079867824	0.043706752
3947	5.1351704	0.036381865	0.50239838	954.77945	20.951697	4.859034	0.34074366	0.11535178
3948	3.5131595	-1.2806815	2.4507689	2264.9241	14.961033	14.703155	0.0059282258	0.076941855
3949	3.6342688	0.31874254	2.3118307	4735.4565	43.480411	33.014551	0.23287332	0.31457857
3950	6.2079073	0.9140226	0.7881412	7544.6839	63.970526	37.274356	-0.015235853	0.36106329
3951	5.2234289	0.24017164	0.9672503	1900.3299	50.572558	11.983345	0.12747579	0.082711876
3952	4.9672916	-1.0660407	2.6222298	3620.1237	16.339823	14.000703	-0.030357461	-0.23030922
3953	2.3939327	0.16797156	2.4973627	1243.412	2.7381004	2.2737559	-0.090704182	-0.0099051181
3954	0.72482725	0.69197415	1.2481028	798.6363	17.795692	10.82253	-0.38042594	-0.0078384856
3955	1.2724049	0.18761103	0.40249629	8438.6597	74.062194	60.054804	-0.011379409	-0.29132076
3956	2.1043396	0.39561321	2.50917	1384.933	10.494344	1.7305703	0.016830538	-0.14351737
3957	6.0636713	-0.70811941	0.15407743	199.16816	1.5106821	1.4213089	0.041328209	0.024719719
3958	0.46441173	-0.80489027	0.49961196	12262.092	66.990802	60.873521	-0.15167914	0.073501448
3959	4.521251	-0.89579585	0.29883968	10880.562	77.99124	56.293733	-0.14185662	0.37185412
3960	5.1339844	0.8486927	0.37882141	5947.6535	19.204662	14.887598	0.034249224	0.18265404
3961	1.5619445	1.0079179	2.7803331	2456.2668	12.622556	12.466936	0.071671357	0.1035655
3962	4.0501979	0.63152129	2.6133313	733.38974	8.1091713	2.397453	0.066553672	0.06020199
3963	1.9709903	1.0174587	0.21069027	4272.2333	15.574905	15.24766	0.1324389	-0.27050928
3964	1.8876327	-0.37724343	0.78977495	4199.012	15.945108	15.475281	0.00070362162	0.15784516
3965	3.4375813	-0.42663601	0.96765071	2099.8775	18.26442	14.611073	0.5895489	0.011713664
3966	3.0348607	0.10086393	2.5695675	14524.529	101.91148	92.759503	0.11587512	-0.049633139
3967	6.1039854	0.37229371	0.75275562	345.31635	20.006227	1.4126679	0.070579383	-2.495495e-06
3968	5.8063394	0.032480471	1.9476617	4421.3088	63.013062	55.120382	-0.0050510844	-0.22537178
3969	4.5819882	0.53843197	0.19405926	224.92759	1.5091991	1.4903268	0.24417942	-0.012830377
3970	2.9897373	-0.1061294	0.77895628	3696.8417	71.969719	57.538427	0.28417257	0.12887599
3971	0.43361124	0.047772445	2.6189138	3641.4993	130.11937	13.734221	0.16377268	0.16644993
3972	5.6115774	-0.27313239	0.85927778	14972.003	206.9541	124.51609	0.028386062	0.15916398
3973	2.7806682	-0.58626539	0.69768583	4256.6865	113.78517	47.267853	0.15347013	-0.15432238
3974	0.28350515	-0.3496845	2.5499076	8265.8521	36.963653	21.441279	0.013360629	-0.03446176
3975	2.6834678	0.19160292	1.619304	3676.6997	49.304751	43.282008	-0.016055362	0.082072014
3976	3.6033537	0.3889134	2.8861618	1703.3915	14.789619	14.634802	0.048980804	0.0083037802
3977	3.4408129	0.15051952	2.7653747	994.26078	11.613509	1.5251053	-0.089717399	-0.028971528
3978	5.4092726	-0.8270873	2.0004622	775.32688	9.9377963	9.8791573	-0.027128921	0.1875896
3979	5.4495055	-0.94222304	2.3279964	987.55804	25.705146	2.1104253	0.095650666	0.076335784
3980	4.9837269	0.0012306093	2.8977152	4096.8911	16.623359	15.04602	0.12471817	0.480257
3981	0.70401723	-0.17833612	1.9355068	2515.0851	50.068299	33.823973	-0.1910197	-0.14412207
3982	5.44506	-0.26597391	2.9261308	6666.4687	118.2584	70.603139	-0.066888948	0.0080913892
3983	5.9846342	-1.3269434	2.3378311	679.07238	11.397884	3.5875322	0.0078470556	0.043928686
3984	0.52780063	-0.81544975	0.6593383	1034.6165	9.9068328	8.7246598	0.013378241	-0.057358215
3985	3.6737131	-0.95815626	2.5854675	3720.8315	13.954177	13.716727	0.0048211072	-0.049053274
3986	1.6480742	0.48421971	2.6772079	4928.8032	14.421345	13.331482	0.069257385	0.32118034
3987	1.8294198	0.67849286	0.64555584	2946.2126	13.236813	12.658725	0.21397523	0.33956811
3988	4.2415526	0.066746748	0.65989366	2182.8161	56.921126	32.554844	0.034167942	0.052752788
3989	5.1556484	0.15656823	1.6297271	3468.3315	27.680133	24.707408	0.05066737	0.14504858
3990	1.9466875	-0.95044442	0.96386086	6385.506	66.205542	56.982568	0.016829025	0.15375634
3991	0.74056501	0.80625596	2.188683	2264.5101	21.904254	12.084659	-0.24743966	0.051555916
3992	4.6063661	0.95369759	0.48300856	11964.852	168.51163	146.99349	-0.094243302	0.10981366
3993	3.9904635	-0.41782134	2.6020295	9774.2848	71.958822	49.627969	-0.33485783	0.12187815
3994	2.4627866	0.17711483	1.9873873	4509.7701	53.814606	51.69723	-0.022309853	0.07729514
3995	0.34852094	0.45435521	1.5333252	2517.5292	49.478168	48.499099	-0.0018671319	-0.11738408
3996	4.0651703	0.35626739	0.2738761	6493.3337	61.373189	55.147461	0.014001916	0.019291872
3997	0.25219339	0.38111167	0.67783788	887.40334	16.11376	2.070093	-0.070769134	0.030663918
3998	5.2779772	0.14518125	3.0747195	4901.7843	25.345503	15.800913	-0.069355396	-0.097096315
3999	3.0768636	1.0572993	1.0740657	1799.2855	11.2848	8.2783244	0.025213741	0.1868397
4000	2.878604	-1.0807324	0.72004177	1953.1875	72.863182	3.6604916	0.092754009	-0.23261414
4001	2.638829	-0.13772858	2.626462	3514.3931	23.289486	14.227845	0.051437732	-0.10629726
4002	4.8161411	0.56089871	2.523645	4002.4623	15.798573	15.701029	0.013712426	0.41067677
4003	4.2488977	-0.82876586	0.56232824	9425.8137	67.79563	46.470337	0.022248626	-0.0051805506
4004	5.5431783	0.56246252	2.6978797	5602.1046	28.957675	18.352129	0.043411186	0.11708529
4005	4.892786	-0.09630195	0.57159216	1836.7052	14.560702	11.804167	0.016790878	0.028594473
4006	2.7943257	-0.8872537	1.1111339	1176.5734	7.7154614	1.9961934	0.13837816	0.082202358
4007	5.039822	0.2764759	2.2888035	1828.4572	13.371608	10.650175	0.096074611	-0.078595799
4008	1.0066939	0.76790559	1.5652688	199.3007	1.8811741	1.8612718	-0.069341967	0.013668533
4009	5.7565885	0.58955923	2.3742785	1520.3789	13.302393	10.989339	0.018639173	0.30692311
4010	2.7728095	-0.84526478	2.3888886	2574.3914	12.537147	12.357977	0.13059964	0.24288494
4011	3.8413555	0.89034623	0.42458992	3428.2757	14.082058	12.877386	0.034388678	0.26741223
4012	4.8874518	-1.4133474	0.66239914	3455.269	28.274199	17.227943	0.072532687	0.27160925
4013	2.4054946	-0.0030471118	2.1441306	2860.8903	14.083175	11.244646	0.20078548	0.32452441
4014	5.3258788	0.45208111	2.5405943	1157.3763	24.495068	12.97914	0.25746114	-0.0080655524
4015	0.9786653	0.07811748	2.5879843	1400.3738	11.568732	3.4734346	-0.074978002	0.089146594
4016	0.35867679	0.48508792	2.6039794	5220.5042	17.762751	15.057978	-0.26818598	0.17036916
4017	0.14046636	0.031938214	2.7494348	4651.0551	63.844269	53.510852	0.44306565	0.073197557
4018	0.74284699	0.87146571	2.7657794	2632.9528	14.282165	11.96614	0.012053304	-0.069450912
4019	5.4186815	0.20052861	2.3155089	8029.0571	125.62893	87.035854	0.12918395	0.075589125
4020	2.754659	0.41067798	1.1140399	1047.082	9.7250351	8.7610803	0.011144663	-0.28898665
4021	4.447298	-1.0139324	0.84629687	7098.5631	76.055218	75.414232	-0.22035298	0.22252882
4022	2.7713372	-0.82735467	2.2580676	2292.9011	21.744318	17.336603	-0.038492772	0.094591141
4023	1.3425536	0.58783536	0.75414005	4275.3929	65.390052	44.200958	0.49912687	0.053456703
4024	2.1827197	-0.27695825	2.3720127	5731.9356	32.606943	32.111427	-0.059649492	0.1320819
4025	4.3160803	0.66961673	2.6283954	6664.0401	48.00907	42.052251	0.0088630681	-0.0015982797
4026	2.9596834	-0.58996181	0.53132202	2222.3004	13.123962	13.113666	-9.1954432e-05	-0.015476692
4027	4.9798695	-0.24545448	2.5837823	9671.0354	127.26882	85.026886	0.029312392	0.017588296
4028	4.2161815	0.11219667	0.78058494	9072.787	117.37923	66.086141	-0.069272639	0.18597937
4029	1.521299	-0.3419864	2.1941861	354.21631	10.174862	9.0813914	0.25977899	0.13544677
4030	5.7309163	-0.90147476	2.7135795	18673.237	116.67201	107.71247	0.0041345456	0.28730149
4031	4.3498593	0.025019001	2.2839128	14429.44	98.238495	79.474938	0.083514209	0.21025406
4032	3.1252351	0.46620284	2.288921	5058.6947	16.062619	15.597773	0.051902531	0.093942223
4033	2.829618	0.92491069	2.578738	2099.6983	11.915651	11.617847	0.0064008318	0.022975418
4034	5.3510406	0.68574052	0.93929308	2124.118	9.0642389	4.1485312	0.46992223	0.039253783
4035	3.6337966	-1.2203881	2.1782214	6499.9312	77.462962	66.626646	0.016699395	0.025397562
4036	3.1721212	-0.094035502	1.8927417	1804.9015	29.570814	24.897165	0.24905081	0.1439887
4037	3.3801739	0.27641867	2.3107786	380.27395	33.353667	3.0971513	0.19603847	-0.058608337
4038	2.5804445	0.031340715	2.8299704	551.67947	2.0378225	1.8827035	0.046649842	0.035380766
4039	2.8587562	0.65413127	0.4712658	2777.6427	12.954689	12.73886	0.000573148	0.023290387
4040	4.7027428	-0.36638266	1.2616737	1358.8935	39.001831	36.998601	0.017554094	0.063311499
4041	2.2585963	0.15019179	2.9497575	11248.183	103.11603	87.556342	0.16083026	0.49307649
4042	1.5541427	0.13202921	2.5292362	968.42832	83.824736	28.456017	-0.031296127	-0.056868211
4043	5.7148836	-0.98057484	2.3498118	8840.7429	74.635139	59.042331	0.04071652	0.012651984
4044	5.0936408	-1.1655059	2.2395512	9594.01	83.756359	68.974226	0.23838848	0.34075419
4045	2.3956942	1.2112369	0.30654475	96.843832	2.0942766	1.4542592	0.048929093	-0.091243513
4046	5.9139896	-0.7803485	2.9746603	1481.0459	11.346815	9.9798829	0.0049365121	0.055404183
4047	2.0111635	-0.94984677	1.5294738	1689.689	31.33241	27.739069	-0.07197786	0.12492269
4048	5.7951117	0.054496059	1.8554182	1106.5878	11.689027	11.561001	0.0243508	0.0040557884
4049	5.2391451	-1.3762359	0.52012663	441.9287	1.6409028	1.4553226	-0.099285492	0.054105696
4050	3.4607829	-0.65042496	0.71415192	1722.0097	12.85204	4.754524	-0.031165955	0.017112005
4051	5.6954961	0.95489208	2.6558663	2558.325	17.483662	4.8607346	0.20750891	0.061140355
4052	3.4825422	-0.62965716	1.8088214	1730.0699	33.744983	33.332746	0.18525201	0.038585847
4053	0.082541707	-0.75667565	2.8474283	812.20396	1.5872104	1.4300385	0.0025703465	0.093096601
4054	3.666094	-0.38274828	2.6400756	1071.8248	15.770572	1.569627	0.20185603	-0.0041972944
4055	4.0214566	1.2009641	0.60575842	3987.6191	41.309889	16.809446	-0.03885893	-0.18525846
4056	1.2969794	0.53403404	0.4012732	4186.1775	33.731468	25.321872	-0.072629225	2.7153954e-05
4057	0.84840125	0.13321209	0.72984811	3603.0165	13.478925	11.16732	0.01963349	0.087006712
4058	3.8501658	0.36282701	1.9111246	3375.0325	59.109181	50.870618	0.2844349	-0.0066607522
4059	4.8614773	-0.78715186	0.28091867	7854.1981	80.107703	47.707869	0.67401036	0.11477179
4060	1.5105828	0.4590145	2.2341198	817.30991	1.9423998	1.6579086	0.1565128	-0.09847761
4061	6.0097715	1.4263165	0.66619656	6778.1517	57.319251	42.517622	0.39063051	0.079679069
4062	0.11916494	-0.83046179	2.6241541	1470.5378	34.420739	5.9909196	-0.15915138	-0.062710064
4063	5.282257	0.60807899	1.5862861	4939.4888	47.870636	33.097598	0.043419581	0.026289881
4064	2.7262763	0.029548723	0.63437527	2324.9015	13.917305	11.50182	-0.0065668804	-0.11103184
4065	1.0754961	-0.87320116	0.75822258	2351.4668	45.429648	5.6458712	0.052045931	0.065178986
4066	0.13934319	1.1076336	2.5498179	4182.6073	43.009731	41.895506	-0.026660546	-0.012416203
4067	2.6269264	-0.18547573	1.0731627	5504.1665	57.906421	54.46177	-0.2507747	0.049701928
4068	0.013903414	-0.89746678	0.79135169	2599.729	47.926113	46.672913	0.66077268	-0.071372487
4069	1.8469529	-0.26358191	2.7591294	4271.7526	16.204663	15.556374	-0.046309502	0.088353204
4070	5.5262749	0.29359639	0.56983896	682.52445	2.3608322	1.6061156	0.10407639	0.053815866
4071	4.3152301	0.67217735	2.8899932	16464.755	121.89643	106.49284	0.042529342	0.05725707
4072	4.2825858	0.48008726	0.78694365	2788.2812	23.094653	10.128202	0.58689049	-0.13563056
4073	1.8065122	0.68359727	1.0946713	3270.8781	44.964516	41.640018	-0.0028206591	-0.019380996
4074	2.7341665	-0.85718	1.9607394	5326.2514	95.63804	67.348736	0.0019588114	0.14157819
4075	5.1994709	0.64402956	1.8743443	4977.0032	84.764671	72.527001	-0.027353798	-0.035303549
4076	2.3284479	-0.76302438	1.2604598	2362.4309	16.150451	12.616176	-0.0071947502	-0.14181604
4077	6.1934407	0.6719386	2.3623725	1264.2223	9.7015198	2.4003214	-0.0018816763	-0.18879948
4078	0.22541537	-0.91529008	1.2712821	1003.6689	12.684129	1.7317904	-0.00047238935	0.0044093333
4079	3.9043442	0.22508527	2.5628904	1701.6945	12.826118	12.615322	0.088400647	-0.023885655
4080	0.27076317	0.3635849	0.857186	2031.5305	13.405314	11.961486	0.54041767	-0.02324836
4081	5.0434321	0.002133899	2.2267678	1669.978	12.948189	11.79458	0.47140986	0.083520022
4082	2.7717711	-1.1809147	2.3225911	4493.2446	62.727353	55.015574	-0.028864753	-0.0024722965
4083	0.99584334	1.2870407	2.859293	2495.1552	13.249007	11.474361	0.25688847	0.65056058
4084	2.6752352	-0.72785488	1.3889838	939.06463	11.460558	1.8190064	0.13121447	0.1899515
4085	5.6743295	-0.31855528	3.1327017	22053.818	88.367158	81.756087	0.011321267	0.36304464
4086	3.868923	-0.51051495	2.7159078	1102.082	2.2423576	1.6955028	0.0012187069	0.067047522
4087	3.6203115	1.0960914	2.0375459	1909.6215	19.099549	13.390658	0.080854643	-0.054437574
4088	6.256604	0.08626138	2.9291359	5949.3306	65.848334	38.230581	0.16442629	0.46717039
4089	4.3603062	0.94324499	2.2683971	938.94743	10.931645	10.597748	0.014927624	-0.66421416
4090	3.7206019	-1.0777567	2.2311567	1212.1354	11.812651	11.428049	0.001687096	-0.10784249
4091	4.4344519	0.62863257	2.0358667	2609.0025	49.291364	26.726799	0.18720322	-0.28400939
4092	5.3440715	-0.89329148	0.45686234	870.77632	5.0824651	1.8984949	0.062419746	-0.15516728
4093	5.8362193	-0.69918072	2.2673973	5335.1641	17.608871	15.286385	0.33139699	0.0079973692
4094	0.42709287	-0.55314528	0.13301502	19329.279	110.28881	70.289006	0.37203092	0.096440739
4095	0.4151896	1.4701627	2.6254877	5736.0406	45.277372	39.659494	0.0088630681	-0.0015982797
4096	5.7155481	-0.46722655	2.4070173	2531.0431	16.4709	12.201764	-0.0039579645	0.055712188
4097	0.9654514	-0.28699296	0.23375257	684.28067	1.5335597	1.3937847	0.020560971	-0.043810238
4098	3.5188918	0.42398728	2.4996203	1560.9269	52.368626	38.210746	-0.16304041	-0.14480226
4099	5.5875576	0.41015666	0.6895136	1465.3804	8.8893832	8.4302513	-0.0015611747	0.15378914
4100	5.2162821	-0.44912941	2.4629227	3757.1816	27.231442	16.278088	0.0038577674	0.20889146
4101	3.335819	-0.96454679	1.0310441	6690.0773	65.102143	49.308427	0.42372637	0.076848323
4102	3.4026651	0.10068974	1.9828319	6235.0369	54.539035	48.210443	-0.015937493	-0.0143692
4103	4.2604994	-1.397823	1.7807312	300.1972	1.5465915	1.4896155	-0.025482138	0.0082225968
4104	3.3008352	-0.69938023	2.9319428	1381.627	40.374747	21.597014	-0.018229105	0.020994118
4105	0.38040081	-0.89353286	2.4545684	604.54677	2.8993996	2.6266325	0.023808138	0.0088155704
4106	5.9234919	0.18969174	0.31732138	1329.544	11.696611	2.9357205	0.24464627	0.024702211
4107	4.3194088	0.4612702	2.1725567	774.98966	11.17422	9.4498077	0.01902247	-0.038239132
4108	5.1552411	-0.16749866	0.94134149	3170.204	43.198151	41.020594	0.0055929719	0.22335253
4109	5.3186981	-0.050151554	0.50342795	2114.5416	12.708132	12.06251	0.11529012	0.15626157
4110	1.6290975	-0.76093166	0.60840075	1145.2935	38.903977	35.787745	0.0072825172	0.019909385
4111	6.2719857	-0.036390952	2.068856	890.70408	16.840827	10.955448	0.040910045	0.090949811
4112	0.021196559	0.21488024	2.352218	2667.6055	16.129125	13.355565	0.1684513	0.23247379
4113	1.7224036	0.6745089	1.1150657	356.84591	1.4243166	1.3782717	-0.034538845	-0.077319455
4114	5.469378	-0.799877	2.4745151	4068.9329	56.887948	52.502727	0.13994713	0.025348333
4115	1.5141609	0.060759815	1.9388527	2298.378	15.510152	13.756154	0.08083076	-0.009569528
4116	0.12028419	0.64775697	2.5552453	7713.5422	71.96859	51.764079	0.17478124	0.148266
4117	5.2621895	1.0838793	2.8528107	4763.1383	97.574044	43.505033	0.04620391	0.023917553
4118	2.7587982	0.5441412	0.6062687	3698.601	60.2696	26.241162	-0.0077734488	-0.44636003
4119	6.2384995	-0.90990739	0.68510716	3545.7996	15.781758	12.162209	0.06912687	0.32586742
4120	6.1705917	-0.76054809	1.7793034	2099.1041	11.116809	11.01355	0.11977669	0.00015255527
4121	5.4206611	-0.82585603	3.0052009	2860.3748	14.556026	13.145593	0.30597736	-0.017697472
4122	3.2851383	1.0704397	1.0615083	11639.905	77.915225	76.594234	-0.054627569	0.42013647
4123	5.7249535	-0.37088871	0.54104054	2447.4671	11.273485	11.259273	0.00027837019	0.44184816
4124	2.5876116	0.14360728	2.3541957	7356.1669	77.088059	73.946941	-0.035030019	0.034441085
4125	4.4273827	-0.81726944	2.3978653	5375.4691	44.111423	42.046616	0.13520232	-0.061586794
4126	3.438686	0.19804798	2.7298468	5747.7269	19.422742	17.088554	-0.015062144	0.021864206
4127	2.4057579	0.53025809	1.1007585	1350.4975	17.541483	11.772125	0.047641757	-0.17526805
4128	3.5133475	1.0478323	0.23412472	3773.6801	41.457072	15.430178	-0.23847175	-0.0041310861
4129	2.1452351	-0.90251424	2.8946532	1449.6291	21.947926	2.9593406	0.29682902	0.061781065
4130	6.2140297	-0.2191686	0.94094193	847.81049	7.8396355	1.3728658	-0.066084004	0.0080819085
4131	3.1755346	1.0719204	2.4501357	406.85006	40.330161	1.5584801	0.019310854	-0.0016775693
4132	2.9533004	-0.78237777	2.5063047	2647.3494	15.420175	11.825413	0.095257732	-0.11394069
4133	1.3799334	0.7595849	0.60287938	1470.3044	12.710345	11.321467	-0.057871303	0.20649329
4134	4.5465067	0.50315662	1.1363331	541.68257	10.655978	3.8223245	-0.059322695	0.071575949
4135	4.2091146	0.34015652	0.58839907	1185.2142	10.636017	9.645985	-0.098003804	9.0169417e-05
4136	4.7259836	-0.45953225	2.5425505	3918.1434	61.1957	54.495492	0.021671501	-0.0019370442
4137	4.5873378	0.67639454	2.2516566	1722.3859	12.54204	12.007491	0.17936576	0.27530331
4138	2.9513025	-1.4734261	2.6066537	14052.673	217.93749	100.94969	-0.20720818	-0.01438674
4139	2.4492133	-0.74253561	2.8678688	448.92108	9.7630194	2.5181685	0.34816153	-0.24416218
4140	2.2906083	-0.16957015	2.0816352	1338.2463	34.174242	2.6940195	-0.026311921	0.0057222367
4141	0.36979954	1.2243358	0.58372165	5499.3582	17.88702	16.456052	-0.31231487	0.22023114
4142	0.24563885	-1.3581839	2.4914663	1064.2045	7.6535274	6.4160896	-0.0091539807	0.014246921
4143	3.8944968	-0.76295268	1.9305578	2549.0303	45.263338	36.08673	0.080099771	-0.011282181
4144	5.3601389	1.1310971	1.9630685	1285.5453	43.047868	20.241456	0.078883053	0.12704386
4145	1.3619222	-1.4144636	0.6290206	472.28619	2.3846923	1.3737693	0.17313426	0.116785
4146	1.1525256	0.0026227141	0.66456918	2414.3483	21.281169	19.652797	-0.072945966	-0.042671509
4147	1.6548837	0.12918975	2.5006096	2268.5926	60.156565	54.744869	0.026119864	-0.00049551411
4148	0.95304292	0.11070519	0.49958405	4549.262	16.974766	16.827024	0.070318047	-0.010450526
4149	0.46134817	0.001472257	1.7273716	1981.1231	64.812217	34.045453	-0.17208581	-0.015437163
4150	1.8412809	-0.37333358	1.5399575	1028.9373	11.837703	10.456732	0.011519015	0.15142059
4151	1.5396266	-0.9649394	1.7297146	7587.8158	59.347063	50.808169	0.062287063	-0.13594793
4152	2.061561	1.2144171	1.8213186	373.3984	2.091799	1.4589606	-0.18044116	0.097769874
4153	6.2485608	1.457588	3.0239596	6021.2141	51.803251	34.553279	-0.011542726	-0.30186713
4154	3.3693255	-1.0873534	2.537713	2610.4472	13.341726	12.47591	0.032755268	0.022932196
4155	1.1314653	-0.50339811	1.96415	1923.0719	11.46936	11.231814	0.18623996	-0.032027935
4156	2.3118228	0.27958155	1.6100898	329.37326	1.4928019	1.4353344	0.32896961	0.039215269
4157	2.2692865	0.18943151	0.57437013	4071.0114	15.65646	15.464025	-0.13375868	-0.22394506
4158	2.7045408	0.97227251	0.86955947	4333.3695	45.286593	34.374335	-0.0011550629	0.0032782154
4159	2.546838	0.29996116	0.57231854	2851.2857	71.643672	46.370382	0.29911532	-0.092187691
4160	1.794747	-0.70216923	0.69355161	1812.2526	13.633515	12.127399	0.050440337	0.051071001
4161	3.0398547	0.31639036	2.7225023	2789.9603	43.491261	30.293293	0.36313115	0.047954708
4162	1.6392626	0.63573647	0.78043433	4089.6199	14.039949	12.975611	0.091668876	0.0063490051
4163	3.2836752	1.1831798	2.6211154	3134.0552	13.641426	11.800013	0.0077476357	0.069114105
4164	3.2617523	1.347594	2.3130019	3950.6268	65.988078	62.029433	0.03589898	0.11140357
4165	4.3241115	-0.59480353	0.66366995	14362.152	88.493966	82.975658	0.019312355	0.28264234
4166	5.8791251	0.30970193	2.6632864	361.00861	3.3279439	1.4909665	0.067611577	-0.079244912
4167	0.89777059	-0.58294252	1.2034929	266.3391	1.9323923	1.3487118	0.096853716	0.26736524
4168	3.4687127	-0.73678201	0.32730322	2787.5188	44.19592	14.321596	0.19054421	0.33441024
4169	3.3131312	-0.20798543	1.4430917	3405.576	62.955788	47.317638	0.21145047	0.21412839
4170	4.0720359	0.28543469	0.86876011	964.64227	9.9160369	9.2556167	0.012545806	0.13857532
4171	0.03978724	0.90596186	0.84761692	1356.7524	9.9118474	8.9884844	0.023491518	-0.042514523
4172	3.4194032	0.00099822322	2.5450362	876.02756	9.950655	2.5905625	0.0287616	0.10941557
4173	5.1852529	-0.82919999	0.22081054	2723.94	40.753373	38.060753	0.061919155	0.039490803
4174	2.0875639	-1.2068765	2.5633063	442.96404	1.6077243	1.5972164	0.006067427	-0.095433036
4175	4.0657408	-0.88345561	0.29546995	2007.338	45.543646	13.968542	-0.0014326186	0.04867442
4176	2.777248	-0.50014665	0.6135457	2043.9876	12.525863	10.377797	-0.018497535	0.012376206
4177	1.9699633	0.18790931	2.6996749	2011.4709	14.971856	12.138721	0.10337967	0.15074721
4178	4.1633983	-0.19653867	2.5395596	3612.008	42.150087	40.674095	-0.077114657	0.24210177
4179	5.3509403	0.63667998	2.2703354	1065.2361	11.903824	10.370375	0.089425016	-0.026745893
4180	0.82210526	-0.92168976	2.2633479	2885.1922	13.936339	11.830576	0.028706874	0.0045806892
4181	2.3691322	0.24565768	2.9738815	16415.75	70.108724	58.774064	0.066859592	-0.023835773
4182	4.7008436	-0.39857668	0.40821751	4134.3861	14.445109	10.787182	0.010908702	-0.062939112
4183	0.08058705	0.8313008	2.4494127	11225.219	113.12113	92.015865	-0.27250253	-0.0095132263
4184	3.165901	-0.30881357	0.11977301	2798.9163	16.686146	16.071338	0.38393374	0.13158575
4185	4.5152578	-0.37778456	0.14519821	559.82345	1.6935222	1.5922484	0.027108193	0.16789459
4186	0.89187706	-0.92334828	1.3120982	2474.1869	13.198979	12.881388	-0.42777198	0.00046196249
4187	2.4622729	0.097478584	2.9270664	375.17665	9.0638674	1.814152	0.0020723796	0.15304996
4188	3.0505579	-0.61737915	2.7746017	3513.4885	43.591278	35.714522	-0.14333457	0.02597238
4189	2.1532635	0.14661747	0.26976957	5999.6722	57.843373	48.136403	0.012238038	0.20643559
4190	3.4042394	0.30028983	2.678964	2842.7774	13.708948	11.791552	-0.0088494145	-0.36307631
4191	3.7547616	-0.38887193	2.2175406	1968.7806	11.979791	10.304275	0.31594465	0.1175999
4192	2.6331799	-1.01	1.014319	5555.2976	65.945759	51.857061	-0.26093987	-0.0059535767
4193	5.4484682	1.0149552	2.2538698	1435.9517	10.328818	9.8250003	0.0010085687	0.054443965
4194	2.3211757	-1.4569711	2.8627643	1164.7721	10.6335	1.4708942	-0.14205545	0.037076248
4195	3.2279419	1.1367873	0.21624448	6321.761	190.1234	65.716997	0.11138474	0.026333548
4196	5.3085832	-0.74247874	0.54407137	1202.7266	11.587454	10.238184	-0.051290886	0.034658968
4197	3.0279265	0.6799971	2.7700228	8759.2805	77.761141	57.100892	-0.030935347	0.26914355
4198	3.4139629	-0.80278878	0.52914471	5897.4856	82.172011	64.718233	0.17634597	0.17498553
4199	6.240408	0.20967688	0.64594802	1089.6297	3.4693464	2.5654398	-0.018533939	0.21351153
4200	2.3090195	0.35990372	1.6267727	6396.3042	65.048544	45.17291	0.058156811	0.012791179
4201	5.0051701	0.010653862	1.761323	1142.6481	21.792353	10.476632	-0.014375753	0.012870417
4202	1.3643067	0.37995928	2.2148101	4776.2435	50.067128	47.370971	-0.10535762	0.15398774
4203	1.061299	-0.35023361	1.9901309	957.12405	12.282387	9.1746899	0.087795978	0.014122455
4204	1.0452564	-1.541848	0.86444834	3106.7315	54.232403	51.49688	0.16168133	-0.14480967
4205	3.8699539	0.8868053	0.86226519	2484.951	29.164025	24.341191	-0.088763795	-0.036687323
4206	3.5450006	0.10541141	0.58543808	2190.8648	12.276459	7.5904811	0.012980849	-0.0095619139
4207	5.5870807	-0.48390745	2.6771892	7157.8496	69.562774	46.333654	-0.074999513	0.027812967
4208	2.9133647	0.51648831	0.31943034	2592.7662	54.253289	45.043501	-0.24494749	0.018101548
4209	1.6316597	1.05326	2.3765787	1705.3528	11.915298	10.289986	0.017601276	0.029306063
4210	0.15608375	-0.27945692	0.77371772	13382.939	108.25059	105.26532	0.47405903	0.036110193
4211	2.6965606	1.0024395	2.428581	2506.4349	42.905392	24.902769	0.35748699	-0.039554034
4212	2.3127901	0.42525731	3.1131681	6784.224	19.000548	17.631872	-0.081101896	0.33925638
4213	3.8077927	0.25417457	0.54984129	1089.1301	2.6301242	1.7171441	-0.013548932	0.0060684626
4214	4.5847667	-0.3348203	0.54151236	1988.398	45.124138	23.704474	-0.0048682699	-0.011396907
4215	6.2667505	1.1178663	0.75720157	2581.9662	15.915654	13.97626	-0.001321858	0.067484024
4216	4.0498041	0.16835522	1.9252424	233.24919	10.288116	10.14163	0.017262982	0.0065274795
4217	4.1525966	-1.0991883	3.0003843	7903.997	48.941639	33.527157	0.023530288	-0.012174166
4218	4.1317154	1.4748548	2.7625234	2205.4205	27.594263	12.540615	-0.10175991	-0.095105083
4219	2.1008146	-1.0380926	2.1551049	902.7741	12.739549	2.210336	0.021654197	0.15656156
4220	1.8289221	0.1396878	2.2204834	1364.101	12.560469	10.623278	0.042367215	0.26227877
4221	1.2357353	-0.51542665	0.91508461	2394.8223	11.714185	11.64793	0.38336232	-0.24652971
4222	4.6703631	-1.1966875	2.8401836	12096.628	69.587391	48.486261	0.19269261	0.068071635
4223	3.3659356	-0.51532543	2.9140695	828.44633	8.0305354	1.8524177	0.028177048	0.078720723
4224	5.2280649	0.74099115	1.3989215	7336.8117	84.706704	69.516851	0.073986035	-0.054658722
4225	4.6369339	-0.68720388	2.3804259	738.46847	23.132619	9.0382538	0.1383349	0.19293139
4226	2.1150361	0.48055754	2.412271	3502.3655	14.925854	12.740473	0.16062895	0.12877415
4227	1.4656136	-0.37947925	1.2565151	529.30171	9.7200488	9.4561632	-0.090611281	-0.33619436
4228	5.9460228	0.27429121	0.77768529	9352.5018	91.811018	63.203111	-0.07907996	0.31958735
4229	0.45022313	-1.0809572	1.459409	829.68911	9.2203216	8.1431692	0.15716401	0.16331782
4230	2.6062177	0.8747217	2.791312	8474.742	98.069345	80.875418	-0.031120814	0.0012614966
4231	4.9074243	0.6206433	1.0794858	3479.6263	15.000618	14.078768	-0.076577386	0.017524722
4232	3.5557488	0.32737677	2.1803484	3036.4272	43.252552	11.372114	0.02877036	-0.00011922798
4233	1.8612404	0.034424506	1.3232287	1379.2521	42.001664	29.819292	-0.05673829	-0.0038672471
4234	2.4789256	0.94766784	0.80539881	2714.5257	26.734598	23.834139	0.2779606	-0.010794633
4235	4.5400592	0.9798869	2.3504623	851.08551	38.255846	1.5013406	-0.043634996	0.0037897476
4236	5.9647016	0.79362054	2.809341	1796.5574	12.155113	2.8737376	0.0013444086	0.19235812
4237	0.10981579	-0.53539419	2.8279495	163.2105	7.7964977	1.7758684	0.0069120688	0.1509429
4238	1.8657191	-0.77191166	1.6985597	554.27024	6.7813107	2.0061752	0.041524534	-0.16912681
4239	5.3656113	0.44365286	0.21035746	11467.146	66.020622	53.385496	0.12104782	0.017459303
4240	5.3313428	0.056405	1.7040322	955.41363	13.306392	11.166309	0.19430698	-0.30811246
4241	0.092095214	0.81449047	2.1714205	1278.1431	22.943901	11.395569	0.012292136	-0.10584288
4242	3.4273614	-1.043448	3.0147341	12653.705	61.654472	28.87881	-0.048083158	0.074247465
4243	4.3442004	0.65289296	2.5747936	1625.838	36.159283	2.0103933	-0.39589144	0.1936194
4244	0.23454855	0.39024766	2.096671	3155.9778	52.421246	43.329639	0.021397411	0.0029685457
4245	3.1607732	0.54057742	0.66376824	10743.05	70.795105	61.699741	0.11719564	-0.075725286
4246	2.20598	-0.47239548	2.8921616	2393.8326	40.870458	30.845177	-0.0013319527	-0.13821358
4247	0.71032725	0.70052474	0.57060139	4093.508	42.779624	34.446823	0.097844383	0.061315211
4248	1.4807363	-0.068247133	2.8345595	1887.9134	18.302916	12.540859	-0.21335899	-0.11839317
4249	5.4790583	0.43461341	0.55800617	982.16297	12.586283	4.1757528	-0.015183364	0.25618121
4250	3.3429496	1.1812561	0.40310308	2961.7585	15.117961	13.158506	0.015686334	-0.18699622
4251	1.0351946	-0.52505448	2.5940963	391.49676	10.817023	8.9258012	0.019462477	0.35105496
4252	4.6631789	1.3541773	1.6797839	980.44296	44.052487	2.5287902	0.048906496	-0.12950473
4253	2.681774	-0.51856915	1.5089414	6051.0041	129.78723	71.350093	0.055899148	0.029788016
4254	5.1255047	0.32427414	0.47568273	3051.3804	39.853096	30.5232	-0.00025035638	0.0031578755
4255	4.5483751	1.3921488	2.4814447	677.56839	1.4535226	1.3095496	-0.0078116103	0.056646789
4256	3.9021262	0.096948784	0.21041537	4864.7686	65.789541	52.668861	0.01205661	0.0096218353
4257	5.7966581	-0.17617896	0.60827664	1409.3612	11.215291	9.9963321	0.063135771	0.0029416341
4258	5.1572509	0.8870629	1.5904389	1880.7953	79.85254	44.395639	0.031156997	0.083995814
4259	5.0236894	-0.013764244	0.16083587	3011.7429	20.688636	8.3443814	0.0059633541	-0.00065426623
4260	4.3140167	0.54304834	0.96083533	513.96859	4.0580636	1.3693192	0.31454318	0.000247106
4261	6.1893241	-0.25350853	2.7422835	4835.061	45.160708	32.242985	-0.24632059	-0.013191281
4262	2.5752916	0.086826061	0.82776245	1977.679	12.796826	11.393015	0.31865781	0.056646164
4263	4.6911872	0.24664709	2.9018764	3273.8301	71.945042	13.194138	0.0091205456	0.032261644
4264	3.2470931	-0.16607136	2.200153	2504.4131	13.829157	11.511236	0.44638497	-0.067035356
4265	5.482349	-0.82936866	0.19628492	815.25667	22.824945	1.5847695	-0.062459344	0.16706684
4266	1.0334248	-0.19423854	0.18115168	337.85552	1.5285146	1.2743257	-0.040807769	-0.19879079
4267	2.7151919	-0.39156091	0.95241413	3385.4005	24.788604	15.948586	0.070286106	0.0316023
4268	3.1547158	0.18156696	2.6813977	6966.2597	61.01898	44.200275	0.062539736	-0.0041562585
4269	5.8276713	0.65428941	0.62404363	11533.733	104.93391	101.37616	-0.16066617	0.084483886
4270	3.3205302	-1.0114831	0.88246485	816.0367	9.5479483	9.4823621	0.19975021	0.19101007
4271	1.7216019	-1.0887058	1.1778074	204.54176	10.688195	3.422419	0.082557158	-0.16991914
4272	1.9779037	0.74542796	0.11153681	465.51348	1.8108746	1.3652499	0.019448805	-0.060849824
4273	2.0691837	-1.4312942	0.46250376	1861.3683	11.150505	9.3117803	-0.32522684	0.30136697
4274	3.2077195	0.19132257	2.6710197	8140.2304	48.878669	20.046682	-0.049789469	-0.16122625
4275	0.15603788	-0.56253789	1.0990208	5690.6616	62.399775	51.15986	-0.065912003	0.0048647249
4276	3.5437833	0.69350247	2.1588016	5552.614	59.197274	48.925933	0.023186815	-0.099235093
4277	3.615794	-0.30794619	0.393939	2781.1976	63.177231	44.799552	0.023279097	0.30120917
4278	1.9452875	0.79773721	0.92811706	805.99333	10.729449	8.9329474	-0.0028467067	0.4601067
4279	5.0621489	1.0150458	2.2661842	1752.3643	17.458861	10.904387	0.14086809	0.16878164
4280	4.0229729	0.85390051	0.81218253	5971.4425	62.978044	60.072971	0.28633292	0.030767498
4281	5.4162411	0.30065943	2.5410133	1621.9519	4.4669131	2.4030683	-0.1068678	0.14703299
4282	4.3699935	0.081366116	2.0766724	1444.4964	31.406659	27.286285	-0.02066409	0.39245305
4283	3.5889304	1.3649288	3.055029	4744.1441	31.411321	14.507139	-0.003840179	-0.1704914
4284	2.3464219	0.19515941	2.6540725	1690.1229	11.114313	8.848917	0.031424304	-0.03416889
4285	3.3929633	-1.2949641	2.5524914	1334.9532	32.018697	13.249224	0.012384385	0.0097738756
4286	5.9457959	-0.19084841	2.0841811	3750.8588	75.021438	48.908735	-0.21379734	-0.14617217
4287	1.8461318	-0.55641744	0.55407691	741.12648	11.936282	9.4921063	0.12548078	0.12553053
4288	3.7560589	-1.163743	2.3099002	2774.9045	39.808642	14.203143	-0.12634644	0.013363278
4289	2.2203959	0.2310212	2.087593	7033.0082	83.086505	76.884228	0.083418985	0.01443201
4290	0.98711172	-0.0017642774	0.50587488	2327.2625	14.275236	12.932332	0.0021108132	0.15501603
4291	4.8907747	0.44022885	2.3124052	3607.9526	58.059551	48.10412	0.14142111	0.08852834
4292	5.154122	-0.99128492	2.8234541	9092.6379	73.351659	67.673414	0.04158374	0.14054927
4293	2.3316352	-0.27017088	2.0942867	1901.3079	49.762398	28.876857	0.0027269601	0.25839831
4294	5.1729049	-0.51203016	2.931593	2990.8753	23.216417	22.932006	-0.023054928	-0.025036907
4295	5.1943359	-0.072791104	0.41593217	8147.3491	72.873037	44.233041	0.10030287	0.12423246
4296	4.1916991	-0.80255251	0.54643423	5919.1541	61.578854	44.936154	0.37310345	0.26610427
4297	5.6010452	-0.46950955	2.7486584	11535.825	59.192509	56.928826	-0.16451228	-0.078650817
4298	1.557058	-0.27924684	2.8841442	5098.2745	15.398744	15.326922	0.29947561	-0.10160756
4299	3.7700649	-0.018138615	2.0508018	902.21792	7.6909876	7.1706042	0.038458619	-0.018114836
4300	2.808971	0.20503842	1.2275983	1706.7312	36.576563	26.162074	0.12212808	-0.62085967
4301	6.2127556	1.1898981	1.004396	3423.8174	39.557206	30.480786	-0.0024864719	-0.025082257
4302	0.30651172	-0.2835225	2.7635162	2508.6282	68.116036	49.198571	0.026258905	0.061117482
4303	5.157732	-1.0342912	2.3433541	3228.682	34.906733	33.594084	0.31550422	0.15120398
4304	5.1345303	0.28801032	2.844414	153.73765	1.3910201	1.2730373	0.016747399	0.04934297
4305	2.9861568	0.72389537	2.6625038	2031.8801	13.709476	4.8529409	0.077237252	0.013712328
4306	6.0186538	-0.13571159	0.45022608	785.3396	13.821148	10.107864	0.2192291	0.033642474
4307	4.3837797	0.89637125	1.2255293	4663.2841	40.210788	20.594497	-0.10477677	0.29167056
4308	4.1293789	-1.2966675	2.5466669	3404.811	67.210688	40.569709	-0.075112014	0.0047957762
4309	3.113502	1.0396633	2.7647912	8393.6459	50.345112	48.078975	0.10239727	-0.049066644
4310	1.3902603	-0.00025498958	0.28410965	1562.2621	12.188249	3.9663114	-0.35566674	0.017042904
4311	1.6454465	0.39224009	0.31376802	1164.9388	35.4438	9.8511944	0.087036694	0.030115357
4312	5.8440701	-0.87026517	2.6209895	3261.6115	14.547169	14.180966	-0.056940752	-0.1095865
4313	0.35300548	0.6099245	0.38559879	4583.3561	35.833606	26.851258	-0.071025891	-0.055719394
4314	3.9908627	0.99464884	0.21819068	5290.7925	20.948199	14.157531	0.027481895	0.12057635
4315	3.6119641	0.42205369	2.5666833	9719.1603	84.890798	62.953846	-0.00064245333	0.00027667
4316	2.0085974	-0.087882729	2.745818	2687.1104	28.691582	24.626861	-0.30143987	-0.36646604
4317	3.108803	-0.27194577	0.28694057	137.4401	1.7168684	1.4368206	0.15707852	0.16822896
4318	0.22617272	-0.47506487	0.33851533	362.98548	1.7839216	1.3856451	0.20557203	-0.0074941058
4319	1.6280151	0.13848754	0.59353847	746.21837	12.361964	1.3002821	0.090326427	0.0046583177
4320	0.26056378	-0.47871328	0.26342664	7697.1437	33.921544	17.13392	0.22924284	-0.034708325
4321	5.361798	0.083445324	2.4165553	7054.2438	59.95164	41.05796	-0.06499496	0.1996092
4322	3.3810106	1.4399342	2.5431424	2092.0255	40.707243	33.643113	0.14467708	-0.1161316
4323	3.3994118	-0.17524203	1.0647667	1073.7587	25.627608	1.872029	-0.097768505	0.10491376
4324	0.57918185	1.0655265	2.6356531	4654.4126	34.786611	30.885453	0.029850227	0.039430457
4325	4.8997582	-0.35973964	0.73316968	938.1117	13.476545	11.553446	0.077572149	0.34430714
4326	5.153859	0.56506828	2.5267067	1233.462	23.003407	9.4053043	-0.02668949	0.13078691
4327	5.9813452	-0.57033349	0.12408902	2347.7125	47.735025	38.693182	-0.083480642	0.0091014083
4328	5.8754208	-1.2331653	2.3651113	386.27377	2.0501479	1.797093	0.075739279	0.06873619
4329	4.5766475	-0.90694566	0.18169185	6178.2196	91.932501	66.389262	-0.0087528849	0.00075576957
4330	2.9096953	0.53375113	2.5977244	2415.7003	52.416938	38.762352	0.31671458	-0.031869465
4331	1.4123159	0.33115853	0.80402217	2267.2778	28.533745	26.504026	0.097946459	0.1997168
4332	3.405118	0.60848354	2.214483	7678.5061	121.95511	115.93028	0.022030071	0.030936338
4333	4.6094467	0.20346723	0.70374933	9211.1121	87.685217	86.851241	0.18403731	-0.12293831
4334	4.7634483	0.46071206	2.1631201	2041.2981	11.039758	9.8482746	0.20414038	-0.27265579
4335	5.8079896	-0.25887373	1.1930954	1311.7264	45.73709	34.82827	-0.014937855	0.05029719
4336	1.1128698	1.4315249	2.072394	1301.7148	15.775474	9.9737433	0.19534096	0.18830329
4337	5.6017864	-0.57980044	1.2447273	6449.8552	164.02967	78.397899	0.1129399	0.136882
4338	3.1036843	0.44040496	0.46261132	5495.8646	104.3392	15.086067	-0.0017075819	0.45162053
4339	3.2030315	-0.29701452	0.6591825	351.81066	1.636174	1.5852907	-0.056756483	0.0092973548
4340	2.6541748	0.029309662	2.349688	3485.4362	45.268187	15.354348	-0.0019208364	0.048631329
4341	5.5518159	0.1551498	1.7422552	231.71908	1.686173	1.3338834	0.051190421	0.012728119
4342	0.83528961	0.16522639	0.52035782	11712.045	90.325698	89.852245	0.065858649	-0.001894948
4343	3.3864537	-0.49771376	2.450581	506.91305	2.504756	1.5320135	-0.018955566	-0.1813531
4344	5.391269	0.33945873	0.48586575	1024.1208	11.732687	9.2950869	0.048258566	0.066824482
4345	1.9623502	0.72391908	1.7598958	7208.6484	68.413848	65.673308	0.26415583	-0.00976131
4346	1.7128271	-1.4035401	1.4386402	2655.1524	42.905048	42.047914	-0.0018794599	0.035393759
4347	4.9541009	0.43114307	0.90142339	4092.527	53.813255	53.464165	0.26096619	3.0006322e-05
4348	4.2957769	-0.28708031	1.9650149	1860.2148	42.953327	9.5951176	0.043793078	0.097015338
4349	1.2492922	1.1780864	2.8072218	15291.96	116.62448	108.29395	0.17913712	0.065542416
4350	0.34594284	0.56102805	2.2994281	5525.2519	125.67537	49.363178	0.0065540082	0.070470078
4351	5.3886552	0.088517642	0.24182677	2973.7978	31.071916	13.938255	0.19480568	0.30045994
4352	3.68716	-0.68023747	2.7415062	1802.5298	4.654763	4.1362608	0.2150187	-0.00039400885
4353	4.0026429	0.32088848	0.47049238	4667.9944	19.713817	14.902311	0.031666352	0.0035032748
4354	3.8699617	0.46292105	2.6004314	10206.937	53.698413	43.649442	0.043235969	-0.23606534
4355	4.4633913	0.86029695	2.3447918	8682.443	164.79824	104.14753	0.0092934721	0.0056527436
4356	1.6049988	-0.44713871	0.74491629	637.46948	10.963746	1.9870121	-0.016334747	0.068211125
4357	4.8832731	1.1072303	2.1435997	2805.2158	14.052908	9.6156125	-0.054965775	0.57828747
4358	2.2356774	0.79556011	0.48917491	8445.4045	72.204253	68.856099	0.12562565	0.042710123
4359	6.2824471	-0.51542082	0.61021258	7847.5781	28.514555	28.335382	-0.13320305	0.24918865
4360	5.1669265	0.88950098	2.3501695	2558.4739	14.234535	13.47365	-0.031761387	0.058942474
4361	1.630231	0.0044590753	2.4613879	16747.059	121.94674	81.485888	0.78445983	0.16476376
4362	5.6948854	-0.036413814	2.2290388	2421.7842	41.788353	23.833082	0.057445576	0.11059878
4363	1.1665583	-1.039319	2.2355774	1569.7651	26.654631	16.446818	-0.17615334	0.031707053
4364	0.7847041	-0.10028992	2.2285223	3814.4343	57.975227	42.863025	-0.095438084	0.11571606
4365	0.53740821	-0.043033513	1.3068175	2012.415	18.651394	18.183728	0.10522763	0.035471166
4366	3.7882316	0.23929518	2.1192759	4094.425	91.683198	55.097076	0.047854603	-0.0038187555
4367	3.5340655	0.096060368	0.80196531	733.92359	1.7163413	1.4761429	0.029686345	-0.0049532262
4368	0.56990809	-0.6314844	2.2243054	581.09759	3.5163737	1.6852745	-0.0030900681	-0.156027
4369	3.092657	-1.0956943	3.0269999	3776.5338	23.551371	13.421198	-0.47748721	-0.21056499
4370	0.60176154	-1.5405524	1.3077581	285.99289	2.4293672	1.262261	0.0012860752	-0.012854109
4371	3.8200966	-0.72009745	2.7961721	1442.8366	14.886448	2.7275381	0.00147499	-0.087748317
4372	4.2884792	-0.19893112	0.64646809	2985.8539	41.170808	39.680277	-0.037521824	0.11795858
4373	4.7962384	-0.47128203	0.37923492	11218.537	178.17022	62.692971	0.016394086	0.030813661
4374	6.1458678	-1.2167714	0.44873041	10237.335	76.918778	73.703482	0.12876888	0.010009159
4375	3.3409707	0.01366249	1.5625529	1455.1173	12.085977	10.057922	-0.00087215469	-0.053089866
4376	1.4489033	-1.0338974	0.21641532	4636.7872	52.568661	30.94956	-0.095797612	0.011136283
4377	2.1756106	0.63267893	0.37624677	11545.939	64.194744	48.165485	0.059022672	0.020630583
4378	1.2148291	-0.65539365	1.1636061	1079.5371	9.0304204	1.8366179	0.039968587	0.00098177456
4379	1.434426	-0.014433863	2.2912301	1700.6745	10.979029	7.7260124	0.13470435	0.25298656
4380	5.9125921	0.8837983	2.5521915	595.81972	2.7745338	2.1132095	0.030441101	0.13898184
4381	5.4097766	0.2373031	1.4336442	2295.7792	36.788429	32.105322	0.052840949	0.060821767
4382	3.1255974	-0.63571806	2.1051124	2106.0673	14.51863	10.446534	0.10009217	-0.029187147
4383	6.267354	1.3953396	2.4291661	826.06222	9.2285613	1.5262633	-0.014036276	0.066088244
4384	0.39890283	0.84022411	0.6396371	6333.2257	20.942573	19.092809	0.019870823	0.1426581
4385	5.0782753	-0.85608281	0.85049827	5531.5188	83.489784	41.812525	-0.077248935	0.0026878112
4386	0.060834241	-1.0583643	0.94584069	599.68645	1.4607008	1.4567222	0.079330245	0.023587362
4387	2.4158878	-0.52800369	1.8326368	3919.8396	67.481708	55.339797	-0.04674189	-0.095319681
4388	4.8465455	-0.44475653	0.67435568	14755.773	74.811656	70.426078	-0.035593644	0.38977124
4389	5.3075686	1.436901	1.041324	1035.5212	30.176402	19.713835	0.091868847	0.10470478
4390	4.8021565	0.022645542	2.5679551	792.89372	1.6187836	1.6081546	0.00018188186	0.034352818
4391	5.298912	-0.57191173	2.2433089	3022.8826	40.670497	15.21768	-0.13303898	0.025839001
4392	0.0055008403	1.2542244	2.6797142	5987.4833	65.445395	56.788027	0.0019088768	0.062653752
4393	4.8649352	-0.70016147	0.95913049	2857.3457	47.870073	33.537933	0.09683169	0.1010018
4394	0.01837808	0.43171406	2.5736962	1842.8628	23.378519	12.499534	-0.00031157088	-0.11573736
4395	0.80354595	1.162966	1.8447489	354.07939	19.529592	1.2264878	-0.175663	0.017603568
4396	5.7460956	1.1523628	1.8386211	7673.5014	52.615202	52.445638	0.17694377	0.11576982
4397	6.1407757	-0.14510876	2.88556	1680.5293	11.760408	11.481636	-0.014456333	0.22671433
4398	4.2644342	1.194071	0.94135031	480.07438	10.494204	10.294713	0.091750363	0.00023450978
4399	3.7273332	-0.32378396	0.43437642	1423.1163	54.213667	2.8652932	0.015826695	-0.030922533
4400	5.0393588	1.1288175	2.7446493	3245.1221	17.54732	11.763689	0.31769733	0.045480639
4401	4.4986764	-1.0076797	0.6487214	446.73481	11.137907	3.1233662	0.14249031	0.16612987
4402	5.9948509	-0.48668955	2.5357204	7903.0486	55.404552	45.263698	0.087855198	-0.028029172
4403	4.0166293	1.1182646	2.9810156	2297.57	15.719879	12.405851	0.12653783	0.28329379
4404	5.5196754	-1.0768105	1.953857	739.35792	42.201357	32.144282	0.12833034	-0.030559931
4405	4.3311078	1.0836142	2.8195192	2360.6896	9.724068	3.561202	-0.052932992	-0.012847679
4406	1.9855817	-1.0105074	1.0122228	2179.6947	34.155201	31.418638	0.0076713266	-0.0031818973
4407	1.1714467	-0.93919791	2.3631991	865.86598	11.607563	10.192283	-0.032258741	0.023670942
4408	1.400642	-0.39896224	0.47499642	369.80235	1.5608503	1.4070904	0.023519755	0.15478699
4409	5.485456	0.11700492	0.47887678	2223.2298	12.445572	12.313456	0.35201554	0.052252459
4410	4.0653044	-0.099585975	1.2010164	3843.2682	37.424439	15.832271	0.015061719	0.061588265
4411	3.0516512	0.71416832	0.20465482	711.40169	2.9545516	1.3992586	0.10495111	0.053420322
4412	5.9590956	-0.52285902	2.089465	1063.3093	2.026137	1.4793482	-0.10277126	-0.15642092
4413	0.91090111	0.60713383	2.7461689	4933.7493	14.814806	13.940396	0.02486369	0.16829905
4414	0.95144482	-0.42662456	1.4426136	1109.745	33.909408	30.243019	0.090949266	0.012786681
4415	2.3923479	0.27908098	0.26453441	3325.6955	29.22351	18.731314	0.0028536518	-0.023205816
4416	4.5605338	-0.80905369	2.8433522	767.17507	11.408888	11.370876	0.015518419	-0.20061983
4417	1.9111234	-1.3944159	3.0353046	4918.7142	45.693122	40.572114	0.17897242	0.016549898
4418	5.3936143	-0.18004711	2.6288006	4244.4111	15.136181	12.342683	0.61757738	0.43336976
4419	5.6821363	0.19887398	0.3333029	13632.472	83.215188	69.068674	-0.00068105149	-0.011860805
4420	4.4249275	0.33498923	2.5192721	10284.676	77.946763	53.07874	-0.087359922	0.056451337
4421	5.4987871	1.3052641	0.96514314	2454.1783	49.062485	41.523108	-0.0076456406	0.017188411
4422	0.49532504	-1.0566036	0.41746355	4401.7418	61.14397	54.570542	-0.030266549	0.033875669
4423	1.4521773	0.37948827	0.21536503	8990.4244	20.584769	18.895176	0.0028939788	0.037312108
4424	5.0140807	0.86585727	2.6343092	3775.8502	54.552195	39.863951	0.0019769935	-0.045517737
4425	4.7610057	0.18164691	2.5868206	2763.6375	13.1906	10.208127	-0.082660623	0.00046093437
4426	3.3685024	0.43278483	0.58780165	1143.412	24.357006	11.262116	0.055675908	-0.053039046
4427	0.57555121	0.5131657	2.7317622	992.87655	9.156396	1.3912537	-0.090798669	0.13626316
4428	5.2076023	0.23742099	0.53202344	2936.6247	14.692698	13.623891	-0.056253645	-0.058826308
4429	5.0409584	0.17660748	2.1175208	1669.4089	14.203555	11.821277	-0.0008615682	0.054497575
4430	5.6785273	0.4649924	1.9089356	911.2148	10.182895	9.8446069	0.02074772	-0.010139938
4431	5.5930186	0.16361328	0.35510199	5290.5726	59.47813	25.482337	0.020169878	-0.18604222
4432	0.66945269	0.59268234	2.5256443	7027.1193	38.677843	37.667163	0.28719455	-0.019319053
4433	2.8409174	0.23579701	2.279222	1155.4657	11.252971	10.165901	0.089011186	0.11423251
4434	2.3333015	0.38707403	2.494893	7199.8043	71.613135	50.999975	-0.092207503	0.042094251
4435	0.42151043	0.45041731	1.2684222	3041.2408	48.046197	42.300823	0.038541989	0.012500927
4436	2.160296	0.05446976	0.51673478	4343.2393	36.912244	15.74855	0.043174334	-0.082647979
4437	1.8327403	1.0383156	2.287551	1811.7263	43.579859	40.005682	0.04515253	-0.22552981
4438	5.4668144	1.073737	2.851586	4774.1487	68.612557	49.828341	-0.086553885	0.21208391
4439	4.1217095	0.78696118	2.6491624	3343.8386	52.125027	2.7741221	0.090132132	0.0021494335
4440	3.4073187	-0.55722638	1.6313434	907.96238	7.6489797	2.2490618	0.18481929	-0.0049322762
4441	1.2662445	0.26512942	0.27785471	5297.1657	29.617813	22.207035	-0.12619853	0.010021238
4442	1.6261075	1.229552	2.5948842	1379.8813	12.684415	12.303095	0.0062961289	0.012668492
4443	1.2331113	-0.36517464	2.3107074	4021.7655	57.719048	29.872206	-0.18098637	0.0047178403
4444	2.5824851	-0.47787647	1.021401	582.95578	10.022132	9.6532032	0.19045128	0.10095151
4445	1.7083929	0.065073613	2.1670827	2485.4672	12.997342	12.947099	-0.083984782	0.1276531
4446	5.5122031	0.48476405	0.12959843	1978.1509	22.767587	1.9253251	0.04800365	-0.0046439405
4447	2.393399	1.3455288	2.6874426	2078.5625	11.632783	10.742261	0.0027981779	0.16822939
4448	0.69097005	0.50215527	0.83267992	3211.3392	14.883703	13.252028	-0.013580713	0.1346167
4449	5.6193985	0.063457046	2.7166566	4382.8747	61.056436	53.396804	0.01386845	0.04245905
4450	0.17340997	0.12423531	0.63475227	4540.2299	20.955404	17.163671	0.18337615	0.47736473
4451	0.88682133	1.0076079	2.7187722	7692.4208	156.04747	80.553757	0.087048154	0.054669672
4452	0.61805548	-0.023384479	0.87986968	1857.7801	54.097757	18.600524	0.10982829	-0.056069209
4453	2.329484	0.24432549	0.13551504	2716.8332	13.164665	13.076313	-0.0016586773	-0.010556154
4454	2.0326706	-0.91541375	2.7382787	2791.2031	13.515557	10.364154	-0.087561102	-0.143326
4455	5.4117136	-0.11308216	2.6989017	913.74036	6.2830802	3.0013573	0.080927229	0.23501741
4456	3.375339	0.77272232	0.29578266	7576.4075	51.948852	21.283891	0.086089675	0.03894178
4457	5.2356499	0.6189124	2.6944482	5133.5166	31.767933	18.866274	0.020295734	0.22636349
4458	1.6544461	0.49792353	0.58434488	3307.5161	65.073759	44.051517	-0.20293619	0.18071749
4459	1.3382663	0.78950834	1.9980284	3870.4831	49.31867	45.955359	0.019561225	0.014673912
4460	4.65582	-0.43340078	0.44922406	8275.2511	65.858215	56.435249	0.0064341126	0.029239394
4461	5.9856332	0.33215921	2.6005085	2032.0793	13.535955	11.710414	0.0036116294	0.08360773
4462	2.328566	-0.61243469	1.9666812	2952.2333	49.279595	26.620546	0.051811643	0.0041444723
4463	5.8169504	-0.12367625	2.3477853	2163.7919	21.419219	11.082066	-0.12353984	0.041745453
4464	0.18022118	0.83102895	2.7058887	3356.9877	17.622318	14.614004	0.00064696496	0.45286512
4465	6.199683	-1.0253706	0.28014989	888.34906	35.271874	31.453034	0.13901252	0.15500064
4466	0.63831926	-0.36846994	1.1737649	308.70559	9.5379716	2.0711766	0.37807493	-0.0028870087
4467	2.3969029	-0.97203666	0.96171624	2853.931	52.362937	44.256779	-0.073936263	0.033904263
4468	1.4307079	0.96796501	2.7073554	185.86132	9.5738644	1.2673375	0.33770221	0.18718945
4469	1.479747	0.37487	0.33274067	10514.927	185.19426	74.820234	0.11690983	-0.035725146
4470	4.8052546	-0.26678564	0.79107417	3327.2609	50.356159	36.067282	0.14214183	-0.03117938
4471	1.5120543	-0.80337522	2.5581341	1331.7731	1.9492089	1.7573309	0.13201181	0.013978629
4472	3.781601	-1.0502247	0.83815812	8719.3381	87.270617	64.665116	0.28860528	0.034771322
4473	4.0790105	1.3335807	1.117475	1788.3893	24.213465	16.819345	-0.03609286	-0.026768418
4474	0.62203159	0.20180766	1.0451369	1904.3288	11.430536	3.5563455	-0.03367232	-0.090830684
4475	6.0627791	-0.30106965	2.8235035	3019.868	17.345078	14.994765	0.1154354	0.08265254
4476	1.9194499	-1.3846061	1.8414314	1540.1459	11.528622	10.621972	-0.016875221	-0.32042235
4477	4.6009263	-0.52998302	0.49408955	3659.4569	17.907367	9.8976977	-0.015398207	0.22044769
4478	2.019405	-0.83867541	1.463063	3062.5747	50.943181	47.503499	-0.087421421	0.11722242
4479	0.38422925	0.06166368	0.70968264	10428.643	88.502948	74.053499	0.001827431	0.13801115
4480	6.1564348	-0.80404864	0.9769699	8319.64	74.107816	57.297034	0.0024054765	-0.038091507
4481	2.0504311	0.26926387	0.54588447	678.46772	3.8541351	1.3939181	-0.016867592	0.066007537
4482	5.4199119	1.0488212	0.77419413	7114.7931	70.740672	70.217905	-0.042877311	0.036952999
4483	2.9814667	-0.60238869	0.52485239	1213.4119	2.324329	1.6113829	-0.12326485	0.16594446
4484	1.780947	-0.36614429	0.41572513	9321.0641	70.320352	66.189911	0.22365286	0.16189966
4485	4.124788	-1.002988	2.7897369	2401.1462	14.59426	12.385167	0.09258376	-0.074576675
4486	4.5533106	-0.32540986	2.7259235	15184.293	63.616328	56.168341	0.15511005	0.25181272
4487	3.133087	-1.169251	2.7747349	822.81904	39.003821	9.2164708	-0.018111537	-0.066226891
4488	0.27031606	-0.2439122	2.1755294	2290.5737	48.798694	41.984601	0.020374812	-0.064869439
4489	5.761953	-1.1146496	2.7369884	13646.924	71.319018	61.986624	0.031762389	0.071310442
4490	3.7876098	0.8848883	0.74187539	949.83788	2.9517158	2.3721111	0.046111346	-0.097559267
4491	2.4918914	-1.4557486	0.31223859	2787.1572	28.351658	15.805138	0.021577164	0.11238774
4492	4.1381801	0.63912266	1.1840972	700.25894	9.6486307	1.6468285	0.0048963599	0.074058266
4493	2.4499647	-1.3870153	1.7831305	345.9398	2.954907	2.7777736	0.0088753966	0.013687048
4494	4.9000144	0.019284923	0.59661639	1200.5319	11.808988	1.8875465	-0.36037241	0.016271407
4495	4.3253135	0.35764181	2.2843986	1610.916	70.228283	44.995457	0.023681527	-0.034573492
4496	2.7686791	-0.35716299	0.68165155	12526.009	151.64101	80.388715	0.095894051	-0.26155484
4497	3.3061803	0.018714282	0.50475088	5917.1689	46.673057	33.400234	0.021824687	-0.20895375
4498	4.1695265	-0.32611452	2.947926	471.59833	1.7201716	1.3268151	0.022369247	0.00049911523
4499	0.92071358	-0.21635972	1.3621955	967.88708	11.367453	10.633165	-0.031026692	0.29464495
4500	4.2977307	0.88675022	1.816353	197.40838	1.8282185	1.3016812	-0.12185778	-0.30296994
4501	2.7642495	0.17019143	0.77762984	2790.0504	14.255224	11.038797	-0.0028733816	0.063350916
4502	4.8336622	-1.0284379	1.268231	1498.4547	8.8355539	1.9600349	0.0040315489	0.013650215
4503	5.0410968	0.86978209	2.1555183	2963.9982	57.548408	39.37839	0.26954678	0.058880223
4504	4.7779552	-0.14184336	2.777766	21796.767	111.79873	102.10821	0.053599543	0.0016451542
4505	1.7217737	0.61985591	2.0589411	2596.1071	45.03309	27.010601	-0.25168294	0.039099948
4506	3.4908387	-0.83182766	2.2481655	700.48081	10.131503	9.1359341	0.0038406115	0.12414802
4507	3.287733	-1.183093	2.1144365	1158.1782	10.374782	3.729604	0.047508893	0.074894018
4508	2.6046381	-0.78961777	2.063748	695.56377	9.376143	2.0310844	0.090277346	0.057877902
4509	2.3263945	-0.54704575	0.13054739	2027.3231	11.129142	10.023067	0.029143785	-0.008761569
4510	2.5535152	-0.37660752	1.1079775	1266.4168	29.592718	28.324172	0.13686903	0.0020865114
4511	3.2553651	0.1640378	2.8755624	8157.3005	78.028533	27.800175	-0.04720316	0.028100261
4512	2.4835135	0.67337737	0.76866591	2824.3278	12.660048	12.4013	-0.01659904	0.13303781
4513	5.0097353	0.49636669	1.1679174	1899.8346	30.973903	28.194745	-0.19718891	0.0067077156
4514	1.962897	-0.5004728	2.5290127	3900.9146	51.731665	39.830207	-0.18707801	-0.21369858
4515	2.1505577	0.50271352	2.4199048	3462.4005	56.939327	41.088919	0.19201492	0.29186621
4516	0.46464688	0.7482008	0.39892298	1604.2774	12.084438	1.8601969	0.043824048	-0.0037499947
4517	3.3820998	-1.0674986	2.8838873	3876.618	15.894902	14.813409	0.031123554	0.18328
4518	2.6667663	-0.1647957	0.86666836	593.71933	4.3348521	1.9169549	-0.0071486087	0.0080109088
4519	2.924821	-0.14594115	0.73646161	3364.2539	58.460505	49.333053	0.0048955581	0.005237137
4520	2.962774	-0.4483797	2.7869461	2938.0038	26.05551	24.963531	0.13166518	0.62357034
4521	0.14965885	0.56327936	2.4175539	6994.4005	41.646352	19.837912	0.19848667	0.096838062
4522	5.6823696	0.12722977	1.1296991	386.35232	1.8145873	1.267126	0.0049296796	-0.014129691
4523	4.4167524	0.52022322	1.3881088	2184.9097	13.136622	12.514215	-0.1074748	0.020790066
4524	0.18324521	0.93691945	2.4160913	12173.204	57.27232	47.307389	0.31909971	0.0054359762
4525	5.020913	-0.89339451	2.339903	3313.2122	14.348013	13.6374	0.31709763	0.098019163
4526	1.5323274	-0.33614191	0.41867305	7943.1123	43.183145	17.970415	0.12201263	0.053275698
4527	4.8155738	-0.87912469	0.83504133	357.16859	8.7720948	1.6729141	0.12170592	-0.017104679
4528	5.783789	0.61017808	2.3860048	2430.053	36.373281	18.085354	0.0041497712	0.38024255
4529	5.0565021	1.0125752	1.2192834	3323.7587	36.256772	33.294795	-0.057304714	0.30771355
4530	1.8567013	0.61210276	2.8825673	7340.0543	21.649246	18.056502	0.11780513	0.0022797305
4531	4.9830636	-1.1322356	2.1048215	404.76987	9.3081149	1.6376316	0.15638962	0.071834029
4532	3.3882199	-0.39512057	0.69455147	905.82449	12.052373	10.527504	0.0044843526	0.067803934
4533	5.3267196	1.0203165	0.59016477	1887.5461	12.406864	12.346601	0.20646227	-0.0023034447
4534	5.2344276	-0.64774712	1.9662282	1799.055	14.943591	10.748024	-0.0084867988	0.18293018
4535	1.9926201	-0.53958284	0.4051814	790.01217	9.4582685	9.3647624	0.017039973	0.49729468
4536	4.8863735	0.66770047	2.7607227	1015.5987	3.0587354	1.7896242	0.0042519768	0.16221014
4537	1.4584453	0.15918384	2.4257777	605.12258	1.8689391	1.7896965	-0.17248399	-0.19407303
4538	1.3963428	0.73857717	2.5311152	8828.1279	81.461632	71.443852	0.01586323	-0.050305875
4539	4.0870212	0.1689674	0.91055729	3377.0927	15.002896	13.262101	0.24759496	-0.08446091
4540	4.0328979	-0.65884052	1.6892033	1574.5337	36.050475	34.063822	0.50961196	0.2000519
4541	4.2412541	0.61015441	0.33289272	1454.0054	6.0600465	1.5545043	0.090053456	0.18496898
4542	5.3561626	-0.71335213	0.45825773	4986.4333	18.059975	16.06939	0.030182506	0.0066943185
4543	3.1817856	0.81327459	1.1672503	7091.5731	95.110271	71.172166	-0.022053156	0.088204541
4544	6.0791772	0.0020504498	0.64346176	8571.2243	77.367332	75.261671	0.0015945125	-0.11600087
4545	0.25348358	-0.50096872	1.2758387	1417.6722	38.973668	32.467341	0.010677099	0.25003997
4546	5.4286622	-0.52233064	2.0506879	4763.1859	51.586119	46.151409	-0.0034677359	0.30562085
4547	3.6455667	0.68230619	1.2608095	4209.4737	60.239672	58.223245	0.36190671	-0.089786676
4548	3.1443748	0.86052065	3.1295423	4847.4258	49.088594	44.230733	-0.011372429	-0.13778794
4549	2.123998	0.010824789	2.261227	1390.0164	29.628779	10.413987	0.32048783	0.0026420579
4550	6.242357	-0.36302397	0.78492416	3525.0581	56.276046	46.994552	0.062553903	0.064045393
4551	2.9868318	-0.64627571	2.7564365	3931.9102	14.446816	13.395246	0.50219858	0.044511029
4552	4.9235044	-0.82191006	1.8838927	7279.8263	76.650394	47.071701	0.085983099	-0.078112471
4553	5.6254187	-0.069896871	2.1840969	2693.0818	57.241889	40.560574	-0.053078836	0.15193481
4554	4.5711503	-0.58353342	2.3977837	17003.452	107.0835	106.68795	0.21978587	0.014961555
4555	0.53591828	-0.90562684	2.2945179	603.47591	1.4463572	1.42948	0.011845553	-0.036922743
4556	1.9393382	-0.17650478	2.4215582	3941.7534	25.417619	14.776306	-0.0020173641	0.11615546
4557	2.0437603	-0.034771224	0.09962428	7376.2592	73.493714	70.584863	0.0029782064	0.074660311
4558	2.483683	-0.35575776	0.85304673	7214.9835	54.093632	53.649611	-0.06612489	-0.044354843
4559	3.9056299	-0.23397268	1.2537532	2965.443	44.874896	40.489516	-0.15119714	-0.11851048
4560	0.31533901	0.083724352	1.9693631	1233.6084	31.285779	11.706913	0.03610463	-0.30154847
4561	4.9665175	0.38555951	2.64797	4707.1766	14.860378	11.117564	0.037452597	0.11716342
4562	5.3807447	0.40768312	3.0863056	1105.9476	12.992647	3.7426808	0.028561432	0.060931437
4563	0.87032949	-1.0200538	0.94891556	6712.2611	53.392923	36.976682	0.47727908	0.026371446
4564	0.92163872	0.14625716	2.3250397	5553.5249	65.814306	59.118336	0.016545569	0.10308016
4565	5.6106768	-0.60922579	0.6209888	786.00877	10.574248	7.6458534	-0.133711	0.010946315
4566	4.3099889	0.70577164	0.1112936	10262.513	66.790763	64.467915	-0.0022887447	0.26557949
4567	0.45709143	-0.069330925	2.9022034	10580.436	59.512295	42.031257	0.067181676	0.005961109
4568	0.087476371	0.1725412	1.468269	3735.1146	39.262515	32.45976	-0.019456566	0.19722964
4569	3.4767946	1.0628644	2.4837943	715.19259	26.046789	3.0692479	0.3357444	0.046422474
4570	6.0401118	-1.0551843	0.25806066	14920.25	120.36164	73.593089	0.19763806	-6.4407904e-06
4571	1.907319	-0.54434317	0.5753591	9723.3107	66.870583	60.276244	0.23357348	-0.01094132
4572	4.1539111	-0.79548022	2.901048	1572.4163	13.630657	11.59074	0.31753867	0.021981859
4573	4.3684962	0.44385042	0.075387004	5834.7918	82.838717	25.268349	-0.18648333	0.002907166
4574	4.2719371	-1.0928239	2.3150981	3641.1102	16.669928	13.48811	0.043140719	0.0077243337
4575	5.152467	-0.37439341	2.8524844	5332.9871	126.45854	59.93622	0.47701607	0.043114878
4576	4.6215035	0.85302981	0.13770723	395.62766	1.913536	1.7157236	-0.2087164	0.0047752132
4577	1.8547142	0.25447131	0.77421604	5545.4777	61.329269	22.881331	-0.053727041	0.36923617
4578	3.0238334	0.87235825	0.43311248	1018.3773	1.6463939	1.530303	0.027732256	0.0084250616
4579	2.7693992	-1.038857	1.8590027	1241.7867	10.520723	10.436103	-0.082420034	0.012170198
4580	4.1399931	-1.4144772	2.5253421	2801.6259	14.121384	12.863206	-0.071029671	0.047258467
4581	5.1024696	-0.63413014	0.89551903	6364.5945	56.080103	47.774066	0.077677157	-0.25309706
4582	1.0534704	1.3956435	1.9360227	4124.7755	66.904374	58.75867	0.32594954	-0.067579647
4583	5.1743375	0.5611959	1.142123	4255.1559	27.244152	16.009866	-0.040667132	0.5610375
4584	1.9773717	0.81582422	2.5318752	4462.4089	45.362422	45.112431	0.0090471123	-0.041540849
4585	3.3246256	0.43792555	1.9865259	3882.0758	46.894085	46.322003	-0.018833899	0.11667271
4586	2.933521	-0.88109771	2.6966428	1112.5334	32.568536	26.907276	0.022942925	0.0028414319
4587	0.87974167	0.38861722	0.67409306	1248.7087	10.931465	8.7298885	0.01602522	0.018749661
4588	2.7375393	0.15742383	0.35866803	5648.388	68.151886	66.252512	-0.057637084	0.049274145
4589	4.7737092	-0.44198699	2.3891572	3815.1402	53.439667	44.917147	-0.046296752	-0.23925342
4590	5.2108253	-0.56529191	2.0324542	2333.2737	12.930263	10.297789	0.070552868	0.16202752
4591	2.0546578	0.060593425	2.4577047	1224.8571	18.293303	12.064567	0.27167316	-0.062128713
4592	3.6865558	0.61419404	0.49909198	5776.7531	64.791942	50.246901	0.034669021	-0.3064073
4593	3.8157122	-0.78034219	2.6644207	1571.8832	13.336282	12.481693	0.075763681	-0.23773199
4594	3.0210491	0.11696089	1.829708	155.38883	1.6399245	1.2916485	0.040462934	0.015416755
4595	5.2996303	-0.57427541	0.83789036	1088.6876	2.5031261	1.6693485	-0.0077173818	-0.11830553
4596	4.6708882	-0.6023828	1.1691819	893.59299	9.4344376	2.9634743	-0.00065561519	0.13079665
4597	1.9281922	0.18434449	0.50992184	3774.3314	44.689506	32.111456	-0.25977933	-0.00016253431
4598	4.8820954	0.7598857	2.79911	1849.2737	13.017588	10.132723	0.04858891	0.051568068
4599	3.3271236	1.4093137	0.54703898	2795.9783	51.053089	10.805743	0.18578675	-0.22573346
4600	2.5023642	-0.9589443	0.52914714	14874.674	81.938788	60.267244	0.095251581	0.14864266
4601	0.46563402	-0.74231419	2.4581028	281.24378	9.2897715	1.9461919	-0.11735986	0.031898755
4602	6.1313044	-1.3343446	0.83157544	2085.9513	12.480491	12.388811	0.12542385	0.0060321346
4603	0.059878695	0.37452133	2.5765728	3280.0524	41.912997	35.22639	0.45485408	0.015064162
4604	2.9650921	0.17160963	2.4738822	2601.9198	58.413993	46.672309	0.12565706	0.032744893
4605	5.8002328	0.32242924	2.2059959	1156.9615	35.270688	31.835992	0.0011918177	-0.098908743
4606	5.3747793	0.27979822	0.40620603	4871.4633	32.747192	30.286439	0.028151522	0.043840748
4607	4.2381278	1.2813894	0.34495783	3044.7415	11.927104	11.410993	-0.078696541	0.0076554989
4608	6.0711625	0.26722261	0.33501952	3093.3117	39.402735	13.20803	0.46793993	0.21026298
4609	2.1574296	-0.93750125	0.32488681	4163.2396	35.479039	15.482806	0.0042131121	-0.096826367
4610	2.8766524	-0.63087745	2.2076874	5683.0331	29.300575	14.987868	0.071839298	-0.090445744
4611	3.9144385	0.45299488	2.96696	5844.6265	54.663603	45.921673	0.033951806	0.028057866
4612	4.4606704	0.57852419	2.0564084	1221.5903	21.81011	9.6250289	0.43216631	0.15352537
4613	1.8110786	-1.052734	0.67895603	1676.0785	13.978199	10.912232	-0.018341013	0.035073786
4614	4.5670144	0.50655009	2.1109101	1030.1824	37.116604	28.277876	-0.31549499	0.14401227
4615	5.8452049	-1.0647589	2.3775254	6567.3449	80.45689	76.453149	0.02789144	-0.057751882
4616	1.8542732	1.0760644	0.93565884	3670.0285	31.883692	27.692436	0.063784671	0.067592332
4617	0.49026803	0.14138456	2.3692463	739.46426	20.985159	11.27884	0.066319546	0.028881766
4618	1.9168111	-0.35391277	1.0680027	909.94635	15.009071	9.0144152	-0.0207752	0.29261428
4619	4.9437108	1.0440083	0.58152756	210.23494	1.5220361	1.3954682	0.011991113	0.04096772
4620	0.80415958	-0.86976641	2.6227539	3887.4789	42.244314	38.772526	0.074930581	0.030786088
4621	3.1737611	-0.69249878	2.2990433	2173.7712	34.852903	14.182028	-0.03885893	-0.18525846
4622	1.3446667	-0.80361723	2.1419118	330.15335	1.558529	1.2652314	0.035107674	-0.0055819431
4623	4.4500804	0.7895246	1.5236814	420.71585	1.7371396	1.4906687	0.064320959	-0.041096911
4624	4.4681175	-0.38833149	0.64977923	1935.2929	13.89397	12.801929	0.27367168	-0.39879435
4625	4.8411101	1.3641707	1.939758	390.03957	10.092944	7.2871836	-0.024034766	0.0033320398
4626	5.095742	1.0712069	0.13356455	14498.755	98.276046	77.577335	0.055922627	0.010937467
4627	1.9747232	-0.97132835	2.3374216	7026.0878	198.2231	172.26966	-0.027097069	-0.0084691738
4628	4.0672361	0.049751361	2.5822078	3402.8278	53.955888	28.924348	-0.017705897	-0.18175853
4629	2.3037977	-0.23542212	1.9697455	1751.0747	64.958264	45.679467	0.017579828	0.19156199
4630	5.4367214	0.25386538	2.6003318	2164.2778	47.770417	14.932534	-0.023561816	0.03081124
4631	4.3006193	0.3959894	0.48737924	6309.8005	67.777349	55.831902	0.13123831	-0.0055243798
4632	4.8104635	0.19388821	0.36169899	1174.924	11.355513	8.409606	0.0050408298	0.052328172
4633	5.3603424	0.84937099	1.2058893	429.68179	1.4952825	1.4592802	0.11581184	-0.033787726
4634	0.035968624	0.14201091	2.4197378	2140.315	13.740331	13.466149	-0.01154046	-0.21360972
4635	3.6050581	0.20801684	0.85832187	278.33721	8.0454811	3.5198474	-0.12279504	0.023349111
4636	2.022897	-1.1678378	0.2328935	1573.8761	14.275356	10.222853	-0.20608504	-0.15408925
4637	5.4420822	-0.18900517	2.6564894	1720.9019	9.8468943	3.2600934	-0.04010804	0.0075276049
4638	1.0168509	-1.0384451	0.52916052	12445.742	87.105703	82.09222	-0.0013089098	-0.051623417
4639	4.3382959	-0.011136422	2.3938362	8111.1732	81.646475	75.530857	0.023232094	0.16599281
4640	6.0215642	0.26495121	1.5354443	1609.6794	31.117842	14.739101	0.097056976	0.038429474
4641	5.9916351	-0.019489529	2.1915033	4027.4834	49.67362	48.575183	-0.0068520706	0.029249964
4642	4.0043024	-0.13077115	0.26858224	7626.3882	131.75305	30.474445	0.0018792322	0.032523563
4643	4.053079	0.64357889	1.6251579	492.23879	1.3759285	1.2888741	0.076526342	0.058338722
4644	1.754328	0.84224804	2.4208201	3019.6922	13.956351	13.80263	0.08153659	-0.073585499
4645	4.753324	-1.038312	2.4205579	388.75718	10.146001	9.7667362	0.14531903	-0.26955133
4646	4.2640221	0.018435269	1.8367041	1851.9282	12.225872	11.75158	0.089546022	0.34451233
4647	3.3868371	0.74771719	0.59651787	1511.1734	18.128941	11.814247	0.042326278	0.053910594
4648	4.9635336	0.51398966	0.99324305	169.70451	9.0454229	1.4060998	0.042221233	0.19627676
4649	5.9885184	0.74223178	0.99392555	497.98367	3.9961517	2.1128007	-0.037009276	0.041957963
4650	5.1722631	0.25314297	2.6814484	1045.3148	11.266601	1.4933374	-0.076302692	0.0030380828
4651	2.1028948	0.004016469	1.0752536	3697.4941	56.728112	50.060013	0.023458698	0.011173399
4652	5.9690801	-0.14924235	0.4998514	6887.8408	55.049388	19.055166	0.18465151	-0.028985392
4653	2.0160662	0.44387849	1.445217	984.03372	10.949428	9.9468924	-0.1153507	0.055632128
4654	4.6397573	-1.1632803	0.41714173	4917.8407	32.246491	16.050679	0.053420306	0.016270783
4655	5.9909652	0.36726717	2.3051291	3053.2111	43.504391	14.667313	0.038156115	0.28480424
4656	4.7395893	-0.12482754	2.9596078	11297.038	187.16004	83.857504	0.2542385	0.04879425
4657	1.2714794	-0.23075124	0.48589612	649.85228	1.5962079	1.4574065	0.006716944	-0.25156277
4658	1.5256355	-0.42430669	0.97409419	762.6684	10.235461	9.9184451	0.16548054	-0.0049616929
4659	1.8418589	0.70344952	1.791062	1103.0362	11.891122	11.729333	0.039272237	0.0017582307
4660	3.7600719	-0.37930829	1.5677428	4598.7867	51.039882	49.37692	0.10311032	0.055927158
4661	1.7996583	0.7508456	1.1870727	2024.5825	11.494566	2.9406815	0.38176459	0.037114958
4662	2.9336231	0.82755188	2.6733454	18038.393	93.463947	70.987642	0.41010581	0.024899488
4663	4.8072428	-0.97152599	1.5501805	511.64082	2.5446084	1.3260646	0.039714861	-0.10682643
4664	1.1505541	0.10223818	0.63496587	5972.1425	29.58899	18.463507	0.01092066	-0.061501079
4665	0.20471848	0.64590517	2.5594734	5284.0148	23.109159	16.691552	-0.020250607	0.23726044
4666	1.3316691	-0.69065609	2.1650754	3537.3791	32.953543	19.04246	0.047762602	0.0029287672
4667	3.3300788	0.95622823	1.1964882	1704.5405	36.98526	35.373681	0.47362175	0.089719668
4668	2.5721923	-0.10849869	0.44014068	3710.3325	36.338002	15.456981	0.011382838	0.0071685777
4669	3.529844	0.013944878	1.5925356	2288.532	20.562949	14.466326	0.084586923	0.041587998
4670	5.8727221	0.41425323	1.182494	140.85081	1.6555317	1.3128699	-0.0019500344	-0.20492855
4671	3.2617651	-0.75696282	1.9272882	644.36303	28.302497	10.144337	0.2181626	0.049873475
4672	1.615405	0.0894488	1.7542434	1250.4659	91.357842	60.420989	0.0032500947	0.078882261
4673	0.41508273	-1.4656169	2.058417	546.33396	2.4447476	2.1067083	0.044165431	-0.19130867
4674	3.6451491	-0.84333011	2.5049777	2142.5638	13.245519	11.862703	-0.032537977	-0.017122468
4675	2.0293873	0.61456068	0.49940623	4321.4256	91.335034	40.588962	-0.13642665	-0.10231218
4676	3.639832	0.25565947	2.9601666	2117.7328	12.961489	11.600479	-0.2232171	0.18107116
4677	1.9900912	-0.64068998	0.77647082	796.50549	2.3993796	1.9059451	0.2320152	0.14773731
4678	0.32001113	0.6063072	2.4443252	13213.355	72.203273	67.968274	0.055649532	0.016549337
4679	5.799425	-0.68471613	2.1307265	1107.9374	37.528335	3.8801277	-0.043441897	0.073282211
4680	4.0562324	-0.45680935	0.90423589	194.40657	1.3507389	1.3207488	0.13504978	0.019929462
4681	0.89970387	0.29860839	1.128824	658.40958	8.5031347	6.0734264	0.43686593	0.010741055
4682	4.5270677	-0.38705379	2.5114384	1187.3234	11.864946	1.8819413	-0.4871465	0.0066064522
4683	1.7527737	-0.76335265	0.37913189	9452.0452	84.930511	47.969267	0.04238309	0.028903094
4684	2.279218	-1.1273404	0.5488066	6324.3481	59.853348	39.86336	0.034773891	0.02428428
4685	2.6584457	-0.68302057	1.5389602	757.69564	42.326624	39.539927	-0.021668422	0.00010043095
4686	3.6913491	0.82096264	0.68915608	1439.029	14.169417	10.799389	0.18309152	-0.12534394
4687	0.37367205	-0.35534645	2.2234676	2796.4014	47.926197	46.152696	0.11280675	0.068753414
4688	2.6282129	0.11816206	1.3920326	1965.4177	30.417794	29.421091	0.25013782	0.081512258
4689	0.69000211	0.10718599	2.6104191	13231.841	93.830651	81.760243	0.049571006	0.018022105
4690	5.0487891	-0.15137201	2.1148153	2982.1527	35.592415	35.103585	-0.084435904	0.031044259
4691	0.96509937	-0.10783343	2.9126213	2744.0517	13.116735	12.20906	0.13420032	-0.0011984424
4692	4.5612835	0.28963059	1.1526703	3349.7205	26.054959	13.736604	0.21685493	0.014348277
4693	0.26006177	-0.90979154	2.7710171	2707.5004	13.352182	13.068801	0.32265552	0.22438702
4694	2.8860116	-0.95921813	0.57186498	404.4288	8.8305159	7.2828572	0.0093959223	-0.2143153
4695	1.8466285	-0.091313096	2.780274	2447.2136	14.521013	5.3802544	0.18093417	0.43042221
4696	0.29803546	0.81259716	0.85783344	6508.1741	63.074563	45.994636	-0.56384397	0.11463437
4697	0.57730991	1.0594155	0.46703184	9711.7365	64.105614	51.977255	-0.051367702	0.2471288
4698	3.7213377	-0.76401763	2.3380981	1687.2762	10.992766	2.2444032	0.26983665	-0.088790615
4699	1.519482	1.2749154	1.1543705	1580.451	30.643124	24.28001	-0.023046357	0.10061452
4700	0.8074853	0.26948537	2.4503465	1795.6213	13.500949	2.3433182	0.014885724	0.081889069
4701	3.2710516	-0.1752072	2.7774203	1352.8901	11.825545	11.543812	0.058274431	0.0045009143
4702	1.4014446	-0.17111819	0.5347857	2140.4727	25.939914	19.414556	-0.00793112	0.066572294
4703	1.2199638	0.032448175	2.5564135	4848.812	54.183281	18.085641	0.82535697	0.34032262
4704	5.9224418	0.41017635	0.2308963	7296.8626	73.72903	60.983525	-0.037793586	0.022915471
4705	4.1704634	-1.0724504	0.4856263	1352.4637	3.932038	3.0389233	0.059387074	0.062983148
4706	5.2458212	0.97546698	3.0029379	434.52716	15.954159	14.105149	-0.039708968	-0.32072578
4707	0.030392891	0.93707243	1.4594145	1842.7498	38.798861	23.777944	0.052215608	-0.025710082
4708	3.4653266	0.86238451	2.5399799	8397.0552	43.571293	17.665663	0.22169451	0.15057856
4709	5.6107389	-0.73728008	1.0570637	606.86747	9.784485	8.9502115	-0.023120149	-0.045453688
4710	3.5903803	1.0183258	1.1871066	3430.0909	50.525509	46.298717	0.073454454	0.004010291
4711	1.9373544	0.18911165	0.8375455	1325.1681	38.821767	35.339151	0.11605292	0.064455725
4712	1.2640858	-0.055759219	2.9965896	12804.785	105.77057	90.979682	0.17665611	-0.21348254
4713	0.88920723	0.6804206	0.5200973	1339.1371	8.4578148	2.8196232	0.04851432	-0.23868738
4714	4.4362614	-0.98686525	1.2480114	2256.9481	49.409093	49.392342	0.079017908	0.00605241
4715	3.2732094	-0.15449154	2.439555	2535.1599	39.325951	33.296987	0.031262206	-0.02728377
4716	0.61441302	-0.36351797	1.886769	1389.2853	37.66186	37.516991	-0.067817327	0.38980344
4717	4.8495105	-0.69563194	0.84549572	2946.9451	42.331999	42.153226	0.090887168	0.11900726
4718	5.9190655	0.75748232	0.74126579	2222.3853	47.020426	36.299053	0.0049973111	0.016823292
4719	3.805456	0.1925095	0.23247938	2660.1128	14.826953	13.397948	0.14767174	0.01714554
4720	4.404204	-0.058176912	2.5896571	823.38795	8.6963079	1.6694228	-0.13053136	-0.042962302
4721	2.6220329	0.48121499	1.6185124	2799.0243	73.894928	72.759483	0.084867994	0.11362936
4722	3.6090188	-0.68485778	1.018609	3825.8514	15.174484	13.722409	-0.010681666	-0.15175862
4723	0.30161152	-0.64953801	0.99125944	1704.9734	13.394938	10.721302	0.02221276	0.41060165
4724	4.9825042	-1.0886194	2.7933913	1068.6606	11.939773	1.7033357	-0.048024888	-0.041987978
4725	1.6098437	0.14625536	2.7088828	321.41717	1.9466009	1.7454471	0.084390358	0.1196799
4726	1.6335483	-0.85855199	2.6162658	3604.1431	14.117911	5.2886193	0.01602523	0.15167204
4727	1.367173	1.1724078	2.6619053	1339.6405	8.9713948	1.5942747	0.097337586	-0.04477444
4728	5.8800753	-0.43799511	0.51338033	461.60738	2.5317591	1.4735477	0.12018293	0.18701843
4729	1.8318576	-0.069701183	1.0885711	459.29541	5.9014419	1.7997822	-0.12681736	0.054704619
4730	4.323829	1.3712618	2.6466369	2981.1989	13.209034	12.027212	0.013651636	-0.092656104
4731	1.7887534	-0.58514569	2.2147329	5733.4723	79.238245	62.319072	0.0036397275	0.076861825
4732	4.299744	-0.058916235	2.5250178	3011.3751	29.838003	11.708535	-0.1460818	0.086075708
4733	1.0526613	-0.77269656	2.2822369	2044.7977	48.972247	11.770284	0.016952808	0.17416817
4734	1.1105351	-0.31473841	2.8011342	2974.8243	75.388492	39.495645	0.26237884	-0.28046133
4735	1.6392911	-1.4590353	0.88944488	2613.4161	11.478952	11.452614	0.089881025	0.10768353
4736	1.5145784	0.29852046	2.0084944	1371.9573	10.699024	10.447055	0.30008693	-0.035293778
4737	3.8132877	0.78742971	0.91795327	3025.0709	41.745373	5.6198041	-0.039404927	0.35622755
4738	4.8127784	0.072237734	2.0288033	1367.962	22.218982	11.1593	0.15097974	-0.046411127
4739	0.66978089	-0.064132858	2.7586261	1589.143	21.008271	9.931609	0.0024128677	-0.24969216
4740	4.6238643	-1.4084424	2.7505469	13369.277	108.49124	70.304847	0.070178691	0.0047560312
4741	5.3952632	-0.073748654	1.0462833	721.9075	41.138287	10.958783	0.21852074	0.10512237
4742	2.0585484	-0.30693859	2.1544066	1442.2556	12.190421	9.7870283	-0.022751207	-0.01505857
4743	6.2431813	-0.54773412	2.3509372	5644.3646	62.068464	29.064891	-0.081600596	-0.0086830863
4744	1.8475153	-0.66180188	0.7507246	3116.1353	31.439211	29.794364	0.38481959	0.073977994
4745	3.1678977	-0.83334225	0.44729944	1348.585	8.1573328	1.8811622	-0.027687507	-0.017620254
4746	3.0783316	0.1478944	1.845443	859.1936	11.79793	11.14446	0.06471337	0.010062252
4747	4.8469274	-0.63248596	2.3217455	8778.8585	105.45797	68.669882	0.16458783	0.010710423
4748	5.2149085	-0.48232104	0.31624673	917.42637	10.576036	5.0915921	0.05931522	0.01718523
4749	6.0829471	-0.71918469	0.52666436	2895.946	12.935106	6.743943	-0.077973268	-0.21181115
4750	3.8592735	0.16055622	2.0237939	1941.6247	12.526319	10.697401	0.045547473	-0.032575593
4751	3.5815837	0.92796371	2.7227271	16409.142	108.63983	74.004856	0.17522135	0.098154155
4752	4.9668952	1.1436371	1.0404999	2076.5823	31.104853	30.749037	0.013399145	-0.0068302637
4753	1.889993	-0.94893169	0.87151313	782.75412	11.171358	4.5513068	0.087344824	0.083940122
4754	1.1712407	-0.11587156	2.1670707	560.01044	10.546015	10.357258	0.070723404	-0.1689266
4755	2.9894817	-0.40560089	2.0403462	1598.3555	26.473048	12.22235	0.33595353	0.043430983
4756	5.6391437	-0.12489281	2.49691	3280.3368	13.809347	13.554643	0.3958939	0.013957414
4757	4.5264092	0.066223512	2.2059671	4493.2704	55.550777	20.536794	-0.022554393	0.19592897
4758	4.2119529	0.16025751	2.9923925	4797.2213	56.364809	55.088957	-0.019145209	-0.014551317
4759	0.040698811	-0.81049656	2.3267836	7427.5846	72.467005	53.437124	0.039546435	-0.008204958
4760	2.9026641	-0.60138309	1.4263418	3183.6224	49.779492	38.430232	0.023793219	0.0093801267
4761	4.2146881	-1.5028091	0.43444228	6949.8492	61.208453	42.591275	0.3978957	0.25412579
4762	5.8734359	-1.1494878	0.28143912	1998.0049	12.186679	11.293464	-0.59484099	0.021621381
4763	3.5389917	-0.24353522	2.8287025	1803.8628	13.176264	12.222484	0.3038213	-0.0046523773
4764	5.3302086	0.92571096	0.98956724	4653.9735	61.130557	54.054544	-0.11660843	-0.24598148
4765	3.6312133	0.20804043	2.1128054	850.20628	28.912151	28.389274	0.028512877	-0.002209839
4766	1.0380135	0.98108054	1.0140844	493.63292	10.171695	1.3526813	0.45998719	0.024827152
4767	3.8607468	-0.44391554	2.4748618	12730.335	90.382539	83.380696	0.10077789	0.092360144
4768	1.9523441	0.48009621	0.59991814	876.51494	8.5734836	1.8752213	0.29882197	-0.12179083
4769	1.253607	-0.79839287	1.3565764	9346.4691	94.11646	75.249329	0.12676253	-0.027423448
4770	5.0816161	-0.84425787	0.28798476	1469	12.956029	10.229564	0.075737344	-0.00011683626
4771	1.3844564	1.1717914	2.4564252	3265.4606	20.720003	12.80492	0.10625711	-0.022920437
4772	0.26568933	0.28067837	0.27612822	5964.9952	61.831508	56.300667	0.030356208	-0.026374592
4773	4.1227286	-0.024369168	1.4991062	1342.7016	108.92238	37.398784	0.25595052	0.0079588108
4774	2.8838563	-0.13139521	2.0040786	1528.072	42.085115	12.473577	-0.031435216	0.036289834
4775	0.28752565	-1.0402862	2.9875801	4294.9239	37.351394	12.334534	0.052151227	0.0074878886
4776	0.81302122	-0.96058877	2.2770261	1480.9964	10.191138	9.8900971	-0.013220222	0.072151074
4777	5.7492726	-0.90110523	2.3043079	1915.8864	23.863262	13.631473	-0.70447149	-0.00063553463
4778	1.8444118	0.38148264	2.9458264	784.38957	1.9276496	1.6526856	-0.0043287131	0.21548038
4779	4.3616535	-0.030173705	2.0529608	1334.1727	9.6151845	6.4108054	-0.23672459	-0.0012233015
4780	0.59459509	-0.55321485	2.5350751	1767.6769	12.895346	9.7998198	0.0002406008	-0.070854767
4781	2.6648908	-0.5308062	2.3211115	5345.9872	50.339071	44.788942	0.29761822	0.36137033
4782	1.1661155	0.087798598	0.48107165	5958.6896	73.772414	41.928886	0.050313265	0.013859011
4783	1.2262145	-0.19524628	2.1881801	1788.2848	11.058524	9.46931	-0.0018364662	0.26898486
4784	2.1441379	-0.11843601	2.1120952	4040.1666	70.254519	60.665051	-0.28463572	-0.1070321
4785	1.8031874	0.83806726	2.5317573	870.03968	1.6647343	1.4745309	-0.14934443	-0.0141447
4786	6.0005315	-0.26479146	0.93860694	423.80816	3.0414144	2.4720782	-0.04707809	0.27092636
4787	0.58088424	-0.48965214	1.8861194	876.55276	11.113032	10.963465	0.15477268	0.16113425
4788	0.5013552	0.37434706	3.0055824	18989.721	109.20858	102.49584	0.025787318	0.063626343
4789	0.24700068	-0.15782969	2.5392958	14407.095	198.01626	179.53763	0.18620102	0.129722
4790	2.5691239	-0.029612896	2.2305993	9170.5791	82.253629	70.241414	0.75431925	0.017541962
4791	1.6181569	0.45173565	2.3026392	196.004	10.654179	1.2291141	-0.023225145	0.020096901
4792	5.9767354	0.25864368	0.44941828	1539.1904	15.594286	12.308576	0.0047845301	0.020254262
4793	0.23136686	-0.64659059	2.2327039	4259.139	43.542834	16.426091	-0.078478816	-0.026129068
4794	0.85529539	0.13827074	0.90402177	2753.7364	55.31757	51.149209	0.10730834	0.1185984
4795	2.2682665	0.9643552	2.6390799	4549.8246	15.74006	14.947186	-0.063346302	0.090620643
4796	5.3144436	-0.15038095	0.9443316	1619.3714	12.844734	11.62195	-0.093370894	0.0043938861
4797	3.4372782	-0.30626846	2.0714506	3727.0784	54.940026	39.97143	0.13172868	0.19951808
4798	3.0109864	0.61119101	2.0379827	3385.0215	26.421942	22.259644	0.28409471	0.14329285
4799	1.2769437	0.13449795	1.652128	2023.5834	38.344617	35.876186	-0.29298044	0.30234899
4800	4.5618341	0.2505706	1.5851525	10276.82	75.742639	73.04606	0.15605333	-0.0045166779
4801	0.20829451	0.85269624	0.52305083	6879.0388	59.148657	40.543292	0.022248626	-0.0051805506
4802	5.1808247	0.035829595	2.5257339	4452.5633	67.194775	57.805088	0.12449731	-0.0079280114
4803	3.022717	0.96557397	2.2224131	13136.055	201.925	176.13085	0.13491744	-0.19750365
4804	1.620317	1.3411917	2.6200914	1701.3076	10.779602	10.433942	0.060258226	0.24970769
4805	6.0215215	0.59982914	0.70039051	873.40753	10.809879	1.6845431	0.17263781	-0.0019236673
4806	4.8439091	-0.068247854	0.96902414	2189.704	13.166382	9.3905585	0.1062106	0.058916971
4807	2.5538338	0.11235045	2.7773783	1485.0438	14.523183	10.449334	0.21924749	0.73403375
4808	3.6468661	-0.77260945	0.49212928	11935.663	73.379682	54.956245	0.61391347	-0.20789525
4809	3.543563	-1.0965988	2.672026	4788.743	32.932527	30.643175	0.27377072	0.028064525
4810	3.7307398	-0.98151421	2.874697	1693.8747	12.898663	3.7541086	0.038253051	-0.096517574
4811	3.8133683	-0.083689393	0.40249975	1848.2888	11.088736	10.813228	0.025045236	-0.14491134
4812	5.1215664	0.58048574	0.63115003	2748.6034	13.408572	11.245893	0.12545646	-0.012378317
4813	2.0594522	0.36207664	2.8089139	3166.8559	35.726773	15.07571	-0.0029270755	0.021329283
4814	4.8884742	-0.31764131	2.7903726	6760.5222	57.770682	50.804963	0.097534199	-0.25775852
4815	3.1019425	0.23255125	2.7665043	12368.254	117.02502	79.697166	0.03184806	0.086453678
4816	4.9329335	1.1653671	2.2299754	6121.7214	72.696626	52.71375	-0.43696563	0.28703656
4817	5.5464964	1.3008472	1.1982089	1741.944	11.466818	11.079694	0.015624677	0.19954499
4818	3.1500779	-0.41411048	0.46298632	1774.9192	11.797964	10.440913	0.14438145	0.037389939
4819	5.700264	-0.55914911	2.316621	976.29735	34.977416	18.080812	0.11260196	-0.34995355
4820	5.1088876	0.54496683	2.2722023	4349.2242	56.008381	48.889806	-0.048286477	-0.063801172
4821	1.5322586	0.39449544	2.1300695	1429.5866	22.343178	5.8429306	-0.021155508	-0.00032954791
4822	1.862093	0.20166292	2.4732866	4775.0916	50.795109	45.425503	0.033793052	0.23764165
4823	0.3001112	-0.54797172	0.068041869	2072.8785	12.113999	9.9427924	0.68357901	0.075305498
4824	2.0240964	0.24330743	2.2494818	18662.65	126.09551	106.70266	0.15753057	0.04907252
4825	2.6180209	-0.77113084	0.87746506	270.2896	1.4917756	1.456143	0.0019195598	0.024285024
4826	6.0765178	0.36986571	0.76338702	3063.8438	52.635477	48.2851	-0.29998131	0.016194707
4827	4.0199301	-0.75419236	0.92985233	1579.0664	24.187993	13.163158	-0.15061362	0.023981914
4828	5.481585	0.46419213	1.241258	2335.0259	21.370951	10.498975	0.026597075	0.376645
4829	5.2281297	0.67832371	2.9603069	9391.8417	22.981871	17.698028	-0.080927611	-0.056449528
4830	1.4220097	-1.2124782	1.0482335	3847.5627	52.17265	42.67196	-0.09321663	0.00050003307
4831	4.3877419	-0.4311264	0.81633835	8823.5461	78.385064	77.912105	0.020375498	-0.093841952
4832	1.9816342	-1.0282385	0.5631523	3922.1374	60.629738	44.918049	0.076994578	0.033681016
4833	2.336978	-0.26617111	2.2094332	2503.175	61.659271	52.510087	-0.0095525529	-0.16713012
4834	5.5709767	-0.60087552	0.45287553	666.90634	10.78835	1.3773161	0.015150101	-0.20932971
4835	0.30029941	-0.51871706	0.98719243	1868.5967	11.103376	10.078069	-0.17106616	0.24238623
4836	2.3019021	-0.081482342	0.39811987	1809.1031	21.768602	20.815122	0.01836246	-0.040102712
4837	3.7827549	-0.57020644	2.5231952	5540.9387	27.170282	17.016053	0.04211275	-0.011340733
4838	5.0221666	-0.74702943	0.28364458	6746.7478	60.186788	51.200426	0.036704842	-0.10633559
4839	5.2812631	-1.044071	2.4680142	3029.6882	57.876664	54.304396	-0.0037258181	0.077308158
4840	2.0995258	0.4749086	2.796623	3034.3191	12.726279	12.147538	0.041533524	0.17908297
4841	4.8590081	0.8053566	0.2001338	915.7103	36.889631	1.457276	0.04464404	0.0043514836
4842	3.4716209	0.24492542	2.839865	6293.0563	53.910202	51.607559	0.12411365	0.047671766
4843	3.1712655	-0.58161215	1.0445372	2630.2309	56.038817	44.162077	0.1034536	0.19184025
4844	1.2056402	1.0913751	1.5926416	2194.2991	76.253718	31.842863	-0.029375091	0.32746338
4845	5.1394272	-0.40320027	2.5061137	1710.2382	13.129453	10.388577	-0.016142711	0.20484759
4846	0.50256715	0.42215153	1.1583655	898.22605	10.630441	10.061104	0.0045467309	-0.086493371
4847	4.012056	-0.015193694	2.1712589	2633.1579	15.141017	14.012819	-0.039091048	0.060900452
4848	4.8860381	-0.14524071	0.20129301	2415.2538	13.849578	12.094337	0.014334379	0.083513382
4849	2.0404666	0.24467128	2.2685682	3151.5193	31.582277	15.830856	0.20141945	0.14131732
4850	4.3049498	-0.66738536	0.88444516	8402.9473	72.5744	63.038248	0.21915149	0.21869321
4851	3.5721357	-0.0081615959	3.1072832	8068.4345	72.601329	53.908261	0.16040944	-0.026105656
4852	3.9648326	1.1499004	0.5217395	800.27979	2.7266455	1.9233633	0.0012060324	0.054004328
4853	3.5747128	-0.29500815	0.76710068	4450.4387	60.506838	55.696913	-0.30714287	0.072739342
4854	1.5632658	-0.79385315	1.0193334	2683.9658	14.858089	12.892122	-0.0047374768	0.012079464
4855	1.7767873	-0.13920037	0.47439683	1038.8105	14.712546	12.420895	0.13738488	0.26777038
4856	4.9135984	-0.17888803	0.28693883	3792.7732	14.500191	14.093116	-0.097060104	-0.15857109
4857	5.6016074	-0.95639435	0.18318483	5284.9228	69.421807	64.812988	-0.23341293	0.11234399
4858	4.8279523	-1.0896117	0.50937219	2603.0967	13.451293	11.755035	-0.036687999	0.038716183
4859	1.3200278	-1.3524782	0.60334189	1364.2487	11.58055	8.2251095	-0.012606057	0.026806732
4860	3.6225574	0.20112406	2.134323	6857.4451	60.841401	53.472417	0.010282996	0.13482511
4861	1.8439086	1.3103602	2.3044461	305.30071	10.197318	3.942621	-0.0021599707	0.01601906
4862	4.8419475	-0.97928011	0.53372291	845.63109	9.4394668	9.0292617	0.084273239	0.14197739
4863	3.2420687	0.36214356	0.98963817	1369.4785	10.618363	9.9223425	0.011379481	0.0062006315
4864	5.4897447	-0.28676183	0.57367282	2064.1399	35.962788	33.25428	-0.039626905	-0.061512371
4865	1.6238469	0.80679236	0.86775427	609.35306	1.423888	1.3855495	0.013243173	0.246572
4866	4.8711233	0.67738598	0.31460209	2283.9465	13.79447	7.03048	-0.088063003	-0.55560356
4867	0.32512396	-0.54633258	0.74733563	2393.2415	53.650778	48.313996	-0.071363655	0.02790588
4868	5.2964848	-0.20346614	2.525983	858.22706	9.973702	1.5951314	0.25100862	0.059155278
4869	0.50167923	-0.047361094	2.2877503	519.54764	9.0937684	8.9049765	-0.28566477	0.11352943
4870	1.5105185	-0.81479961	0.75912672	4890.4332	72.048148	36.722051	-0.09364806	0.070310542
4871	3.5346405	-0.03865754	2.6575798	205.92572	1.47189	1.4530797	-0.068567688	-0.024731454
4872	2.0539753	1.1247904	0.40139273	1937.6065	12.049523	2.730933	0.047202519	-0.12721813
4873	1.1728053	0.38611284	2.2898814	4419.5326	59.552696	46.537902	0.058139914	0.076417286
4874	2.4861592	-0.39698074	1.9891917	15879.151	107.9636	95.727094	0.11478803	0.28074114
4875	2.1758834	-0.76709521	2.1745163	3374.365	14.8938	13.737219	0.044958529	0.29323363
4876	5.5163733	-0.45548671	2.5133458	6058.5135	43.87742	17.025546	0.51083548	0.13876485
4877	2.6225148	0.6805975	0.74204168	3886.8647	14.289609	13.494263	0.058150168	0.015861033
4878	0.28330754	0.14210879	2.1161416	1842.625	43.436781	10.76852	0.010829283	0.019018252
4879	4.9555429	0.5971098	2.0289626	6407.81	58.074181	57.714423	0.14319557	0.10488217
4880	0.37518718	-1.1131723	2.9830519	7603.0459	23.425082	20.285559	0.0051405342	0.10247057
4881	0.33022072	-0.09570695	1.017055	91.741005	4.1737932	1.5883321	0.59591094	0.01806763
4882	3.2751139	0.54600411	0.276011	10101.719	80.672435	69.185606	0.40831676	-0.013559319
4883	5.3847261	-0.048343215	0.98806789	1365.1134	34.301569	11.705392	-0.01387152	0.13977977
4884	0.84916783	0.34839472	0.81896472	3001.7417	15.049709	13.329056	0.35377849	0.00794635
4885	1.6844257	-0.58047225	0.73000904	2246.1337	30.793886	5.4356629	0.38240946	0.089686082
4886	4.8463831	0.68310934	2.4611651	1188.714	3.0002111	2.2872474	-0.018425565	0.17449026
4887	4.1286981	0.64855028	0.91805384	462.24051	19.027343	11.161073	0.11905699	0.10623132
4888	0.1978352	0.058372097	0.82267777	2112.0668	14.158199	13.276446	0.023979889	0.30969349
4889	6.1405432	0.10626306	2.7112264	172.28494	1.4184921	1.1998711	0.083719858	0.048061887
4890	0.026841343	0.55720826	2.5689904	1121.8684	7.7059083	1.7098749	0.049721837	-0.0044396998
4891	3.7593123	-0.19226914	1.6707569	954.29785	40.537462	29.492893	0.13172868	0.19951808
4892	0.18542315	0.68253567	0.37999434	1795.597	5.0549828	3.6687144	0.023439392	0.11562413
4893	2.0371409	0.46148107	0.6296672	7010.5876	68.144876	40.270916	-0.0092058927	-0.0084973775
4894	3.5906139	-0.54242019	1.2320446	3975.4454	54.898535	18.516908	0.008470795	0.084706093
4895	3.6185631	-0.95052133	1.0604518	908.34393	11.359652	7.4422828	0.062634637	0.040848377
4896	6.2101883	-1.1367897	1.836733	1268.8569	37.747279	10.570663	0.025308198	-0.0023673448
4897	1.8942921	-1.1478324	2.4891514	844.09769	2.9070951	1.8960231	0.2074635	-0.10309617
4898	6.2615388	0.061375404	2.7602759	265.4829	1.5578847	1.4544879	0.18918118	0.062840152
4899	4.3895054	0.23434631	2.0733252	542.81635	9.3929913	1.5079672	-0.017758961	-0.12849012
4900	3.4192877	1.0712697	0.96461029	351.04936	1.7072179	1.6264433	-0.33304793	-0.03175451
4901	5.3744562	1.1252582	0.028455142	11708.986	39.527986	37.887982	0.73543825	0.13645269
4902	5.3659297	0.33684598	1.4977994	1696.9727	49.00797	37.56392	0.090425952	0.045652151
4903	3.2774956	-0.80090201	0.48347674	6133.5488	22.753319	18.106007	0.037876482	0.16491593
4904	1.4231313	-1.1746792	0.56026787	17727.596	304.56619	129.65591	0.10191458	-0.020525357
4905	0.032712879	-0.24164007	2.8124848	989.58456	2.545605	1.5621855	-0.065876279	0.157072
4906	3.1952157	-0.9443301	0.27740408	3253.6031	13.947032	13.369409	0.21512083	0.0073152613
4907	3.2272417	-0.76571998	0.19539553	7132.4295	69.524384	61.703335	0.18907766	0.19480421
4908	3.1449832	-0.55243769	2.117502	830.22056	17.65854	9.3372338	0.053078785	-0.065291863
4909	0.054412758	-0.12813792	0.36500195	6327.941	65.049981	18.798286	-0.042716321	-0.021390072
4910	1.7336584	1.2229658	2.339303	1407.8988	21.458594	10.247796	0.017053222	0.009667984
4911	4.6833475	-0.39041642	2.5286352	548.23959	28.49448	19.037164	0.12146397	0.039125567
4912	2.4804834	-0.098091907	1.293665	832.28087	10.835095	10.01384	-0.052193213	0.16576256
4913	3.1312709	0.42237526	0.66684192	1490.5517	22.430893	12.394876	0.046685533	0.093810357
4914	0.71903474	-0.74910384	0.25339881	3561.9495	40.605718	24.810711	0.10565989	0.015163111
4915	1.6856538	-0.75665823	1.5436333	910.112	9.9766501	1.5086886	0.014247029	0.26338079
4916	1.8639984	-0.38656018	0.91177306	3376.5033	51.267873	22.269445	0.23317765	0.071469407
4917	2.1279092	0.55826012	1.377848	2270.8661	134.87732	107.14511	-0.14510697	-0.051293965
4918	0.99537959	-0.90661017	2.2568323	13665.299	92.95484	91.683181	-0.14647517	0.28158361
4919	4.9419933	-1.0508252	0.76889838	2181.4854	12.838843	12.072593	0.0054943734	0.084212993
4920	4.8906563	-0.83823827	0.075488624	976.04367	19.045651	11.709768	0.092126909	0.007036148
4921	3.6421157	0.32838376	1.5245518	4674.0438	84.767439	64.369614	-0.12085711	0.12896192
4922	1.3635693	0.17183347	1.9055746	2026.1778	53.400953	45.959733	-0.071639004	0.23179374
4923	4.5708733	0.98661396	0.56975152	282.07362	1.3161229	1.1830683	0.00034560178	0.17475266
4924	5.3408331	0.36613492	0.70483759	583.98981	1.6796807	1.6117289	-0.20500363	0.05800776
4925	0.74601616	-0.65096683	0.76204164	3200.5795	48.097766	38.408298	-0.039390591	-0.14648775
4926	2.4077505	0.63600216	1.0893979	299.56994	8.3166769	2.5631921	-0.033135781	0.1723221
4927	1.6796026	0.83733185	2.6270426	1467.3502	26.127105	11.658248	-0.096945003	-0.01262664
4928	1.9068065	-1.0013667	2.3625893	2615.3814	48.735457	31.83932	0.064316335	0.028074997
4929	3.9170838	-1.0980057	2.7290366	3349.2979	13.175316	11.703199	0.057898202	-0.17338514
4930	5.4931992	-1.3567655	2.2326263	3974.4677	15.109292	14.300042	0.22058648	0.0023156526
4931	0.48798245	-0.8391892	2.5818128	3126.8319	45.827074	41.486026	-0.010909373	-0.10106551
4932	4.461239	-0.17754183	0.80686374	2497.9635	17.813215	12.384624	0.21429206	0.17456215
4933	3.5585942	1.4054017	0.24468464	440.5751	2.4057212	1.8632008	0.093985895	-0.15990728
4934	2.1840546	0.86366723	0.40695325	379.4195	1.9314606	1.4309651	0.0055249569	0.066387903
4935	4.9477104	-1.2661963	0.32728387	8868.0092	60.332075	54.806594	-0.40048424	0.00026735805
4936	4.5065633	-0.73534856	1.7994325	1193.222	13.745962	12.775607	0.040783309	0.23986092
4937	0.26757631	-0.11332656	0.57022835	585.14587	4.0373228	1.4603358	0.11074103	0.075862141
4938	0.62077586	-1.1509887	2.852401	2690.1347	13.496151	12.51258	-0.17452217	0.28116747
4939	3.6432908	0.83931734	1.0049366	7334.7035	76.983172	63.710922	0.036503914	0.21018578
4940	1.8878055	-1.0299496	2.2448671	7758.0557	82.760768	75.472626	0.0053074675	0.055690172
4941	4.0622172	0.60462284	2.1554085	2108.8153	10.749805	4.344212	0.2205004	0.021413326
4942	3.839573	-0.60575849	3.0499143	1321.7715	12.130816	9.8497689	0.1762454	0.043932606
4943	2.4490423	1.0455638	0.67246594	7013.5609	60.49647	45.905913	-0.016065938	0.033926164
4944	5.2440012	0.9712351	0.14374206	4270.156	55.532029	33.30763	0.59000338	0.53852773
4945	0.42029211	0.86229999	2.6452459	1042.1342	1.9351991	1.6847238	-0.0018781453	0.073959018
4946	3.2550286	0.53595753	2.6074313	5130.7398	19.439869	18.840362	0.10498605	0.23474878
4947	5.5819263	0.26324861	0.87696559	4422.0794	77.547956	15.911853	-0.0040467991	0.1055549
4948	0.61989761	0.37781398	1.0753115	1363.9411	52.866753	28.773338	-0.22610769	-0.036275279
4949	6.2500889	0.77078053	1.2397794	1479.1165	12.432193	10.678664	0.0027188693	0.1307451
4950	3.6696778	0.96092737	2.956367	8636.4773	75.305991	52.029422	0.1199131	-0.091080654
4951	4.7973708	-0.58887095	2.3752737	1241.854	15.325231	1.8114956	0.048397019	-0.23740743
4952	1.4135498	-0.53194333	0.48668649	1959.0478	54.248608	11.694397	0.036457001	-0.49346945
4953	6.072691	-0.44510766	2.5050193	3238.285	14.343059	11.243116	0.051072677	0.10239138
4954	6.2325141	-0.91282547	2.4613778	2806.1111	47.976269	44.913797	-0.015375108	0.0030550155
4955	4.4905265	-0.30444877	2.488111	556.21595	9.2710061	2.3155127	0.014733388	-0.10315151
4956	0.24224833	0.82149909	0.48893705	9153.1306	74.711117	66.397849	-0.013170059	-0.32402473
4957	3.7474964	0.17524359	2.3412865	2600.9468	11.970668	7.6027742	0.20989023	-0.0010339593
4958	0.55280962	0.53351752	1.3132031	1297.5257	17.212001	8.4247554	0.034349353	0.21451111
4959	6.0911599	-0.69610697	0.6024396	2074.2796	26.987207	11.101529	0.21717664	-0.16602988
4960	2.3256769	1.1082329	2.8761832	2670.4275	13.598825	12.419247	-0.091987748	-0.029497603
4961	1.6687155	-1.0277459	0.39168121	2565.7636	25.708736	13.050986	0.16069245	0.006216086
4962	1.3277092	-0.048323335	2.6121391	6620.9775	57.192397	54.572586	0.011356334	0.51474636
4963	4.9495742	0.58962332	2.4272403	664.66569	2.0136359	1.3761719	-0.0010608253	-0.038521594
4964	0.15905054	-0.52414992	2.834178	7625.6943	89.325198	73.145109	0.033662441	-0.0014265575
4965	6.1175896	-0.94197395	2.8738004	3146.5107	13.261559	11.280523	0.045109866	0.0065100121
4966	3.1825168	0.58519193	1.1133922	5004.0389	64.197783	62.985989	-0.059473235	0.051748206
4967	4.9060256	-1.2046498	2.7904468	11812.708	53.70081	48.344429	-0.098114886	-0.11287235
4968	4.5820576	0.024401557	2.5833614	374.24714	3.0019436	1.4642233	0.2211277	0.01370752
4969	0.28625923	0.43456178	3.064698	3510.5798	13.727901	12.810894	0.02561788	0.021370114
4970	3.6563494	0.78905431	2.5063055	838.778	7.0242656	3.1365011	0.063593854	0.0012142385
4971	5.8580859	-0.33450307	2.3336606	1259.1715	10.726827	2.1431774	0.035026903	0.11819971
4972	0.51617977	0.65346836	2.348191	11804.392	159.81503	67.291815	-0.0027128321	-0.27607935
4973	4.2494765	-0.30489241	2.5786111	9775.2549	85.743074	77.289596	-0.066209705	0.029839671
4974	2.534779	1.1956186	0.8057994	1439.2077	12.086191	11.492785	0.30227002	-0.0027997083
4975	5.0862241	1.1259988	1.8441962	1900.0407	12.743239	10.738472	0.0045948319	0.023748648
4976	1.2875262	-0.011102046	1.9829257	579.88085	10.1468	5.7125996	-0.066280504	0.14299143
4977	0.045345768	0.094732064	0.94232398	684.99377	15.247344	3.1802793	-0.042796507	-0.0041010572
4978	0.48648469	0.19141922	1.8334923	1165.1131	38.631996	34.81576	0.077359245	-0.0088096613
4979	2.5409707	-1.4505275	2.1219741	3040.4702	47.58734	42.021505	-0.087573661	-0.03851257
4980	2.5584945	0.30972096	2.3382882	596.54967	1.7515294	1.6794434	-0.10567074	0.032684874
4981	4.5128872	-0.53589554	1.4033319	510.86724	27.357936	9.6860208	0.16681853	0.0080692802
4982	6.0861289	-0.43934008	0.65582156	6800.0428	75.029531	71.685506	0.27763037	0.043406746
4983	2.02753	-0.8947118	1.0681451	3340.0192	46.641285	35.033056	-0.084415401	0.011817299
4984	3.2479648	0.21190219	0.49727757	4041.5232	14.792516	13.579991	0.030009272	0.18754943
4985	3.5718413	-0.19024514	2.7954554	4383.2352	15.133094	13.224421	0.12796039	-0.065445927
4986	3.2411039	1.4194705	1.7045972	682.55141	10.409022	9.7872273	-0.18709498	-0.034676683
4987	5.4071306	0.53894195	1.5825989	2323.7248	70.955053	51.192985	0.02870716	-0.082990206
4988	5.787721	0.16121195	0.58767191	4257.6047	14.363148	10.763836	0.57035425	0.013685763
4989	3.1154386	-0.079173316	2.5828834	2019.4691	12.575593	10.163618	0.019812242	0.017878231
4990	1.4236731	-0.2346858	0.9308597	5207.2142	71.148459	59.772454	0.039945028	0.042881346
4991	4.3914012	-0.65007493	1.4229908	2481.3697	75.288906	48.802539	-0.018429813	-0.04518848
4992	1.4365133	0.23707968	0.83017977	6219.7502	81.55102	73.023623	-0.00030078458	-0.3449397
4993	0.021733978	-0.57480593	2.3335255	2273.9069	9.1187367	7.8665459	0.053545194	0.010230721
4994	3.2101533	0.27280997	0.15949826	5791.0109	63.301762	55.646003	-0.1006052	0.22734112
4995	0.48282746	0.39667534	2.6971864	1465.0741	10.896014	1.5569326	0.056637073	0.044594488
4996	0.65347397	0.26424408	2.3241497	1741.3272	45.994551	45.17125	0.073582687	-0.20714733
4997	2.5316867	0.3652635	3.0318778	6711.4295	56.929646	44.98034	0.011345124	0.041767331
4998	0.81741865	-0.81511453	2.7777711	10296.13	72.382431	71.898665	0.075275024	0.054456264
4999	0.77545053	-0.17770287	2.0023032	310.8603	1.8048684	1.7317253	0.025620113	0.072540054
5000	5.079789	0.58806895	2.839312	5616.5298	64.462789	50.664167	0.049527958	0.33349354
5001	5.7120645	-0.59052466	0.31339305	8400.9926	40.641283	37.587337	0.028151522	0.043840748
5002	5.3930429	0.21470598	0.42968243	2012.5487	10.300052	2.9441873	0.022874024	-0.033741666
5003	2.3759748	-0.51455317	2.4068659	3841.7062	161.9788	118.48262	0.20575718	-0.19544674
5004	0.27621153	-0.17956992	2.4478054	9214.1719	192.71368	166.19697	0.11407726	0.17067423
5005	3.3004701	-0.51702545	0.81236856	99.32179	1.3926925	1.2251648	-0.014881341	0.075021858
5006	4.1451893	0.76643947	2.8461971	6359.5341	72.439418	50.453763	0.040746509	-0.005891307
5007	2.7901468	0.94287256	0.74616858	711.95653	17.813645	1.7495111	-0.11914356	-0.053732752
5008	4.3788897	0.97624943	0.49249197	3236.9147	53.709912	14.420049	-0.090692329	0.03797306
5009	1.0602085	-0.12763724	1.9790025	921.65507	10.296972	10.196797	0.18862072	-0.068792354
5010	1.7484578	0.83462147	1.0529071	4285.1083	39.351067	32.570711	0.30285048	-0.019699054
5011	0.62000921	-1.4204336	2.7723962	1597.1861	40.292613	24.997827	-0.24233451	0.0047474549
5012	3.8374593	0.84740933	2.4454035	336.56085	1.6441227	1.5771443	0.1419735	-0.087290971
5013	4.8932156	-0.11101226	2.1749337	338.68513	1.9646138	1.8018653	-0.095395724	0.034911207
5014	4.8701218	0.94276526	0.44699926	9954.9188	82.156228	68.571928	-0.05630039	-0.010462927
5015	0.029240009	0.25507356	2.2341888	1125.0658	11.622207	8.5973626	0.028234937	-0.04489916
5016	2.2991294	-0.73906573	0.34382267	5921.3217	40.637621	38.482553	0.24653467	-0.11083255
5017	5.1174082	-0.80396508	0.56326359	1844.0147	19.974941	13.020507	0.44330249	-0.11221329
5018	4.1522707	-0.20236712	0.42777876	1427.0251	16.919335	11.502455	0.13794131	0.073856907
5019	5.5286651	-1.3045631	0.1946881	3418.3409	14.39878	12.752804	-0.022180998	0.077130347
5020	2.5933691	-0.49356423	2.4999613	3975.0106	21.242209	20.595109	0.029621722	-0.30519908
5021	2.6498173	-0.61364115	0.87003422	12239.585	83.965392	80.962502	0.057121292	-0.050450845
5022	2.5125525	0.81705625	2.4378908	2406.0481	13.270857	8.9143072	0.090596385	0.014078699
5023	0.12028456	-0.25230182	0.74000548	751.94911	10.300617	8.3202408	0.02150782	0.071345884
5024	3.2096624	0.75696734	2.818669	1683.4756	14.049911	13.832413	0.14977674	-0.021665205
5025	2.8444072	0.37587141	0.98371405	2068.5429	26.28744	16.333778	0.3596428	-0.025967419
5026	0.43179446	-0.39732538	0.63386664	1238.2866	31.169002	2.1291274	-0.13835234	0.056811075
5027	3.6644543	0.30068984	0.50983856	2820.155	50.199799	32.396021	-0.31614443	-0.017929306
5028	1.2019952	-0.52090971	2.3314379	826.02221	11.273576	1.6488459	0.21942951	-0.02747267
5029	5.9799569	-0.38364758	2.6970408	7934.2602	126.18252	82.234864	-0.031820693	0.073407654
5030	3.7534381	1.0266128	2.3671915	2085.4731	12.320217	10.610901	0.084410451	0.44035053
5031	3.6759111	0.86053151	0.77655756	3436.7499	24.329982	23.725556	0.11728218	0.14419912
5032	1.9981448	0.42354382	0.41768381	887.64722	2.497679	1.4674236	-0.0022501549	0.066676199
5033	3.3354861	0.85363279	2.1808913	1640.7729	11.684493	11.26365	0.017848671	-0.054495793
5034	4.2450386	0.1578805	0.53792063	1777.6089	30.779119	19.600885	0.13042284	-0.052456107
5035	0.91555365	0.14069836	0.5206599	504.17368	9.9598904	9.1477891	0.40398667	0.10202481
5036	0.68681903	0.56448937	2.9413593	664.90015	10.199885	6.5288477	4.2479172e-05	0.051840316
5037	3.7179522	0.11395171	0.88716162	4110.6388	23.034381	12.710075	0.38639905	-0.045505956
5038	3.2203335	1.1816222	0.15246465	347.36747	2.1046306	1.441963	0.035202386	-0.0054135121
5039	0.44616917	-0.66082637	1.4697937	3715.854	52.678358	48.762743	0.11465676	-0.024925242
5040	2.2581783	0.099118221	1.9719013	1709.732	13.330615	10.501447	-0.2283332	0.21606568
5041	3.1918323	1.0222978	0.88051499	7315.8187	53.510967	46.229398	0.075922738	0.032336351
5042	0.5743966	-0.19892619	2.4347073	1548.0004	22.26435	10.10424	0.10647556	0.11695143
5043	2.5510566	-0.37183119	0.60890132	202.99955	2.1999253	1.3272709	0.00013493591	0.067051164
5044	2.1516672	0.45316388	2.1339956	4252.4672	34.930541	31.369574	-0.4038029	-0.1390482
5045	6.1930686	-0.14416029	2.3333705	7269.903	165.85146	71.526556	0.021506714	0.16639495
5046	6.2129887	-0.58004346	2.0472292	2597.5709	14.068852	12.787638	0.032402074	0.053265131
5047	1.5166221	-1.0480315	0.35473671	7684.8998	65.837921	45.668173	0.067408824	0.19777469
5048	2.2488288	-0.5112125	2.3530331	889.35702	9.5004863	3.5746492	0.27965148	0.3608237
5049	1.8525213	-0.054801325	2.5869233	2079.235	13.005451	11.499553	0.20981415	0.14752992
5050	5.4191128	1.4122264	2.5020165	2008.6321	13.69724	13.274625	0.43209354	-0.060033134
5051	1.352736	0.66672744	0.680985	2999.5258	14.32787	14.019923	-0.032978919	0.085105813
5052	1.2371675	-0.14269607	2.0825741	591.81867	10.897901	1.8299882	0.21345525	0.029716934
5053	5.2292727	-0.3529511	2.6028769	3326.0777	29.181716	23.222722	0.22225122	-0.012084468
5054	0.44539114	1.2997589	2.9762411	1254.1171	20.979507	1.6413959	-0.043666649	0.000644501
5055	1.6716894	0.56466358	3.0097104	1738.3543	11.167319	10.707935	0.038929407	0.026861817
5056	1.4178483	0.40057204	2.4869657	739.41426	10.307395	9.5452761	0.1980883	-0.0051103154
5057	1.1665296	0.15906853	0.97840627	684.21656	1.6693199	1.3710904	-0.096089121	-0.029359659
5058	3.0193584	-0.20242805	1.279723	2857.8283	127.81676	84.484503	-0.042457253	-0.1100193
5059	0.82276812	0.2800397	0.6952546	4279.1718	26.530137	18.39853	0.1380447	-0.34225852
5060	1.6223272	0.65875689	0.70007748	3691.0211	49.282918	33.262593	-0.1029696	-0.001086832
5061	1.1911642	-1.2569702	1.2611024	1702.0132	46.68931	43.025849	0.058929462	0.20366275
5062	1.6616562	0.21207314	0.60867191	7849.7977	51.170729	49.773582	-0.14151534	0.021256716
5063	0.36043448	0.85111773	0.81595096	6609.7049	16.276994	16.026651	-0.067140052	0.10749418
5064	3.3125079	-0.5749864	2.0581481	5002.0661	66.202136	51.953886	0.26987666	0.21313914
5065	2.6656107	0.49301158	0.88780447	2272.5103	27.930895	22.664952	0.022360279	0.0070254087
5066	4.1893524	0.42838526	0.83857552	7304.5022	48.502255	38.834157	0.32047181	0.013941739
5067	4.9708636	0.99913734	2.7552995	7677.5469	70.30813	66.505851	-0.31705543	0.25030227
5068	3.62394	1.3748904	0.93361777	2742.9831	14.586614	13.394045	-0.0003568241	-0.377033
5069	3.229972	-0.54111362	0.3948827	965.35646	10.747238	8.5687413	0.20616042	0.13652581
5070	2.8643287	-0.65694241	0.92552331	9456.1207	92.199595	75.791893	0.28811347	-0.26078842
5071	5.6793715	-1.0937095	0.42560323	712.55957	4.0276459	3.4464632	0.27380882	0.2429583
5072	0.12692526	-0.92535465	1.4064272	320.17644	41.389411	35.125923	-0.10097268	0.07776725
5073	1.054942	0.40678485	2.4214091	4998.5363	43.628978	37.432792	-0.059481841	0.087909047
5074	6.1599071	-0.63943822	0.33550838	980.09582	10.800701	3.6404484	0.07444179	0.014129901
5075	5.4900221	0.46154182	2.6953475	6056.3142	24.917543	18.18883	0.0099129944	0.12945833
5076	2.0098606	-0.38774702	1.9323636	3001.1533	39.802977	13.43174	0.24653754	0.074295879
5077	5.0855723	0.3718164	1.5525711	3414.2811	87.020592	75.679656	0.011565707	0.13051201
5078	0.78290342	-0.00054351176	2.1878093	5116.1788	65.540797	51.005759	0.074591142	-0.0077486006
5079	0.089748274	-1.3053873	0.39034981	6028.0411	65.372558	62.375438	0.035154061	0.4451535
5080	4.8133589	0.21778504	2.3310466	2082.5977	26.815425	5.3865071	0.058402511	0.0056734646
5081	2.9918318	0.20229223	2.6106828	705.63348	2.9845937	1.6049171	0.016970454	0.0099138728
5082	0.15079115	0.68880101	0.85133899	2275.0728	48.840202	48.075474	0.11244137	0.00714278
5083	4.0682118	1.2767921	2.3019287	4146.3682	34.842366	23.508683	0.15630686	0.008785844
5084	3.3334324	0.44974432	0.80670463	3050.5297	58.967802	40.216899	0.34958745	0.17970363
5085	4.1228939	-0.79995177	0.15795868	3285.3888	38.240062	16.519236	0.021970675	-0.07705489
5086	1.6473446	0.28041761	1.4708547	1871.0837	12.538001	11.579582	0.03214926	-0.018321342
5087	5.0310687	-0.61580026	0.33763778	2673.5987	28.540431	5.733015	0.058402511	0.0056734646
5088	5.5905414	-0.75090351	0.30424203	987.33454	6.5272323	1.9196657	0.033252899	0.0023668254
5089	1.7746851	-0.89071872	1.9985789	3329.2998	14.312755	14.179051	-0.022737101	-1.5035719e-05
5090	0.36695137	-0.11917947	2.2163807	1852.3464	10.786959	10.587868	-0.033174247	0.012951445
5091	2.2661382	-0.043771615	2.6971994	1346.538	40.63862	38.814049	-0.019324871	0.020004042
5092	1.5736486	-0.97060611	2.6267255	921.31672	2.9869527	2.2659138	0.0019620758	-0.005550465
5093	4.6888494	-1.1862241	1.8828389	346.65659	2.5565572	1.7136949	-0.01991182	-0.0058488851
5094	4.1977792	-0.30962042	2.5237424	221.17377	1.9684198	1.70294	-0.025598644	0.031373031
5095	0.17066428	0.11156085	1.5775371	1145.6829	10.833191	9.8784574	0.0428167	0.20320998
5096	1.4232236	-0.62736495	2.5986563	775.6232	1.6399303	1.5894838	0.011965372	-0.054697025
5097	2.7829082	-1.1627468	0.91080225	11056.387	110.52831	74.5274	-0.0044546721	-0.13337932
5098	2.9568928	-0.77316393	1.363398	3606.8752	129.29226	103.34611	-0.09597799	-0.052577465
5099	4.1716213	-0.51360035	1.491884	490.7548	10.320857	6.0112367	-0.0074656414	0.22407096
5100	4.1425551	-0.34600353	0.61440987	944.55005	18.713631	9.2995117	-0.031773781	0.12738794
5101	3.1622772	-0.5105099	0.82301489	3178.6746	15.0912	14.924248	-0.12691371	-0.020904158
5102	5.7045722	-0.60718946	2.9487405	773.50286	27.605657	22.672202	0.050241128	0.42229117
5103	4.0083589	0.56685873	2.7403227	1754.9736	10.337161	10.304054	0.26724171	0.016286283
5104	1.3150175	-0.30402179	0.44145362	3312.1986	41.279277	15.619633	-0.06206175	0.092047937
5105	1.5310497	-1.0056636	2.8940506	5901.1178	19.251563	13.345086	-0.0078250608	-0.20151951
5106	4.0784477	0.33008659	2.4652185	3316.9637	15.228224	13.325066	0.10861443	-0.14304002
5107	1.7502254	0.53977984	2.9593793	592.35229	10.665832	2.0321475	0.061231523	0.0029486313
5108	4.640917	-0.86409034	0.98176011	9182.6622	76.512218	67.311484	0.13963105	-0.43243872
5109	5.8320971	-0.93891292	1.2480646	3965.805	70.914265	49.829001	0.013320891	-0.0017233969
5110	4.6556157	-1.1082419	3.0364175	3490.7384	15.031558	14.511878	0.071450515	0.0039798135
5111	1.7262706	-0.37208984	2.0340202	1379.2206	13.25903	11.891271	-0.088739018	-0.22780782
5112	4.036228	-0.33472347	0.25706737	2183.6118	26.183779	20.370336	0.037129626	0.0016654676
5113	1.0933	-0.65632766	2.5300419	9790.2933	48.72899	41.240128	0.039622914	0.079694114
5114	1.0404912	-0.19715876	0.63146313	8563.8856	63.586868	51.958378	0.11185361	0.00063922088
5115	4.3951618	0.12628948	2.5350011	270.58331	1.7042474	1.526164	-0.12019522	0.064987935
5116	0.63083034	-0.14143468	2.6867004	4981.8996	36.895985	28.712601	0.016757407	0.12346768
5117	2.3784859	0.25351372	0.68841728	84.01528	1.503986	1.1455627	0.0062698665	0.029630196
5118	2.4782691	0.30452358	0.37953143	3443.594	14.918376	14.573347	-0.027662994	0.063156729
5119	5.7163746	0.17015359	2.5722528	931.59427	11.243789	11.006986	-0.0068202179	-0.10710605
5120	4.497076	0.46229146	2.6066286	5420.7613	16.279417	14.396546	-0.13244681	0.056076253
5121	0.13495645	0.35351785	2.3241614	1957.0842	43.6758	12.844547	0.021339175	-0.030047137
5122	3.0462461	0.23974434	2.5275709	1803.0517	15.944405	11.637631	0.031634762	0.066085037
5123	6.1030549	0.94796535	2.7428587	2376.9276	11.444853	11.281517	-0.28270144	-0.05057415
5124	4.979116	-0.28070952	1.0816754	746.99656	33.478574	13.41456	0.16473726	0.070148051
5125	5.9316482	0.3386621	2.1345096	5445.5945	20.683842	18.498547	-0.026292414	0.014785699
5126	5.238048	-0.32804008	0.9678171	963.80479	12.032101	9.9668841	0.13553912	-0.11866569
5127	6.2659303	-1.162926	2.960853	1060.6087	8.9215212	2.1008417	0.07892477	0.072731156
5128	1.6715898	0.23945578	1.4659595	3061.0646	58.820465	44.363617	-0.51578466	-0.03166279
5129	3.9235655	1.193116	1.2444798	295.61067	1.6140516	1.4114975	0.031250672	0.15511103
5130	4.4935228	-0.57704082	0.35347332	5388.816	17.02567	16.216055	0.017607225	0.16061519
5131	2.1293825	0.83077729	2.9383141	4297.4048	54.61921	34.316268	0.0030333631	0.10214975
5132	5.4354451	-0.09728738	2.2559726	8943.7913	64.207189	60.907414	-0.048962397	-0.00077566052
5133	4.3935568	-0.33357212	2.4163908	1817.8482	12.991811	10.710621	0.0084586417	0.10923814
5134	2.3060625	0.60258569	0.3976172	10229.364	84.135023	53.020762	0.35466057	0.057500864
5135	5.957037	-1.213884	0.39575155	2390.0223	44.171559	41.961352	0.014117824	0.26890804
5136	4.9376827	0.63962113	1.9969658	304.91438	2.8547207	1.568875	-0.015080543	0.23556492
5137	5.7893162	-0.14168777	0.39551437	1795.2181	11.51727	10.476339	0.027098562	-0.037709381
5138	3.2628229	-1.2024924	1.7703251	617.20147	10.188276	9.6550543	-0.022272606	0.090390658
5139	2.2358939	0.42629635	2.8310685	555.00408	29.546301	24.214076	0.035291231	0.0047286666
5140	6.0499155	-1.0553146	1.5509097	2617.1935	38.333321	29.609994	0.17012141	0.16362045
5141	1.7326398	0.36117182	1.9213363	752.35019	84.662088	79.555033	-0.14129785	0.043136353
5142	4.0561567	1.0723246	2.4675951	11071.391	181.85114	85.968389	0.032441373	-0.0055545533
5143	1.6829273	0.61599596	1.1920726	3444.0109	13.91123	12.810863	0.16062397	0.0048831079
5144	3.6386614	-0.56939349	0.74076036	12300.422	106.02978	95.171756	0.06303907	0.13872578
5145	4.861083	0.055856749	1.0677925	442.26392	2.5008029	1.4562167	0.040411623	0.054253131
5146	5.0167188	-0.28361626	2.3374287	1235.6486	44.181717	28.815548	-0.14226145	0.17361858
5147	4.151204	0.38101165	2.3478945	413.0523	34.567806	24.175151	-0.014267472	0.017282235
5148	6.1939148	-0.60819577	0.80228519	734.82866	2.4972681	1.3980799	-0.0039002447	0.0064466228
5149	4.1975356	-0.25226527	2.6771664	678.33303	9.9450956	9.7649771	0.021587046	-0.22277633
5150	1.1174943	0.60669085	0.16324189	3665.2898	65.837987	51.869005	-0.045484236	0.21509343
5151	4.7675572	-0.57685756	0.56139732	2941.8748	15.334905	14.694145	0.22104035	-0.011483345
5152	2.9173982	-0.40417085	3.1103022	1060.8487	5.7345056	1.6399139	-0.025726229	-0.094075688
5153	1.7783242	-0.079363194	1.0219352	413.76417	1.4298325	1.3926112	0.076014849	0.12924139
5154	1.5617553	-0.25298895	2.3184772	2606.5227	22.781311	17.249072	0.034185402	-0.17865384
5155	4.6568435	0.27925298	0.63525913	1377.3127	11.173489	9.919127	0.017499279	0.064666222
5156	4.692751	0.76386426	2.8398849	1485.5024	37.692034	19.239941	0.084669281	0.070743872
5157	3.5288462	0.12957577	1.805502	5590.1404	53.074073	50.792728	-0.29986596	0.090329382
5158	5.9196512	-0.34660595	0.27866566	6687.3956	68.536786	66.362485	0.21364188	0.0045563683
5159	0.80514868	0.91682607	0.42880694	2879.4808	13.28684	12.63858	-0.15340363	0.18824314
5160	0.34516199	-0.31274102	1.9596452	2010.6837	46.024884	34.409091	0.08319842	0.21840273
5161	3.0165552	1.3719798	0.53194699	2327.3607	46.448278	36.827225	0.004270747	-0.1676198
5162	0.52936465	-0.25803502	1.1332621	1142.5437	11.03478	10.330138	0.12677068	0.035654651
5163	4.0312627	-0.26187985	1.0317867	1185.1951	43.494271	5.5102343	0.094420453	-0.002933954
5164	0.053232972	-0.78232644	2.7395543	5270.3358	53.312468	49.215274	-0.095957818	-0.25268163
5165	3.6001902	0.85989796	0.90745838	907.45749	64.481817	43.079587	0.029312392	0.017588296
5166	2.9342554	-0.53953714	2.3835583	4132.2638	49.386621	38.026249	0.016324808	-0.059358803
5167	1.5774287	0.99958887	0.95927033	3880.619	13.424225	13.342638	0.058902562	0.085546029
5168	1.4224483	-0.057349137	0.35690283	8686.288	87.359268	83.451733	0.19146941	0.076749033
5169	2.5060691	-0.14271986	0.1564033	3444.0764	33.893318	27.79697	0.028204048	-0.0063364734
5170	5.7774721	1.3348763	0.91434916	2413.6479	33.208644	25.157503	0.0029024682	0.17167851
5171	1.8438093	-0.16224629	0.13752528	3763.9878	13.985078	12.895486	0.19328215	-0.05522319
5172	0.83701987	-0.82363067	0.78293057	6754.4671	71.711221	68.519865	0.12795504	0.090732559
5173	3.7317402	0.49333243	2.0732924	194.5935	1.2973116	1.2505683	0.07426915	0.021616269
5174	2.1369827	0.009830213	2.5071359	1206.4979	11.39878	9.5911554	0.062853004	0.34064166
5175	0.94153865	-0.28502609	2.7703095	5530.7142	41.686231	16.505732	-0.023385615	0.062951315
5176	5.0001072	-0.22654955	2.3055302	1466.9112	35.224826	34.038038	-0.27615206	0.11881447
5177	3.7264908	0.41399392	0.71058126	1688.5669	24.588617	11.315852	0.033653128	0.029186994
5178	3.5569119	-1.0994222	1.5008267	2193.2616	26.178155	3.7697555	0.18184687	0.059099924
5179	0.90774744	-0.093933857	0.89213624	254.43286	9.7086602	9.3889142	0.030111112	0.071077203
5180	5.5272626	-0.94533089	0.51153143	1410.8324	22.431045	13.930457	0.048383403	-0.078971798
5181	3.6055904	0.50120869	1.10603	3642.4493	41.239327	36.385519	0.034596278	0.18619767
5182	4.2320796	-0.89264845	0.54531807	1641.9274	4.6174936	1.8399523	0.031716278	0.038167692
5183	0.3832797	-0.18081211	0.72887245	2274.385	13.547061	11.436021	-0.061360741	-0.053088007
5184	0.47470506	0.81249924	2.3821407	2406.3318	50.602205	42.256485	0.062553903	0.064045393
5185	3.12264	-0.91899854	0.16919561	849.4934	2.6206496	1.4234021	0.024954679	-0.060615739
5186	4.6535954	-0.57032267	0.76959287	11586.739	135.0848	101.14721	-0.10178347	0.0012967818
5187	5.716608	-0.74371473	1.259811	837.27593	12.723909	9.8987839	0.032816095	0.23226137
5188	2.1829173	-0.25547865	2.3872561	2150.8686	51.500637	37.070685	-0.17702103	0.10419621
5189	4.867667	-0.83861681	2.575569	870.70635	1.611279	1.4292467	0.0074157226	0.22179833
5190	0.77779209	-1.057221	0.222384	4189.9267	24.174701	14.378528	-0.17861823	0.080313488
5191	1.4127472	-0.63829584	0.66228836	13112.195	95.468482	85.849171	-0.061553076	-0.32097282
5192	3.3981315	-0.090771704	0.78906637	2513.7107	13.323063	12.798166	0.025018416	0.0065708731
5193	3.4991405	-1.016968	2.2560101	653.51494	1.8920173	1.8771722	0.0251909	-0.0057502379
5194	4.8688914	-0.94155551	2.68005	3501.5674	13.864852	10.963314	-0.047853515	-0.004552186
5195	0.53636453	0.049161419	2.6299102	5773.7894	53.71673	39.851573	-0.15013629	0.0076901422
5196	4.9431718	0.50171104	1.2650886	2173.3761	51.474423	49.925244	0.034118081	0.032852514
5197	0.57508235	0.44856755	2.2660094	2962.1302	29.879391	25.148686	0.096853592	-0.083215184
5198	0.64303464	-0.29484783	0.25947204	3401.0157	12.766288	10.824551	0.17403366	0.0053610932
5199	0.44825008	-0.93312873	2.6833863	9753.0368	115.67585	104.14749	0.11642441	-0.44661805
5200	6.0171198	0.091753773	2.2645506	4576.0325	48.745896	44.729174	-0.17406484	0.12450124
5201	3.8127894	-0.84005946	0.49181749	3200.5045	13.938286	11.884665	0.14399807	-0.013408436
5202	0.12057936	0.13583565	0.88993917	1979.1184	11.356422	11.342407	0.056273084	-0.15489851
5203	2.4294308	-0.036497956	0.48667101	7764.2469	64.382072	51.479479	0.14561287	-0.0092949778
5204	3.8134424	0.84787625	2.5416955	786.04965	2.1174042	1.5492554	-0.14431515	-0.0037346274
5205	0.76650585	-0.79002173	2.250824	827.87389	37.819129	1.5880979	0.05796621	0.0025565556
5206	1.9315632	-0.46626489	1.632007	119.16243	2.2483769	2.0272806	0.081129782	0.013321856
5207	3.7069246	-0.57844839	0.48548426	1131.585	3.2156713	1.9315028	-0.024662124	0.029502412
5208	5.6637498	0.27621886	0.7071096	3855.1035	15.84844	14.550469	-0.11106995	0.0639999
5209	3.2115043	-0.51023369	0.95313103	5407.0811	61.251207	49.109961	0.00012497172	0.0026450126
5210	4.4676419	0.74155163	0.54204222	446.49314	2.0983519	1.2435974	-0.30814926	-0.14105507
5211	5.7858029	0.46084693	1.1550413	5008.4149	62.388805	30.974588	0.19112229	0.039746377
5212	0.71901043	0.82095607	0.3445074	6602.1307	33.359583	31.880644	-0.029900598	-0.028427201
5213	5.5242707	0.046106001	2.6943221	667.10815	7.9042565	1.3389663	-0.0026389126	0.091387121
5214	0.98687185	0.1423988	1.7019566	1651.1339	24.291507	22.563386	0.6470097	0.00059425901
5215	2.2348318	-1.0603433	0.88269081	2897.2052	28.031806	26.06196	-0.17218564	-0.046583515
5216	2.7652487	-0.33077205	1.8109314	699.78692	46.476248	7.2574307	0.47946245	-0.004942309
5217	0.39246557	0.093916636	1.111763	963.41801	8.2127115	2.6821664	-0.0024099691	0.14416951
5218	4.7133835	0.089570653	0.61623424	3835.0047	50.364194	46.242103	-0.032412833	0.015389272
5219	1.0316006	0.039729623	2.2101804	2028.0575	17.86334	17.53668	0.21054077	0.11158364
5220	4.6894913	0.36663655	0.57320179	3738.4962	38.387717	16.240898	0.65050314	0.31408749
5221	5.9070516	1.2128248	2.2157591	2282.7231	11.246498	9.9937234	0.083112834	-0.044782853
5222	1.9530242	0.63954928	1.751999	3588.3821	47.775378	25.825347	0.4148754	0.0036990971
5223	1.2964575	-1.5161972	0.82029247	3529.769	57.152984	46.202478	-0.0015897334	-0.022021293
5224	2.4649125	-0.58524888	1.1032894	2304.8441	74.990247	51.301914	0.010124117	0.12627172
5225	3.2391135	-1.2447188	0.94925257	2072.5552	12.232755	11.728247	0.088574384	-0.17365229
5226	4.9024284	0.96432291	0.72026806	6151.0551	66.867003	60.151071	-0.035144129	0.18462664
5227	0.47498042	-1.0550863	1.9131215	836.78216	62.781589	44.625152	-0.21736727	0.26488125
5228	5.5323296	0.12480698	1.1275016	174.99828	1.5336857	1.2803273	0.0014931136	0.0099744943
5229	4.9789727	0.84037062	1.5251537	8939.9526	69.438998	52.003577	0.25127468	0.013413677
5230	4.6561144	-0.98358434	2.3462236	4296.5915	24.154256	24.123635	0.045254683	-0.036221528
5231	3.7540411	-1.0455378	2.863986	4738.7721	54.40351	42.322348	0.29798597	0.12174782
5232	6.2537941	1.0603364	0.81862435	2725.8106	12.019583	8.2990527	0.011334778	0.071282296
5233	2.2837875	0.048662466	2.3464667	2796.9931	41.559374	12.390843	0.12554917	-0.048720301
5234	1.0149536	-1.1063957	2.0810218	6201.486	63.33093	49.841177	0.0091838948	-0.083514318
5235	2.057318	-0.79742994	2.1097047	2833.2016	80.44791	47.916686	-0.29251965	0.28371987
5236	4.1940266	0.65059022	2.8442692	1722.7968	3.2435358	2.0098783	0.064969012	-0.17254914
5237	5.4014688	-0.77194159	2.4345738	4522.8913	15.467594	15.383484	-0.25909485	0.035362581
5238	3.3860947	0.78481087	2.3074496	10606.202	89.822605	85.475758	-0.23972999	0.1005765
5239	0.39794747	0.054532884	2.2994393	2440.5055	13.175616	12.144888	-0.0028575261	0.00063319466
5240	5.548247	0.75066576	2.4743332	3733.2656	14.471538	13.242117	-0.065452005	-0.0029944094
5241	5.5183166	-0.32147653	2.5285886	358.44915	2.7458937	1.7249553	0.23568318	0.020080271
5242	3.1627047	-0.60589267	2.1941584	3264.9397	56.117356	51.243067	-0.011170721	0.0756043
5243	4.5323976	0.5454526	2.0473141	737.52885	10.188473	10.07242	0.15075846	0.29378994
5244	4.7357706	-0.98531138	1.8692959	2690.872	49.580461	44.06514	0.16670665	-0.11302485
5245	4.3766587	-1.0150304	2.1313724	1725.4762	12.238753	5.5330995	0.039030746	0.56030046
5246	5.0011921	1.2409962	2.2332439	829.92958	1.5700373	1.42987	0.28225248	-0.020887124
5247	0.20920244	0.53344314	0.76763538	4289.8468	62.891301	58.262896	0.36083997	-0.062150675
5248	1.8287074	0.10769584	0.81046511	3007.3063	15.175185	14.571799	-0.0066765949	0.0022690066
5249	0.91825878	0.2120375	0.55935371	1901.6787	23.566209	12.183017	0.039450305	-0.010556165
5250	1.7780934	1.2863543	2.736132	5774.7004	32.827962	19.149871	0.08809386	0.15516664
5251	5.3865871	-0.37734929	2.0859418	727.37322	10.968835	9.5326765	0.018503701	0.18085888
5252	3.1094986	-0.7291951	2.8069345	3898.8221	53.694236	29.19519	-0.035894754	-0.051153346
5253	0.98643276	0.63431405	1.9148752	5506.3614	61.948897	53.421365	-0.083849708	0.09935219
5254	5.7183604	-0.12257936	0.57765199	3848.3815	14.523975	14.249934	0.061668882	-0.0062513828
5255	1.7980984	0.030754968	0.70873852	4575.8238	64.896189	36.558086	0.0043854996	0.061369554
5256	0.37778331	0.35368565	0.95218244	7485.9943	207.15419	151.52706	0.20575718	-0.19544674
5257	1.4464351	-0.92270286	2.6111923	379.05651	1.5707104	1.4059333	0.045497965	0.0016808031
5258	0.44707671	1.0205269	0.3840174	2792.3993	12.008219	2.296105	-0.1122908	-0.10752056
5259	0.30826153	-0.53688645	3.0321268	1663.6297	41.823994	1.8269786	0.022758252	-0.047796499
5260	6.2389883	-1.2182015	2.7506996	2773.548	12.93002	12.669017	-0.0092074396	-0.18908141
5261	1.6147391	0.55978598	0.36339268	12400.192	205.69694	91.582859	0.07473256	-0.036877187
5262	4.6867646	-1.3045118	1.7520656	3523.9233	51.020805	47.188754	0.033443772	0.14901611
5263	0.98706385	-0.53744826	1.4284209	1916.232	31.210841	30.024016	0.018103966	-0.047785946
5264	0.81420855	0.32648231	2.8213411	1735.3915	12.057436	4.238759	-0.0083484246	0.031583544
5265	5.83565	0.75962682	2.2041378	5148.6536	37.149743	27.271437	-0.043010605	0.030995577
5266	4.3805471	0.25830923	2.8007107	4007.0077	16.113659	13.914568	0.022534574	0.0093607377
5267	2.5629064	-1.3465806	1.9024927	570.52034	10.048301	8.4921089	-0.38546118	0.063510521
5268	1.6699446	-0.89876656	0.69531589	5989.8283	64.511478	24.713807	0.026379368	0.13495497
5269	3.7187717	-0.43874785	0.87247973	13835.459	69.36276	67.711815	0.17658797	-0.035322155
5270	1.4960326	0.61034127	1.1140388	9625.4933	79.517288	54.187919	0.0026289764	0.068267641
5271	3.3051134	0.68599004	0.60925748	7744.6046	87.886592	63.421805	-0.037801394	0.07444293
5272	4.2005406	-0.15596291	1.0499621	1783.8625	40.942043	28.953538	0.17486487	0.24978276
5273	2.2098118	-0.4914631	1.5671927	1219.7961	40.972	35.845251	0.041926263	-0.067180082
5274	5.868759	-0.96653229	2.9093843	2423.9473	20.622955	13.120466	-0.0035765577	-6.9775774e-05
5275	4.714773	0.56818452	2.3208211	8872.5239	58.944032	47.687367	-0.029485422	0.093853019
5276	2.015336	0.34811028	0.71301466	11274.41	80.309299	55.472597	-0.11979924	0.32071792
5277	3.1157101	-0.24504868	2.890823	6771.2657	19.62163	17.994086	0.12388599	0.13807614
5278	1.2349547	-0.095534458	2.3725664	1356.9188	12.768144	11.176156	0.19990682	0.012297459
5279	2.1624566	1.2283186	2.9825015	522.92121	1.595176	1.4149128	0.26051506	0.046224147
5280	4.6835698	-0.22726359	0.93838631	565.48066	2.6613051	1.4141682	0.044138473	0.048898918
5281	3.4869601	0.79675567	2.226926	2772.6784	30.731423	17.04047	-0.12439255	0.019300897
5282	3.2219373	0.74174468	2.1457516	3820.6485	39.808484	27.148258	-0.0041809935	0.023814127
5283	2.047126	-0.28116387	0.28001035	5316.1694	40.421132	37.277662	0.049728554	0.12437412
5284	3.4512558	0.27150629	0.8047596	2552.9419	46.299905	32.480793	0.052222352	-0.22483
5285	4.7143989	0.39673647	1.4874734	642.24289	10.586629	8.995943	-0.005485273	0.012641754
5286	1.3369098	0.47208657	0.80962395	3736.1164	48.420038	21.915305	-0.12216895	0.011036659
5287	1.4966642	0.86543845	2.4637737	684.46955	19.174196	8.1564881	0.13412137	0.052036637
5288	3.1438805	0.44593483	1.1580866	425.7777	10.987619	1.4369671	0.066887655	-0.034395151
5289	0.7881626	0.85992345	2.3409388	3781.1289	17.154274	16.642949	0.062742166	-0.25190215
5290	2.2701919	-1.3423033	2.0886784	1853.8569	14.417397	11.625902	-0.10006211	0.10942756
5291	5.5271654	0.5090256	1.7442238	1239.6366	10.961341	10.847647	-0.23097699	0.039389845
5292	3.19652	0.13638841	1.3530692	3248.8542	46.601467	31.284745	-0.0090738473	0.2720214
5293	3.3475294	-1.2257278	1.6097075	2834.6185	48.022853	22.771649	0.018731334	-0.0052456685
5294	0.42125278	1.0445947	2.7255684	4787.071	14.526027	14.280257	0.038527853	-0.10107025
5295	1.2234926	0.068198891	1.9154088	1342.5523	14.000412	13.868314	0.18619215	0.0040407163
5296	1.006017	0.084665311	0.71422238	8851.1579	63.279297	60.559957	0.023048612	0.049777316
5297	0.13137619	0.0031557235	2.5149029	2780.6336	44.007275	28.332044	-0.1268437	-0.0083804019
5298	3.2798036	-0.92691275	2.2439884	6729.9021	61.786466	54.246572	-0.067616513	-0.0085120106
5299	3.7787448	-0.75468478	1.3700249	904.28273	35.619346	34.294151	-0.0041347466	0.056272792
5300	0.8376642	0.02550049	0.24795414	1225.5402	2.7115684	1.5574547	0.032545963	0.054059712
5301	4.539576	-1.0000836	1.6456088	343.10126	8.0577934	1.6863798	-0.019487505	0.025962216
5302	0.0084505961	0.43838348	1.8945136	2303.1837	53.242912	40.746355	0.029852732	0.22815149
5303	0.65763435	-0.35447642	0.43183214	7700.5282	98.452185	73.67296	-0.022053156	0.088204541
5304	6.2393603	0.73066464	0.84709304	4513.1009	17.419923	15.153224	-0.17084279	0.28124452
5305	1.1370454	0.30671483	0.32663498	4090.5467	47.478138	39.151504	0.028097268	0.090937182
5306	6.1504518	0.59891131	0.45832812	1158.1074	12.900646	10.350809	0.0029990352	0.043297185
5307	2.8262473	0.25604479	0.93886214	2193.4169	14.300742	11.86538	0.046998478	0.002379036
5308	4.9450263	-0.83502483	0.93882772	666.58179	10.124227	9.1994881	-0.0088838357	0.21216604
5309	3.4954209	0.093729958	0.98748916	111.15469	31.433645	15.894366	0.084717547	0.43691226
5310	4.8894376	0.15258902	2.3473933	5033.0368	49.131413	48.486181	0.019185792	0.12603436
5311	1.1859024	1.2743855	0.82837067	1906.8706	54.332434	43.245473	0.022133332	0.11238789
5312	6.2264579	-0.62586677	0.66983774	6031.5898	64.361471	60.75009	0.34470302	0.23556187
5313	1.6408498	-0.83453031	0.50984301	5990.1135	22.006848	17.022888	0.020664153	0.18464106
5314	3.2127289	0.96162202	1.1431598	1477.7401	13.264552	11.856238	-0.026834103	0.20847508
5315	0.36427272	1.0248636	0.43098954	13690.215	104.49077	79.96591	0.029852732	0.22815149
5316	4.9419413	0.069291366	0.36134457	13046.725	101.72932	60.584551	0.67401036	0.11477179
5317	0.2207186	-0.65839516	2.1972542	3101.1265	23.101517	16.85286	-0.034575732	0.24569848
5318	4.5340909	-0.52740804	1.4253831	2078.6685	11.240746	10.342061	-0.18256386	-0.0095379821
5319	0.69831382	-0.15914891	2.7692385	902.41455	11.24108	9.4292209	0.16446311	0.019102963
5320	5.9733881	0.43526759	2.5549674	1838.062	29.174623	25.194357	-0.27336737	-0.26877922
5321	2.0665026	0.78993094	0.83701975	2701.785	53.196895	29.380244	-0.091591787	0.11897948
5322	2.3894588	-0.29678647	1.2612573	1227.7953	43.153061	35.428078	0.12371374	-0.10516863
5323	2.0832852	-0.51013838	0.43508395	5739.6283	66.16335	52.106963	0.052114254	0.031178487
5324	1.0927617	1.1588428	2.2180743	1484.3558	10.698887	3.6789577	0.059970106	0.18534459
5325	3.9032352	0.24173203	0.78444483	1171.8274	31.736763	16.040505	-0.00081254507	0.026520491
5326	0.55733737	0.12400683	1.175686	2273.273	45.012392	35.256594	0.079969886	-0.051273525
5327	5.7495984	-1.0768659	0.26761887	2813.4973	12.696978	11.438746	-0.043515324	-0.061142939
5328	6.1099879	-1.0923458	2.4824286	1904.9769	12.978247	12.790256	0.1126886	0.0054584808
5329	4.1212709	0.54362596	0.65676005	1912.8067	18.206268	14.796908	-0.26180308	-0.0023744532
5330	0.51707532	0.63620074	2.2923594	4689.3341	32.297262	31.304095	0.13228565	-0.094626557
5331	5.1627882	-0.88555627	2.6456551	640.33274	10.804296	9.8566089	0.18735113	0.00039803296
5332	0.63782983	0.30967071	2.9681207	3570.8281	22.573688	21.84268	0.0047881202	0.011004703
5333	2.1137093	0.58579413	2.4202324	421.65954	9.891341	1.4693363	-0.019370517	0.02831939
5334	5.1798823	0.490185	2.3364326	153.42146	1.776071	1.4343125	0.014322789	0.062698382
5335	3.0619526	0.32851537	1.1663963	2135.512	41.571972	35.331064	-0.16234389	0.012199223
5336	3.728337	0.061817152	1.0385852	1390.1757	10.338327	8.9909151	0.021498386	-0.14582866
5337	3.4779294	-0.58413099	0.1604878	1050.2979	2.3725047	1.8462954	-0.00022839679	0.026714917
5338	5.2360443	-0.70831749	1.5839768	523.59625	27.71865	2.6414425	-0.031036292	0.034427317
5339	5.7640292	-1.0349819	0.097520233	8118.5087	40.831451	17.35204	0.0088728967	0.0033812811
5340	1.2327168	0.75317862	0.79909883	2750.0169	41.783456	29.403724	0.026800335	-0.043399831
5341	0.92088574	0.53883783	2.5490138	1454.4096	12.735014	3.221773	0.22943257	-0.064394168
5342	0.2400986	-0.29028235	1.4717571	1451.7373	38.347321	37.020328	0.016111837	0.15397658
5343	5.4920149	-0.14245756	2.3773874	10944.576	107.78811	87.572497	0.046359576	-0.0062041892
5344	4.6748796	1.0442543	2.6725336	3194.3741	13.234011	12.692578	0.047460122	0.25673385
5345	0.38820256	0.5478834	0.3766996	7005.3702	80.660028	56.245908	0.0075104388	0.011329226
5346	1.9538769	0.63295576	1.8530653	1613.5299	35.889498	24.994703	0.24173066	0.23433939
5347	6.1477338	-0.74608752	1.9120577	4408.8938	54.745661	37.409989	0.53497326	-0.044799537
5348	0.032348994	-0.067775924	2.2084003	7368.5214	114.42306	96.598542	-0.13412146	0.16600202
5349	0.35023152	0.50094567	2.5684346	3278.6863	14.195555	13.140662	0.02259597	0.07238592
5350	4.2561274	0.52099513	0.88805333	7514.7177	77.941109	68.888674	0.13643377	0.031499071
5351	0.13407275	0.5214381	0.51796683	1216.6462	12.12387	11.769998	-0.036381914	0.0068601177
5352	2.2054578	-0.91170718	2.1754764	8868.5939	91.363512	77.631788	0.037594057	0.14171912
5353	2.9192042	-0.86858726	2.5592325	8213.8017	62.29885	50.918891	-0.052082649	0.12956531
5354	3.2416136	-0.095424414	1.0686608	1905.9083	30.733839	12.023576	0.47553236	-0.1679468
5355	4.0355752	-0.45265451	0.1469732	730.26913	11.759012	10.252082	0.1424241	0.36183525
5356	0.43656238	0.95555674	2.6742428	222.59142	1.6819756	1.2488264	0.07811429	0.033988881
5357	0.78748392	0.24650771	0.26001821	14510.851	103.83658	56.850052	-0.036001771	0.075864471
5358	0.1623056	-0.89778083	2.7104714	13545.492	47.687469	47.679911	-0.078300818	0.16284305
5359	4.8052462	-0.074366934	0.69584293	4744.5082	47.230715	45.79367	0.045278979	-0.17088409
5360	1.2601853	1.0251549	0.79735	4645.878	65.81972	59.31958	0.288782	0.0082542318
5361	0.83802128	1.1369139	0.56209803	4399.5077	15.626032	11.884357	0.055677968	-0.041025301
5362	1.4971392	0.13368182	2.786823	961.94588	2.694495	2.4445816	-0.12903294	0.20275383
5363	5.0983352	0.33591369	2.6342062	2073.5738	64.849688	57.427211	-0.018370031	0.0049181582
5364	2.0936843	-1.0750693	0.37636152	2617.7592	13.527132	8.9025571	0.20727529	-0.013107113
5365	6.1465032	0.28722252	0.53471116	530.00291	1.7605822	1.3256093	0.098319637	0.00086491247
5366	4.2197098	1.1853274	1.1754048	3144.5744	52.225779	47.452255	0.091369677	-0.22661969
5367	4.572333	-0.17090385	2.6539057	583.50401	10.608922	1.6015614	0.091819294	-0.03595438
5368	5.500394	0.18497563	2.4859422	968.48293	11.078428	9.8678149	0.0026292332	0.14362004
5369	6.0845681	-1.0255965	1.6576567	374.79798	1.7382949	1.5760646	0.049871637	-0.072814861
5370	2.7159304	-0.026657887	0.87430791	11487.77	104.00549	79.834676	0.2733447	0.12525422
5371	1.6923398	-0.53089244	0.68931842	1773.5593	13.752182	13.284388	0.53209061	0.037821136
5372	5.758965	-0.40381755	2.3955198	1117.1193	40.423907	28.025459	-0.29869839	-0.015892628
5373	4.5271998	0.41086286	2.8453248	1806.2556	12.456381	5.5625866	0.25215606	0.57095212
5374	0.93026375	-0.91651478	2.7402389	10349.723	45.102333	35.150534	0.32861113	0.48884388
5375	1.8778214	0.73762576	1.3243422	2775.205	27.718136	14.229496	-0.013513526	-0.036600609
5376	4.3832194	0.6232748	2.566568	3755.1854	54.844977	19.201627	-0.022864013	0.14448836
5377	5.1476512	0.17942727	2.0238825	2543.7471	31.250124	26.622423	-0.01066851	0.024189178
5378	2.204287	0.53183198	2.9052356	1680.8647	12.223863	1.5398428	0.18774999	-0.15180769
5379	1.6643696	0.92083613	0.64846902	3938.3136	50.712198	48.766282	-0.0051173741	4.9824683e-05
5380	5.6324961	-0.25254006	2.0357902	757.6739	11.532694	10.861903	0.23517534	0.022906397
5381	3.8619213	0.64475424	0.41385703	1774.7188	5.5701469	1.778712	0.2904121	-0.15312187
5382	4.9408212	0.93126992	0.63122757	413.68395	1.7380671	1.2870313	-0.070181137	0.081215571
5383	4.7890277	-0.39475316	0.33020797	12600.03	95.127172	69.194119	0.12638887	-0.0051159184
5384	5.2595039	-1.3671431	3.0170602	726.48955	3.002625	1.3219062	0.089959536	0.013543889
5385	6.1890789	0.83698733	0.56396163	524.19639	1.6256423	1.435281	0.0517127	-0.010399243
5386	4.2966101	-0.92833102	2.6355458	9270.9879	26.609788	26.348072	0.26261834	-0.026399272
5387	3.3657989	-0.84725053	2.9728665	1582.0939	3.3989236	1.7453583	0.20422021	0.16918352
5388	3.335691	1.1748309	0.30186885	4832.874	44.093987	42.465252	0.027186634	-0.0045015198
5389	5.2306775	0.52933194	3.0419368	4531.6014	36.72614	23.173323	-0.002704903	0.25114935
5390	0.014648942	0.2281957	0.83725855	2311.9354	13.422947	12.959058	0.0029974192	0.0041213895
5391	4.4276758	0.82848421	0.91558475	5267.1216	67.851599	66.059908	0.094490137	0.051784882
5392	4.9628578	0.23913611	2.8948373	2423.4764	13.591521	11.179392	-0.0021669399	0.033156374
5393	0.6529076	-1.0785598	2.4346237	2297.9246	30.995698	24.852687	-0.35010024	0.083487689
5394	6.2720376	-0.24899324	2.637326	1515.6988	11.347672	3.9870046	0.027315481	-0.21880524
5395	2.9906893	0.51207615	2.5689286	8353.9117	56.368459	40.264388	0.044537144	0.065972822
5396	1.9071321	-0.39072988	0.99891393	672.62809	10.244928	9.6528327	0.23532354	0.76505115
5397	3.5191348	-0.12449283	1.1546998	387.0819	1.7407539	1.4759548	-0.083920337	-0.049016932
5398	1.502217	-1.236096	2.4835413	6151.1531	20.526859	18.389769	0.072023305	0.0088828999
5399	2.4952666	0.70266483	1.0181276	3124.1065	50.66171	42.596714	-0.090392727	-0.076574265
5400	3.7304959	0.6551331	2.0446526	6598.7178	175.8502	131.24433	-0.086702989	0.026374878
5401	4.5566272	-0.55189384	0.59452937	1349.3867	2.3740482	1.8871434	0.094387888	-0.022566535
5402	5.4310025	1.3554585	0.94121586	1705.0107	37.667269	15.21536	0.0063541478	0.24869685
5403	5.5480388	-0.56640593	2.3091137	4943.155	54.76946	41.93252	0.069672675	0.13137856
5404	5.5255711	1.3644735	0.44586579	2531.8288	37.746022	21.274424	0.20696953	0.044660575
5405	2.4871665	0.056670743	1.2121105	882.85726	8.9465261	2.8970554	0.33463521	-0.016771995
5406	1.5926825	-0.35353597	2.0305234	550.59639	10.196952	1.3982187	0.10603126	0.090314655
5407	4.3918663	-0.68063459	2.2292099	3346.3754	55.534784	49.884656	0.016545569	0.10308016
5408	2.6296936	0.89058342	0.90130885	2496.436	18.545552	14.382751	-0.053373633	0.043269436
5409	2.9274442	0.63870463	2.3549963	961.20211	48.515096	1.7277868	-0.087365557	0.136598
5410	5.7228475	-0.97962187	2.7280681	5251.4417	21.160753	13.965418	0.054224512	0.141469
5411	1.0511602	-1.2122783	1.9555909	8378.2775	74.550824	64.539486	-0.21774102	0.1270748
5412	3.6732934	-0.96105833	2.9558627	2121.3287	24.395933	20.278215	0.28241101	0.0075401817
5413	2.1691059	0.05535635	0.55965475	918.63912	2.1322213	1.4079359	-0.020300074	-0.0012089219
5414	4.4152414	0.33161963	3.0272684	3074.5784	14.376756	13.903966	0.0013586027	0.32764331
5415	5.27045	-0.40242125	1.9807101	2270.6207	31.512475	28.930718	0.033860255	0.076292467
5416	4.0189008	-0.88832701	0.11662976	12763.445	235.80717	83.952011	0.036533487	-0.26544338
5417	6.156792	-0.50244877	0.62841157	3843.7023	15.649923	13.164091	0.19745839	0.1069746
5418	4.0864216	-1.2299789	0.94636974	1577.1511	120.04976	37.079516	-0.067374867	0.0099233412
5419	3.0525567	1.0034372	0.49296806	280.98582	1.8746795	1.4141476	0.042807162	0.13350218
5420	1.9017163	-0.027257642	0.8876339	1048.677	9.8046994	2.7396139	0.047283048	0.075179402
5421	2.4073735	0.13257135	3.0231014	4535.1749	19.024101	17.309165	0.061368711	0.40619272
5422	1.3986948	-0.58616752	2.1640137	10971.976	80.448848	77.867026	-0.0020839192	-0.036613544
5423	2.298828	0.45762185	0.98336847	337.16606	4.9285335	1.281448	0.013847259	0.086501829
5424	4.6524923	-1.3022816	0.85944179	636.44864	3.3397897	2.0195087	0.080520631	0.008532543
5425	2.41655	1.0285485	1.3696241	3296.3648	66.833064	57.794009	0.01989893	-0.0035741353
5426	3.3979108	0.55486364	0.52552964	16099.6	113.14745	71.717873	0.13902441	-0.012508014
5427	2.3558659	-0.70164081	1.8325516	91.076133	1.4833236	1.3043297	0.07192287	0.0013774278
5428	4.2019018	0.58721422	2.0703934	3300.5003	14.315491	11.929829	0.10966514	0.47914741
5429	4.1984202	0.02919769	2.4428553	497.67254	1.6945066	1.5917438	-0.011420235	0.038528394
5430	5.9347926	-1.2810582	2.2088649	3990.5594	46.839038	29.961842	-0.022397295	-0.22737011
5431	5.4226995	-0.4319227	2.3382874	3536.5235	60.301324	39.019765	-0.14132301	0.13541378
5432	2.3955809	0.27574772	2.1904561	1730.8364	39.325615	15.73006	-0.017491729	-0.087167551
5433	4.2058238	0.62457529	1.1158584	1053.7148	11.808833	9.7739168	-1.7876477e-05	0.035220194
5434	6.1432739	0.027804375	1.8324359	1254.6364	27.757555	24.100757	0.049037369	-0.14996865
5435	1.5470606	1.3104525	2.2470492	864.13339	20.516803	10.606567	0.039450305	-0.010556165
5436	2.6929584	0.25531267	2.6046626	472.7508	1.9728251	1.4496839	0.078644059	-0.030245267
5437	0.88650558	-0.39474356	2.4302528	6053.9271	30.755296	17.37619	0.72774863	0.06357666
5438	3.1074618	0.50639711	0.23445228	4108.7297	13.891633	13.841545	-0.012950536	0.093397782
5439	1.064926	-0.21822693	0.60801065	677.15884	11.782978	1.9780628	0.013437611	-0.018069146
5440	5.0471785	0.12689573	2.6841151	2898.6293	14.551193	13.441596	-0.063996751	-0.10426364
5441	5.435469	-0.18145599	0.7770808	4121.4811	46.157153	42.566268	0.34435533	-0.017579332
5442	0.55612394	0.37823959	2.7347753	1038.453	2.8878898	1.8138919	-0.01405578	-0.002323732
5443	2.0306741	-0.98322762	2.5353264	547.39516	1.6035161	1.5786832	0.021713707	0.085640173
5444	0.62190831	0.32529227	2.7373476	667.83332	39.895708	23.567109	-0.021067989	0.37814503
5445	3.4004049	-0.96161319	2.6716976	12452.767	86.953519	81.608739	0.025787318	0.063626343
5446	4.5701584	-0.72665129	2.6999665	6794.5483	17.431558	16.740181	0.13142348	-0.14498784
5447	6.1475245	-0.55019187	1.8154235	9638.2362	122.94212	74.698365	0.043129031	0.014249972
5448	3.3344019	-0.42891111	2.6461937	682.90053	10.425124	3.2241862	0.13237521	0.038254697
5449	3.4331239	-0.43651765	1.2204613	879.74404	9.2570768	1.7935278	0.06293977	0.011727123
5450	3.9138574	-0.42464307	2.1386013	590.85353	2.5596745	1.34867	-0.04338479	-0.24259102
5451	4.5803632	-0.23630825	1.2388042	5239.9942	50.912724	47.758557	-0.24953888	-0.084117915
5452	5.8448277	0.20762487	2.6396302	3247.9386	29.538013	27.070432	-0.2237966	0.15336253
5453	0.51910059	0.6705703	2.0260567	1530.3228	44.98597	35.073327	0.0065382949	0.21651728
5454	0.23809353	-0.78079378	2.7346151	1083.6485	7.1344425	3.0527835	0.44803604	0.02389687
5455	4.4517053	-0.61159446	0.51327053	769.72182	2.4713705	1.5133694	0.22680424	6.5198058e-05
5456	3.5996078	0.43637	2.5143261	4331.5661	87.202682	58.434286	-0.014833775	0.2765984
5457	2.4679898	0.71705893	2.4660868	9038.5777	22.808102	17.845565	0.16953152	0.049386029
5458	0.82188411	0.57203947	1.2881567	298.09877	8.3807942	1.3902219	0.27387657	0.013822903
5459	1.2145006	0.64836592	1.1145875	1867.373	18.390234	13.251845	-0.030217106	-0.19896296
5460	2.8308551	-0.9180392	0.85264901	9999.6328	70.387018	60.034714	-0.047942821	0.10413044
5461	5.285396	0.39415	2.6495551	3586.2241	15.944536	14.851659	0.049392423	-0.048561147
5462	1.7604912	1.5415542	2.1298787	2798.2118	39.931258	39.917795	-0.018225569	0.10261111
5463	1.1528462	1.0906881	2.1435866	1889.1326	13.045471	10.997862	0.050209245	0.035922824
5464	1.0187034	-0.15903718	0.31870267	8942.2785	134.22515	83.932104	0.34343758	0.012253549
5465	3.1526869	-1.1011498	1.0863124	3157.1642	38.764339	34.203762	0.023138649	0.14573644
5466	3.554109	-0.6196937	1.9310504	1311.0326	18.685576	11.831673	-0.011086297	0.024512402
5467	4.7250627	1.3064403	1.8721177	1786.9385	39.048959	25.134274	-0.068653082	0.6690617
5468	0.15424761	-0.32141364	0.4532329	3246.4077	14.967709	13.33248	0.29561575	0.26776328
5469	1.9741789	0.35921076	2.2285184	295.39015	3.6940005	1.2038781	0.011513969	-0.025974627
5470	3.1861112	-0.71798319	2.2283086	1822.8612	25.26266	2.7580526	0.09983776	-0.00023821955
5471	6.0177963	-0.25441848	0.91578765	239.57229	8.7768977	2.235117	-0.037754906	0.073407001
5472	5.0378621	-0.051249942	2.4008202	772.76528	12.520409	12.134291	0.10498605	0.23474878
5473	0.7433141	-0.13358908	2.8123388	2620.7614	26.394883	11.106633	-0.0024214767	-0.041564322
5474	1.6355635	-0.20421037	1.0908587	3389.0616	13.012773	12.078867	-0.11730185	0.020274246
5475	3.889126	0.079022893	2.1895803	348.39656	1.8980436	1.3161197	-0.11182673	0.10607416
5476	4.9051529	-0.36029502	0.86327642	4357.6905	58.13472	53.463898	0.08169983	0.16391909
5477	1.1081804	0.11601759	2.7686861	6467.5358	18.860925	17.990971	0.24376604	0.11523108
5478	1.3275806	0.6281474	2.4191071	6759.3394	54.124387	53.096336	-0.0078143161	-0.021666483
5479	0.67384323	-1.1693389	0.73914847	3297.3342	13.462706	12.877221	-0.018637106	-0.034934019
5480	6.1921283	0.87018519	2.7669243	12536.745	225.18154	94.633327	0.14714366	-0.0015760098
5481	0.73159747	0.078800456	2.6791274	2264.9903	12.655194	10.739152	-0.42611834	-0.18457772
5482	5.5350296	1.1585079	2.7977923	1846.8906	12.424297	10.784598	0.0085579401	-0.070131697
5483	3.8751096	-0.39543373	2.9062938	2961.8642	31.847319	14.031857	0.30481012	-0.37242629
5484	2.4792936	-0.012571461	2.817811	21489.162	207.43193	192.74032	0.27208256	0.05955792
5485	0.20552296	-0.19852949	0.14192989	664.26162	1.5757402	1.42971	-0.014706066	-0.17796601
5486	6.1563556	-0.82733562	2.2797045	1723.9062	11.910859	10.588062	0.12394945	-0.11819984
5487	5.3270048	-0.070936181	0.4581067	5805.3958	69.312012	60.111413	0.031960888	0.048949552
5488	4.3028137	1.1674887	2.4483606	2348.5794	30.516255	22.220622	0.07603024	0.082251256
5489	2.8028958	1.2497319	2.6654446	747.52464	10.566864	2.6222015	0.15870441	-0.00038808929
5490	5.3415175	0.97711074	0.69878625	974.41576	26.46328	25.928347	0.04878186	0.067055914
5491	4.5019581	-0.80645601	2.6938426	6085.7019	43.2842	17.527523	0.051363623	-0.065445522
5492	1.0509788	0.78075748	1.2108532	1004.3189	13.157709	10.063917	0.044984022	0.0035474721
5493	3.3905993	0.68507224	2.6231829	897.06641	14.083437	2.3265119	-0.13130363	-0.0087559346
5494	3.2701514	0.65676204	1.0504984	3103.35	34.990604	33.932003	0.088153647	0.12467686
5495	1.5504218	1.1082114	2.665311	4031.9666	16.646541	15.097717	0.00032727123	0.59813694
5496	3.583534	-0.46882333	1.8976019	5306.9584	53.404567	43.62697	0.33244909	0.0092650155
5497	3.5038182	0.028558263	1.3439645	4835.317	72.018938	66.642837	0.083418985	0.01443201
5498	2.9183937	0.2303467	2.7385893	1952.2859	22.911263	12.673431	0.10565163	0.050543496
5499	3.7487273	-0.040767909	2.676142	1895.9184	12.533628	11.929421	-0.034282832	-0.0038523392
5500	5.0261576	-0.29184037	0.46359758	950.45138	20.814952	9.7283243	0.048636798	-0.098146573
5501	1.4068942	-0.63890018	0.2639281	8313.7961	60.947611	60.365369	-0.012939105	0.022770335
5502	1.766155	-0.16745202	1.8550098	3352.4795	59.672458	52.56228	0.20857645	0.011845188
5503	3.7264884	0.92119009	1.0211266	4826.85	72.913874	57.252651	-0.043287515	0.13399069
5504	1.5284816	-0.29706339	0.72366471	6575.4792	80.420332	32.809629	-0.014165106	0.10969697
5505	5.1397055	-0.53857446	0.49999156	19200.596	202.90629	132.67861	0.017726742	-0.33753889
5506	3.425955	0.90026505	3.0607674	1291.9235	40.85865	23.759367	0.14017351	0.30177049
5507	2.0837604	0.17862072	0.99626318	6397.5234	180.23284	95.56957	0.077599878	0.27985643
5508	0.7593868	0.21803852	1.6699922	4405.303	58.770664	51.032758	0.22043323	0.012646201
5509	4.8366793	-0.076831836	0.23460917	1603.2274	27.363738	13.426995	0.22848484	0.052019824
5510	6.2610018	-0.14061983	2.0832938	492.24448	33.278182	11.034009	-0.0060236757	0.33101097
5511	1.9720407	-0.30785862	2.8348658	7336.2703	114.1205	62.107469	0.14602141	0.30893663
5512	0.67556777	-0.60865156	2.7928757	3641.6821	41.40322	35.821849	-0.013247784	-0.067687542
5513	4.362243	-0.62494284	1.4008577	481.92657	9.2116683	1.555592	0.10978168	-0.0079962934
5514	2.5340821	0.1138766	2.4104265	3399.9863	13.71225	13.265026	0.68459016	0.012360139
5515	2.2820748	-0.47187644	0.52117802	831.77811	11.963965	11.257452	0.030990153	0.1015315
5516	5.4077383	-0.4195604	2.5446838	7169.454	48.117829	47.402098	0.082197943	0.070608229
5517	4.1346165	-0.7156185	2.5713275	7730.4418	73.74298	54.028155	0.040533041	0.54353158
5518	5.4334043	0.36999311	0.82492949	7091.5641	63.255129	45.806955	0.010612891	0.40883709
5519	4.208392	0.15764466	1.80508	1349.366	42.894631	11.765316	-0.01747171	-0.12109274
5520	1.049911	-1.2589649	0.37685699	6813.3672	38.961061	19.35237	0.31610494	0.10324172
5521	2.7423468	0.89675995	0.38479497	1869.5844	47.875928	42.361599	0.071533114	0.21181698
5522	4.2302584	-0.84403903	2.0576622	1611.5015	64.650308	39.834268	-0.11442295	0.12622025
5523	2.5302318	-0.56653243	1.1780379	7858.1001	66.126452	59.553121	0.0023398056	-0.11730115
5524	2.0442135	-0.2356787	2.4426199	3583.1387	75.803071	50.575474	0.13887239	-0.014698334
5525	3.679524	0.24076171	0.8938771	1488.7179	55.765759	49.222047	0.075444149	-0.087018711
5526	4.567568	-0.71804181	2.0472712	3862.7145	60.845274	25.03662	-0.10181344	-0.035672854
5527	6.1231243	-0.26414247	0.23799792	4595.3389	145.2552	144.44453	-0.55831774	-0.41809753
5528	0.89007419	0.62849443	0.61783295	5663.3584	52.173249	46.806796	0.15329633	-0.0065991214
5529	1.927802	-0.074667985	1.0076347	10582.791	70.445492	58.452062	0.25040499	0.12023124
5530	6.1684688	-0.61067382	2.0628772	3090.574	34.942289	31.333871	-0.047413726	-0.093454434
5531	4.8507767	-0.23628222	2.2825846	2460.5941	13.395278	13.354844	0.069004612	0.027379243
5532	2.6559435	0.69476274	2.4745541	420.76754	4.7618157	1.3014769	-0.39110916	-0.0679315
5533	1.5454981	-0.29086264	2.3284936	2898.2702	63.663676	49.068059	0.069467801	0.20892896
5534	1.3547699	0.94779772	0.93396444	2219.2971	46.186481	37.422319	-0.089726653	-0.22137738
5535	5.2435072	-0.55003345	1.1708383	888.39453	34.399947	5.2316792	-0.00033316924	0.021941431
5536	1.0597648	0.89012928	0.58368208	10177.124	53.567922	49.179204	0.033860255	0.076292467
5537	5.9236955	-0.32816067	2.3495441	2250.7595	14.036684	10.924718	-0.12330657	-0.022620373
5538	4.6733085	-1.0862909	0.6059882	2220.2521	37.399441	22.678227	0.046572678	0.030527312
5539	1.0239005	0.027537481	0.57221556	3772.7989	15.990006	12.586081	0.056559687	0.15732586
5540	1.8833782	1.2157409	1.6613819	850.19176	38.592677	35.508033	0.2745912	0.0076556031
5541	1.4587218	-0.068864763	2.4692497	2358.5109	12.20583	9.5780442	0.18075668	0.2670234
5542	1.9759472	0.94789756	2.4116233	1747.0558	45.965653	41.258023	0.0017777796	0.061624082
5543	1.4254903	-0.02323922	0.32512696	732.29413	5.6604542	1.8475885	0.071004871	-0.079629609
5544	5.9145292	-0.34750524	0.22840047	636.2381	4.7102672	3.1033371	0.34037079	0.041543381
5545	4.5534491	0.59601534	1.3180755	3029.1344	53.967575	40.130483	0.057744704	0.10213087
5546	6.1015709	-0.72288118	2.1674954	1269.6949	12.607835	10.281006	0.12614755	0.071029841
5547	1.1828288	-0.25379559	1.995706	2855.4572	12.324993	11.442926	0.3501942	5.3212676e-05
5548	2.6906544	-0.039105029	1.6249093	1488.3184	29.405903	28.414151	0.33062566	0.080737081
5549	1.6677915	-0.20813846	1.1537837	5849.4331	53.391204	43.850911	-0.00658614	-0.05086036
5550	2.8144414	0.14400265	2.2467345	503.3608	1.5986204	1.3978439	-0.039355022	0.022588262
5551	4.3286718	-0.96065623	2.6424947	1216.9483	11.552152	2.1512052	0.17479864	0.04327603
5552	5.9961566	-0.60489371	1.1917001	4764.3601	137.96578	90.794428	-0.0012160363	-0.46669011
5553	5.3348733	-0.12777359	1.8160151	1227.4645	11.297628	9.0910158	0.20464159	0.12099162
5554	3.7771509	0.044030819	2.6294285	2267.5691	42.675291	33.515075	-0.0026778863	-0.18058553
5555	3.9523352	0.84185814	2.6342297	5375.3396	55.443265	43.308744	0.041462537	-0.085422083
5556	3.2549067	-0.55975521	2.3567923	1789.8764	26.782571	16.947124	0.26329444	-0.049131713
5557	3.562137	-0.25957096	0.34452133	4140.4481	16.170582	13.830192	0.00086494067	-0.26423492
5558	5.7136799	-0.3261661	2.8089745	3502.7147	15.758546	14.860359	0.1405485	-0.014381044
5559	4.7415129	-1.2112222	0.97022729	7495.2953	44.276011	41.420407	0.0094057454	0.0011364046
5560	3.0565483	0.66995139	0.54337299	1952.7245	13.075237	11.121199	0.0035808651	0.083599843
5561	0.4532823	0.66414172	2.2123242	742.90902	11.606945	11.275645	0.21061396	0.085767675
5562	5.1092575	0.41450942	0.65457734	16090.046	113.37088	76.430818	0.034383138	-0.19511075
5563	3.676284	-0.89713669	0.44465395	1794.8547	13.318547	11.777217	0.48069469	0.15176858
5564	6.1404082	-0.10013247	2.5342902	851.50856	4.2439242	2.4068439	-0.0018154965	0.12052306
5565	4.1426197	-0.11890253	0.31790321	2652.2187	41.389047	27.371009	0.0070283868	-0.14847897
5566	0.76223409	-0.22812668	2.15063	1032.1634	33.894649	29.775463	0.019139305	0.058220248
5567	2.9899224	0.079814611	2.6300976	3835.0698	67.27896	63.419678	0.027572545	-0.30100595
5568	1.7954648	1.2117105	2.5583885	1946.2624	12.383242	3.8551238	0.021415607	0.10144181
5569	1.9280234	0.5966573	2.1162566	709.71614	10.962853	9.4149554	0.096508575	0.37572995
5570	0.70007489	1.3916651	0.96025324	7763.6037	70.124285	68.070829	0.032437968	0.11443851
5571	0.5758642	0.57183189	0.25139235	12515.517	54.46261	22.946459	-0.34148316	0.089740101
5572	3.2086975	-0.47200237	2.8463412	756.81718	1.573213	1.5428428	-0.0041195289	0.016455076
5573	3.2827243	-0.38859107	0.55813433	8411.2092	99.375273	57.714759	0.30179771	0.0014509111
5574	0.71136362	0.00034770514	2.3316923	2363.5178	45.078563	29.156367	0.020421051	-0.11868541
5575	5.2812819	-0.7626091	0.64190906	2012.6132	13.272081	11.099571	0.14508672	-0.076592908
5576	0.15040529	0.67670712	3.0595425	2984.4112	13.802705	13.466343	0.090715664	-0.043371427
5577	3.6944146	0.9695233	2.8303852	5657.8102	64.034827	49.423151	-0.012728861	0.18603785
5578	4.0997113	-0.05153014	2.8838625	4176.1188	51.252572	21.970146	0.01924832	-0.14791861
5579	5.7773402	-0.69344857	2.5981358	2391.2868	13.437364	11.676125	0.013124496	-0.041976599
5580	3.4661303	-0.95995313	2.4825927	2713.7715	60.056783	56.961636	-0.1325948	-0.082934691
5581	1.7479472	-0.80507016	2.8831222	1498.5675	11.374336	3.6251895	-0.023341463	0.056426558
5582	4.379477	-0.73599414	2.2184286	8907.4227	110.51633	64.825368	0.014158141	0.27304062
5583	4.2051396	0.42055187	0.38257856	11296.741	212.91621	79.934261	0.14924506	0.094234895
5584	6.2786218	0.16083192	0.52566433	8797.5805	74.635669	70.744324	0.083794123	0.052473436
5585	2.8353238	-0.97489169	2.773868	4074.3761	15.398453	14.094514	-0.39092404	0.058598466
5586	2.0872831	-0.30361843	2.8842341	594.14169	2.5916055	2.183336	0.01879907	-0.0077846067
5587	2.3393418	0.2042073	0.73441981	3347.2954	59.867117	46.902759	0.38976251	0.0210272
5588	3.3059458	0.53959559	2.525632	3955.0115	15.670494	15.420982	0.0027919935	-0.029481942
5589	2.9605361	-0.16866523	0.7226781	1755.2188	11.011501	10.68587	0.081355129	0.17239878
5590	0.26471671	-0.58824949	2.5246909	274.47198	3.3256462	2.0227982	-0.077230976	0.0018471108
5591	2.4329787	-0.59071085	1.3373469	798.68084	23.155967	2.0529113	0.24511813	0.25294218
5592	5.8689565	-0.58194017	2.4774793	1010.4413	2.5729254	1.9912169	0.0099816371	0.1985851
5593	1.1357562	-0.64017949	2.7050742	1198.743	2.8537111	1.6866294	0.10218316	-0.017879239
5594	3.1816137	-0.7239887	0.66725668	12345.014	75.186608	70.444004	0.038748583	0.24988093
5595	2.2383835	1.3277447	2.4018672	5427.3418	17.812241	16.158757	0.16073116	0.010035473
5596	6.0650579	-0.80271019	2.7061669	600.0232	16.463768	1.4721863	0.053912707	-0.03957791
5597	6.1083786	-0.29680526	2.1880268	1840.7319	51.200128	31.959501	0.089163555	0.11088844
5598	2.686568	1.4876172	2.5511282	3058.8017	36.973587	31.942973	-0.047299485	-0.3805833
5599	4.3390143	0.24532555	1.7915708	2143.7662	53.496692	46.919911	0.15681347	0.10350231
5600	2.7732572	0.60168227	0.60127029	3985.0674	82.875312	63.058671	0.025768738	-0.34337829
5601	3.4814032	0.61681576	0.57330906	907.10846	34.907826	27.330264	0.088693734	0.16921237
5602	4.4392733	-1.0152997	0.77419683	6489.5218	110.20761	76.308392	-0.12500885	0.0017799207
5603	0.70956687	1.206029	1.6315693	1312.6102	35.57489	33.684919	0.0020935851	0.36436619
5604	5.1417854	0.67704918	1.0304849	1375.3852	19.953606	13.188387	0.28959868	0.055571862
5605	1.5094057	-0.34735182	0.15338946	3105.9667	57.75059	43.51339	-0.20241972	0.028955505
5606	3.5198251	0.20461433	0.53699512	7046.7245	52.648811	52.163758	-0.19332636	-0.022758762
5607	4.1890522	-0.0062927949	2.2445418	1598.1155	35.643119	27.862175	0.22306907	0.061166517
5608	5.4593136	0.083539563	2.1130951	802.6205	11.915607	10.467167	0.10741317	0.43184445
5609	2.3143027	0.9320131	2.1821559	1994.5878	13.370456	12.293851	0.056600285	-0.2091776
5610	0.56529675	0.22482132	2.5177205	3638.5124	19.286679	14.78704	-0.10528238	-0.11693892
5611	0.8642618	0.15806751	1.8987393	721.45463	33.172067	26.837734	0.029870828	0.038661807
5612	4.4030292	-0.051972615	1.0986701	2319.959	11.672727	7.1235601	0.098666659	0.211284
5613	1.8446613	-0.78330831	2.642655	3672.4477	29.018551	27.022096	0.30031151	0.0012418803
5614	0.93481748	-0.21189506	2.4995835	2422.8345	13.903921	11.346054	0.15627702	-0.071183147
5615	3.2538455	-0.025042159	2.5915797	1312.8971	10.669374	1.5849291	0.14428209	0.019118289
5616	5.2999094	0.21653745	0.7121919	962.55091	10.980674	8.8004737	0.008139666	0.0020594747
5617	5.9257654	0.037417128	2.8918607	9469.3481	21.185584	20.707125	-0.05028115	0.094670262
5618	2.4397126	0.024633811	2.3648739	7280.0876	61.900011	58.35502	0.028491534	0.078794024
5619	1.4257877	0.79342125	2.2834774	968.89043	10.907437	9.3136447	0.030399324	0.12885968
5620	3.9080367	-0.99538477	0.076756665	363.16449	1.7743205	1.3861523	-0.038376512	0.011777866
5621	0.1121596	1.089976	2.1868957	808.63416	3.4682484	1.3877982	-0.039440337	0.0073096508
5622	1.5253778	-0.28705048	0.37249421	3604.1326	78.47785	35.879431	-0.066046497	0.55722661
5623	0.8371624	-0.55098793	1.9884018	3893.2986	58.163833	49.547057	-0.0031690015	0.0015775276
5624	4.8675091	-1.0946887	1.8951614	1702.0048	11.316159	5.1870696	0.0050778375	0.11986954
5625	1.9815257	0.4147772	0.48754433	1415.0946	27.1323	1.5201871	0.14011008	-0.0028417089
5626	2.8115932	0.0058004573	0.9452405	4268.4025	60.600504	50.908688	-0.029223168	0.16100428
5627	2.6443424	-1.0927614	2.4537812	722.89966	7.9088467	6.2474119	0.19030481	0.11158685
5628	6.0912508	0.84514853	0.59738291	2865.9883	13.447617	12.923542	0.040236489	-0.21999467
5629	0.13096961	-0.24510136	0.46250582	2059.186	13.857558	12.676398	0.12058643	0.019916467
5630	4.6663321	-0.53528931	2.4874341	1253.1674	11.826913	10.82483	0.048682913	0.056400064
5631	3.7780298	-0.32770858	0.39089915	861.62367	10.903523	10.594085	-0.09384572	0.010377767
5632	2.2718253	1.2294144	1.4153629	1904.3587	11.749385	9.8419597	0.018344188	-0.14743167
5633	6.0410719	0.49696838	0.46757919	2450.0092	13.639746	10.987187	0.017874009	0.062357384
5634	6.202076	0.39679136	0.86807454	357.81096	2.1782073	2.0472798	-0.16263735	0.00076236701
5635	0.62183324	-0.9323011	2.451826	2017.4811	12.145973	10.837622	0.022156886	0.030969317
5636	3.7682126	0.90275002	0.98387004	7720.4053	82.290803	76.855503	-0.10434833	-0.26414039
5637	2.2555527	-0.40332807	2.1368001	5071.4588	48.835808	34.059674	0.046765896	0.11443994
5638	1.7079288	0.57560311	2.9641254	9941.5908	85.153403	70.124706	0.23838848	0.34075419
5639	2.5939387	-0.33980413	2.2159174	3030.2526	15.461763	12.706936	0.12581099	0.642503
5640	3.3170629	-0.86507111	2.5139488	2435.0039	13.020034	11.598186	0.02683463	0.12616615
5641	1.6606964	-1.0484112	0.83033015	11394.296	121.17318	117.29359	-0.025891574	0.22699982
5642	1.6568146	1.0513868	0.67666883	5912.4174	18.60494	18.495997	0.026000886	0.016366677
5643	2.8133462	0.28826475	2.031614	1987.4981	14.976099	11.294847	0.22654254	0.07065405
5644	1.7980421	0.78299995	0.06913186	306.45674	2.4887026	1.3795947	0.16837114	0.23952478
5645	0.31970007	0.95997587	0.3941828	3686.085	17.672625	16.127451	-0.066726767	0.0020956156
5646	5.0036323	-0.30081296	0.099035055	731.01586	10.729338	1.5065018	0.073490669	0.057930395
5647	0.77175227	-0.32009153	1.3922986	1257.452	28.434012	16.922176	-0.021468628	0.028505255
5648	5.6808551	-0.60246872	0.70095329	1220.8462	21.44125	10.349582	0.088968496	0.0021438733
5649	3.596193	-0.70101027	2.5111561	2197.4925	12.187275	11.508942	0.058150168	0.015861033
5650	6.2699218	-0.86785441	0.14968319	2025.6838	28.225265	11.512548	0.055986715	-0.065882284
5651	2.5810853	-0.046731977	0.73628504	1799.1549	12.949535	11.572352	0.47987825	0.13504919
5652	4.4354056	0.61533687	2.9735523	11957.481	114.46866	46.423305	0.18400454	0.30958002
5653	3.894108	0.48851529	2.2187323	4047.7249	43.4112	14.897421	0.23182866	-0.071615485
5654	3.8395948	-1.4518154	1.1956841	3314.3631	75.210075	53.730301	0.01673343	-0.32853267
5655	6.0699641	1.3499651	2.4184072	11592.305	73.361488	50.879216	0.00033248587	0.063214492
5656	6.1616093	0.53691771	3.0172889	1432.7209	16.066782	11.855735	-0.012294802	-0.00039515671
5657	4.2323054	1.1010487	0.38701815	6895.7812	34.433325	16.584025	0.12201511	-0.10065123
5658	1.6554187	0.54236276	0.47576122	10740.867	105.54228	74.993694	-0.004958805	0.0048945186
5659	5.8795599	-0.68680363	0.72928788	503.1658	9.7753837	1.9685905	-0.17622855	0.088278843
5660	0.54154363	-0.5163149	0.64771526	15250.314	86.584856	85.12475	0.075099489	0.24675369
5661	3.0958975	0.48725118	2.9447563	5134.0596	56.020845	53.289083	-0.040098402	0.017504703
5662	3.1241193	-1.0290787	0.65150419	5227.5988	45.300985	36.793524	-0.00040743806	0.12085321
5663	1.6855739	-0.4599957	0.59001368	2392.9005	15.380111	11.500201	0.30508875	0.13788446
5664	5.2317318	-0.43346914	0.49142484	2802.7941	14.62074	11.831356	-0.062489295	0.048646241
5665	5.823544	0.96829259	2.3736535	1396.1026	11.366035	10.730305	0.032106329	-0.11086996
5666	1.5715078	-0.95104991	0.65423503	3937.8428	17.56491	17.119547	0.24174622	-0.087539115
5667	2.3536726	-0.47011139	0.28328239	1060.3348	10.529964	8.5453355	0.14732358	-0.0068089226
5668	3.820137	-0.29386882	0.5185878	3622.4446	15.911454	15.515628	-0.022795582	-0.080471932
5669	3.7816534	-0.91800863	0.20510627	1273.1146	6.511566	4.4971701	0.061694126	-0.0082802235
5670	6.1551485	0.17073548	0.35184991	7377.6494	20.868511	19.40174	0.1638965	0.02830224
5671	3.5854535	1.0274818	2.6034895	1260.0938	32.654113	31.786695	-0.0042728104	-0.12128791
5672	5.6372004	-0.41004998	0.68304164	3995.7729	14.813223	14.311863	0.015352301	-0.018412921
5673	3.4134143	0.44536888	0.72338018	5593.853	91.833957	71.909252	-0.012444195	0.070036624
5674	0.83787475	-0.5648719	0.51224103	785.07495	2.3460975	1.9520741	0.00063762111	0.019171677
5675	2.38108	-1.2496764	0.44273264	7449.943	52.024247	31.528262	0.1455416	-0.025455065
5676	5.282014	0.1987758	0.44792638	1563.9386	9.3110555	9.2204598	0.16464931	0.038791154
5677	5.4590013	-0.27894758	1.5120928	3741.2035	86.443379	38.960423	0.3688708	-0.040825573
5678	0.23100971	-0.60388802	1.8782091	349.2113	24.122906	1.577504	-0.30011711	0.051559572
5679	1.9229337	-0.76301183	0.38321677	5597.061	64.348833	62.874748	-0.14572423	0.022425571
5680	2.3258043	1.1391201	2.1727031	596.61794	8.1644337	8.0821491	0.046121576	0.09236378
5681	4.225976	0.13058689	2.715562	8131.2827	83.37223	74.278092	0.00041297768	0.024549588
5682	5.1560021	0.48120173	2.4048713	3200.8554	45.402474	43.292465	-0.045614395	-0.1689371
5683	4.658136	0.3090102	0.98654687	557.06984	16.224431	9.4450646	0.036794432	0.02726644
5684	6.2650163	0.8721587	1.9975062	2504.9462	63.505005	42.727647	0.033621657	-0.036129656
5685	5.7622795	0.60212483	0.17077725	1379.8229	9.8060825	9.5935724	0.03867859	0.17902625
5686	4.6120564	-0.20708736	2.8797804	1021.0968	10.338901	1.6772746	0.0142758	0.033601689
5687	5.5538869	-1.0973924	1.5980942	1029.8281	11.921676	8.8803128	0.066383361	-0.19113025
5688	3.4649548	0.17629175	0.32103356	3035.3397	14.368884	10.287536	-0.080369539	0.17634869
5689	0.41891615	-0.31324248	1.3257746	1709.001	12.497994	12.408008	-0.25421584	-0.00030151727
5690	3.2140959	-1.0010052	2.755148	6864.7328	22.702183	18.693514	0.097217225	-0.019105674
5691	5.6914962	0.11767108	0.73086412	2619.2	76.023061	57.851658	0.040549644	-0.055695587
5692	5.8156476	0.51875731	1.2476435	4614.7542	64.159593	50.985635	0.0016113264	-0.0086436012
5693	1.119215	-0.25851582	2.5404785	2180.3701	34.422588	30.058826	-0.17322605	0.21039077
5694	5.3800552	0.19580979	1.8285562	2224.4434	59.468083	37.614146	0.44035478	-0.091718182
5695	2.6794083	-0.39377516	2.1242556	7221.7209	51.53091	27.142107	-0.22008177	-0.029648663
5696	0.21404552	0.15107413	2.0111706	2588.5987	36.475958	23.78428	0.079842771	-0.14600458
5697	5.4636732	-1.0435284	2.3561078	600.93293	10.089682	9.5554658	0.019929146	0.18474103
5698	4.2778309	1.0441451	2.8508787	315.95352	1.8744975	1.4384417	-0.23803925	0.012996636
5699	4.0482672	0.50156952	1.2117803	2610.6759	12.88072	11.145975	0.093632834	0.3787989
5700	0.99494422	0.18384044	0.78600197	1815.6306	38.735958	29.680333	0.04787522	0.39705676
5701	2.7483757	-1.0617922	2.210065	700.18502	3.8182552	1.4825518	-0.068697125	-0.041553371
5702	0.53277014	0.87362161	2.4514545	3664.8712	57.151728	54.660144	0.078149808	0.12156838
5703	1.9263809	0.13885442	2.2735473	1567.801	40.742321	34.395289	0.27911353	-0.14136471
5704	1.6624613	-0.99691133	0.52204009	9966.0823	85.535307	61.772028	-0.0013402856	0.12960143
5705	3.3404341	0.25110107	2.4487641	4710.7622	53.640443	49.361787	0.086201302	0.11987203
5706	2.2061186	0.34257454	2.6571249	5883.5186	83.426337	45.267147	0.031030294	-0.10686638
5707	1.4863441	-0.17185101	2.4971533	5847.0705	95.921596	75.598646	0.47178312	-0.56996113
5708	5.910886	0.70971816	0.88898058	3039.8257	30.326089	16.068809	0.25746114	-0.0080655524
5709	3.8040016	-0.64508216	1.8877455	3803.2501	13.592379	12.476296	-0.14251378	0.020271857
5710	3.4810893	0.28019618	0.51336528	7369.4877	18.49229	17.499876	0.2047437	0.068457778
5711	1.8449358	-1.4808391	0.91804647	3962.3019	39.331801	35.774088	-0.010960215	0.0028804747
5712	1.1588897	-0.094355025	1.8213895	796.03443	22.181971	19.753711	-0.052337565	0.81322586
5713	6.0631506	-1.0771757	2.7317704	17595.05	103.62771	88.445206	0.21975448	0.080681375
5714	4.2530028	1.0064919	0.59580893	4081.0654	92.714039	53.944554	-0.0021465599	-0.15988664
5715	2.2974577	0.86606949	2.3293147	1581.9726	33.412133	20.093731	0.22605058	-0.0093803886
5716	1.7089045	0.35738047	0.38643874	2495.6153	13.10862	13.021416	0.0094814095	-0.064798431
5717	0.89652748	0.98194767	0.042308259	5524.3763	34.728625	19.260661	0.12354184	0.10636603
5718	5.3515957	0.67311234	0.61664637	2340.2066	29.04521	13.098695	0.27929615	0.20816153
5719	1.4702223	0.37828932	2.3319397	12558.129	96.430301	91.772442	0.013192558	0.020053478
5720	1.2572201	0.80732887	1.3310097	1287.1489	11.605418	11.583721	-0.18576843	-0.18649248
5721	1.7007133	0.11107908	0.70709824	580.93945	3.2166667	2.71362	0.024521473	-0.029053779
5722	5.8920891	-0.27437547	0.94392766	1835.4874	35.876578	19.634083	0.1128797	0.012625692
5723	3.6487226	0.10057817	2.6811974	1863.6992	13.628703	12.884387	0.0060225647	-0.0038959272
5724	2.4000499	0.88844471	2.5211168	877.48919	3.327779	1.5647231	-0.25501449	0.0035138012
5725	0.25992788	-0.2197403	2.0654882	2530.5877	62.22369	54.599675	0.052623859	-0.36994164
5726	5.7363126	-0.9502558	2.5809387	6790.0222	20.666185	16.580084	0.25350888	0.24462318
5727	2.0132442	-0.70594407	2.6285618	6679.8426	55.318025	46.734359	-0.21113424	0.11794598
5728	2.8757099	1.0298911	2.0258793	8956.882	70.720289	58.206515	-0.070957796	0.25672288
5729	5.5257085	-0.70713302	2.1682332	3475.9869	61.302528	52.873301	-0.020038034	0.13012178
5730	2.9408596	0.50854621	0.66275003	483.83545	2.0419808	1.4842047	0.29959756	-0.034599363
5731	3.3329274	0.76703337	0.68450325	2401.9163	13.718212	8.8306374	0.30902072	-0.079343603
5732	0.62455344	-1.1409014	0.56132442	1071.898	12.01905	10.625753	-0.18996305	0.03018791
5733	3.7358258	0.42197874	0.87348665	780.96906	9.9409016	3.4391883	-0.13634996	-0.048842967
5734	2.2163665	-0.25622791	1.1909461	1527.696	18.264826	17.458971	0.053702829	0.28121781
5735	2.9017337	1.2035463	1.1217105	3529.6345	16.222883	15.512833	-0.21057872	-0.09917828
5736	1.1540401	0.12963143	2.8267067	8607.4002	43.956383	40.135496	0.15613768	-0.038527742
5737	0.18471208	-0.36403293	0.2016333	522.06054	1.9871706	1.4469068	0.17220624	-0.0076955217
5738	3.3373687	1.2113419	2.8857213	2266.646	23.135005	13.687548	0.12186079	-0.058325892
5739	4.4478173	0.66131462	0.69917912	16073.683	197.65928	183.76476	0.28197635	0.072419555
5740	2.9083657	-0.57347397	0.23774838	520.01473	1.5393748	1.470703	0.15802194	0.19712913
5741	2.4921312	-0.65373949	2.2507243	1579.7702	39.923063	25.575188	-0.30097573	0.04350718
5742	5.8246907	-0.26501071	0.54474537	4982.9893	26.577835	26.091365	0.0038727347	-0.029974627
5743	5.2124295	0.50488092	0.82199054	2037.7945	41.305426	12.403736	0.14249626	0.032976737
5744	0.16392133	1.0690538	0.8461085	2222.3238	12.95597	12.309301	0.027931172	0.11154343
5745	4.0186264	1.3795419	2.224927	12107.434	99.14098	97.565233	-0.23379431	0.028252244
5746	5.2224888	-0.59730596	2.6088106	4946.4155	47.36187	43.14314	0.36715786	0.2402392
5747	4.4023573	-0.85121312	0.83895227	1222.0116	10.979196	3.2106356	0.092501831	0.090344519
5748	3.8869021	-0.70844162	0.79121921	3660.9226	55.355804	43.34006	0.014854935	0.016985112
5749	5.6198539	0.2330651	0.95566913	902.74597	31.649929	27.832443	-0.21175237	0.12965885
5750	5.1304179	-0.27494368	0.59316334	6786.2565	39.946605	35.173536	-0.022197215	-0.1673221
5751	1.1974442	0.33186816	0.78298838	2106.7551	13.87982	9.5156568	-0.16578705	0.27970118
5752	1.2981207	-0.66049424	0.3647555	1308.3638	30.668834	26.575949	-0.2074624	-0.24384154
5753	2.4523426	-0.19326564	2.2241925	886.0825	11.716565	9.6736808	-0.16892737	0.035042095
5754	4.0332794	-0.28660888	2.0502542	391.74634	10.251949	1.3566118	0.21049933	0.010747962
5755	5.1595427	0.49890749	0.50916254	592.77476	10.174244	4.0433634	0.23760953	0.22864154
5756	0.79347307	-1.1335422	0.39549378	1454.8346	50.150025	22.699344	0.095586378	0.083420831
5757	1.829498	0.33010109	0.82619472	9390.8719	65.789099	40.473163	0.11912103	-0.13932017
5758	3.3735639	1.2746657	0.85398999	8046.1624	78.660575	74.452509	0.37155672	-0.0065728283
5759	4.9087208	0.42856534	0.18823068	12314.231	93.14514	89.442107	0.013505288	-0.083023918
5760	5.4142505	1.2187914	0.75657812	2596.084	18.781367	11.165619	0.22425182	0.036227327
5761	6.0587668	-0.256373	1.8748868	1195.5838	11.880558	11.819385	-0.0028723911	0.35752824
5762	6.0906358	-0.9786818	2.0192198	270.34077	3.826484	1.2648581	-0.041588034	0.0043376547
5763	0.80385917	0.47951846	2.5559372	1600.1232	11.401946	10.364092	0.076991068	0.36813788
5764	4.576485	0.216086	0.43310121	7244.7554	54.813881	42.790006	0.093013912	0.31421248
5765	2.2133368	-0.13104791	2.5870166	6393.4493	60.743785	52.406608	-0.04947776	0.046851397
5766	4.1687978	-0.28200397	2.5915285	7252.1416	50.410879	45.385763	0.027577121	0.006484713
5767	4.9632147	0.98081201	2.7875854	1038.0764	10.443121	10.433102	0.054433898	-0.0049321211
5768	4.3459434	-0.09107651	2.3413906	2135.7281	41.792035	34.299206	0.07618388	-0.031712033
5769	2.7437651	0.63434953	1.0438638	2466.2828	40.830413	35.916762	-0.17178197	-0.11005748
5770	0.37166503	-0.59228118	0.91790614	558.95246	2.083461	1.9565249	-0.017130572	-0.001487454
5771	5.6403816	0.35124444	1.79708	7519.7885	207.84572	98.457034	0.2309623	-0.014233604
5772	2.4451696	-0.62835761	0.70112646	1553.6271	39.792995	31.176722	0.30011533	0.48835606
5773	4.0715979	-0.67038101	2.6308354	514.3686	1.5364207	1.393609	0.087915873	0.0091878373
5774	3.5027378	0.6297942	2.320551	1337.8421	27.573468	1.4965023	0.1363297	0.039646085
5775	5.439197	0.63818248	2.3210705	627.13898	11.237525	1.8716671	0.10891291	0.08351827
5776	3.9249964	-0.14397747	2.099811	3046.7549	51.289163	48.114057	0.067731205	-0.17015522
5777	4.3536504	-0.87313472	0.99547305	4592.4295	54.442545	46.916055	0.012140848	-0.016890296
5778	1.4176834	0.30808293	2.2938302	2776.9141	12.824739	12.273894	0.0037651381	0.19511385
5779	0.57343434	-1.0393082	2.1983956	10182.291	111.72946	87.663598	0.18678357	-0.0088104932
5780	1.328414	-0.46899296	0.40414746	1985.9584	13.182083	2.6347774	0.29062968	0.033976328
5781	5.267378	-0.22431298	2.332132	3900.7815	52.506358	5.9268274	0.27135808	0.13951111
5782	6.1056994	0.63333212	0.048231766	695.01838	2.6397115	2.038828	-0.015719805	0.16041326
5783	2.5385174	0.78746815	1.4678594	3552.7873	56.501616	51.704903	-0.39378053	-0.0060988181
5784	5.2116514	-0.022479015	0.60374812	1762.4128	11.302045	10.646493	0.08405952	0.13683663
5785	4.0140647	0.30056918	0.8489055	1377.4187	11.379178	11.176278	0.58603253	-0.010557036
5786	4.676941	-0.11444541	2.9315444	3802.641	14.175922	13.779467	0.17531083	0.14683256
5787	5.6933114	-0.51403945	2.7720551	2224.5306	14.49698	11.528454	0.12548078	0.12553053
5788	3.3447549	0.60113473	2.8016749	4251.8525	17.079427	13.159509	0.1311684	-0.013439804
5789	5.8932555	0.57029084	0.54380372	2784.7922	25.428703	15.269505	-0.15482978	0.04465667
5790	0.80211448	-0.51646535	2.2681353	3518.5783	63.495583	50.86927	0.079831882	0.024821235
5791	2.4069345	0.36641432	2.6448465	944.18793	1.6762148	1.4599195	0.066219274	0.039872321
5792	3.6112507	-0.14835095	2.1198927	1689.6186	11.902396	11.829092	0.0070010964	0.25751777
5793	5.7085366	0.87230436	1.0182206	1298.4518	57.781842	42.49805	0.39624294	0.1840664
5794	1.2251646	1.0288801	0.54789634	2947.7006	13.711895	13.025528	0.023625527	-0.3686534
5795	6.2709666	-0.82587866	1.9711174	5454.8067	78.785223	56.537553	0.01152964	0.03295515
5796	3.2276096	-0.072172555	0.99695883	2274.5724	21.916837	20.686068	0.20215911	0.19470337
5797	1.961186	-0.40366511	2.3298171	2423.2411	49.339914	29.052137	0.088024021	0.24323927
5798	1.2049982	-0.63456856	2.8317364	2721.2966	13.196276	11.926699	0.35533399	0.13485634
5799	0.85740393	-0.47615535	1.3498474	655.54025	8.5404889	8.2396464	0.0007568685	-0.13959431
5800	5.2609841	0.21770889	2.8414197	5166.262	99.615156	55.358203	0.0083902253	0.03063828
5801	4.5781118	0.86076981	2.5649405	7247.7821	58.966748	40.202779	0.25334783	0.040307832
5802	1.6851848	0.82057169	2.3716434	12608.446	101.29913	89.546481	0.012875372	0.25640123
5803	3.3157212	-0.44227178	2.3100966	2772.6245	52.26101	35.084919	0.052126293	0.072589911
5804	1.1371263	0.16005667	2.7026101	446.89842	1.9050574	1.3510082	0.10747086	0.027872721
5805	6.2000844	-0.73553528	1.0118149	5206.1691	16.451478	15.598545	0.055297324	0.073683889
5806	0.89420647	-0.98447975	2.7558832	2916.487	13.565287	13.396855	0.16054355	-0.060895927
5807	5.878369	-0.43158785	2.5364322	1215.9212	12.939873	1.4807852	-0.037340607	-0.10080405
5808	4.5648384	1.1033871	0.73008657	1072.6099	10.537834	2.2686825	0.25150314	0.12881403
5809	4.4190822	-1.361879	1.9666661	6920.047	154.2503	82.099751	0.59144272	0.088245968
5810	5.9549372	0.58733857	0.55103664	1640.6219	13.650295	10.525932	0.0021657113	-0.14885469
5811	5.4964628	1.3820966	0.39665442	1571.2653	13.740629	2.6097759	0.017306824	0.10561046
5812	3.5636542	-0.13412229	0.52440031	5243.8314	40.278409	40.129276	0.039958418	0.048084146
5813	4.9205113	0.23919952	2.5486858	8566.5368	75.509329	65.370292	0.032847121	0.048309465
5814	4.2604369	0.60303677	0.62169308	552.21527	10.503445	1.7563781	-0.0036351937	0.23127082
5815	4.4702094	1.3527551	1.6605988	2031.9248	11.956376	11.770557	0.12528652	-0.14831893
5816	5.9600318	-0.81120005	1.9481207	1699.2323	11.40318	10.818146	0.077200845	0.027463702
5817	1.0128599	-0.89046502	2.862953	1687.3372	45.431391	27.676317	0.52226588	-0.061602197
5818	5.2079329	0.82328365	0.78251559	2084.2981	36.854767	33.694325	-0.18556757	-0.0039717404
5819	1.3133341	0.99353151	1.8225043	2684.438	78.344135	55.723694	-0.19373158	0.033950118
5820	4.2314764	0.050522518	0.53656041	1607.0441	54.477847	42.556047	0.1449622	0.19590006
5821	3.4312239	0.9826944	1.1142888	2585.9773	36.694287	33.985009	-0.47831689	0.13526283
5822	0.0024084839	-0.65968338	2.5186732	3185.3613	47.279414	34.281769	0.30796705	0.034060131
5823	4.1807617	0.035446019	1.2589271	2299.7128	49.69292	14.941162	0.0038167389	0.090376631
5824	5.7017857	-0.3864269	0.64641133	3039.3367	47.696243	41.057634	-0.028921614	0.12627844
5825	4.4442315	0.84937227	2.3042054	3120.449	32.060697	31.202836	-0.060558868	0.098592807
5826	3.3559982	-0.47611545	2.5159263	907.30031	2.1710026	1.7017626	0.086036025	0.016105812
5827	2.8959789	0.38556044	1.7242303	339.11631	9.754341	3.1576815	-0.17188209	0.074215763
5828	0.35328732	-1.0059221	0.9555927	4387.8572	68.489502	42.892396	0.027730407	-0.074320681
5829	3.0597738	0.22308532	1.9612633	6699.2785	68.676009	63.10619	0.0061451454	0.031204708
5830	5.7375791	0.80189369	2.3471112	1973.5174	12.378884	11.504385	0.028446826	0.010284162
5831	2.1945492	-0.17082987	0.65412334	427.79207	1.6559289	1.5568803	0.16379761	0.24195349
5832	1.6311921	0.8041661	1.3034292	1565.2657	11.950144	11.374627	0.030251757	-0.031212769
5833	1.1404948	0.48088315	2.0245379	2540.1014	31.073569	11.97211	0.082579833	0.29132674
5834	6.2337527	-0.48132392	0.53160318	923.70243	9.4911162	8.2903871	-0.041851214	-0.070755291
5835	6.0420527	-0.22951569	2.3873434	8914.5809	128.58343	78.748132	0.014478304	0.1183903
5836	2.0014042	-0.25532371	0.64933662	2617.9286	13.896472	12.567352	-0.12481314	0.035123845
5837	0.077314848	0.3263892	2.5029327	885.68769	16.806466	7.4767167	0.0028016039	0.0070873183
5838	2.2066062	-0.36286623	1.0354598	4044.396	58.01609	57.666033	0.020375498	-0.093841952
5839	2.7201539	0.19359589	2.1845387	8374.0201	87.430395	46.470551	-0.00057678416	-0.25759831
5840	1.3500427	-0.30922878	2.382321	12408.47	94.780391	70.929674	0.14525343	-0.046814283
5841	5.4761692	-0.63915706	2.123005	408.09182	1.434125	1.4113056	-0.006004804	0.083945052
5842	6.2726633	0.70901939	2.3792464	5443.0189	17.669515	15.654972	-0.045145521	0.058691833
5843	1.2609465	-0.47472428	2.4181157	3606.7393	21.04622	15.903155	0.16543067	0.016744329
5844	4.5644773	-0.71243443	0.52973666	257.30626	1.6593635	1.3448124	-0.032839215	-0.15686312
5845	3.7109499	0.3429574	0.38638644	940.65433	55.340505	41.554794	0.2341689	0.23555506
5846	3.2028015	0.76789598	2.8561556	2191.8551	11.971187	10.522507	0.025734991	-0.047682711
5847	5.0843516	1.0859198	0.79797453	1733.0059	21.037274	11.092103	0.27492611	-0.0040473415
5848	3.1403844	0.2347895	0.83801424	1987.3327	20.053603	19.853353	0.084705408	0.0057509112
5849	3.686866	-0.27231003	0.64915828	12424.908	91.842887	83.210606	0.1541396	-0.1145254
5850	1.3555539	-0.22425069	0.62485962	7665.5481	73.480739	63.604934	0.13551725	-0.17901273
5851	3.1962647	-1.0273351	0.98228663	447.74173	10.034332	1.368382	-0.13996694	-0.046147294
5852	0.88016508	1.040195	2.8872217	2186.0861	13.529251	10.940774	0.50172706	-0.11248643
5853	3.3605943	-0.0028795811	2.6575576	1027.7327	36.263718	34.057909	0.047761357	-0.064642153
5854	2.6441876	0.59619185	0.52100636	326.37045	9.9123549	8.3564218	-0.073616295	0.035360996
5855	3.2266554	1.0035825	1.5685746	1019.6796	11.309548	8.7770584	0.30352486	0.29291849
5856	4.2670948	0.3573092	2.0286338	1822.8218	48.130014	29.278862	-0.043575992	0.015154645
5857	4.760239	-0.68380191	2.0541492	1716.4232	13.465863	9.9448301	0.030044995	-0.0016369621
5858	0.13503305	-0.098599533	2.3262252	1561.3064	9.2282238	8.5067136	0.27654077	0.29000176
5859	2.6831139	0.70472151	0.61971586	2463.1613	34.855023	26.074768	0.54480075	0.0021317217
5860	3.2240744	-1.0665849	2.0015059	4431.4314	121.09416	50.601143	0.12643767	0.41383921
5861	5.7234702	0.56952313	0.96345124	658.55783	1.6704051	1.5334629	-0.025931653	-0.021091525
5862	2.6911408	-1.2012735	0.65766287	4353.183	60.814085	39.819781	0.21992641	0.11545623
5863	1.6671237	0.90184086	2.195852	5014.9736	55.49563	54.740971	0.11574768	-0.12350615
5864	0.59509793	-0.04654276	0.93640901	1581.754	25.997877	23.082335	0.029850227	0.039430457
5865	0.5335021	0.43704656	1.5584812	3236.7873	54.777944	53.925283	-0.049585529	0.083261047
5866	5.7977879	0.033038915	0.73822508	2640.8919	12.032582	10.281104	0.38234679	0.054773706
5867	5.6436833	-0.005410517	2.5514259	934.05065	2.8061948	2.5134805	-0.0038510326	0.11887098
5868	2.5950972	-0.94657293	2.7462081	3442.1748	30.627513	13.059876	-0.041700026	0.023215536
5869	0.91044527	-1.1947251	2.4591377	2967.4621	38.14051	30.87398	0.045409627	-0.024267899
5870	2.6505563	-1.4923974	2.3077676	4431.0371	27.629115	23.230006	0.23993052	0.22199861
5871	2.6009497	-0.42420852	0.28226291	7592.585	80.988525	50.830159	0.007308028	-0.019438626
5872	4.2169508	-0.013716059	1.0093605	312.03303	11.040219	1.8533724	0.013437611	-0.018069146
5873	0.57864615	-1.0090209	2.7158753	2459.3436	12.235024	11.131257	0.062245712	0.063523203
5874	3.2266299	0.69844629	0.62367143	5731.4674	43.485464	42.545698	0.00057033097	-0.044666494
5875	5.6906516	-0.70966391	1.0825405	802.20069	11.52132	7.5085217	-0.090874732	-0.10601005
5876	4.7429276	0.035536045	2.642629	11171.254	95.110289	86.475179	0.10725569	0.00076414038
5877	2.7963353	-0.015541407	2.5868755	4170.8942	52.875078	16.332101	0.27431778	-0.015044781
5878	2.0018914	-0.46790062	2.5336833	1208.1245	1.5389332	1.4906348	0.037883961	0.038906988
5879	1.4617638	-0.55150452	2.5523876	11800.036	93.22657	68.268088	-0.022970866	-0.055530769
5880	4.816842	-0.79070384	3.002836	649.91565	1.6675446	1.3862963	0.054177768	0.11813301
5881	1.916699	0.014439839	0.29829736	1814.0632	32.254296	23.114074	0.33499105	0.45043268
5882	2.767814	-0.72660056	2.4875682	657.67944	10.980574	1.6313724	0.29391919	0.12523879
5883	5.6335241	-0.33700164	2.5464793	736.70829	25.110714	1.8237086	-0.40885403	-0.023531899
5884	3.0947025	-0.28783385	2.1004937	2930.3107	50.757678	36.0065	0.011101241	0.42837639
5885	0.65160983	-0.60140158	2.6134091	4235.9855	17.166544	16.270854	0.28526816	0.07462116
5886	3.5641697	0.36491016	0.15567616	6410.1389	16.860163	16.008482	0.03903433	-0.18476744
5887	5.1083386	0.2263767	1.7370062	5088.7463	83.646463	52.24393	0.21514962	-0.1929215
5888	4.7246261	-0.63654502	2.9360945	381.59306	1.3895168	1.2765317	0.026403681	0.0078011293
5889	2.369475	-0.39653866	2.3474697	448.3733	1.5165185	1.2349242	0.04691018	-0.018384057
5890	5.3138659	-0.73455623	2.7320843	3695.7012	43.430338	34.303789	0.24099637	0.033169268
5891	0.076434391	0.21842677	2.0519608	3304.9905	77.713222	40.713559	0.26237884	-0.28046133
5892	0.1652644	1.3312183	2.1887927	3852.677	66.240702	55.318973	-0.00051774694	-0.06527209
5893	2.6545094	-0.12184503	0.84205989	8002.3171	167.73725	162.6574	-0.094090473	0.17103147
5894	0.94738609	-1.0371927	0.89830837	9588.4467	69.764258	58.716691	0.062911607	-0.16297635
5895	5.2524108	1.2446107	0.9860351	3443.1692	49.826776	39.345009	0.4325744	0.41898361
5896	1.4769036	-0.10788523	2.582442	1630.9608	11.289969	8.2949134	0.011333996	-0.066701141
5897	2.0825267	0.23187928	2.3870041	1756.4973	13.428093	6.3932335	-0.071628066	-0.11407364
5898	2.5271705	-0.6866947	2.4946702	2456.8041	43.150391	35.539923	-0.14385061	-0.19111996
5899	2.68437	-0.00028205774	2.0719099	4541.6216	76.554952	62.118524	0.22077002	0.026136483
5900	2.9754943	0.53534473	0.59704636	11108.476	81.702038	72.019443	-0.23577512	-0.02331372
5901	3.2013389	-1.3963012	0.52256327	4896.9679	64.908623	46.846614	-0.012939626	-0.028037162
5902	5.0755166	0.49721999	2.7482212	7479.4067	21.230678	19.615182	-0.0028004405	-0.068961174
5903	4.0620688	0.86627749	0.52709784	2028.6358	12.89057	12.544233	-0.010095742	0.15846335
5904	5.9146454	0.64198082	2.257649	1889.7252	14.820003	10.991708	0.0080164245	-0.21819097
5905	4.7233243	-0.75310775	2.3022437	1743.8009	48.834646	25.568169	0.086129337	0.21154069
5906	5.5686858	-0.1826738	2.9430044	2917.7232	12.599757	12.554934	-0.086410043	0.10094838
5907	4.176511	0.50794719	2.375657	10870.104	237.48809	161.32924	0.072906563	-0.0073424443
5908	4.9727277	-1.2870509	1.8997037	2107.1747	13.525474	10.600967	0.2408246	-0.022581969
5909	6.088315	1.0560663	2.2458271	1983.9752	14.248127	10.05802	-0.016867236	0.069992122
5910	3.5651739	-0.47664754	2.2143559	633.95949	7.1612871	1.3543221	0.19104838	-0.027117215
5911	1.5507582	-0.71361633	0.61987503	5958.0323	43.589965	16.871206	0.018632803	0.0079577365
5912	5.534464	-0.31287429	2.5686344	3801.208	15.524095	13.742738	0.064479642	-0.012894986
5913	4.1736598	0.30084599	0.19529228	3644.4595	35.733837	16.730666	0.0748274	-0.17011005
5914	0.27395699	-0.58187005	2.5951836	466.83804	8.9945332	2.3873159	0.19789831	0.014625597
5915	3.7956147	0.036978405	2.7953791	4085.885	15.658453	15.006702	0.24811279	-0.49005092
5916	3.7970444	-0.50224496	2.4730628	2178.478	59.696548	15.349757	-0.064162063	0.072345098
5917	5.7108841	-1.3061659	0.64697103	6424.6009	45.004995	38.335061	0.00056736246	-0.020405672
5918	2.7757536	0.16876191	0.95622642	3922.9725	58.475712	50.461546	0.014367534	-0.019938956
5919	0.096801446	-0.092227963	0.7448335	8575.4523	77.605566	65.615935	0.26442963	0.56989103
5920	3.2296856	-0.0030008952	2.0233797	1770.7956	11.960005	11.879462	-0.045698087	0.049681066
5921	5.9504285	0.74387448	0.81692147	1660.5754	25.173996	11.137201	0.0069323595	-0.0098123006
5922	3.6387738	0.059898341	2.3874844	953.06156	6.0122392	1.9319601	0.036829715	0.043330657
5923	5.9495725	0.15383843	2.8716626	1771.096	11.163745	2.9682349	0.19533982	-0.10858964
5924	3.0545987	0.83830183	0.93087224	1463.5174	11.853138	9.1822119	-0.23907877	0.12828531
5925	4.9161124	-0.97424404	0.82183501	8624.3151	81.665934	80.76558	-0.24548152	0.098038261
5926	0.041880805	0.49915161	0.60962148	4682.9421	50.403602	44.863308	0.01601275	0.32085824
5927	2.3993512	-0.68643222	2.6681442	9614.8375	94.259155	45.763719	-0.0021782223	0.11146345
5928	0.67375152	-0.49574256	2.7247054	949.73278	48.101695	10.605337	-0.035080274	0.066698029
5929	3.2949578	-0.81428725	2.1825292	5546.5111	49.54215	48.196549	-0.00361417	-0.0022694776
5930	5.0813921	-0.64652507	2.2779252	6448.0765	58.74427	57.301508	-0.089185593	0.04690653
5931	5.3472343	-0.67030264	0.88250948	2504.6257	18.78281	16.015744	-0.11499943	-0.026188951
5932	4.1666851	-0.3662187	2.004054	3030.9333	42.165748	19.800755	-0.15758035	-0.049359733
5933	2.548313	-0.13533896	2.2745352	3526.374	16.832985	15.691586	0.2899994	0.17003479
5934	0.61344845	-0.53730687	0.78793178	220.90058	1.3353666	1.2117498	-0.15254694	0.10956748
5935	5.4644012	0.93523041	1.8486998	1991.3529	50.730838	45.57298	-0.096867305	0.35466079
5936	3.9871813	-0.22205495	0.76188444	1608.0287	52.12784	29.675751	-0.2175713	0.10796612
5937	5.6758389	1.1063849	2.2501101	7603.1116	89.023687	68.230029	0.1187849	0.0015443858
5938	2.5950498	0.87300359	3.0017439	5646.29	79.044316	74.060605	-0.025374337	0.017225083
5939	6.1623274	-0.48475113	1.9550223	3104.0891	36.060641	24.934621	-0.03623453	0.040111189
5940	3.3430314	0.64276248	2.757562	5662.6207	60.349402	41.753231	0.043048926	0.43548785
5941	0.60366429	1.056702	0.072958749	3703.0701	34.054175	12.225073	0.086557671	0.57316513
5942	3.9418321	0.38899356	0.60516531	5012.8143	54.379737	47.017265	0.0021172412	-0.022060128
5943	1.8830374	-0.03802473	2.473125	581.67162	2.3871751	1.3577724	-0.020666935	0.04961928
5944	0.56133058	-0.073083696	1.6941489	1651.658	12.273613	10.130422	0.22797232	0.1159504
5945	4.9140364	0.68089636	0.49000697	1210.3396	2.510044	1.9920919	-0.04866548	0.04782919
5946	4.3615444	0.28695271	2.0820071	7006.6866	86.26978	74.137694	0.12233289	0.18843769
5947	2.3353998	-0.7293912	2.5548343	2331.7874	14.758507	13.002839	0.27148841	-0.038498593
5948	0.15262003	-0.53877642	1.6543411	1954.234	13.509177	10.413137	-0.083166093	0.065121439
5949	4.0356283	0.99080267	1.7593511	1644.5065	12.097593	9.7456465	0.074447885	0.033179245
5950	1.6656131	-0.74039515	2.1945592	7050.4744	65.711802	47.19196	0.024381061	0.0089169355
5951	5.1071774	-0.93910484	2.7365795	1593.2828	10.812794	10.652122	-0.068202772	0.082705847
5952	6.125171	0.039534244	3.0372941	8197.9	167.98854	90.935086	0.59959582	0.35199967
5953	3.0578658	-0.94990679	2.4297944	3566.5628	13.923075	12.523275	-0.027754069	0.091890142
5954	0.99052407	0.32517636	0.46927855	5458.9466	49.710664	48.855595	0.17121126	-0.32288781
5955	1.6427458	0.093646742	2.8475815	934.27849	12.915627	12.73402	0.13393387	0.1030918
5956	3.4606209	-0.12006574	0.6351162	6677.6929	50.607343	46.406753	0.0035722078	0.045324968
5957	2.8015168	0.36142296	0.90557373	2061.4135	30.635254	14.343497	0.0748274	-0.17011005
5958	1.5457378	0.16404131	1.0128872	5171.7145	60.632151	47.766611	0.079380146	-0.042234955
5959	0.63146165	-0.1223216	2.585341	4027.5642	22.047881	21.704798	0.057093377	0.0019712644
5960	5.819315	1.0099104	2.4938599	11186.529	88.414406	88.015017	0.01042039	0.30213234
5961	0.053724977	0.49102927	2.7199911	1167.8703	4.0225788	1.8961837	0.043495135	-0.078860856
5962	2.8601437	0.48971138	0.66375227	6755.7771	40.651024	34.133606	-0.0070801419	-0.097871496
5963	0.94053692	0.44862241	0.59542849	720.15089	9.5817385	9.1208318	0.25596274	0.1535401
5964	0.88781806	-0.51270267	2.418558	5305.1976	18.119935	15.114983	-0.0011224592	-0.0054175835
5965	1.4424834	-0.24807576	1.7815141	6804.5844	74.998153	73.535193	-0.031683909	-0.0028872748
5966	0.70691105	0.25848301	1.8129481	1015.883	11.116847	10.975421	0.19586975	0.04651338
5967	5.2786403	-0.84014805	2.3309833	2121.787	11.84319	11.279447	0.092169985	0.11677558
5968	0.81065064	0.75519841	2.7921412	270.34784	2.3306297	1.4135177	0.033396939	-0.0019417066
5969	1.0050128	0.15188488	1.8348763	710.09401	9.5698123	1.7717079	0.12974474	0.21333612
5970	1.5277048	1.3900167	0.45650264	339.07177	2.0388697	1.7972976	-0.10320305	-0.11101565
5971	2.7558737	1.0515872	0.53754041	5907.8602	45.394325	45.303623	0.056555795	0.0026790906
5972	2.094196	-0.44726518	2.6562642	1727.0089	4.8377571	2.7197223	-0.10846265	0.027758576
5973	0.080586689	0.66130467	1.0369506	6487.8456	67.939909	55.185236	0.085169623	-0.10721677
5974	3.2273721	1.2926812	2.894672	730.48388	13.60336	8.9358723	0.0027963503	0.064428977
5975	0.83094167	1.0222339	2.364116	8129.5889	76.021008	57.341236	0.039763283	0.10058441
5976	2.5559373	0.17134726	0.75314618	389.57392	1.3832836	1.3069405	-0.085849523	-0.13646445
5977	2.1606959	0.58726997	2.25548	6523.0446	59.550233	52.325822	-0.10098454	0.006019538
5978	0.51254483	0.90593236	0.39242467	6185.893	17.025997	15.110044	-0.19532541	-0.090544421
5979	4.661556	0.56974168	0.64566741	1411.5397	12.188539	11.230297	-6.1388388e-05	-0.048011512
5980	5.602657	-0.51596394	1.1058298	1059.0378	13.192447	10.646037	0.097488809	0.0062132681
5981	0.41792804	-0.75494202	2.9720365	7888.868	24.516317	20.07226	0.63478174	0.13061115
5982	1.5024132	-0.70176658	1.9980782	2910.5616	51.647176	34.740323	0.14053263	0.010795839
5983	0.86775659	-0.36017692	0.65446227	581.82345	1.9620706	1.6236301	0.19475669	0.087188509
5984	4.0525461	-0.99507627	0.92144966	1390.2086	34.762513	2.8987116	0.076497169	0.021596367
5985	1.6907457	0.24503804	1.1463489	2481.2811	46.362	36.701951	-0.33365941	-0.16208272
5986	4.3013797	-0.99471741	1.1740307	2009.2131	24.448852	16.504194	-0.070033652	-0.09087523
5987	5.4629401	0.043794509	2.9015198	2508.9838	13.385459	13.324158	-0.0072797945	0.24695225
5988	1.8848487	-0.99761079	2.5242745	4597.7746	57.041673	51.347501	-0.13343367	-0.017274403
5989	3.3855033	0.29040326	2.5297221	5753.5662	75.909962	34.267974	-0.2037428	-0.0082198397
5990	0.47678939	0.63529978	2.2240838	2288.2858	11.831661	11.733044	0.0050043755	0.51770077
5991	5.6663835	-0.42804095	0.8147328	887.83868	2.3133614	1.4906493	-0.030994622	0.13769146
5992	1.9979092	0.039906209	0.9289787	174.81863	1.5306403	1.442932	0.01176107	-0.0089224997
5993	3.3203545	-0.27436238	2.4266382	1547.3933	12.002326	11.954311	-0.0017472697	-0.31483529
5994	5.8533298	-0.26064961	1.1291054	4499.3589	58.722321	45.1934	0.070977857	0.092345022
5995	0.5428731	0.38366641	1.9497988	3529.563	56.827848	41.74038	0.54789398	0.072616486
5996	4.7299612	0.33799535	2.4121936	2459.4477	36.410513	10.940112	0.28470568	-0.01385036
5997	1.0596161	-0.84830254	2.2490745	1694.8833	12.574107	10.002471	-0.020790462	0.066073234
5998	4.8997938	-0.15159242	2.9282008	675.439	3.4882482	2.2903962	0.015301798	0.051404991
5999	1.4425643	-0.42891218	0.35116701	10507.182	88.278775	69.196498	-0.0051462806	0.22205437
6000	0.61895407	0.59817857	3.0155882	5077.1402	16.697344	15.294901	0.13827162	0.047836457
6001	5.120093	0.84248795	1.5630275	8415.647	64.258784	53.100922	0.13119218	0.27144519
6002	1.9718946	-0.88438018	2.6626824	665.32773	1.5722359	1.5485467	0.12564837	0.13434194
6003	5.0454324	0.27298387	3.1033187	5816.9289	61.298419	32.29142	0.3598084	0.20889032
6004	4.8748988	0.13204426	0.73332706	8122.9891	67.448823	41.622367	0.30983089	0.084257787
6005	5.1755859	0.70262975	2.3137585	16113.741	74.226741	69.613723	-0.085484773	0.16207185
6006	1.2149318	-0.31629903	2.1713171	6993.6326	63.41007	44.572193	0.052788378	-0.060609042
6007	6.0658538	-0.1421203	0.28714263	6492.9996	71.746196	69.127881	-0.047916851	-0.08029276
6008	4.1753556	0.11572929	0.68633859	597.20962	2.1080884	1.7995247	0.00056352027	0.022702671
6009	0.97501699	0.71049302	2.8053563	856.54761	11.475423	11.115146	0.20502112	0.21252093
6010	3.5360601	0.25406403	2.203309	3187.6597	40.797496	40.572662	0.0090471123	-0.041540849
6011	0.32444398	-0.8697812	1.3013164	2224.8143	35.314136	14.652357	-0.015752511	0.11495127
6012	2.7929863	-0.96655217	0.87674292	7313.1957	188.82711	70.2426	0.29578606	-0.020314798
6013	4.7666032	0.45767271	1.6864315	744.00091	11.572342	10.265058	-0.00094094537	0.036440611
6014	5.887496	-1.0556314	1.341733	5605.3941	107.01196	75.412531	-0.47714776	0.12056617
6015	3.9404078	-1.2841723	0.2667748	3813.2532	15.776646	13.218553	0.18387996	-0.00076665923
6016	0.1715527	0.4389621	1.3350661	1707.2365	42.86217	40.046353	0.051228951	-0.18538905
6017	1.5940327	-0.54255333	2.1337569	7821.6285	74.968654	49.65465	0.36904473	-0.0039721042
6018	3.2190428	0.26868051	0.70275978	1567.6429	39.605539	12.676768	0.19426641	0.33283513
6019	3.5066111	0.099189267	0.79793682	947.64001	8.0887582	7.2190385	0.26960113	-0.053491823
6020	1.4578427	0.15346252	2.2524599	735.12737	10.102882	1.9119908	0.42762115	-0.063948866
6021	3.9517937	0.018483073	0.48604596	7418.9883	64.210707	56.629934	0.24714702	0.30340443
6022	2.0327506	0.46639429	1.4977948	6519.2316	40.660492	38.586453	0.14398332	0.068788889
6023	2.1859201	-0.14324342	0.94930357	1274.9722	14.09847	4.0116657	0.033093607	0.18539017
6024	4.9511159	-0.569662	2.6052685	6836.3993	69.644556	56.555195	-0.12204735	0.0067459856
6025	5.2576699	1.4085946	0.73698094	212.79375	1.7916531	1.294331	0.0062914332	0.17982972
6026	5.0341162	0.12519909	2.6478093	3436.9862	29.323073	28.861008	-0.0016438032	-0.043395728
6027	1.5787704	-1.1931067	1.0686541	599.5517	2.6623607	1.4024512	-0.0066724466	-0.19116202
6028	1.7934582	-0.087751624	2.7696372	931.88702	7.7579549	2.0248767	0.054883833	0.0072619334
6029	5.6566502	-1.112869	2.4101217	2723.2183	20.712179	14.352949	0.26420227	0.20905793
6030	1.6154854	0.24853092	2.3833597	731.78231	8.7409847	1.2964829	0.33484018	0.045645772
6031	3.7414964	0.53952771	2.1833836	1123.7444	12.566229	9.4034952	0.57512652	0.0055642323
6032	3.9882635	0.37303959	2.4369355	5262.723	20.11745	19.54415	0.054855322	0.0082579182
6033	2.018809	0.47745647	1.5319354	4981.9699	54.206883	53.974057	0.13584358	0.031595658
6034	5.471147	-1.1218461	0.93876933	4243.1492	85.058005	70.259113	0.045069887	0.028765804
6035	1.7892457	-0.73613004	2.1863396	6706.2621	52.853764	49.641682	-0.060059949	0.029940931
6036	6.2480062	-0.61944987	2.9726727	6516.7533	69.278661	69.247338	0.012085488	-0.097410099
6037	5.2353144	0.066192593	2.7244189	7604.9433	68.86113	62.127724	-0.086421137	0.076687353
6038	3.8097844	-1.1136727	2.7361947	571.4769	1.6767052	1.5591052	0.10523067	0.12198667
6039	3.8058058	-1.1980457	2.0963731	1231.5661	11.936667	9.6483035	-0.017822298	0.1267337
6040	2.1997798	0.024660352	1.4087978	4551.5599	49.208165	40.578122	0.028097268	0.090937182
6041	0.63098944	-0.65944857	0.4806449	4493.0902	37.199941	28.584437	-0.14602339	-0.29377963
6042	0.59730648	-0.42884508	0.36445663	10708.299	70.189816	64.58666	0.11883191	0.11070274
6043	2.4623531	0.31609676	2.9185268	461.36102	12.479337	10.889433	0.11820474	-0.34150092
6044	6.0776813	-1.1166768	0.3606336	2664.2537	48.209387	43.284634	0.014050062	0.15568413
6045	2.920715	-0.14795996	0.86284108	6347.8514	74.001608	72.397845	0.06440165	0.045820531
6046	0.96416852	-0.99679862	0.99784352	407.3124	2.601841	1.5916769	0.079409248	-0.050199636
6047	5.37729	-0.78499808	2.0362527	18124.756	188.92876	183.43143	0.054373618	0.19279181
6048	4.5017527	0.94139822	1.9841512	1802.9534	13.744451	12.656394	-0.16246364	-0.014328657
6049	6.1408607	0.54003477	2.7263983	4254.113	61.928915	47.538744	0.18154337	-0.19847061
6050	0.014383503	0.33293133	0.82874278	723.5001	5.8699236	1.3620874	-0.21682246	0.026657318
6051	0.57401506	-0.33619151	2.5304045	3438.9751	47.005596	32.372099	0.05305671	-0.21717871
6052	4.6623072	0.14680837	2.9994573	11933.433	89.348193	83.642737	0.0068243347	-0.068837262
6053	5.9598517	1.0573526	2.1117717	548.54384	3.8510668	3.8179296	-0.18361275	0.099828027
6054	5.4714757	1.2970387	0.95973124	3856.3025	54.613404	36.097945	0.097679556	0.097523662
6055	5.484087	0.094369314	2.2730039	4289.9367	51.167302	13.595424	-0.01387815	0.14826005
6056	1.5545263	0.21021243	1.9887629	737.68838	35.127404	4.0030797	0.042869881	-0.00571442
6057	3.2132521	-1.3255915	2.1764688	1032.7834	10.57045	8.6034575	0.089498651	-0.051819615
6058	0.38073788	-0.99525128	1.1430954	235.51367	1.5004208	1.483594	0.15989599	0.00010675381
6059	5.0105261	0.25071794	2.5925041	1465.6834	28.820721	25.433838	-0.097460317	0.0026634223
6060	4.3530276	0.21603754	2.1082017	1974.0346	37.93715	31.948171	0.041547483	-0.0033027331
6061	2.487585	-1.1092998	2.8886807	3707.2508	14.773983	12.928293	0.13379134	-0.035758559
6062	0.19294445	0.41795608	2.8024929	5174.8718	36.953899	25.151099	0.12674152	0.17994983
6063	1.6051483	-0.85668797	2.8247429	592.44849	1.6543876	1.6214808	-0.17789578	0.24071786
6064	3.820303	0.96954476	1.9307042	3909.9368	79.831847	47.129743	0.048123189	0.03096221
6065	3.7995438	-1.289152	2.9221845	505.62521	8.8111098	6.9952907	-0.021116036	-0.26828115
6066	5.5742162	0.28463824	2.6868127	3057.4058	16.223582	13.697836	0.099382328	-0.07412976
6067	1.530201	-0.69306361	0.44028622	6420.2432	158.38524	126.60075	-0.09597799	-0.052577465
6068	2.3518757	1.0945746	0.41686333	3163.8326	54.513365	48.524574	-0.010914274	-0.027520782
6069	1.9130244	-1.3685389	0.31845971	5554.8674	58.941049	13.582885	0.087219731	0.5079267
6070	0.82468026	0.43239227	2.633413	5677.1592	20.341791	16.43996	-0.03822928	-0.35883392
6071	0.60999821	0.70238915	1.651535	3648.0056	63.36297	58.470099	0.25807843	0.14516304
6072	1.9310242	0.64739045	2.5379255	2761.166	30.652702	17.564909	0.19919174	0.30129342
6073	5.214021	0.080092319	2.8157989	12190.656	90.90547	74.632158	0.12371374	-0.10516863
6074	2.4053415	0.00061790233	2.3827431	842.68158	2.4249203	2.3437784	0.016535721	-0.00048925286
6075	5.3342278	-0.52278365	2.6155142	1739.3122	11.939893	11.65416	-0.35629328	0.0043378492
6076	2.1112773	-0.80645224	0.4733281	1936.4698	13.177609	4.1883099	-0.061476558	0.0072009045
6077	1.072716	-0.20568808	2.2637359	1658.7917	14.100712	11.195469	0.019608576	0.15858896
6078	5.7508932	0.21975119	0.63174015	5062.5576	68.74369	19.810684	0.029716259	0.057454775
6079	3.5588166	1.3539944	2.3091224	1210.8766	25.610506	12.42578	-1.8282126e-06	0.016346347
6080	1.7783342	-1.2983579	2.8798683	3938.8333	50.679276	46.352621	0.17543251	-0.014086669
6081	3.1609411	1.1548962	2.5792055	1852.8833	11.505417	9.905908	0.0077434376	0.034776671
6082	1.3786664	1.4015103	1.303949	4056.7046	43.352081	25.045147	0.11436049	-0.0028851921
6083	1.5345056	0.75616399	1.5576931	684.33876	8.5151308	1.8433592	0.85608433	0.18255956
6084	0.36031778	-1.0785245	0.26550888	19975.291	116.67885	114.18309	0.22676607	0.027528839
6085	4.5640199	0.47631133	1.6950577	800.54644	11.602084	10.379084	-0.61319597	0.048334367
6086	0.35429963	-1.139683	0.99852757	1377.8832	11.790819	10.571462	0.20321	0.15855207
6087	0.58796142	-0.97749815	0.65122049	1204.1886	11.243242	9.8080845	0.12769441	0.054191435
6088	4.4543864	-0.59020592	2.4932707	5041.1816	48.53208	32.359437	0.003773776	0.073172582
6089	2.9260044	-0.65927276	0.33168885	572.62368	2.6433893	1.3952121	0.037425487	0.1015557
6090	5.7554349	-0.56452352	2.65065	1593.0607	35.83503	10.794464	0.0070011977	-1.7331774e-05
6091	4.9999386	-0.45123578	2.6000925	1756.9569	11.018598	10.434914	-0.029575361	-0.065322152
6092	5.1412364	0.19246527	2.4117749	2287.5047	57.482888	51.516831	-0.19876228	0.18623094
6093	5.8012648	-1.0252914	1.9924291	1324.1936	29.199457	26.814023	-0.057304714	0.30771355
6094	6.1775628	-0.048436405	1.1596237	2212.8142	51.80695	35.020607	0.1880314	-0.019761422
6095	4.8754026	-0.81757878	2.4305805	1058.5964	2.6091529	1.6784207	0.16686095	0.036093549
6096	0.49682622	0.62945493	0.32449706	6369.9767	92.627517	63.415489	0.046461323	0.1277074
6097	0.48058943	0.75653465	0.58695709	2636.0675	13.152887	11.741295	-0.00062983541	-0.0032907482
6098	2.2977504	1.3370008	2.4588416	1036.1187	26.136166	11.519519	0.09751636	0.028429852
6099	5.5736916	0.81646957	0.56293412	12220.09	82.211277	79.878713	0.25226082	0.036474369
6100	2.1392185	0.2947246	2.212444	372.88788	2.1769375	2.0538017	-0.045156369	0.11203851
6101	0.56284453	0.28789234	1.9382752	1455.2097	30.370059	25.886141	0.035074321	0.28313941
6102	4.1837546	0.46239314	0.54759637	4911.1165	15.255542	14.495673	0.34179069	-0.045172625
6103	2.8766292	0.39218131	1.3789699	659.05093	11.972901	10.182171	-0.36084466	0.00092959291
6104	3.002346	-0.23593374	0.79089464	1999.5398	42.758438	12.284244	-0.13971036	0.019851882
6105	0.50875311	0.0020198782	0.65475427	1767.9773	13.021278	11.538275	0.040218725	0.16523109
6106	0.25670878	0.035051336	0.72666948	5288.2296	41.152756	33.271648	0.1208992	0.10378947
6107	0.10990379	1.1416069	0.73732549	467.06751	2.2693053	1.5829273	0.1460514	0.08998353
6108	1.7132921	0.070136938	0.45792627	3805.3513	38.458715	35.15397	-0.12685968	0.016300072
6109	2.0919267	0.19387317	0.80736001	5292.1068	104.96571	31.858779	0.21099427	0.13132574
6110	6.0724069	1.3290978	2.4486476	7871.642	72.098461	32.242011	0.1404203	0.024887055
6111	4.3438604	-0.24506585	0.73450455	556.47884	9.9544272	9.7217981	-0.097215012	0.035070186
6112	1.6945796	-0.59729059	2.8093375	956.03515	38.47656	37.403675	0.033171355	0.046700155
6113	5.7079506	0.49237952	0.44906622	611.96312	1.7359799	1.3306821	-0.36202196	0.1742911
6114	1.415158	1.3246881	1.0251043	1555.0521	12.144505	10.739677	0.25355313	0.087611428
6115	3.0769802	-0.6823275	2.6787889	3558.5068	14.659226	14.388768	0.065045018	0.02431169
6116	0.029542495	-0.67024523	0.44546813	1168.3747	70.235744	48.20935	0.16916834	-0.0002944211
6117	1.0439288	-0.80971142	2.2779025	3406.9524	12.775528	12.305281	0.008355973	0.018157041
6118	5.317895	0.94465447	2.6893338	6172.8624	40.231741	18.139951	0.31658423	0.043798312
6119	5.479924	0.38570664	1.5178877	928.38227	12.286144	10.659307	-0.037262838	-0.14268702
6120	5.3169888	-0.048870411	1.942547	2123.8989	24.490574	22.527078	0.021401342	0.11010294
6121	3.2830326	0.59674301	0.9187779	6839.2774	67.044217	62.65949	0.23043266	-0.075064226
6122	2.6081241	0.84570333	0.27828538	5724.497	42.818819	33.67245	-0.21596163	-0.015721426
6123	0.93712389	-0.57253126	2.7364732	3844.9914	47.325811	18.963022	0.16473726	0.070148051
6124	4.278888	-0.46419581	2.2818835	3491.889	62.046159	52.947504	-0.087048383	0.039462015
6125	1.337943	-0.66487838	0.66769709	12009.459	81.263903	70.470591	-0.14999583	0.045721666
6126	1.8258333	0.38206026	1.9129444	592.28139	19.145358	10.418992	0.060231358	0.045721308
6127	1.6557017	0.71795252	2.1858597	794.49729	9.7641612	9.292584	-0.39836902	0.049454029
6128	1.9592706	0.18271234	1.6275547	3492.7653	41.880935	38.060696	-0.014155534	0.061782367
6129	6.0840957	1.2379154	1.6311404	1894.1667	48.747979	44.15771	0.066032289	0.021111433
6130	2.0730858	-0.82010607	0.71610218	715.211	1.684902	1.5342358	0.00093972322	-0.18944112
6131	4.7401349	1.2082097	2.1947621	712.35956	13.634254	9.1556741	0.36438307	-0.1518973
6132	1.4703809	1.0242188	2.0110944	3433.49	55.414858	48.307651	0.11908061	0.3529083
6133	4.4368513	-0.16871132	0.35332698	1934.1292	34.828066	23.60418	0.26023986	0.13212288
6134	2.9803048	-0.60039692	0.90277024	668.14309	31.433418	15.164092	0.32690013	-0.0275811
6135	4.7313289	-0.10683168	0.23232042	2651.8527	13.587757	12.999259	0.1173043	-0.024967132
6136	6.1669782	-0.21141661	0.78494962	1556.1943	49.261506	45.265948	0.038825842	-0.00060884812
6137	0.52198929	-0.32808988	2.8678743	1506.0383	9.743094	1.7345078	0.0093714403	0.00010286585
6138	3.0263655	0.13641244	0.040922636	2003.331	11.844146	11.385605	-0.022256646	0.043488647
6139	1.4558186	0.75165483	0.40031769	4672.28	56.137397	49.858904	0.081064432	0.19333119
6140	4.8255012	-0.27813942	2.4382585	2145.0101	46.480935	44.143701	0.049866068	0.0063101559
6141	5.4157247	0.2565629	0.25818943	712.04348	9.7977482	1.3745943	-0.0092484692	0.0042704514
6142	3.2691004	1.2333418	2.8918981	615.67629	1.6075974	1.5290739	0.014907193	0.15131604
6143	6.113109	-1.2106117	2.1488469	6011.1747	65.363395	57.760486	-0.01978208	-0.20738911
6144	0.0057492958	0.77841792	0.29248922	5796.3395	79.909929	64.094437	0.16680101	0.28697616
6145	0.71740222	1.0885998	0.94785268	5130.7878	15.526457	14.819645	0.055684634	0.22962855
6146	3.3855073	1.1639881	2.7985944	2349.0969	89.196146	42.509922	0.084465716	0.3468167
6147	5.6898783	0.39756942	1.9017483	1083.2329	17.778825	11.814231	0.12915207	-0.041945346
6148	4.2354988	-0.95455343	2.7595585	2907.7717	14.808316	12.393119	-0.080265067	0.033827551
6149	2.2175138	-0.072815045	0.3738081	3212.6881	47.99449	42.95399	-0.30701124	0.29007254
6150	2.6682237	0.029413959	0.97680371	2727.4609	82.284818	38.21282	0.09987295	0.35225613
6151	0.19980426	-0.62778766	2.8974347	2314.376	31.726326	25.93163	0.03107373	0.014327989
6152	4.363903	0.18213712	1.4538465	333.43369	21.305776	13.719869	0.014452078	0.057154604
6153	1.7673681	0.77923113	0.52576002	1780.7721	29.720163	11.797507	-0.05365401	-0.050750207
6154	5.1045303	1.0065467	0.39455405	7285.0252	39.813892	25.853647	-0.064818764	-0.16411875
6155	1.2079677	0.24461896	2.3459144	4213.7358	16.637962	13.885497	0.28862057	0.12163148
6156	0.64492872	-0.093502947	2.2617985	1647.327	12.517912	11.401089	-0.012312636	-0.11538841
6157	4.5138374	-0.39961204	2.3358232	6132.2826	48.909562	22.675549	0.21524091	-0.003135527
6158	5.4964314	-0.85982284	0.45413808	3675.2342	14.65025	14.071656	-0.020098822	-0.034060196
6159	2.8809423	0.84819091	1.0736825	6397.8108	194.55376	92.160597	0.2309623	-0.014233604
6160	2.314703	0.45583161	2.36375	2475.8859	45.541141	31.350406	-0.030655622	-0.0044786916
6161	0.433002	0.85605565	0.37190831	4859.7642	55.325304	47.962537	-0.13693506	-0.024775703
6162	0.39811142	0.047133391	2.838659	5660.2836	46.514833	43.164783	-0.026039483	0.22249086
6163	0.96598191	0.2634023	1.847122	2407.9399	52.398118	46.582418	0.01100168	0.043006936
6164	2.8436127	1.219253	0.46320372	3391.938	37.88881	19.528325	-0.07556088	0.0078534566
6165	5.7949792	-1.1087615	0.38105845	3594.3243	41.639035	34.242133	0.031569044	0.0058259611
6166	1.7604357	0.38094595	1.8093989	1315.2137	10.950404	10.46041	0.35412475	0.0071403334
6167	4.2476017	-1.1924684	0.19288701	7306.0199	67.460334	48.648446	0.4382926	0.0078315638
6168	3.7258404	0.34628755	2.4104798	2088.9911	30.43271	28.96222	0.12685199	-0.056467466
6169	0.050489945	-0.55902911	0.95857684	4956.7025	51.928465	31.108878	0.12681003	-0.022326762
6170	5.5506835	0.10129921	2.6546026	1238.7529	20.151131	12.862825	-0.081854682	0.34944891
6171	1.7069591	0.23479356	0.52219374	2834.1479	14.104936	12.496076	0.0099761019	0.06361063
6172	5.5642605	-0.70477258	2.4179599	290.37323	2.0612077	1.4893493	0.096942977	0.15659043
6173	5.3615592	0.75497015	1.9925098	1625.3247	12.320081	11.193532	-0.0057865675	0.098523443
6174	1.8243946	0.32269971	0.49480119	4089.3019	34.796187	16.216544	0.017525873	-0.011904268
6175	3.759397	0.39295862	2.0546272	1630.5912	10.719348	10.638095	-0.14532742	0.11713223
6176	4.9052578	0.73149867	2.6221371	7597.9069	59.341554	45.758481	-0.037026924	0.00081867584
6177	5.641012	0.062614051	2.9482245	2806.7466	26.279057	23.272417	0.011668109	0.31278207
6178	2.9752076	-1.1515086	0.6471123	4413.1242	35.940978	20.702257	-0.06002105	-0.45252079
6179	4.6950796	-0.80137148	1.0572916	2237.7535	53.455035	46.751369	0.3427461	0.15239877
6180	2.6783601	0.38801782	2.5454865	5403.531	50.457985	44.329168	0.01453829	0.16175832
6181	0.91997137	-1.1286263	1.0515809	2592.4138	13.616518	13.163611	0.13101203	0.19963674
6182	5.1523557	0.79287471	2.6071976	11524.516	86.135355	64.648508	0.049157566	-0.08286227
6183	4.9775108	-0.89062661	2.1772413	1085.2377	11.880921	11.482501	-0.44301768	0.21825428
6184	1.4536732	1.0442396	1.2424866	1251.5756	8.684961	6.5025537	0.037723727	-0.17148976
6185	3.7408083	0.42533076	2.2657471	3995.1853	35.886088	31.684665	0.15511005	0.25181272
6186	0.52594993	0.40722816	0.5358251	2359.3764	15.13524	13.982321	-0.031023442	0.028228836
6187	0.61982434	-0.79450353	2.0152821	4619.8523	55.480762	46.296569	0.082826827	0.13336035
6188	0.76038396	-0.28170599	2.8069354	6870.5995	27.680019	18.251498	0.31045428	-0.11862806
6189	5.1230274	0.67456702	0.30727089	1292.9268	10.257942	2.3403093	0.029649756	0.0048349127
6190	1.0156105	0.93064279	2.2372385	857.53195	3.693318	2.0172126	0.00034953717	0.015745586
6191	4.9316695	-1.1726448	2.4273776	1714.9974	11.475946	9.2430426	0.010944065	0.11349051
6192	1.0615417	1.1584155	0.68447252	1098.2802	10.643418	2.320898	0.2942061	0.13116012
6193	1.563286	0.12178092	0.47909561	241.95938	1.7618558	1.4651955	0.11900621	0.18172553
6194	4.2997757	0.65262439	1.5076839	4389.1375	61.263444	39.734102	-0.010691184	-0.048379843
6195	2.5539261	-0.42335269	0.46025154	791.52877	2.8675797	2.3236155	0.065268186	0.077284256
6196	1.1841775	-0.84999987	0.58250348	3610.3546	58.262131	37.503794	0.0029554546	-0.12203418
6197	1.8681106	0.36119911	2.1515419	1106.3139	35.770967	19.312275	0.013274141	-0.037437428
6198	4.2838159	0.17766081	2.1390662	2850.2498	33.976239	17.021932	0.06151341	0.1446048
6199	4.5064206	-0.72423926	2.6072284	1224.5909	14.470565	9.8398567	-0.009311605	-0.11046415
6200	0.16676483	0.13312309	1.0247688	1760.8174	46.943253	34.316393	0.33819295	0.0033868404
6201	4.4167076	0.87059902	2.0158962	1300.3625	12.586908	9.9998123	0.082590121	-0.043679237
6202	3.5004964	0.22336269	1.925936	1706.8439	12.747655	11.329334	0.36410031	0.28178035
6203	2.0218665	-0.81938138	0.43760415	5480.4265	51.633908	26.86243	0.098692135	0.23212513
6204	4.3032233	-0.29635788	0.27193988	5283.4546	39.69275	36.966607	0.29086753	0.42381637
6205	2.8189838	-0.25318468	0.94271781	2617.5773	12.074883	11.36967	0.11094108	0.53696783
6206	4.338345	0.34651952	0.9500128	2601.9875	12.292343	12.271942	-0.039421048	0.074925119
6207	2.8835827	-0.76115373	1.0825118	4156.0402	35.83577	34.757289	-0.050602911	0.33849129
6208	4.3484221	-1.2454956	1.3021845	2580.0441	43.631234	42.136848	0.15027113	0.039802105
6209	2.1500169	0.75047976	0.58712556	13873.401	137.35846	110.22323	-0.088509642	-0.06366766
6210	4.7666491	-0.4415764	2.8721813	2513.436	14.230916	14.218825	0.031912769	0.30292253
6211	6.1495873	0.59198453	2.327373	5953.7172	87.019705	76.111818	0.096677738	0.0028365753
6212	1.7422576	-1.1249608	0.97171963	1332.8312	13.186316	11.557976	0.3814128	0.187083
6213	0.19602281	0.53504955	2.6899584	316.78633	2.6432251	1.7742509	0.11945999	0.090005703
6214	4.2734663	0.46912195	0.62851493	2587.9077	20.599263	19.932194	0.0047881202	0.011004703
6215	5.7994714	-0.41158035	0.97019579	2748.889	100.13547	56.413216	0.24438102	-0.00086398542
6216	5.9816006	0.13806389	2.7703136	2950.1799	24.965796	13.7993	-0.2032914	-0.017636809
6217	4.88623	-0.022362004	2.0410003	1544.3949	11.714636	11.534985	0.017672206	0.00081685284
6218	0.095591683	-0.60917904	1.8869614	601.88898	43.251317	12.464245	0.029716259	0.057454775
6219	6.0115993	-0.032487074	2.2490934	7014.4065	57.762798	50.160874	0.077216741	0.24475943
6220	4.1452961	0.58211266	0.31422428	3270.0814	47.044334	41.84845	-0.055105024	-0.0026835586
6221	4.0254134	-1.0650051	2.8239618	5097.2377	49.054914	41.577217	-0.052190348	-0.42911204
6222	3.9495209	-0.040349068	0.19845759	3368.0768	15.432996	15.329381	0.041022598	-0.0064750546
6223	4.0675389	0.81555922	0.82592435	4963.9548	45.149153	41.130387	0.19822596	0.010550522
6224	4.806921	0.0069030792	1.1623758	6013.1515	71.606301	60.549223	-0.073406194	-0.031174021
6225	4.1750653	-0.97081895	2.9782973	10851.291	51.406106	49.014653	0.1992224	-0.035850507
6226	1.5161226	1.186984	0.77965952	8084.9482	55.763869	38.092151	0.0085432777	-0.024479351
6227	0.10252753	-0.20151704	2.9708923	1212.9334	11.043257	2.3583811	0.004578482	-0.0054083934
6228	2.8934161	-0.043474662	0.87170809	1843.7355	13.538932	10.899381	0.091011865	-0.24851639
6229	1.2908124	0.87142824	2.2120354	4977.5698	59.705288	52.753731	-0.096411827	0.027866764
6230	0.53308958	-0.29006646	0.76126339	5182.1597	41.365195	38.763485	0.059779698	0.039420205
6231	4.9098644	-0.26252703	2.0599693	629.43562	8.7648108	3.0869066	0.10459468	0.085013648
6232	3.9181429	-0.11332219	0.22780263	11746.816	104.75259	52.810239	0.0082521994	-0.042142929
6233	4.25902	0.35542212	2.6788728	14532.635	77.431597	68.970671	-0.55781489	0.12121384
6234	5.5010197	-0.16888813	1.6064617	1885.2994	40.553562	29.623238	0.021246322	0.026132545
6235	3.1403022	0.69265011	0.76692999	1685.7293	43.341953	41.939872	-0.051936678	0.10225364
6236	1.8963825	-0.23618367	1.8991017	10033.88	77.682902	69.457587	0.19741602	-0.021596169
6237	1.114293	-0.28497497	0.64122292	2623.7065	38.501948	34.756432	-0.1493622	0.10336056
6238	1.9506314	-0.38441005	2.5120657	4669.7608	16.06753	12.249777	0.31564308	0.0074880971
6239	1.4735741	0.0060005567	2.690962	4389.733	17.004912	16.339102	0.049666577	-0.032206078
6240	2.825071	-0.20948855	1.9487039	570.26079	10.205774	9.1969115	-0.23890946	0.036945287
6241	4.2482697	0.67203211	1.0871197	6241.5149	56.171605	50.522215	0.077568416	0.14191781
6242	1.3752705	0.21858745	2.3319999	1448.0366	8.8277801	6.2372079	0.096003414	-0.086357392
6243	1.8453108	-0.41495129	1.0801366	2732.6955	34.360256	25.102592	-0.0013966094	0.37199937
6244	0.0088537897	-0.15448285	2.5754435	1200.9531	25.265432	2.3912604	0.034477433	-0.0059693863
6245	0.60014823	-0.114045	2.6258533	10578.375	69.712804	51.313859	0.04326637	-0.013552451
6246	2.61518	0.58662339	2.7340895	7244.6389	63.922707	26.623406	0.17778913	0.097004183
6247	0.60818028	0.90992266	0.4382086	2044.0188	11.401311	4.4873335	-0.093122228	-0.084957654
6248	2.4108103	0.21188054	2.6888575	1231.8042	10.663463	2.0386474	0.03904388	0.00099356691
6249	5.9163154	1.2758721	1.2896363	3491.3982	60.882193	56.187036	0.16422035	-0.015088816
6250	1.718005	0.43588856	2.4404251	12448.562	109.30575	94.364534	0.11159574	0.082974122
6251	5.463687	0.93739731	2.2124824	3504.3827	61.863138	58.366016	0.1002231	-0.040614878
6252	5.6899206	-0.21176241	0.39481388	4407.3921	15.834322	15.148523	0.1173043	-0.024967132
6253	2.1754526	-0.32434553	0.60051284	413.43471	1.6939918	1.6475651	0.025677219	0.31363888
6254	5.5634605	-0.97160471	0.73673958	1236.0433	12.481233	10.78845	0.046695404	0.030290356
6255	3.7029882	-0.98258085	0.67807312	3387.7182	13.431669	12.159243	0.13846124	0.000878745
6256	1.4496767	0.39321666	2.5765447	3289.7812	44.588843	41.069334	0.014623544	0.049641983
6257	0.21098732	-0.86293788	1.5358139	2208.133	50.80745	45.064196	0.15486726	-0.045273636
6258	0.85660687	-0.32180707	2.2564196	4625.3993	36.47024	32.948899	0.34936501	-0.044612603
6259	3.6614016	1.3307234	1.8139128	538.78597	8.4544054	7.4901995	0.33441741	0.21399914
6260	3.1024508	0.91333967	2.3089315	1082.7198	39.855133	11.979311	0.26735958	0.073061766
6261	5.5254632	-0.72770449	0.67151387	12161.451	92.991978	74.31738	0.10647033	0.17282888
6262	2.5061679	0.39895533	0.80264666	5720.7517	61.172887	48.981115	-0.039557044	0.12352375
6263	6.1116729	0.90212545	2.7793397	7254.0839	76.498896	69.312568	0.027064191	0.17958216
6264	5.1665928	1.0812983	2.3071369	768.99893	10.771451	9.6234393	0.1103505	0.10223838
6265	1.4428435	-0.64061201	1.592187	2025.5992	22.123161	19.935316	-0.093607811	0.11361326
6266	0.59510845	0.011385297	2.2171213	3221.7667	39.363363	31.337448	-0.053837876	0.24336544
6267	2.163952	0.8498581	0.475648	2370.0319	48.920882	32.906489	0.14053263	0.010795839
6268	6.0514723	-0.23255508	2.729184	2151.1586	16.158138	15.556011	0.058125675	-0.24993936
6269	3.5954889	-0.85295404	2.5414183	3908.0433	23.076299	20.02372	-0.0004924863	0.19466263
6270	1.1871182	0.09491089	1.1338897	3364.283	49.486335	42.90784	0.10964309	0.010087534
6271	5.3401036	0.48877081	2.140357	2902.4405	51.314379	22.992695	0.028546571	0.26404685
6272	5.313946	-0.26230607	0.77026969	3390.3347	54.269498	46.868517	-0.05768581	0.34494364
6273	4.4116621	0.39772808	2.9899237	2136.4703	12.537552	12.293078	0.036842945	0.20869771
6274	2.9859448	0.9882802	1.0251681	8656.8489	83.747711	66.878551	0.043141058	0.12190845
6275	6.2420204	0.9927402	0.25562992	3618.9536	42.739316	35.731085	0.036428906	0.012600286
6276	5.4432955	0.2145109	0.70365599	1085.9476	24.330891	1.7700816	0.38922034	-0.068524665
6277	1.9514966	0.62293296	2.1034481	5997.0968	102.55058	86.15416	0.015683336	-0.009542675
6278	0.1957395	-0.22523251	2.5134595	5478.9712	38.054904	37.526287	0.20229743	-0.071991034
6279	0.84299834	0.76111247	1.3532961	2136.5645	35.664873	32.071863	-0.0068462633	0.41603982
6280	2.0523802	-0.70083981	2.8065788	5330.3589	14.46941	14.145381	-0.003017836	0.05409285
6281	3.7934814	0.16782269	2.3693498	3784.7375	14.653544	14.062494	0.12504158	-0.12222505
6282	5.4974578	-0.25248436	2.4258736	2470.6555	54.526631	24.092413	0.11490496	0.11893345
6283	0.623407	-0.97625575	2.3132494	6609.2756	114.00198	70.236998	0.078899397	0.090412293
6284	0.41826846	-0.9126216	2.3445194	4685.2474	17.436717	14.65252	-0.20091393	0.10489339
6285	3.5617566	-0.39536314	0.2525782	5242.5747	62.477108	54.251202	0.22043323	0.012646201
6286	4.8082757	-1.3018892	0.21264609	11230.927	87.41173	68.851409	0.14594618	0.15950849
6287	5.0659961	0.88013789	1.3795579	1307.367	12.90617	11.685973	0.25560032	0.0022032027
6288	5.2163473	-0.33629078	2.4859705	2385.0306	10.353125	6.8051798	-0.093685315	0.087100401
6289	4.2206562	0.86780244	1.0961632	412.51295	2.7426013	2.2620757	-0.0095069641	0.0017457798
6290	1.9584437	0.0827737	0.73214043	3541.2908	13.849207	13.269554	0.050005862	0.0023796363
6291	1.8491526	-1.0110358	2.2648822	10059.764	69.229484	67.733465	0.56795702	0.28864699
6292	2.8823026	-0.61222655	2.3540686	1212.4185	10.962191	10.651839	0.087934829	0.058288593
6293	2.6255709	-0.061906017	1.0035783	841.95502	10.861585	2.8321388	0.087176832	0.092769213
6294	1.0956896	0.81813115	1.7791265	723.93945	9.5243011	3.3278118	0.15404714	0.062505471
6295	2.7440523	1.3890308	0.6876617	4688.9072	90.173957	52.980083	0.0015662816	0.0066081494
6296	1.4244787	-0.53131469	0.68653097	1218.8034	13.085216	11.649211	0.38255291	-0.028938905
6297	5.4859743	-0.0077896166	2.7156795	1024.0353	7.9287516	1.8168527	-0.016197248	-0.11332342
6298	3.6009121	-0.48387793	1.702639	1887.9091	48.072223	13.831743	0.039909087	0.4462854
6299	5.1442061	-0.54525366	1.4936171	883.51304	9.7180023	8.8446064	0.07493434	0.10007513
6300	2.9468863	0.87371297	1.6420953	701.23673	1.7216983	1.4032315	-0.0097997281	0.17316989
6301	2.5815145	0.97459444	1.514827	2410.5896	42.220554	11.103916	0.24399849	0.099402027
6302	1.3543103	-0.1273918	0.57839063	2145.912	12.64164	11.933434	0.12844545	-0.0086418895
6303	3.1240163	0.73571023	2.6060815	3914.1457	16.467795	14.484035	0.21121114	0.053603126
6304	4.3999095	0.99945177	2.3332365	1036.9025	10.851026	10.655716	0.052693997	0.037290121
6305	4.1272182	-1.0784028	1.0519882	532.95125	2.1794061	1.4371843	0.27400636	-0.19897557
6306	0.54213289	0.2211696	0.62472615	6649.2109	79.13677	69.136556	0.042529342	0.05725707
6307	5.9834201	-0.73282105	2.0312004	300.99482	1.8654815	1.4642079	-0.062874691	0.11210541
6308	3.2472162	0.52116802	2.7008006	629.57669	1.7201898	1.4942975	-0.14596189	0.12883595
6309	4.8588114	-0.67205365	2.5178189	5151.4168	57.666032	49.287642	0.02131228	-0.092484823
6310	1.4021267	0.09951918	1.0822984	1730.7381	12.788293	10.44576	0.31130389	0.31081756
6311	4.7234447	0.83461615	2.1368436	1078.7784	31.673983	22.605332	0.11412272	-0.0040088401
6312	4.86001	1.3503493	2.287532	1174.1569	8.5917085	5.4116798	-0.022038674	-0.06540757
6313	5.3938801	0.93022544	2.822722	3098.6879	15.773808	12.246142	-0.030199079	-0.22599129
6314	4.4140195	0.93628384	2.6337327	6083.2308	65.11648	50.345313	0.0024054765	-0.038091507
6315	4.2876869	0.66683816	0.5870902	2337.0437	45.328459	33.189438	-0.041456981	-0.0012100641
6316	1.6166423	0.46006529	2.8360745	8362.1947	64.64562	50.948693	-0.0023277105	0.0035769907
6317	5.941607	-0.4033981	1.7582266	625.107	9.8961748	5.4366415	0.19840226	0.012609801
6318	1.5868194	1.1644457	2.3920651	5745.9386	54.885367	33.54824	-0.036549197	0.074594432
6319	5.1067408	-0.30354207	0.96996161	5439.1278	39.969973	30.681969	0.11614966	0.049769657
6320	0.55504733	0.86252108	1.7909243	6191.0104	126.61088	92.793254	0.1648949	-0.038914047
6321	3.1036057	-0.6338208	0.51590486	1820.5476	13.402719	12.218381	0.15136674	-0.055398444
6322	4.8608142	-0.87902796	0.99957534	5589.5752	58.935227	45.122448	0.1781865	0.036140301
6323	2.3795611	-0.68933214	2.7939685	21306.614	105.46721	81.548131	0.15070723	0.048045304
6324	2.1566448	1.4088835	0.4549427	3390.9772	25.96194	11.708787	0.2391141	0.029086034
6325	2.3310489	0.46374923	0.75588321	688.25718	12.039142	11.766648	-0.07891154	-0.0069989627
6326	1.6874495	-1.1023137	1.6193913	2303.0999	21.899592	18.081051	0.016839838	0.062306245
6327	6.0216078	-0.18978388	1.1213702	4283.4441	32.924849	30.0233	0.2986242	-0.0072871343
6328	5.691572	0.89042788	0.29613425	2476.4559	13.284607	10.805786	-0.14357878	-0.11259152
6329	0.68767433	0.048306162	2.8961632	1960.292	14.864941	9.2731306	0.051034533	0.1493487
6330	0.97461338	-1.2034379	2.1101532	1549.0892	12.167096	11.982776	-0.078167572	-0.12637469
6331	2.7223753	0.98606299	0.30580998	1108.4022	29.540767	21.272091	-0.046669442	0.50951608
6332	5.7195321	-0.92165236	0.68389445	14509.479	87.596514	84.893448	-0.084154838	-0.0041753842
6333	0.66802508	0.11427346	0.51794917	7504.6386	73.119118	30.473356	0.0035153157	0.19582252
6334	0.64411029	-1.2064488	2.2016605	1229.0898	10.933809	9.4351302	0.28354608	0.042221201
6335	3.3964454	0.23852302	1.5802383	1294.9961	36.649123	33.014358	0.079239997	0.026353768
6336	5.0987244	-0.9211757	0.68376783	783.61637	3.6541738	2.1388121	0.12768216	0.00018019698
6337	2.1290177	-0.45406915	0.31918547	1080.4218	25.038396	10.883468	0.11334972	0.22572056
6338	5.5004675	-0.97822408	0.4761153	4188.3686	56.959262	14.100826	0.029419247	0.067591446
6339	5.4608295	-0.82186188	0.63478015	1573.162	29.143212	11.182481	0.22038515	0.13625383
6340	3.1920705	-0.14657099	2.6240634	6703.3593	96.327827	42.47265	0.026796304	0.028896242
6341	5.2324121	-0.89817982	0.95487828	1001.7381	24.166995	10.637775	0.11578361	0.13358695
6342	0.083308079	0.56989128	0.6925328	10735.858	60.360892	47.424098	0.17438577	-0.039560085
6343	2.7168449	0.61070382	2.5903395	755.77208	10.264849	3.9641911	0.006981124	-0.058115832
6344	2.6277728	-0.25758076	0.63539062	6754.3132	33.762273	32.361986	0.15561394	0.035885803
6345	5.9723098	0.15956381	2.8699899	537.54025	9.3044422	1.6108244	0.47542327	0.024680819
6346	5.5793161	-0.51155623	2.8850658	1165.0394	13.675578	5.8806968	0.46806952	-0.066389173
6347	2.4618489	-1.0379971	0.38571417	512.66669	7.7977234	1.974849	0.080072135	-0.041243155
6348	5.7315705	-1.3261574	0.38091697	2931.3157	13.560046	11.969561	0.0030844087	0.1848879
6349	5.5920217	-1.374051	2.6135792	1835.9876	12.497604	12.129464	-0.017302972	0.1816404
6350	4.4292003	0.24157442	0.83099588	772.80047	2.2184369	1.6329767	0.16463241	0.033722395
6351	0.67878368	-0.44150996	2.8155429	1234.829	10.612441	2.2324921	-0.00072080404	-0.062151578
6352	4.4257033	0.53160978	0.71539017	3315.3706	45.735426	22.747433	-0.014360104	0.055317743
6353	5.3027293	0.090021953	0.71139315	4297.2428	15.129038	13.072608	0.25339632	0.23113144
6354	2.3116095	-0.56842787	0.18092096	4111.0513	17.198783	13.46134	0.12055561	-0.24508301
6355	4.5369733	-0.24581153	0.8053214	6468.4912	62.003968	33.293786	0.079634362	-0.051429146
6356	0.029851373	0.6153582	2.6364811	971.44748	7.5888588	1.3946577	-0.017741781	0.12337785
6357	6.1445993	0.20910714	1.3050154	192.12117	1.7245067	1.5270831	-0.0055255304	-0.068125414
6358	1.9204938	-0.81621032	0.92880515	1357.1451	11.603306	10.765691	0.089432881	-0.018699026
6359	1.7803121	0.65028903	2.5858776	14555.028	157.62971	94.727674	0.047854603	-0.0038187555
6360	2.6258015	-0.32241168	1.0920931	1089.1044	10.071419	1.412455	0.007007174	0.0049439993
6361	2.6986082	-0.11169284	0.78633874	4820.7312	49.761026	29.489223	-0.029709408	0.13120511
6362	4.8042333	-0.79049618	2.7196187	1351.3433	16.971954	11.507463	-0.019902527	-0.28197427
6363	5.2559198	0.18946828	0.71080915	15177.269	90.514442	87.303326	-0.0074824927	-0.018560583
6364	5.9026913	-0.51987337	2.208461	1767.4483	40.457527	19.785271	-0.072846809	-0.0045375278
6365	2.355439	0.31031746	2.6008547	1112.108	9.5392279	8.4291837	0.17236527	0.19635062
6366	3.0510924	-1.0502359	1.2055725	3960.0035	112.08513	95.809768	0.55388734	0.037432743
6367	0.81194858	-1.3507457	0.75746346	1247.5929	40.728149	18.838219	-0.004353425	0.16697178
6368	0.47407332	-0.50805719	2.0157372	5490.0365	42.800642	18.547484	-0.40078316	0.019583276
6369	0.82045527	1.3282089	0.62659576	3557.509	15.693855	13.114984	0.017926081	0.013688755
6370	4.8962804	-1.3154861	0.25871699	16188.745	93.551188	82.527424	0.14672276	0.02253791
6371	2.3829428	-0.73435482	0.62281151	8368.9997	76.337732	59.33974	0.020928238	0.0046122038
6372	2.4079418	-1.0573441	2.4249517	2240.6568	41.794744	21.736114	0.0053494203	0.0066037057
6373	0.96795362	0.58948549	2.3149701	5667.0726	65.332763	59.335199	0.025725822	0.30841198
6374	3.8051487	0.027903368	0.94444887	2098.7005	11.616833	9.913786	0.033243383	0.04590859
6375	5.4139769	-1.3987205	0.85151143	7292.2125	67.406511	41.752639	-0.0037539334	0.167403
6376	0.73540814	0.65964639	1.7529083	821.80254	9.8259302	1.5684095	-0.016852805	0.17340901
6377	0.23483458	0.77241612	2.5631681	957.26474	10.261521	2.2398013	-0.014356963	-0.023336061
6378	0.37344432	0.4014215	0.81086456	964.83459	21.228647	13.223304	0.085909662	-0.29669547
6379	2.0284888	-0.71011749	2.2693808	3089.1277	47.970061	14.501221	0.11744286	0.084376007
6380	3.7505296	0.70090655	0.30836638	536.01101	2.4283963	1.5938228	0.0066467521	0.23016234
6381	2.0405881	0.085720791	2.4603345	7655.9969	102.17621	57.962723	-0.098594064	0.030498631
6382	2.622377	1.2583889	0.71750375	1754.1998	11.99245	10.869753	0.13425631	0.054362228
6383	2.9012605	-1.2685959	2.3212267	6497.8834	80.423523	46.567307	-0.090354038	-0.067362816
6384	1.2717043	0.40217494	0.91915766	569.62795	4.2920796	2.5927726	-0.026033307	0.04722056
6385	4.8517898	0.27531663	2.3026459	629.43373	1.6143848	1.3472067	0.051597986	-0.0097130249
6386	1.3246246	-0.88320322	0.52693422	1059.6761	10.333703	7.8747236	0.070398136	0.037713989
6387	5.4076779	-0.67642109	1.9216017	2559.9127	11.787632	11.270803	0.042403369	0.16277095
6388	5.7906442	-0.029061714	2.4533985	650.74839	8.1263661	3.5726824	-0.050026525	0.11885841
6389	2.9767779	-0.7855682	0.67194447	1272.108	12.567447	3.4032303	0.036737281	0.077680369
6390	4.2670211	-1.4702233	3.0872027	3532.6341	14.138466	13.935029	0.052011552	0.049528191
6391	1.2547244	0.41805441	0.88543697	347.8249	43.733824	3.0724319	-0.52235311	-0.005558917
6392	3.9286782	1.1271499	0.94605909	3316.0363	111.14362	38.828082	0.030601482	0.0045082091
6393	3.0423383	1.2509286	1.6956773	9103.8336	81.322865	61.811681	0.18534568	0.12592774
6394	3.7588159	-1.3313989	2.1093844	2568.8013	99.086509	53.509048	-0.0069753546	-0.066807953
6395	0.9856533	0.30770032	1.469783	2402.2107	47.384428	41.014013	-0.041067461	0.23963247
6396	0.85516683	0.66949744	1.2562698	7568.7341	196.10764	123.27549	0.064778725	0.12425334
6397	1.0272443	0.60186602	0.15554714	2048.5207	13.604754	8.3977302	0.0097475894	0.1030397
6398	3.9572228	0.0096340351	2.4312045	1624.968	11.038331	10.216531	-0.24024951	0.064752939
6399	5.0409954	-0.070465985	2.2613243	4015.0512	15.518532	13.770836	0.039679649	0.082040211
6400	6.1269175	-0.11456084	2.0237535	6436.3588	167.75614	110.88369	-0.042457253	-0.1100193
6401	5.5560701	-1.1241457	0.54556041	15627.408	108.87507	101.70697	-0.021668422	0.00010043095
6402	0.78878776	-0.10541107	1.7489239	939.17612	12.629224	10.053991	0.064925144	0.068449399
6403	3.3372396	0.70860578	1.7224152	1537.4271	8.459573	6.3207873	0.14914205	0.37978372
6404	2.8597379	-0.86154379	0.3412064	1067.4131	11.572839	2.1976357	0.067141227	0.020065603
6405	2.8208418	-0.12404	2.7472329	12536.847	85.384964	76.949495	-0.067837105	-0.10303804
6406	3.371279	-0.21365465	2.2515107	6315.993	52.515197	44.813365	-0.045353426	0.047254128
6407	2.5467882	1.3626481	2.0337982	1889.7333	18.16705	14.005838	0.20234975	0.049671275
6408	2.4132185	0.77247091	2.2609642	988.95244	11.804197	10.525273	0.034529156	-0.0091384924
6409	2.7480386	-0.19683529	1.9478895	2410.3402	24.396126	11.749838	0.12201511	-0.10065123
6410	4.187304	0.070109697	0.82025932	1362.4728	11.942907	11.869722	0.054582566	-0.03531864
6411	6.0038773	-0.78014524	0.97503885	1213.5083	26.494746	25.089693	0.24653467	-0.11083255
6412	3.5269159	0.56150448	2.1534283	2396.1794	41.507766	24.624784	0.02452286	0.17151161
6413	5.8261956	1.0964428	1.1972557	574.80468	19.347575	10.078374	0.35435429	-0.017345265
6414	3.4751301	-1.2309233	0.86286955	1348.4578	23.738338	2.0241646	0.15566269	0.024530947
6415	2.6576775	-0.54613568	2.5091906	1589.5296	33.670901	5.4382752	-0.14444058	-0.009834359
6416	0.00061190769	-0.33881505	2.8462264	15107.226	223.14426	184.71152	0.42867797	0.012918126
6417	6.2543717	0.31746282	0.4827145	7572.8443	105.18582	92.673263	-0.16904615	0.18876854
6418	5.3029857	0.092320991	0.40539122	5380.7853	43.589535	36.663311	0.26352601	0.22341026
6419	4.7132651	1.058292	2.2325349	7405.5351	71.232717	60.818774	-0.035060022	0.0067550252
6420	2.7706137	-0.48195836	0.69824285	9832.4931	82.039784	64.620099	0.14594618	0.15950849
6421	1.9646109	-0.051587338	2.4191044	2822.2456	13.846368	13.637223	-0.24454079	-0.069196351
6422	1.3266747	0.51506401	2.5374589	2030.8413	42.841987	30.163531	-0.0098774502	0.0088090937
6423	1.7193938	0.23724944	0.95081055	8497.1165	170.99175	125.67772	0.047564667	0.013646639
6424	0.39770538	-1.0610616	1.1085027	739.54941	10.553373	10.020593	-0.015901625	0.19556334
6425	5.419814	-0.090490919	0.40738262	7892.5986	78.000619	64.594852	0.1373608	0.00014047947
6426	0.69488109	0.5464723	2.1273756	2571.5418	26.135864	15.609333	0.59956223	0.051416615
6427	1.849199	0.35964748	0.81189144	2547.9923	21.830778	18.927169	0.006259815	0.33214948
6428	3.3025971	1.0831086	0.40019296	2468.1483	29.285316	10.933328	0.013833879	0.038685954
6429	0.62377392	1.0550848	1.6444259	1413.3423	13.09307	9.243865	0.25826904	0.21317168
6430	4.6520272	1.3279344	0.36132339	16281.378	129.58965	92.326468	0.063418189	0.34715644
6431	6.1426703	0.52639661	2.8252632	3829.0339	16.827555	13.483502	0.059053314	0.16743788
6432	5.6293467	0.60090808	0.6763481	1818.8747	11.338259	10.038577	0.020340451	0.036348446
6433	4.7387564	0.82018122	0.84870748	4848.8253	118.83955	63.032463	0.094809637	-0.02519319
6434	5.4541065	0.76231379	0.61610498	5307.7003	50.160444	27.125271	0.0010417444	0.18476171
6435	3.8653997	-0.73346013	0.76731967	1189.3716	3.1808654	1.9300735	0.0014792182	-0.0061960741
6436	0.50712672	-0.64129354	2.2904669	3554.2923	47.926567	39.466054	0.15936959	-0.1905033
6437	2.3399652	0.81737319	2.6289306	2883.7698	33.85788	30.160713	0.005327308	0.1915512
6438	2.4208907	0.50064733	2.0241649	3508.1042	109.56379	49.182618	0.23867311	0.12939615
6439	3.8385887	-0.99339005	1.2386761	4210.5072	68.24413	57.402311	0.038440111	-0.0066103729
6440	2.6539663	1.1669383	0.80137111	1661.016	40.606805	36.071796	0.030975464	0.0087669044
6441	3.1428173	-0.25595044	2.7479646	8587.3168	146.75782	72.182409	-0.34249081	0.047416305
6442	5.7684879	0.26530521	2.5852627	2902.6811	24.280127	15.019188	-0.010360236	0.16951095
6443	6.18627	0.49334932	2.2977828	512.72466	13.492645	10.754956	-0.066610005	0.036024809
6444	3.5087753	1.3306991	1.4585662	768.64432	11.481543	9.5778931	0.03281096	0.013993386
6445	2.7166785	0.70051076	0.43229931	17327.232	201.10829	175.24459	0.081484484	0.0037653049
6446	2.9450718	-0.27923177	1.3932738	1458.3422	12.581584	11.052836	0.011655492	0.009300495
6447	1.5366428	0.54572107	1.6011795	860.49986	10.088276	3.68649	-0.09017031	-0.00025987245
6448	4.3119185	1.0531765	2.7258654	3881.9935	127.31043	57.076944	0.0034911581	-0.054636574
6449	4.3201781	-0.33146144	0.81228802	3330.9306	13.512915	12.768344	0.33150791	0.037863317
6450	3.8210148	0.82322	2.2835666	1546.9066	11.252644	8.8586955	0.061986964	-0.0074239536
6451	4.4013901	-1.4740612	2.3433371	2443.4069	13.152077	8.3197391	0.070283959	0.43596655
6452	2.7134374	-0.5156699	2.0542906	1051.6319	10.205935	9.1189458	-0.051696562	0.31863905
6453	0.5043846	1.1122185	0.44817752	13183.276	87.770958	57.313154	-0.039129989	0.076363045
6454	5.4292322	0.353438	2.794791	2885.3607	16.0332	10.317309	0.042236842	0.029917914
6455	4.3541593	1.2962141	0.21949787	7649.1872	59.486782	32.461422	0.027356128	-0.22921015
6456	1.9389123	1.5023447	0.38031075	4958.554	23.623563	15.071924	-0.0002820438	0.23071559
6457	2.5270942	-1.0712189	2.852461	1774.6211	10.39016	2.2208849	0.045105736	0.1379093
6458	1.0444301	0.83971908	2.3279904	3643.5978	74.532486	52.800538	-0.28361502	-0.13454641
6459	4.6440765	-0.914848	0.66617552	4246.4167	41.342571	18.730039	-0.02178128	0.035930159
6460	4.4807549	0.015333167	2.8895846	15651.59	142.81192	92.433051	0.29911532	-0.092187691
6461	3.0493797	0.24018414	0.59553018	3145.5631	48.48516	38.080396	0.017661799	0.13159555
6462	3.1044251	0.52402716	1.5420555	2452.8644	51.5157	42.622151	0.045095764	0.2547188
6463	2.9374832	0.14173459	0.77150417	4254.7827	25.297784	15.384364	0.024655318	0.012762501
6464	3.6185762	0.90233591	2.4828923	788.4473	10.024118	2.4519654	0.02011919	0.081146608
6465	5.5696729	-1.3720651	2.5490441	3062.6555	14.110612	9.346429	0.069475023	-0.046125041
6466	2.3876313	0.10530559	0.89303209	1243.5363	11.263454	9.2316821	0.20178092	0.039135372
6467	3.7209621	-0.35029127	2.5538386	767.99552	1.6814758	1.4255449	-0.057664821	0.17043616
6468	0.70348232	-0.2452865	0.8809079	1267.2672	10.718307	9.7906178	-0.21453749	-0.50462212
6469	3.1795277	0.45912726	2.1828676	1483.2725	24.553174	11.996768	0.056589759	0.013611386
6470	4.0542211	0.49547089	2.1377016	642.98676	8.8406473	8.7912279	0.0036965902	-3.9944633e-05
6471	4.3040662	-0.16855485	1.2018082	7933.0146	60.920995	57.463755	0.16983614	0.09856427
6472	1.6530435	-0.3562403	2.0434114	860.81401	14.672807	11.973487	0.22836189	0.18773582
6473	1.5391585	0.59225997	1.8670041	5347.9276	130.86393	84.685479	-0.006680644	-0.4396178
6474	6.2103334	0.20356861	2.4872226	3823.8984	37.884873	12.468106	-0.05064617	0.025041021
6475	3.3223266	0.37136928	1.2673928	3529.0077	13.196217	11.671191	0.0028096731	-0.0083406534
6476	2.4159559	0.64991327	2.4339114	5431.1419	83.859802	41.899468	-0.12467702	-0.13876875
6477	0.06079575	0.20361691	0.80948912	3162.0592	17.405351	12.618706	-0.007674006	-0.0059816133
6478	1.9996347	0.51531983	2.5455345	1758.3664	44.036819	41.900403	-0.28769176	-0.0053649806
6479	0.43958819	1.2133272	2.5488492	2996.4276	51.974861	12.682598	0.045776784	0.0091341144
6480	5.2145683	0.72936516	1.9164517	335.2768	8.9320861	3.6365164	-0.044071189	-0.11785454
6481	2.3104729	0.52370815	1.1942444	4351.4791	79.625389	60.629879	0.27136891	0.29876615
6482	1.1817454	0.34538669	1.3535966	4463.0297	31.082328	23.339629	0.13153181	0.072641547
6483	2.4077571	0.21017483	0.41374533	2338.9907	13.348896	11.160478	0.016898448	0.2474744
6484	0.41308339	0.27840213	0.55672377	1322.7466	12.113055	11.773305	0.11042379	0.12281723
6485	3.9014003	0.2458531	0.53026972	359.69701	1.4391951	1.4388449	0.013304986	-0.07376013
6486	3.6996191	-0.16361313	0.78388785	3732.423	47.302159	34.9286	-0.0056815192	-0.0021821442
6487	0.36338423	-0.2852171	2.6103098	2870.7358	14.87229	13.618733	-0.066510722	0.079816422
6488	0.51306769	1.1320263	0.71841165	7101.8186	68.26965	66.16915	-0.13197835	0.129455
6489	5.3611609	-0.14459302	0.8654788	1360.8382	11.35393	10.623276	-0.039566922	0.057518623
6490	4.2161631	-1.2112948	0.57336701	9214.1282	48.094271	46.552062	0.12726075	0.20202636
6491	4.183847	0.53927272	2.525661	786.14459	3.6896886	1.3838551	0.057208769	0.1200718
6492	3.1077372	1.0921915	1.4263546	1156.2593	93.815439	77.657351	0.42867797	0.012918126
6493	4.4058452	-0.64862661	1.989279	241.38609	9.0129821	1.460314	0.020427614	0.039694236
6494	0.63052029	-0.38476447	2.5831871	437.65268	1.5744612	1.4620249	0.021907033	-0.049621978
6495	1.3353104	1.0079657	2.5386416	4324.7605	52.671844	30.907258	0.042139702	-0.037713794
6496	3.2805118	0.33659898	0.47578022	646.08122	22.900741	1.4509237	0.053484301	0.010669142
6497	4.377838	1.0668421	0.80643423	1895.2646	10.354291	10.129751	0.18603163	0.021984134
6498	5.0659187	0.37629035	0.38963185	1137.8054	10.764166	10.526172	-0.19321072	0.0068247231
6499	3.107117	0.041185718	2.4902475	675.53332	2.3474277	1.5268159	0.35429769	0.010646137
6500	1.2022559	-0.67831134	0.73280978	2363.6971	11.515662	9.3623399	0.026249609	0.015153956
6501	0.74720055	0.5720455	0.4743878	1471.2662	24.439381	2.1301508	0.0208849	0.0074555324
6502	3.535468	1.0771995	0.581585	1164.6875	11.156631	7.1626122	0.089474715	0.079641131
6503	5.1618074	0.60473125	0.92504554	252.94485	1.5634528	1.379567	-0.21528112	-0.11729613
6504	4.8397561	0.20731915	0.91148193	7227.2345	65.086793	39.081461	-0.14190343	0.15679582
6505	4.2515199	0.44793678	0.56563662	2624.8598	14.975068	12.963512	-0.2768061	-0.26748909
6506	4.203454	0.30381586	0.35511377	7571.4008	73.888499	26.648009	0.043652178	0.30383351
6507	3.2179435	0.72777441	1.3583111	490.63795	9.3205643	1.8014781	0.23188789	0.036327971
6508	1.4249728	-0.41878632	2.1049648	4163.006	26.759199	23.585292	0.012286123	0.0039544213
6509	6.0296034	-0.63854994	2.1652188	2622.9689	13.950144	12.149845	0.010069996	0.07933505
6510	1.3642903	0.98775299	0.18288865	2861.1732	12.235987	11.527929	0.090869312	-0.0009589203
6511	4.4362395	-0.19996714	0.52510083	124.73198	1.5727513	1.1938448	0.030256673	0.12618175
6512	1.6495765	-0.98240209	0.8882623	4883.6118	45.421189	15.571397	0.14869428	0.15009971
6513	6.1820757	-0.64578311	1.9909086	2384.7755	33.852965	32.928096	-0.043914605	-0.12394555
6514	2.5863308	0.49768379	2.7267984	1053.4121	1.7524409	1.4466444	0.0019984613	-0.061001915
6515	1.2307192	-0.20475617	1.2065406	1239.7996	11.240767	8.6952485	-0.00032226164	-0.12561514
6516	5.0257182	0.49028458	1.2444372	1905.2025	47.659561	47.409747	0.065858649	-0.001894948
6517	1.3352576	-1.4532004	0.89855427	2764.3859	52.595911	25.750608	0.0052316221	-0.020238677
6518	1.200006	0.012486306	0.59429931	6163.2063	54.065543	51.240709	0.28760068	-0.18009912
6519	4.8018143	0.054034507	2.0985577	3502.2829	43.090157	41.983327	0.040489801	0.084337974
6520	0.26835411	0.35956339	2.5750291	3647.8417	18.692806	17.097802	0.094478806	-8.1832872e-05
6521	2.4817135	0.078195478	1.8351961	1418.6669	40.216645	27.45562	0.61102214	0.031504565
6522	5.719757	0.14881348	0.88643858	7963.5974	62.026975	30.6881	-0.065025532	-0.11085445
6523	5.9648705	0.64456303	0.91343051	1148.7	39.095195	37.60603	0.019093627	0.13514091
6524	2.9734323	0.12386526	1.4486772	5317.3213	75.21807	60.099592	-0.094451901	0.43218026
6525	5.8244589	-0.89512424	0.54574829	9169.4927	67.609254	64.750937	0.049305666	0.24874116
6526	1.4988023	-0.009103585	1.3541952	203.83923	1.3843443	1.2966006	-0.0040551642	-0.086728685
6527	3.1067796	1.4497811	1.3551546	54.733432	2.5230695	1.2849386	-0.0029315738	0.0079105225
6528	2.3356786	-0.79097277	2.6564212	2519.0688	30.676417	28.152164	0.23747274	-0.00054996859
6529	4.4729942	0.36209602	2.2520646	365.48423	1.8773871	1.59383	0.0070315585	-0.034687687
6530	4.2680886	1.0019226	0.50785757	3629.8118	42.426848	19.454316	0.023962243	-0.023869553
6531	5.5759128	1.0396527	2.4689866	4845.164	21.325438	18.743757	0.078646816	-0.21081669
6532	0.8863236	-1.2448075	0.23999906	1652.1074	28.805285	6.5806976	0.095147591	0.009912079
6533	4.5617515	0.56289593	2.1472338	599.72547	14.734824	1.4794308	-0.014269575	0.18510258
6534	5.2505754	0.7137442	1.0777563	626.75519	9.4233393	8.7603019	-0.071639977	0.023136246
6535	1.8583604	-0.43882063	2.2771466	457.24626	4.4348171	3.0784414	0.041781503	-0.1193498
6536	1.196442	0.19194	0.95748041	1461.549	11.978859	10.686207	-0.038819774	0.066676453
6537	0.4715505	-1.3852541	2.0132088	272.60627	1.3796675	1.2971327	-0.014702153	-0.056107505
6538	5.1260508	0.55587943	2.2351736	394.13411	1.6054084	1.3908904	0.044453889	0.18568745
6539	3.2518939	-0.94365221	2.7451825	14684.361	108.38936	87.458765	0.061063323	0.52700264
6540	2.646945	0.59175266	0.85901179	2492.9364	66.366229	58.386104	-0.091201251	-0.030418073
6541	2.023752	-0.29620835	0.95942476	6156.1512	71.965382	57.72289	0.0029018929	0.49666717
6542	3.4592313	0.30701475	2.7353393	2497.4902	15.214224	12.126377	0.13744205	-0.043007199
6543	3.1514295	0.29515614	2.8119784	5239.9358	63.219226	60.062846	0.014655205	0.048943453
6544	5.7050336	-0.18043843	1.8448007	1074.4459	18.648644	11.124115	0.14954894	0.088032577
6545	2.9573194	0.54587827	0.59487178	852.54705	10.859654	9.6287898	0.0037297782	0.020556082
6546	4.5248565	-0.19684617	1.1737392	9164.6437	87.685957	63.181174	0.28077717	0.10506828
6547	0.37010914	-1.1981734	0.46696602	584.95003	11.152216	10.735403	0.063999651	-0.40178381
6548	3.4302226	1.2359171	2.0446483	11468.63	82.431524	72.959625	0.18367601	0.093437314
6549	1.0988198	0.63539125	0.038578147	2152.4628	54.438642	48.067381	0.13607512	0.0097177916
6550	4.930932	-0.24278807	0.79767016	612.24332	8.0318869	1.7374534	0.013299485	0.068732115
6551	5.5794602	-0.14299361	1.1131192	417.9252	1.8361982	1.3300602	0.065177454	0.042707702
6552	5.0844077	0.11475727	0.6489807	4593.0101	49.941272	20.711293	-0.033128888	0.052620179
6553	1.7121834	-0.048514847	1.4632762	1875.5264	46.051452	43.940143	0.035154061	0.4451535
6554	5.649699	-1.0580769	1.9281447	513.59144	10.028884	1.653158	0.39285871	-0.02265392
6555	5.1434947	-0.31558733	0.46067644	2784.475	16.962726	13.350724	-0.1897128	-0.00038829094
6556	0.57509048	0.054729551	0.98118574	1009.3522	19.770876	19.279044	0.29555846	0.14272818
6557	0.31824235	0.30357088	2.9183879	2372.119	13.178445	11.915241	0.040223678	0.040981867
6558	4.6206959	0.46013167	2.6183304	2262.521	19.611464	13.260822	0.18884896	-0.25117779
6559	6.1440853	-0.056816511	2.1344651	1080.6942	10.666311	10.049387	0.034419207	0.098757119
6560	5.3221753	-0.39141773	0.53815014	1550.6684	13.447741	13.280737	0.0067561985	0.076618785
6561	3.0795915	0.39045494	2.4980518	3315.35	34.129888	12.804683	0.16013872	0.34224375
6562	6.0076066	-0.87738925	3.0033011	3180.985	31.000968	29.65331	0.089873529	0.052996576
6563	6.1302298	0.52784799	2.9501229	5838.8665	54.751053	35.022506	-0.20788907	-0.0045493984
6564	1.7386143	0.53420279	2.2916312	4520.7666	65.313818	52.065213	0.4538971	-0.13326748
6565	1.1305301	-0.19711236	0.87036905	727.87158	12.81475	11.326706	0.24077623	0.15010665
6566	5.22296	-0.24928768	0.2371225	1563.2652	12.552353	11.966356	-0.050922169	0.021078688
6567	3.901453	0.41024826	0.41360732	1068.8735	39.328425	1.5407632	-0.01843628	0.010226804
6568	4.1879913	0.57284147	2.3844328	4852.5816	37.806707	27.25358	0.021546414	-0.049203683
6569	1.1960767	-0.49939902	0.084119694	3255.3217	28.837089	13.632968	0.0067267619	0.28645114
6570	0.66504773	-0.20040837	0.35922478	13729.818	101.04003	86.843276	0.2748302	0.17803207
6571	6.0358194	-0.33957643	0.58144468	6341.9758	20.073434	19.415251	0.0031181454	-0.039134924
6572	5.6857699	0.22200356	0.69224101	14121.148	99.488195	90.327607	-0.011641766	-0.064454655
6573	4.5423326	0.20653751	2.9209269	2205.7242	12.313012	12.00612	0.0010560533	-0.017060831
6574	0.7675667	-0.11567586	2.3483921	2376.4456	12.8306	10.756239	0.17906423	0.37230472
6575	2.4486141	-0.93426733	1.8131116	495.55858	26.916095	23.789398	-0.14272976	-0.11636483
6576	5.9631176	0.96528725	0.85845715	7676.897	49.439402	39.984867	-0.023782826	0.0045766313
6577	3.0498791	0.96509467	2.1463664	780.68121	6.9339398	1.4385079	0.016162703	0.0040633085
6578	6.2353037	0.51103524	2.6547139	7148.9227	44.32326	17.0746	0.0090349222	-0.10322283
6579	2.3689014	0.13589669	2.433089	2947.4731	14.748472	12.717956	0.10730811	-0.024395732
6580	0.89969087	-0.81726305	1.4439824	359.71993	7.179156	2.5664012	-0.20267981	-0.33829951
6581	2.2028454	-0.24201711	0.73976648	747.20487	3.0913081	2.2088797	-0.12151713	0.033129832
6582	1.5372313	1.0420356	2.7011881	7006.0523	61.836639	47.443232	-0.085241319	-0.24982558
6583	0.71280621	-1.2449393	0.65278427	1940.5104	13.096345	11.434531	0.013484019	0.044110384
6584	4.9919025	-0.70720336	2.6479986	22448.902	101.61898	93.3593	0.011231476	-0.097752345
6585	3.9812598	0.73701536	0.25124978	318.37561	1.5404949	1.4019695	0.11447129	0.19742723
6586	6.2002277	0.074948155	2.1215287	2689.0692	14.2418	13.785621	0.0082416897	-0.010108324
6587	0.51661928	0.5892561	0.8215214	2618.2835	55.27807	13.931151	0.14237159	0.43379584
6588	5.7180145	-0.69324714	1.1556091	214.12646	10.971318	1.2617275	0.0065847941	-0.071202562
6589	6.0072199	-0.16459958	2.1157312	768.97025	17.547169	10.274643	0.03861831	-0.15573541
6590	2.7212236	0.74535971	0.67211042	5279.3612	85.312414	83.422075	0.10804787	-0.040663498
6591	5.0054608	1.0281275	0.70061828	16485.388	85.213408	73.740523	0.31125988	0.063804705
6592	1.875282	-0.46176401	0.56686267	1770.8654	36.037273	12.522568	0.035159273	0.0016063293
6593	5.5284047	-0.21415314	1.1374273	3987.6649	108.38389	34.182899	-0.011589639	0.034551447
6594	5.2822374	-0.50408602	0.6498749	3404.2024	13.359971	12.039442	0.063825147	0.14006984
6595	2.3549687	0.10144299	2.7812141	2853.328	12.151595	8.6153125	-0.010751007	-0.040886807
6596	3.6000283	0.17813069	1.0834763	3666.3651	54.465145	51.098239	0.054955923	-0.00095848553
6597	1.3966033	-0.66789093	2.9890953	1272.8282	22.952468	13.13967	0.019243516	-0.015785424
6598	3.7703719	-0.35262996	2.380724	3042.0795	110.30271	106.11306	-0.066781621	0.22746772
6599	1.5366556	-0.59822817	2.6883411	12286.046	91.670403	84.268415	-0.016866179	-0.065745023
6600	4.3522283	0.84550594	2.4044242	3444.568	62.405636	55.278432	0.14121613	0.11038092
6601	0.088284725	0.42239845	2.5130333	635.00366	2.3548393	1.423945	-0.23590258	0.075022588
6602	1.498649	-1.011277	1.2286958	2236.7343	27.183444	12.359668	0.0052909878	0.13338078
6603	5.9076456	0.28029452	0.31909462	288.7356	2.7544885	2.127087	-0.33644755	0.099309173
6604	5.9120696	-0.93574615	0.76467741	868.47332	32.429195	2.8014743	-0.11888763	0.23220901
6605	1.3771841	-0.50343726	0.33115053	8773.0672	160.37471	154.63373	-0.026391266	0.035047019
6606	5.0046487	0.12506792	2.5725726	615.73721	4.0958864	2.3132867	0.02012658	0.1892685
6607	6.0066419	-0.43832539	0.6107654	8840.8066	85.496737	75.577468	0.012875372	0.25640123
6608	4.8017647	-0.69142236	3.0807278	380.99438	29.027709	2.6678626	-0.086153803	0.010463266
6609	3.1329146	0.33066214	0.69894036	2246.0726	19.224818	12.018632	-0.32019973	0.14866928
6610	6.2023464	-0.37633889	2.584683	3437.8054	11.847303	11.545317	0.104101	0.074940197
6611	3.1581094	0.24025341	2.2748658	6673.761	95.072843	45.735718	0.16433661	-0.50981528
6612	3.8239096	-0.71825515	1.1189291	3569.8198	16.048129	14.400599	0.078814227	0.012093425
6613	6.0872245	-0.43361454	2.4234067	4656.9571	54.293575	43.262537	0.16701058	0.52079945
6614	3.1497866	0.83465439	1.8960155	506.17002	11.783198	10.116831	0.20925895	0.035894528
6615	4.4666853	-0.35504113	0.77528587	5745.7617	47.816616	37.867163	0.28417852	-0.20516554
6616	0.70827946	-0.20291908	0.34382152	2629.3487	15.187826	12.622135	0.043707058	0.11763196
6617	3.4338209	0.8414769	1.2407428	997.19899	13.133914	11.700026	0.049821106	-0.13535566
6618	0.872569	0.32401944	0.36166166	2456.288	11.972717	10.543748	0.38472899	-0.29690817
6619	1.2165064	1.2646526	0.59587567	997.34293	58.096093	10.175128	0.22753275	-0.047180626
6620	3.0072136	0.52632761	1.9633865	1678.9276	32.843513	12.096978	0.013219488	0.042731424
6621	0.10534543	0.64724596	2.6074592	4564.4799	15.893396	14.515216	-0.003507986	-0.0038834291
6622	3.3783075	-0.96289878	0.7113748	1506.2051	41.179829	37.814278	0.32388998	-0.11650466
6623	4.8036843	-0.18170233	0.41798366	3708.2098	14.368255	11.943874	0.24713974	-0.094729225
6624	3.5581548	-0.68694629	0.68576995	1970.4029	50.998819	49.383461	-0.12791418	0.041307655
6625	3.7732532	0.61386675	2.5530669	2421.037	13.397336	13.311744	0.0074784007	-0.01420481
6626	5.5874313	-0.89731751	2.6040177	20305.45	93.252175	86.1394	-0.21075149	0.2170556
6627	0.6498487	0.2249449	0.22537644	3802.7243	58.456819	37.913787	-0.010691184	-0.048379843
6628	3.1010314	-0.51076671	0.38340455	22656.407	144.69982	121.56361	0.039945028	0.042881346
6629	5.2635004	-1.0034649	3.0053718	2036.4583	27.660317	23.456409	0.0223621	0.055492644
6630	2.7442775	0.30502809	2.3738797	889.07334	10.803284	2.4998517	-0.001576522	-0.14084306
6631	5.4123638	0.16746925	0.46724312	4103.5954	57.271954	14.714415	-0.015953203	0.15574108
6632	6.0717713	-0.49371439	0.53936766	5788.8248	43.474498	32.195018	-0.16746441	-0.23288216
6633	3.8010002	-0.65314163	1.9355064	1217.6328	10.265698	2.1636563	-0.029233361	-0.066733675
6634	0.83373563	0.47802696	2.4692499	6175.3016	67.399467	47.794051	0.08797872	-0.22056228
6635	3.3502732	-0.4541481	0.96983173	1982.9622	30.030901	11.083615	0.14183086	-0.081915909
6636	0.87827242	-0.27766361	0.61770711	2040.9969	14.264244	10.700328	0.14132669	0.002253784
6637	3.2062121	-0.97089688	2.7218176	3992.5831	63.015023	33.001698	0.048388279	0.14325345
6638	2.2877748	-1.2157077	0.24815132	3186.0391	20.084971	4.5766236	-0.02979823	0.087048197
6639	2.0196953	-1.0476412	2.3045078	367.19347	4.3926606	1.8625827	0.020527077	0.056660174
6640	6.1550173	0.45764275	0.48603624	2935.1651	11.762324	3.0313936	0.01739121	0.089185948
6641	2.6467952	-1.0319293	0.43479072	1494.496	13.02094	9.6807165	-0.23227752	-0.13502599
6642	4.2676144	0.11988568	0.94802596	6500.0797	75.887238	74.612766	0.097137128	0.0033992305
6643	4.8064185	-0.85803318	2.3764517	5335.9861	20.790786	17.978478	0.094171125	0.11989332
6644	1.1238698	-0.38130855	1.4769388	1261.5133	12.908143	8.8374233	0.057571388	0.1785431
6645	5.5279791	1.3247211	1.7814773	1891.3454	14.38686	13.084598	-0.066921297	0.0073625131
6646	5.7756721	0.36372575	0.36669194	2445.8031	25.345552	18.443865	0.17439429	-0.0060115895
6647	1.368815	0.3449008	2.6853485	710.66508	1.891648	1.5712746	-0.12275261	-0.283194
6648	6.0891582	0.047382823	0.023686166	1549.0827	13.353957	12.018304	0.046468307	0.54960954
6649	3.1268431	1.257564	2.3538026	1344.9861	13.613885	4.6545118	-0.0033479264	-0.21776996
6650	4.8666198	1.2651689	0.30800961	4368.1354	37.396699	24.46543	0.036516434	0.0060319225
6651	4.3220093	0.17234509	1.9852541	366.50685	1.6354259	1.5200903	0.0030931885	-0.0084637788
6652	4.4207158	0.37812811	1.3055381	1080.2034	11.897057	9.0871644	-0.035808013	0.28853716
6653	3.3149387	-0.80702042	3.0408615	16718.973	82.166521	80.132457	0.090739358	-0.086587062
6654	2.3555359	0.56859571	2.0985925	878.98257	10.931222	10.706562	0.09142655	0.021544326
6655	2.8128185	-0.14599258	2.6306034	3189.242	14.818766	11.62392	0.031860015	-0.027321287
6656	0.75844633	0.85492196	2.8143279	1772.2709	32.986366	28.578137	0.10725944	0.081653911
6657	4.3676608	0.080081542	0.92731153	1009.8816	12.440423	10.398026	0.07310194	-0.0014815119
6658	0.2982628	-0.80532884	2.6268305	679.33156	2.0063178	1.838282	0.03079923	0.13183658
6659	5.8357123	0.92996786	2.3683728	1454.6841	20.097052	19.622539	0.022484912	0.18375974
6660	3.3997374	0.78219054	2.3346876	2162.6231	36.788385	28.154009	0.094579641	0.53703855
6661	0.96178033	-0.29559454	2.3078791	1924.6915	52.884823	14.090388	-0.021487274	0.029086634
6662	2.6732645	0.72946207	0.22213656	4550.8298	134.19318	60.162681	0.0034911581	-0.054636574
6663	1.1190909	0.31820057	2.6963417	15574.597	88.066072	87.520521	0.14319557	0.10488217
6664	1.7681743	0.74810479	0.54993622	5508.4961	71.896782	41.266669	-0.01194437	-0.37736769
6665	0.90545218	-0.32558944	0.74445958	3280.9755	28.963712	27.8534	0.0067871871	0.0022132419
6666	0.55723042	1.0732318	1.2382371	2610.2539	57.40421	46.155648	-0.046313363	-0.053131486
6667	0.33236119	-0.16780067	1.2949626	336.29737	2.0970785	1.3637192	0.0013737314	-0.016803127
6668	4.2240431	-0.44534478	0.78810207	13970.368	192.95169	82.54137	0.072905263	0.63149233
6669	4.8174374	-0.38177077	0.51429227	1453.6546	21.483713	11.736474	-0.06716269	-0.023853513
6670	2.5493194	0.65005973	2.3741321	1650.3527	12.542062	11.63371	0.29290274	0.19982448
6671	2.5661356	0.3234696	2.5873257	2250.0561	13.126927	9.3352911	-0.027051676	-0.039676872
6672	5.4661115	-0.32342518	2.5599352	265.6802	1.2957601	1.2880765	0.0065269549	0.020675645
6673	2.4806386	-0.36498592	0.16802122	27801.612	133.15306	114.43691	0.022558313	-0.055229197
6674	4.434364	-0.72422705	0.61696874	2227.086	13.498232	12.721111	0.28205609	8.4010223e-05
6675	0.50363742	0.22125157	2.408499	2011.1001	13.029505	11.216472	-0.024927837	-0.13977056
6676	2.5739205	1.4523086	1.4189494	555.96808	9.8986451	1.9141145	-0.15878775	-0.047267973
6677	5.069755	-0.55865089	0.34491435	758.61352	2.5248182	1.3985249	0.12965293	0.005269234
6678	2.0167166	0.92503965	0.61262607	2674.3861	14.613809	13.056787	0.12544715	0.29979855
6679	1.7871137	1.0632159	1.9913157	1398.4886	12.014423	10.92472	0.089177423	0.046551976
6680	1.858783	0.54369721	1.1545331	715.7192	10.43615	9.2870981	0.022334079	-0.15939826
6681	4.9159598	-0.98956442	2.912768	4013.8132	52.407619	43.408244	-0.25263212	-0.44195443
6682	1.5607356	0.49641401	2.3853244	585.84282	2.5069799	2.4688329	0.029400661	0.03739554
6683	3.8616116	0.53880408	0.48329253	2798.3503	25.072601	10.606905	0.040423843	-0.040911165
6684	4.572601	-1.0828755	0.40595701	10906.259	79.128172	48.576701	-0.038953684	0.0058743348
6685	4.0558744	-0.049535398	2.1320539	10836.99	74.136241	49.769536	-0.0090738473	0.2720214
6686	0.55427026	0.21034219	3.0884356	1099.8641	24.07511	2.7506586	-0.015834699	0.1147861
6687	2.8082373	1.1748682	2.1483826	876.48323	10.790119	8.0599592	0.14655524	0.19964612
6688	0.4883102	1.1491241	2.1068796	7447.7166	52.078376	48.973111	0.40865625	0.044794908
6689	5.2173751	-0.73669499	0.39218154	3466.3115	54.480436	36.174697	-0.036168299	0.010869332
6690	4.9576159	0.047459661	0.52396036	1897.7767	10.950868	3.7853691	0.13109273	0.044625252
6691	0.77359288	-0.054154377	1.1433097	3318.7824	42.467898	40.503307	0.02062877	0.032855901
6692	1.358932	0.63254912	2.1878062	480.80379	1.354397	1.3070723	0.094637814	0.11955454
6693	2.1656379	-1.3006275	0.79206242	4534.9769	47.48901	44.954715	0.071178874	0.55770562
6694	5.0056409	-0.22359941	0.025806759	1004.6546	3.698058	2.1639927	0.28372697	-0.0016388332
6695	3.5127266	1.011462	2.5088734	177.6902	1.3172519	1.2286122	-0.27298029	0.20362528
6696	4.1376625	0.5866234	0.48528988	2525.3973	13.88397	11.954611	-0.032252757	0.015874058
6697	1.7190843	0.078189575	2.1895198	3243.6575	32.445658	31.720013	0.17784028	0.60382984
6698	5.430269	-0.94397565	2.7504156	7740.2549	41.261632	20.5567	0.10663822	-0.0086734794
6699	2.0817503	0.60742425	0.16491895	1667.3751	10.122749	5.0805779	-0.11557796	0.10402872
6700	4.4037924	-0.17585229	1.2406814	2042.332	12.185851	11.977572	-0.0061656581	-0.038095743
6701	5.4468775	-1.0003402	0.88875414	3665.3291	64.947105	32.076635	0.019717543	-0.086116955
6702	4.946858	-0.078160469	2.9148789	1039.6169	11.601999	9.6751791	0.025080298	-0.10038362
6703	2.6655848	-0.41372326	2.8612071	13856.931	110.25663	101.66856	0.19738401	-0.016414912
6704	1.0350587	0.73940722	2.7882463	2645.1137	11.26309	11.082093	-0.040087016	0.39536093
6705	1.5875642	-1.2941738	1.7618064	3970.6025	42.221851	38.329606	0.11189337	0.031166097
6706	5.5598086	-1.0235196	1.9284593	1951.1284	35.26492	11.630921	-0.061918734	-0.033610823
6707	1.5326486	1.2860446	2.3574384	1419.6895	8.9800995	2.2844471	0.2796441	-0.058285591
6708	3.1047484	0.578226	0.38272154	1131.466	12.251422	10.788829	-0.20451412	0.027898742
6709	0.41484551	0.75925735	0.90883536	8055.3114	72.419952	61.849017	0.029734642	0.021703073
6710	5.6848647	0.38722599	0.96723295	1537.2072	11.072698	8.9529352	0.21119114	-0.10840818
6711	5.4559065	0.23758801	0.75575234	1814.7465	11.9525	11.743313	0.17755192	0.15233148
6712	1.4232292	-0.98912912	1.2996627	86.836397	1.4881342	1.3077914	-0.0040588094	-0.078465116
6713	3.3592741	-0.58533444	0.7686798	874.81401	2.3714434	1.6756303	-0.012943097	0.06317188
6714	4.5665104	1.4824735	2.5955136	3972.3405	38.349396	12.620983	-0.05064617	0.025041021
6715	2.3474591	0.024664993	2.83232	8591.3957	71.087494	68.299615	-0.0036774827	0.24163431
6716	5.4899195	0.21900126	1.2403169	4344.793	103.93687	33.52805	0.0065393771	0.04014351
6717	3.0109229	-0.1892603	0.38607658	5499.5927	104.50599	66.281492	-0.46916511	-0.038142883
6718	2.7492602	0.66398249	0.93464142	12740.095	87.683244	85.495491	0.0053368677	0.26954735
6719	4.9006249	0.12967512	2.8895943	2733.0427	12.104384	10.3794	0.041106096	0.1495035
6720	5.179253	0.92137819	2.9015835	3269.1915	71.431705	44.842858	0.21602767	-0.061605793
6721	3.8006999	-0.15137979	2.1784382	2343.9094	11.963939	11.854926	0.37196749	-0.05963363
6722	2.7821227	-0.48241988	0.21096227	404.25871	1.299486	1.2658813	0.092807731	0.030420348
6723	3.3954699	-0.96300065	0.66861812	2379.3563	30.579094	3.8872267	0.16347809	0.020950943
6724	0.20013718	0.74415834	2.6895054	2182.8577	34.713594	26.575234	0.36178895	-0.004633678
6725	2.1447642	1.1425145	2.3678377	4357.261	15.345678	14.956998	0.08538859	0.31646678
6726	1.9608242	0.088621423	0.96181465	1627.3584	14.119707	13.64931	0.025937618	0.014069833
6727	0.048566497	-0.27318577	2.2845788	722.35975	10.863424	1.6156005	-0.2875834	0.0074419373
6728	2.511922	0.69547479	0.610181	6931.0964	57.37286	47.8256	0.11740377	-0.003426381
6729	2.0620463	-0.96005979	2.6444905	2766.2941	51.965316	37.734773	0.019123472	-0.20630118
6730	2.5757412	0.074635136	1.9833706	1898.8799	78.009228	43.588222	-0.14178562	-1.377386e-05
6731	1.0879791	0.39029444	2.2127727	677.3058	9.9933472	1.5529911	-0.058321636	0.039194727
6732	1.1731957	0.25207813	2.8629298	1577.806	21.455939	10.308077	0.018686079	-0.25271628
6733	5.226746	0.29155726	2.5939876	8705.2229	90.790521	69.574267	0.047781956	0.026774354
6734	2.427159	0.48353227	0.53406261	8502.4553	24.977614	20.817512	0.050064296	-0.002504777
6735	4.0424382	-0.24670009	2.7344457	671.27313	1.7988061	1.7216814	0.066302316	-0.088671453
6736	0.47575567	-0.14585583	1.5300997	2191.6213	16.150669	14.475383	0.053277226	0.036894674
6737	4.1563474	-0.67593081	2.3752482	1301.817	26.963648	3.2114399	-0.0048894161	0.20809139
6738	5.8233012	0.66723898	2.6006054	377.27922	1.990081	1.3821871	-0.060755802	0.032534612
6739	5.5278927	-0.38066692	0.53084383	1709.9357	15.125876	10.173653	0.0054806352	0.40201363
6740	4.7464077	-0.87024633	2.654899	860.44324	45.96078	44.810653	-0.037178201	-0.0017448163
6741	3.5617267	-0.5133532	0.60590043	3999.5505	16.821017	13.824011	0.12581099	0.642503
6742	4.2532702	-0.5301602	0.61960329	1304.379	12.571663	11.515097	0.023436385	0.1240872
6743	3.603256	0.87406534	2.6659027	1117.3976	11.896663	2.9342194	0.37444975	-0.0071347359
6744	5.1439731	0.30454429	2.3605811	2259.2853	14.507293	6.8843479	0.030146899	0.057417602
6745	1.536977	-0.86284361	1.3412054	196.75555	6.7649334	1.5656201	0.26293021	0.25890519
6746	4.2072589	1.0905987	0.12171502	3193.7165	17.118197	12.250736	0.029960424	-0.17396791
6747	2.2679808	-0.65074304	2.4968593	219.66967	4.3966998	1.5288822	0.026219681	0.040843326
6748	6.0555603	0.36345625	0.20536122	2788.7508	30.90706	29.16058	-0.1552678	-0.090240245
6749	3.1450837	-0.90768089	0.96501157	12003.794	73.969198	73.879	0.098192675	-0.052451192
6750	1.0824969	0.68872421	2.1113168	301.37363	2.0724387	1.3958214	-0.22994076	0.010765286
6751	0.28836934	1.2516222	0.33643826	5505.0195	44.229219	16.175172	-0.032957488	-0.046584094
6752	5.8642695	0.35524681	2.5809584	5598.2146	55.839175	44.291844	-0.15744571	-0.038621359
6753	1.3956588	-0.89942932	0.34811313	1663.5704	11.278537	10.90977	0.56150703	-0.013736354
6754	3.9748891	1.0088079	0.73810579	6140.1414	69.880559	39.545319	0.098641782	0.086633628
6755	4.0950941	-0.14104022	0.51584721	2097.8125	17.66986	11.149862	-0.012566161	0.08283325
6756	1.7485683	0.80770647	2.848044	1038.864	11.766579	1.828589	0.15844208	0.028401849
6757	3.5108333	-0.18762344	2.4080669	324.22226	2.6922349	1.5062876	0.038973951	0.00035461236
6758	3.4595954	-0.85310271	2.5095073	747.06388	2.1292321	1.4811283	0.028850207	0.0038515618
6759	1.3315666	-0.65029375	0.14042475	922.75395	9.5637615	1.4903777	0.088306479	0.0090054914
6760	1.3017277	-0.37705587	2.1043856	8992.2511	86.940135	55.986381	0.068150715	0.35108249
6761	0.022460459	0.76988169	1.6014091	1153.9819	35.077965	35.032495	-0.097242944	-0.052240515
6762	5.3343645	0.12183146	2.8977413	9428.8311	149.57723	37.166311	-0.1256497	0.29556289
6763	4.0027323	0.44667263	0.48545622	492.95311	9.2124496	1.6987215	0.19946184	-0.092948738
6764	6.2286208	0.073311369	0.51393915	1536.7113	12.206334	11.603038	0.069889808	-0.13416594
6765	6.0644792	-0.78987801	2.1368654	3665.2464	38.24016	25.30763	0.20078524	0.050387866
6766	4.0272546	0.19180133	2.6156177	10751.458	186.86387	172.18918	0.016304088	0.019597004
6767	1.4902204	-1.0175251	1.657827	3127.3373	54.063655	42.103755	-0.080114497	0.088907409
6768	6.2402293	-1.1614282	0.82325368	743.79416	1.7717855	1.4314502	-0.036167572	0.14320634
6769	5.5074305	-0.16540438	0.92419844	2124.8653	53.113985	6.0433999	0.14243636	0.020849189
6770	5.8564339	0.30140546	2.6033296	1816.8877	34.008063	30.701401	0.046713695	0.16532091
6771	0.65728918	0.37047965	2.3880598	470.49237	9.8116337	9.2585447	0.14482505	-0.10949565
6772	6.2110003	0.37877089	0.84984948	228.83244	7.4775091	1.2621805	0.042369213	0.097033595
6773	1.0692166	-1.2525971	0.68371118	1442.3505	13.302192	7.8688919	0.017197351	0.024528029
6774	1.1862671	0.47639298	2.8746522	384.65068	1.8494864	1.3048092	-0.23069032	-0.14064134
6775	0.29762562	-0.98589079	0.57356691	2298.6153	42.786921	35.078691	-0.029767715	-0.044599039
6776	5.0298178	0.031030264	2.1797778	589.35526	10.479822	8.8974432	-0.0016623255	0.012885952
6777	0.22972982	-0.17758491	0.14125651	487.82132	10.92218	8.8386786	-0.041782329	-0.079790726
6778	2.4211321	-0.21313914	1.9375425	2290.7395	49.577019	45.840164	0.25528315	-0.00083814171
6779	1.0560772	0.44766539	3.0167621	594.76542	1.627462	1.4653486	0.062011626	-0.036906451
6780	5.8817682	-0.3295118	2.4199823	2040.313	18.788542	9.0891749	0.1189091	0.0078559195
6781	0.3459134	0.86539984	0.75868267	1630.0762	13.890109	13.005919	-0.0039212509	-0.016925778
6782	4.4228741	-0.25465767	2.7235794	417.36443	2.4673036	1.584936	-0.0096323365	0.0098590304
6783	1.4921794	-0.89235696	0.51841042	14930.389	258.77871	161.24054	0.089538285	0.17863474
6784	2.4301625	0.56026005	2.5465479	2074.0747	11.015402	4.2097732	0.353719	0.17191346
6785	0.69733394	0.94824141	2.6216768	694.29031	1.4642341	1.3944374	-0.00031397911	-0.1177129
6786	5.5602326	-0.20794665	0.43064178	1721.3679	12.550431	11.493626	-0.07130538	0.013633084
6787	3.8200415	-0.69558201	2.0149913	377.27683	1.7447256	1.6036873	0.0021600481	-0.0049068133
6788	5.7622446	0.14872241	2.5668611	13898.396	70.040036	67.280816	-0.11997081	-0.033209805
6789	2.3345442	-0.051770677	2.2671977	10120.343	89.729538	75.80258	0.016705556	0.54198174
6790	5.1077793	-0.56249885	0.61080321	2551.2255	13.023614	10.277958	-0.0075006225	-0.33549298
6791	1.0151865	-0.7218057	3.0357484	198.58511	10.056941	9.4420222	0.34083564	0.054219377
6792	1.8926901	-1.1859472	1.032564	759.15471	9.9457545	8.9482264	0.21309169	0.0046864394
6793	3.6653316	-0.0014997411	1.0205426	4007.4067	46.285554	40.104908	0.15297376	0.090023905
6794	0.69900331	-0.28846925	2.2204176	2222.7783	116.12993	104.24234	0.099895005	-0.002590987
6795	2.6480424	-0.75672784	2.1970835	6947.0031	73.099176	70.941995	0.000357235	0.087391331
6796	5.5131165	0.73974335	2.7612273	3578.8734	10.608863	8.1623084	-0.078435711	-0.42224293
6797	2.6632766	0.90765193	0.56714446	11645.06	98.271328	72.032358	0.43991185	-0.011186908
6798	3.625657	-1.0480361	0.52598153	985.74214	13.235943	12.962053	-0.0097091716	-0.032037481
6799	4.825678	0.38284649	2.5543924	15185.334	97.275572	76.55187	0.012577825	0.030537053
6800	1.595917	0.69546523	2.0535273	3644.7598	39.44253	13.384284	0.0014490204	0.15206085
6801	5.7328452	0.26509279	1.2646651	4133.3107	41.756286	41.754631	-0.096656772	0.44259759
6802	3.042453	1.5026923	0.19536608	6533.1665	85.032137	67.939345	0.040269999	-0.1094015
6803	5.6290325	0.93266269	2.5219577	4916.032	17.875759	17.153968	0.024603947	0.14540483
6804	0.49497838	0.14809713	2.0467169	1193.8089	12.092093	10.141513	0.0043773501	0.50238301
6805	2.7750699	-0.65267703	0.68700466	1330.0159	12.909812	11.698979	0.0044829541	0.20776023
6806	4.583478	-0.46845007	2.0438623	407.01568	2.3165696	2.2040578	0.012083076	0.049703221
6807	3.7551521	-0.45598029	0.66933725	2358.5829	55.907249	41.6386	0.050890922	0.55171996
6808	1.9051205	-0.27614748	2.7293536	483.39018	2.4956693	1.457299	0.097359759	0.25542397
6809	2.4876922	-0.026295924	0.84683997	1809.175	14.207039	10.604556	0.083029572	0.0059648726
6810	4.1214333	-1.2638036	0.60124046	3675.6263	42.084904	41.70891	-0.15992025	0.22380076
6811	3.2715161	-0.49523221	2.413304	3345.6935	52.81781	34.498833	-0.27592742	-0.0016536146
6812	5.7011159	0.77807775	2.2625404	7642.7056	95.707184	58.719513	0.039950793	0.0015987817
6813	1.3883123	0.99580058	0.66056352	6056.4388	61.217699	56.998927	0.034249774	0.45500968
6814	4.1878546	-0.23903666	2.4054561	1782.8056	15.201212	4.5658085	-0.0087842935	-0.19902867
6815	2.9324589	-1.1205185	0.75553971	2981.8445	48.503111	33.144195	0.53497326	-0.044799537
6816	0.73833646	0.033012471	0.61021879	6905.1427	57.291362	37.096292	0.22189968	0.20728123
6817	2.065407	-0.92682091	2.1864247	711.89265	10.364133	2.0865282	0.25444787	-0.1382183
6818	2.2137684	0.18191936	2.2866983	3022.2285	18.909391	13.537339	-0.36276199	-0.063497027
6819	4.2511963	-0.24300694	0.90888714	1010.7778	39.405988	10.789183	0.058592917	0.030646104
6820	2.1208164	-0.03624131	2.2438416	756.55872	9.6485727	4.0182839	0.012116274	0.079459487
6821	0.41192249	-0.081380637	1.035934	776.04261	29.442958	8.7457595	0.11652081	-0.030116881
6822	5.4286519	0.31288301	3.0647529	1250.1398	3.5958853	2.1129096	0.023764753	0.035791406
6823	0.05150141	1.198962	0.25497352	1543.1831	3.2576777	1.9039595	0.0092641138	-0.0001228442
6824	3.7210609	-0.83849867	2.8533674	1306.0184	11.742736	10.305446	0.1993708	-0.049689901
6825	1.2613418	-0.77689583	2.0308553	3793.5545	18.036799	16.321299	-0.12308094	0.18957792
6826	2.8019418	-0.14985758	2.5472847	2563.1732	47.789599	35.801581	-0.08241734	0.019515593
6827	1.3304053	0.31117126	0.67675957	5816.1459	33.808282	33.744005	0.15447488	0.036239053
6828	4.1032916	-0.42297028	2.1044169	4447.1435	35.076724	33.018791	0.26031288	-0.14136236
6829	0.8029188	0.95993146	1.295435	285.47289	1.3103515	1.2859318	-0.032248815	-0.18766351
6830	2.7891628	-0.030297297	2.5914533	6565.6705	18.564949	18.376772	0.0043950096	-0.039983883
6831	3.5084848	0.22645382	2.020353	2770.894	42.190207	39.862604	-0.064943306	0.093290852
6832	2.6778026	0.48468707	0.81627123	1303.2811	44.826597	32.279461	0.0531833	0.286361
6833	3.1217819	0.35486497	1.0177118	3446.9082	24.492856	15.84994	0.30701502	0.20753746
6834	0.10378861	0.21924421	2.3918483	2772.7405	48.051532	32.395787	0.054892947	-0.0042950396
6835	5.1660391	-1.0639865	2.5724448	4011.7124	57.709501	36.715077	0.059026038	0.00026710295
6836	6.0310488	0.41068677	2.7814031	7889.1204	135.62601	49.765848	-0.0006768043	0.13458977
6837	4.8917476	-0.24427403	2.6145161	3841.9291	15.83708	12.155442	0.032141364	0.026568218
6838	3.9190565	-0.48677689	2.6764222	1279.7019	11.123524	8.1679173	0.029226719	0.085864661
6839	2.356337	1.103393	1.1408719	1047.9628	11.972589	9.2279452	0.05533465	-0.12352333
6840	4.8411867	0.73286016	2.225649	465.82486	9.7694365	9.3893921	0.13916484	0.010181345
6841	4.0468005	-0.1315738	2.5363241	5833.4055	65.003771	59.807467	0.023149886	0.075065057
6842	4.7620606	-0.89285216	0.11994304	2237.5734	11.209688	2.4157588	0.046740656	0.055559718
6843	0.86461673	1.0426146	1.7986968	1719.0969	14.42784	12.042797	0.0068541844	-0.03807446
6844	0.9454533	-0.25317699	2.3661445	1588.9162	17.823594	13.247633	-0.0060405035	0.2059118
6845	1.3951367	-0.15563251	1.0893396	5344.979	68.992844	31.062858	0.074583485	0.017914997
6846	5.7427719	0.63591621	0.868346	335.34318	1.3957277	1.2549964	0.064122342	-0.0059855604
6847	1.8217713	0.2652553	1.0400773	1069.0422	12.19648	3.4923419	0.18858419	0.012661259
6848	4.1922968	-0.039238234	2.3234135	930.93097	11.950484	4.8586277	-0.33628502	-0.0071205072
6849	2.6993858	0.02432392	0.43958377	1188.4917	14.134214	7.629268	-0.17074786	-0.020601159
6850	3.9217123	0.087265997	0.49544225	455.14624	1.5455041	1.4992346	0.26450281	0.046785517
6851	2.2392545	1.0096903	1.0624873	265.5579	1.4678744	1.3265464	0.14756404	-7.6450097e-05
6852	2.2346046	0.38806376	1.1545201	2350.551	32.352962	27.983279	-0.024509133	0.1313005
6853	0.62388085	1.0389758	2.0760869	7078.333	69.936789	39.568099	0.0043548185	-0.06469093
6854	2.8035251	0.93536447	0.8824889	2923.7767	27.906172	15.053099	0.16837859	0.027761132
6855	1.8610177	0.82606074	2.6580855	10170.826	92.108649	53.354912	-0.017157158	0.3880011
6856	3.3705655	-0.79128308	1.403386	6129.7789	62.862855	53.146628	-0.15075753	0.049051105
6857	2.7507953	1.0871578	2.8723996	5198.4559	74.657841	72.126585	-0.16066617	0.084483886
6858	2.340928	-0.48441025	2.9280996	1231.8212	11.957342	11.161644	-0.072274209	-0.078039263
6859	3.0334611	-0.29503624	0.6253791	8256.0339	174.38319	172.20414	0.033622406	0.49116701
6860	5.111601	-0.8383748	2.4409741	6496.047	68.167693	54.454638	0.22402543	0.26907663
6861	0.34977516	0.74795061	0.30120235	3185.457	14.011493	13.810298	0.14609096	0.4856738
6862	5.3833505	-0.28489395	2.0533262	2033.0063	11.844777	11.356546	-0.010149748	0.032764881
6863	3.4140097	0.54456861	2.8336476	6705.052	20.267327	15.805973	0.1212091	0.22425339
6864	4.7660519	-0.067707384	1.1839342	2386.8549	44.675353	36.770163	-0.070957796	0.25672288
6865	1.161736	-0.57838966	0.68961276	9170.8825	98.006876	45.767903	-0.096862507	-0.14111526
6866	4.8242929	-0.66534451	1.1564719	2483.3129	38.456205	23.319026	0.046572678	0.030527312
6867	0.88123984	0.96471987	1.6074306	370.58943	10.017173	9.449223	0.067847025	-0.17360642
6868	0.19626506	0.7026236	2.462035	900.54567	8.8507024	1.5995508	0.10194386	-0.062526015
6869	0.90513439	-0.11840017	0.94409314	3338.1588	44.347826	33.213417	0.61391347	-0.20789525
6870	1.7046565	0.71989221	2.8057017	1634.3352	35.289206	24.76603	0.54706118	-0.42498669
6871	3.1720659	-0.43357002	0.88201956	3597.7445	37.899907	15.583771	0.099989355	0.038553664
6872	4.2976501	0.620466	1.8509006	575.05088	83.640271	27.496463	0.021551108	0.080742775
6873	4.1703509	0.28259114	0.47377139	2576.2922	15.373248	12.06383	0.015575765	0.45281053
6874	1.7725249	0.078618474	2.195271	1028.034	11.291017	2.3266868	-0.0085467798	0.10679376
6875	2.6707477	1.54865	0.28766061	984.1126	6.1119088	1.7249824	0.022251895	0.14470114
6876	1.6194759	-0.30874389	2.7592581	1053.5915	33.003425	9.8786876	-0.041233723	0.03209935
6877	0.085090974	-0.18648647	2.097233	221.58757	2.2647754	1.8704781	0.16443805	0.030742304
6878	1.7116665	0.15156232	0.67640402	4752.6316	51.919909	47.234404	0.048790442	0.060484942
6879	3.4132196	0.059723604	0.84436986	5661.0271	51.464693	45.377914	-0.0075781735	0.038972191
6880	3.0187134	-0.86437267	2.2550019	967.72284	9.0225371	8.483397	0.061081669	0.083861618
6881	3.7138517	0.68821198	1.747956	1042.2279	49.010583	41.517749	0.014866441	0.024731909
6882	2.7894631	0.92893838	2.2607068	2175.5759	43.153928	27.902943	0.044868654	0.023584781
6883	5.1748807	0.053294495	2.1057925	7801.1655	68.749183	58.187309	0.44042897	0.14325985
6884	2.9894767	0.10250051	1.4467812	2946.7298	110.1077	94.981826	0.00042333933	-0.025406965
6885	4.0701524	0.51177048	2.801624	650.05143	10.07223	9.1285528	0.00054762049	-0.018195679
6886	1.9406476	0.55654012	0.70889325	3335.3858	32.340747	31.495225	0.35510667	0.082613162
6887	3.02715	-1.1871485	1.3222747	2326.6766	12.64827	11.046187	0.19448248	0.067985856
6888	5.0596754	-0.12293458	3.085011	1084.8446	10.6231	3.105187	-0.0095335536	-0.070558036
6889	0.72354439	0.54347775	2.3231171	711.07753	10.157658	6.9449936	-0.019261153	0.27195539
6890	4.20425	0.1887874	1.1422953	3396.398	96.105682	47.009818	0.01550709	0.035780583
6891	2.3846619	-0.24846412	1.0165502	2570.7223	39.772083	32.081249	-0.0058528667	0.1056726
6892	1.4947473	0.33970978	0.25409275	5899.2017	58.00583	22.098805	-0.11195577	-0.00048883911
6893	0.50752318	0.24190414	0.46482442	1625.3724	41.083699	32.939869	0.065329671	0.0050885599
6894	4.3690872	-1.079359	2.6778969	5061.4752	46.389784	34.05208	0.0032166978	0.098823
6895	0.31483101	-0.56795379	0.52016256	12291.903	105.35399	80.906406	-0.037635863	0.011587735
6896	1.4680342	-0.23390851	2.4873562	7082.038	16.064088	14.560759	0.050257827	0.18720065
6897	1.7044265	0.20734663	0.69245234	491.31816	2.4257227	1.9594528	-0.16945032	-0.03225546
6898	5.9245509	-0.66867695	2.0495244	10017.024	82.918558	61.112552	0.034468745	-0.088087334
6899	6.2125954	-0.23344826	2.5151826	2473.1273	47.416104	12.101301	0.15883173	0.089277528
6900	2.8370591	0.84979523	0.43563847	4141.8056	14.675013	14.29995	0.15914025	0.027963984
6901	0.24296305	-0.4902691	0.32813342	10830.199	75.30597	67.879193	0.21456882	0.17655733
6902	4.7053694	0.61731194	1.1657045	420.38676	1.9651563	1.6459241	0.059500254	0.028071854
6903	0.64482199	-1.0763002	2.4183508	2897.3096	59.012659	29.638783	-0.045735713	0.09101427
6904	5.8067355	1.4060647	2.5475553	326.58381	2.078309	1.2946687	-0.02254694	0.22491435
6905	0.34356987	0.81509052	2.3900966	980.14578	12.259684	1.386263	0.011138519	-0.045367381
6906	3.0599801	-0.12103586	2.0055396	3995.9819	75.711167	56.693013	-0.019926037	-0.0012985802
6907	4.4905757	-1.1339396	2.212684	2120.2708	35.613064	28.13068	0.054311754	0.12571924
6908	4.2834138	1.0004587	2.1496789	530.99741	9.6487099	1.6486925	0.084945935	-0.033899674
6909	2.6188109	0.62786022	0.58202437	548.8034	2.817476	1.3602547	0.021429177	0.052665218
6910	4.2615283	0.25490189	1.1155543	1190.4091	35.784743	26.499142	0.036641262	-0.071147294
6911	2.8743204	-0.10685151	2.5882623	957.33828	10.608395	5.8336129	0.21320953	-0.15750835
6912	1.6396755	1.0014107	1.9385082	5073.1552	36.625598	17.314636	-0.0018555571	0.26950477
6913	0.73533703	0.76966838	2.4687107	2130.3535	12.030217	9.1058829	-0.043108213	-0.13610529
6914	0.35306501	0.79460297	2.8168738	19448.056	123.4118	106.97524	0.0073680496	0.10016038
6915	1.5242203	-0.061287261	2.341515	2838.8182	58.060493	54.640761	0.023542465	-0.056938257
6916	4.0364763	0.15819493	0.39072669	4512.8413	43.086716	27.524539	0.1975954	0.071493635
6917	5.7941933	-0.031681347	0.83938208	2936.498	41.234229	38.538932	0.11767215	0.07675857
6918	2.0970811	-0.37139856	2.2546592	6491.1394	58.084784	43.088536	0.20027515	0.0044596712
6919	5.1088802	-1.300369	0.99877427	8209.3129	86.538392	66.894391	-0.007518276	-0.017222286
6920	2.0141444	-1.0940271	2.5043312	4470.9161	67.385244	59.388804	0.088238436	0.0099603307
6921	5.4395384	-0.54278086	2.1702003	518.38689	11.418316	8.5544342	0.18079719	0.26885775
6922	4.5619882	-0.014250845	0.98670757	10483.342	138.39925	85.664177	0.017187237	-0.059292467
6923	5.4424872	-1.4817047	2.1092897	622.56839	9.5067886	3.8298126	0.005849208	0.0017484498
6924	4.7597985	0.69052366	1.322756	3227.8557	54.444927	48.045205	0.023458698	0.011173399
6925	3.2994494	-0.64905971	3.0305143	1255.8716	1.9327397	1.810058	-0.00024366089	0.21409353
6926	2.0568291	-1.4865491	2.5176117	2896.3236	24.257771	22.549097	0.0096059688	0.26691732
6927	2.2704117	0.36257768	2.8015893	1708.8829	12.789349	10.813075	0.011031092	-0.025979185
6928	3.3728552	0.28010732	0.13867138	23437.766	127.90615	123.59151	-0.004920496	0.29165324
6929	1.1874514	0.31331465	2.4657145	6542.6181	20.046932	19.147201	0.0033215512	0.0059729671
6930	1.7092668	-0.78347688	0.27461018	4741.4367	60.939286	35.128145	0.14486612	0.031152897
6931	1.7794417	0.98149346	2.4378727	680.58685	1.6785976	1.485943	0.03567269	0.00043748604
6932	1.6550304	0.78062068	0.18236264	4426.3541	30.080813	13.274976	0.43216631	0.15352537
6933	5.5821	0.89664674	0.75664841	1005.1754	29.259826	23.329518	0.00099420142	-0.12639826
6934	0.27654727	-0.014483231	0.97149978	9385.3779	79.047107	45.64864	0.01580046	-0.17035386
6935	1.2711369	-1.0123748	2.7022221	1070.1817	2.0946849	1.6002681	0.01350688	-0.1006529
6936	1.2690599	1.4056329	1.2536953	2934.6978	73.60708	40.270297	0.062238191	0.37913525
6937	0.89376658	-0.022052953	1.8364646	1631.6654	14.415523	12.423683	0.5291389	0.065986177
6938	1.8014549	-0.039841713	1.6763055	677.9465	9.7629111	9.4250745	0.28165286	0.095511577
6939	1.5289195	-0.72577614	2.1114686	2708.0149	11.534403	11.400799	0.17421353	0.00031998368
6940	0.41578055	1.089495	0.70592868	3310.2641	54.368665	52.930677	0.063901356	0.070798286
6941	0.70294099	-0.8562148	2.4727876	176.75612	1.3211051	1.3112729	-0.043943369	0.12398141
6942	3.7056602	-0.31573306	1.0972527	1922.775	36.175924	12.502553	0.06281942	0.0076963298
6943	4.1709038	0.39109386	2.7129499	1639.7118	13.313409	6.0261734	0.071217304	0.47970281
6944	4.958853	0.18755022	2.3464214	2120.7224	30.06635	22.406584	-0.046850015	0.016589977
6945	6.2526799	0.65318756	1.2641981	1297.8092	11.403198	10.01258	0.050069271	-0.02353198
6946	0.60281979	-0.076277802	0.73672693	2762.1125	46.84264	36.920671	0.027410798	-0.13646095
6947	4.3386981	-0.019866165	2.3878992	5470.7219	68.722571	41.397508	0.090783187	0.036167217
6948	3.2179403	-0.46788569	2.5340577	10783.782	92.133717	72.887886	0.0030368936	0.17408176
6949	0.94907179	0.12624302	2.8058348	3503.4762	38.432972	16.291512	0.059247552	0.14614841
6950	0.5637805	0.028930266	2.9281216	2376.2389	58.458165	47.815418	0.024944355	0.43842581
6951	1.2822404	-0.20502767	2.3313362	935.15287	11.361032	11.067157	0.37801636	-0.0018517479
6952	3.0033982	0.23966533	2.1500649	4257.5059	46.970583	36.524066	0.28334922	0.19844653
6953	3.9483829	-0.088271437	2.8661549	2776.2725	55.930557	5.8080546	-0.19383429	-0.26996669
6954	3.0864575	-0.15425141	1.049757	664.43793	13.567802	1.8476682	-0.048898166	-0.011636912
6955	1.9162367	0.39893499	1.1867646	474.04223	15.384463	1.9460536	0.012359638	-0.0086660307
6956	3.4488202	-0.22367376	0.68033749	507.61632	1.8169895	1.7697102	-0.19470877	-0.070824757
6957	5.9377834	-0.50617325	2.4682267	888.0075	12.083612	11.131715	0.32966797	0.10489335
6958	3.0159766	-1.1939306	0.87197284	5754.4783	82.066005	39.745657	0.10535532	0.053351331
6959	4.1718061	0.1404054	1.7080864	530.47422	1.7992578	1.5024347	0.14284369	0.040549087
6960	3.5737517	-0.096361004	0.66880871	1254.6999	8.604814	2.2622136	-0.03160729	0.00042443848
6961	4.7873741	0.030452595	0.76300982	1860.8064	11.706242	10.200844	0.0057913103	-0.0028304378
6962	0.14772272	0.41437794	1.7445438	278.31704	2.190238	1.2203774	0.10792537	-0.082027341
6963	0.7743231	0.45157212	2.3689579	2288.1783	45.799121	33.404434	-0.17637594	-0.11068758
6964	0.84763889	-0.54765936	1.7020904	700.06015	8.5721712	7.294827	0.01943585	0.0025932809
6965	4.8051992	0.65428195	0.88941289	3593.0443	16.127775	14.578589	0.13197646	-0.12422451
6966	0.064659935	1.3139091	0.61120151	8441.9227	79.489367	38.167244	0.00062844389	-0.023026114
6967	4.9705381	-0.49640127	2.5934533	3575.8338	16.171311	14.362009	0.11270487	0.10570089
6968	5.9259198	-0.027526705	1.0427738	1079.2478	11.345128	10.737472	0.033507286	-0.059609934
6969	3.158167	0.70858263	2.4553283	4789.5427	54.967313	53.960385	0.0079902948	0.1123695
6970	2.7628822	-0.27943414	0.79278812	3317.1743	13.520778	12.472059	-0.042689106	0.17909147
6971	3.421102	-0.51355666	0.64209878	7356.4562	69.048412	68.042447	-0.16011926	-0.10191358
6972	4.7735233	-1.1830776	2.734675	2404.2418	11.734701	11.610817	-0.00074764021	-0.13142239
6973	4.9438177	-0.54016746	2.971395	3950.609	60.506042	50.781268	-0.01183064	-0.0023344867
6974	1.4637322	-0.2706661	1.7498263	455.62589	10.957743	2.621009	0.16806662	-0.044943584
6975	0.0066297547	-0.20230398	2.82764	7737.1048	177.22073	166.30851	-0.13311062	0.34867903
6976	1.4625588	0.77958093	2.130447	2159.8465	91.431596	42.691471	-0.0073596233	0.050781825
6977	5.9477927	0.44862427	0.032619009	10932.814	65.11838	52.298147	-0.022770827	0.091198067
6978	0.2834996	0.88822645	0.72646241	7188.9815	191.92415	120.64571	0.064778725	0.12425334
6979	1.1046217	0.50967249	1.1816115	1222.4431	9.9484245	8.8054504	0.0077093091	0.32504756
6980	3.5955631	0.45531287	0.46611846	721.32532	13.350961	9.877336	0.01857207	0.13406921
6981	2.9583206	0.99112532	2.8144572	9873.2087	93.747896	92.520416	4.0071611e-05	0.3369601
6982	5.661031	0.79688333	0.68029117	769.32145	4.0111119	2.8977143	0.078796627	0.080689136
6983	0.47458978	-0.23307865	2.6809068	10735.345	116.3968	79.688633	0.046461323	0.1277074
6984	5.2035569	-0.79846583	2.6763964	2697.2168	16.024581	11.827879	-0.31734992	-0.078078118
6985	4.606465	0.44396532	1.1227536	1723.04	47.230624	26.092436	-0.016522099	-0.023492813
6986	0.86484887	0.860321	0.89035567	2909.5244	43.689815	39.287428	-0.060245177	0.360544
6987	4.2578648	0.5444905	2.8077846	10129.879	114.33306	72.290147	0.25404593	0.099221745
6988	0.49828044	-0.028599414	2.3615956	1023.019	39.245712	32.450868	-0.065626167	-0.058326054
6989	3.0716368	-1.4328715	2.3670651	1145.4981	31.719817	2.3136068	0.1297527	0.29737984
6990	1.4021567	0.74519866	0.68553228	4312.5931	43.008519	11.646722	-0.015803572	0.077308637
6991	2.3183191	-0.64193769	2.5825186	5325.8651	53.349483	29.422817	-0.15223701	0.031262474
6992	4.2611093	-1.4752226	0.65622291	7207.4334	173.78634	65.243897	0.14924506	0.094234895
6993	3.9117617	-0.25485875	2.6885747	11605.325	57.33689	52.329462	0.015104745	-0.22823583
6994	5.1958048	-0.053720104	2.8801065	1057.2227	3.9541044	1.8399674	-0.20818039	0.31531128
6995	3.9025301	0.39258823	1.96925	3429.7366	42.98085	33.898958	0.015573467	0.011519739
6996	0.6703811	-0.080828364	2.3073072	829.97715	5.6600826	2.186192	0.22437245	0.017540497
6997	0.30765559	-0.95288738	3.0394108	599.66752	6.2400425	3.1827348	0.020384643	-0.0021596823
6998	5.5267093	-0.47951527	0.96986567	7319.0656	44.21466	31.597449	0.098957376	-0.0029569924
6999	5.1506682	0.31135917	0.4354947	13022.811	134.33829	77.521997	0.083544335	0.066687352
7000	5.7589292	0.15309011	0.30786966	7075.5473	53.358612	48.316042	0.23983441	0.0054010183
7001	3.4528047	0.51755677	2.0493576	3297.4787	85.110861	44.524153	-0.12474119	0.332895
7002	6.0321803	-1.4827247	1.0154829	937.46817	11.390185	2.0406079	0.015085011	0.023046554
7003	4.918693	-0.46120052	1.2436027	745.29902	38.576881	23.087197	0.071075314	0.0046012863
7004	0.8309727	-1.1982094	0.81083824	10272.641	91.345252	81.650827	0.0010466143	0.080329654
7005	4.0015064	0.064519042	0.29101643	5626.5789	54.775466	45.320227	0.14801811	0.13561625
7006	1.4809366	-0.88067114	0.71849517	2681.7076	113.55046	49.397056	-0.0016851835	-0.057281042
7007	4.2505448	-0.70643603	0.58039651	1058.9163	1.9287105	1.8780287	0.0045509907	-0.0079950174
7008	4.1754016	0.77222399	0.23086857	14741.12	91.198902	71.881615	0.027410798	-0.13646095
7009	5.4786685	-0.74257983	2.6755227	1845.4696	13.466688	12.720104	-0.067291698	-0.012489342
7010	4.6974737	0.36475003	0.48606035	11721.294	94.342132	85.379072	0.13311879	0.23709128
7011	1.5873017	1.3190115	2.3258342	5795.5817	58.074351	51.107957	0.093470007	0.15099276
7012	1.9522522	0.27743165	2.9993467	25271.383	177.35589	157.94294	-0.027324366	0.12121054
7013	1.9179347	-0.048000045	0.90367021	292.15203	1.5076852	1.4019638	0.019610855	-0.014922406
7014	1.6003257	0.29983333	2.176227	1487.2459	11.978369	10.744165	-0.064662435	0.37317499
7015	0.59942263	-0.49023553	0.16451686	4431.4008	34.377592	28.80402	0.050237415	0.05388755
7016	2.3368598	-1.1434969	0.26535806	7714.286	73.646742	67.665079	0.060620905	-0.19142061
7017	3.4946601	0.54839429	0.57210304	1311.379	2.7547132	1.893718	0.051201233	0.088275302
7018	1.1839292	-0.38583684	0.84997601	2065.3846	13.243682	11.157728	-0.12903074	-0.0027103092
7019	0.059476696	-0.29341875	0.25372806	2564.8182	40.402405	29.426957	-0.0016255715	-0.2056201
7020	4.5038039	-0.96990351	1.0227593	960.6982	23.316346	11.188641	0.23395362	0.2252328
7021	2.4012145	-0.10223357	2.2892025	517.506	41.983313	1.6193782	-0.082111735	0.15307714
7022	3.7704915	0.015582825	0.40472985	2959.431	28.746188	14.943969	0.0043311122	0.19970602
7023	4.6527754	-0.92924837	0.81327309	3362.9094	32.140592	16.905519	-0.07987487	0.10145676
7024	4.1113419	0.53413795	0.70200488	457.87298	1.7931476	1.4954958	0.039479476	0.022583172
7025	5.7243247	0.85109845	0.73408192	7242.3876	102.82565	26.868391	0.014118186	0.26334058
7026	5.2441658	-0.39910025	0.58741787	296.99941	9.4385826	1.8185369	0.07970376	0.010571851
7027	3.3324811	0.91132357	0.42775817	2143.1339	16.240285	11.377541	-0.051734396	0.048519334
7028	5.1121463	0.70906156	2.297955	7776.8123	68.05027	65.13379	0.45663161	0.016470166
7029	2.9293587	0.10210594	2.2578133	584.37621	10.237646	9.2690784	0.17258923	0.15780885
7030	3.5885993	-0.66429896	0.47632538	419.72375	1.7925984	1.2366226	-0.079876724	-0.064609912
7031	4.9004391	0.61116858	0.19031467	11559.179	78.201323	69.156912	-0.2579378	0.081348865
7032	2.131094	0.38163012	0.24707967	1024.4489	3.871432	2.6493347	-0.053310139	-0.0024414461
7033	3.2284728	0.3090508	2.8429287	1608.2329	12.28256	10.017568	0.018868452	0.33072181
7034	1.165059	0.21688228	0.4813009	1101.1542	11.166605	7.3437312	0.040596241	-0.1510704
7035	2.2425456	0.63522086	0.28907133	1281.8708	11.079244	10.976765	-0.23149136	-0.083466065
7036	5.8634981	-0.67788169	2.6976074	897.81337	1.9503469	1.8542209	0.30438934	-0.042424247
7037	6.1816988	0.20372034	1.0167036	8244.3134	79.934179	76.058711	0.11078202	0.19012998
7038	3.0784664	0.53829925	0.88391024	996.56801	25.342519	24.726003	-0.19520794	-0.082099327
7039	4.4147333	0.6274843	2.247943	2057.8898	22.309256	21.506954	0.0653419	0.027635071
7040	1.8257089	-0.68404379	2.2520638	765.60956	15.407497	5.4031615	-0.084456415	0.011378626
7041	2.9235657	-0.5311629	1.0283112	3307.0188	13.332123	11.236442	0.071419055	0.0013281923
7042	2.2094292	1.2731557	1.8009651	1435.1596	13.474404	10.577796	0.023368909	0.047443613
7043	0.75713051	-0.74092713	0.40267921	828.23577	9.8230582	1.6140346	0.017822494	0.065904163
7044	5.2164381	0.8212706	2.420203	2246.3125	12.08623	11.661613	0.01712613	0.10401733
7045	0.87488943	-1.1561741	1.8357212	3995.91	52.532573	44.091321	-0.15581208	-0.12563914
7046	0.32382184	-0.61801706	0.37610768	2264.5786	11.72136	3.39346	-0.036207745	0.082685367
7047	1.4822693	0.98968623	0.3282995	4289.8354	17.13635	14.501793	0.029651877	-0.088530024
7048	4.0597482	0.88539148	2.9953396	2646.3745	12.256142	9.4591062	-0.0026207526	0.24789693
7049	1.7319119	0.56399737	0.65060144	602.97578	10.842897	9.8605928	-0.33841561	-0.082324639
7050	3.8843484	0.34004212	1.7873899	1206.9708	12.410766	5.6556324	0.13746057	0.043806683
7051	4.2523226	0.24471685	2.917352	1721.435	14.416375	13.109965	0.14238107	-0.02813951
7052	4.5795315	0.49462281	0.84452943	5676.8449	62.566371	28.947694	0.012822068	0.18988533
7053	3.3263596	1.406815	0.38507513	3240.2255	70.188263	60.086012	0.21270884	0.11173822
7054	3.2343617	-0.17720081	2.3532352	906.88579	12.690865	10.131561	-0.008622993	0.065280409
7055	6.2263255	-0.72670942	1.0372724	2517.5388	14.070322	12.904373	-0.00058933512	0.30417046
7056	1.0356866	0.067045865	2.1082287	3354.1323	38.419439	35.951287	0.094025784	0.31075429
7057	2.1206038	0.25289339	2.0663312	3904.8301	60.16083	59.387231	0.0025980481	0.064657346
7058	3.778884	0.21452095	0.87566451	1152.5075	11.191467	10.731453	-0.021900765	0.1135503
7059	3.411913	-1.0191335	0.61744697	5622.909	67.827813	65.749081	0.087696122	-0.0029791516
7060	3.5359973	-0.63842373	2.6292499	697.76389	1.7391589	1.5880332	0.12570533	0.14234741
7061	2.4402215	0.4574157	2.7043426	12100.719	56.925591	52.258903	0.0088623621	0.11914916
7062	0.82101132	0.43372335	2.2932566	5018.5677	58.663596	52.836203	0.0043398427	0.21057356
7063	3.3641703	-0.95679821	0.43533118	1778.1787	42.592452	27.075039	0.12276951	0.094345146
7064	4.7187919	-0.6416293	0.81058402	1492.144	40.134073	28.409021	0.061372224	0.20377332
7065	0.35733036	0.17521978	0.80763172	1323.037	9.4037986	8.8928016	-0.087726271	0.088603388
7066	0.25163422	-0.35427731	2.2060541	2051.1053	11.806789	10.669996	0.0086769389	0.064184341
7067	1.3342971	0.46135958	2.5688534	831.93597	1.6561527	1.3894055	0.0026337064	0.0022637312
7068	6.2632404	0.87825546	0.5182888	700.63871	10.078403	9.972162	0.26182069	-0.022989145
7069	0.68549461	-1.2359082	2.2662509	670.1414	1.6931628	1.3316541	-0.065905083	0.03430546
7070	2.1737836	0.85293093	2.5383284	3989.2119	27.966671	23.779703	0.16484357	-0.00055787537
7071	3.4405838	-0.55013215	2.0473172	3585.0674	17.057597	15.886781	0.0139448	-0.37286597
7072	0.03307695	1.0081697	2.9039471	1839.2379	13.286489	12.314185	-0.016753051	-0.047028004
7073	0.0089220066	-0.40476499	0.34191077	981.60403	11.977789	11.385579	0.013790933	-0.01402337
7074	1.0653599	1.3089932	2.4740396	914.92366	11.41555	9.923896	0.14056536	0.051990547
7075	0.5113498	-0.56456421	0.32528605	4198.3376	29.07207	13.888583	-0.0042531766	-0.16556629
7076	0.15651857	0.76147619	2.8023028	2648.5905	13.566159	11.589796	0.044201879	0.021991713
7077	0.14988892	0.80665889	0.18257125	34502.44	169.98517	150.31862	0.1682483	0.043033491
7078	5.2232557	0.33737225	2.8046802	3356.322	12.679828	11.334454	0.029788708	0.041791408
7079	2.7770847	0.02264616	0.61513606	3842.2511	49.64904	22.518763	0.1107855	0.27730466
7080	5.940742	0.19918741	0.20388269	877.5552	10.134421	1.4869584	0.023569096	0.040130449
7081	0.95412042	-1.3660327	2.5157486	4587.6037	31.482393	15.535546	0.040932524	0.05608655
7082	5.7909355	0.20514956	1.1097634	1360.4125	12.46313	10.858653	-0.21987125	0.016112003
7083	4.4076368	-0.63500158	2.5423575	1753.3469	11.453145	10.043198	-0.01323753	0.19166686
7084	4.5272329	1.1558433	2.0325331	3345.3089	34.193402	31.708479	0.25412058	0.0073658064
7085	3.4452116	-0.82850388	2.4015497	1015.7721	1.7284692	1.557426	0.031208912	0.040549797
7086	0.1560522	0.57301793	2.5661861	1771.5951	8.2552713	1.9256479	-0.18360089	-0.0052009813
7087	4.5148271	-0.23141785	0.57911694	4212.319	63.653348	44.606129	0.03114967	0.14864395
7088	6.2408541	-0.42617987	2.5839287	1736.1797	13.046253	11.695903	0.0011934625	-0.23367244
7089	3.9313384	0.68476437	0.62855489	5504.2725	28.279134	19.292425	0.26068001	0.0082064533
7090	0.2921578	-0.36174564	0.60083185	1831.5253	25.44765	1.6355249	0.020121539	-0.045844299
7091	1.4905613	-0.81660984	0.96941983	4369.1781	57.004762	55.898917	0.00073107786	0.03246467
7092	3.3375928	0.46530173	2.5504948	1312.6577	20.983341	16.862579	-0.015263444	0.074836561
7093	3.205244	-0.028827365	2.520345	3155.7791	23.384793	15.062628	0.080872981	0.00041334825
7094	0.34354943	0.53108119	0.27125412	2630.9888	65.991107	28.045664	-0.1675711	0.042627287
7095	3.7290129	0.26632415	0.1806543	802.73503	8.0490362	5.6681083	0.0015572431	0.083939814
7096	5.8415386	-0.058343676	0.36305229	464.3991	10.856441	8.8961915	-0.090488911	0.0085372608
7097	3.447625	-0.25995972	1.673331	1082.8959	10.995264	10.73596	0.0033307208	0.013160293
7098	5.3752176	0.87370001	0.69247495	3126.4912	46.53856	36.671212	-0.0071705258	-0.25609681
7099	5.8123499	0.54483997	1.3207565	4203.3702	141.52153	113.82906	0.20791621	0.28291589
7100	5.1347585	1.1600457	0.4949152	4795.9572	17.657821	16.708669	-0.2776334	-0.019271439
7101	2.2743541	0.023959493	2.485359	13760.529	235.97207	205.37554	0.21305917	0.025483421
7102	5.4795259	-0.72673139	1.1353565	3018.6702	14.503543	13.649302	0.34454432	0.014482522
7103	0.98069922	1.242507	2.2695813	162.77096	8.0566908	1.7958931	0.17793741	0.10162838
7104	0.62385154	0.25137285	1.2445354	594.80013	18.089377	3.1215012	-0.029156484	-0.13066702
7105	2.7810782	0.53895551	2.6984897	3209.4395	31.033797	28.977453	-0.043599924	0.21990864
7106	0.76425515	-0.95509178	3.0521701	2732.2336	12.373546	11.476128	-0.50970246	0.14127567
7107	5.2598523	0.97761899	2.5498564	649.7831	5.2781863	2.2843678	0.087820816	0.010276296
7108	5.8123349	-0.48084998	0.49378251	660.06278	27.968753	1.6289052	0.16093641	0.0096829271
7109	4.8044754	-1.1489409	0.16646222	5567.5003	17.501154	17.166133	0.2739416	0.33012548
7110	3.845271	-0.002742559	1.358572	3193.0016	57.894776	32.613967	0.0043854996	0.061369554
7111	3.0941725	0.87491663	2.306546	6690.8194	43.087442	41.631625	0.21797935	0.014556192
7112	6.0612266	0.09209873	0.41313212	2942.5418	12.994775	11.559513	0.23100658	-0.065415651
7113	3.5352972	0.74109844	1.8211674	2308.8266	51.67487	44.62856	0.13168401	0.17172114
7114	4.0598618	-0.76723839	2.5216765	419.75005	1.3949351	1.2834935	0.018078473	-0.044650602
7115	3.8732831	0.12558993	2.3952463	1566.1518	12.076877	9.7801432	0.014482616	0.21001511
7116	5.4658918	1.4132828	2.5208692	355.52743	10.090128	1.4980663	-0.030739381	0.0091100182
7117	6.2095418	0.30235585	2.3189781	1833.3057	42.482921	42.202177	-0.010759026	0.75751859
7118	1.0801732	0.78236528	2.7361773	3656.5971	12.502694	10.582287	0.040656085	0.049850225
7119	5.4983215	-0.20517469	0.75996569	1852.1076	10.824183	2.4293832	0.17285083	0.022044536
7120	3.1236306	-0.16216871	2.0682058	5258.1302	146.13515	91.46412	0.22949066	0.11440145
7121	2.3958898	-0.22005376	0.15082722	3954.459	22.825816	22.125937	-0.0025730269	0.16650323
7122	0.86499402	-0.31458576	1.2408917	1509.0328	12.810779	10.817257	-0.029666213	-0.12677474
7123	4.0468326	0.86296684	2.8141381	3372.8931	41.063317	34.266813	0.23746864	0.094607287
7124	0.87413636	1.0361508	1.1687702	13453.572	100.43448	95.061583	0.37155672	-0.0065728283
7125	3.7084137	0.49134253	1.9532322	1325.2458	38.973471	36.566388	0.23836457	0.04527699
7126	2.5380391	0.12300668	0.60192446	12795.017	87.390466	85.06196	0.024331578	0.017388539
7127	3.6079328	0.31313189	0.37122674	1115.5432	10.751899	10.623785	0.10305034	-0.039925074
7128	0.64610953	-0.8677673	0.83014334	358.50088	2.2009896	1.8330677	-0.011089042	-0.083145573
7129	3.3709311	-1.1457263	0.51026884	357.35911	1.6572925	1.3369266	0.0047744656	0.022721235
7130	3.0124421	0.89133327	0.81133949	3091.9734	49.091427	6.8465521	0.072307675	0.075171156
7131	3.7726548	1.3451397	2.7272338	1078.8578	31.034827	11.551055	-0.23847175	-0.0041310861
7132	2.8897492	-0.62011313	2.4818131	980.8115	5.7478135	3.57785	0.011716227	0.065770335
7133	2.6398721	0.06156969	2.3951761	4443.2533	60.460193	51.463756	0.14743302	-0.055109263
7134	3.9516819	-1.1464349	2.7600817	1445.7693	17.360307	13.330126	0.032425368	-0.1193599
7135	0.24607891	0.50048922	2.4059475	1217.1686	11.997123	11.312485	0.029470558	0.053300313
7136	0.38929708	0.17763284	2.2115471	556.11453	10.87731	10.055015	0.021856164	0.030040741
7137	5.6661398	-0.016917983	2.2919467	4379.232	83.547207	53.925815	-0.034344108	-0.063568894
7138	5.5606695	-1.0003211	0.62859058	754.5154	10.112738	9.9186329	0.065562345	-0.050286423
7139	4.8606243	-0.27985378	2.5117983	1189.2863	11.712692	1.4873008	-0.14625253	-0.070281687
7140	5.2653807	0.18027295	2.134756	1232.4649	13.58466	9.8961179	0.11513613	0.20566264
7141	6.0314069	0.56837552	2.911576	8274.2338	66.750064	58.036863	-0.11299041	0.010243291
7142	2.8463868	-0.95305386	0.91289923	1855.1267	39.850002	10.659638	0.26939162	0.034360755
7143	0.71400135	1.1350677	0.97341837	907.99055	11.927497	1.5468596	-0.0099494078	0.096275376
7144	2.3598947	0.55420431	1.3821743	1849.6638	44.181916	14.730841	0.21305413	0.009885478
7145	4.2521624	0.17155479	2.4783606	10611.885	79.135835	49.782638	0.18663847	0.0010247804
7146	5.5799865	-0.17733367	0.72900299	673.1808	9.663988	1.7642853	0.0050004211	-0.12407438
7147	1.8359376	-0.82265736	2.7878589	4622.0531	19.835763	18.080436	-0.25726533	-0.0016199035
7148	3.0070405	-0.74722665	2.4552266	3917.4996	55.67649	30.991068	0.0016904279	-0.29513655
7149	5.5405043	1.3342527	0.74493254	3541.2177	49.072336	13.907	-0.52434438	0.030502536
7150	2.7268367	1.2943849	0.4977086	4781.7924	18.325744	16.896302	0.00071401548	0.18647784
7151	4.1421135	0.056916403	0.72997606	1297.0894	14.911606	10.151468	0.10896903	0.017798752
7152	5.154671	-0.17886719	2.7237407	3120.7013	15.707952	12.923462	-0.077818129	0.034350748
7153	5.6796971	0.52365634	2.4551154	2704.2781	13.106617	3.5183335	-0.01617963	0.038505897
7154	1.2364836	0.72374003	1.5851109	1687.4073	49.450441	46.333181	-0.00026552314	0.0083114158
7155	5.3461689	0.86527839	0.81240735	2388.3853	50.473947	41.527571	-0.45289713	0.027707529
7156	3.8771834	-0.36255168	1.0807705	1346.6974	41.225345	20.06314	0.028708012	0.01693044
7157	4.9694706	-0.9055423	2.165075	1382.5571	12.114873	11.361688	-0.015130705	-0.061592541
7158	5.8911309	0.89533154	2.5066541	965.45838	44.502043	38.21622	0.018536766	-0.016779527
7159	1.5412366	-0.54379535	2.9127882	16650.812	104.04168	67.956555	-0.27592742	-0.0016536146
7160	4.6956302	1.1606016	0.9195184	1297.8733	10.379409	10.312234	-0.0060843019	-0.027416915
7161	4.6837274	-0.71025787	0.36611863	1752.4338	13.906474	12.981794	-0.51213974	0.043690598
7162	0.63978798	1.2797538	0.59848582	6333.3127	64.001273	57.01507	-0.15637952	0.20107246
7163	0.62888524	-0.20362371	0.36876677	1304.1807	6.3046681	2.290918	0.03306405	-0.034523265
7164	0.77880888	0.38770152	1.2709	1506.9726	46.478552	41.966882	0.12368515	0.065355462
7165	4.2318623	0.24259914	2.7973555	3706.6412	39.365976	24.656001	-0.0237382	0.17873426
7166	2.9743449	-0.014614415	2.7781658	1937.3668	11.244906	10.741232	0.010063073	0.30338226
7167	3.5127877	-0.046408451	2.8079095	464.19551	1.7797909	1.5361158	0.043624081	0.16271447
7168	4.340095	0.032438198	0.69060269	393.29831	2.3493088	1.7405681	0.03493412	-0.038971536
7169	4.3475197	0.4972123	2.5655162	13832.027	96.857467	82.134307	-0.085042402	0.26831573
7170	3.6905526	-0.54082646	2.6014711	4416.1437	57.202479	24.662928	-0.0062571814	-0.019843976
7171	1.8758093	0.18986057	2.3090243	7393.6345	83.257477	35.500963	0.15575289	-0.12703387
7172	2.9701413	0.038941895	0.11168121	3524.9662	43.651331	21.312527	-0.46363608	-0.27265017
7173	0.13824325	-1.1757334	2.372645	714.40562	31.094005	22.033415	0.23527498	-0.0068617621
7174	2.192242	0.052923967	1.4374992	1564.7832	35.10351	30.53948	0.18235387	0.48697042
7175	0.30603609	0.81176111	0.72569061	496.70116	29.353351	1.2663889	-0.0060299245	-0.21729505
7176	1.3360408	0.60583016	0.31723138	1167.9962	10.888932	9.8790999	0.2183515	0.35648535
7177	5.8606434	-0.44990221	0.9718277	2631.2785	12.796339	12.21999	0.058597331	0.04320607
7178	5.4634582	0.9548014	0.87413665	3533.9117	46.801068	45.322243	0.014392562	0.054895262
7179	2.1198309	-0.46589761	2.5550486	5980.4757	47.62628	18.954138	0.25990777	-0.0020513541
7180	2.0762434	0.28179213	0.45812987	2401.315	38.766595	29.372628	-0.013112187	-0.021431106
7181	0.5674657	0.86819574	1.4540983	10518.906	195.79658	180.83029	-0.013446507	0.061730141
7182	0.83147134	1.1723689	2.8977874	87.935104	2.0835861	1.5601949	0.048388098	0.14307575
7183	4.0272293	0.20958816	2.7650996	641.41307	7.737969	3.5300484	-0.016344881	-0.014573881
7184	4.7865734	-1.2377273	2.4469794	8255.257	116.1244	52.540279	0.19097755	-0.00081277099
7185	0.70244311	1.0104858	0.7025232	3172.4726	56.144998	52.852677	0.043336729	0.0090344643
7186	1.2375673	0.21622692	2.509981	1492.9139	45.669866	33.050013	0.036571327	-0.042908631
7187	3.7110722	0.90442092	2.0225911	507.91567	37.307019	11.131048	0.071919746	0.43006143
7188	1.9898078	1.3007573	2.143599	1949.9289	53.144941	12.445275	0.0015591069	0.17733959
7189	1.5392891	0.55510444	3.0676435	5214.5218	60.044418	44.20759	-0.027418931	-0.04051525
7190	0.20501109	-0.1173725	2.7863642	884.89554	2.3916198	1.5302746	0.18318711	0.1552893
7191	5.9976853	-1.3527287	2.7001972	3538.4122	15.637702	12.671347	0.044332576	0.11003692
7192	1.6815252	-0.71801072	1.0043772	3147.1422	18.174706	15.527475	0.18304184	0.38150627
7193	4.4877826	-0.17023854	1.0253195	2034.0011	11.315343	9.7187359	0.38445462	-0.092073178
7194	3.1979991	1.3034426	2.0841393	2017.4656	23.88391	22.215811	0.058020731	0.070486272
7195	2.0306176	-0.85317099	2.0630264	7199.6283	65.837467	49.366982	0.12171266	0.043253449
7196	3.2399178	0.55977155	2.3122633	7895.857	55.230223	54.721387	-0.19332636	-0.022758762
7197	5.029538	-0.44348146	0.29814201	2165.9837	27.78424	9.059468	0.066065494	0.10075385
7198	5.9996082	-0.21902933	2.2060816	889.55953	9.9411269	5.5484824	-0.059625891	-0.53979287
7199	0.63141526	-0.0095367268	2.9140953	6243.8091	19.389408	18.829274	0.10348106	0.15354439
7200	4.9031437	0.8908257	1.0589007	4060.009	46.858864	34.76907	-0.015436253	0.010452127
7201	2.7718176	0.22694726	1.5431602	1642.1093	51.290168	17.770958	0.22547437	0.18076591
7202	1.7949937	-0.81324365	2.6981925	1024.987	11.563346	3.3019167	-0.027918425	0.050364076
7203	1.5757369	0.3633365	2.8121066	3186.8897	16.635738	13.160424	0.098463347	0.16851353
7204	0.5802591	-1.287602	2.8362456	6969.8296	72.843804	50.252194	-0.042776933	0.14084413
7205	0.5688657	0.55314622	2.2669532	1717.4207	51.895414	12.613054	0.010263112	0.028432992
7206	0.86210487	0.23202684	0.64748221	5391.5455	71.486546	56.28895	0.32042969	0.0011005442
7207	4.6579232	-1.2781879	2.6944667	2739.042	46.587602	16.191726	0.031891629	0.062075637
7208	5.332784	-0.56385056	2.9116036	3091.4723	14.943848	14.866385	0.059240277	-0.042999763
7209	1.7372365	-0.95891171	1.5901523	2648.6314	52.129731	31.873164	-0.083903676	-0.25410437
7210	5.7486918	-0.99185381	2.8946031	1179.4757	2.4700404	1.8621753	0.12038784	-0.25470685
7211	4.7796074	1.0644118	2.0576395	1774.2899	19.110936	10.489114	0.024348918	0.027940253
7212	5.1872842	0.6055642	0.91033987	1097.0692	35.123403	23.916878	-0.089224656	0.01158346
7213	4.7695195	-0.98064532	2.5147532	1729.2949	3.7251206	2.1939473	-0.036447079	0.033972588
7214	2.2610098	-0.61787598	2.7614986	8595.5	153.75063	138.3621	0.067288591	-0.0093694816
7215	0.74127561	-0.54868329	2.8010117	2695.3554	20.62846	12.650956	-0.38660323	0.026995417
7216	2.6429031	0.0067833363	2.227774	2563.8853	55.822769	28.042684	0.14250078	0.26149908
7217	3.2630544	-1.0251556	2.2835969	1830.5858	12.078645	10.676904	0.45879906	-0.057379558
7218	3.6953037	-0.24010381	1.0888838	4177.1639	46.836286	45.727988	-0.10677968	0.32440113
7219	0.3775635	-0.32747754	1.0395641	820.50234	7.3532251	4.3029899	0.027566006	0.62131457
7220	0.50466219	-0.49922451	1.8587908	5226.8698	71.654404	70.304107	0.058506466	0.0042997469
7221	5.0812698	-1.2233674	2.1279901	9240.8184	76.65677	60.642347	-0.098966232	0.076877399
7222	2.0891821	0.44819603	2.4231696	1022.7303	1.6147994	1.3993414	-0.0028716647	-0.043214256
7223	1.5953608	-0.79859157	0.69159298	3564.7565	54.917878	53.750672	-0.088071125	0.15306514
7224	2.0070073	-1.1231602	2.5261235	2149.7862	11.393413	9.9774439	0.12310442	0.059260185
7225	0.11640425	-0.30388026	1.358021	1619.4569	46.967713	34.267495	0.10701205	0.040835714
7226	4.3956015	-1.1313535	0.79625251	2447.6425	42.360736	12.592277	0.074557055	0.40201258
7227	3.7422355	-0.72149957	2.3427416	4055.1645	14.090181	13.419005	0.0014406088	0.35591408
7228	1.1535437	0.14750292	2.4077171	6353.004	28.359476	28.032079	0.0094019493	0.12432339
7229	5.4577435	1.0397899	1.8714294	898.91652	35.618828	32.783967	0.0020097288	-0.00031673943
7230	1.1868363	0.43937384	0.73967957	2628.7999	111.36069	63.327152	-0.00023451977	0.14403355
7231	0.61025236	-0.64276918	2.0073895	1592.5525	10.97888	10.433214	-0.20111245	-0.039974324
7232	6.1460185	-0.50440846	2.2114366	222.02823	18.918633	1.5923088	-0.2136843	-0.030576501
7233	2.8009824	-0.024531837	0.99272592	3071.1802	58.323868	55.496474	0.36625707	0.020298259
7234	1.0582768	0.063752569	0.72619787	7196.6282	41.184967	37.828923	0.097430884	0.0047493598
7235	5.5045378	-0.8853808	2.6900659	2301.0484	12.101779	9.5597764	0.089630173	0.030410907
7236	1.6607975	0.79643429	0.82201075	4985.8428	47.389516	31.25159	-0.022140861	0.029423813
7237	4.3368579	-0.56774268	0.63033311	8756.0765	89.946619	85.023201	-0.13577587	0.46187733
7238	1.6097032	-0.40050031	2.8122028	1674.7234	11.387468	10.690464	0.057513627	0.01629964
7239	5.8429663	-0.31907155	0.72318933	1457.3166	13.435014	10.914767	0.12550883	0.014622341
7240	0.51244332	-1.4374507	2.4882852	5679.208	47.11752	35.121013	-0.57520427	0.19610518
7241	3.1629651	-0.10037911	3.0111588	3934.4416	26.880066	14.174019	0.0053599973	0.60316104
7242	1.6927437	0.20188752	2.1650637	3549.8109	24.329659	13.522907	-0.052829318	0.10849761
7243	3.8141402	-0.82572097	1.4973544	3254.3049	56.010205	44.838983	0.0039056198	0.0079193404
7244	1.7115771	0.79620443	0.28947479	5641.3933	28.352029	18.864507	0.018006185	-0.029393946
7245	2.4789935	0.68412178	0.10964169	5200.8676	16.69887	15.526502	0.24653674	-0.069442177
7246	1.7666106	0.013069411	0.60459553	1779.5595	11.120686	3.4284755	0.20578202	0.1354373
7247	4.7729702	-0.10009849	2.5269959	3081.3225	34.814695	27.59034	0.14404812	-0.019499068
7248	5.3802931	0.030178994	0.60527414	2206.4041	30.073962	20.688114	-0.0012913911	0.19774517
7249	3.7906173	0.10994524	0.65150112	1782.502	30.315168	3.1625751	0.073810408	-0.0018061183
7250	3.6404052	-1.0965266	1.5870892	1388.8173	46.942879	42.066097	0.0051081315	0.27420494
7251	3.0019882	-0.66577426	0.71583106	2966.0139	87.503227	75.834717	0.034892881	0.31338308
7252	4.9603666	0.12820358	2.7043989	5601.3008	39.358489	16.949051	0.36387098	-0.081371366
7253	2.4571597	-0.38705548	0.5426355	6635.5727	87.874187	82.235299	0.37478668	0.28749776
7254	0.46009381	-1.3641846	1.4144134	445.33676	12.735707	10.459749	0.19917875	-0.30060212
7255	2.4573337	-0.6451419	2.2147659	2924.559	19.378786	12.570253	-0.3573582	0.0460515
7256	6.0447292	-0.558885	0.86171203	799.49588	8.8490956	1.4689953	-0.019402932	0.008521706
7257	2.2612974	-0.27267941	2.2370279	287.45122	1.7826079	1.3047368	0.020672691	-0.035273201
7258	3.8121625	0.20605521	2.6579109	1305.6357	9.6671086	3.1000215	0.005552333	0.022308345
7259	2.0577666	-0.58284331	0.34818802	14112.909	88.13158	84.663977	-0.022309853	0.07729514
7260	2.3430451	-0.90945129	0.10070786	10912.676	75.373442	57.829141	-0.085241319	-0.24982558
7261	3.5766531	1.5183708	0.48187379	1633.2308	11.232207	10.234218	0.35570392	0.41362027
7262	6.0629693	0.7169648	0.39142335	1127.8443	10.282191	1.6833672	-0.012370061	-0.0059943304
7263	1.4088399	-0.9225615	0.70653988	2350.3463	16.830199	13.872187	0.32437847	-0.050695558
7264	3.5834441	0.42645255	0.46591707	2369.5188	14.990078	14.210451	0.034113052	-0.098531378
7265	2.19848	0.8048947	2.1957005	636.07031	11.426197	9.6841591	-0.0092103745	-0.05553158
7266	3.4029465	0.008366958	2.165402	6950.0351	60.367238	57.780032	0.18728103	-0.14063393
7267	0.92991006	-0.67065076	1.9640017	1947.7328	52.469681	44.464333	0.085250347	0.0091287841
7268	6.0140209	0.27933194	0.10567751	6991.5739	21.040036	19.385336	-0.063310193	-0.20469345
7269	0.2906818	-0.84568649	2.7424603	8048.1497	83.146423	70.460695	0.085250347	0.0091287841
7270	2.6920045	0.82930198	0.84241124	18903.222	91.876004	68.19338	0.00085812107	0.011848283
7271	3.5441486	1.2677234	0.59862011	4465.5622	135.8889	128.19113	0.57882719	-0.0029882964
7272	4.9403679	-0.72820376	1.8101884	1960.2288	47.171834	23.69594	0.056342523	-0.37925401
7273	1.037931	-0.38592098	0.71076429	6637.4586	70.702918	43.229183	-0.083903676	-0.25410437
7274	0.27884454	-0.9954237	1.126332	1777.2722	16.829307	12.605334	0.029727226	0.34895448
7275	1.6521859	-1.0786349	0.82829798	16661.073	97.687164	96.891411	0.042163213	0.22251212
7276	5.0670277	1.071189	0.42373257	1701.2228	12.455463	2.5234428	-0.0097140479	-0.10725705
7277	1.5997861	-0.097768139	0.59940427	2565.0041	12.487451	12.301185	0.066602109	0.19049148
7278	4.147959	-1.0355727	2.6631099	3692.9046	13.30183	13.01434	0.22674453	0.020302264
7279	5.6681861	-0.16598683	2.955287	2005.2265	44.313169	40.984878	0.00070495683	0.068805704
7280	4.4880514	-0.88469248	1.9704444	1200.7398	34.33922	3.3898252	0.053647476	0.047890631
7281	0.21508474	0.8733015	0.86769298	1249.8755	11.860307	9.954927	-0.26655069	0.032236299
7282	5.4586022	0.52993134	2.0360321	2783.949	51.65984	46.804349	0.1541396	-0.1145254
7283	2.9316837	-0.4705668	2.7156498	1075.4635	12.869877	12.484955	0.0074753297	-0.31071028
7284	2.3549992	0.53116528	2.6276022	1329.9465	46.756166	21.426526	-0.089225631	0.1412497
7285	5.0539307	0.080948278	2.7605926	530.88232	2.4783848	1.786739	-0.00099808998	-0.013564133
7286	0.23440956	-0.23992197	1.1686839	1624.9568	39.652803	35.851824	0.025437291	-0.0010375961
7287	0.084617621	-1.4043298	2.9001158	484.01299	10.713459	9.56187	0.058534441	-0.021770108
7288	0.86529406	-0.81130469	1.4866913	6865.129	52.777691	44.303196	0.19675018	0.09928071
7289	0.41177517	-0.56749594	1.7046291	903.01667	22.83468	20.041143	-0.08125014	0.3463537
7290	4.4213088	-0.31732906	1.4169238	510.86345	2.2308679	1.6710354	-0.13720736	0.26722011
7291	3.3247996	-0.4553855	2.4507546	5394.3249	46.601543	20.23668	0.22544038	-0.21284567
7292	3.9162104	-0.8996518	0.83880753	6561.9803	62.762672	44.040525	0.18122891	-0.0068741775
7293	3.2532303	-0.63704969	2.5763074	697.49756	5.4221171	1.7480217	0.30502646	0.020593378
7294	3.4682581	0.16999654	2.4690064	4660.193	16.166441	15.963355	-0.050609518	0.067292758
7295	3.3605922	-0.097120723	1.1080336	3705.4972	58.060631	25.798117	0.0059175959	0.12826547
7296	4.0570077	-1.2148645	2.6025707	2193.1935	14.038277	11.54133	0.22531548	0.1062733
7297	3.0056374	0.20545697	0.45275423	6754.3372	61.055963	46.4737	0.0193576	0.11550001
7298	5.92637	-0.1956681	1.2457432	1324.6925	11.02566	10.250151	-0.052154384	-0.013802098
7299	3.5410358	0.91370892	0.95421991	2729.0165	50.042493	12.405368	0.065755515	0.10158781
7300	2.7027992	-0.063903248	1.2051658	2383.6498	55.302824	51.702851	0.0084478901	-0.012905244
7301	1.9149703	-0.10474802	0.7229703	9427.2473	60.772687	38.486203	0.037886828	-0.047450983
7302	0.23518415	-0.64373424	0.51022611	3093.6724	28.47191	12.794648	-0.11484789	0.18958542
7303	2.3413876	0.91384795	2.356713	1570.6479	25.980949	11.906782	0.11123868	0.17897438
7304	1.1887804	0.90598567	2.5976299	2781.7013	14.268167	5.6642464	-0.0050037071	0.098361946
7305	3.3057017	1.302218	1.0951148	2225.1466	24.794705	20.119328	-0.012895431	0.30252609
7306	6.0654446	-1.0602157	2.6857402	5690.0735	50.665715	38.076395	0.016391259	0.12589142
7307	0.18127069	0.57988513	2.7986528	587.99513	10.238453	9.0605366	-0.095691548	0.21729237
7308	1.6465886	-0.55017252	2.4509219	2788.1378	43.36313	37.681835	0.009545247	-0.03503685
7309	4.5297419	0.91291881	0.7328974	1302.5912	12.071193	10.959961	0.21394787	-0.030040786
7310	2.5414063	-0.33686658	0.88608011	773.4063	9.7651053	1.8053378	0.055994358	0.018988988
7311	3.6552753	0.37511819	2.5862589	4041.4597	17.049309	15.193697	0.15933833	-0.14982876
7312	3.1697677	0.2646783	2.5882037	488.22107	2.0462084	1.6031923	0.0022665132	0.083842303
7313	3.2705901	-0.27781327	1.5934059	9035.7002	65.947579	51.285809	-0.04175019	0.26617151
7314	0.97554789	0.8569832	0.75446208	3529.2845	36.605057	14.812979	0.036232024	0.088967444
7315	0.91534907	-0.5064841	1.9307555	3322.4038	59.093952	49.968293	0.010895647	0.029220807
7316	3.7889561	-0.45006548	2.5965307	2262.6542	12.83892	11.199164	-0.39276857	0.024719565
7317	0.3698283	-0.53725581	2.3055466	2182.0364	38.689928	37.270866	-0.066653673	0.0703111
7318	0.22244489	0.66572411	2.2627414	1837.9603	11.931146	11.15265	0.18805747	-0.3888048
7319	0.54931245	-1.3221751	0.8742765	850.35164	8.5878583	3.915064	0.66821721	-0.02774856
7320	2.3630998	-0.94861836	2.1726632	1341.2033	10.839294	3.2195228	0.050615632	-0.037138455
7321	5.6516603	-0.77595802	2.1073586	2493.5238	14.324355	13.116983	-0.066510722	0.079816422
7322	0.39055188	0.26897289	2.2150698	5419.0078	95.337636	93.630767	0.19377858	0.085035005
7323	5.3901421	-0.96092313	0.27249755	1796.8831	27.112914	19.365024	0.12251348	0.019807167
7324	4.2417241	0.79769384	0.29102908	8912.321	46.501104	20.372044	0.082187631	-0.018104437
7325	2.8259412	0.23164366	1.2235874	1146.9828	10.330821	5.6627926	0.21015516	0.040212676
7326	2.912871	-1.1329221	0.7280486	2120.1143	11.846466	11.180433	0.026904192	-0.043311606
7327	1.9087481	-0.93189565	1.885898	189.97586	1.5041047	1.3281422	-0.024770092	-0.042727609
7328	0.36292305	0.40174193	2.4499879	779.59498	20.330525	11.118895	0.1394425	0.20221261
7329	4.2618865	0.12224736	2.4175886	1762.9807	21.790832	20.693759	-0.13296294	0.11127533
7330	4.376374	-1.5135863	0.35977181	113.3479	8.8512181	1.2717589	0.052191476	0.27374515
7331	4.3393676	0.64287484	2.6865154	7495.1522	76.095094	70.162021	0.27056799	0.17018866
7332	4.3897884	-1.0412144	2.2402991	4199.204	64.077699	52.96441	0.10105432	0.34546408
7333	4.1977441	-1.1970183	0.49661934	3308.9076	35.321094	18.261271	0.057556713	-0.0087981686
7334	5.3655799	0.5353731	2.3696693	311.69863	1.9810408	1.8666875	0.002379172	-0.30831081
7335	3.9653908	-0.43864372	2.370087	3127.2232	12.44642	12.239615	0.09887922	0.095401551
7336	1.3057271	0.68705191	2.4370309	2001.2336	59.16923	45.220451	0.030057315	0.0015060225
7337	2.1542196	-0.49544603	2.1910341	1926.1699	36.019279	12.627855	0.077143932	0.088599793
7338	4.9020921	-0.45450729	0.82923284	153.49756	2.567433	1.2081859	0.0063408805	0.057504085
7339	1.0392997	1.0965601	2.2952982	1069.5085	11.65871	2.3330873	-0.015760488	0.015168621
7340	2.5077763	0.22696766	2.5980462	2786.5697	29.360801	16.401789	-0.19848325	0.038073493
7341	5.482087	-0.020092877	0.31723713	2364.8765	16.10291	12.476231	0.21504773	-0.29308231
7342	6.192069	-0.41223296	2.7371056	1132.7486	8.3223504	1.7779862	0.089807142	0.076071901
7343	4.4232434	-0.019000477	1.1535915	1377.3752	20.15008	12.981517	-0.0061815887	0.022223261
7344	3.1528219	-0.43266841	0.33265821	199.42299	3.1995736	2.0047352	0.013762128	-0.0090430843
7345	4.3737186	-0.69461458	0.12477423	2681.6961	21.348964	20.51251	0.047916302	0.10293162
7346	1.2445401	-0.058085472	0.61345104	5373.358	51.119323	35.105819	0.055481263	-0.031054483
7347	2.7982967	-0.20138624	2.1688406	427.91851	9.0083652	1.9277116	-0.05463259	-0.1596271
7348	3.8988994	0.84945232	0.67025562	642.75179	1.5828749	1.3986537	0.13394268	0.13624908
7349	2.4262277	-0.49459587	0.61350854	417.24835	9.4933366	1.5500028	0.072213044	0.082164101
7350	1.7570867	0.91899484	0.60106706	2315.7482	13.860974	11.035078	0.010436201	0.0038093307
7351	6.037576	-0.062737108	0.58288283	1622.0247	11.148354	1.6093718	-0.042628721	0.097555656
7352	0.037319162	-0.80096855	2.5797652	278.74854	1.4367686	1.2684681	0.023097022	0.068022396
7353	5.6539138	0.95315692	0.9375129	3672.0921	26.129954	25.138654	0.009436465	-0.058775879
7354	3.6762799	0.61821734	0.25398354	3746.9138	14.886065	14.393702	-0.094796838	-0.062139508
7355	0.35166909	-0.31576332	2.413943	3723.9953	18.867855	16.125114	0.39013932	0.1595702
7356	2.4389338	0.45352298	0.54528966	1590.6395	36.902344	29.639939	-0.037514424	0.011266008
7357	2.9280217	0.7586895	0.36197586	2308.6056	17.005474	11.954535	-0.05827871	-0.2606318
7358	0.9096674	0.44842492	0.92863452	803.41476	2.3627944	2.0252478	0.0076006772	-0.02425268
7359	3.7372612	-0.80709725	2.8380734	1730.0718	10.715541	6.3059521	0.0053455159	-0.089871091
7360	2.8643852	-0.87644968	0.7659533	4516.8017	49.346385	44.343301	0.00069848487	0.058303636
7361	4.5107159	0.74669212	2.8128601	4063.3663	14.901009	13.261813	0.19257779	0.029071779
7362	0.93477131	0.67874381	0.86753367	1883.3893	13.01201	11.853329	0.043189013	0.32020105
7363	5.3328933	0.38159727	0.99544911	268.9293	2.0063074	1.7514237	1.664429e-06	0.02360906
7364	5.4906411	-0.57005944	1.0629067	1736.0534	11.429701	9.1853538	0.040935611	-0.0083925107
7365	1.7080033	-0.285523	0.30011328	1978.2684	12.430992	9.9754612	0.10532625	-0.019386402
7366	4.2753355	0.47761517	2.1303593	532.14389	1.4579609	1.372273	0.11396677	0.032203135
7367	4.4525298	-0.32668342	1.3230085	2066.1866	24.684472	11.08738	0.089336121	-0.042767525
7368	5.5360736	-0.2099511	2.6619454	2956.5894	14.541454	14.128166	-0.11999638	0.34997852
7369	3.7632578	-0.068625149	2.2747242	379.65845	1.7450178	1.6482995	0.018232773	0.13172054
7370	3.0274259	0.66593052	2.4266663	5079.588	52.337395	50.41252	0.02653412	-0.0018711746
7371	1.1110741	0.31940722	2.4995981	910.07511	1.7801454	1.5532391	-0.17559429	-0.19324463
7372	0.72177006	-0.25631373	2.5126321	4438.1904	14.621056	13.833082	0.48917838	0.10053306
7373	5.0029851	0.12282911	1.3269538	1614.6176	69.59226	49.038702	0.073564346	-0.062535561
7374	1.918457	0.84194583	1.5219748	3907.2764	47.637046	38.578645	0.0051972016	0.17988047
7375	4.054446	0.99590472	1.0966383	9963.3525	78.019725	45.067619	-0.0090944949	0.12644669
7376	0.85262048	-0.56442105	1.8758942	1164.1911	24.473205	24.320318	0.26327943	-0.013081993
7377	5.4439849	-0.16619431	0.19831364	13530.218	103.22768	86.417885	0.15673046	0.36422355
7378	0.37148289	0.10381046	0.50256388	7345.7571	67.347864	66.73657	0.11677981	0.13802855
7379	3.1567956	-1.2839346	1.9891926	890.17689	9.3811653	3.0071238	0.14170527	0.03055376
7380	3.3868526	1.4015669	0.36619428	7681.2019	56.459683	30.898546	0.1128797	0.012625692
7381	0.31951613	0.10193631	1.9182531	1900.9813	43.888051	36.708195	0.095508702	-0.13271269
7382	0.91756905	-0.13617453	2.2062101	577.68539	18.950737	15.049407	0.41179947	0.00078695434
7383	0.58048153	0.85475695	0.38114634	2296.3337	12.905792	1.7242356	-0.082397835	-0.0063921433
7384	4.8575516	-0.027010072	2.4108227	610.04489	10.798202	2.078215	0.081948611	0.02355411
7385	3.8992349	-1.0579198	0.55217032	3616.6116	13.981975	13.623474	0.037993934	0.38559076
7386	3.4446672	0.0025767668	0.32187278	4378.1186	18.115416	14.896082	0.0019233038	-0.022682997
7387	2.5296282	-1.2214779	2.7244161	1956.5237	10.90089	10.329525	0.026978357	0.068466046
7388	5.0742548	-0.0017803912	1.3690846	3831.8735	42.099475	38.676708	0.0042426823	-0.11868172
7389	0.2838016	-1.3619311	2.898303	1271.6555	30.27371	1.628616	0.078636488	-0.023278137
7390	1.0591975	-0.72777188	0.74839934	537.75159	1.4250046	1.3328093	0.097500312	-0.025147386
7391	0.66291165	1.2283007	0.96529433	3065.1784	52.170215	15.718829	-0.033039104	0.26112648
7392	4.09351	-0.30878854	0.82143527	1427.6407	12.190476	6.9371709	-0.0092515302	0.019398294
7393	0.39816825	0.48503993	1.1375663	4364.1064	94.800017	55.158256	-0.0021465599	-0.15988664
7394	3.4810211	-0.64340604	2.7742149	1238.364	6.8360788	4.2076331	-0.055951553	3.8092139e-05
7395	5.076872	0.33866671	2.4664754	5640.114	29.877071	14.015968	0.25312395	0.16702149
7396	6.0367612	0.32095343	2.6025726	2555.5176	17.746122	2.444823	0.0097735909	0.05250804
7397	1.5211956	-0.10761551	1.2639993	1057.2815	11.272452	9.8554385	-0.041862868	0.11807925
7398	3.5959931	0.47908688	1.2383456	1074.2086	11.303927	10.394837	-0.23372889	0.00036030146
7399	6.2823367	0.92783703	0.67361226	4037.7307	39.68929	28.678192	-0.0035155167	0.085185894
7400	5.5024286	-0.346553	1.7903964	6328.9118	64.380674	48.482577	0.039518043	0.29861881
7401	5.697605	0.85465353	0.62249827	11562.658	82.270624	61.011908	-0.00523278	0.072015458
7402	0.21701167	0.4178069	0.71899387	5367.3151	47.026352	41.961567	0.014024757	-0.39387395
7403	4.1585053	-0.49445039	1.2439652	112.66374	2.4244854	2.1373384	-0.014342401	-0.015088287
7404	2.580586	-0.57199135	2.600251	12842.859	94.760291	92.81897	0.062852529	0.038550968
7405	1.3376172	0.58273995	2.3217977	2064.0188	29.147059	13.955682	-0.0062560281	0.17273727
7406	2.2182973	1.0545763	2.2089075	6459.4898	70.487611	69.536108	0.020618347	-0.024738609
7407	0.14599174	0.68894165	0.72255479	815.89792	10.230386	1.5019865	-0.18063591	0.20881343
7408	4.7066158	0.19201499	2.8266862	3057.1481	15.677487	15.163441	0.0031181454	-0.039134924
7409	3.8634856	-1.3391846	2.8114287	1611.7078	46.762594	37.4512	0.4283164	0.17152055
7410	2.5039112	-0.29593517	1.6888972	703.73473	16.8723	8.0460422	0.17956184	-0.62433218
7411	1.592016	-0.58393565	2.2101258	1772.2924	43.893873	34.335954	0.056793857	0.127051
7412	3.6318523	-0.95033858	0.76311565	6702.4699	55.772111	51.414079	-0.19321149	0.20185222
7413	3.9819716	-1.2931974	0.19596234	11329.09	187.93378	97.784405	0.077177031	0.050287941
7414	0.23930215	0.3681551	0.59482758	441.72736	41.259207	2.0270566	0.034195642	0.090312673
7415	5.1779043	-1.0020638	2.0940527	2094.313	14.625794	13.441906	0.022237571	0.029325831
7416	1.0367646	-1.019239	2.7831484	15484.221	93.143708	64.628576	0.40401891	0.10635184
7417	2.0508557	-0.20880093	2.5856192	2932.4755	47.112363	14.140287	-0.0041962916	-0.64588422
7418	3.2193988	0.76991446	0.849876	5044.1873	37.198098	28.031104	0.16435513	0.31103364
7419	3.6356436	0.59111137	0.68955238	2486.2862	12.144344	11.071059	0.056356878	0.019153041
7420	2.0178848	0.2737887	1.4183381	1254.9042	92.25038	39.198429	0.061242512	0.072932815
7421	0.96178619	0.94284503	2.8782848	1262.2724	31.355185	12.456816	0.1418291	0.073167751
7422	5.4576289	-0.23029408	0.58559417	3473.8838	24.905281	12.599478	0.015467213	0.02249514
7423	4.0190425	0.18331698	0.47987462	281.16385	1.7643071	1.6379056	0.14192271	0.038323137
7424	2.2721136	0.97237609	2.8365538	2156.8023	14.122711	11.304573	0.046651996	0.099955721
7425	4.9166376	-0.38219138	2.5487866	828.52768	10.305365	2.4569287	0.11474034	0.021635304
7426	4.6915645	-0.73206519	2.6729012	15892.771	78.540095	76.564244	-0.016016668	0.063495722
7427	0.39501623	-0.34427557	2.6300621	1167.21	10.130915	10.063975	0.20911889	0.090039953
7428	0.99570157	0.027541356	0.15709643	5171.3661	17.494202	15.347955	0.13471037	0.50680969
7429	5.6886157	0.83854615	2.9505852	5635.8379	90.460752	74.555926	0.31666867	0.060550885
7430	1.8657785	-0.11825873	0.55225395	10402.733	86.38959	68.838896	-0.0018302554	0.042498744
7431	2.0001353	-0.34839224	2.6325265	2939.8173	46.402634	13.317719	0.014282616	0.25111728
7432	2.9096166	0.31828966	0.87034979	3108.1026	42.771404	24.966642	0.038087222	-0.056412214
7433	2.3921016	0.49584195	0.6844645	4710.5158	61.683262	56.931596	0.20612425	0.22863225
7434	5.7745729	0.11907414	0.25711669	2874.2208	22.118346	13.191212	0.39282367	-0.20639065
7435	3.34957	-0.8772538	2.2257719	4841.335	75.927903	53.297466	0.18781608	0.13816723
7436	5.0064678	-0.38548723	1.9232429	11489.468	81.198278	65.102687	-0.013860746	-0.0022417995
7437	4.8057648	-0.44283684	1.0052822	1617.0645	12.676749	11.343136	0.0060286827	0.045867046
7438	6.1635423	0.83656696	1.3338564	10597.756	172.10385	82.214215	0.024493944	0.2263002
7439	2.5460721	-0.45672982	1.2848649	1213.8646	24.683344	12.505478	0.049999778	-0.0037215893
7440	3.5992022	-0.39185425	0.83232233	4501.5846	63.978526	61.371584	-0.035030019	0.034441085
7441	3.7109105	-1.2997513	1.3581359	2126.1045	13.127603	11.887598	-0.14256643	-0.14666372
7442	5.4521499	0.8393994	2.5330714	4240.8216	51.695216	48.491706	0.000391155	0.12833196
7443	0.98716138	0.15458094	1.0073438	2979.9097	41.672731	41.439791	0.15686641	0.024562176
7444	3.5920072	0.37807167	2.7112853	4741.6128	18.423969	14.252586	-0.081734971	-0.041524419
7445	0.029929278	-0.54843074	0.75792255	2687.2908	33.192111	22.695135	0.029169086	0.0081785641
7446	0.88932194	-0.93281514	0.59505811	3564.753	18.90867	14.519584	0.14564074	0.06409621
7447	5.4099373	-0.97483026	2.6735398	4953.9652	49.210837	18.915355	0.041246039	0.12222904
7448	1.3712202	0.30625778	2.2033412	4058.2165	43.279908	37.196716	-0.05909885	0.062044289
7449	4.3273101	1.0838283	0.72178564	2065.2811	13.064392	6.7109584	-0.011196405	0.057978257
7450	5.0269982	0.14241276	2.6644906	1094.5621	20.335929	14.313783	-0.034622107	-0.1057534
7451	1.2466673	-0.35219372	2.1554197	3133.1676	58.076689	40.698194	0.03114967	0.14864395
7452	6.1125751	0.47794237	2.5326628	6942.8004	76.026392	59.387762	-0.075235889	-0.22947324
7453	5.3951413	-0.52901665	0.9510678	244.94124	1.7468966	1.6838644	0.18734003	0.23561929
7454	2.0850924	-0.89115481	0.82916965	3309.8295	35.33731	25.754411	-0.025941849	0.16766009
7455	4.1896442	-0.34818892	2.3338728	10705.805	68.164307	56.92623	0.43824061	-0.033969815
7456	1.8877335	-0.37191666	0.54750971	5483.5544	34.615025	20.061885	-0.023190508	-0.012751245
7457	5.4647689	-0.51557059	0.73316632	1604.5673	12.014341	11.420869	0.24581868	0.059346126
7458	4.8922938	-0.064987688	2.1659898	1039.1112	10.366304	1.492744	0.040269591	0.066986799
7459	2.3365371	0.66780616	0.61405509	1617.5278	12.562996	3.2662293	0.0052172819	0.080966967
7460	3.6218913	-1.350866	0.1777851	584.99026	1.5077583	1.4396094	-0.21205573	0.084034282
7461	1.4571409	0.64997122	2.2505719	1671.8043	14.070884	13.454205	0.036195954	0.019440562
7462	2.3119634	0.45888002	0.27304343	2262.5452	14.310493	12.812533	0.16785667	0.12267329
7463	4.6977618	-0.062858742	1.998632	491.08366	8.8138176	8.7133464	-0.087801724	0.32571345
7464	3.9767342	-0.2438913	0.6228127	627.23462	10.730022	9.6139698	-0.092407864	0.32536375
7465	0.96800998	0.52699872	1.2369261	887.70088	10.013508	2.1489196	0.085841799	0.35014113
7466	0.30369295	0.17140255	0.95531733	3971.1317	54.147501	48.236909	-0.15637952	0.20107246
7467	1.0241828	1.3743791	1.2442492	1340.3679	11.08297	10.290601	0.086355213	-0.021757194
7468	2.7263871	-1.0909262	2.1277567	379.88521	40.446363	14.969837	0.013384457	0.0026815713
7469	1.920037	0.24622776	0.71936266	1500.333	49.884644	45.578869	0.13170747	0.16309741
7470	6.1360675	-0.75206181	2.1944755	4741.4976	72.763228	41.290786	0.023958377	-0.032734117
7471	0.88086336	0.35463534	2.6504707	561.0637	1.825275	1.6600439	-0.0064143951	-0.036169827
7472	3.8927763	0.18502389	1.1562917	3104.8668	13.365339	12.004597	-0.064780345	0.23845961
7473	3.0843205	0.29789596	2.5513076	896.79739	10.610205	2.4157142	-0.047311719	0.024932834
7474	0.34146406	0.60216518	0.57297503	1963.3598	12.33746	10.147642	0.20552535	0.014062456
7475	5.9817833	1.2527276	1.9633637	571.664	1.5972018	1.4080822	-0.23773364	-0.10167828
7476	0.12660407	-0.081502501	2.6316962	23126.568	129.49546	124.77017	0.022371852	-0.21963068
7477	2.9291005	0.91619028	2.6613474	1489.0919	26.53257	12.142894	-0.11993773	-0.086373817
7478	3.5686975	-0.5078693	0.85903354	2202.1288	26.494673	14.116007	0.14172016	0.10248047
7479	2.3487556	0.68202975	1.1365833	1101.944	9.1955926	8.5947213	0.090741421	0.01632682
7480	4.5859599	0.41065761	2.4396778	3218.0348	16.184252	15.547957	0.63716133	0.044637575
7481	1.6972816	1.2317834	0.53589973	1454.7817	14.966724	12.628764	0.016834827	0.46832823
7482	3.4786042	-0.21076965	2.7098906	14953.375	104.99692	92.634983	-0.021159433	-0.054949287
7483	1.800134	-0.2937955	1.1113149	2881.1353	55.078348	32.980059	0.091127878	-0.018561996
7484	0.80921941	-0.6600369	0.19929503	4228.0002	18.579595	14.79698	-0.080556451	0.11345993
7485	1.4675446	-0.21440207	1.6413065	845.5414	12.35526	11.19037	0.38106875	0.10292477
7486	2.2740237	-0.47367186	2.9051103	968.27102	1.7366859	1.3773317	0.031244286	0.14632343
7487	1.3364539	0.37329359	2.4660211	2172.6029	12.597555	10.988204	0.002739011	0.093969045
7488	0.94413861	0.87536448	1.8723921	8961.2778	162.6164	62.284987	0.36398317	0.24312097
7489	2.5269622	0.24287064	0.8580593	4667.7605	59.67303	53.38013	-0.11406088	0.035387019
7490	2.3167345	-0.50672957	2.1207231	4822.2596	35.037063	33.26836	-0.17803709	-0.00040494613
7491	4.8721998	-1.2423479	2.4201673	7095.7627	80.435365	76.279724	-0.13494353	0.046792457
7492	2.7927326	0.47940117	0.23891318	2384.7404	11.036942	3.7384452	0.010011736	0.030446923
7493	4.8728608	-0.98444474	0.68150641	2627.0667	11.801897	11.263116	0.27406244	-0.077533603
7494	1.4028928	0.96094012	1.0200883	291.62288	1.4376577	1.3266784	-0.060822271	0.056462178
7495	5.9537194	-0.51177781	2.3616544	733.00887	9.5497744	8.5808691	0.041948037	-0.020760599
7496	3.2054979	-0.63172534	2.2825293	1109.2112	10.949687	9.0567934	0.04457914	0.11665847
7497	2.7565992	0.37908478	1.1823421	5343.3166	131.01165	88.410478	0.03135237	-0.0660214
7498	3.0701757	-0.14518105	0.41994847	3825.5851	15.031293	12.661617	-0.066025979	0.075156903
7499	0.58998847	0.41782923	0.77632869	4027.2026	55.29725	46.448666	-0.10599461	0.097306597
7500	2.7898994	-0.38374143	3.0717989	1392.2403	9.0182058	2.0812217	-0.072714491	0.055573741
7501	4.1316134	-1.309454	2.3663624	485.15379	1.4543998	1.3948748	0.076178647	-0.041767241
7502	0.38085219	0.67529574	1.1271386	1263.0479	31.321315	31.170905	0.16828958	-0.2065183
7503	2.7212356	0.80058601	2.2974456	2672.238	15.514949	13.159778	0.059780584	-0.17764896
7504	2.9114802	-0.061287578	2.5339281	1377.2337	11.690406	11.335244	0.20737207	-0.005995761
7505	1.8129641	-1.1256422	1.0563922	885.09874	10.146563	10.092305	0.17815274	0.01949224
7506	2.8383365	0.83467455	1.6065153	1368.4547	31.756797	12.721252	-0.0034333768	-0.017666346
7507	1.0618926	-0.98639378	2.129031	1581.7315	12.472379	10.167224	0.34360025	0.30357576
7508	0.68669431	1.0426724	0.64354578	602.49795	12.078802	10.65959	-0.15907525	-0.39910117
7509	3.7431048	1.304076	0.82719048	3450.5362	14.834217	14.622046	-0.0058160687	0.21067483
7510	1.2539711	-0.43191739	2.099003	5170.2249	63.374435	50.03969	-0.016211686	-0.027479122
7511	2.3564639	1.0434315	0.22293296	4484.6453	17.334989	15.406754	-0.14712375	0.050861139
7512	3.8295557	0.64284655	2.6750401	2169.5346	14.391015	12.730108	-0.051301768	-0.032600437
7513	5.2408908	1.0487091	2.4806582	4395.6504	43.634739	25.447415	0.16874062	0.0077394615
7514	3.7418858	-0.37591202	0.72469227	913.90963	43.286884	36.765883	0.064727697	-0.0012122615
7515	0.42176487	0.31062062	2.0518855	3123.5405	140.04386	52.09551	0.29578606	-0.020314798
7516	3.1115128	0.40021075	2.9351851	14574.605	157.56476	151.77865	-0.035702061	0.12919118
7517	2.5057197	-0.74911215	0.057351545	2388.1412	11.979369	4.9456232	0.087277969	-0.0024149079
7518	1.6896388	0.51610476	2.3194291	1947.3255	11.975798	5.3322018	0.24299863	0.08460495
7519	1.9514895	0.44743188	1.2662704	4789.2688	119.26449	53.693713	-0.12677504	-0.033287438
7520	2.4103318	0.032346073	2.082418	529.22589	10.969625	10.942692	0.26882299	0.085149065
7521	3.4780411	1.1842485	2.4818184	783.65182	10.217892	2.1603101	0.032268461	0.28276748
7522	4.7045884	0.25944516	2.4811119	1484.2523	10.351304	9.2385586	-0.02932231	0.38640254
7523	5.5344256	-0.078231737	1.7448181	1366.5924	31.04436	26.722779	0.091785865	-0.059420226
7524	3.9561047	-0.78156021	2.564065	495.56258	7.6361046	1.3445533	-0.021814105	0.069104828
7525	6.1851552	0.66659684	2.3764269	4857.9067	14.296865	11.233754	-0.051333579	0.20813083
7526	6.1003923	0.1650172	0.25254957	3540.2679	21.148216	14.503184	0.025910088	-0.067385467
7527	1.6062844	-0.52739409	0.34092899	5769.7806	78.114781	20.603476	0.097409556	-0.15277504
7528	1.5801111	-0.87706795	0.36525549	1337.4402	12.028606	10.125252	0.14856497	0.4138289
7529	1.4292734	0.95946649	0.9446848	1669.6261	9.9852964	3.3294131	0.30666772	0.018627502
7530	4.8638262	0.026653395	1.3577879	823.94294	12.738731	10.82501	0.022447577	-0.12101884
7531	0.32811492	1.4070904	0.10590462	13001.275	79.418348	67.842046	0.035714038	0.016112843
7532	4.5712951	0.31023542	0.95903298	1930.0872	13.105441	12.15128	0.25491515	-0.085048888
7533	1.5421619	0.16939021	1.2174948	3257.9118	39.135474	35.693047	-0.079014273	-0.0045022483
7534	0.81612837	0.29004126	2.81644	3287.199	38.289455	13.542175	0.13343017	0.086008263
7535	4.2159118	0.13954065	0.27463617	1528.0245	11.546986	10.184901	0.10046169	0.15246027
7536	1.2379896	0.18548263	2.6054265	5178.7603	60.470201	49.784521	-0.0010473067	0.12663361
7537	4.2342113	-0.32116005	2.6717044	1385.8174	12.294609	11.677805	0.027522192	-0.57021562
7538	1.2135458	0.22296653	2.0803103	1166.3969	44.723599	37.543989	0.1039339	-0.026053424
7539	5.5987362	-0.52913668	0.74665302	3020.7805	58.463747	47.465791	0.15568091	0.010259334
7540	3.8262501	0.61360281	1.4606743	9282.452	74.320821	65.756405	0.039752229	-0.058465521
7541	1.0260139	-0.83585099	0.5308077	5875.5577	24.290606	16.927558	-0.013864249	-0.009220868
7542	2.6981289	0.82491821	2.631621	750.36171	2.0698963	1.8500465	0.12181139	0.010119945
7543	2.1786253	0.032241771	2.5471194	3984.436	14.462025	12.589406	0.080028122	-0.054007587
7544	4.0116769	-0.68783381	0.35812474	496.33459	1.641361	1.3252458	0.055052989	0.16436134
7545	1.879723	-0.12879686	2.3879382	594.97737	2.3927506	1.661767	0.0070293994	0.14544485
7546	1.8890433	1.0787955	0.83492365	2278.1311	41.479997	18.248042	0.11777998	0.29945286
7547	1.2642835	0.62370545	0.47126144	904.94371	11.36368	1.6263128	0.66953196	0.13586549
7548	1.5488524	-0.027087512	2.7947635	2026.8963	52.395526	33.978989	-0.02356621	0.020380734
7549	0.26542879	-0.73183888	2.1732125	1559.692	12.55682	8.9487221	-0.29737318	-0.0030744774
7550	0.03298257	-0.62490611	0.81698039	4000.4768	59.078537	34.225123	0.097353309	0.0064615463
7551	3.5877035	-0.21593658	2.7775605	3892.4935	15.705467	14.03975	-0.11085963	0.28638822
7552	3.1849066	-0.65318379	2.490914	1952.2052	3.7034662	2.3894802	0.0064748769	-0.026525064
7553	4.1584626	0.79659223	1.0959186	299.4672	2.3894926	1.562302	0.10186759	0.0072773378
7554	4.0541791	1.168773	0.64533611	2138.6732	9.7458916	7.2402626	0.064042028	0.055037664
7555	5.6184745	0.73245844	1.8178396	636.37441	8.718211	1.4302173	-0.066837242	0.010018641
7556	1.212196	0.3776311	1.4573562	1128.3322	15.522407	11.934014	0.028186363	-0.18453221
7557	0.30647766	0.77338982	2.0011145	5039.5072	45.057796	15.276924	0.24491988	0.048143763
7558	1.2850512	0.2132088	2.260865	967.41467	49.589792	43.834143	0.04739769	0.008096885
7559	2.3194519	1.2255822	0.33246764	2584.6327	22.7766	21.861118	0.02564213	0.029049641
7560	2.0994328	-0.20885724	0.58035185	1082.6023	38.396078	2.8049947	0.18026595	-0.051179294
7561	5.3615159	1.4409664	0.15736936	4339.68	17.583989	17.124574	-0.023147596	-0.0010867665
7562	4.3629636	0.24470389	2.5251237	10787.641	151.57959	52.038602	0.00083770728	-0.21237058
7563	1.1786507	-0.65534444	0.60486145	698.77466	1.5399259	1.3681839	-0.067633252	0.063410691
7564	1.0644017	-0.4459456	0.9486103	1732.0701	19.154682	12.286707	0.039083755	0.37412592
7565	5.812083	-0.91990982	0.72431755	4707.9776	49.306594	47.395242	0.017389596	0.13521331
7566	0.96761014	-0.76480805	2.9810878	11327.07	93.160495	72.721079	0.19136028	0.30457785
7567	1.4374464	1.3252893	2.541663	1782.6394	16.149879	13.775857	0.13115016	-0.0053752516
7568	1.8143407	-1.2242709	2.4092471	2512.8891	34.976662	27.781048	0.16006244	-0.33258902
7569	3.3286979	-0.63665473	0.3969368	7539.5434	65.46174	64.128223	-0.016275482	0.29339904
7570	4.4848664	-0.95638266	2.3118875	2395.3301	48.106906	42.755503	0.16670665	-0.11302485
7571	3.2913778	-0.39842342	0.20218025	2402.1202	140.8067	106.0822	0.17321775	0.39352024
7572	3.5138261	-1.4398438	2.662598	4270.0557	35.62416	17.261946	-0.0023029024	0.014957334
7573	2.4701777	0.55638943	0.86278398	5381.9044	58.342825	49.959576	0.051629461	0.022925507
7574	5.3502031	-0.18230804	1.9965242	8153.1519	188.22957	186.38812	-0.29022868	0.13387057
7575	2.0124012	-0.85047044	2.8394185	7563.093	19.694001	18.368611	0.077318068	0.21547555
7576	5.221127	0.57036202	2.3723384	2281.6536	15.089416	13.286054	-0.032573683	0.24941649
7577	2.9084119	-0.32649452	0.53571385	7042.8547	63.722375	53.54205	0.0095593805	0.12174277
7578	4.37496	0.47809651	1.4935363	2821.3864	79.122583	49.992786	-0.17390673	-0.18529397
7579	5.7369174	-1.071921	1.7715853	357.83699	1.540829	1.3949963	0.0015035468	0.0089692322
7580	4.4585291	-0.29141686	2.8451872	2179.3036	14.509338	13.686819	-0.069481383	0.031483433
7581	3.0252105	0.16342306	0.12920596	1278.3746	2.9785053	2.4989932	0.15728746	0.19487717
7582	0.11717829	0.65404065	1.3824302	2633.304	62.772834	41.890201	-0.01555105	-0.06675147
7583	2.8645697	-1.1084269	0.62792792	345.01994	1.9193761	1.6016038	0.019222405	0.17051026
7584	4.5613627	-0.019923136	0.66166095	1083.9956	27.828394	14.799502	-0.042092209	-0.25795959
7585	5.9482054	-0.50894133	1.9299893	296.5572	1.602561	1.2977738	0.026163037	0.098210317
7586	6.2713994	0.55567	1.5748236	229.69748	2.0179429	1.5312126	0.055600252	0.21924159
7587	5.0649847	-0.48250812	0.18390258	17694.136	147.41912	88.121361	-0.16789147	0.023254651
7588	4.4796088	1.4010155	1.2418899	2818.0236	42.500643	18.690032	0.03824271	-0.0037551823
7589	5.0479254	0.42435595	1.20644	2936.0189	40.260735	37.17221	-0.052147237	-0.012533975
7590	5.3609246	0.39554974	0.47767171	3180.3754	41.749786	38.450046	0.12506086	0.21684917
7591	1.3693135	1.1556116	2.4721279	1600.5101	11.960892	11.394161	-0.081024841	0.017111511
7592	3.8280646	-0.78902008	1.2835884	3610.9696	58.609401	35.898724	-0.011666068	0.0060339951
7593	4.1493659	0.14137745	0.56518637	1939.6936	24.372538	18.452567	-0.0081946068	0.23979237
7594	4.0217163	0.18359956	0.56515283	2866.5514	13.192934	12.743646	-0.011821945	0.0031880483
7595	0.13598085	-0.54570269	2.4039248	4348.2709	36.827934	25.568155	0.16425496	0.0045991526
7596	3.0102257	0.22131196	1.8274116	11192.931	78.7229	71.255413	0.04950345	0.01655234
7597	3.5235569	-0.16710398	2.5349308	358.44357	1.5299111	1.4945668	0.108882	0.034001132
7598	2.9277128	-0.25212453	2.5164581	3362.4764	61.987978	54.844256	0.45018049	0.89761242
7599	1.8817772	1.0677818	0.44715686	1671.2521	19.871892	13.399106	0.16463085	0.21255624
7600	1.7878334	-1.0538222	2.7195531	5503.3677	42.960722	40.757561	-0.0051142801	0.22779021
7601	4.3540228	0.49367951	0.45032533	1215.6028	9.7576876	4.117228	-0.44901256	0.28541627
7602	4.250809	-1.4552103	2.5364783	6484.0455	53.853486	39.876093	0.10021014	-0.0025211533
7603	1.082737	-0.47949686	2.6867832	2690.1136	27.559571	13.644002	0.050476614	0.013443353
7604	5.3630118	0.35472331	0.93340745	4119.021	90.969066	54.744801	0.02484288	0.075078358
7605	3.0804956	-0.032989446	2.2866031	2219.2965	13.813233	12.134684	0.038575132	0.0091074615
7606	5.4751053	-0.14491127	0.84553034	5136.3834	18.47654	15.793354	-0.0018733303	0.27449442
7607	2.4378351	-1.0297269	0.619577	771.55823	2.1105131	2.0630335	0.024752313	0.0028825475
7608	3.1285727	-0.55388408	2.5498755	1199.0732	9.9093138	1.5757524	-0.047184629	0.012528743
7609	3.3099822	0.21502309	2.2495038	1121.176	10.585857	1.5987098	-0.0041548997	-0.13696044
7610	0.17445702	-0.73667107	1.7472895	658.32927	44.498465	32.316019	-0.086553885	0.21208391
7611	4.7522698	0.20316661	0.58656812	2329.1279	14.24305	13.778525	0.12722922	0.080193289
7612	0.19655267	0.91124367	0.48773958	3722.2124	32.541873	12.739078	-0.3609056	0.074004291
7613	0.71523619	1.0607098	1.6306026	2042.836	13.736622	11.989707	0.11168876	-0.18184359
7614	1.0930669	1.0908607	2.437776	11711.729	232.24062	172.79107	-0.0011427867	0.11542728
7615	3.8507144	-0.28434626	2.4483002	5926.1191	61.180358	44.825486	0.042633401	0.23750076
7616	6.1319374	-0.55362127	1.1187606	13039.656	81.528003	69.649547	0.19460146	0.042335538
7617	6.1422226	-1.1430406	2.3830061	2993.6253	12.894957	11.1866	0.075336308	0.24229349
7618	6.0517281	0.31178863	2.2181704	642.50032	2.7558119	1.3954422	-0.0033660498	-0.163658
7619	0.5158816	-0.87921095	1.0972526	1998.3035	29.110887	24.302499	-0.00048178024	-0.013207087
7620	4.6304028	-0.11367593	2.3143597	5612.888	108.50337	40.663089	0.084397805	0.14428333
7621	3.9864057	-0.8337563	2.4497729	2316.0204	12.151608	11.167205	-0.139757	0.22219327
7622	4.6629069	-0.008206791	0.46515296	421.38855	3.1644381	2.2479753	0.068967265	-0.064400775
7623	4.8967126	-0.64708492	2.9598006	13477.195	185.983	111.55769	-0.0047553277	0.0093889254
7624	1.5333682	0.99155666	2.138836	3589.2079	29.124695	14.302406	0.092824761	0.1269522
7625	3.9045386	0.57326758	2.1522592	5913.8843	84.435691	54.736955	0.3823458	0.10566718
7626	1.1776467	-0.15657775	0.62929222	9616.0848	85.728759	84.665736	0.19819791	0.034688324
7627	2.4325565	-1.1408126	2.2703374	6526.4695	124.79444	72.018804	0.098415623	0.04239691
7628	2.9058024	0.065960939	2.9058455	17720.058	97.135872	57.563841	0.044904529	-0.0027544221
7629	2.9657535	0.27693133	0.44504206	2835.7084	17.877884	13.541378	0.0059419701	0.16619233
7630	0.51170952	1.0211659	0.99122641	7787.9558	68.477178	42.243086	0.17403252	0.03826655
7631	6.1218104	-0.099600215	0.27632789	475.09147	1.5353875	1.5229826	0.30607139	-0.051058082
7632	0.24190094	0.9017208	0.25635859	2124.1579	19.979	13.307395	0.018098475	-0.0072082355
7633	5.0173572	1.2751376	2.6001485	4103.8353	37.466489	13.619956	0.0028678581	0.074718948
7634	6.2723342	-0.29429137	2.6263412	4537.7603	45.68721	21.704317	0.1293052	0.43670208
7635	0.24098994	0.92119198	2.1477517	10614.421	139.24243	80.139472	0.23396154	-0.13077267
7636	5.3949229	-1.005436	0.96987954	908.94726	4.7222399	2.1898291	0.085711425	0.17162735
7637	4.3567126	0.60832838	1.1772942	6912.0183	55.884735	51.314661	0.099328166	0.31298947
7638	4.4734864	1.1330784	2.5325929	2562.3588	14.570844	14.061598	0.0023271873	-0.010746811
7639	4.8634658	0.66828652	1.8237699	12021.879	103.72562	66.644745	-0.059266023	-0.029605878
7640	2.9087316	0.37028248	2.0734437	831.05611	10.62348	7.1863028	-0.21258854	0.14112559
7641	0.3767639	-1.0740767	0.64651744	4025.2484	16.056148	14.565679	0.16073116	0.010035473
7642	6.0749027	0.97385452	0.36334757	2399.6275	23.766518	3.6780349	0.041178944	0.1251568
7643	2.8716936	0.28822474	2.7829992	1382.379	9.8838521	5.5435686	0.026606819	0.3392233
7644	1.7840626	0.92223222	2.8096639	12209.544	151.05387	84.402444	-0.14178562	-1.377386e-05
7645	0.68476468	-0.67255606	1.9105175	3944.3135	62.531956	51.812651	0.044385344	0.2502263
7646	1.2302382	0.0080588765	0.68248573	812.54293	2.8138887	1.7701178	0.17122639	0.071013159
7647	2.331595	-0.4522936	1.7820881	469.39534	9.327501	1.7572327	0.0044823896	-0.2305343
7648	1.7996846	0.22657805	0.56616255	10820.441	42.782004	36.308921	0.17018877	-0.0027151349
7649	1.3458627	-0.60968787	0.52796174	310.56017	1.5532681	1.2744936	0.12712963	-0.014016758
7650	2.7937684	-0.39957191	0.68265933	908.48572	8.9528409	1.6545802	0.0006524568	0.032903121
7651	2.123841	-1.1092376	2.1227819	2489.3637	13.889146	12.683229	0.0081897946	0.29555695
7652	4.6110795	1.3101897	1.9678523	2871.8799	41.869495	37.017644	0.0055453834	0.077564627
7653	4.9151938	0.19680579	1.2963734	2825.3515	13.730215	12.367361	0.0026548617	0.069586692
7654	2.6497061	-0.51034564	2.6919653	5638.9281	25.258804	13.236032	0.012416031	0.032257492
7655	5.012726	-0.23967854	0.31073432	510.35032	8.2498527	1.5568646	0.075216077	0.0025621865
7656	2.1544566	-0.72557052	2.228347	6787.371	115.79628	61.692968	0.31822168	-0.061696375
7657	6.1963032	-0.71149485	1.0370985	1489.4629	29.747875	12.412416	-0.013877388	0.24727027
7658	4.357376	-0.97216271	0.63061117	360.24652	1.6069423	1.5529454	0.07897555	0.0033109962
7659	2.5753225	-0.22295228	0.41808307	6156.4908	88.000627	81.7726	0.067996087	0.0024887427
7660	4.9715356	-0.026699373	2.113372	2593.2567	46.000447	36.323602	0.4325744	0.41898361
7661	3.2851744	0.67198561	0.42320426	1189.5174	2.3941771	1.6198502	0.030284497	0.024106759
7662	5.6306713	-1.3547947	2.1862315	3419.3707	44.878228	41.227492	0.59330342	0.24331777
7663	1.1667365	0.10106063	1.8907573	806.1823	40.748279	20.230571	0.19112229	0.039746377
7664	0.08664585	1.2192706	0.5846039	963.88674	13.122455	11.32147	0.24004731	0.011169295
7665	4.0657655	-0.46902517	2.6375615	9059.5186	169.25277	79.331018	-0.0078449917	0.157604
7666	5.6832558	0.033173089	3.0300783	1494.1217	11.417273	9.3931004	0.50629512	0.07873221
7667	0.23852456	-0.58643214	1.3425881	975.13398	14.290976	12.110468	-0.0011510302	0.1832324
7668	0.85708202	0.90752248	0.9802583	4995.8696	16.201088	15.799484	0.1255244	0.060980645
7669	5.9456222	0.26041334	0.24842601	1742.2307	22.154091	2.3512253	0.30601198	-4.1007203e-05
7670	2.6268413	-0.90814445	0.83300224	1456.6979	10.591182	1.71582	-0.10884186	0.12622338
7671	4.266724	-0.76024084	0.33805935	10888.944	119.40434	85.492652	0.20247104	0.057723824
7672	2.0815289	-0.59403088	1.1432001	1424.8904	19.69101	10.703352	0.13497194	0.056123795
7673	0.33828048	-0.67376423	2.4064609	1168.8555	23.039471	13.383395	-0.1205507	0.0010360335
7674	4.6974295	0.57795604	1.8573421	309.53749	17.375019	12.267975	0.10606736	-0.079252083
7675	4.0352208	0.16227619	0.87521774	3503.6763	15.47087	15.002892	0.036450869	0.01727428
7676	3.6426857	0.3273376	0.63153193	208.23221	1.3308188	1.1973796	0.29447827	0.0087945751
7677	2.2959064	0.58002919	2.7845711	652.69671	11.756774	8.099275	0.35742278	0.049428603
7678	1.2451749	-1.2494524	3.034331	9031.9454	70.613737	57.953882	0.069165886	0.3188648
7679	0.73567473	-1.0712551	0.13437419	1946.3985	2.7251506	1.9258514	0.040339968	0.032887597
7680	2.5508974	0.84751903	1.5397979	3153.7499	58.88194	54.828134	0.042082539	0.0011507196
7681	3.7101644	0.59671274	0.36073261	2795.9188	16.121616	14.302265	0.039700831	0.017520831
7682	2.7638536	-0.55482987	2.513822	4074.7306	16.868053	10.543873	-0.03622813	-0.0084249452
7683	0.2164691	0.50308498	2.1634825	8645.8353	84.980536	47.220565	0.27775026	0.41541088
7684	2.6317657	-0.92676789	0.52685613	1733.8084	24.899343	23.31509	0.2608813	0.16655745
7685	1.1465126	0.70626023	2.5211267	785.86167	2.4512087	1.7294778	0.0054423738	-0.026763171
7686	4.8974562	-0.53160421	0.51626505	264.69052	3.1126781	1.2004976	0.03785828	0.30267465
7687	5.6865232	-1.1755468	0.3808275	11012.935	94.281615	82.097009	0.027270457	0.040081209
7688	5.3334571	0.23434021	2.6671946	3497.5065	40.486347	14.155365	0.013061784	-0.13583417
7689	2.6040483	0.90040457	0.23654226	8949.9825	86.015004	81.787368	0.045641827	0.01087964
7690	1.3006087	-0.26379641	2.6613433	1356.5412	11.175157	6.1017373	-0.057166369	-0.15659502
7691	6.0551021	-0.44919848	2.930463	13833.24	73.0901	68.321796	0.04592782	-0.045148923
7692	1.7800707	0.29324246	1.2527166	5822.926	60.704549	54.50383	0.27456531	0.35289684
7693	4.790921	0.39587732	2.239753	8866.0652	106.1964	78.213835	0.035888454	0.15707745
7694	0.76200235	0.058444744	2.3939654	5054.4231	61.725173	34.48237	0.061722993	0.46433833
7695	3.6986021	-0.39782894	1.1516032	1097.0084	11.899829	11.561633	-0.06685638	0.29642244
7696	3.355459	0.12581182	2.2659219	4697.1649	44.757243	39.619404	-0.034196874	0.020605663
7697	3.2122707	0.82825329	2.6636915	3250.3395	41.599466	36.768018	0.083657812	0.19527916
7698	1.93346	-1.3461196	2.629356	6496.9664	64.971837	16.874677	-0.034661987	-0.067785641
7699	6.1238151	-0.52633463	2.5355937	407.66787	31.998825	29.076486	-0.0099734847	-0.0058632978
7700	1.8629006	-0.87357141	2.6909771	1715.3971	48.002496	41.778116	0.065294783	0.005587302
7701	2.2756309	-0.7640209	0.77559543	318.44858	2.4029497	1.8684484	0.33676966	0.089219234
7702	4.5723797	-0.012052676	0.33997041	687.50895	11.014257	1.5876439	0.22778889	0.11432082
7703	5.8437014	1.0147806	2.4269401	6139.2041	54.359601	50.551581	-0.27029343	0.0012926867
7704	2.0849713	-0.068069172	2.904861	2621.3813	12.961805	11.242831	-0.12920343	-0.21536587
7705	4.8115092	-1.0254224	0.30956021	1794.3222	24.1133	3.8864195	0.18615931	0.079850189
7706	0.48400608	0.16602379	0.42525775	3410.1214	13.038501	3.7822302	0.092157035	0.26830111
7707	2.7826751	-0.24555719	2.6065972	6729.5524	74.611857	70.454708	-0.049256434	0.18595639
7708	4.3529797	0.53221057	1.676945	2214.4139	58.568311	50.74128	-0.45093339	0.048871096
7709	5.2608772	0.051113573	0.42002111	2004.7397	13.321963	11.12029	0.15555108	0.094700972
7710	4.3195857	0.021079069	0.53231336	1626.0387	13.025564	11.125273	0.034604661	-0.025887543
7711	4.3247379	0.88563346	0.20311486	4958.0619	18.018329	14.914087	0.073090339	0.48568307
7712	5.1065896	0.81639307	2.4367482	8345.7563	100.59743	79.268805	0.50183464	-0.24728823
7713	1.3214947	0.39200267	2.4942018	680.66887	2.0230016	1.6403047	0.05300586	0.12889034
7714	2.7380873	0.24722706	2.3449933	6218.2311	59.866283	58.891193	0.032522356	0.15318863
7715	0.92740832	-0.60184105	1.7522898	1066.1485	10.660728	10.29318	-0.035532206	0.22279394
7716	1.5103203	-0.69385557	0.59475849	2473.2356	12.191408	12.029693	0.10590675	0.00061199777
7717	0.80341153	0.46434529	1.0018445	1520.8534	9.8238156	9.536315	0.14228766	0.049976312
7718	0.78568167	0.20771605	2.3928136	300.07976	9.3580065	1.4170672	0.11524621	-0.0066691551
7719	3.2863604	-0.058726516	2.5317917	4104.3372	48.809977	39.429787	-0.016035958	0.07232649
7720	0.92848528	1.3327647	2.4276802	7835.024	64.032554	56.682145	-0.00022021738	0.076725671
7721	0.1870492	0.39980488	0.53163879	8789.3354	80.509	67.924876	0.0083719352	0.1412803
7722	1.8719347	1.140931	2.1405945	989.21044	42.081272	33.76908	0.020015662	-0.035139064
7723	4.0032552	-0.53149358	2.7068087	667.3227	2.3499376	1.7901127	-0.019320419	0.053533886
7724	5.7446608	-1.2190541	2.4183069	511.97603	1.6320625	1.3175571	-0.048087303	-0.0092132565
7725	2.4768046	-0.84350829	0.08038919	654.61849	9.3245231	1.8747398	0.38180235	-0.0061868631
7726	1.4020681	0.12970315	0.4386596	5559.9154	52.022587	44.452829	0.069711998	0.12178957
7727	6.1459587	0.88504754	1.5292736	7876.1681	89.244109	77.317584	-0.45093339	0.048871096
7728	4.4448922	0.53807671	0.26336183	6907.7473	73.91468	52.144521	0.10183288	0.36527808
7729	1.1127511	0.15595966	0.6816133	1940.5099	12.957368	11.541012	0.07666056	0.010878557
7730	0.90178559	-1.2894967	0.57999149	4353.8727	36.790674	13.04042	0.10839772	0.20607865
7731	0.71386326	0.04231111	2.3104458	1839.0579	10.58708	10.335059	0.27985353	-0.52593974
7732	2.5990311	0.566214	2.1897143	2491.0323	62.0063	51.108024	0.10450561	0.15753741
7733	0.26007067	0.25394682	0.6796684	1266.5207	9.8284662	9.8205869	-0.0045999381	-0.028496514
7734	3.8544304	0.72047662	2.3020331	730.85041	11.598867	10.001425	0.28265993	-0.0097193231
7735	1.7375636	0.052796148	2.5920821	839.84791	10.386058	2.3681266	0.034627233	-0.00058925754
7736	3.1169022	0.7273864	0.47503998	4512.4047	16.533169	13.368931	0.044765285	-0.022697336
7737	4.4475561	-0.87656353	0.72517034	1190.6374	10.913039	10.116171	0.0060174636	0.13105008
7738	2.4759684	-0.50897549	2.5412214	7624.9205	49.217831	43.603533	0.49515703	0.1243016
7739	1.6754206	0.88817245	2.2177392	4728.3263	57.789955	38.228074	0.00013610385	0.25418416
7740	1.1492224	-0.23368185	0.61635539	2226.1662	43.897172	33.809634	-0.049124358	0.038189365
7741	3.1537492	-0.18858598	2.5581453	1330.0943	3.3328938	1.7500861	0.00035439278	-0.05831053
7742	1.4713278	0.50765417	2.6794726	20113.52	192.46598	93.698074	0.24338573	0.070415636
7743	6.1717168	-0.18862692	2.7958338	2846.7644	15.623812	13.980588	0.053131932	0.11778536
7744	2.7724042	0.32091008	2.1064381	8459.5965	56.620151	46.711541	0.149255	0.027480099
7745	4.6247411	-0.39910686	2.9159523	4129.075	18.037527	14.244915	0.42162654	-0.00098440423
7746	1.6591274	0.84249889	2.3073953	593.73984	29.300421	2.1088837	0.15414231	-0.07327329
7747	4.9659631	-0.32507446	0.7255962	1615.1725	20.274876	5.0280421	0.0013583971	0.14885726
7748	4.2773241	0.61846481	2.0121603	5165.5798	134.599	133.61217	0.03410234	0.028840545
7749	2.5493787	0.65612952	2.8382356	394.32747	1.8734226	1.3947339	-0.0049722373	-0.011448319
7750	3.1256903	0.8289006	1.1934651	5082.6762	49.516713	38.734291	0.064892546	0.039743978
7751	5.8611064	-0.22038395	2.0887532	439.68841	2.4081168	1.6258344	0.082442842	0.014661194
7752	5.2002768	0.12903191	0.43271754	5955.8956	19.508276	17.055647	0.19781635	0.20891121
7753	1.7018262	0.77188542	0.53625127	2485.2541	47.393533	45.365189	0.24008858	0.037392111
7754	2.9647935	-0.4731765	0.60335262	4627.0779	53.267345	45.318725	0.22972775	-0.086981592
7755	5.986284	-0.11811026	0.21111501	419.2037	1.6275862	1.5442339	-0.0021181286	0.017319383
7756	0.42295865	-0.36607917	2.861524	559.04443	2.1075453	1.7799205	-0.013638526	-0.01192511
7757	0.90897238	0.53765856	2.4969713	4168.2031	127.94715	68.099894	0.59144272	0.088245968
7758	2.9567612	-0.70979479	2.6931391	1593.8804	11.55127	2.091827	-0.045904207	0.16801512
7759	1.2308286	-0.14199838	0.66939414	953.19373	2.2288365	1.9056317	0.096173339	-0.16138703
7760	6.2357873	0.87976766	0.97693364	547.40917	2.0796203	1.6378939	0.009425682	-0.14164275
7761	4.465296	0.075334792	2.0871119	9357.5515	69.026165	43.926204	0.1457884	-4.707629e-05
7762	1.2258419	0.17159079	0.53401713	5398.8213	66.780405	55.935705	0.38823811	-0.028069636
7763	6.1232254	0.8005634	2.2359027	4427.5587	62.023055	57.522828	0.26281655	0.4082198
7764	3.4421926	-0.79464269	2.4618974	460.16285	1.5311367	1.3570318	-0.007939311	-0.037799024
7765	3.0587691	-0.22663909	0.64641072	2142.7472	28.13825	21.314106	0.47311689	0.13588064
7766	1.012111	0.60312667	0.87619918	1500.4331	11.76749	10.64142	0.0084006494	-0.052752387
7767	5.6634157	-0.78257585	1.9711803	2655.2432	76.210673	44.874717	-0.17248172	0.063837699
7768	4.5254814	0.39372222	1.0854439	9916.0493	83.360037	77.766053	0.4570013	0.018748903
7769	5.755618	-0.018152033	0.52257939	2614.4485	14.664814	12.28905	0.0098684539	0.073045934
7770	3.195571	0.24485017	2.0528679	554.63839	12.000104	1.3417824	0.1221642	0.072678615
7771	4.3108105	0.52522116	2.7835231	1212.88	9.8540638	3.9974552	0.044680859	-0.085516719
7772	1.0413443	-0.47865644	0.59789897	2318.5995	37.94318	37.855788	0.04284432	-0.26262211
7773	0.27267897	-0.68194737	1.0527732	6558.3287	71.113638	43.838339	0.25468253	0.011042794
7774	2.4900804	0.43304533	2.6756175	888.72592	1.5825141	1.5307522	-0.0068020836	-1.8488885e-05
7775	6.1015459	0.96890125	2.6458485	559.76578	1.6600716	1.5152746	0.076717972	0.11496123
7776	4.7538028	1.1208014	1.5156969	1756.6091	37.181619	33.348373	0.077995229	0.060795218
7777	2.9825162	0.52258019	0.60249215	12834.18	62.422649	60.052642	0.22205785	0.12081309
7778	4.4414349	-0.61845855	0.33595144	1286.7022	29.327395	27.523731	0.19146608	-0.017656441
7779	5.7216626	0.64000287	2.0044062	398.21974	2.5065236	1.5194188	0.0382541	0.012452511
7780	1.515893	-0.53480306	2.2366801	6886.9248	49.015509	37.541076	0.011389122	-0.1165543
7781	4.0736287	0.078913606	1.0467035	3136.1227	71.2235	40.335775	-0.022514178	0.555665
7782	3.4317309	-0.84220647	2.9032713	17826.084	187.58225	125.25798	0.14929932	-0.019560802
7783	5.837782	-0.65838401	1.4378263	1375.423	13.347436	11.748908	0.1174916	0.019418681
7784	4.9911345	-1.2422623	2.7980672	256.79655	3.0177894	1.5222979	-0.12397127	-3.1498683e-05
7785	2.2853463	-0.31430219	0.80296375	5539.8276	46.79876	43.183028	0.23879829	0.051746103
7786	3.373607	-0.60820274	0.29770232	1269.1238	10.209807	3.5743388	-0.14525833	0.10633358
7787	5.9303913	0.29467038	2.2239189	2535.0038	12.539571	12.504253	0.23925178	0.66403753
7788	4.3918173	-0.18938468	1.8170177	162.82081	1.4449193	1.2905306	0.076432326	0.098743103
7789	3.9575439	1.3021434	2.8250993	3830.1583	13.099889	11.146693	0.40824002	0.029940453
7790	2.6893893	-1.0463925	2.611541	16030.554	104.56015	85.931982	0.29280399	0.27822752
7791	5.9505411	-0.30090259	2.245494	2613.8865	25.398535	18.356715	0.068024595	0.015795955
7792	5.6029947	1.2923468	0.41681311	9043.2481	64.468107	59.289822	-0.10910409	-0.0032542554
7793	2.4059183	-1.05939	2.5761533	1021.5378	1.9237966	1.4625847	0.011371529	0.030271733
7794	0.34447285	-0.045136423	1.0781002	1367.8816	12.075577	9.7469016	0.063492435	0.25529473
7795	5.9026673	-0.54374576	1.6543413	1172.6613	40.343754	37.952119	0.13385813	0.14233106
7796	2.4171612	0.70600163	2.8955237	9590.3309	166.39969	149.47512	0.017264506	0.042944423
7797	2.1866205	0.86735542	1.1711767	6990.4717	84.303107	68.710635	-0.10544889	0.044348768
7798	3.8506241	-0.06274242	0.50536241	1185.8854	10.178286	9.0425547	0.16890447	-0.047305028
7799	2.6968705	1.1309049	0.32605355	5955.0322	60.983519	49.534717	-5.5475856e-05	-0.026140647
7800	1.7589463	0.62209489	0.59404016	8231.2422	78.445576	56.651955	-0.0013402856	0.12960143
7801	5.0296476	0.059495575	0.71880339	5149.8701	132.33086	27.919304	0.013735982	-0.018030451
7802	2.9314038	0.85157297	0.71267416	511.6304	10.034333	3.7706053	0.082278382	-0.0013186103
7803	4.9989735	0.44320511	1.8140158	404.86233	10.04511	8.5507256	0.34410304	0.025207514
7804	0.40568365	-0.21681654	2.697357	8400.3881	52.18725	43.89488	0.26352601	0.22341026
7805	5.2917216	-1.0151331	2.8000395	893.75772	2.7048972	1.5401347	-0.10477137	0.071167644
7806	4.8303343	-0.56508279	0.91772542	1335.9455	11.945707	11.535937	-0.58991995	-0.14057252
7807	2.1586459	-0.69975432	0.91042019	1777.582	13.858627	11.206618	0.12153321	0.048799861
7808	4.0279221	0.084315419	2.640686	2586.5401	27.657438	14.532138	0.099245695	0.012003518
7809	2.6827352	0.1767356	0.27478866	1669.5349	10.720213	10.692187	0.00018303835	-0.27091874
7810	1.8895829	0.73327377	2.329163	5091.3654	50.57467	48.937863	-0.034442599	0.20891732
7811	2.7371454	-1.2007099	0.18614412	3746.8356	16.037588	12.049133	-0.37016387	-0.26970167
7812	5.0427961	-0.82632486	2.5886102	2957.7184	24.006225	11.935263	0.049693567	0.26494588
7813	1.0171859	0.80621532	1.8109232	2292.9638	35.36004	31.984499	0.36890883	-0.10623788
7814	3.9974119	-0.81875927	2.8992113	1057.923	2.1092783	1.8072654	0.058016664	0.0085208695
7815	0.56922025	-0.44446687	2.5974175	2445.3032	11.893439	3.7406039	0.11430067	0.034050288
7816	1.1845759	-0.30379121	0.89333388	1353.3534	10.46053	9.8243987	-0.029544813	-0.15762422
7817	0.063859623	0.58236794	1.4768637	1701.2567	49.969217	47.437306	0.031447849	0.083325542
7818	2.5971493	0.49533088	0.59704697	4264.7826	60.410496	50.85748	0.017282862	0.12646372
7819	4.025793	0.043136734	2.8399044	4323.6631	26.458864	17.213238	-0.016602681	0.0008709995
7820	0.36364796	0.39066609	1.2670557	708.20348	11.503557	9.7109887	0.083012636	0.076622485
7821	1.9860535	1.3218438	0.78039239	258.93321	1.5246838	1.2911134	0.12629869	0.080870843
7822	1.6418009	-0.12188555	0.69987135	3745.0903	14.307091	11.324702	0.03117161	-0.34156901
7823	3.2461354	0.13819369	1.9141154	5496.0448	62.73895	59.707547	-0.038182054	-0.089293639
7824	2.540528	0.96266482	3.0741889	8926.7325	25.038541	22.916521	0.019673509	0.18437858
7825	3.6498929	-0.21346581	2.1881725	852.7352	4.3885033	2.0219517	0.14666254	0.00563406
7826	4.3368591	-1.1900415	0.64875819	4624.8347	55.13018	48.015093	-0.044618863	-0.043595116
7827	2.6971127	0.030145982	0.68290122	6773.3343	60.704132	47.404919	0.068718017	0.17769067
7828	6.2103566	0.93949684	2.2194475	4184.4457	16.703075	14.697802	-0.0013656968	-0.042213171
7829	2.9974762	0.51922223	2.7660204	1034.9765	8.0026093	2.2641084	-0.0017100109	0.0068155101
7830	0.85861382	-0.76340268	0.59489217	13419.865	77.200072	59.633494	0.062563481	-0.037739008
7831	0.91289877	-0.54857983	0.3124821	10887.155	118.54878	76.72907	0.29911532	-0.092187691
7832	2.6428186	-0.38672005	2.8952647	5376.8895	15.857418	8.5781877	0.044758324	0.0027833695
7833	5.1897138	0.47150004	0.98210684	4834.3234	86.17413	69.879831	0.0059400202	0.075960369
7834	3.2561614	0.08294172	3.0340889	2953.6145	15.92834	11.990458	-0.34997242	0.059623101
7835	0.91571542	0.83766724	2.5801669	1955.5717	13.63789	12.892371	0.10613061	0.076099998
7836	3.5010748	-0.0015377508	2.2996862	4269.3693	16.662853	16.380622	-0.070199516	-0.010746768
7837	5.7576681	-0.88044304	2.6288538	9516.1391	49.437104	47.862879	-0.051462415	0.21080176
7838	0.42514904	0.12339792	2.8054541	1078.176	33.070183	3.2510278	-0.058454027	0.0022147418
7839	6.0932386	-0.96599437	2.4046107	3421.9767	41.227229	14.765632	-0.019864297	0.17416057
7840	1.0891397	-0.40146148	1.7747756	1242.4747	13.425477	11.734305	-0.0066366632	0.033052018
7841	6.0077294	0.30033725	0.35916533	6435.2956	19.601888	19.418638	-0.046878918	-0.064143914
7842	0.13833559	-0.05712499	0.53837622	1415.0683	4.346953	2.1214426	-0.10701452	-0.027151577
7843	5.3357813	0.018334785	2.3221162	9336.8506	100.35138	83.244471	0.0032448548	-0.57549258
7844	5.5664078	0.28060922	2.5959195	4224.8377	41.044834	34.664058	0.0074197948	0.11691997
7845	2.6938849	0.34148404	0.59244903	1886.3877	7.9027641	3.4073494	0.00041586271	0.18893198
7846	1.6112749	-0.84508229	2.6741404	9544.7792	68.844191	42.849849	0.26472878	0.11603161
7847	4.6440349	-0.88999059	2.4987498	1262.8693	11.743657	2.5567713	0.074619639	0.0030067907
7848	0.22587671	-1.4619995	1.0835819	4442.3059	55.096717	46.692832	-0.12785797	0.22851625
7849	0.53897052	0.086863105	2.4592533	5224.5548	53.643584	43.827709	0.1258706	0.055619691
7850	3.3256792	-0.58040128	0.28888392	3082.8228	26.359986	15.037702	-0.033379721	-0.19278801
7851	1.3771179	-0.65697588	0.38985907	1691.3138	13.357723	9.028695	0.093517549	0.043850411
7852	3.476681	0.36398472	0.61138297	7047.4982	53.785653	41.990227	0.10976293	-0.40180299
7853	5.6405656	1.4158373	2.9753911	1550.2773	12.427713	2.4699469	0.12198343	-0.0075608512
7854	0.21538583	-0.31447272	2.5487088	3860.5249	15.8003	14.395459	0.10782145	0.026775664
7855	4.5753328	0.57460189	2.7482007	6091.7741	58.396748	52.705987	-0.12743457	0.056212233
7856	3.3059831	0.04761753	2.5974828	2218.5548	87.49482	32.986192	0.23028252	0.00067279218
7857	1.8032901	0.49786878	0.26673736	2016.4369	25.425079	2.4082058	0.10134745	-0.13381413
7858	3.924867	-0.32977003	2.2972577	1749.7646	13.350873	12.412489	0.1638965	0.02830224
7859	2.7236541	0.61776221	2.7482848	2803.9346	49.117722	44.316448	-0.0084862621	0.31886084
7860	0.30964951	-0.02814008	2.8199021	6272.35	135.60145	69.385841	0.039622733	0.2860779
7861	5.0455311	0.94997265	2.0665214	696.88138	28.14669	1.8753128	0.24105797	0.05446463
7862	4.6722185	0.68407769	1.4790369	1268.6247	35.14664	34.296649	0.0048375832	0.16379072
7863	1.765325	-1.2867749	2.4383252	3462.9466	15.685754	14.672814	0.28091763	-0.14389209
7864	0.80517025	1.2347749	0.67248671	1482.9628	12.547358	10.090343	0.027448355	0.0024702627
7865	6.1470211	1.2574327	1.450488	4249.4591	58.343849	53.709232	0.075518544	0.0085161541
7866	2.8841605	-0.63838764	2.4503707	697.2039	18.17214	11.474284	-0.009199131	0.072411749
7867	6.1601936	-0.36642804	2.7054964	15888.083	106.59288	103.87246	0.14824467	0.28735213
7868	1.1091341	-0.8743929	1.8313201	2485.8726	36.671987	26.454757	0.055514956	0.08377043
7869	5.9109305	0.38716753	0.10377655	2452.9722	13.382294	12.015442	-0.010648479	-0.07201833
7870	1.4296114	-0.019271171	0.47281495	4087.3413	49.769432	30.816627	0.034584072	-0.035861636
7871	3.5525837	-0.046283383	2.5583161	1394.6032	40.711444	32.050426	0.17962002	0.12616861
7872	4.409323	-0.14034091	0.072401938	11675.252	78.187647	66.457396	0.13804788	-0.046349596
7873	0.54097577	-0.29347243	2.8141835	10107.63	76.500481	68.919672	0.32805572	0.17042488
7874	1.4632743	0.84392156	0.67764611	5040.4364	71.653207	66.098048	-0.010212499	0.10951564
7875	4.2547009	0.50105549	0.54291656	3801.2998	12.894316	12.53488	-0.026082157	0.036640206
7876	4.1238126	-0.57464561	2.9388602	1609.6364	4.1758929	3.1146893	0.082445804	0.090062243
7877	3.7559541	-0.12480716	0.58587686	4041.8936	52.787453	17.155798	-0.098150471	0.011999341
7878	6.0523157	0.26847709	0.26790855	1150.0714	12.863255	11.37457	-0.062367201	-0.093517362
7879	3.0038806	-0.1517822	0.81502736	1431.9269	24.827557	12.634827	0.043920298	0.03088365
7880	2.2147349	-0.39104612	1.3189294	468.74422	29.115494	3.7915228	0.14945233	0.021209786
7881	1.5871066	1.1164823	0.38505155	4671.6497	44.872318	15.640687	0.015265894	0.0048684682
7882	0.097441029	0.6313725	0.98859955	2955.284	35.502058	35.014469	-0.084435904	0.031044259
7883	0.79854135	0.97046563	2.3210161	335.49273	29.25675	1.2611977	0.025303758	-0.067550784
7884	2.6669912	-0.1827288	1.4225651	3666.9797	104.08752	36.317708	0.0048811446	0.00093294034
7885	4.6253558	-0.92238536	1.5736808	448.52964	7.8992404	1.5613598	0.11338992	0.16151896
7886	0.051016795	1.1121441	0.31901341	5393.2117	69.801457	43.147598	0.12741172	0.33838961
7887	5.4951191	-0.45966	0.31273795	827.82456	2.3041883	2.1216005	0.16414843	0.30068164
7888	0.74708486	-0.36579063	0.54637033	1717.39	13.173953	4.4484942	0.070379023	-0.0069371492
7889	0.73005798	0.69145814	2.9106339	5033.0719	18.370329	18.275057	0.38398285	0.18814962
7890	3.4142203	0.024104553	0.99016139	5540.8024	68.010439	58.083138	0.031841747	-0.015544317
7891	4.2920939	-0.63546672	2.2087463	13414.751	120.79755	95.714634	0.071007181	0.0091611774
7892	1.236835	0.89764696	0.6143356	4475.1981	15.670167	14.218946	-0.4794796	0.10075585
7893	0.13577518	-0.0083189887	2.823754	5393.2032	41.295262	33.187818	-0.020455089	0.055123762
7894	5.2665468	0.73418286	2.1355488	3803.9294	15.893038	15.557054	-0.0095640658	0.51831005
7895	1.8853432	-0.7193632	2.4745021	2835.2261	18.823617	15.38213	-0.042201637	0.023999725
7896	1.63577	-0.21007221	1.3296234	393.05933	8.9907126	8.656415	0.10405208	0.54335564
7897	0.83778543	-0.70637884	0.32123752	11266.406	26.444315	23.530603	0.035500658	0.052004164
7898	2.4880995	-0.4848318	2.7057575	2745.1572	40.795968	4.1459095	-0.0047811775	0.092269999
7899	0.28122597	-0.060830338	1.3249033	2279.0011	34.371129	25.710442	0.021029461	-0.096790133
7900	5.4148056	0.47049754	2.165153	1619.0559	60.031032	44.094339	0.21131858	0.22254982
7901	0.19927556	1.3489897	2.3659918	15641.365	112.47113	84.978183	0.56699257	0.07007408
7902	2.6271634	-0.98724469	1.0484885	369.80368	4.9272342	1.3911174	0.010931663	0.11070145
7903	6.1609698	-0.39099244	0.51036936	12581.004	26.687786	20.350185	-0.046838189	0.016081257
7904	0.69057966	-0.46884729	2.0230744	2424.1972	14.493028	13.861047	-0.12095126	0.083832582
7905	3.6765713	0.44442764	2.1449594	1236.4685	10.805392	9.5105451	0.16336985	-0.14497777
7906	3.2381346	0.0083468392	2.9449884	7782.0538	42.628788	39.313808	0.33301104	0.19080857
7907	1.3607802	-0.97581488	1.1434738	2390.277	13.353684	12.653803	-0.20412272	0.030007969
7908	6.0425944	1.0949111	2.1184743	529.66009	17.929913	10.31814	0.057534628	-0.12820861
7909	0.1901802	0.54779935	0.65226219	432.27367	8.5303384	2.9137323	0.49257183	0.2173068
7910	0.4194017	0.77965421	1.1305385	664.20475	28.590942	26.393816	0.21791983	0.20545652
7911	1.6400423	-0.99960006	2.7199488	5504.7236	48.920255	42.546086	0.1114684	0.064036463
7912	0.42880828	-0.42614854	2.1002096	770.38853	27.108258	22.442722	-0.13174299	0.28528442
7913	3.2031676	0.32429763	1.6550869	1502.5015	14.784254	11.609383	0.041245066	-0.4326389
7914	1.5880561	0.1592181	2.3401017	1661.5531	13.175494	11.270121	-0.12923369	-0.066452714
7915	1.701345	-0.79616694	1.0782109	1944.3464	51.654674	49.520065	0.18297975	0.38784181
7916	0.64874207	-0.52248703	0.16055643	2668.476	28.197652	10.624241	0.4079502	0.022443684
7917	1.2525693	0.21113348	1.9333879	1378.2027	18.49789	5.6979057	0.21513864	0.018051316
7918	0.086301048	0.63372156	0.85208395	12650.667	80.159204	61.46456	0.015300043	-0.43540516
7919	1.405158	0.87806668	2.5882336	1995.2207	11.763063	8.6140226	-0.048075364	0.10356953
7920	3.3855892	-0.11390749	0.50672103	443.35739	13.140452	10.128884	-0.20703546	0.094435478
7921	0.053353036	0.46481449	2.1166484	85.542284	9.5281182	2.1240985	-0.29030676	-0.11301264
7922	0.7459264	-0.14878077	1.7134051	173.6905	1.473026	1.410006	0.25078373	0.10770544
7923	3.9272206	1.297791	0.14523166	292.17903	25.022843	10.187137	0.0041619158	-0.12849586
7924	3.2251661	0.42650602	2.7485734	9477.7279	74.734808	48.800738	-0.039129989	0.076363045
7925	4.1946664	0.14506527	2.0924152	2682.7039	56.978226	52.060171	0.13170747	0.16309741
7926	3.8631013	-0.60613262	0.86663163	9375.7986	62.957875	20.423358	-0.0094665904	0.01253046
7927	3.0397233	1.2057181	2.0493998	2467.7158	38.740299	36.515975	-0.06874038	-0.020051784
7928	2.696382	-0.86579583	2.3637776	3106.4741	15.972189	15.744124	0.062840219	-0.20632726
7929	4.5475126	-1.159365	2.7235046	2239.9578	12.613183	12.440851	-0.13326366	-0.0056728262
7930	4.2551104	0.78384222	2.9107618	1915.3236	11.22183	10.785159	-0.0050798139	-0.045562135
7931	3.4687174	0.029102531	0.98887358	6125.4105	49.669367	49.105759	0.17901293	0.14015963
7932	4.5581846	1.091489	0.33585195	758.04361	10.986252	2.3763469	0.16403257	0.10428154
7933	0.99646806	0.81956441	2.8145332	3173.1641	12.565981	12.126151	-4.0700847e-05	-0.11284712
7934	3.3764304	0.35941436	2.9032248	3318.9146	24.374049	17.439811	0.018360987	0.083438491
7935	2.736771	-1.1873557	2.3903455	10299.669	74.233497	69.396957	-0.1066244	-0.053381015
7936	3.7373543	0.96256892	0.94106803	710.89075	38.559816	18.836339	0.019675416	-0.12995023
7937	2.90494	-1.3080475	0.28851414	563.41105	15.399269	3.0605667	0.11787618	-0.045232266
7938	5.8903621	-0.097622754	1.9784459	2311.6707	12.691273	12.007707	0.015609382	0.025813836
7939	5.8370261	-0.44633149	2.5870887	3941.3551	57.241527	15.983556	0.012418304	0.036507845
7940	6.1690662	0.41432625	2.135479	1192.4468	17.084192	14.349056	-0.053998175	0.19883467
7941	4.6699567	0.87523776	0.1995646	3063.5854	14.862097	13.723251	0.36236864	0.026762739
7942	2.5098499	0.94825825	2.8215942	873.12072	9.998203	1.9038331	-0.026570473	-0.0017883161
7943	2.4604093	0.98600932	2.6872387	1550.47	45.328895	44.917806	-0.12070043	0.28282093
7944	3.5981492	-0.66491178	0.87183795	2883.936	42.22246	25.423928	0.048631125	0.34077239
7945	6.1298946	-0.42659752	0.23863335	8442.7645	59.294122	48.672008	-0.057935328	0.066861562
7946	1.1455934	-0.16608765	1.1368175	3828.9872	48.519386	46.217562	-0.017485432	0.20590596
7947	5.5397123	-0.22056972	0.82796681	3107.9947	30.227843	17.783763	-0.07897872	-0.12461934
7948	0.47844443	0.49823276	2.8980855	1534.1057	55.264328	53.49978	-0.15543757	-0.24229818
7949	0.038339031	0.83175006	0.87710042	301.98256	2.2402101	1.3844931	0.087191302	0.11866039
7950	2.2472332	0.84447643	0.60619074	656.73994	10.384917	10.095894	-0.01315096	0.095283096
7951	4.1553341	0.24019819	0.66365246	1336.4208	11.451129	10.819283	-0.29402571	0.11903923
7952	0.20873471	-0.41338144	1.1926325	2015.6542	28.988239	13.879639	-0.0062560281	0.17273727
7953	1.784284	1.4070795	0.19847558	9333.8352	82.969206	57.956497	0.11799944	0.43468675
7954	2.3115142	0.66811672	0.64734708	601.34245	11.290414	9.9692675	-0.17488007	0.00022501594
7955	5.2571401	0.55292609	3.0032179	3677.8438	17.657338	15.554254	-0.013154958	0.098161214
7956	0.46734072	-1.3262239	2.7834313	10956.168	78.455071	57.016829	0.17755678	0.027324595
7957	0.68848892	1.1425262	1.8589083	1368.5774	14.097904	10.114172	-0.013013359	-0.1313479
7958	5.715764	-0.90406725	0.78574002	6504.5222	41.900675	37.959368	-0.0062775479	-0.00025199459
7959	3.4566064	-0.01356621	0.35614785	1517.8315	13.230166	1.5931807	0.17149468	-0.061337584
7960	4.6949779	-0.12440739	2.5692934	10115.124	102.58591	96.828714	0.3431294	0.064789346
7961	5.7580225	-0.4510132	0.78951087	2096.6706	39.190919	37.346231	-0.0072136011	0.080966066
7962	0.58268392	-0.27304824	0.44173627	2416.4004	51.21432	14.054438	0.6513813	-0.13903339
7963	0.78413642	0.99755626	1.0382265	1745.3184	10.69036	10.306359	-0.0042457258	0.097432647
7964	5.6313741	0.2798287	0.23527746	5254.7276	59.232868	55.34989	0.2030406	0.096212305
7965	4.4857248	0.59319813	1.8882016	836.34632	43.904426	27.290103	-0.0086654294	0.48014972
7966	2.7489768	0.72758721	2.404448	1024.8142	2.1669692	1.9192497	-0.16768272	0.019253573
7967	2.6168956	0.22742087	2.4005817	1709.6905	12.574175	10.672888	0.32202062	0.039025508
7968	1.6691284	0.66563875	0.94358169	1166.634	12.768311	3.2253485	0.11121059	-0.010343272
7969	0.97613353	-1.0689662	1.3825059	5175.9361	87.856961	51.867471	0.048123189	0.03096221
7970	3.4059314	-1.0915391	1.2016478	307.3019	10.582048	10.180504	0.033664547	0.17565868
7971	5.4827423	-0.79799648	2.89188	1213.6666	2.3023338	1.7042607	0.13505514	0.1338359
7972	4.7970724	-0.68913047	1.3200962	1923.8109	17.050619	10.940185	0.050782145	0.074179688
7973	3.3825542	0.077771054	0.66751094	1580.2087	15.036012	3.3965066	0.0010168454	0.12027796
7974	5.2890943	-0.69970827	0.10026116	6797.2376	25.93417	20.001345	0.035618228	0.333043
7975	4.2396552	0.57041475	0.76007275	1406.4312	10.014657	9.5738418	0.0035826331	-0.10248493
7976	5.6470232	0.48764345	0.38747966	2099.6757	10.531861	8.8517991	-0.15423251	0.10641535
7977	3.0798478	-0.04590889	2.1522762	315.80348	1.9583911	1.703256	0.046821265	-0.30700514
7978	2.9810013	0.21983372	0.21001845	2130.3364	12.513033	10.10924	0.086904231	0.049912609
7979	1.187549	0.17002825	2.7232248	2609.1264	42.77135	12.635303	0.074635099	0.00051388848
7980	3.040553	0.033780426	1.3078434	2057.0452	62.746873	31.350665	-0.12467702	-0.13876875
7981	3.6188814	0.13230411	2.8556013	731.5005	29.591597	3.9939936	-0.03287585	-0.0087782774
7982	3.7684637	-1.1183114	1.2226997	4620.5556	33.680937	29.902467	0.28187333	0.0050129496
7983	3.6590992	-0.45114109	2.7294124	788.05218	8.2175032	2.4724941	0.072423925	0.19127718
7984	3.3896014	-1.0607761	2.8097224	2657.9168	12.187927	11.34792	0.021260039	0.042317231
7985	1.6790321	0.30592265	1.3545497	3014.3027	99.957495	38.302549	0.17802099	0.50983655
7986	4.4905998	-0.72668226	3.1080705	4473.5497	15.762139	12.555831	0.03837883	0.016206912
7987	2.4296089	1.0951362	0.93798308	1134.1108	18.220072	11.520795	-0.022402234	-0.049127086
7988	2.0853645	0.50025119	0.90419957	6653.3101	59.726796	41.717747	0.012817105	0.17126396
7989	5.3478606	-0.53066788	2.0815856	1860.7414	13.497984	12.486429	0.014659626	0.016789548
7990	3.7618326	-0.13793571	2.5069056	4849.8407	38.576726	31.935558	0.075833318	0.0015539168
7991	3.1465474	-0.64736533	0.63140487	2803.6609	13.801401	7.1459766	0.12345007	0.26473533
7992	5.9808362	0.63401899	2.8596342	17766.491	103.33192	86.450606	0.10032384	-0.37957568
7993	1.0503193	0.87066928	0.34984075	6290.9503	28.742086	19.190765	-0.0091308408	-0.17922409
7994	5.7712652	1.296555	2.6515099	3805.155	29.784855	19.599912	-0.054566106	0.27071739
7995	3.1095949	-0.75008096	2.7188335	1087.4124	9.8100177	1.7232023	0.047211618	-0.093075418
7996	1.7239444	0.63594695	1.1059463	1472.4011	40.150801	37.829952	0.20573959	0.0079171723
7997	2.9737282	0.34843902	0.62391021	5350.1862	53.190733	47.489762	0.0068040952	0.084743768
7998	6.1570421	0.36503463	1.6132216	7263.2874	66.645448	62.290249	0.035246587	0.088712707
7999	1.7322726	-0.29168771	2.4243485	1812.5712	11.315536	10.573765	0.21121364	-0.098733275
8000	2.9007429	0.51426418	2.8083466	4405.9613	69.689302	19.352233	-0.0059696043	-0.014910055
8001	0.49883955	0.92109943	0.46547664	1033.5772	9.5933512	7.6479926	0.019744688	0.11893391
8002	2.8952601	-0.026890804	1.8054236	399.12471	10.050804	2.2121822	0.014463732	-0.12931197
8003	4.0543123	0.24601794	0.79106411	4381.7385	64.266637	42.189561	-0.0602243	0.13003761
8004	2.2902897	-0.20863632	0.34939578	297.47559	1.744548	1.3728975	0.039043187	-0.0080468298
8005	0.89790359	0.61928386	2.6911604	1782.9424	15.972007	10.939172	-0.15462014	0.30495018
8006	2.7676618	0.78629576	2.2594149	6041.6704	75.415283	66.522424	0.12062858	-0.020375527
8007	1.3688427	-1.1680432	1.0069595	1060.9735	2.7246589	1.8774462	-0.11953685	0.099252017
8008	5.9611052	-0.92232573	2.0074605	2980.4031	13.388502	12.349524	0.0681361	0.028601861
8009	5.2897056	-0.88779724	1.9826877	1104.3095	10.963679	3.6787206	0.040541141	-0.0034775131
8010	2.9887695	0.70851963	0.055815794	10795.032	24.006344	23.119906	0.0053457609	-0.00083632345
8011	2.7696643	1.5193172	1.6167725	728.03658	42.711162	1.857247	0.012688031	0.0058445537
8012	1.0171976	0.40105898	0.65521666	2349.2991	90.06945	71.378919	0.0038752685	0.0015063288
8013	6.1754871	-0.013835887	2.1504048	484.90436	11.565362	9.0244892	0.12869877	0.041858523
8014	5.053408	0.68080427	3.0737931	534.58666	2.0180491	1.4700451	-0.067560551	0.22958398
8015	4.2443867	-0.66252602	2.444116	344.2613	1.9788373	1.4654749	0.23604802	0.14048604
8016	3.8047478	-0.71753789	0.4431043	5223.2369	53.72486	45.003783	-0.11557823	-0.010963269
8017	2.7497849	0.2816718	0.5552644	20479.81	111.94052	85.05435	0.085689607	0.070458179
8018	5.7811365	0.082975147	1.8269121	1814.86	12.554471	11.043192	0.047704598	-0.0036957651
8019	3.5640132	-1.4571334	2.40891	4575.888	14.395588	12.755538	-0.0073120208	0.16892388
8020	2.7303841	-0.64047986	2.5080163	1208.0425	10.355053	1.6043866	-0.015562612	0.0027582815
8021	2.8444154	-0.98968586	2.8781087	632.4606	2.2313109	2.2100688	0.029733002	0.073410637
8022	0.99645541	-0.18316147	0.68009912	700.9201	3.4070435	1.9638785	0.12365527	0.2749868
8023	0.69763714	-0.22088446	0.42775033	1114.5842	12.033875	5.1637614	0.070179627	0.23536672
8024	4.4317425	-0.77736231	2.477106	977.28207	38.400847	35.503289	0.020318689	0.13877701
8025	1.0163323	-0.14192562	2.2147649	4555.3601	35.553466	28.664627	0.11448175	-0.00994841
8026	2.163605	-0.33697793	0.89224736	4142.8514	88.457272	78.843952	0.013748909	-0.010590199
8027	4.6563829	-0.71742757	0.6043194	13955.252	205.52976	154.97646	-0.0037100336	0.11455755
8028	4.7505798	-1.0494767	0.41864087	6959.3188	103.39327	44.769364	0.12195769	0.11889365
8029	0.70724011	0.30191204	1.9674488	4346.9357	56.511884	38.354311	0.050977804	-0.11851137
8030	1.4511604	-0.0947296	2.6999941	14087.162	85.477689	63.643286	-0.047623532	-0.036986594
8031	3.2720819	-0.59699367	1.0981338	302.52152	18.911828	1.3651189	0.293681	-0.11980971
8032	5.9501626	0.73847052	2.350906	2145.3746	38.375598	11.251593	0.016214129	-0.013890641
8033	3.0097774	0.5570291	2.2378051	3391.0047	55.544965	54.721167	-0.075958878	-0.068424602
8034	4.8527841	0.97263835	0.64891401	2666.3893	15.29739	12.674784	0.01047635	0.083292041
8035	6.2809468	1.1628442	2.2767616	402.86754	2.0191658	1.3417171	0.023284075	-0.096173911
8036	5.2693736	-0.78185439	2.5302254	2216.9409	12.49667	11.031288	-0.23462821	0.18894442
8037	3.6475209	-0.51033054	0.40547556	3690.2874	34.925983	32.967488	-0.033666453	-0.031188738
8038	3.0552371	1.2071279	2.6886461	9961.9286	74.771111	65.091269	0.013844551	0.22688416
8039	5.3936683	0.86405284	2.8679286	601.09812	2.0803229	1.5136898	0.21968023	0.02706032
8040	4.5199594	-1.0707889	0.098358568	3813.1346	14.901095	9.1768648	0.08850432	0.12428022
8041	1.6815213	-1.1192751	0.62321498	1087.419	9.8864265	3.8019949	0.035621422	0.0055129035
8042	0.74025479	-0.13232148	2.8848366	16034.105	215.81654	99.929879	-0.0016189387	0.31814903
8043	3.8536241	0.59714464	0.45566776	2007.9384	13.127254	9.7768959	0.019759022	0.052544411
8044	0.40961155	0.69089819	2.7920318	443.67216	1.9756574	1.9156374	-0.10516321	-0.014554556
8045	3.6043388	0.11029258	2.0097543	1755.1593	35.980635	12.065301	-0.00040450438	-0.0262735
8046	4.8082483	0.014983232	2.1962935	2799.4753	52.178532	49.212168	0.075847623	0.20439855
8047	4.7461165	-0.35536506	2.5579682	4663.3995	12.963641	11.285617	-0.077773613	0.59882205
8048	4.3374065	-0.62616303	2.2501902	2105.7782	13.3193	13.038396	-0.1138388	0.058705095
8049	6.1844283	-0.72093209	0.49080313	716.27891	2.1061596	1.5164107	-0.12222225	-0.094434842
8050	5.9874475	-0.14871165	2.724661	1410.5591	10.64237	1.6198781	0.19528811	0.013099048
8051	3.3256901	-0.68167559	2.3973191	5487.6582	62.31285	50.624533	-0.0056656936	0.017284841
8052	5.7041392	-0.14072276	1.2089547	3275.6467	29.832708	27.353802	0.028925174	-0.09668269
