simulation_id	longitude	latitude	inclination	distance	mass1	mass2	spin1z	spin2z
0	4.2620217	0.6847603	1.3204223	355.72644	10.700563	9.6508136	0.047326489	0.098222522
1	4.16646	0.1384404	2.1691204	1018.9344	11.457735	10.005627	0.014433415	-0.065901855
2	3.3923103	0.96069304	0.31545833	11789.681	87.751708	63.009861	0.039027174	3.3597359e-05
3	2.0473784	0.34121813	2.3151222	2355.7649	11.952602	10.454688	-0.07276409	-0.0058013381
4	0.22558558	0.90627516	1.1306471	1304.1807	50.904365	46.661139	0.19117359	0.13175319
5	1.0267201	-0.83707702	2.4291088	2206.2555	13.493755	11.565238	-0.11483275	0.19079451
6	3.1388802	-0.82096818	2.3758656	5072.2502	33.72578	27.591324	0.052097048	-0.002703998
7	2.3650673	-0.8619666	2.1812584	459.79521	9.1455849	1.5991996	-0.015705939	0.15519191
8	5.7192527	-0.041758542	2.5068665	4941.8715	25.614399	17.021776	-0.1961182	-0.07318732
9	1.2524142	1.0348244	3.0011448	3231.5236	14.752895	13.149121	0.06074793	0.0050513358
10	0.65660782	0.46984221	2.7158246	2261.9356	12.317517	10.799513	0.012237243	-0.0013568577
11	5.2306863	0.17499876	2.3534463	2310.9224	12.039132	11.265809	0.14017075	0.031799864
12	6.1275014	0.8693476	1.8171581	596.85403	14.884244	1.4481122	-0.06161557	0.062119106
13	4.7482638	0.95330657	2.5572821	6886.2155	36.356262	18.86291	0.0067356888	0.038666087
14	4.1491031	-0.8603326	0.45852517	8455.4863	64.540805	62.004401	0.20108276	0.32772966
15	2.9073645	0.58835223	2.7814045	2119.8622	12.243283	4.5045278	0.062883622	-0.20699986
16	2.9234847	-0.61424613	0.54283478	2069.1254	18.990774	18.65696	0.081983647	-0.02506833
17	5.8497674	-0.48796735	0.4592767	2759.4482	76.351184	53.738158	0.38999325	-0.10143465
18	0.74010806	0.84076389	2.9093968	7099.4517	67.73927	41.465394	-0.02310014	-0.10090967
19	1.9238028	-1.0579705	1.8383232	1983.8852	24.602251	17.632577	0.22756422	0.21975393
20	5.9947987	0.58448203	2.421729	1728.2907	15.149296	13.493046	0.045085502	0.020116291
21	3.5817722	0.52802104	0.6735585	3124.7778	14.822301	12.266125	0.064805035	0.048294508
22	3.7971859	0.87535684	0.38678959	123.76995	1.3243725	1.1824437	-0.014315438	-0.023003206
23	0.66888419	0.72449942	0.41072353	1012.5166	3.8170308	2.3439807	0.027667767	0.078343308
24	6.1280585	-0.5691877	0.23365737	4906.5253	17.569413	15.493959	0.056378941	-0.14015519
25	2.5551373	0.15590735	1.3743943	649.85015	11.52042	2.0010539	-0.010485387	0.010744516
26	4.5042712	0.51681829	0.26632547	1950.7123	12.668328	10.802665	0.01410048	0.1724426
27	1.0518533	0.45252743	2.1388016	991.73003	11.06191	10.270519	-0.0034660714	0.025909126
28	3.7392392	-0.21207263	1.1334813	1070.1844	43.891155	19.958295	0.085706312	0.059034688
29	4.8304876	0.18633425	2.7664185	4749.2805	36.255944	20.775733	0.19919174	0.30129342
30	0.54163444	0.25383075	0.64851615	1449.9948	12.996551	5.8827508	0.071217304	0.47970281
31	5.02435	-1.3291572	0.50467617	1619.2674	30.433796	29.288448	0.16304653	0.0056104353
32	2.911966	0.5229001	2.0415137	5252.8819	47.395235	44.276379	-0.01558324	-0.10042835
33	2.7429147	-0.83090338	0.42219035	952.43129	2.5739663	1.5057471	0.28143106	-0.039833848
34	5.1428342	0.35850647	0.82278523	5122.5242	85.61294	44.071713	0.15881801	0.063140494
35	1.7570402	0.74602049	1.6467123	2693.1221	44.08817	43.879923	-0.0035345786	0.29806048
36	2.4513505	-0.22354046	0.33238289	1348.2747	16.185328	11.395831	-0.032402198	0.22146418
37	4.5625499	-0.0033924737	0.32873468	452.8967	1.8788836	1.367804	0.096932754	-0.069291804
38	1.8899156	0.81910159	2.1703394	1477.0528	15.004756	13.039083	0.025268669	0.2177645
39	2.8573634	0.97193125	2.3381513	3664.8209	63.220217	48.946034	0.023650808	-0.0034555808
40	4.8019913	-1.2053481	0.85885508	5753.8016	80.651009	64.750606	0.19868904	0.18978667
41	0.99107837	-0.60743951	0.36721849	3104.8309	15.271694	13.885456	0.010542754	-0.21631635
42	0.17145007	0.40632663	0.63911067	1023.2871	41.480091	19.504274	0.078883053	0.12704386
43	5.6884721	0.11746066	2.4076972	616.51653	2.9482688	1.6255482	0.30657986	0.0075188655
44	5.5029787	-0.29832353	0.79557221	7259.9521	198.73424	136.58197	0.28658404	0.096133873
45	5.5043929	0.21832728	2.9656049	3777.9574	52.692462	13.546354	0.30393692	-0.047687041
46	4.5274938	-0.31407747	0.49975332	3478.7746	25.372503	15.049897	-0.1258316	-0.014387895
47	5.8845313	-0.62850955	0.82015032	172.72828	1.2774784	1.1804635	0.0068582316	0.05586369
48	0.72515291	-0.7930364	0.29642738	16781.701	95.762045	50.558255	0.12012533	-0.19156429
49	3.6179393	-0.008261403	3.0413019	12647.949	196.96172	192.64266	-0.10379795	0.002759038
50	1.8769165	-0.34140807	0.32122354	2987.1388	12.535984	2.9468833	0.46478452	-0.033033887
51	2.8135691	0.5885328	0.63436937	2421.0627	12.309401	12.051386	0.058046758	0.034126593
52	0.96535827	1.405876	2.6485628	137.89888	1.309963	1.2762127	0.02843149	-0.022308258
53	2.5406791	-1.0567337	1.3062361	2999.634	23.325134	15.610213	0.051239387	0.040692956
54	5.9676174	0.60324529	0.50822698	1489.3301	12.470489	10.841312	0.005593608	0.21550771
55	0.22270614	0.70805593	1.8320307	1075.6075	10.636503	10.204851	0.32604036	-0.0531071
56	5.3458722	0.25128815	1.5556233	1381.6224	44.510853	35.983134	0.23947793	0.090470228
57	3.6301091	-0.48680528	1.5330649	2351.0736	64.513253	48.790221	0.14242141	0.5588955
58	5.9241902	-0.7471329	2.9610622	2450.7513	51.678085	38.506688	0.16668248	-0.0033224119
59	3.3359655	-0.22661304	2.2060064	2179.2543	24.375836	10.869247	0.037411246	0.073453825
60	3.3950243	-0.33706707	2.3010108	661.73908	13.190706	10.858302	0.10787105	-0.18601796
61	2.4084685	0.086911397	0.26154381	417.19624	5.6607988	1.7460508	-0.12660803	0.064010343
62	6.0262707	0.21463997	2.4813809	4897.2903	19.004691	16.958074	0.064332501	-0.0018623558
63	3.5413624	-0.16694084	1.4356485	2615.966	39.295976	32.472001	0.027542301	-0.10746947
64	3.4973415	0.77484604	0.78641517	12589.147	100.46985	90.77717	0.25281901	0.24033942
65	5.575625	0.60180714	2.2818349	2147.0726	13.570352	12.088405	0.21186822	0.0090146783
66	3.4821762	1.0684138	2.2965978	3230.2167	39.937302	14.284943	0.091795085	0.01521033
67	3.5920853	-0.45168727	2.6051657	2309.8012	12.64412	12.352807	0.16146922	0.17160513
68	1.8504877	-0.031823257	0.82568036	1558.5266	13.359604	12.238897	0.32016031	-0.036532353
69	2.0413923	0.99141729	0.84020526	3045.4178	48.62726	45.276149	0.034249774	0.45500968
70	1.5099278	-0.74726859	0.52198271	4364.0517	162.42757	69.14653	0.10191458	-0.020525357
71	2.2987218	-0.66782778	2.2454705	937.28324	44.861895	40.272863	-0.22470371	0.0053405922
72	2.2201664	1.1211415	2.648567	3135.1784	12.74306	11.938034	0.27484941	0.0088454497
73	1.0223138	0.73047324	2.6587299	5198.9508	36.810353	16.655812	0.029587841	-0.10430426
74	3.3135728	0.72209747	2.3516611	1647.6094	42.653149	37.487927	-0.23381658	-0.04712931
75	4.4566163	1.3900604	0.75997895	3050.2977	55.200792	53.626934	0.36130663	-0.022218268
76	3.7011995	0.72411533	2.2923938	4392.7505	15.985516	14.343024	0.016724801	0.45312844
77	4.2690116	-0.061137693	2.7058954	647.68211	20.053844	9.6236318	0.11779677	0.14330261
78	4.9260559	0.77806619	2.7293805	846.01017	10.44182	1.5754111	0.0366621	0.11020099
79	4.017008	0.42275281	2.81135	6142.9926	73.250805	16.874201	0.060491682	0.023156656
80	4.2125412	0.56588942	0.97024844	3642.226	46.651586	44.152911	-0.11257912	-0.0129394
81	5.4720045	-1.0358512	2.2695462	3991.084	57.343569	48.258459	0.11541787	-0.093826231
82	1.2458209	-0.2043283	2.0386456	3266.8216	49.861357	47.248743	0.064762559	0.30618556
83	1.7616645	-0.23895613	2.7726104	1195.219	10.636103	10.131466	0.040370081	0.001087234
84	1.7033953	-0.96120467	0.84068601	2745.4201	39.498251	34.798585	-0.38903032	-6.625126e-06
85	1.786631	0.68409147	0.40715415	1336.9892	22.267253	11.382939	0.015817692	0.049029435
86	5.2863103	-0.37059653	0.4837616	2461.4429	12.45309	11.627336	0.1813399	0.011594937
87	4.8641515	-1.1185281	0.66906745	1385.9901	12.565101	10.727795	0.10702097	-0.28807732
88	4.0999009	-0.090454874	1.8194624	823.63388	40.397782	40.117936	0.011530729	-0.11737618
89	3.8774262	0.005712595	0.6649997	1753.658	18.635942	9.8575086	0.045093951	0.23016432
90	2.890318	0.78872552	2.8210513	2521.4394	53.904866	48.452851	-0.095373894	0.084273584
91	2.3531795	0.055067242	0.14395914	826.97644	11.097602	10.195312	0.0042315974	0.34284249
92	4.8325791	-0.097964561	0.74807848	2815.6452	108.16531	93.198213	0.16155897	0.00098611376
93	0.98078349	-1.0430924	2.5382067	1026.7753	40.812345	31.08323	0.051963725	0.013169307
94	1.7542944	-0.024825885	0.4115078	1053.5948	8.3417548	2.863254	0.10006316	-0.0031875668
95	2.5943416	-0.36740041	0.58788169	347.63923	1.5577198	1.2581668	0.027609348	-0.043640617
96	0.1570389	0.20985991	0.91193841	3902.1693	65.180401	38.570112	0.044353522	0.060972051
97	4.0611436	-0.73087657	0.97918562	2609.2869	23.787514	12.044344	0.0074701399	0.030823804
98	5.3373964	0.1944663	2.1127356	76.509221	1.8361162	1.462926	-0.22177646	0.075084153
99	0.37233596	-0.070143372	0.75417388	4351.9794	54.545502	39.483852	-0.15619437	-0.0095892912
100	0.27098749	0.98343568	0.51707341	5167.5536	57.137508	35.352539	0.25694237	-0.13646335
101	5.7311327	0.79517612	0.80954091	336.43572	2.2747651	2.0176582	-0.25988513	-0.33755184
102	3.0141097	-0.11520679	2.0238087	3280.5006	25.275436	23.705254	-0.1547503	-0.054392882
103	4.0083094	0.15306749	2.7603945	1680.908	27.75885	11.51547	0.24415242	-0.02810835
104	0.22822971	-0.018959863	2.8001355	9857.9205	154.15661	122.77544	0.11384254	0.5025072
105	5.2205222	0.44098292	2.2747796	2406.7945	80.216947	79.181567	-0.37166122	0.26087194
106	1.0757593	1.0287228	2.2042735	10677.498	81.02299	78.650385	0.032437968	0.11443851
107	1.9676521	1.1980271	0.5208742	2924.1505	17.672792	12.772949	0.15371992	0.05202576
108	4.7230312	0.23164605	1.1750534	1153.8082	12.832739	11.615855	0.050274093	-0.021474567
109	4.677021	0.61303676	2.3750873	4801.0973	57.646401	55.504472	0.0013988514	0.18341635
110	4.1117304	1.1776959	2.6930017	396.79358	7.940007	2.0785741	0.025380294	0.084421519
111	5.1097846	0.28001415	0.087527155	4628.3683	60.437416	53.143178	-0.36242887	-0.19186386
112	4.8158785	-0.38728304	2.9822675	692.26427	1.9101788	1.6022264	-0.029939057	-0.055227488
113	5.8583724	-0.16391681	0.30577934	1518.6886	13.245239	10.976401	0.19821538	0.10264043
114	4.7244838	0.055420077	2.6755138	319.71696	1.4320668	1.3897783	0.015080908	0.02801577
115	1.3956603	-1.2660667	2.9460804	548.06938	8.0230815	1.5022562	0.015891227	-0.0076155572
116	1.2701497	0.50903324	1.3350434	3277.3544	58.703785	41.850241	-0.030199214	-5.3835206e-05
117	4.3150997	-0.45159131	1.4363089	849.20376	8.6249757	3.4806931	-0.026050893	0.16564341
118	0.66535425	-0.12373146	2.818656	1043.0217	32.200479	9.0202028	0.23475729	0.35689619
119	1.3276945	-0.93420737	2.4273961	3059.0056	59.298258	36.849528	0.10452532	-0.005680107
120	4.2660613	-0.38779505	2.2538714	4021.479	29.98726	18.649773	0.034342794	0.021315891
121	4.6484458	0.3994863	0.98852277	441.06808	9.3762991	7.4843514	0.015273753	0.095867565
122	1.4484263	-0.63576369	0.93861788	457.82974	12.005021	1.2869305	0.15434925	0.19053065
123	4.4516779	-0.76753267	1.2439074	2722.9364	50.583628	40.868499	0.0093084298	0.090617488
124	4.5066651	0.64139551	2.3743805	1170.6801	31.216124	10.881047	0.034085749	0.061962295
125	2.4243959	-0.81334071	2.7518462	4910.3579	98.195193	17.54619	0.098517128	0.0017517533
126	5.4403777	0.10300951	1.0683607	2511.7065	30.918131	29.987647	-0.050602911	0.33849129
127	5.7225627	-1.4060273	1.5214992	2680.7819	41.49654	41.340558	0.089651308	0.013635137
128	4.7860584	0.68903642	0.77036909	591.90248	11.687219	3.0804922	-0.31765884	-0.036988378
129	1.6831236	0.34182145	2.3764221	6856.3261	61.337815	56.228287	0.085454755	0.22141823
130	3.4406046	-0.046089288	2.0887053	1934.2401	11.83316	10.480614	-0.036865669	0.20614434
131	2.4426957	-0.014270489	0.68553456	2349.4587	12.344993	12.321026	0.25647367	0.15466435
132	5.1659021	0.49943038	2.127071	1462.1747	11.02505	10.501958	0.040370081	0.001087234
133	2.3353959	0.60670876	2.682194	4901.7943	45.908096	18.870345	0.14770919	-0.010794541
134	6.0422185	-0.82245846	2.5673898	446.25292	3.7009756	1.4908144	0.32711637	0.022490596
135	5.2381171	0.56657504	0.26728783	2443.0302	52.523497	48.621275	0.10585245	0.57414129
136	5.872868	0.32857676	0.97926514	2498.6721	126.19758	116.3061	0.091250875	0.040854825
137	3.736353	-1.0006495	2.1005035	2943.5396	50.961942	27.340146	0.037463179	-0.16700027
138	3.0608573	0.70943968	1.5734348	448.84559	17.319105	9.4905503	-0.055902222	0.0093251172
139	0.54609058	0.39924957	2.3870972	3324.2826	35.337932	26.865577	0.26710734	-0.45156014
140	6.1140288	0.38822606	2.2823534	1224.6832	11.627266	3.9149973	0.088324956	0.068177085
141	0.33961369	1.1027355	0.70163957	1535.5315	37.972142	33.927634	0.01393819	-0.0036362221
142	0.64603607	0.52509926	1.3017815	1607.0303	62.256214	27.900332	0.085215085	-0.0015729551
143	1.8950844	0.38053772	0.71414868	3991.6271	59.821767	47.15658	0.085993181	-0.083469539
144	0.081080042	0.48578562	0.33412349	2523.4562	30.093544	25.859901	0.015002162	-0.14410952
145	4.6928648	0.19545063	2.7567484	2178.536	12.95397	11.867518	-0.097607639	0.098333721
146	5.3942362	-0.75930781	1.1613845	155.30681	11.923361	6.4548708	-0.4097978	-0.26269903
147	0.28464059	-0.73086786	0.43484008	6392.6878	57.623838	49.655395	0.23893853	0.10935142
148	3.6110506	-0.8006896	1.7038935	1420.3587	14.235123	11.918896	0.15569208	0.00082632338
149	5.9713844	-0.28734768	0.73020698	2591.6034	35.603696	24.174815	0.034820056	-0.19460861
150	3.3065091	-1.2700703	2.9898424	3884.4137	51.303363	50.110915	0.050901145	-0.05858233
151	3.1153562	0.30342824	2.4094622	762.69528	38.430528	10.501274	-0.028115111	-0.025456129
152	4.9866342	-0.046079493	2.3925642	485.76352	11.090752	9.1708093	0.35241721	0.044932058
153	1.9601601	0.32697903	0.48352544	2105.3051	105.77029	54.124407	0.0063656925	0.10729363
154	0.54721239	1.3310304	2.8003542	1563.7213	16.388998	9.1430469	0.034825133	0.077187262
155	0.22181978	-1.0038999	1.7644685	319.33588	1.6208103	1.248988	0.13952798	-0.056142981
156	4.6506733	-0.61351998	2.7258738	9238.5581	73.923864	44.104324	-0.14316158	-0.080624271
157	0.70254517	1.0050533	2.0909937	1457.276	11.428039	11.277888	-0.016072628	0.26814185
158	4.6978607	0.90906484	0.25202744	3123.0387	18.859701	15.675525	0.10821574	0.050753086
159	5.2095994	-0.74076881	2.421429	1377.4745	21.482376	2.0246583	0.30682602	-0.012706611
160	5.2849853	0.3920546	0.9986691	3357.7913	38.11257	35.187889	0.13540635	0.056311818
161	2.0894327	-0.62529364	2.7543471	6151.3478	133.61284	58.666657	-0.071260804	0.15950447
162	4.5151625	-0.89700414	2.189655	2412.0269	27.755798	11.835348	-0.041700026	0.023215536
163	1.7933901	-0.81814265	1.0210212	1679.6696	11.300802	10.018949	0.26405929	0.13102098
164	5.1005854	0.59721923	2.8143354	3158.644	14.791049	13.424024	-0.0026571202	0.16288087
165	5.3463629	-0.30414156	0.87763539	7186.1432	71.890374	47.788815	-0.17700487	0.12372407
166	0.85078936	-0.88962468	0.54544778	2514.1147	48.160171	12.76088	0.016577423	-0.0045571468
167	0.33978415	0.13406128	2.5756882	827.07224	2.1413105	1.9446633	0.060713995	-0.028924113
168	5.6637185	-0.93348963	2.7738711	2189.0835	20.513004	13.724616	0.078121483	0.039538573
169	6.2300167	1.1344083	0.52365786	1517.3856	17.75428	12.106437	0.032541778	0.35719377
170	0.38380877	1.3038918	0.44511403	3537.0246	15.918204	14.062729	0.0090704318	0.20113188
171	5.3009943	0.73230499	2.1752874	396.21744	1.4216342	1.4105123	-0.0056569092	0.16335214
172	2.3218583	0.48999899	0.34991065	4226.0809	50.684724	41.904902	0.072523431	0.31589632
173	2.2096953	0.56785151	0.57633234	1258.4531	13.967428	10.274551	0.18578726	0.035676034
174	0.95450631	-0.6928146	1.2030049	1319.081	20.16057	11.781501	-0.063734036	0.054447112
175	0.94771089	-1.0704801	0.24355133	2806.0797	15.233499	11.481863	0.017742742	0.52559738
176	0.85922384	-0.91662939	2.0270559	440.94308	32.653915	30.335344	0.22611888	-0.074174533
177	4.2053399	1.2213858	2.4074759	2024.8349	12.693476	11.610383	-0.20357775	0.0058101348
178	3.345338	1.2419872	0.91040431	2123.4048	11.958935	10.491277	0.010303765	-0.089640671
179	1.9603628	0.20258853	0.507378	857.51571	13.813957	9.1380398	-0.008060286	0.060021824
180	2.1469634	-0.31715969	2.6819423	4612.9759	30.394821	16.676479	0.23719799	0.001087997
181	3.8466582	0.64195814	0.36411769	3902.1873	53.083558	12.374263	0.0042390728	-0.0038805282
182	4.5507602	-0.22642303	1.0400719	2057.5894	48.85261	22.919893	-0.15947576	-0.14111729
183	2.5839529	0.57273647	2.8458794	253.5227	1.7230561	1.3460586	-0.018962163	-0.080126521
184	2.8824834	-0.18194166	2.6717784	1315.234	10.509595	3.7426586	0.015532853	0.019821519
185	5.1101125	-0.05407077	0.84433617	2616.0914	58.497505	46.739034	0.12565706	0.032744893
186	2.6206726	0.25181772	2.2987294	6220.9903	62.500543	47.597031	0.16717999	0.011800094
187	1.2494087	-0.65017802	0.67286493	590.53318	17.883139	3.9974464	0.31933686	-0.36392339
188	4.2940089	0.95392067	2.9912653	1848.7287	13.759837	2.9123499	0.017263928	0.16187821
189	4.2243009	-0.25734655	0.54141865	9015.8024	72.2244	61.524122	-0.0047672894	-0.021738253
190	3.830283	0.24040831	2.468018	725.95865	10.528177	8.8322831	0.32766681	0.17245747
191	1.7553594	-0.34664298	1.0624827	3305.8592	54.77571	46.789397	0.023719968	0.31491638
192	0.78230303	-0.84910351	0.82161027	936.05736	8.527441	3.1302193	0.20856868	0.10949881
193	5.6849784	0.34444741	2.7051953	920.44561	11.698381	11.023027	-0.016779467	0.0083118356
194	2.3743982	-0.071039563	2.3394127	1418.6315	12.045194	11.188067	0.07621658	0.17612718
195	4.7532497	-0.14246616	0.85475264	2614.3139	53.841668	39.625378	0.013248325	-0.07464083
196	0.91150522	0.043211346	2.9404254	8407.3445	66.75512	65.44017	0.069087951	0.24210056
197	4.5855215	-0.30201351	0.18699219	3547.4753	39.504093	37.869327	0.095961808	0.07136249
198	5.3000466	0.021367526	2.7149476	1481.5825	26.203325	21.069528	0.062683069	-0.12089417
199	4.5870562	0.061154204	2.413862	1161.4254	12.397513	11.194134	0.16997214	0.049325432
200	2.4085308	1.1916399	2.888414	6658.5574	68.142691	49.245655	-0.32481075	-0.084661796
201	0.59181653	0.72433947	0.22845514	7055.5562	48.14407	48.08352	0.01934623	-0.012249921
202	2.6369665	-0.90474036	1.1055129	6226.9805	79.067019	66.50976	0.00015487317	0.11372494
203	4.6731223	-1.0909092	1.001433	3087.173	30.002732	15.098225	0.53859624	0.12379806
204	3.3895393	-1.0321774	0.48062619	2122.4775	12.467881	11.933241	-0.053127621	0.036977702
205	1.9339128	0.67520258	2.4848932	529.47596	1.588902	1.405088	-0.011153359	-0.025936364
206	0.42018679	-0.031830592	2.5203978	2333.0223	54.445014	20.612316	0.20156378	0.39308233
207	2.4041229	-0.2547009	2.3868201	792.12124	11.112753	10.872756	0.1015775	0.018693156
208	3.049975	0.7904098	2.415586	2529.7121	30.933531	29.326622	-0.26623757	0.0031250763
209	5.0911362	-0.60856262	2.7314051	3278.2767	15.699955	14.560702	-0.095002717	-0.032391785
210	1.0725534	0.37776044	2.6569469	2876.7103	43.257314	39.227253	0.017603586	0.033841511
211	1.8366895	-0.18844789	0.81294616	3187.9494	59.21873	22.419595	0.20156378	0.39308233
212	3.3109261	-0.10375101	2.8659604	392.62332	1.6731565	1.4284081	0.043100231	0.31084212
213	6.2637922	-1.1772573	2.4409741	2738.4267	47.039817	23.049694	0.14642016	-0.031441203
214	1.9447457	-0.49472089	2.5847512	110.05958	9.2130439	8.7876685	0.12091118	0.24924503
215	2.6698739	0.95237329	1.4863885	3229.7219	60.839577	54.513413	-0.02163333	-0.27179242
216	1.2981134	0.52573561	0.50543027	9118.6907	63.940003	57.069479	-0.16456729	0.10720677
217	6.0157148	-1.006307	2.9199146	2488.0387	15.680165	10.173247	-0.15765537	0.010609494
218	4.9732216	0.60142508	2.5750217	975.72619	15.64533	10.017912	-0.028485704	0.023269962
219	2.046244	-1.5180641	2.6070302	5019.7366	37.788757	34.922409	0.1148791	0.020056108
220	4.3825419	0.16565	2.0669091	448.27167	32.11484	29.287232	0.042738454	-0.082788948
221	4.833359	0.041488648	1.4839086	1446.4416	40.721549	13.595922	-0.01215812	0.083550271
222	3.2766243	0.17193163	2.2850471	484.2438	3.1484371	1.8881165	0.007935925	0.24172696
223	5.1747195	-0.61392317	2.3230093	2316.038	42.417242	32.930066	0.29943129	-0.034585535
224	5.5954539	0.33538201	2.7811488	3325.9665	52.633787	13.218531	0.30842615	-0.097176396
225	3.0360089	-0.56742161	0.45331543	1049.8326	32.844795	12.513771	0.22735123	-0.016672959
226	4.8161088	-1.2955216	2.4875824	205.02493	28.256998	1.234517	-0.32697961	0.3378218
227	2.9558267	-0.25724981	1.0674687	752.44188	10.734275	10.157593	0.37241712	-0.12650699
228	1.5604274	1.2422696	0.68478965	421.28094	1.9879451	1.3199714	0.035876037	0.24274724
229	0.25637608	-1.0872566	0.63042954	4551.7097	44.059388	28.449083	-0.002897953	0.18718152
230	0.61230462	0.64064238	0.35073974	416.37196	20.731273	1.9353465	0.14836425	0.05912295
231	4.1832452	0.9155196	0.53731551	2088.4987	12.483928	9.7129102	-0.003234573	0.057682805
232	1.6801124	0.062291165	0.86146507	993.105	11.230152	8.4584395	0.026064124	0.072022264
233	5.3976868	0.49031711	1.0495639	680.74532	11.774266	9.6755158	-0.044556787	0.11168777
234	0.25007206	-0.98847519	0.57958481	742.80401	2.2978637	1.8250804	0.031930774	0.064947058
235	3.4312894	0.86529219	0.53986767	9428.2793	84.658282	60.810982	0.055285129	0.38720074
236	5.5235835	-0.29574636	0.93091304	742.07494	24.263066	9.1512558	0.074999333	0.14700772
237	2.8270037	-0.90199407	2.0702366	7151.9059	77.125532	60.166854	0.27183722	0.075552538
238	2.4081606	0.28341909	0.79452654	2285.3082	38.288107	13.551523	-0.00064348495	0.035590415
239	2.2779446	1.4876526	1.1307909	1805.5271	14.476246	11.60496	-0.05264385	-0.29018019
240	1.6780117	-0.40617703	1.4889755	1788.9094	31.787118	30.185117	0.014836682	0.057591015
241	4.6212704	-0.404936	0.51546344	17839.915	94.550312	88.348205	0.24742364	0.18965846
242	5.5748131	1.0463169	2.6177128	318.92609	9.7763123	1.6453403	0.0047393433	-0.21061638
243	3.9979541	0.39655943	2.5346833	3135.0889	40.98912	37.474141	-0.18556757	-0.0039717404
244	4.0540733	-0.79797525	2.6334675	2853.2683	28.634122	13.2162	-0.058939117	-0.011957692
245	0.46903422	0.41657345	2.8394629	2213.4924	33.829443	30.831114	0.36344168	-0.1850457
246	1.5301937	0.08829681	0.33105021	1177.7672	12.195708	11.092005	0.050912577	-0.005285431
247	3.980532	-0.80807282	0.70970975	527.58843	10.079425	1.2562364	0.041350041	0.0022873268
248	3.911793	-0.35988194	0.35990107	343.93926	1.4933962	1.293458	-0.040653377	-0.082228819
249	2.0916448	0.25117144	2.9412454	6449.5707	18.754027	18.02418	-0.012510552	0.042686099
250	0.72471387	0.6683824	2.4442177	6478.7323	69.327407	49.64399	0.17166533	8.151901e-05
251	2.7284764	-0.1937095	3.049122	1205.4337	4.5029511	1.4055278	-0.078519142	0.33770074
252	3.4829313	0.59753761	2.9313987	414.57049	11.125988	1.333739	0.038202035	0.034230959
253	4.0691949	-0.79041114	0.71453161	6817.9033	73.854212	63.81202	0.025150154	-0.0064727587
254	4.4761943	0.19572706	2.6835385	1161.1956	38.77135	2.0837027	0.023988296	0.090472898
255	0.29155254	-0.43627792	1.1238848	3418.9057	52.453373	39.289582	0.26578328	-0.053830857
256	5.739657	-0.3692071	0.72406031	2910.0006	12.738049	12.256961	0.069447453	0.0039554244
257	5.0432976	-0.29036121	2.6318122	896.33153	9.7095673	1.6986107	0.3495103	0.1447976
258	5.4918771	0.58298932	1.3476565	116.10241	1.7779715	1.5068543	-0.0078468114	0.016413155
259	1.8875744	-0.74754749	2.3684571	1577.8267	26.723819	9.6386186	0.042089657	0.15159858
260	1.0095542	-0.11392594	0.93749885	1464.9878	11.467467	10.702146	0.12933308	-0.020535454
261	2.3527515	0.85374596	1.2120834	1538.3711	33.708343	24.05723	0.11412272	-0.0040088401
262	5.9616427	-0.85571432	1.0730842	605.01415	44.406734	42.580777	0.10196578	0.02836751
263	1.8317857	0.88288424	2.6438004	1310.4838	41.512268	30.83906	0.050069672	0.032798296
264	2.2389066	-0.33781196	0.56555901	1165.0428	5.943943	1.4714268	-0.1232968	0.035327789
265	5.4459576	0.20064847	2.9167546	4238.9739	22.477083	11.367581	0.022033098	-0.050146702
266	4.9686046	-1.0655404	2.2929421	1409.3742	11.320515	10.02974	-0.0070103101	0.36080521
267	3.9663588	0.64153071	0.59000666	3548.497	15.620475	14.675941	0.16093772	0.024576906
268	5.065619	0.48839916	3.0973429	1932.0099	11.508471	11.031694	0.062863791	0.012701588
269	2.6168888	0.47624437	2.0667969	137.91505	1.5096341	1.3924075	0.064497012	0.014581991
270	5.3341816	1.4047244	2.9070956	4177.052	60.642344	59.657537	0.036777275	-0.16342355
271	2.0137616	0.39118445	0.37948736	793.34809	7.737308	2.7659291	-0.20267981	-0.33829951
272	3.890149	0.22804814	0.46601218	1997.3591	49.196737	29.363631	0.0019854911	0.014630899
273	1.9847734	-0.43976246	2.2171444	247.53461	1.3618696	1.2638649	0.096645342	0.0039185599
274	0.85912701	0.57744534	0.42435249	1462.1017	44.688483	35.289452	-0.0014668028	0.0054912062
275	2.8542376	-1.372113	2.0895725	1148.0515	10.975946	10.343428	0.024787624	0.061104548
276	4.5268379	-1.1055224	1.2257691	1393.7301	40.526639	16.164454	0.15845741	-0.036809688
277	0.33569732	-0.020646711	1.1747123	607.98377	34.306766	32.638793	0.17098829	-0.028534676
278	1.255012	0.25520713	1.9897466	2838.9504	55.168904	31.737822	-0.10729795	0.30630475
279	0.8400097	-0.64280034	0.43400158	4909.988	64.780378	46.269655	0.27653809	0.019346441
280	6.0192082	0.32579276	2.8140762	4284.569	57.31251	24.139181	0.061744593	-0.025955704
281	6.1678547	-0.44927623	2.1905229	1416.3157	42.677291	38.120065	-0.031293013	0.068851972
282	3.2624444	-0.92255803	2.7760036	2323.293	56.600015	36.091478	0.1117557	0.030482856
283	4.5999699	0.53875362	1.0704698	1385.8961	12.815852	10.118886	0.075737344	-0.00011683626
284	2.0869302	-0.52009255	2.1048865	2325.8382	58.901563	43.705131	0.097901263	0.078542125
285	1.1268668	0.11454054	2.8787828	1299.5165	13.951507	11.695356	0.020699185	0.1153604
286	1.1267877	1.008429	0.90691466	11017.213	99.93221	78.732353	0.02269014	0.12953808
287	4.5117661	-0.58698028	2.4886112	1930.5088	10.794839	10.201966	0.17461619	0.18247018
288	4.4665121	1.5113202	0.46527255	479.12523	10.837662	1.3135488	-0.02086712	0.15833205
289	3.5914366	0.5435096	3.0924724	576.10618	1.9294668	1.6248941	0.0023864621	0.021590852
290	3.6134663	1.1648102	2.734304	5585.8281	44.677886	41.334181	-0.007118581	0.0040182975
291	2.3545364	0.95296988	0.51816305	316.93991	2.280136	1.998712	-0.0022910449	-0.086916683
292	3.5786075	-0.034621208	2.6159441	7820.9747	90.853615	82.680407	0.026119864	-0.00049551411
293	4.5181912	-1.1303365	0.93343689	6962.8465	60.2585	60.176909	-0.0051341057	-0.03039175
294	3.4958461	-0.22187963	2.3874327	6179.4955	71.388511	42.482257	-0.0037101679	0.0012853258
295	1.7002608	1.0832272	2.427301	1508.9245	12.493099	12.148821	0.099659015	0.027453101
296	4.5112644	-0.79986687	0.67625248	1704.4234	12.361419	12.110219	-0.020407266	0.082958578
297	3.1227281	1.1622612	0.92305214	1962.9685	13.751174	11.904852	0.13910186	0.20763458
298	3.4672691	-0.85035293	2.7682958	876.36404	9.4531074	3.3677824	0.049665184	0.024121509
299	4.9549885	0.15341756	0.72364997	3205.7099	45.773094	14.183456	0.0098953633	-0.12031215
300	4.0064508	0.55932509	2.438276	735.40526	14.79035	9.8042187	0.0032099575	-0.14972495
301	5.8180405	0.1684631	2.3258983	267.69124	1.7685241	1.3131748	0.29228097	0.070710988
302	5.3649268	-1.3659825	0.80222492	558.21861	1.5739404	1.5183742	0.1705377	0.083609593
303	0.13819433	0.52349043	0.16069659	303.53641	12.176936	1.3544866	-0.036827111	0.10677061
304	1.0757355	-0.22700359	0.21869127	3756.2603	65.928688	46.181338	-0.089208442	-0.0034971953
305	4.035696	-0.82441588	2.7671291	2081.0642	13.293959	11.556432	0.25301157	0.16574211
306	5.9499405	-0.5677146	2.6785758	406.60632	2.5549827	1.5857041	-0.047513588	0.025487806
307	3.423513	-0.026274471	1.5486409	1657.3462	40.068383	29.554321	0.050385851	0.00016290326
308	4.585686	0.58519875	2.1864993	5070.9997	28.829133	26.236891	0.014321831	0.018081541
309	4.1267191	-0.39253286	1.0204712	523.29337	8.1359487	1.9122235	0.0034778154	0.033898499
310	5.3318572	0.34595835	0.78829153	3482.646	16.038894	13.61957	0.20795683	0.093433914
311	2.3226413	-0.73372873	1.4939482	800.87167	29.219789	26.750512	0.34663754	0.12073594
312	0.75852789	-1.0040971	2.6660566	13161.977	103.94092	89.049122	-0.12596538	0.33448135
313	2.6884384	-0.61425393	0.52631538	6143.4396	17.951731	16.500726	0.26834993	0.25512417
314	1.2969809	-0.97446616	0.82413779	2140.5046	36.23697	26.798793	-0.22868624	0.13556292
315	4.9991407	1.2486859	2.1077592	1541.336	83.258402	30.35662	0.12962756	0.03699374
316	2.521211	0.4748958	2.7517918	5806.7861	122.35645	75.835869	-0.021968776	0.16864494
317	4.4490413	-1.117075	2.6960666	4011.9757	26.357965	15.383125	-0.002145939	-0.088558829
318	0.1257891	0.66987257	0.07674021	3944.7406	13.92253	6.2907287	0.0018720016	0.089192924
319	6.20382	-0.35571679	0.11404495	11228.271	87.189322	52.293255	-0.29988258	-0.12588985
320	3.143699	-0.26866687	0.70167833	403.31474	1.3089453	1.2559656	-0.07378127	0.049428849
321	5.5770734	-0.87151446	2.4687739	324.47118	10.767373	2.087841	0.11178272	0.052584532
322	0.1844641	0.2114873	0.34605441	2925.1957	46.790824	44.994963	0.015166639	0.54043617
323	4.7348567	0.56696284	0.46839534	9969.721	89.801069	81.976699	0.17186002	0.023761529
324	0.31604961	-0.10247487	2.5190843	5432.412	81.643341	61.992026	0.059555826	-0.029397661
325	3.0900925	-0.69394974	2.450181	3245.4113	57.59372	35.368825	0.085983099	-0.078112471
326	1.011469	-0.17408139	2.5619505	748.80726	2.2370942	1.7347522	0.026315097	0.01272017
327	1.2447544	-0.22823967	2.2947819	346.48117	3.7662326	2.8519556	-0.092165151	0.19893581
328	1.26625	-0.82786635	2.3521181	8307.6585	158.52169	97.109358	0.10072373	0.060768035
329	3.1695342	-0.29969188	0.27127156	426.96012	30.980112	29.334246	0.0020935851	0.36436619
330	4.4640531	-0.0057742468	0.71514991	1316.3136	9.8799792	9.1535045	0.092846036	0.041285759
331	0.51306916	-0.67305997	0.61266626	4402.3213	42.673736	40.129239	0.40865625	0.044794908
332	0.88703221	0.43816993	0.75797817	712.24926	8.6526926	4.0979456	0.022741742	-0.081311167
333	2.7948335	-0.37774311	1.011287	4953.3127	39.020667	38.573822	0.021047082	0.037582143
334	2.4665611	-0.48017619	0.74000738	11168.057	78.105186	77.547165	0.43715832	0.29232241
335	1.5307664	1.0476795	2.6346606	621.17097	1.8951392	1.3604678	0.0074039689	0.15045542
336	1.930729	-0.1156096	2.6649902	9904.2425	77.724418	75.692034	0.66077268	-0.071372487
337	3.4700918	0.34694612	0.82738737	5268.9345	34.573468	31.192239	0.22662923	0.29901117
338	0.69562672	-0.6621345	1.8727703	2603.5189	39.510923	26.354175	-0.011542726	-0.30186713
339	1.9610587	0.36881197	2.2291221	450.31079	1.7212995	1.2955663	0.0017692973	0.001196094
340	0.30862417	-0.61808439	2.7961012	4129.2541	42.535686	39.491307	-0.1260944	0.046935997
341	3.7900529	1.098039	1.1015167	7846.9807	79.730606	77.205186	-0.12791418	0.041307655
342	3.3909301	-0.46352472	0.69207992	1708.0388	48.180433	38.271473	0.11716168	0.038388733
343	3.8766427	-0.006538878	1.0003605	1333.8702	10.930379	8.9067105	0.030800551	-0.29212606
344	4.5930286	0.30835693	0.97705128	208.20828	3.6484647	2.1834638	0.013468137	0.031806389
345	4.0461551	-0.12026435	2.6259754	1385.5565	46.979849	10.09553	0.12265959	0.19293434
346	0.73231489	-0.39120742	2.6533712	3105.1686	14.168786	13.640363	-0.011204424	0.035076377
347	4.4157576	0.2028663	2.5068485	606.70573	9.2869938	1.5947625	0.29538198	0.17179184
348	5.4402539	0.50745755	2.3896553	625.73563	10.372186	2.2975981	-0.0015438408	0.00068013214
349	4.8297306	0.38349331	0.58630576	1868.8661	13.373948	12.447239	0.022482444	0.060469331
350	5.192941	1.430107	2.3980292	4538.8831	51.928066	38.293246	0.0090363279	0.26911915
351	2.8640081	-0.51006231	0.69426137	3090.0487	38.632834	26.197337	0.14936373	0.12804402
352	0.49425428	-0.27872384	2.4760497	327.35586	20.833592	13.564224	-0.0062353644	0.1065232
353	0.5455649	-0.9722305	2.9886021	6113.927	59.755018	53.799767	-0.0092608454	0.17277443
354	2.7591152	-0.52819453	0.71783405	813.67855	2.2616467	1.4185829	0.048015197	0.20398053
355	0.30296559	-0.11478872	2.6788831	5581.9537	55.84719	51.982706	0.13958173	0.15961334
356	2.1565047	-1.0587024	1.269181	613.61242	5.4255268	2.0534573	0.0351685	0.040955447
357	4.5077289	0.038479817	0.7264538	3793.6195	51.792468	33.729319	-0.063708317	0.085715711
358	4.6929644	-1.2154043	1.9058593	229.64567	2.3506023	1.5561099	0.020754575	0.21339545
359	0.64940965	-1.3676891	2.1491506	1382.7206	16.719307	12.359176	0.01440071	0.013349097
360	5.5457	-0.2806893	2.8120407	3076.8818	44.022946	13.025787	0.18115094	0.41662202
361	3.4928226	-0.48611342	0.8483824	10011.114	71.880962	58.794011	0.056303795	0.19057671
362	1.4428256	0.60789613	0.6165944	6466.0512	147.00167	73.367639	0.012795763	0.080999467
363	5.1044055	-0.68593057	2.6000089	3274.7377	12.320825	10.768786	-0.028012464	-0.13558439
364	3.2663815	-0.089025125	2.3629301	4234.049	60.04907	53.825981	0.094787802	0.068763673
365	0.99299464	0.3905491	0.63031424	90.358545	2.2486096	1.2570131	-0.036770608	0.082390077
366	4.3071662	-0.71540193	1.8330854	199.04753	1.8695648	1.7630997	-0.01137489	0.065311387
367	1.1230333	-1.2960723	2.1186259	1381.6578	18.142026	12.737783	0.14047703	0.17385821
368	1.6729401	-0.30973744	1.0189703	3249.7409	46.010117	43.035913	0.012983874	-0.073753521
369	2.2380272	-0.3765159	0.32110989	10949.806	146.20309	95.282539	-0.031820693	0.073407654
370	4.5719603	0.18239625	2.7323827	556.5484	1.9570228	1.3317877	0.0035572199	0.097890772
371	2.8755508	1.4214707	0.61107342	3356.2816	61.236688	33.794031	0.11724799	-0.33871163
372	4.8982229	1.3014126	0.59530565	4203.9441	65.009727	62.6663	0.0078418092	-0.018654284
373	1.7364983	0.95558321	0.98112639	7031.3105	72.634991	64.354664	-0.061142786	0.003235524
374	2.4726894	-0.89003317	0.72008145	388.4272	11.655933	2.0797622	0.055521308	-0.09085586
375	2.3319136	-0.24578845	0.84446245	180.79172	1.9962152	1.9448069	0.11445919	-0.1425867
376	6.2506389	-1.003211	0.62105929	4499.919	51.980634	43.376275	-0.061471169	0.58467719
377	2.7613357	-1.18741	0.23515207	1234.222	8.6439025	7.0078002	0.098153635	0.059154767
378	5.5788217	0.99610699	0.57798303	10018.346	59.638467	49.874523	-0.008407646	0.0043049785
379	0.51331042	-0.38059097	2.3616815	1772.9028	12.440366	9.507928	0.066544203	-0.38587823
380	5.3755684	-0.5124301	2.3974598	529.70748	3.7873687	1.7965498	0.083796607	0.0012357445
381	1.7251335	-0.24698329	0.44401872	9347.5262	114.16346	85.547436	0.13048271	-0.31001437
382	2.8766941	-0.75313596	2.1709618	741.51715	26.731495	26.087346	-0.12044278	0.049812286
383	5.6560177	1.3021828	0.78530953	302.13453	24.732877	2.4335103	0.0078108055	-0.017715415
384	4.5033931	0.91068077	2.3536608	234.62711	1.7435403	1.3981913	-0.31746759	0.0063307101
385	1.3388376	0.17347725	2.6665675	3777.5887	65.964055	51.852487	0.008004211	-0.11926153
386	1.7453298	0.95277689	2.781177	9717.8362	98.802533	76.836415	0.020125722	-0.0066781185
387	1.8331983	0.27060885	0.63420383	1007.5574	14.141992	2.703772	-0.051044045	-0.20439401
388	4.4083419	-0.76217545	0.83986861	1237.6923	38.400182	37.262647	0.21377787	0.12214018
389	4.0762718	-1.1466804	1.1961443	1942.7861	37.882656	34.342761	0.037567297	0.082518156
390	5.2260035	-0.6179166	3.0813155	997.38013	9.2006384	8.8499844	0.053143886	0.053352515
391	2.3405805	0.90996315	0.46626701	2333.7029	13.024935	11.851242	-0.022254963	0.087156068
392	0.97462875	0.088380082	1.2189273	1002.1334	33.440583	11.00526	0.084985852	0.42381913
393	4.2672303	0.47024841	2.7397149	1136.2306	47.502626	26.191022	-0.012849892	0.26806944
394	0.64758402	-1.0363758	1.2924875	1230.6617	31.102158	3.0517675	-0.0054134681	0.072882492
395	3.9102393	-1.2310417	0.58933638	2565.56	12.319908	12.110372	0.026984748	0.023178644
396	5.68873	-0.85699604	2.7247137	1153.9387	11.490524	4.3843385	0.11477214	-0.10327938
397	2.3830177	1.1481531	0.88370152	7295.1202	65.848654	65.510714	-0.0032032213	0.092306063
398	2.5662533	-0.21114057	2.4075835	4957.1605	60.327615	46.959711	-0.098200484	0.011964333
399	0.36373373	-0.26538623	2.4102345	1046.7227	13.196046	2.0308528	0.29924272	-0.011077428
400	4.6842071	0.26274361	2.2144855	306.6763	2.7429881	1.8936345	0.28133304	0.060114067
401	0.4012767	0.2460747	0.60097176	3709.6065	55.595337	31.118498	0.21013344	0.21769268
402	4.8737369	0.24640659	2.6250103	4515.8134	62.668384	61.085122	-0.17171128	0.053310525
403	6.2327545	0.82587335	1.1725777	837.48898	10.667788	7.9521469	0.18110844	0.039341474
404	2.8511333	0.22590436	1.3844073	2110.0619	49.193676	25.60257	-0.2012101	-0.03083008
405	4.1969572	-0.084871531	2.5094271	448.94061	2.3836652	1.707228	0.089280157	0.08314584
406	0.97818099	-0.39602318	2.4045712	3523.5758	75.249023	50.006274	0.028824463	-0.057050461
407	4.474916	0.95195918	0.80728415	3850.2406	61.373608	57.72065	-0.041559709	-0.034662209
408	0.42655099	-0.71006228	2.1071808	150.53548	1.6745772	1.2789249	0.1543457	0.01682045
409	3.0663715	1.0672223	3.0329236	5495.8247	87.280452	64.282209	0.035888454	0.15707745
410	0.66148678	-0.25975481	2.4338767	797.59021	10.874673	9.269529	-0.0011023858	0.027973827
411	1.4446454	-0.64825676	1.9951249	276.51447	9.5083113	8.9651313	-0.16324401	0.37821175
412	1.0217538	1.049797	0.89436132	6431.2197	67.473443	65.062774	0.13970804	-0.28187912
413	4.7688986	0.55163774	0.83442834	3059.6822	70.122978	41.086462	0.11488089	0.056323214
414	2.1236611	0.79857216	2.7045012	5958.2362	62.916538	52.900657	-0.090392727	-0.076574265
415	3.5227149	-0.63114863	0.49742876	865.40942	6.9844968	3.6670382	0.027823577	0.019171033
416	5.443089	-0.81666237	0.68438704	2654.8357	51.808419	17.628209	0.48722417	0.20608675
417	3.4388332	0.049737811	0.72910514	945.30077	15.421223	8.6436903	0.017156158	0.57255021
418	4.3375435	-0.19699651	0.80269854	413.50916	10.486996	9.989341	0.29029681	0.1244476
419	3.6724774	0.98299464	1.1641449	800.78239	11.203416	4.5643675	0.087344824	0.083940122
420	2.641676	-0.92624068	2.8609586	7051.5638	60.464239	24.185409	-0.017491729	-0.087167551
421	2.8298823	0.36845416	2.0909532	3362.5523	52.545271	44.111118	-0.05132133	-0.0083365655
422	5.4341157	1.0583418	1.9198854	1156.609	40.187105	34.471923	0.035936179	-0.14709927
423	3.8843801	-0.030343957	0.5833612	5750.6851	66.567441	50.20583	-0.029413878	0.11623689
424	5.6036994	0.99036681	0.28154378	1439.016	106.59194	58.947915	-0.072896152	0.08490658
425	4.630322	-0.66546776	1.1815231	221.70191	8.903226	8.5222306	0.12831786	0.26710299
426	5.838717	-0.95545329	2.2150784	2051.3073	17.587104	15.255479	0.14766415	0.12597471
427	4.9221082	-0.79679121	1.784756	1483.3762	15.245804	13.492627	0.33800072	0.032529694
428	2.6994981	-0.032199964	2.2241901	5619.2533	57.964675	44.459434	-0.61114996	0.014318954
429	6.06754	0.4273292	0.20170138	4256.136	50.23453	34.97777	-0.3206677	-0.0020373415
430	0.051700319	-0.30976507	1.0279095	6715.0949	69.104619	54.060214	0.10699872	-0.1386253
431	4.0550489	0.94955723	0.66258004	10305.424	83.880141	70.352384	-0.0080849001	0.067024731
432	0.50834921	0.061008062	0.88312499	916.74294	11.770392	11.244395	0.12969545	0.079915381
433	2.0612686	-0.011974148	0.55749139	1111.374	10.451698	2.4490384	0.14842791	0.076743822
434	4.1477615	-1.2366053	1.637941	568.26415	8.744542	8.1310158	0.11189944	-0.0061701655
435	4.1666277	-0.76588637	0.83763645	1267.6281	10.744225	2.3481201	0.16781382	-0.0094526621
436	5.6189084	0.74851116	1.9623462	3013.8521	26.56579	25.703605	0.12900641	0.26401003
437	4.4693603	0.0060227824	0.36704139	287.70413	1.978457	1.768984	-0.25802531	-0.21459261
438	5.0946223	-0.39913201	1.4267729	1182.1233	11.064401	10.317646	0.19345362	-0.0036176799
439	2.2867547	0.29708831	0.33444955	5667.2575	60.092303	45.877748	-0.026533983	0.14776275
440	4.1121145	0.52192537	2.5874748	1012.444	12.22378	3.868319	0.046414821	-0.081188382
441	4.180155	0.80139258	1.9046732	3253.0602	53.141847	40.162839	0.12490859	0.044417515
442	1.0843792	-0.097177391	2.3331676	858.6223	10.86754	10.205233	0.036866265	0.092631676
443	1.1970305	0.34359034	0.67380817	8985.6002	122.74502	99.305644	0.043364859	-0.22092766
444	6.1133158	0.92255323	0.74935911	3898.5216	51.244877	28.321143	-0.0012920111	-0.025541855
445	3.183257	0.67645076	2.6954273	3175.0922	79.885971	33.319918	-0.042210755	-0.056554535
446	1.4864908	0.99495371	2.3933164	5367.4906	16.829937	14.375862	0.38807587	0.21564706
447	3.7247832	-0.13783818	2.3782719	5643.6319	62.452131	51.15582	-0.070858978	0.13833638
448	3.906903	0.21214161	0.36107386	9258.6577	82.103117	61.471548	0.16610409	0.19361834
449	0.49147205	-0.14818532	2.1112503	200.63713	3.1665183	1.4328733	0.30650686	0.0014486363
450	0.40567401	0.5998524	0.55924662	5363.9023	171.79123	146.24756	-0.0012530596	0.066816006
451	5.0069684	-0.96622199	0.69871754	2551.9581	41.601144	34.001978	-0.052082649	0.12956531
452	0.99330731	0.31368211	0.76253823	128.60214	1.332566	1.2134681	0.071498459	0.014293615
453	4.9609265	-0.56979029	0.70194091	746.10891	13.234977	1.6677486	0.20278555	-0.16370782
454	4.7054782	0.4405214	2.6512696	3623.1601	35.212441	13.728447	-0.017518823	0.046834919
455	0.082251524	-1.2135991	2.199327	3510.2883	43.016029	41.686388	0.048968518	0.15140744
456	4.7896706	0.2777761	0.69517334	3257.3402	23.321964	21.767564	0.046824787	0.043226362
457	0.31008523	0.67866699	0.21784969	816.01052	12.930593	2.2859563	0.0030838378	-0.11301391
458	1.0849349	-0.71162035	2.6249772	2906.147	16.021902	13.63115	0.044365803	0.070580631
459	4.648119	-0.338701	2.4284287	7412.6433	81.046523	63.816535	0.32042969	0.0011005442
460	5.9303127	-0.37266261	0.83301646	971.94388	10.555407	2.5110214	-0.036696512	0.2771255
461	3.5810776	0.67833528	0.970229	5164.423	39.845045	37.481374	0.24072593	-0.035599799
462	5.3425631	-0.051971779	1.9403178	1041.3078	28.628178	21.839582	-0.071895707	0.084685826
463	1.4172355	0.50730068	2.4716301	419.04952	2.2901955	2.2688059	-0.040723279	0.090466855
464	5.7362186	1.1147264	2.8315165	10642.422	65.900616	55.587189	0.0044223673	0.39357677
465	4.6597698	-0.27353027	0.33246731	1600.4557	12.887262	11.037244	-0.1711474	-0.0005258045
466	3.7079946	0.71939158	2.5620452	998.0623	53.286798	43.238186	0.22077002	0.026136483
467	4.1329693	0.6826008	0.58127838	1139.785	11.92178	10.923237	-0.034955424	0.023373587
468	4.3171016	-0.41983403	1.8962829	1947.1555	100.7207	40.61876	0.014384432	0.012247931
469	2.1802093	0.18353073	2.3996818	1049.7261	11.648808	11.638451	0.0069991925	0.035717816
470	4.4465907	-0.52462484	2.1040702	216.00611	1.3677682	1.3550302	-0.048042186	0.13484686
471	2.3288226	0.63349961	2.306453	6238.4481	43.676422	33.799099	-0.13942007	-0.045772513
472	3.2778766	0.65023905	0.52272703	7394.7535	92.354476	73.777112	-0.0018617442	0.049550618
473	2.2926889	0.5799	2.5627262	6114.952	74.995967	59.523683	0.048994088	-0.13311793
474	5.8907613	0.17817438	1.2636464	1594.3523	45.58851	45.187411	0.0024109269	0.24023191
475	5.8097133	-1.3495172	0.70686531	403.51415	3.0368925	1.5280033	0.059463907	-0.067862938
476	1.1815526	-0.52718152	2.339339	1958.4045	14.137238	12.181014	-0.11749973	0.13244369
477	2.5280747	-0.99574411	0.78360908	6715.0591	55.607821	48.570893	0.05778353	-0.16841862
478	4.7100899	-0.28283277	2.2798858	1538.6312	36.994008	27.440994	0.39063051	0.079679069
479	2.7397926	0.077628178	0.60531177	2875.061	15.353447	14.519828	0.491459	0.35805721
480	5.742523	0.53813048	0.8450416	2582.998	53.681295	39.024979	0.13466452	0.010023017
481	5.0507361	0.63640823	0.44279109	3361.9856	15.317537	15.017179	-0.0067394033	-0.0065816145
482	4.8726318	0.20104489	1.9517368	1862.8146	50.464605	42.755585	-0.039095837	0.00014897891
483	3.2150218	0.92762756	0.25973596	2812.973	13.167184	12.913645	0.024850851	0.12455297
484	5.3297877	-0.45971121	2.6898596	1871.8692	38.934361	12.415529	0.50608736	0.049481656
485	5.5162169	0.015538645	2.3601215	5880.4474	163.36839	66.193325	0.0025811987	-0.089380539
486	0.044165834	0.12219182	0.45868948	4381.069	55.387946	54.262906	0.0058716849	0.33506549
487	0.99306268	0.41354738	2.9388185	518.91591	40.757945	7.779231	0.057770023	0.051913754
488	4.0540297	0.85480846	1.1511511	3407.1484	115.34343	87.496791	0.018859012	0.16948823
489	3.242859	-1.2468725	0.73927185	8679.9891	66.302657	52.920594	0.1411684	0.28518155
490	6.1475923	-0.059411763	2.1609796	1436.8028	16.194072	9.538206	-0.00078716997	0.034513319
491	0.69668825	0.29216408	2.8487086	4195.3044	57.691971	40.68504	0.18591916	0.21393225
492	3.3719573	-0.71864854	2.0946678	783.83375	20.504315	11.911601	0.082353486	0.050608406
493	0.36596001	-0.78422244	0.29662954	3288.2719	103.88554	89.158615	-0.0341362	0.029317178
494	5.032147	-0.2933992	1.0761198	3629.4943	54.357016	52.057885	0.055413019	-0.041506178
495	2.4657367	-0.18099248	0.7845765	1383.3173	45.271881	12.411627	-0.097421133	0.1841693
496	3.9508437	0.98838672	0.36394465	2125.4982	13.325953	11.513567	0.19770196	0.229682
497	4.702853	1.148169	1.7174373	2424.6722	43.312668	11.700049	0.17050714	-0.0041808852
498	0.41921332	0.95946444	2.7358063	1679.5302	52.049352	42.783813	0.02344579	-0.33823828
499	1.7323155	1.0728166	3.054899	456.50436	1.7958227	1.3480106	-0.20520532	-0.035184459
500	2.945072	-0.71564585	2.6722091	3083.9455	29.838635	14.426877	0.023439139	0.044267694
501	0.039659074	0.82135656	2.7968135	1875.346	9.7327701	4.9305551	0.007878252	-0.019331773
502	4.0764725	-0.59625523	2.8387551	6584.3664	53.792991	52.596729	0.0047798021	0.054288991
503	4.9396989	-0.66039683	1.2584026	493.83517	2.0820068	1.4195668	0.1370338	0.1341627
504	5.9229895	0.1611058	1.2667175	1407.5448	54.594938	37.885577	-0.0037082099	0.13844372
505	4.9404048	0.97446992	2.3570937	7644.6801	75.817134	36.841099	-0.045515946	-0.1113527
506	1.2173507	-0.54733131	1.985612	1113.4642	14.058932	8.36511	-0.045944098	-0.14400693
507	0.86659033	-0.17246844	0.57627471	686.44912	12.159864	1.6092573	0.0010327875	0.013853397
508	4.2724915	-0.017139	2.6923134	462.38151	2.4412471	1.6355019	0.18812484	0.022325652
509	4.0812008	-0.43524318	0.9560574	2083.4214	22.015238	13.681528	-0.022207209	0.044073538
510	2.3522334	-0.32140043	0.55084737	2720.7135	15.221399	14.788782	-0.14048485	-0.2386833
511	4.4197952	-0.9407694	0.87333763	1485.973	26.789685	12.25807	0.18370196	-0.12182747
512	5.9633704	-0.38393272	0.38813054	312.85175	1.3722507	1.3644433	-0.013296047	-0.066557507
513	0.32207181	-0.7984956	0.18701055	4336.9097	15.693945	14.667582	0.2069731	0.053614788
514	4.0054246	-0.50456606	2.2405293	4953.9404	46.221384	15.595522	0.00066998946	0.19962151
515	4.8255301	0.64796003	1.7682814	647.68704	23.716984	13.351955	-0.013896004	-0.0090313116
516	5.0504573	0.92882725	0.17802614	336.67801	24.828458	1.5672525	0.4135068	0.1432371
517	2.5092481	-1.1170362	1.6370895	1478.3974	14.236532	11.725436	-0.038371597	0.18786825
518	0.051156181	0.71797977	2.1249102	2830.8928	45.099762	29.130914	0.13216515	-0.07451406
519	5.6325345	-0.43841322	2.568941	2633.885	35.182157	29.877715	0.020737054	0.18852597
520	5.262562	-0.57421277	0.49825425	519.35808	2.1896552	1.381723	0.0093606723	0.12356119
521	5.5252169	1.3018389	2.2055202	1163.948	9.3555681	9.0490844	0.019238224	0.0035090729
522	1.3242724	-0.85955603	2.3100174	6587.6089	56.834897	56.825197	0.030455101	-0.072645693
523	3.785517	-0.28641387	2.3923889	1559.7873	33.050045	5.0515531	0.15661887	0.15960297
524	2.4085732	-0.92326047	0.64830918	1386.3545	32.250776	3.8470919	0.0076340887	-0.013246213
525	2.4027929	-0.57929629	0.52407159	493.94217	8.1809255	3.4248976	0.18775193	0.093776576
526	2.8543972	0.49715595	2.7730534	2771.3602	13.14971	12.363942	0.028433266	-0.0044778069
527	0.28113885	-0.76289193	0.86529844	4799.6636	59.731499	46.98004	0.24387364	0.084861685
528	4.3313004	0.3492111	0.66102287	2357.9261	31.95708	19.995391	-0.23827944	-0.032804133
529	2.2094858	-0.23007857	2.0669612	1917.3257	49.297907	46.495112	0.047470404	0.098772295
530	2.3405597	-1.1097505	0.96634115	2529.2882	14.593187	12.841278	-0.15397748	-0.0037571884
531	5.2096808	0.96195461	0.474533	7127.1185	88.007887	68.499367	-0.044248768	0.36207131
532	0.61392166	-0.63262557	0.7877979	976.17373	48.326971	43.378029	0.06303907	0.13872578
533	1.4302084	0.4315347	2.5751217	1540.1996	57.745254	39.368845	0.21524998	-0.053280937
534	4.1265534	0.69358501	0.84608991	2722.4041	12.344526	12.250104	-0.061082294	-0.0029139319
535	4.9164424	1.3615291	0.65929349	786.26257	11.712425	2.0268984	-0.021692086	0.16701252
536	0.57076351	-0.26543776	0.27121046	929.6296	10.490986	9.2499621	0.064857777	0.015623785
537	3.6338678	-0.53606121	1.3994734	488.26731	28.071401	10.400977	0.058670776	0.020927667
538	4.7379518	-1.5268221	0.55729634	2124.6136	14.584431	10.688178	0.16102987	0.15538984
539	3.6553974	-0.455398	0.97252039	2649.43	67.429117	59.321186	-0.091201251	-0.030418073
540	1.7106052	-0.832744	2.344923	1936.2161	13.308712	11.676835	0.06532181	0.24889791
541	6.071405	0.8387946	2.5450873	5237.1934	115.5034	46.416707	0.027214904	0.2041736
542	0.083675279	0.84012121	2.8187352	1426.1722	45.16399	34.063133	-0.029413878	0.11623689
543	3.1468913	-0.41972592	2.706252	3641.0778	36.423322	16.401069	0.23665121	0.0037626053
544	2.4031715	-0.25522693	2.1250781	3439.9902	117.94359	58.864926	0.012795763	0.080999467
545	5.4538014	-0.30145734	2.721945	311.06176	9.9372853	9.1038429	-0.097607639	0.098333721
546	4.2559113	-0.33106237	1.6934324	1123.0198	58.81101	38.791993	0.53280977	-0.047844687
547	5.195342	-0.13585222	2.2666294	5237.5229	134.50036	54.241456	0.014384432	0.012247931
548	0.36210299	0.34127254	2.9465833	6361.6954	59.27672	54.927361	0.096210236	0.16500534
549	5.4156947	-1.1219411	2.2343832	2623.494	50.924303	31.961156	-0.13444607	0.040112433
550	6.2503658	0.2069981	2.0490226	3060.832	44.23815	40.981166	0.088963521	0.1660307
551	2.492952	-0.59410877	2.2453561	1303.3434	10.636462	9.6339278	0.31331282	0.0077512279
552	4.8609244	-0.24478658	0.36749143	1736.2601	44.764164	34.761211	0.030156609	0.22711124
553	4.9728526	-0.52630116	2.3401708	6916.4299	108.91209	60.837696	0.032749044	0.036391983
554	2.5489294	-0.38773652	0.2086043	1161.7523	10.747828	9.9914104	-0.0071865015	0.068637538
555	3.5405382	0.91940312	0.41411695	3308.9321	70.324077	63.034257	-0.0077691063	0.063089517
556	4.2856084	-0.54607583	2.5969242	2482.0162	48.50726	34.418829	0.067083408	0.13491339
557	2.8274442	-0.7938218	0.63140434	10632.119	85.199808	53.473179	-0.13444607	0.040112433
558	5.9777386	1.1942137	2.190126	1080.5996	17.56194	16.044384	0.090588157	-0.20533783
559	0.2062601	1.0564803	2.5560218	7612.983	76.354586	59.849833	-0.0051462806	0.22205437
560	3.2554762	-1.4923951	1.9011429	3274.09	115.98158	60.894105	0.046693608	0.020361655
561	5.6803275	0.14310661	0.56398014	450.54803	1.71543	1.4912954	-0.014527431	0.16349528
562	4.026728	-0.46051489	2.0965233	383.48691	9.820824	7.8816142	-0.13527143	0.081843214
563	6.2615737	0.42665915	0.57003035	329.55115	2.1555	1.7770803	0.0017325507	0.018039502
564	2.4407757	-1.1138799	1.1392835	2574.052	55.819702	49.064365	-0.098800496	0.17215364
565	2.9541406	-0.092804521	0.80037948	847.57559	3.607119	3.2617493	0.1182462	-0.061585665
566	5.2310016	0.44877658	0.76550197	1067.6274	42.251407	25.353815	0.067242281	-0.1112683
567	1.1740444	0.7860021	0.96114305	7139.248	108.39058	91.390269	-0.02938081	-0.019818092
568	0.76138168	-0.054825472	2.7069826	10243.712	109.94792	87.842766	0.47954071	0.10881824
569	3.7871275	1.4039769	2.3205728	4043.5959	43.31838	30.925297	0.16957175	-0.01879553
570	3.6799273	0.71660583	0.94068033	2547.3235	13.655317	11.365899	-0.3761396	0.15585107
571	4.0626803	0.017184351	2.3218592	2401.6787	53.666647	45.337025	0.016705556	0.54198174
572	0.089592517	-0.45955854	0.45288012	931.97039	15.345564	10.879181	0.20365831	0.14823909
573	3.7852688	-0.54899007	2.8574142	4727.2827	52.893926	36.805697	0.3978957	0.25412579
574	4.720792	0.75660032	0.50714541	5406.9446	59.834054	58.602316	-0.21353284	0.19544865
575	0.020197269	-0.46276092	2.6692832	4843.8242	111.94659	75.496422	0.19758827	0.25266071
576	3.3812159	-1.1281605	0.92828377	1635.2602	12.178113	10.834666	0.26499215	-0.017765864
577	2.0115708	0.9910191	1.7075901	376.29696	9.0750425	8.9086312	-0.00077653646	0.043909544
578	5.4084743	-1.2607601	1.9210597	1281.1037	17.626281	11.874169	0.0064673494	0.043002329
579	1.8956729	0.27741419	2.0570907	1478.095	12.194119	10.952663	0.01935717	-0.02336105
580	2.0915601	-0.89701621	2.199447	256.69205	10.639962	1.7552421	-0.036549964	0.26491812
581	1.150546	0.28671033	1.537002	981.31419	12.366123	11.863838	-0.10459541	-0.00030800801
582	5.6436274	-0.27613865	2.3928039	932.13284	17.541292	8.3888237	-0.13755378	-0.094870457
583	3.8282577	0.13025029	0.26360855	2889.1996	19.979411	12.48722	0.066892435	-0.0080187833
584	5.906043	-0.50647471	2.4962587	3295.07	14.626097	12.809724	0.17220382	0.042831616
585	2.5123667	-1.0053756	0.55836219	3688.0857	53.616053	47.547376	0.023462591	0.088789859
586	0.5546788	-0.48953438	2.3696974	187.3131	2.576965	1.3901548	0.04589504	0.037167413
587	5.3209303	-0.47788025	2.3078072	3629.4555	85.151986	42.138643	0.19261646	-0.041322567
588	4.6751256	-0.40271448	0.50498561	236.30138	4.8293036	1.2741671	-0.099776106	0.053204425
589	5.1306522	-0.35679073	1.5192907	1159.3046	13.925813	12.464245	-0.10333507	0.10203351
590	4.2959318	0.19979566	1.144445	194.33509	9.6687828	1.5046503	-0.030091917	-0.013077928
591	3.5637422	-0.47187592	2.6301269	2092.5715	13.855019	10.532283	0.069425823	0.076474776
592	1.0001488	0.45243654	0.73298228	5115.8944	66.069702	53.580106	-0.11764735	0.034982355
593	4.476893	-1.1882219	1.1323697	1726.3083	30.439657	25.66824	0.21564556	0.14685691
594	2.9812642	-0.11611762	0.3648427	2234.1615	12.55505	12.460009	0.074912133	0.044921839
595	4.4472473	0.192148	1.7220324	390.10669	8.5661428	2.5089722	0.11318006	-0.03409959
596	1.1630645	-0.54711864	0.37988432	3000.8578	13.32725	12.690134	-0.003877477	-0.32879968
597	6.1068283	0.59972966	0.29829169	1869.8954	11.933697	10.050121	0.20200207	0.27433479
598	5.9430526	-0.6516154	2.0199196	2393.8396	29.000591	23.233312	0.12736556	0.099580928
599	5.3072561	-0.76673901	0.96832578	2781.6945	48.293416	23.389136	-0.05081187	0.20287971
600	5.4391291	0.81345561	1.9473139	426.0418	7.7938565	3.5238539	0.082266357	0.17922194
601	2.0669193	-0.62087095	0.46264378	4912.0534	20.566544	16.145251	0.13828994	0.0065725848
602	6.1302742	-1.1299229	0.25852688	3341.7447	76.132502	51.23738	0.019479681	0.036687367
603	2.0877992	0.15949651	2.5893816	3381.5071	58.967384	49.815032	0.016705556	0.54198174
604	1.6569981	-0.19302335	1.232738	191.89928	1.3922046	1.3140025	-0.10288901	-0.010997684
605	6.0799118	-0.28348083	0.21943161	469.00913	2.2575758	1.7614425	0.06622587	0.03774096
606	0.86073383	0.6182576	2.3811607	1066.3094	29.738592	11.92187	-0.31497653	0.070235867
607	3.2650821	0.69576993	2.5504115	6418.4577	54.306381	39.028349	0.085710919	0.061575827
608	0.9833435	0.37895644	2.5980822	3382.797	83.392465	65.727498	0.029508956	-0.010005764
609	3.2457841	-0.71598216	3.0473851	1159.1191	14.777803	14.450158	0.065827631	-0.0030920992
610	2.7767931	0.83449522	2.4242503	6847.4754	76.326335	45.078243	0.14671925	0.29092129
611	0.51629961	-0.42489351	2.8898016	1000.3685	24.780979	2.3904645	-0.024342112	0.18045649
612	1.2614178	0.025752048	1.1459097	2911.0759	53.499108	39.55368	-0.095438084	0.11571606
613	6.0889873	-0.84449629	2.4420141	7342.687	82.194515	50.300425	-0.12400908	-0.24937324
614	1.9574026	0.85311371	0.95041787	5656.6345	60.704449	52.196908	-0.02222514	0.10026487
615	4.9052281	-0.64275026	2.4129713	9109.8332	90.069448	58.367096	0.070178691	0.0047560312
616	3.5074757	0.64453737	0.67275307	7324.1241	49.990303	45.559626	0.36344168	-0.1850457
617	3.7236192	-0.14784227	1.1178479	1451.8561	11.824098	10.977745	-0.14231106	-0.13738292
618	3.0027422	0.6927268	0.54944172	2930.0184	46.006729	38.997177	-0.0060012522	0.032785977
619	6.204207	-0.89420389	0.61679952	436.0875	9.6809037	8.301764	-0.030975434	-0.18798144
620	0.82678254	-0.16667328	2.668028	7231.7159	57.726707	54.816786	0.0055929719	0.22335253
621	1.2046477	0.42487763	2.6577942	8206.8417	84.861805	44.191792	0.1767031	0.26042297
622	2.1876051	-0.18787865	2.0666532	4071.7902	56.423483	36.792259	0.0041695779	0.086700392
623	3.3680615	-0.95050367	1.0273021	7934.1534	66.025103	48.381105	0.055020158	0.061169822
624	4.4001293	-0.38535585	0.88241491	615.83365	13.167236	11.323224	0.13712238	-0.019225886
625	2.9419088	-0.49915265	2.8710081	4288.3585	40.340367	24.790176	-0.002659408	-0.080625792
626	5.4775954	0.97500947	0.49755317	3711.8103	107.04289	87.198895	0.11345811	0.047541019
627	2.0629423	-0.087430312	2.3628887	919.44488	10.539365	1.8626107	0.059114257	-0.017844388
628	4.4132194	0.19128311	0.89741303	754.36054	9.8657818	9.8326346	-0.0085975755	0.1150059
629	3.0393477	0.63723572	2.2231092	2847.7582	46.269389	11.290965	0.11097158	0.084861333
630	2.633147	0.12413204	2.5605413	93.297233	2.4767369	1.6197291	-0.012000315	-0.03714022
631	3.3229327	0.55273567	1.4800072	4904.1914	150.08948	43.58844	0.014030666	0.023215529
632	0.50558796	0.45136131	0.66275837	6304.8149	54.035152	42.597298	0.021525712	0.048412998
633	0.94603217	-1.1300056	0.61678329	623.0391	1.7159574	1.549804	0.081630398	0.17603069
634	1.1590886	0.48211543	2.5069676	1765.5158	32.635526	27.968596	0.0062139443	-0.09572266
635	1.3132615	0.60378401	2.1247259	3860.7802	56.351923	33.180922	0.088024021	0.24323927
636	1.2526359	-0.91170772	2.2578651	6564.5419	75.433559	70.425628	-0.23341293	0.11234399
637	0.41520727	-0.1918346	2.170941	1428.1056	17.771409	13.175721	0.059899592	0.16099727
638	1.3223895	-0.72674191	2.2513262	6015.1027	70.009296	61.374624	0.0086136274	0.0060119628
639	5.8554104	-1.169074	1.8072083	5755.0491	55.455613	51.88797	0.074048019	0.069916708
640	5.7735485	0.23125156	0.62783425	3557.1189	53.222828	49.075304	0.24863707	0.055732756
641	2.2392345	-0.26342463	0.8431678	907.50048	9.5821383	9.5543005	0.062791692	0.23535679
642	0.46258984	-0.41080556	2.9222574	7284.9594	59.202124	40.362491	0.20899494	0.31257522
643	3.415301	-0.73993059	2.4521903	4231.9369	64.026153	58.833048	0.038825842	-0.00060884812
644	5.2812925	-0.33250042	2.7183196	2961.633	40.706336	15.558567	-0.086051208	0.13202127
645	6.0092272	-1.1522494	1.214487	3360.4562	44.398273	32.283921	0.22871403	0.53636873
646	3.5053582	-0.80857585	0.20673487	15422.602	102.17922	94.853888	-0.0062039186	0.002212056
647	3.3902461	-0.82428404	2.7548679	3951.2346	94.740511	57.051809	0.43803161	0.097087998
648	6.2143744	-0.80154708	2.5649511	3631.3955	47.821908	45.710719	-0.015058756	-0.1404684
649	4.2516973	-0.6772277	2.9467404	5816.4964	141.11055	83.663482	0.097940037	-0.62301889
650	6.0953116	1.0848839	0.13895119	1871.8322	11.785554	3.7104821	0.25840267	-0.034688743
651	6.0574161	0.054462834	0.6342275	5685.5991	54.483905	48.562044	-0.00074850977	0.17407739
652	4.4750014	1.1927259	2.8309561	4462.9768	83.431792	63.355368	-0.12085711	0.12896192
653	0.35373965	0.87335376	2.4808762	2010.2827	46.267009	2.8305793	0.1216792	0.044462737
654	0.44119433	0.66617664	2.6872433	458.29956	2.1364711	1.6553042	-0.019620274	0.041660549
655	4.0766577	0.53651851	1.94956	1843.195	40.707674	31.473634	0.18987837	-0.016130636
656	5.9726408	0.8231891	0.23617928	3107.5126	13.080305	11.398632	0.094169897	-0.18494636
657	3.0225648	0.9111069	2.1716556	491.19797	11.045039	9.3029739	0.25530925	0.036483635
658	0.34211576	-0.17225059	0.31918888	5079.5051	74.467141	64.344841	-0.10185473	-0.11937733
659	0.52308739	0.32312923	1.3745809	5090.5509	71.210128	38.524644	-0.064535884	-0.026126207
660	2.0076601	0.14737669	0.60584158	1439.9673	9.7312519	8.1170331	-0.0032577808	0.036104648
661	2.8427246	0.02450407	2.2119737	5824.2017	58.618901	45.12587	-0.14583631	0.10857352
662	6.2310686	-0.9063568	1.2131858	193.13549	1.4427685	1.3105739	-0.014191352	0.018529452
663	4.8043397	1.0329307	0.55258894	1998.629	53.350152	39.061289	-0.02622397	-0.065739524
664	1.1846447	0.45146109	1.6478252	172.13628	1.393653	1.2345834	0.04199112	-0.10126793
665	1.1945583	-0.12840748	0.31290898	2097.5804	52.578334	11.878527	0.04962897	0.13561823
666	4.4779915	-1.0738345	2.2301271	3658.6909	99.130498	76.443283	-0.363872	-0.064323157
667	4.3482064	-0.55920737	2.700193	4410.3712	57.950474	31.673973	0.27752256	-0.0073668504
668	4.0460273	-0.26323312	2.8238311	566.8441	13.984089	8.8904177	0.047966771	-0.040948014
669	5.5022848	0.0024863466	2.0874966	1619.58	12.082783	9.866336	0.038007135	0.021207321
670	2.898473	-0.97277254	2.6907532	1378.3435	45.791812	1.6040443	0.0041761024	0.073665408
671	5.6026512	0.87696123	0.95561713	707.32073	9.5237297	1.5219744	0.015762723	0.003086461
672	4.6909396	0.85164159	2.9452504	2668.4557	15.834452	11.949579	0.22131427	0.036797895
673	3.6763502	0.013395681	1.9857694	1490.6088	11.991748	11.057055	-0.20839744	-0.15979466
674	1.3298704	0.6866303	2.8185589	1294.1184	10.305182	1.4894555	0.22847182	-0.075555151
675	3.8577567	-0.1278505	2.3848578	2952.5109	18.169944	17.078804	-0.025740755	0.00043431853
676	2.7652068	-0.16388385	2.6043393	2438.3017	12.373932	12.082156	0.10974129	0.15388493
677	2.1498125	0.81407589	2.7329813	911.32832	10.751772	2.1068799	-0.33707305	0.087843996
678	1.0056175	0.56802561	0.51319096	2491.0916	12.095942	11.332467	0.14733956	0.03052686
679	5.3862741	-0.18012968	0.29868852	2930.2399	105.42826	38.306286	0.04431993	0.018770276
680	2.6298692	-0.48386352	0.32978085	9264.7386	142.4033	59.960419	-0.0027128321	-0.27607935
681	4.9904886	0.15050729	0.76900629	6451.4151	60.100962	40.60361	0.064080891	0.099762949
682	1.7348918	0.61426875	2.8140446	4422.1901	47.987332	47.784677	0.090887168	0.11900726
683	4.1314004	-0.54697143	0.49245912	3614.9131	92.171909	13.813016	0.073893032	-0.062757907
684	2.0066968	0.46403191	0.4968426	788.18989	10.197434	9.650978	0.13048129	-0.090230964
685	0.47323922	0.70118757	2.2941951	1233.7016	11.556288	11.414798	0.24967108	0.21076856
686	5.538359	0.50930845	0.52814267	1009.0243	27.696103	9.1555689	0.00082615966	0.096219077
687	5.2269858	-0.032754707	2.577074	2087.5119	11.910417	11.848468	0.00085970157	0.026045927
688	0.87132843	-1.26299	2.8209395	860.21392	11.742943	11.147186	-0.59667061	0.12764529
689	6.0212901	0.55914728	3.0605682	17393.475	110.26593	98.482022	0.22402467	-0.082676871
690	4.2518199	1.1817336	2.3506886	1255.3092	12.163478	5.3575502	-0.015544711	0.066549195
691	5.5825273	-0.14621332	2.6991084	4693.8596	52.646646	43.819599	-0.012409799	-0.039368663
692	5.3916633	1.1743087	2.6031357	1454.5143	13.114148	10.466827	0.2403925	-0.039840835
693	1.2521614	-0.047438138	1.4041244	1335.2294	46.402681	11.961492	0.33675382	0.097822982
694	1.4907032	0.89354585	0.1252254	3165.6231	14.873279	12.829634	0.19899609	-0.10270337
695	6.2434358	-0.56999054	2.1247983	634.02309	10.676733	9.342889	0.062571921	0.040791663
696	4.3446298	0.016717545	2.1935045	3069.9123	52.99521	31.784764	-0.29988258	-0.12588985
697	1.1483366	0.65592033	2.6746674	724.61871	1.4561897	1.386779	0.013959773	0.19816512
698	2.7758227	-0.063798563	1.7352289	2027.4386	44.121717	33.445454	0.029347231	0.13630504
699	2.3823751	0.4575622	2.9404342	129.86253	1.360905	1.35392	0.078158114	0.016681988
700	2.6759855	-0.49398831	2.6531062	7368.8212	54.604325	30.431106	-0.052188083	-0.0085070891
701	5.6531716	-0.65079711	2.8615992	2015.0316	13.491176	10.147209	-0.15807172	0.020004672
702	0.96276114	0.42939791	1.4043388	1582.8958	12.314566	11.524643	0.033696742	0.014543078
703	0.25552612	-0.07547373	0.27581609	7557.9002	42.905109	37.683058	-0.37682816	0.041337698
704	3.3766722	0.68348308	0.58922592	1763.4706	8.6775157	6.7959637	0.083537074	-0.00391321
705	0.13308101	0.28744773	0.527134	6317.3028	54.742407	46.751085	-0.14618381	0.0018518276
706	1.6826213	1.0337428	0.68635843	329.34781	9.0899577	1.9428789	-0.027340599	0.0063016076
707	6.1846504	-0.76578073	1.9226693	250.34953	27.369447	23.214064	0.050644357	0.036425895
708	2.4751098	-0.66798939	0.46606176	2262.0579	12.226964	11.067657	0.0067839669	-0.26805941
709	4.5321855	-0.47448373	1.4136826	1088.179	10.477223	3.5156389	0.19891876	0.0011071305
710	1.1696863	0.1921595	0.83180245	4971.479	49.563242	33.682276	0.46849456	-0.046350212
711	5.3617328	-0.77315007	0.75360097	597.97001	10.183551	9.5959149	0.065271892	-0.10612405
712	0.95254348	-0.261437	2.3257155	670.70641	1.9579384	1.9216615	0.013373034	-0.09950103
713	3.029567	0.9714508	0.1064176	4089.4049	23.19914	15.363744	0.42824716	0.082497003
714	2.2405309	-0.63938075	3.0725845	6886.2722	20.269848	18.965451	-0.00063397822	-0.019880048
715	5.4029073	-0.061204601	2.1358242	4134.6092	112.54868	76.44173	-0.023816112	-0.0096581662
716	1.8714068	-0.83739619	1.9264508	520.14774	16.752055	8.2298351	0.026597075	0.376645
717	5.7775849	0.54471899	1.3258247	728.91165	21.257603	11.770495	0.37883652	-0.050826154
718	4.5856918	0.58712516	0.69662244	4034.6424	69.636915	64.554793	0.052277291	0.23846685
719	0.59446988	-1.0740589	1.1864785	501.7576	9.3698695	2.3821852	0.010259651	0.1434856
720	5.8162241	-0.98027037	0.96273649	6027.889	137.78763	109.06916	0.0028939371	-0.39217243
721	5.164262	1.3370816	2.6780663	1351.0738	12.617454	10.209138	0.53498332	0.0021806411
722	2.5868785	0.098874275	1.1647343	4211.9516	57.640363	47.033497	0.075806466	-0.13690238
723	2.2884452	1.1587248	2.9027395	2405.6115	27.305905	10.970575	0.041556919	-0.10682536
724	0.40138321	-0.1324813	2.8050661	2304.2323	46.410615	30.797463	0.021967767	-0.048605705
725	2.1191327	0.26028417	2.8595868	9729.6968	35.98682	34.189974	0.060929921	0.090541457
726	5.2185156	0.54194659	0.81377002	7815.1676	78.136207	66.769338	0.023374621	-0.024224135
727	0.49762791	-1.2203486	1.2197304	837.15557	10.323168	9.9140902	-0.027222272	0.58444204
728	1.2667772	0.45306498	0.38758499	1238.8607	11.821893	11.242528	0.0091302895	0.025963459
729	3.6291712	0.83921097	0.81131886	181.0766	1.7199782	1.3793915	-0.0044800585	-0.066489925
730	4.0639381	-0.87243057	0.7387723	1739.343	54.435646	21.430828	0.0010662633	-0.0027479534
731	2.1199652	-1.2953396	2.078265	3646.037	49.836177	43.608908	0.50977431	0.38437734
732	3.3568599	0.54488349	2.2570398	955.94307	2.7862532	2.0122155	0.031037805	0.017547105
733	6.178422	-1.3076863	2.0785906	7085.4589	129.46559	87.311185	0.19758827	0.25266071
734	2.0573503	-0.55692982	2.4215004	1720.8563	42.856473	41.927961	0.35645673	0.0280498
735	0.087747183	0.61048475	0.68781112	925.73439	12.952001	11.837187	0.55206079	0.10372726
736	4.5340672	-0.19870031	2.8502419	2010.6742	42.113625	28.549357	0.11635619	-0.17831885
737	1.6128099	-0.12407103	2.5762373	7520.9582	65.99768	60.262249	0.0060532084	0.13221584
738	5.7430524	-1.4398464	0.18471061	4122.7355	60.519161	37.81788	-0.01770333	0.051199883
739	5.9220112	0.56618785	2.1196308	266.31453	1.9297001	1.5847894	0.00093479034	0.065407757
740	0.0052494158	-0.12485553	1.2260495	7824.165	112.4607	69.489488	0.55004709	-0.04420553
741	0.59517122	0.99043126	0.046162254	1846.9196	16.598588	13.388798	-0.0029167621	0.040930464
742	3.8448225	-0.76143633	2.7191128	3391.8732	14.743015	13.956382	0.067830295	-0.23893775
743	0.81032889	0.1318375	0.3971431	822.72418	37.028245	10.988213	0.38831387	-0.042975278
744	1.7904122	0.70042458	0.73620263	2090.2777	37.70673	33.371294	0.063604377	0.31350074
745	3.9778999	-0.59938464	2.7352434	3997.9904	16.798718	15.620996	-0.028850029	0.30347607
746	4.216671	0.39797438	2.5521035	2495.2399	29.722089	26.5104	0.26403062	-0.14739791
747	3.8473318	0.54005438	0.60506661	4684.1882	46.032449	15.680183	-0.00014729451	-0.10987389
748	6.0853528	0.094924677	0.7495203	3440.8827	25.542773	23.567583	0.020261413	0.045077337
749	1.1116094	0.90339726	0.55622382	1626.638	46.896937	46.263882	0.020618347	-0.024738609
750	2.6894911	0.64489384	2.4759768	199.80035	1.2926165	1.2301081	-0.059650707	0.054442936
751	2.2661873	-0.68724514	2.4086222	3309.3161	56.321235	16.892325	-0.073850152	-0.069161592
752	5.1759748	-0.099448139	2.1907482	623.98619	12.693528	1.7646163	0.078143896	0.34776389
753	0.34318659	-0.39541039	0.5229308	6294.8767	69.74586	65.026609	0.19144206	-0.12936384
754	0.7366969	0.72306513	2.7439283	867.53447	12.131307	6.523111	-0.41407768	-0.045393275
755	3.2540009	0.42559338	1.220461	1404.4761	10.594547	10.213184	-0.071167362	0.056380524
756	3.7123084	0.16196529	1.6492079	2613.8554	53.760277	43.411811	0.13838858	-0.050530002
757	2.6571464	-0.18729146	2.6980512	418.35207	1.8157796	1.626281	0.027204794	-0.16382986
758	0.37486765	-0.10322196	2.1710426	208.26136	1.6181006	1.2080025	-0.023934798	-0.012143611
759	3.7067353	0.39907447	0.85256067	1636.0292	11.506524	9.9576114	0.19606748	0.21231805
760	3.9205333	-0.24949032	1.8299789	1561.3229	78.935967	47.358111	0.15988563	0.013044954
761	5.8143355	-0.16792691	2.3596075	1629.1799	31.11638	12.171469	0.2588168	-0.031467261
762	2.6458416	1.218494	2.6234586	3926.7013	57.035988	34.81289	-0.012730157	0.063170911
763	2.4041216	0.10705522	2.8642039	2176.9736	15.579172	12.185028	0.38183915	0.061652245
764	2.0942472	-0.23015033	2.0854656	3286.9312	72.738997	41.654493	-0.024336918	-0.052489445
765	5.1022479	-0.63481241	0.20117489	1430.7858	29.325958	12.086352	0.02911397	0.082815707
766	4.8222206	0.42631647	0.42386182	2789.0018	11.618124	11.567593	0.015927735	0.15192657
767	5.0870468	1.0876069	1.0481029	1064.3106	38.513979	27.164916	-0.48617219	0.08464764
768	1.2790212	0.62251984	0.92001559	261.0275	2.025094	1.6298487	0.077051255	-0.04228681
769	3.6661485	0.97922181	2.1784384	7092.9836	78.295956	60.97283	0.070620966	0.022415075
770	4.1587633	-0.80005796	0.85077756	992.95534	11.747103	3.4705891	-0.049108628	0.013875858
771	2.8275359	0.96775714	1.9078172	2133.5015	19.048946	14.586708	0.20882627	-0.019921851
772	0.57647477	0.97924433	0.93557624	289.09867	2.5103826	1.7308339	0.17884677	0.002707113
773	5.5800625	1.3611146	2.3524326	1221.7818	81.403662	2.9646418	0.23884693	-0.099150299
774	3.5018276	-0.94549819	2.2911755	2274.7372	35.689388	26.313314	0.074867455	0.015015335
775	0.65026173	-1.3129303	1.077248	875.87483	15.708588	11.140383	0.052870843	0.056314199
776	6.2134514	-0.9907208	1.8292855	378.44557	9.2725078	1.9771036	0.025627966	0.10663123
777	4.8978099	0.68216227	2.5767781	400.36182	9.1383132	1.246157	0.058480643	-0.0045322584
778	4.7685348	-1.0641022	2.4175315	239.1376	1.3143183	1.2637473	0.12415506	0.036947774
779	4.572293	1.4468752	2.7608058	576.51261	40.550589	1.5023245	-0.038420184	0.13697409
780	4.5250767	-0.70461986	2.8472076	1168.0236	11.007087	10.54041	-0.011722045	-0.12387155
781	0.018124978	-1.2770772	2.7210534	3022.0064	15.709927	11.231263	-0.07492754	0.48761431
782	3.0926757	0.91906425	0.89415169	2865.8456	63.929943	59.574788	0.052572812	0.05803096
783	4.7989506	-0.20188065	1.6193586	380.28046	26.332842	2.0523971	0.079124532	-0.26706893
784	1.1805188	-0.90907274	2.748707	4901.2148	16.023945	15.002651	-0.055990803	0.012041445
785	0.53220245	0.30010322	2.6912448	1545.415	7.5597695	2.1653407	-0.015995632	0.056688049
786	1.6335067	0.45774052	1.6407304	605.65872	9.7353444	1.2817729	0.025271882	0.062713899
787	1.8427765	-0.35255103	2.38008	1319.965	28.622525	26.540494	-0.016936953	0.055219984
788	4.0278639	-0.72851509	0.77743999	3975.2915	51.621435	31.180708	0.031849436	0.2510427
789	4.0550855	-0.87389729	2.1582672	790.83539	59.247789	42.930202	0.46474168	0.31567991
790	0.68202145	-1.2227982	0.26681655	3474.5194	52.792778	44.344956	-0.10599461	0.097306597
791	1.926593	0.42932033	2.2881203	1825.0081	44.908037	32.049397	0.021304502	0.15226813
792	3.7584516	0.12082827	0.82429679	6999.3562	142.36099	70.038903	0.022274108	-0.044542853
793	1.5693771	0.60078951	2.2414344	3185.6782	55.430245	22.95484	-0.00024019998	-0.015980698
794	1.8465272	-0.7417613	2.9284273	800.00283	2.3329894	1.8390579	0.04176572	0.013158291
795	3.68237	-1.0345113	2.2893356	2706.56	77.598218	47.14788	0.043129031	0.014249972
796	4.1257805	0.18487654	0.27382598	8354.195	73.735127	59.789596	-0.011379409	-0.29132076
797	2.4255117	0.28127571	2.8519114	6071.7989	54.31077	47.594743	-0.41617079	0.063093993
798	3.3325517	-0.17056033	0.52563426	1632.5093	12.225658	12.166245	-0.077882619	-0.0092898887
799	4.7426039	-0.46939647	0.62763763	1453.3638	34.77295	10.411091	0.26313695	0.29270987
800	3.6302399	-0.037032223	2.1197144	1693.6989	37.053853	28.825062	0.0011120757	0.097392558
801	4.232707	0.62530562	1.0275107	443.92686	33.361101	9.6546509	0.048582396	0.085495396
802	3.8056469	-0.57207501	1.1668535	1783.2599	24.444667	14.026914	0.081531982	0.08924361
803	3.142178	-0.53225065	2.8764201	2773.0187	16.657826	14.704015	0.22984464	0.027764394
804	4.8734591	0.6210929	1.9852592	3831.0306	51.04328	48.715264	0.11615599	0.078632752
805	1.5487117	-0.16096873	2.3843907	2320.9873	17.799145	13.300261	0.0087460348	0.00062754512
806	5.9243265	-0.86934023	1.879404	333.9467	10.784044	9.6033349	0.014754922	0.016972922
807	5.8833222	0.56875573	2.027878	863.08242	10.820011	9.7410271	0.29871317	0.004531894
808	2.0987188	0.022804441	1.2141549	786.464	32.451813	22.317794	-0.13738352	0.0028955689
809	3.022056	-1.0262383	0.14953605	12803.592	118.38335	67.143967	0.1354594	0.47339662
810	0.41682975	0.38745164	1.7061854	1664.6211	26.337158	12.60071	0.3363562	-0.037418825
811	6.002164	1.1587567	2.9590777	334.94351	2.4860238	2.4632071	0.0048002029	0.083576681
812	5.4467005	-0.075694838	0.47992033	1302.1803	45.988101	37.619495	-0.034487445	0.012685713
813	1.8461695	0.15599487	2.9372222	317.0198	9.0919588	1.5453825	0.17276111	0.041983128
814	4.2940118	0.96760291	2.7897004	5928.1006	48.047725	42.411719	-0.014021531	-0.046925013
815	1.4186835	0.78088318	2.5938028	4146.417	52.539706	51.34782	0.016900872	0.017038721
816	2.9388456	-0.20430036	2.3115543	1896.1665	46.702868	45.673706	0.17618483	0.42688285
817	2.2428024	0.7363734	0.48299926	4311.4827	51.84601	40.489937	0.30553386	0.080695581
818	5.3014702	0.5178184	2.0304809	5387.5869	56.411221	52.087302	0.094961663	0.47029863
819	4.0675703	-0.36203594	2.5461693	3239.9738	13.928624	11.713041	-0.0030938811	-0.0035655899
820	0.46205741	0.72882802	2.0261609	2416.7149	27.741903	25.100947	0.0071379149	-0.19907591
821	6.1069473	-0.24011475	1.8283061	1475.8057	27.218612	24.978889	0.23747274	-0.00054996859
822	3.9089746	-0.66672438	0.77339487	407.74497	2.0529531	1.8083384	0.0049719734	0.18825311
823	1.5866984	-1.0588393	2.0355359	327.08559	8.1487575	1.9636147	0.36889419	-0.036251046
824	4.3346626	-0.71549329	2.6563139	1181.8828	21.836954	14.61099	0.1124646	0.14557326
825	1.2600738	0.93117722	1.478766	1774.2399	16.482914	12.533282	-0.044464959	-0.16943643
826	4.4723815	0.99344771	2.8210004	1243.551	81.524231	67.854861	0.35602033	-0.00043261863
827	2.6372427	-1.2746489	2.650209	7462.3971	78.909732	38.826758	0.08118771	0.0058325665
828	6.2277554	-0.48514323	0.32547225	4150.5611	72.599092	28.70354	0.23788622	0.054310286
829	1.1130122	0.19850325	2.515728	1539.1057	12.700687	11.272708	0.053624281	-0.12547248
830	4.5699045	-1.0477336	2.4453512	3204.3628	34.420795	15.858579	0.042959937	0.059125862
831	4.0221462	0.35624952	2.0370087	298.40954	10.780043	3.9412989	0.096179786	-0.096995722
832	1.8616346	-0.89602044	2.6862001	3039.2122	14.649137	12.63605	0.18220347	0.034110503
833	5.3120013	-0.88826985	0.71954088	2267.687	12.508921	11.997868	0.071801767	0.10514422
834	5.3722069	-0.3935432	0.50058793	797.79284	17.06274	11.202197	0.26818787	0.22779641
835	1.1578236	-0.1826985	2.1823033	2273.7702	91.686134	81.689708	0.08251385	0.061446618
836	1.5840291	-0.73437898	2.4075872	2241.4886	19.451211	11.666792	-0.084556213	-0.00037132582
837	3.566673	0.36371943	0.69440352	1020.6361	12.962806	11.987261	-0.22036699	0.0045515174
838	0.31729712	-0.76175962	2.5496656	5866.3355	140.12412	88.554233	0.0092934721	0.0056527436
839	4.4124016	-0.4955506	1.9482775	2265.7938	13.930082	10.733779	0.032656238	0.27333828
840	5.565566	0.054693568	2.2380756	5170.8614	53.223037	45.096759	0.084573816	0.080186323
841	5.1255506	0.20977513	0.21246502	2124.0826	34.225848	30.731995	0.23541376	-0.0058818868
842	5.5393807	-0.1772823	0.33756445	4077.3219	64.373793	43.514009	0.49912687	0.053456703
843	5.1884787	-0.0010220232	0.93094427	1770.0062	11.768424	9.9997512	-0.051973599	0.056817738
844	1.4326423	0.094246693	0.28081534	4096.5261	41.130228	37.613524	-0.043549914	0.024082048
845	2.5245025	0.7896899	0.6513718	3054.3785	52.63598	52.259993	0.0023148974	-0.10608268
846	3.6717539	-0.042381013	0.3729309	1975.2257	13.461139	12.559727	-0.10108245	-0.13898934
847	6.1793294	-1.0586067	1.6060316	180.26292	1.6707073	1.44711	0.054707069	-0.071895168
848	4.7995471	-0.59475952	2.9055615	1142.0315	11.036304	10.56943	-0.091609543	-0.0020004974
849	4.3420438	0.36302696	1.3663667	1335.0492	29.870395	18.740723	-0.068458048	0.14029719
850	1.1405801	-0.2739311	2.2754455	1412.9335	9.3700723	9.2373129	0.16619382	0.12077702
851	1.7761613	-0.408343	0.42750941	4223.2582	18.818579	16.763693	0.090282718	-0.10200855
852	5.4041583	0.098896153	1.6760925	2710.5749	56.448201	52.561949	0.042082539	0.0011507196
853	2.1782159	-0.1993409	1.0274183	198.1053	10.485887	9.3796982	-0.016056561	0.0024708313
854	2.4474359	0.54599907	2.1608297	919.46348	11.464755	10.655462	0.061385506	0.087066936
855	0.86691281	-1.5194174	0.58010657	6929.2599	68.594854	44.471531	0.10124052	0.11617646
856	2.7443426	-0.9692688	0.60847951	5194.3591	66.492758	62.800875	-0.11009867	-0.00075976469
857	3.3874637	-0.27625222	2.1276317	2266.3531	44.265442	36.135337	0.066367569	-0.024151642
858	2.6281548	-0.68541831	2.8203825	195.01512	2.3551619	1.5583931	0.00024490469	0.039588651
859	5.373806	-1.0894667	0.88373093	2881.5492	37.359073	35.579478	0.14074728	0.21963517
860	0.83166548	0.59349666	0.86128525	2021.2317	11.498109	11.30435	-0.044842659	-0.0014757474
861	1.945415	-0.22953921	1.071389	295.99414	7.3888125	1.9138275	0.068290668	0.081096786
862	1.2759074	-0.23680062	0.5275834	2122.8661	14.147574	13.160902	-0.11422354	-0.31083358
863	2.7018552	-0.17568454	0.27842851	10797.493	72.469256	55.229839	0.11410175	0.051414163
864	1.1236789	0.99538092	0.35670449	9469.3021	73.134122	45.739417	0.16905861	-0.060290768
865	4.5889131	-1.3497708	0.72850416	616.56729	2.273742	1.877594	0.29057297	0.10207179
866	4.5576692	-0.59901975	0.33543263	2037.3808	14.777757	14.040665	0.10487145	0.034556834
867	1.575056	0.73492476	1.9415008	6231.4811	70.314754	46.083615	0.29264255	-0.17491266
868	5.3402514	0.33395119	0.44391008	352.12116	1.6571832	1.4391008	0.1006223	-0.0057001664
869	2.485102	1.1266097	2.4803078	1751.2682	22.833401	22.780975	-0.3107413	-0.21127401
870	5.0093099	1.0124684	0.32974315	2467.1029	24.068361	23.352406	0.032070259	0.05442319
871	0.34725311	-0.70349536	2.5859207	3980.799	63.916867	42.843891	0.73115047	0.2133286
872	6.1526957	-0.14535662	0.60393555	2814.5509	41.049624	35.095772	-0.13951268	0.0027720748
873	3.8220049	-0.7086835	1.2485806	2198.7059	96.625839	38.313951	-0.096562781	0.0029968599
874	5.6404465	-0.64894106	2.7347693	902.54735	8.9801185	1.5009364	-0.21077237	0.028083034
875	0.19415661	-0.92464038	0.86917755	1004.1839	12.630284	5.3655325	0.10460888	0.12737477
876	0.25178072	-0.42101076	2.0712261	4002.0763	60.977841	59.663155	-0.058153062	0.029241976
877	2.3349904	0.73373136	2.502218	845.87201	19.628401	4.7234078	0.029513623	-0.11718164
878	3.6813901	-0.0068844813	2.75571	5232.3612	19.194547	15.960732	0.053494559	-0.031412422
879	2.1795761	0.82502548	0.82497372	5246.3614	123.66308	50.537559	0.037597454	0.027355549
880	5.7715908	-0.42616938	1.8217478	4881.1408	54.412515	38.582635	-0.0057553205	0.089338303
881	3.9498133	0.41407283	0.60149141	3239.7972	12.244724	10.212842	0.021814462	-0.045887851
882	0.80656667	-1.1893467	2.5463765	815.51824	9.4584056	2.2131595	-0.054762042	-0.042327832
883	1.7256747	-1.1696875	0.91739241	6165.3832	98.282263	71.21409	0.46474168	0.31567991
884	3.5357453	0.72831722	0.38649214	580.43289	2.2398304	1.4081114	0.11501985	0.045741585
885	1.8115205	-1.0734638	0.69380257	2171.4452	18.712352	14.84696	0.51147555	0.10488026
886	3.9890821	0.25612631	2.5016904	8036.5281	78.146315	61.254263	-0.0051462806	0.22205437
887	0.68294739	-0.72494271	0.57867212	11709.344	97.411948	79.934596	-0.36531699	0.052813894
888	4.9179532	-0.16192222	2.3138364	2981.5774	18.81319	13.218596	0.067772795	0.0027580358
889	4.4368523	-0.97619385	2.8517881	4706.9971	51.057186	50.630411	0.08774205	0.032003531
890	0.74248073	-0.30692231	2.1289326	5319.3939	55.196537	50.328623	-0.0106822	-0.083849286
891	2.8251045	0.53094126	0.40045457	1075.5441	27.705402	20.706759	-0.062374804	0.037920762
892	1.6521714	-0.37849192	0.92333042	1381.5689	12.399381	10.172588	-0.02759304	-0.048640734
893	4.7874923	-0.8526146	2.1991617	1348.6256	27.937711	10.898996	-0.18353693	0.34136898
894	5.8350669	-0.18353019	2.6732591	551.91359	2.2842754	1.7130281	0.2747873	-0.21993379
895	1.0536308	0.32983451	2.7180407	5185.0404	171.77708	117.07405	0.00020294299	-0.052121867
896	2.9847236	-0.55114436	2.6055736	870.14537	11.320326	10.75243	0.10319065	0.13129783
897	0.87964541	-1.0764963	0.90901487	719.83838	9.1229311	4.034179	0.0047357168	0.1034995
898	3.8032837	0.27868056	0.3960987	7267.3301	63.721939	38.220071	-0.25168294	0.039099948
899	1.6276137	-0.5467646	1.7915558	2064.4149	39.880016	38.272594	0.06140528	0.28176489
900	4.2005184	0.74689065	2.7490041	369.1874	1.6877533	1.633371	-0.0041543318	-0.086420158
901	2.9476367	0.22631447	2.896741	1518.8152	13.238292	9.604025	-0.11941399	-0.049513828
902	0.056598366	-0.32413525	0.39060916	3808.9451	42.58858	42.50958	-0.057695441	-0.0091012675
903	1.1000029	-0.27224823	2.5032169	946.11254	2.9501648	1.6308895	0.047335175	0.15750233
904	4.6103201	-0.72769659	2.986707	138.36844	2.3033124	1.5066796	0.13252679	0.11247867
905	0.12644354	-0.042511096	0.48999077	476.39143	1.7067412	1.6651457	-0.067430204	0.01660726
906	0.23246281	0.55330137	2.2456076	2350.4067	19.834704	11.87732	0.023776248	-0.0024021689
907	4.2194958	-1.3452655	0.025999417	4925.2198	52.022669	15.573155	0.0011833737	-0.056809082
908	3.6321778	1.0485119	0.20959613	5977.4031	54.069544	47.215195	-0.043731799	-0.019592972
909	6.2289819	0.61244783	0.094055017	3200.8577	15.375166	11.196889	0.016033478	-0.054657225
910	4.9742147	-0.29234122	2.0397619	2961.7579	57.587617	45.483356	0.0047789928	0.0041637532
911	5.6601807	-0.81412038	2.4636264	777.56311	10.15498	8.8456195	0.10795178	-0.047980721
912	3.1361153	0.9775724	0.71871278	7630.8319	71.868497	55.310854	0.070977857	0.092345022
913	1.2290809	-0.02780699	1.065131	1239.8956	11.595608	9.7063125	0.0048719808	0.13301765
914	5.5816385	0.50061622	0.92403829	1536.8609	10.533716	9.115395	0.41326836	0.47325232
915	1.0230076	-0.92785239	0.623123	1827.4021	11.954297	11.510263	0.10761601	0.041545837
916	2.1539093	0.46768821	2.6642966	673.95227	25.207294	25.04939	0.073428265	0.000118641
917	4.8927149	0.75432013	0.71655409	2387.5865	14.913579	11.947257	-0.0029160336	0.0040550291
918	2.5889823	1.1029928	1.6432059	4156.984	47.437054	43.415742	0.22206903	0.037808876
919	1.3850032	-0.74939052	0.67068175	4017.4605	34.00602	30.654343	-0.012201732	-0.19622965
920	0.52744919	-0.72141242	2.88001	2203.1159	40.348347	29.61835	-0.022657428	0.13366582
921	5.6300737	0.66036241	2.4433838	1844.0253	9.7369656	3.1853305	-0.033940666	0.021762594
922	5.817951	0.8954388	2.5069292	5105.872	44.505072	18.773432	0.066730369	-0.18197459
923	1.903167	-1.2970335	0.66510145	1162.6034	21.360246	1.9102398	0.09882534	0.23661624
924	2.1296764	-0.57450167	0.43383431	1729.3616	47.707652	31.342909	-0.080178144	0.82825456
925	2.9715523	0.09251893	2.2465487	2369.2638	78.537392	66.303045	-0.13412146	0.16600202
926	5.865932	1.2846237	2.2284208	1523.3342	19.339067	17.050167	0.54728788	-0.0037954561
927	1.3336348	-0.62681252	2.8578614	1517.5344	32.727525	10.645484	0.035215532	0.010708005
928	1.9370934	-0.17062482	1.9709133	3791.8893	70.08655	59.07559	0.38289528	-0.11828687
929	0.36709956	1.1305896	1.7316348	184.50701	1.8201048	1.6506399	0.073268305	0.19395088
930	1.5311109	-0.65741079	2.39714	3841.0894	15.787412	15.713587	0.70193219	-0.22242528
931	1.85023	0.51087955	1.0139776	1059.7278	10.345597	9.8031669	0.14704041	-0.033150381
932	5.2578361	-0.73542584	2.4178616	1233.4345	11.127489	10.411684	-0.24658081	-0.31701901
933	0.71959331	-0.55348555	2.7586988	1034.9633	14.236459	8.7989554	0.024510459	-0.015600798
934	5.0218813	-0.33800337	3.0524978	546.75044	2.0159093	1.3792779	0.043655846	0.0082907312
935	4.6924281	-0.227141	2.5575968	2847.7052	13.409843	12.859596	0.15474292	0.017727583
936	1.3062238	-0.15939803	0.84948425	5197.7136	72.85817	70.920009	0.02882263	2.1845549e-05
937	2.2754457	0.5206139	2.4372936	3840.9599	55.855678	28.627718	0.17997068	0.079679051
938	6.0604071	-0.47755148	0.2346249	553.90391	11.365795	2.2214577	-0.02110743	0.01125058
939	3.756519	0.1841645	2.3761509	9617.4481	171.00408	129.71964	0.018859012	0.16948823
940	4.8843046	1.3370303	2.6164987	883.58381	10.228026	2.6497907	0.18774089	0.2702831
941	3.6121769	0.15077731	2.71313	6204.9508	78.779012	68.568279	0.31475231	0.34865622
942	0.6261882	-1.0698344	2.4013577	3723.2638	49.826052	43.842406	0.12112741	0.0043241164
943	1.8200525	0.16479139	2.05552	2355.2892	41.04303	37.219263	0.017603586	0.033841511
944	4.5673688	-1.1488778	2.1306001	2098.8034	71.22586	69.376452	0.042969213	-0.0076133245
945	3.8240387	-0.25949979	2.4535767	268.51418	1.8432401	1.4174289	0.10853809	0.11975847
946	3.8083474	0.75074023	0.96346916	1139.8099	10.191321	9.7402889	0.17313661	0.049358824
947	4.0119207	1.0322775	1.1590618	1502.5517	92.55097	39.018756	-0.060245837	0.086063298
948	1.4266842	-1.3575707	1.0758658	664.53047	11.027382	10.635277	0.020460185	0.2227155
949	2.4573445	-0.11531502	2.8476367	3231.2067	57.603629	13.842304	0.34880809	0.25855945
950	1.6731186	0.57138334	1.3048092	847.80525	8.6306079	2.1698642	0.053883198	0.11458725
951	2.9880638	-0.019889167	1.7914695	405.67479	33.127225	28.517519	0.14537227	0.099762274
952	6.1247477	-0.083761417	2.4930445	5290.8484	60.216052	40.301455	0.014554615	-0.020187046
953	0.33637471	-0.58003533	0.612897	3691.8096	92.330549	49.350407	0.013989135	-0.00032105697
954	5.6968449	-0.89248393	0.16858295	690.6566	32.771514	9.5881735	0.1567829	0.61244852
955	3.6908548	0.28394411	1.2376184	3080.2296	57.570766	45.217052	-0.064343156	-0.14600243
956	2.727868	-0.25785148	2.3150899	8814.9091	178.14259	167.32064	0.2044142	0.48471714
957	0.0040775465	-0.61543016	0.45648007	1558.7175	11.601284	11.511811	0.047584107	-0.095649024
958	2.5581065	-1.0568233	0.60405226	4888.8378	35.44932	29.514339	0.13115224	0.077223265
959	5.0079452	0.17149927	0.57264686	2078.3157	13.602811	10.61717	-0.035296447	0.28474306
960	2.2299417	0.66770611	0.65318393	1207.9292	27.638421	23.313846	0.012737277	0.15288343
961	3.5726272	-0.30887204	2.1411516	3448.9418	51.079779	49.021128	0.11078682	0.054426891
962	6.0207226	-0.57936685	2.7640029	3249.0692	55.899173	45.889688	0.01017023	0.12356689
963	1.6630117	0.17495795	2.8414134	1333.9856	10.803237	7.9412983	0.007021527	-0.15961927
964	1.3600765	0.72812873	0.96089629	954.54891	27.625267	27.613732	0.0051393227	0.1398954
965	1.8816028	0.020790945	2.590053	1670.9331	12.314022	2.3270578	0.090156675	0.038655688
966	0.081793943	1.2862227	1.9305738	4932.1128	57.708244	56.536074	0.0058716849	0.33506549
967	3.4098657	1.1419722	1.9594972	1816.796	63.314826	44.366043	0.08723862	-0.014737423
968	4.7724989	-0.54505946	0.80784469	4971.4414	63.220989	36.844516	-0.022199899	-0.12830529
969	0.3215263	0.85148618	1.9588849	639.42295	19.126334	13.543513	0.19961882	0.19022908
970	5.0366219	0.054613689	2.7871976	1119.5178	9.7831162	1.7548757	0.10394939	0.01345951
971	1.5090556	1.0903044	0.753299	2437.9614	34.433557	29.262715	0.0026051555	0.15204691
972	1.9591477	0.65649174	0.90121406	939.78337	4.1030177	4.0677125	-0.18361275	0.099828027
973	2.2619595	-0.17327671	1.8864105	3383.1229	61.208878	57.748741	0.1002231	-0.040614878
974	5.5359843	0.73950755	0.19542372	1390.0827	13.427362	2.3689403	0.38698203	0.084545772
975	4.4922154	-0.030404009	0.31188722	868.17802	16.007817	9.9031174	0.010617005	0.087073496
976	0.049419645	-0.27645091	0.69865987	2149.6336	42.040006	34.306092	0.13493056	-0.0022258664
977	5.4165025	-0.46727478	2.1781294	3610.5208	54.719347	42.19107	0.59148116	-0.47140172
978	2.4894317	0.62863503	0.15701689	775.81317	1.9703743	1.8620563	-0.030774232	0.11581103
979	4.3550949	0.74168988	3.100806	352.15224	1.4225585	1.397935	0.16927573	0.036154554
980	4.5863835	0.63235052	0.86235335	3142.8012	120.72346	116.75585	-0.0020581637	0.062629589
981	6.1872948	1.0557247	0.11690254	2604.2871	14.470412	12.659697	-0.29854994	0.016539684
982	0.4478032	-0.9439542	0.7871509	393.07502	9.7757005	2.5342094	0.15929451	0.12898641
983	0.75430772	-0.45024187	0.61752273	3088.8463	38.763204	37.793989	-0.0072262343	0.015335441
984	2.9686781	-0.62011062	0.12888203	8597.4022	69.688711	35.934985	0.093812919	0.076549357
985	2.5582533	0.0071265599	0.91274962	999.36919	12.375334	10.359518	0.046385612	0.0061719703
986	5.0670796	0.58073505	0.39272766	2716.463	32.568667	18.590657	0.18191623	0.1370084
987	0.45237088	0.21527203	1.5711444	5427.3537	72.264027	46.996074	-0.03887959	-0.0087851935
988	2.8495353	1.0848791	2.3587852	3102.5544	38.265012	34.91432	-0.0035234231	0.4976376
989	5.0466136	0.077082743	0.57297229	1890.3586	36.20786	13.647603	-0.017796859	0.073386726
990	4.7567896	0.069776716	0.5490386	1764.5981	27.957431	12.688444	0.065059946	-0.16340401
991	5.3197008	0.44987752	1.3553502	150.51588	1.5591354	1.2716357	0.015152135	0.23447786
992	1.6253934	-1.2041659	2.5346007	1442.9225	58.097522	9.4849335	0.0096182326	0.19961634
993	3.4369259	-0.033509841	0.6191494	3185.2985	15.30497	14.102343	0.11460862	0.0047706456
994	1.2273116	-1.083062	0.64609418	11974.958	95.043792	77.74836	-0.034487445	0.012685713
995	3.5397801	0.68883229	0.57979026	1393.9872	11.132668	10.362573	0.089079561	0.072469908
996	0.19842273	-0.32618103	0.31987537	5897.4421	69.5527	44.363435	0.1433104	0.046093681
997	1.3390355	-1.1507796	1.1530591	457.52075	9.8663735	2.0664151	0.2584038	0.11229752
998	1.8099566	0.64946956	1.040508	3971.7785	45.975343	37.847928	0.42028025	-0.00056115369
999	3.5664115	-0.52224489	2.7188434	29305.072	144.86258	142.94687	0.13550414	0.063598372
1000	0.6224066	-0.22723857	1.1371062	318.89804	9.0197349	1.3461039	-0.074965451	0.050709513
1001	0.3208509	0.90636397	2.4626548	2613.6322	12.307924	11.932027	0.22429409	0.073519601
1002	4.4727946	-0.88065378	0.18420385	900.29719	11.859555	1.4464093	0.25179218	-0.035059236
1003	1.028942	-0.69517348	0.87902889	1252.284	25.33591	10.148097	0.099558332	0.17294491
1004	0.46579382	-0.45028093	2.7728818	2346.771	13.336718	12.501576	0.045409176	-0.014284764
1005	1.7473066	-1.0623468	2.3870388	1694.5795	37.397048	10.860505	-0.018337588	0.027368206
1006	4.0506354	0.91782403	2.944536	14476.802	123.6781	86.50817	-0.47167614	-0.045111093
1007	2.7288447	-0.46553575	2.0650756	4217.7911	64.861951	57.786891	0.00041297768	0.024549588
1008	5.1009505	-0.54488284	2.2459543	798.16411	10.544522	2.7703179	-0.040268763	-0.092976474
1009	2.5469738	-1.1171521	2.3986656	1320.5067	13.233922	12.946969	0.051487108	-0.0027045281
1010	0.66627845	0.37944218	1.259583	128.79679	1.4172372	1.3215533	0.076495548	-0.17560344
1011	4.5311402	0.52512607	0.75737416	4208.8211	41.275195	32.565177	0.11302841	0.027319655
1012	4.2462193	-0.63229179	0.14119968	695.87403	9.2572929	3.703173	0.12178703	0.0033410643
1013	0.089099047	-0.76889564	0.66490988	3814.1413	56.564814	51.601177	0.019153591	-0.12786087
1014	2.9969709	-0.39957091	2.4743027	1978.4516	35.729242	28.369836	-0.011809689	0.0077189869
1015	4.4191588	-0.50021355	0.71534571	351.79492	1.7341709	1.7235778	0.044546905	0.078066214
1016	5.387818	-1.113612	2.7917917	7470.696	76.630546	68.998993	0.16822457	-0.0014736121
1017	4.3070853	-0.29307261	0.61979469	2390.2774	13.394377	13.189873	-0.0080074198	0.061731944
1018	2.7528749	0.22949971	0.80241344	1009.5039	11.405307	9.7955497	-0.066840851	0.065621321
1019	5.5363035	-0.026501027	0.82021614	1702.1447	13.002753	12.541155	0.10502684	0.16750297
1020	5.8816758	0.62305807	2.3155744	2556.2921	12.585241	11.059202	0.17321729	-0.0062141595
1021	5.218128	-0.21603132	1.889741	1350.2381	44.47826	43.507004	0.15792704	-0.018268253
1022	5.7231783	-0.42678742	0.57291194	2296.6863	13.783166	12.818163	-0.15798	0.01063535
1023	2.7785913	0.097516581	2.8107844	765.28372	7.7284597	6.3796251	0.023675641	-0.014027343
1024	2.378658	-0.61114059	2.6483094	1701.1568	51.635632	38.754472	0.0038778103	-0.027447546
1025	2.56911	-0.019052443	2.3749614	3883.5214	38.536313	36.189851	-0.014735858	0.016394313
1026	1.4208019	0.11807388	0.75307133	3011.2701	45.799045	15.643695	0.079817661	-0.0170842
1027	3.1465362	0.69855907	1.2381928	4214.2969	89.777036	48.803504	0.0042479637	0.11711036
1028	5.1338281	1.1379482	2.5495384	1641.4018	27.029525	12.547575	-0.00096961392	0.1082569
1029	1.7303231	0.40535128	2.7308052	679.29299	10.899251	2.2467273	-0.12642197	0.060855803
1030	3.4191887	-0.17246438	0.42841794	1836.3283	22.432599	13.561418	0.34401616	0.064921723
1031	1.9905576	1.1650723	0.85575682	974.98608	10.278415	5.8281619	0.039616556	-0.051463317
1032	2.0527203	1.1403569	2.3593162	2923.2161	14.58116	13.401146	0.0060570118	-0.0069359846
1033	5.8475712	0.084801581	2.7491851	5553.0053	67.7067	51.266153	-0.076197515	-0.0087725157
1034	3.4967197	-0.67131947	2.5860575	793.68255	14.471207	9.1253827	0.026893129	0.5682391
1035	1.8163318	0.55942359	1.2098854	4468.2424	59.75125	56.980685	-0.057028707	-0.0036914297
1036	4.7033078	-0.47086633	2.0315314	9433.7939	63.036592	54.057818	0.18540383	0.1455924
1037	5.6659991	-1.1504406	1.7565867	7385.322	101.22758	41.871661	0.37235193	-0.0058242169
1038	2.3125721	0.12593705	2.4883342	3166.1719	15.264511	14.492969	-0.02954305	0.04554734
1039	2.2075098	0.61774521	0.29225131	11654.079	23.711282	22.833599	-0.025300906	0.22240842
1040	0.39831149	1.2498871	1.0936824	1155.6452	12.002664	10.269972	0.11162043	0.10449685
1041	3.7892828	0.79142853	2.0095681	932.81296	10.058594	1.5716134	0.014743643	0.32344058
1042	1.4952577	-0.42529021	2.3940822	795.28504	6.041409	1.3713618	0.085905012	0.1679297
1043	0.53865738	-0.28271328	1.0871527	821.95675	12.518619	9.1198672	0.049932878	0.12712166
1044	1.2185863	-0.89025353	1.8610671	1188.1218	9.8131959	8.3833556	-0.061703069	0.030210538
1045	6.1048272	0.56578332	3.0403327	1409.3679	12.579059	11.845278	-0.042818518	0.034020224
1046	4.9934602	0.85608501	0.91485847	1523.8006	42.119393	1.6027098	0.047527155	0.02414297
1047	2.6134704	1.1564473	0.47553688	2545.3915	16.422009	13.108278	0.27007572	-0.13298495
1048	5.0462022	-0.99712001	2.4153587	9612.2752	139.57246	93.178242	0.24601732	0.12636371
1049	6.1904251	0.4323167	2.3799013	3264.0533	15.411838	13.020312	0.15240884	0.41301982
1050	4.1130729	-0.59378841	2.4685794	1056.5361	32.703661	26.529479	0.056703741	0.36833593
1051	0.64017968	-1.2927978	2.4572201	2035.811	48.745972	48.567252	0.084069609	0.75161697
1052	5.1364443	0.44082264	0.78923351	1195.2851	40.689419	31.426531	-0.00077834995	0.14249967
1053	5.7373603	0.46477232	0.88689912	765.48645	58.446258	48.277434	0.045069887	0.028765804
1054	2.0589721	-0.93700161	1.5589939	3904.6128	57.415562	55.642792	0.15088361	0.1172284
1055	4.1521491	0.78223604	2.5512574	851.82276	10.145737	5.4884648	0.07046452	-0.01251256
1056	1.1596937	-0.60233407	2.6111615	3574.2076	35.695273	31.3614	0.031677564	0.10765556
1057	0.54866627	-0.033589964	2.9552576	9582.2556	197.18529	57.265833	0.014030666	0.023215529
1058	2.6047193	1.1753407	0.7309334	4983.6233	80.608526	67.11176	-0.001948003	-0.069370555
1059	2.8231419	-1.0362367	0.48714217	1869.0326	33.091055	24.687158	-0.025344687	-0.010342476
1060	0.79449854	0.80453167	2.2878211	4246.8022	81.692048	55.405101	0.08156025	0.05962006
1061	4.1658431	0.23386022	0.2126803	2775.6878	63.15615	34.815121	0.07537509	0.037908327
1062	3.9150435	-0.24316443	0.47872459	7147.1243	48.213377	42.973449	0.057288764	-0.13033263
1063	3.9402888	1.4211369	2.3764764	3617.6779	45.96405	45.956205	0.030455101	-0.072645693
1064	4.6079077	-0.62689103	2.5879436	2196.2613	24.181975	14.390633	0.037628489	0.10671136
1065	4.6767594	-0.55385234	2.2643729	436.58136	11.254777	5.235767	0.20438989	0.11460827
1066	5.424538	0.42259946	0.71516248	763.68281	10.830527	2.0689602	0.33726686	0.084946614
1067	4.7235829	-0.69892683	0.41299847	4089.3762	65.994088	26.580418	0.010396653	-0.0040426922
1068	1.0604796	-0.73797748	0.52439052	745.184	9.8820931	1.6754758	0.0013977289	0.092729655
1069	1.6728592	0.26851244	2.1437052	4426.1936	40.466981	39.68267	0.072615154	0.43683004
1070	2.8120047	0.27285029	2.2860268	2577.2523	135.73456	71.515511	0.0073976346	0.057363695
1071	1.3807899	-1.1449179	0.72696501	982.85731	13.065078	9.4551964	0.2149769	-0.015603811
1072	4.158308	0.80666064	0.66219694	6937.7875	60.98696	42.517572	-0.086166201	-0.01359658
1073	2.760353	-0.06061543	0.83475446	2467.4135	60.462761	55.441514	-0.0058675977	0.0015596709
1074	3.0498248	-0.8871704	2.3616273	6168.1749	63.122286	54.145394	0.035936179	-0.14709927
1075	4.328472	-0.50177897	1.3487276	1642.9578	13.40994	13.183942	0.079562916	-0.02774502
1076	5.7863903	0.85619391	2.0043294	236.25951	1.3947682	1.3373965	-0.1825001	-0.078243359
1077	0.77774248	1.3892894	2.2652216	7995.311	101.25714	73.954065	0.002648544	0.09576972
1078	4.2531269	-0.45159104	0.87533767	852.17491	42.755666	19.910545	0.33612259	-0.040318785
1079	0.016139149	0.56129727	2.8045496	263.73418	10.034205	1.6443171	0.1223922	0.011287689
1080	2.4481781	0.59322534	2.4692311	5127.3085	32.076568	22.682097	0.11840614	-0.014909516
1081	3.4131317	-0.49040444	0.42249894	4346.6188	49.185735	39.49311	0.76314323	0.33865235
1082	3.7163214	0.89381134	0.72665182	464.50981	11.698611	9.5559995	0.25874648	0.0093083711
1083	6.1381639	0.1076967	0.38043309	2334.5505	13.601029	13.511988	0.69284002	0.17232631
1084	4.6449914	-1.2204941	2.7196497	3540.0104	15.264639	14.258537	-0.21962161	-0.00061518557
1085	4.1249962	-0.12575659	1.5859064	5808.3473	185.52189	135.52186	0.078688945	-0.31970269
1086	1.6533758	-0.68495002	1.4064796	1776.3187	37.105885	34.993563	0.010544318	-0.025399244
1087	4.1225734	0.72689083	1.1674096	1505.8813	13.013809	10.960323	-0.045812608	-0.039672903
1088	2.8026132	-1.3841881	0.94886918	6219.9476	65.191578	64.149831	0.17155688	0.14523657
1089	1.4687901	0.040234886	2.3168957	2920.0663	35.575879	33.874294	0.20011067	0.020676396
1090	5.6527805	0.25434683	0.65505007	2269.8552	46.374135	45.30151	0.19509695	0.046401123
1091	3.6286314	-0.63019903	2.5296855	624.9901	6.9691933	2.7075671	0.0014828507	-0.0053465576
1092	3.7620239	-0.54880139	2.7860828	5438.7787	41.101897	35.467809	0.065358018	0.10019524
1093	0.068147178	-0.78291775	0.81021792	2226.487	13.427538	12.029511	0.067924992	-0.036442178
1094	3.276471	-0.93863845	0.85890674	431.92916	1.6680165	1.3361422	0.14724677	0.042434402
1095	4.4122926	-0.23976234	1.7514695	2753.3536	43.400719	41.973461	-0.066489171	0.045282303
1096	3.7151058	0.066282727	0.65497545	404.5081	2.8500164	1.2882025	0.025913052	0.02649637
1097	4.8201048	1.3027949	2.8790462	6319.4623	42.647774	34.297387	0.087396884	-0.27904624
1098	4.7608238	0.42780669	0.97456285	954.40088	12.730317	11.38053	0.25162679	-0.20107524
1099	0.90027016	0.14948514	1.0415618	884.63551	14.651847	11.460712	0.04834578	0.0015887798
1100	2.4270168	0.27855792	1.6885453	1940.3624	12.111777	11.271785	0.079147603	-0.0019757775
1101	5.3811128	-0.12690926	1.7470455	595.70536	10.503162	10.262385	0.019332642	0.24689126
1102	3.6255915	-0.89508754	0.41981093	1486.5924	33.839784	28.330025	0.010109435	-0.079553282
1103	0.28196806	0.35778569	1.0709065	3078.8609	31.563187	22.633988	-0.065561793	0.0093010605
1104	3.0287217	0.35149306	2.2154816	2910.4347	49.649944	43.698301	0.13562816	0.033580126
1105	4.0263618	-0.43728706	0.98783429	1115.55	8.0654883	6.7551595	-0.10647827	0.027230634
1106	0.13372148	0.92317446	2.273613	3951.1935	69.679939	55.679619	-0.10065069	0.099922261
1107	0.73225852	-0.55181458	2.2095615	3481.2402	39.021596	33.04152	-0.090618068	0.32744476
1108	1.8626617	-0.40080171	0.68270513	3001.6255	18.983417	14.195613	0.088832895	0.098212637
1109	5.1648877	0.32927537	2.4025788	1534.1453	18.481822	12.524502	0.017141155	0.0032102292
1110	2.851421	-1.2418651	0.29801149	1745.8983	22.131119	11.979805	0.21373236	-0.017683897
1111	2.0979948	-0.42465876	1.5017426	5595.4743	66.055612	40.046937	0.093562264	-0.14301725
1112	5.269411	0.70838151	0.75467654	2598.0344	37.726466	19.229657	0.15053936	0.13359691
1113	2.4479931	0.32840876	2.0437682	6436.2129	67.3899	65.371394	-0.098289122	0.090831056
1114	4.9312669	1.3203721	2.6480455	2784.8279	14.414598	13.955704	0.016319086	0.24781096
1115	4.520064	-0.1018697	1.0525701	1760.6623	12.597903	12.283053	-8.8076005e-05	-0.044029398
1116	0.28518664	0.33229937	1.0639019	3584.0929	31.544939	30.336182	-0.04492138	0.10797997
1117	4.8486142	0.34693978	0.99274314	5879.7493	63.628491	62.834184	0.027374211	-0.17935614
1118	0.41704526	-0.67820544	1.0272885	1165.4543	39.662557	31.76164	-0.020186033	0.07703654
1119	5.3684806	-0.46493015	1.4187571	508.20477	40.373286	8.3981561	0.054409963	0.017530444
1120	6.1072966	-0.53878528	2.8895824	1671.1963	42.077506	13.658475	-0.058247847	-0.17190905
1121	5.0380689	-0.80614602	2.7350626	12445.748	58.818479	58.228175	0.015839437	-0.022090158
1122	2.7338068	-1.1926727	0.93229679	5527.3856	180.40457	109.66411	-0.054962111	-0.50864388
1123	0.22449393	-1.0617218	1.7159071	234.32839	10.318748	1.3417384	0.24778518	0.00031685585
1124	1.2226822	0.069873987	2.646605	1504.0831	13.380459	9.6044522	-0.0011750834	-0.062759812
1125	0.64918186	0.56062468	1.7515307	403.62172	12.242041	5.5316006	-0.050112836	0.03264973
1126	5.2593679	-1.0737573	0.23041709	5755.4474	37.618243	34.213144	-0.22875784	0.0040338429
1127	0.16850361	0.88896524	0.37571085	6521.5389	73.385127	70.394894	-0.035030019	0.034441085
1128	3.664215	-0.99775587	2.6484909	4996.3403	19.37281	14.24809	0.047652414	-0.03147348
1129	2.2050099	-0.43813227	0.75459389	1528.2466	11.410371	10.121402	-0.034901482	0.045330718
1130	4.4553222	0.31788533	2.7071978	7475.1653	64.310845	55.426661	-0.16594081	0.003977415
1131	4.2764951	-0.76660455	2.913361	2516.3717	12.545274	10.934793	-0.023086186	0.06537844
1132	6.1284186	0.87246578	2.4372271	2723.7795	25.933142	12.333993	0.0089923232	0.025464583
1133	6.0790541	0.051053379	1.0739874	605.97865	10.072388	2.5863385	0.5585101	0.0012252469
1134	5.0307377	0.2230838	2.6239343	147.32373	1.62468	1.3944843	-0.017630023	0.06093866
1135	3.7005376	-0.43558687	0.25109726	3820.1846	33.680909	17.527126	-0.23187907	-0.04999642
1136	4.6823361	0.53548161	0.40517364	3826.0738	16.122855	15.640467	0.0066346898	-0.062370095
1137	4.469903	0.67787142	2.4899932	4496.3918	113.25736	57.528626	0.031453905	0.0013168444
1138	5.9875117	-0.65715566	3.0102165	1498.0112	11.341423	10.77072	-0.04606484	0.055407204
1139	0.30406316	1.325564	2.765621	2160.6907	51.178648	11.328628	0.085462956	0.24872068
1140	4.4956409	0.52519935	2.9503947	4021.9903	37.681263	33.102585	-0.10678204	-0.24996495
1141	4.3777659	-0.67700933	2.6721261	5641.5826	66.387923	49.082813	-0.095438084	0.11571606
1142	5.1664561	-0.6424588	2.215331	1488.8286	23.981932	1.5465507	0.12377415	0.053665181
1143	2.1849641	-1.1344637	2.6538362	1746.7	16.010548	16.001794	0.35948348	-0.034971186
1144	3.8090145	0.39789925	1.08012	4582.9082	59.013261	55.554133	0.032618349	0.18642796
1145	5.6089186	1.4552635	0.43265083	3461.6845	61.627385	14.463483	0.13045708	0.034365797
1146	2.5044159	-0.043847203	0.7669071	1239.8415	11.599662	1.9369256	-0.058930999	0.0046193346
1147	5.3051816	0.25286671	0.72260039	3713.8637	53.842747	44.086785	0.06678013	-7.2810946e-05
1148	3.3970638	-1.1646312	0.70779116	1252.1604	33.820327	29.415875	-0.045680254	0.72487755
1149	2.1047363	0.31343614	2.9699396	3522.0486	29.141643	26.384139	-0.01229917	0.013929909
1150	3.1997608	0.43955551	2.295591	320.70965	2.2690332	1.2523204	-0.046466555	-0.083339571
1151	4.0320123	-0.20155285	0.91395567	2670.9213	45.15438	34.63095	0.11990221	-0.0596741
1152	0.97037198	0.12312776	2.5988245	744.36961	8.7679728	8.405245	0.18494404	0.049035151
1153	1.5994318	-1.4123761	1.31975	234.7013	11.485043	11.163943	0.035488167	0.21701205
1154	0.54242995	-0.72821834	1.6154622	1176.5222	9.9732711	9.7876868	0.11188252	-0.20611393
1155	0.86150773	-0.081483929	2.4798076	1114.7428	26.509731	11.652854	-0.0085945109	0.030108083
1156	3.2278892	-0.62524915	0.14252986	1095.5421	44.941841	37.524674	0.10960907	0.14285888
1157	3.3245168	0.45695979	2.405118	1148.5244	35.238462	29.891869	0.021276207	0.0059108132
1158	3.6068228	-0.6994671	0.30937812	910.72474	2.8384727	2.7262359	0.00076728228	0.11542063
1159	1.5288195	-0.22838615	2.5904802	8664.1028	59.359883	54.243809	0.030916395	-0.021520579
1160	2.4091631	-0.39168021	0.65356706	2771.583	46.341016	45.975158	0.039241399	0.055624517
1161	0.07535219	0.85005524	0.80812252	1095.1924	10.393597	10.175681	0.11182772	0.14210812
1162	0.63942813	-1.0701108	0.45055332	4938.4551	43.468412	37.103977	-0.30217025	0.049506119
1163	5.067098	-0.90538628	0.65794581	2757.3385	25.125115	23.073995	-0.22345297	0.1048806
1164	3.0004521	-0.35029054	2.8470882	677.17639	13.155807	12.071698	0.13370527	0.352654
1165	3.6810313	-0.84282911	2.9828499	4604.5616	48.402136	47.256786	-0.10677968	0.32440113
1166	2.8212933	-0.49715642	2.2260179	1523.7302	37.5194	25.879846	0.5865549	-0.12540383
1167	2.8147701	0.38872889	2.5337393	6026.3934	80.034427	79.504316	0.11847363	0.032333726
1168	1.4692789	0.86759952	1.2940127	3701.6439	69.692878	48.773037	0.052356007	0.071171355
1169	2.5211312	0.45893489	0.96862579	651.28561	10.489717	10.012089	-0.10713748	-0.10397321
1170	5.0822427	0.29874824	0.21050205	1785.3709	19.200042	12.404043	0.4440338	0.03826649
1171	0.46090051	-1.1366087	1.1612435	1223.3228	12.885138	10.779535	0.92339623	0.015441679
1172	4.392474	-1.0198795	2.3873077	3810.0363	58.752805	53.049675	0.12368515	0.065355462
1173	5.499893	-0.41359915	0.66012858	2841.5437	12.747657	12.037589	0.042322224	0.13220533
1174	0.46180735	-0.34765189	2.9326859	9803.1079	114.36692	83.258957	0.0046449347	-0.0063842799
1175	1.015965	-1.2128112	0.20558823	9616.0737	180.37532	60.683434	0.042095389	-0.068856413
1176	5.5184041	-0.057329522	1.1111937	1681.2279	38.921523	11.989067	-0.080956157	0.11837827
1177	2.9017741	0.43975344	0.54361083	2757.4712	56.893586	37.254448	0.25575232	-0.26285478
1178	4.2373649	0.53151237	2.0871257	853.13239	9.0449693	9.0266832	0.29115507	0.013009759
1179	3.9516055	-1.0857696	2.0439137	1025.519	10.262507	8.6730425	0.0087143628	-0.012074638
1180	4.1130732	1.4043801	1.3467481	337.94961	33.115262	30.090223	-0.0099850814	-0.0093416424
1181	4.7683464	-0.89880446	1.899412	1553.4982	32.880099	20.319698	0.032893281	0.53080301
1182	5.7884919	-0.030182178	1.2657706	776.12813	38.903951	35.273112	-0.076715158	0.028148772
1183	2.1874962	-1.2703563	2.0348647	4195.1547	53.178448	51.646682	0.32436982	0.085858896
1184	4.6314977	1.1134354	2.8489703	1881.727	50.572265	39.179824	0.021479849	0.090452874
1185	2.2020724	-1.1248097	0.82218981	1971.0177	52.915451	13.007297	-0.27936746	0.047530375
1186	4.7609385	-1.1264613	2.7772571	10888.056	83.680073	67.578597	0.097517686	0.0046689255
1187	2.6793395	0.37779457	1.9554681	3792.3744	51.131771	35.478227	0.40401891	0.10635184
1188	2.2454505	-1.4564449	0.6584573	3570.5189	62.76288	50.464267	-0.046313363	-0.053131486
1189	0.79667054	0.10526765	2.738068	3447.4709	43.579805	41.035112	0.13508114	-0.39004585
1190	3.8007098	-0.5901856	1.2665022	507.94842	3.3553928	3.3136772	0.22113993	-0.07583651
1191	4.7664617	-1.0545772	2.5992837	1769.7943	13.114403	11.754859	-0.14961638	-0.18090332
1192	2.6177512	-0.020274281	0.4446882	1782.2668	13.159818	10.595319	0.036684935	-0.23104023
1193	2.2475619	-0.20243537	2.9478012	791.86175	14.345525	1.9668432	0.28165314	-0.12376927
1194	2.7696274	-0.31845477	0.9304601	7235.4317	69.434726	64.432069	-0.0025799573	0.026098875
1195	0.58932004	-0.016163509	0.7648553	3654.1093	46.581	34.984787	-0.01546215	0.3232605
1196	0.77775978	-1.0081958	2.5747258	9291.2788	72.404994	47.245916	0.26486998	-0.092630456
1197	1.4998417	0.47892479	2.4945666	1525.2154	11.592171	9.8846853	0.18199249	0.056806708
1198	6.184874	-0.3787982	1.3392829	555.66266	10.389311	8.818017	0.0060260108	-0.16670381
1199	3.4367468	-0.41004719	0.92586695	4528.4929	64.440086	63.118708	0.10269373	-0.02472156
1200	5.5869995	-1.3344031	0.8992303	456.56468	2.4786638	1.468642	0.011619847	-0.14677843
1201	4.6771917	1.2027071	2.6757798	2523.5076	12.06572	10.713519	0.10411103	0.30919287
1202	3.8558818	-0.26652008	2.2582067	6035.129	69.430387	65.605691	0.192528	0.034926965
1203	1.0734046	-0.413603	2.4779265	1699.5941	12.182008	10.371062	0.045594506	-0.34373384
1204	3.1746889	1.4573701	0.37308357	3886.7837	58.140565	47.631928	-0.01681113	-0.09404028
1205	1.8150288	0.11792513	2.2453007	2270.3936	49.89861	47.381687	0.16168133	-0.14480967
1206	1.7734655	-0.52646822	1.8199644	1434.435	13.887794	11.658291	0.070325925	-0.083850635
1207	3.6729909	0.025869341	0.80984168	6000.501	52.307145	51.525905	0.069015466	0.039678525
1208	2.8830588	-0.43566155	0.49830646	2243.3078	34.805972	16.568636	0.030354615	-0.3883844
1209	1.7491923	1.0839995	2.932015	4297.7691	13.393413	11.930071	0.011404012	-0.073664524
1210	5.0790038	1.3801201	0.47147213	3443.4405	54.68589	15.515144	0.11801201	0.18604841
1211	4.1563402	0.8230193	2.9872228	1626.7023	13.569038	12.324275	0.016250797	0.013644901
1212	3.7464874	-1.1194573	1.1500508	3770.7554	61.794078	57.980019	-0.0037258181	0.077308158
1213	0.02291536	-1.1625618	0.92887246	1295.599	11.520514	9.9427146	0.14141904	0.08598123
1214	0.80239205	1.4314465	2.5515881	3546.0464	71.60065	53.805981	0.07970303	0.069814801
1215	5.7731054	-0.96596137	2.3385396	6715.1897	72.375154	66.109826	-0.0075075464	-0.070800588
1216	2.6929856	-0.94054967	2.2512168	8456.3421	73.827456	57.35003	-0.10651155	-0.075810138
1217	6.0242857	-0.87204374	0.70175927	766.97502	11.464759	1.847834	-0.017624656	0.033140785
1218	3.1059233	0.57854629	2.7916435	2413.4708	11.766927	11.044224	-0.14958613	0.21712391
1219	0.52695153	0.84608365	0.87499594	2107.0069	29.397536	12.611987	-0.073105756	0.014166112
1220	2.9652498	-0.48261903	0.91220376	1474.5171	11.041861	10.850304	0.037031392	0.22033492
1221	1.9644526	-0.1770355	0.96536472	1292.8079	10.440414	8.2933694	0.26471268	0.14284681
1222	5.20113	0.33108823	1.2841418	2285.1545	45.514804	11.276982	0.36588413	0.12043232
1223	1.6358082	0.016888674	2.6038363	5872.0737	45.454692	34.288007	-0.017084314	0.22676955
1224	2.0904143	-0.011365625	0.71274441	2181.5127	16.953439	11.945211	0.013381331	0.041075825
1225	1.2971888	0.99514759	2.4980346	850.60177	11.277711	8.6937849	-0.00094353154	0.45234759
1226	4.4259703	-0.34938281	2.8811226	1652.5954	31.37211	26.514379	0.035607756	-0.10276815
1227	5.1004201	0.78535823	2.7002647	4536.0453	25.626462	17.101172	-0.51512565	-0.086546267
1228	2.8089426	0.25815994	2.8531774	2572.0296	49.163986	47.943492	-0.052888652	-0.33852964
1229	0.23827127	0.59999946	2.5101551	1418.3093	12.078913	11.661313	0.071450515	0.0039798135
1230	3.9064566	-0.19555903	1.3914323	984.18882	44.889739	10.498177	0.17931217	0.15185211
1231	3.5280448	-0.0025024693	0.88380678	3365.6331	71.183201	47.900723	-0.0029086292	0.14660673
1232	5.2939469	0.429804	0.57821545	1402.4765	3.9274504	2.2756128	-0.021187327	-0.032269179
1233	0.91460712	-0.43488618	2.351886	1548.2914	13.192157	12.1234	0.073435258	0.23797727
1234	2.9326665	1.1335085	2.1801345	5067.3961	65.298502	63.782236	0.0041654495	0.098466443
1235	1.3306263	1.1130565	1.152626	3278.6902	53.942485	42.691285	-0.025204722	0.031982389
1236	4.9051894	0.32114248	0.44969226	9323.41	73.936322	62.087554	0.24661638	0.066402422
1237	2.0131762	0.65478202	2.4333584	3296.9501	61.522792	57.624938	0.27989622	0.20843391
1238	5.2840378	-1.0035813	1.5384839	5081.1357	64.172554	60.401743	0.135368	-0.080458572
1239	0.83288314	0.46881203	0.89334737	610.30773	9.4762087	3.688903	0.048823401	0.056626778
1240	4.036206	-0.46824313	0.32611936	4757.2958	15.262252	14.441399	-0.14657731	0.41198539
1241	5.6635864	0.79058184	2.9226173	3465.8603	44.258466	20.05747	-0.041751466	0.050586349
1242	1.8314546	-0.29063822	0.39343708	7805.5309	198.89953	65.831288	-0.03992376	-0.018662683
1243	3.1015893	0.63615323	1.1871804	4079.1008	64.10757	61.115531	0.46795837	0.10887752
1244	0.18269985	-1.0086973	0.84362991	5692.9652	61.329866	38.55292	0.055316327	0.025444831
1245	2.6774509	-0.21314539	2.8287813	3645.4321	15.078886	13.776682	-0.15243714	0.036293181
1246	2.9514749	-0.70959855	2.1522642	3873.1026	78.450768	45.993987	0.015414557	0.062214764
1247	5.0432589	-0.12874944	2.6469042	1680.007	50.900538	34.42017	0.038161334	-0.0018604531
1248	0.77078574	-0.97931646	0.061025926	3089.06	14.607245	11.737518	0.30364474	0.03113536
1249	2.1132379	0.14390924	0.6031779	728.71317	22.597526	12.089413	-0.058319271	0.37336808
1250	0.73749716	-0.79466624	2.7205447	9775.7728	157.47556	81.174226	0.17097917	0.010863064
1251	1.449679	1.1423673	2.8374206	3182.3173	40.110086	36.028096	-0.0055983976	0.019191758
1252	1.9543096	-1.0651176	2.3646956	6549.7091	51.585986	36.827599	0.16957175	-0.01879553
1253	5.065992	0.1265409	2.3061831	274.54431	9.1122502	3.3022784	0.017585556	0.090519188
1254	2.0999546	-0.39507036	2.5478134	996.58606	11.763603	1.8936495	0.24530029	0.032130454
1255	4.6201616	0.90734221	2.1956616	3366.8563	51.965963	31.03577	0.099838006	-0.077634554
1256	5.429722	0.13127304	0.20222983	5092.1451	62.838964	62.110069	-0.019930203	-0.18859279
1257	2.2475212	-0.4652587	0.26305959	1311.4378	8.8440069	2.1861407	0.49051021	-0.17588016
1258	2.5644358	-0.86559344	1.0250332	502.03252	1.8034589	1.445242	0.036428458	0.065222503
1259	6.1158555	0.0067173199	0.7945968	867.80857	12.260984	4.9004214	0.071460836	-0.2338242
1260	6.1656293	0.11676505	2.9414995	759.41742	10.738183	8.8229945	-0.0037782288	0.11489378
1261	0.31022417	0.6528394	0.46903261	7013.3348	70.775489	48.64255	0.021124278	0.3459613
1262	5.7062019	1.1148787	0.41496866	1134.8335	10.22204	4.3157973	-0.0041038308	0.023705301
1263	5.7641914	0.01130503	2.8631171	5463.6624	48.075253	33.647201	-0.015702323	0.0078506156
1264	2.3077321	-0.27196831	0.57332868	4570.3782	165.00124	70.242156	0.10191458	-0.020525357
1265	3.6849781	0.55151052	0.32293511	3348.5945	17.124324	15.211687	0.088687411	-0.059247522
1266	5.1047096	-0.39880712	2.147256	3726.8255	55.605501	44.143787	0.039809964	-0.0029044109
1267	2.8255455	-0.20780154	2.7553613	219.68235	1.5156343	1.2735715	0.082497309	0.024057029
1268	1.0193687	-1.4278367	2.5810872	9984.7197	167.56371	85.970729	0.22925993	0.12058097
1269	2.1241873	-1.008386	2.5002177	1419.219	12.605537	9.8729212	0.042141496	0.030301683
1270	0.52325814	-0.1997569	2.3642633	2717.833	46.894332	44.407709	-0.00076282207	0.0086128555
1271	5.9789199	-0.096623984	2.7768633	6638.9042	76.539436	59.153392	-0.040493209	0.074978369
1272	1.4151863	0.42499203	0.66433568	2746.7977	55.995605	43.996428	0.016572149	0.16930985
1273	2.406787	0.42820768	0.46719112	502.10639	1.5849261	1.5256569	0.015711193	0.21259302
1274	5.8650421	-1.1335024	0.81738826	554.05957	8.1926407	1.6178296	0.12062042	0.0045160826
1275	3.7937672	-0.4783565	0.77631848	523.18994	7.6558397	2.308713	0.047582009	-0.013090712
1276	4.5963636	0.57445555	2.7860041	6330.3309	28.775122	27.793606	-0.015943109	0.27491657
1277	1.9071667	0.7513547	1.9866	5693.0695	70.197892	51.270802	0.059530124	0.024523694
1278	1.2899267	0.24783578	2.024481	2584.7521	31.0504	30.709676	0.085030678	0.51889231
1279	3.1240116	-1.2567692	2.9266743	8484.4351	77.36153	51.663983	-0.17211858	-0.14962769
1280	6.0101215	0.12201606	0.021409176	853.79348	11.062654	9.765549	0.29501708	0.051978012
1281	1.7744806	0.4524844	0.33714949	922.44791	12.052336	1.6456422	0.064255815	-0.063429124
1282	4.058749	-0.50573556	1.6638438	2001.3121	14.621154	11.650348	0.19524676	0.021246792
1283	4.5398199	0.9237829	2.2036466	787.75464	39.813717	19.358347	0.1374049	0.076481787
1284	1.6700428	1.1497133	0.55763558	833.13269	10.843507	2.0885618	0.24108893	-0.023178022
1285	1.2082032	-1.0085139	1.041599	3773.7312	33.621471	14.912436	0.15041902	-0.057833199
1286	5.1312849	0.88921228	1.1526748	2708.5969	54.922526	50.030985	0.047873616	0.02147706
1287	2.5585384	1.2494321	0.81437936	3749.243	30.718349	16.632488	0.027569003	0.081903168
1288	3.977	0.78729012	3.0440568	3856.5429	44.402135	39.106164	-0.0032076266	0.053120558
1289	0.26038279	0.38576531	1.7528722	2287.1628	59.110859	49.737245	-0.0042097421	-0.017667702
1290	6.0966429	-1.0370012	0.75421201	4652.5039	49.396811	47.618663	0.00086842865	-0.021446657
1291	4.0367777	0.43113797	0.47367526	2010.3276	28.896133	14.787243	0.03150552	-0.17884702
1292	0.6207453	-0.6242445	2.2843695	6057.874	153.4926	151.5746	0.033622406	0.49116701
1293	1.3647291	-0.094877959	2.814419	5890.0852	44.33035	32.545954	-0.028841467	0.1908962
1294	0.31792818	0.87694474	0.78257499	1008.0222	10.92142	4.6763019	-0.074284	0.15878296
1295	3.4800951	-0.078599614	2.1863393	3255.0776	29.53183	27.870392	0.077280698	0.041226461
1296	2.4781352	0.27690695	1.3964085	1355.5252	36.186229	32.517415	0.00069848487	0.058303636
1297	0.012559199	0.59888236	2.1994654	3432.3111	44.614257	28.850822	-0.043078197	-0.058357851
1298	2.77573	0.81627966	0.74755539	499.50262	1.970989	1.9648314	0.0070423579	0.033637309
1299	0.1438451	0.65154113	2.5734981	4567.9821	50.088301	30.344209	-0.027582804	-0.23730851
1300	5.3262248	0.39940168	1.4016532	613.5803	17.737841	3.3725608	0.25402943	0.062310304
1301	2.2247078	-0.93296318	0.71432233	398.73448	2.4628068	1.8266514	0.096710353	0.19669634
1302	1.3978631	-0.25470612	2.8799059	1221.9223	21.604625	2.1257605	0.26059303	0.022713959
1303	3.3370451	-0.42122225	0.42801058	3078.3001	45.170655	26.454066	0.62073215	2.9967164e-05
1304	0.13850207	1.1165571	0.38649335	10386.709	101.94105	91.343952	0.0059029105	-0.0014744679
1305	2.3895248	0.5704347	1.589225	3374.2917	53.319562	48.446064	0.091369677	-0.22661969
1306	3.758324	1.1568703	2.7428007	770.69022	9.5373618	8.965656	0.11542828	0.13547169
1307	0.57889861	0.58285772	0.67875853	11531.523	74.974357	73.756817	-0.001935587	-0.071665264
1308	1.7279411	-0.23022119	0.15033613	2405.3908	72.888258	60.144746	-0.016945421	0.15502376
1309	6.2490231	-0.25858774	1.941059	1088.3711	29.921425	26.165663	0.0041648615	-0.041702578
1310	0.35003558	-0.36817553	2.9710712	149.02431	2.4314664	2.1658379	0.25673515	0.00056146066
1311	0.72193979	1.4406539	1.0203157	2081.4128	53.218142	43.943386	0.010608639	0.054674017
1312	0.18560984	-0.89610293	1.0621005	453.42902	8.3133548	2.0887862	-0.062704682	-0.1672606
1313	1.558052	0.5771233	0.73504983	367.46384	1.5642163	1.3253001	0.06029745	0.06359165
1314	1.6487329	-0.40949111	2.6922844	5490.195	38.556402	17.074686	-0.06365663	0.30916846
1315	0.70778773	0.15362664	2.4243671	1387.3238	11.631289	10.398576	0.087517501	0.0036037087
1316	1.4021821	0.901153	2.6751276	3275.0189	26.366383	19.197477	-0.095065025	0.084486483
1317	3.6882916	-0.52674569	2.1406965	6752.1607	94.158494	54.444341	-0.028327316	-0.052705289
1318	4.3045576	-0.83684084	2.1942848	6737.5503	87.041495	69.780573	0.16067415	0.014108396
1319	1.5546466	-0.13842152	2.6647046	6771.4087	45.097807	44.313439	-0.0027327277	0.0061643173
1320	1.320131	-1.1635514	2.4436295	1761.166	7.877747	1.7271349	0.22674146	0.0081506015
1321	4.425913	-1.1348996	0.31137699	1042.8738	10.169	5.2120388	-0.28540151	-0.15835871
1322	1.8889821	0.78217413	2.718178	530.30497	2.7528627	2.0899523	-0.067255333	0.17609371
1323	1.0670185	-0.66963777	0.53718995	1573.6786	11.085414	3.0801046	0.040400548	0.14979481
1324	5.5413887	-0.69998943	2.2578087	684.7827	1.6282249	1.532214	0.3057948	0.019982977
1325	0.96247933	-1.1734626	2.6437835	6806.7683	79.711012	78.667323	4.0071611e-05	0.3369601
1326	2.4605954	0.022807205	0.8919721	1296.8785	32.953233	9.2676644	-0.012209954	0.32767465
1327	4.6790763	-0.65114072	1.2039284	508.1405	37.512687	20.99302	-0.0012034186	-0.22005648
1328	3.7094509	0.12628715	0.4582958	2160.795	38.753214	30.694497	0.14984119	0.078268516
1329	2.8318043	-1.0946678	1.0660756	2220.8335	41.884661	39.185166	0.04107491	-0.24582467
1330	5.2056334	0.21977524	2.324912	284.35271	1.5892751	1.3226972	0.02364095	0.074712521
1331	5.4758047	-0.72903386	0.41501893	3023.2543	14.902154	14.590669	0.1490903	0.026479286
1332	5.710081	-1.1081363	0.20335237	8148.9652	86.324349	56.711851	0.056847882	0.047329091
1333	1.2233969	0.33322751	0.50364811	543.44238	8.8691854	1.700148	0.37611881	0.24753771
1334	2.5737027	0.87266085	2.8913526	6797.4539	66.372659	44.422567	-0.016043518	0.035742588
1335	5.4705353	0.59357361	2.4056403	3006.2533	16.247264	13.281897	0.25999914	0.0020562918
1336	5.1346784	-1.2829189	0.065200302	3709.9904	27.673106	15.976635	-0.0026536711	-0.084933482
1337	2.4882165	-0.79690327	3.0221582	1418.2095	1.9068481	1.6993964	0.061400394	0.14363024
1338	2.9884937	0.65255489	2.4629666	3824.0587	42.25208	28.682598	0.25340616	0.02925668
1339	1.0779628	1.1864781	1.1729667	7266.9576	139.54994	78.149342	0.030071568	0.30173037
1340	4.2806078	0.29180346	2.5873663	4222.3837	55.658085	40.231777	0.018159192	0.086485365
1341	3.1369964	-0.0081663325	2.2077186	4505.3813	92.073923	67.614755	0.013506072	0.018533373
1342	2.4240731	-0.20109683	2.1039967	485.58723	2.2874507	1.5067834	0.20781572	0.16434739
1343	2.1283568	0.058699938	1.7229963	209.5094	23.36644	1.6973558	-0.026565606	-0.1913813
1344	0.11660443	0.85214532	3.0668206	1383.7376	9.9426599	2.0794634	0.22786408	0.15433616
1345	0.15688496	0.32872497	2.6143511	284.54707	1.7624831	1.4896866	-0.11303617	0.10894423
1346	4.3218641	-1.0519848	1.5381815	4356.8138	131.01202	100.22978	0.16344004	0.070142889
1347	3.3526544	0.1321093	0.87298934	3086.8462	47.715139	13.010361	0.19559041	-0.014143311
1348	4.7478919	0.99589083	2.514533	3364.3018	25.900674	11.681157	0.2391141	0.029086034
1349	4.2632643	-0.076140875	2.6854265	1951.7645	12.057069	11.623318	-0.042939664	-0.021688196
1350	3.9610171	0.97723513	2.9865806	4373.6347	15.781477	13.043239	0.0036834478	0.041894174
1351	0.043413352	-0.68068931	1.8115018	2325.3862	30.756606	25.887151	0.38058992	0.16679512
1352	0.43589602	0.12518582	3.0123101	9882.7004	94.358694	60.626402	-0.059266023	-0.029605878
1353	0.58040416	0.66729765	1.0341158	182.75728	8.9164445	3.2348302	0.041328299	-0.080996051
1354	2.7286697	-0.97552121	0.41201036	730.05663	2.0736592	1.4998843	0.0033321433	0.0057408711
1355	3.8012116	0.8244217	2.196187	1601.2677	17.343171	10.971846	0.3168057	-0.038902679
1356	2.6953508	0.071130009	2.4232024	1489.0905	10.565729	8.0450453	0.039189742	0.21539279
1357	4.9800952	-0.24859498	2.4226707	1041.9011	12.751662	9.0768157	0.0043656421	-0.0037452359
1358	2.2613923	0.15093932	1.8450042	2467.0314	40.328339	30.933042	0.2886458	0.0790278
1359	2.8399716	-0.013149625	0.66924427	1899.7374	38.169632	34.923668	0.16831107	0.031505495
1360	1.7907572	0.99964538	2.6175097	2645.2265	53.170215	39.200236	-0.030775323	-0.0047434033
1361	3.7633319	0.28552128	1.6642141	1797.287	1.8896198	1.7275961	0.096089726	0.13026428
1362	2.3463036	-0.94533611	0.91311287	1294.2101	19.682394	18.149251	0.13136742	-0.12041759
1363	1.3558428	0.090188656	2.4303548	995.22113	13.040696	11.78817	0.19217457	0.00020922482
1364	2.7568027	-0.73612683	2.4978163	3621.0613	21.213229	13.86877	0.049054688	-0.013679876
1365	4.4587835	-1.4543584	2.7831749	1703.0237	11.229875	10.021399	0.10474985	-0.14206283
1366	1.4209281	-0.055972593	0.8248052	604.11017	4.2542791	1.5279585	0.062482721	0.0035609461
1367	2.607377	-1.4349318	1.9296541	850.98611	11.755027	11.212077	-0.0039012367	0.16075506
1368	0.55598215	0.89097903	0.94336206	6139.2588	63.006744	54.046283	0.035936179	-0.14709927
1369	2.4947506	1.0069265	2.7992312	2688.894	29.254718	27.777913	-0.17803709	-0.00040494613
1370	5.0154962	-0.13066353	0.73704261	1520.9389	12.711625	10.96486	-0.12995759	0.21804018
1371	5.1103814	-1.283659	0.2350497	4165.6457	31.048838	25.622713	0.0048007519	0.024784126
1372	2.9862603	-1.2303229	0.71836567	2909.1463	58.571065	38.657313	0.15826038	0.10862192
1373	0.31720002	-0.78376937	2.6482661	4656.2004	14.695989	14.631178	-0.0040805321	0.008918187
1374	3.720437	0.68886505	1.8517445	5868.3041	69.962254	62.28075	0.0019749311	-0.022903559
1375	0.23324524	0.22670782	0.48355009	2794.1273	14.309061	11.963319	0.17313432	0.29967633
1376	0.92854582	0.11956246	0.37808648	5744.3316	47.354091	40.453494	-0.0032938134	-0.0047856365
1377	6.2546379	0.56985335	0.27636111	1944.131	6.2857942	5.1908244	0.069109709	-0.088352918
1378	0.91566414	0.220942	0.71458834	3275.7509	129.79576	71.780186	-0.072896152	0.08490658
1379	1.9812128	0.44236248	0.70422402	2514.5464	12.192113	8.0928902	0.22659484	0.0068134349
1380	1.3300411	0.94051935	2.5945276	2025.6754	12.994232	11.63152	-0.082681938	0.11734437
1381	1.1063312	0.18720609	0.88645409	1241.9628	26.064486	13.282622	0.31818402	0.018270206
1382	1.9098958	0.096629103	2.5039015	995.90322	8.2616012	2.3328869	0.12873037	-0.037558814
1383	0.82636674	0.31045167	1.211095	3382.2037	106.92993	58.755161	0.17545596	0.092775488
1384	0.091306535	-0.044974279	1.8065538	4609.5313	54.618798	39.615437	-0.18880133	0.43410783
1385	5.6801235	0.31607938	2.72728	25694.499	183.3432	132.12664	0.29022451	-0.23242712
1386	3.2853649	0.075569963	2.9723068	10270.744	83.124048	79.622922	-0.00740213	-0.02940281
1387	1.3631024	0.55488543	2.8232272	1040.1325	14.252122	12.744188	-0.10299884	-0.089614116
1388	1.8870044	-0.62899839	2.17529	2422.8849	41.924214	40.790604	-0.002179325	-0.04758588
1389	0.043520491	0.46013623	0.38966861	2909.8593	44.714658	16.287157	0.00082534088	0.53825717
1390	5.9648459	1.2639853	2.276525	3704.4709	57.164479	53.41241	0.062304878	0.27762053
1391	5.4383736	0.54561781	0.53369621	899.17818	17.647239	15.883142	-0.037606664	-0.0094846529
1392	3.862193	-0.40015537	0.20680652	4938.7939	59.654463	59.435788	0.24396485	-0.61432747
1393	0.72861136	0.70890908	0.38225432	2325.7263	45.627897	13.524485	0.13092512	0.75581713
1394	2.5092068	-0.3440781	1.75005	1271.9071	47.816765	17.707168	0.053605856	-0.02759635
1395	1.8407701	0.073551575	2.1583722	3128.7511	43.5165	22.078483	0.4160059	-0.52235382
1396	5.7553775	-0.63744079	1.3326428	347.03917	31.723142	27.112519	0.0019300236	-0.023138961
1397	1.2644251	-0.42840623	1.2632257	261.2057	8.5906778	1.6897666	0.043425061	-0.076965071
1398	1.3325231	-0.37599786	1.0085387	3800.0976	30.204832	26.200221	0.0061363648	-0.10661562
1399	4.0924635	1.3806255	0.10081281	2369.0386	25.871288	17.889035	0.41926713	-0.0021363907
1400	2.2045053	0.83111735	1.3932083	2984.7047	39.019952	35.813154	0.074930581	0.030786088
1401	3.5279033	1.210543	1.076443	4531.6732	61.843721	54.276361	0.063288939	0.16424881
1402	3.2762468	-1.2363742	2.1143302	6516.0319	73.051109	69.251855	-0.19634283	-0.21436635
1403	5.8506853	-0.37354642	1.1290999	1589.8796	44.741	10.906966	-0.11118492	-0.021917123
1404	2.4578249	0.13184785	0.46963455	1463.9907	12.479819	11.446652	0.092095438	0.033867008
1405	4.7395605	-1.265037	1.6936474	1055.4142	11.015941	10.827566	0.22306142	0.011707341
1406	0.60503561	0.31380467	1.4250106	372.14542	4.7755473	1.8631798	0.15219966	0.065550611
1407	3.138426	-0.2600065	0.84398905	1498.3538	13.898842	2.5360493	0.13749979	0.041258093
1408	2.2001363	-1.2570928	1.2029955	774.00615	10.005547	8.9630462	-0.0084801257	-0.05692938
1409	4.4927731	-0.68024146	2.6033903	3474.4707	43.280071	24.992721	-0.012202987	0.018448966
1410	2.4061714	-0.082547871	2.1483435	3981.283	53.038273	47.654034	0.4307535	-0.10235778
1411	1.0477196	-1.2267234	2.3861833	3140.1663	57.569085	38.811133	0.034383138	-0.19511075
1412	3.5259254	-0.27820725	2.0069874	2848.8473	56.577019	51.647462	0.17186002	0.023761529
1413	4.3763622	0.61116783	0.36154656	2112.1285	11.308326	10.570981	0.042749204	0.36349697
1414	4.4500924	-0.04560966	2.4702528	242.50535	7.6481125	1.4948892	0.23845249	0.0066945314
1415	3.7737449	1.3503464	1.6585492	2054.5992	75.744055	46.122735	0.08265886	-0.15822162
1416	2.6282433	-1.0756835	2.408313	2857.4439	48.997437	16.975819	0.23606332	-0.016870675
1417	2.0775801	0.00045892301	0.91167541	5498.6316	93.007784	62.967789	0.039709346	0.099370271
1418	0.7532507	0.84878127	0.30697375	2474.1709	38.828952	13.086415	0.0078335248	0.16797183
1419	4.1788288	0.19479726	0.57729888	2064.041	14.258826	11.83281	0.2571019	-0.088466139
1420	1.4548092	0.13059623	2.4703336	483.19143	2.9921454	2.4759894	0.18824298	0.060911958
1421	5.4377239	0.92095831	2.315469	1464.2227	34.251675	13.190211	-0.11160699	0.0017634614
1422	5.3353735	-0.069206464	0.73649209	3481.8522	48.526748	23.472762	0.40434494	0.13665797
1423	1.2934078	-0.70233638	2.9356172	3474.6592	71.665696	61.350797	0.21270884	0.11173822
1424	4.3204246	-0.19750151	2.7697362	2795.749	58.33363	47.383733	-0.12500634	0.35653932
1425	0.43514404	-0.39495601	2.1765203	2164.4896	11.873653	11.663648	0.27751608	0.02465692
1426	2.4177283	-0.46300889	2.2731834	8444.0906	213.82437	176.24605	-0.025538155	0.024147059
1427	6.0167988	-0.34337373	2.3996726	359.66829	1.6510937	1.511968	0.023145406	0.016971816
1428	3.8214656	-1.2138486	0.26808843	2109.1367	12.24643	11.804984	0.018569649	0.0070187683
1429	5.8883866	-0.83108814	0.60946635	2138.9442	13.776326	13.118324	-0.10539703	-0.18372005
1430	2.6834484	0.34595742	2.4243746	4517.8265	89.634641	68.209732	0.040549644	-0.055695587
1431	0.90988734	0.49588566	0.53688078	311.51017	1.3467503	1.3250436	0.044023551	0.0093531233
1432	3.2685875	0.23006203	0.61036586	6366.2253	70.007358	59.679289	0.2500021	0.031500859
1433	3.6799949	-1.0545903	0.41774155	2209.5954	18.275856	11.065997	0.05725089	0.00042132118
1434	4.5764934	-0.53687677	0.9648724	2263.628	50.634176	36.774082	-0.034787558	-0.02837147
1435	0.50084435	0.23126284	1.8049694	1264.3682	88.145248	26.74058	-0.0067238169	-0.15129022
1436	0.99848835	-0.11539904	2.6879434	273.92295	3.9305048	3.7198852	0.037002132	0.31092236
1437	3.6354167	0.60044578	0.92089426	1056.9936	11.205509	11.180564	0.18822968	-0.11299561
1438	1.1646301	-1.2801017	1.7850401	722.59264	30.524791	26.153618	-0.027059688	-0.32748601
1439	2.6634964	0.38916895	3.0962328	5786.3048	58.808326	41.404867	-0.0098774502	0.0088090937
1440	3.846038	-1.0655006	3.0600462	3111.7887	27.276147	14.580362	0.048023686	0.16850083
1441	4.9543328	-0.22651256	2.1294328	134.47671	7.3438632	1.5388476	0.03288866	0.048195665
1442	5.1835902	-0.55549142	0.6062863	653.31776	27.904932	11.071938	0.026036219	-0.22642696
1443	2.7771633	-0.33416009	0.70436549	6876.0016	66.174208	63.10567	0.12562565	0.042710123
1444	3.5872209	-1.3654865	1.847258	1351.3941	9.9081604	9.8541069	-0.23119813	0.018686162
1445	2.6838152	1.0842988	0.70615981	2862.0704	30.548414	13.148088	0.080333538	0.0021586501
1446	3.982176	0.43826436	1.4923677	895.10627	31.913555	17.170912	-0.051053284	-0.0010048455
1447	1.8044183	0.69058433	0.1609333	1434.8222	13.344099	2.3977478	0.31655721	0.21531483
1448	2.094256	-0.63622664	1.6087077	2834.3356	56.905878	54.052272	0.080847574	0.064395576
1449	3.3698829	0.94693115	0.20975501	4120.5654	44.789607	37.172676	0.022029954	0.1698429
1450	3.412162	-0.37787023	2.4725937	6950.9568	46.105529	33.924656	-0.14231337	0.18628957
1451	0.15807887	0.90262835	0.11202778	2457.8077	12.117121	12.010664	0.15624821	-0.13471373
1452	3.6375708	0.95642707	2.565559	6917.9298	75.512594	67.802705	-0.11881664	-0.00018072325
1453	4.8171439	-0.37674425	1.9002952	231.21081	1.3361497	1.2729876	0.062267321	0.017173123
1454	3.2328885	0.90208913	2.6319157	628.96258	10.601551	3.7081197	-0.0034280622	0.1045742
1455	0.59959757	-0.54281293	1.0880689	2570.9956	57.330632	41.512517	-0.50539328	-0.16207021
1456	2.2072085	-0.96629935	2.2884775	1735.5288	37.198267	23.463093	-0.15059258	0.0095327945
1457	5.9494508	0.15041254	2.5524463	8929.6304	58.810697	41.160789	-0.015702323	0.0078506156
1458	1.1585034	-0.084721598	0.20159744	2745.8084	47.950344	45.911235	-0.014338779	0.30837646
1459	5.9755859	0.010349411	1.2475763	296.94307	1.7719113	1.6962595	0.015039168	0.043644063
1460	0.069074113	0.62076972	0.56122145	1182.4828	12.389692	11.161362	0.0079616339	0.10809072
1461	6.0834856	0.95313662	2.3782441	402.38887	32.483663	25.157526	0.071704354	0.44954255
1462	1.9721436	-0.11584506	2.5177449	1236.1794	18.619655	2.6515772	0.1765048	-0.012856059
1463	3.7413852	0.37020866	1.6232632	1179.9741	36.785364	26.2454	-0.030105046	0.2180307
1464	4.376446	-0.62188858	0.65351432	244.63637	2.571616	1.7830252	0.10013508	0.038508651
1465	0.83326287	0.77226905	2.7426894	1941.9566	12.122115	11.17774	-0.023747804	0.18977578
1466	4.2885682	0.66483916	0.52421145	4531.3312	55.639676	55.004197	0.2535947	-0.013082628
1467	1.8020786	-0.71317196	0.31868287	4452.7438	58.316133	32.532602	0.14444185	0.05493868
1468	0.95326785	-0.0448049	0.40797308	1671.4721	12.034925	11.517988	-0.0032495849	-0.0038611998
1469	6.0900058	-0.26631236	2.3921382	3350.4588	22.087846	14.204357	0.058199202	0.2351371
1470	4.783914	-0.76521402	0.59170984	2785.4061	105.92497	80.261875	-0.15423603	0.021259138
1471	0.7769938	-0.56092104	1.0802644	1238.0123	49.070761	47.717519	0.47405903	0.036110193
1472	5.8166756	0.98900208	2.4120032	5870.1721	49.422644	35.283174	0.16957175	-0.01879553
1473	3.807421	0.46045812	0.60916471	706.48769	41.400827	40.947518	-0.34030627	0.047707618
1474	2.7191437	-0.73083658	1.1738207	805.25118	10.113359	10.036331	0.046714764	0.055328763
1475	3.5122769	-0.1588247	3.0261315	5361.2194	135.65589	54.70746	0.014384432	0.012247931
1476	1.7703795	0.18056913	0.51244875	1770.5286	10.927693	10.187433	-0.030047367	0.013168825
1477	1.9613126	-1.2768041	0.85105354	435.21312	2.2631996	1.6135467	-0.13928169	0.11170494
1478	3.3011302	0.28963618	2.3779097	1018.0241	10.657951	10.273765	0.018569649	0.0070187683
1479	1.3124342	-0.17863934	1.329548	704.18025	11.413102	9.4893318	-0.0034523869	0.047833287
1480	2.8728297	-0.6669171	0.44799899	1332.9685	29.867051	8.4688678	-0.074092967	-0.16008841
1481	2.1382814	0.20222551	0.55617585	503.40563	3.5987728	1.6841032	0.031614728	0.14248626
1482	5.0677392	0.31937231	1.5555601	352.91337	31.389297	2.7585552	0.20418733	0.10667843
1483	2.3798796	0.51502864	1.1574044	475.54981	1.5046747	1.2597684	0.00017770033	-0.11488337
1484	5.4781417	-0.70068447	0.69998634	775.36869	14.029518	10.223257	0.12629473	-0.043784579
1485	2.5693617	0.078229221	0.16843898	4571.1435	114.64974	56.71554	0.023577528	0.064207152
1486	1.1148661	0.17816119	0.57071591	1251.815	11.984408	11.802617	0.040343273	0.026519948
1487	6.1988294	0.24738739	0.4217938	3465.8718	12.234218	11.442127	0.23631886	-0.004712553
1488	3.6706997	-0.75478511	2.4008168	756.85271	9.8155555	2.0676787	0.043260575	0.055127584
1489	1.7564027	-0.13125424	2.9994644	2660.94	104.51707	79.594871	-0.044182055	0.25826145
1490	2.0009798	0.17458517	0.91468757	7745.9338	88.710733	68.656599	0.13788332	0.10202548
1491	4.1051707	-0.92960911	0.76688568	3050.4597	44.529651	41.794824	-0.055422957	-0.43482292
1492	2.9189199	-1.0086219	1.6586699	643.08674	6.5930545	3.6649111	0.06273207	-0.12301943
1493	5.7894318	-0.73421276	2.3346382	7018.3115	63.052302	54.719813	-0.079511872	0.059548841
1494	3.5694219	0.5861506	2.59695	1951.52	13.311326	11.433872	-0.15837764	-0.38689776
1495	1.2554793	0.7528898	0.66426489	1398.0036	11.282665	1.601393	0.069697573	0.056178684
1496	5.4868833	-0.89306718	0.90033186	2207.1334	51.513841	47.074182	-0.056775216	-0.060537072
1497	4.8444567	0.83671653	0.92435305	1768.1261	42.245661	32.374474	0.0099062161	0.099006479
1498	4.542152	0.025663818	2.2262027	3644.6599	43.262321	36.49178	0.0044223673	0.39357677
1499	5.8110499	0.020684015	2.1079239	4134.9651	119.35701	46.397549	-0.16486564	-0.11522509
1500	4.814558	-0.1030566	0.60199405	2408.1083	49.806855	13.440252	-0.019605547	-0.12012569
1501	6.2614324	0.35550461	0.43519849	1865.6282	12.427984	7.8776279	-0.019674197	-0.054501434
1502	5.937665	0.46091947	1.534979	356.15609	8.3059223	1.2854571	0.33295751	0.0086086319
1503	2.3633578	-0.65867545	0.79678446	3124.2986	46.689655	40.368343	0.0021172412	-0.022060128
1504	1.852585	0.19673613	1.9178869	3564.3191	69.636904	59.451894	-0.038613179	0.17407161
1505	2.6902438	-0.22693941	2.4290171	1283.4321	43.498006	10.468516	-0.028765623	0.0098538911
1506	5.2167486	-0.27088557	0.81804988	458.63141	1.6393998	1.6035861	-0.025222481	0.30932746
1507	4.0082421	0.56756294	2.8022091	1574.9095	14.027335	13.560016	0.025937618	0.014069833
1508	6.2255339	0.9485935	0.57373831	6197.8239	36.158323	31.902279	-0.049629388	0.034275368
1509	1.5609491	-0.72174207	2.5459618	3171.5257	47.539726	37.738471	0.11423648	-0.04907006
1510	5.4370422	0.037866721	0.55888516	2045.9579	37.586836	21.705078	-0.012202987	0.018448966
1511	2.4404884	1.2485703	0.56905714	2713.3394	20.844913	18.726135	0.036515491	0.17725987
1512	6.2403905	0.6276919	0.90892613	447.96595	4.7054011	2.5000998	0.42234747	-0.016536754
1513	4.1409419	0.80585327	0.65258909	2288.1589	39.961829	31.490154	0.096891169	0.077752461
1514	4.7909521	-0.69679882	2.9122539	1769.4785	14.53353	13.250284	-0.005669666	0.21012867
1515	3.3265044	0.041208781	0.90273121	592.43588	10.487215	1.747584	0.10447974	-0.18450949
1516	1.0602825	-1.0653455	0.84258568	5006.6015	86.810385	51.249612	0.048123189	0.03096221
1517	4.6056273	0.23497232	2.1324805	1090.6782	12.337362	3.3161552	0.10194073	0.20608618
1518	1.2933666	-0.43948133	2.3637042	4730.8476	117.12748	54.788794	-0.013477624	-0.023452481
1519	5.6225414	-0.45882869	2.520237	1200.227	9.8051982	2.7889708	-0.013384198	0.0023679804
1520	4.834117	-0.7817484	0.88694027	1889.1201	20.996497	16.362427	-0.061671736	-0.0077805566
1521	3.2754892	-0.34669199	2.4275796	639.64176	11.114513	9.9831565	-0.16209986	0.10225115
1522	3.7613839	0.089893105	0.15401478	7956.1292	66.696582	58.720123	0.024321167	-0.40478324
1523	4.0396711	0.38596362	2.5912285	362.62037	2.2790189	1.3087947	0.064624789	-0.11872115
1524	3.7544328	-0.32430837	1.0283907	1268.695	18.246385	4.2288262	0.42279675	0.036554663
1525	3.8005648	0.18789035	0.16339323	2270.0066	44.502589	43.641266	0.024007156	0.025795373
1526	0.1936469	-0.68329817	0.96028135	2521.2202	15.815398	13.967806	0.050832621	0.03155373
1527	3.3752218	0.38188434	0.75814954	173.50121	10.56389	9.7634144	0.0040100545	-0.033536132
1528	0.44477211	-0.6070392	0.95454755	6767.4621	75.899248	67.636742	-0.027748399	0.038368233
1529	0.60673565	-0.57387523	0.74918064	2471.5224	30.282345	30.005351	0.14905055	0.059630381
1530	4.1276879	-0.13676357	1.1436447	3669.6957	42.396732	38.272327	-0.1493622	0.10336056
1531	5.2827389	0.30068045	0.69382352	4891.9868	64.423038	53.580266	-0.025124398	-0.009760763
1532	2.1453526	0.89647546	2.5558654	2644.0518	14.145021	13.660452	-0.23633615	0.30406675
1533	1.8364726	-0.65340466	2.8070456	9652.0097	160.9622	143.76924	0.0038139162	0.18699308
1534	1.6555864	0.64643577	2.8388616	466.97904	1.6533436	1.3209575	0.15731853	0.010745264
1535	1.365202	-0.59823157	0.70947997	930.07646	9.8712821	1.9440109	-0.13227513	0.041838829
1536	3.4775897	-0.10803941	0.50675777	8328.4052	122.68363	76.484873	0.32928564	0.016072161
1537	3.1670407	-0.93231583	1.6237959	899.04104	46.660652	43.540401	0.18133982	0.11136293
1538	0.82030077	0.16715283	0.85012693	309.60739	1.7918064	1.306754	-0.023413413	0.079119584
1539	3.1072519	-0.40110351	1.8785197	2422.2924	31.853425	22.319238	-0.10330532	0.047199924
1540	0.45903731	-0.13428036	0.50562761	2874.2982	23.300369	11.490315	0.29288814	0.048943788
1541	0.38759931	-0.15317376	0.11061355	5267.4932	16.387352	15.92413	0.3090607	0.12002752
1542	2.5473334	0.22917023	2.3859563	1169.1077	11.817356	2.2378	-0.073583893	-0.17098794
1543	2.1114852	-0.65982354	0.80526617	8407.4759	91.08076	78.700175	-0.10185473	-0.11937733
1544	5.8080962	1.528154	1.7472364	428.42815	13.661283	6.6809193	-0.00069369745	0.25925717
1545	2.0366	0.16682739	0.71495379	1436.8053	12.791461	11.732846	0.041355228	-0.080089396
1546	4.8049135	-0.88718164	2.4812774	8157.668	75.300465	73.344504	-0.029535405	0.00061479946
1547	4.570245	-1.16884	1.3471481	2440.9531	43.443117	33.662703	0.0031914053	-0.05090435
1548	4.0653471	-1.1436807	1.9596082	986.43352	25.204494	17.89976	-0.099880776	-0.032492882
1549	2.6276632	-0.15332726	2.6338732	2711.4987	51.718595	15.018804	0.068372621	-0.038243787
1550	1.1500795	0.16358535	1.1809745	180.22717	1.5337364	1.2767173	0.0050906345	0.062703672
1551	4.1094771	0.24182638	2.3005737	7814.0617	113.65189	60.994716	-0.044248811	-0.054501439
1552	5.5636729	0.59280245	0.3985073	750.29639	1.9308394	1.6007039	0.017291581	-0.092012231
1553	0.30804925	0.96107842	0.45720517	1647.1715	53.866078	11.804368	-0.026645587	-0.22927808
1554	5.5602861	0.88925829	1.9745313	468.00202	2.4357103	1.8087312	0.11580131	-0.022547108
1555	5.5300835	-0.81580951	0.23667245	3135.7815	52.834538	46.80012	-0.017836645	-0.027230962
1556	4.7903882	0.19428388	0.11469777	3458.304	21.927364	9.3772234	0.089302712	-0.15747482
1557	0.82023801	0.21283835	2.4919492	2051.6373	43.263344	11.953385	-0.14894567	0.071995236
1558	5.0003465	0.41605665	3.1248039	2344.7015	16.188795	13.864555	0.060842479	-0.011766541
1559	2.7265168	0.39165214	2.2575286	19108.355	135.329	119.92212	-0.034769395	0.087170675
1560	1.2040445	-0.3305987	0.50974381	1682.2063	13.282204	11.864421	-0.12687066	0.11397272
1561	2.667659	0.14177416	1.0725908	241.73649	1.6361586	1.5893545	-0.017851852	0.06049753
1562	4.1472927	0.24112164	0.19166077	5830.4241	138.48057	105.04808	0.018859012	0.16948823
1563	5.6877027	1.1260015	0.71769671	3315.1639	23.337686	14.779555	0.05538567	0.24188247
1564	5.9858303	-0.69961954	2.500123	290.24208	9.0533137	1.3939391	0.2455112	-0.089371005
1565	2.0900057	0.21484437	0.79140439	819.3873	10.728201	9.3441253	0.29713782	-0.015045638
1566	1.5676436	0.31318439	2.2704436	543.51007	30.854131	27.940336	0.31281872	0.14789726
1567	0.89250546	-0.98351414	1.6725592	3011.0215	47.878866	44.150556	-0.041243982	-0.021048081
1568	2.5053127	0.97729664	1.45847	3761.022	42.598509	38.780211	-0.10405914	0.068349691
1569	1.3296482	-0.94947135	0.89233574	3551.3174	56.914903	41.328628	-0.04077986	-0.036824109
1570	1.1936683	-0.30460392	0.3993014	7672.9516	47.950238	28.681452	-0.017606833	0.085920815
1571	0.67792406	0.87619345	0.081220484	1492.8783	13.03284	2.4549424	0.68570109	-0.065519171
1572	5.7882347	-0.88992723	2.1852546	3181.6168	49.883806	41.776563	0.076904407	0.012772969
1573	5.4677447	1.2245384	0.54455623	6783.9699	74.027474	61.180294	0.10558794	-0.056903508
1574	5.9485684	0.58927803	1.1040257	5163.8395	69.678867	68.189695	-0.07410241	0.22465378
1575	6.1041744	-0.12547564	0.84918454	2805.1718	74.551846	58.400797	-0.13734899	0.020437742
1576	5.6905159	-0.73834811	0.89027251	1294.2871	10.982924	3.4142095	0.478748	0.0067382088
1577	6.0940593	-1.0658342	2.0615668	2067.4928	43.033379	36.462935	-0.05279272	-0.016313564
1578	4.2951335	0.9887939	1.1704717	3901.9936	73.614081	34.832196	0.22330427	-0.017466457
1579	0.36110457	-1.2901912	2.4614647	2264.7162	44.035007	13.216651	-0.0041962916	-0.64588422
1580	2.2928931	-0.70678452	2.333684	6573.7191	40.047159	37.173603	0.32789817	-0.13567343
1581	3.6386493	-1.1373052	2.7533299	4951.8693	61.719141	56.393856	0.15132684	0.04392909
1582	3.1015691	-0.4711129	3.0484851	1905.6003	53.418706	48.992711	-0.1525538	-0.0031146937
1583	3.5805459	0.99729466	2.4920764	681.90352	10.459523	8.9424772	-0.17262518	0.089026668
1584	2.6329437	-0.80038079	2.1465052	649.2562	9.3939111	9.085992	-0.25697406	-0.073737486
1585	5.5079144	-0.39582648	0.4679094	8207.2416	80.439624	76.256107	-0.19634283	-0.21436635
1586	1.1872384	0.44001068	2.7603239	1123.5278	42.86511	36.526245	0.47060821	-0.021478474
1587	5.6603621	-0.30233444	2.2810268	2154.2066	13.673414	13.338443	0.16870294	0.27523542
1588	5.8914753	-0.84202321	2.7527537	2713.7434	14.394678	9.3117344	0.0017794307	-0.0017501481
1589	2.0467384	-1.0602213	0.33669991	927.0059	9.6988209	1.8233213	0.0036189932	-0.028422588
1590	3.1443665	1.2870209	2.1198866	5662.0704	75.871605	59.640534	0.008004211	-0.11926153
1591	5.4095788	-0.0058108784	0.52136144	5981.2179	59.338647	42.105359	0.0029947741	-0.18077773
1592	3.6982962	-0.27913162	1.7694364	791.80556	10.600157	10.32183	0.052068463	-0.17778677
1593	2.1127027	-0.93802192	1.6889572	5913.0193	119.80023	61.036175	0.09475799	-0.13414311
1594	2.7573967	-0.011019464	0.56003133	4435.1208	42.869142	27.95298	0.079842771	-0.14600458
1595	5.9847924	-0.064056758	1.0671102	1983.2463	45.446065	21.828586	-0.05661558	0.034956769
1596	5.207856	0.37586448	1.7681766	821.90109	5.7503128	5.6774589	-0.014397381	0.028574705
1597	1.353818	-0.73207811	0.61889102	219.85901	34.579953	19.129088	-0.04918719	-0.0033949991
1598	6.1108296	1.0546539	0.38592457	4700.9707	16.03993	15.454008	0.0917739	0.042447444
1599	1.8054834	0.81386962	0.83471044	2107.5677	19.521195	13.946242	0.20781487	-0.051252975
1600	5.2523066	0.55726099	2.490912	1274.4254	28.299292	27.780497	-0.036446962	0.21508409
1601	4.1549459	-0.95114658	0.4888409	4387.669	23.78188	22.328979	0.063483683	-0.011940913
1602	0.75873646	0.88807148	2.3576223	2707.2558	13.086915	12.865642	0.091332031	0.053161884
1603	3.1177307	-0.57685072	2.5878992	342.64343	1.7285431	1.6116208	-0.11328707	0.071194747
1604	2.4429218	0.013974024	0.72888788	6633.9551	75.823159	48.269426	-0.15894582	0.051479014
1605	3.5786886	-0.31438433	0.23985356	3072.3512	13.412853	12.297994	-0.018411742	0.039012114
1606	3.6400584	-0.30324934	0.64158056	6683.1366	68.901309	68.774415	0.32918945	0.05913284
1607	0.80081623	-0.9763249	0.45241596	514.32261	1.8883751	1.8110213	0.063386869	0.074053639
1608	5.9309595	-1.1227151	0.81127306	13628.616	99.416856	76.263113	0.079124014	0.19448059
1609	4.7769947	-0.4815484	0.4520498	2147.6193	34.749695	12.139655	0.069491839	0.031553251
1610	3.2065732	0.37222171	1.324928	646.5795	20.859817	10.977966	-0.014608019	-0.18988181
1611	1.9604612	-1.4076519	0.85675844	1297.595	11.747975	9.7708138	-0.00038281337	-0.61591823
1612	1.7162266	-0.54758274	2.9363212	1040.4702	9.1853829	5.0388761	0.24086849	-0.011746161
1613	2.1118401	-0.15960513	2.3136292	1551.5034	37.18945	23.95991	0.053092601	0.017911855
1614	2.1740802	-0.34309419	2.1064843	2328.9121	34.088967	33.513171	-0.00099294744	-0.062791353
1615	0.51067981	0.0315887	1.7604731	2922.4554	52.196492	46.602572	0.080923326	0.013065883
1616	4.6479641	1.1262667	2.0420204	1730.3061	11.558591	11.183344	0.11051733	0.19592283
1617	0.056074744	0.59260366	2.5829386	682.49662	10.816537	1.48011	0.23997979	0.014516229
1618	5.7931076	0.74078227	0.51096649	4227.6263	39.375934	39.370567	0.032286875	0.10444716
1619	1.444624	-0.66620875	1.0777787	1107.9698	13.152545	10.677218	0.11283861	0.031377878
1620	0.95671968	0.70603445	1.8851759	1712.3824	50.938102	45.381838	0.00041297768	0.024549588
1621	2.8434342	-0.34307653	0.62191593	3496.5335	36.413174	35.621383	0.14681141	0.0013337555
1622	2.7122493	0.98386161	2.3388266	4905.6309	48.488374	46.990475	0.50314341	0.11673438
1623	1.5687639	-0.44443083	0.68240715	3048.4116	37.579792	16.576348	0.050693868	-0.019216309
1624	2.7100002	0.31189727	0.83635634	2868.7985	31.634976	30.6801	0.027006452	-0.041208352
1625	0.66252125	0.42111913	0.80395001	444.99947	2.0578244	1.5732008	-0.18120467	-0.013795147
1626	0.56119099	0.81555011	0.92899272	1004.0604	11.581132	10.257235	0.3699779	-0.16569797
1627	2.8335171	0.009324361	2.0671539	3022.6146	56.534053	31.481061	0.18662145	0.14513844
1628	0.54257641	-0.74496049	2.4296456	4743.2188	53.353295	52.723483	-0.068363509	-0.36199595
1629	4.3723979	-0.61671991	0.16489655	3607.4115	135.57868	47.606291	0.40757134	0.24941347
1630	0.60211186	0.008694503	0.41791791	356.66641	1.804619	1.6366284	-0.10893926	0.0080726708
1631	0.4658856	0.90724728	2.3914575	370.35284	11.034	10.260314	0.041224742	0.0075708092
1632	1.6900942	-0.52617948	0.76215248	1658.0798	12.489895	11.495804	-0.044348001	0.14730865
1633	2.8570271	1.1176735	2.2449792	1198.3318	12.897998	10.186587	0.24727089	-0.080945481
1634	0.15130875	-0.38592164	2.212088	2452.8025	14.716625	13.06086	0.032153881	-0.15877882
1635	3.0596787	0.1198321	0.31662521	780.90571	11.364667	10.082998	-0.047931338	0.082674948
1636	0.77279287	-0.45830734	0.32816071	5514.8992	18.81844	15.094656	0.021793094	0.024055904
1637	3.2888828	0.208624	0.46431621	906.88625	10.061748	2.8293957	0.00090590137	0.037070561
1638	2.333041	0.96550501	0.89935304	2300.0645	39.215056	38.490901	0.070818869	-0.21636762
1639	5.8272153	-0.10427357	0.20193741	339.53985	2.0873927	1.8001417	0.076135381	0.097684373
1640	0.64420024	-1.5244386	2.9758532	680.31686	10.869618	2.6473048	0.10178707	0.16986645
1641	4.7855098	-0.26717794	0.37773164	763.46653	1.9246311	1.5732195	0.007479946	0.042115476
1642	3.758187	0.0096160381	1.2111816	952.83087	12.280597	11.782813	0.046879934	-0.070925063
1643	1.1030331	-0.01862821	1.4111425	1811.6109	106.87994	78.636833	0.040453049	0.047739816
1644	3.8592543	-0.3584531	2.1816556	4328.3025	41.887458	38.30601	-0.043549914	0.024082048
1645	5.7286712	-0.78640748	2.5039526	1547.8271	21.688059	4.2372396	-0.019221436	-0.42344888
1646	3.4811432	-0.11930355	2.9425685	1701.1391	13.222253	12.053686	-0.1283673	-0.0037390916
1647	1.8025028	-0.89318923	2.9398608	574.55249	8.868894	1.4189851	0.11378273	-0.032082758
1648	1.9006098	-0.12019673	2.4448483	996.72609	24.33268	21.617323	0.39618271	0.49152646
1649	1.8467292	-0.69860228	1.0245232	1250.6414	37.85358	27.347113	0.065306479	-0.13224982
1650	1.0075578	0.56764566	0.41872834	1645.1167	33.522357	15.027962	0.17167241	0.098882733
1651	2.1779901	0.41392688	1.9079949	1269.4307	13.514411	10.967265	0.049976686	-0.011342604
1652	4.3175088	-1.2003472	1.1801777	1818.3201	17.524901	12.48514	0.19707698	0.2233292
1653	0.074381502	0.39685782	0.99336652	5209.0001	113.40375	71.830036	0.039713122	0.013057218
1654	4.1131535	-1.1280301	2.7275313	7627.7427	69.926851	28.209822	-0.12709843	0.011115949
1655	0.90406806	-0.11310813	2.2139056	884.95774	23.34908	12.785702	0.18880508	0.16983681
1656	2.875533	-0.7401027	1.5162155	1374.0846	54.578991	49.447221	-0.02170295	0.032602576
1657	1.1936888	-0.044039297	1.8606641	1603.1248	43.911002	32.604992	0.16040944	-0.026105656
1658	6.0941636	0.30044572	2.3246885	4027.3841	63.849555	52.080547	0.50537305	0.29874672
1659	3.5276259	0.2491136	0.214622	2414.6655	13.98824	13.26433	0.20604438	0.040922918
1660	2.5810098	-0.90526792	2.9433004	7523.9443	67.846695	58.86335	-0.06552702	-0.12693736
1661	0.1624578	-0.061242623	2.6396193	736.34916	11.653861	10.739832	-0.13581447	-0.10981563
1662	4.5739335	-0.82251735	2.4368451	3367.7334	31.865128	30.281622	0.016133249	0.19015711
1663	6.2605833	1.1727771	2.6818677	4454.2108	35.705953	32.184716	-0.090351852	-0.015722895
1664	3.2000477	0.97807489	2.2669331	571.42581	10.967047	1.3192787	0.064691638	-0.037892154
1665	2.4433035	0.67646247	0.94527455	1113.8369	14.834053	2.5396094	0.048354578	-0.015492066
1666	0.24808253	-0.14661187	2.3042326	2239.1085	42.731789	26.373964	0.1181881	0.042967727
1667	5.3502236	1.2317682	0.90514657	1286.6691	21.127747	17.987259	-0.0067499031	0.0077780291
1668	2.7295786	-1.1637871	0.94408695	1326.5327	45.887741	31.614482	0.26988422	0.16541437
1669	5.1465937	-0.4713071	0.54266562	660.72563	12.782577	1.6842492	-0.14055895	-0.046166553
1670	0.13108602	-1.2286131	0.69520058	660.69287	2.6417649	1.6220114	-0.04597989	0.29075026
1671	4.3245855	-0.89772607	2.0878348	5763.8297	102.06309	51.770697	0.049159414	0.24260716
1672	2.0331989	-0.5794582	2.1065088	1467.4158	11.84068	2.2463044	-0.042546144	0.27104347
1673	3.8587214	-0.56418046	3.0284401	7607.0237	76.53083	69.94108	-0.00025416309	-0.018398816
1674	2.2111744	-0.37837376	2.1980734	6161.2097	70.549829	33.948357	0.06036192	0.028880245
1675	6.2505941	-1.0770162	1.4238631	3727.8796	154.53077	149.46952	0.17292931	-0.00872194
1676	0.25466087	-0.16912192	1.9375604	1898.458	33.18652	30.0977	0.064468364	-0.031239256
1677	4.3972932	-0.25787864	0.96183	2211.456	16.287546	13.264834	0.072636722	0.081586317
1678	3.4465559	-1.145507	2.0484606	2713.57	63.041334	54.505812	0.018514308	-0.072212088
1679	5.4311256	-0.072773041	2.4303671	1243.3189	11.358308	8.5044116	0.0051694128	0.061539649
1680	2.2032788	0.49039659	0.52186511	4648.436	51.130988	44.643678	0.089007989	-0.031563959
1681	5.1692159	-1.3548289	1.3351196	218.62749	1.6986309	1.2674401	0.31755775	0.33025264
1682	5.407924	0.48460414	0.53475923	605.10244	1.7044334	1.6035611	0.089307871	0.10493799
1683	5.8213336	1.0831765	2.1622818	3448.3027	45.552427	33.438488	-0.022657428	0.13366582
1684	0.42013679	1.031878	0.40184442	2603.6298	52.253257	47.668228	-0.2421045	0.0071845763
1685	0.26968108	1.0136092	2.9492356	562.83114	2.67678	1.787049	0.033112771	0.014935002
1686	1.9084194	-0.026272254	0.098504776	6652.3259	74.284649	46.634747	0.048789383	0.0037739801
1687	3.4529432	1.0188037	2.5195036	408.07056	1.6422223	1.5179653	-0.0077917629	0.16839411
1688	3.8800458	0.05895491	2.5211609	312.07052	2.3774048	1.77975	0.18005225	0.036034751
1689	3.0629204	0.13651316	1.0817881	10569.852	213.23486	196.52132	0.091250875	0.040854825
1690	6.250385	-0.1457092	2.0205644	3651.7309	49.462833	39.291518	0.01261286	0.026041614
1691	2.0883843	0.46162688	0.62692549	1038.6553	12.427867	10.748368	0.091581223	0.50307211
1692	2.1317693	-0.71755249	2.8405121	2215.7847	14.073369	12.012287	-0.018216328	0.099935978
1693	1.8581679	0.0157684	0.2773876	149.51101	1.6229601	1.3279759	0.064444073	-0.00078505714
1694	0.83564175	-0.87109104	2.5591153	3259.7035	71.296888	56.363656	0.29229008	0.017469246
1695	0.34481311	-1.0329594	1.3449977	1686.2563	42.831196	36.828536	-0.02222514	0.10026487
1696	4.2364543	-0.70755243	2.8202883	3479.7805	91.784307	46.932503	0.15351305	0.031757383
1697	4.510948	1.4822767	2.4843371	3073.4996	40.00471	39.239818	-0.24374434	0.39018112
1698	4.4145865	0.76286894	0.7833469	688.61963	33.329121	20.186818	-0.079556985	0.26191035
1699	0.14754811	0.0048833911	2.6925348	3199.7038	43.241883	42.951786	0.15940065	-0.1526129
1700	2.1828935	0.11401541	0.33294638	5972.0983	44.159457	35.459314	-0.039305855	0.036884232
1701	3.7288065	1.4088664	0.89417211	8005.1735	89.864545	83.993223	0.089314015	0.12690892
1702	3.6781469	0.34339762	0.73000798	3245.3927	45.806841	42.969999	-0.044796548	-0.030408847
1703	4.8652804	0.10535178	2.0205594	1446.4271	11.895009	11.641648	-0.11155334	0.002063482
1704	2.1203466	1.016773	2.2757646	967.77279	17.147235	8.6402748	0.24583033	-0.051319378
1705	2.2072112	0.80450978	0.16583384	3657.8357	13.238471	11.741217	-0.060889382	0.024024201
1706	1.6363385	-0.86192378	3.0263741	4694.584	44.506268	29.602738	0.063293213	-0.13705624
1707	4.1695066	-0.17475681	0.81506549	7374.0918	78.577331	61.231955	-0.25505789	0.085936304
1708	1.0146138	0.78770195	2.6652235	3329.6657	133.53213	88.262256	-0.042457253	-0.1100193
1709	1.0873789	0.71490461	0.45240651	4037.1355	51.738713	51.045162	0.059783212	0.10402167
1710	0.84530589	0.19885165	0.88920406	1848.9717	67.649876	56.300161	-0.01137234	0.015659337
1711	3.9848383	-0.057495518	0.82986499	1465.8572	9.3979479	8.480242	0.07898683	-0.019766324
1712	4.3916611	0.69093501	2.1935142	1771.7054	13.291722	12.101449	-0.0007406895	0.011107279
1713	5.9614665	-0.20987357	0.057375767	2341.2585	33.398165	12.919336	-0.18459061	0.16294848
1714	4.6704097	1.1796753	2.3988958	6848.2032	44.902567	42.457574	-0.11946157	0.064377056
1715	3.3026179	-0.78118049	2.1803192	2756.6797	33.548891	32.933859	-0.036446962	0.21508409
1716	1.4797801	-0.28287033	0.56723001	10246.857	69.282362	56.608136	-0.075817305	0.16568485
1717	5.0769211	0.24722507	2.7605228	7046.2595	71.085394	61.648596	0.067084996	0.020984442
1718	0.93136011	-0.31274492	2.7795633	3750.6006	42.111636	17.277146	0.025729959	-0.0011419792
1719	2.1165802	0.77965601	2.7316951	5997.1383	93.798767	85.278292	-0.15398657	0.061417566
1720	4.0626587	-0.96964298	0.40290687	1562.6993	55.517594	28.71533	0.053491164	-0.14738442
1721	1.8602359	0.86551532	2.5179652	1815.5213	51.047438	31.864191	0.089163555	0.11088844
1722	3.3118911	-0.22579315	0.047306771	1724.0677	10.95176	10.443128	0.085345936	-0.29420219
1723	2.8776189	0.97339141	0.71450272	1279.693	50.534134	30.744225	0.059178482	-0.016980671
1724	1.7060581	0.42864084	0.56431223	871.1395	32.419976	31.357846	0.024165554	0.15898611
1725	5.61631	-1.192346	0.82060627	203.82084	1.7842153	1.4204483	-0.019984843	0.11394026
1726	4.4510468	-0.19734422	2.3991547	1664.7938	10.92203	10.382213	0.015685926	0.042988605
1727	2.0949693	0.003330386	0.1205266	787.91245	7.6943235	1.9806925	0.018096347	-0.0021167599
1728	1.9426061	-0.027462659	2.7502033	4130.7514	55.076222	30.151941	0.1099138	0.14642677
1729	0.2416338	0.82789797	0.545785	508.74868	1.7377908	1.4541278	0.10163889	0.03986801
1730	1.0617692	0.27498652	0.45910435	2153.2636	37.610166	24.459354	0.048056061	-0.10547669
1731	4.4410238	0.066049486	2.7881447	3646.5768	13.085146	8.9584303	0.15072149	-0.0049022974
1732	1.9254244	0.69962148	0.071727307	1577.1754	1.8331422	1.6010775	0.0065154362	-0.032051295
1733	5.6291229	-0.74131331	0.81431877	4247.651	56.257208	54.608407	0.07557154	-0.20175851
1734	5.494567	-1.2751575	2.2119275	3038.0645	34.822785	29.369013	0.042060003	0.1905222
1735	1.9435836	0.532535	2.9811649	164.56747	1.8598262	1.7332709	0.085725009	-0.0032360555
1736	3.5803344	0.47215365	0.63886825	4300.5608	23.422415	13.081258	0.13040777	-0.086250991
1737	4.4325736	-0.17623245	2.8687142	1208.3897	22.291229	14.361759	-0.19785239	0.12647911
1738	1.5318762	0.88910205	1.0067555	1550.528	12.6622	12.577194	0.10602608	0.24162513
1739	4.1696443	-0.55858997	2.5191688	1151.6913	4.371589	3.931647	0.11182773	0.01131394
1740	1.526248	0.83840865	0.79258765	3534.0561	54.933719	30.436978	0.26535193	0.061574946
1741	0.46820183	0.84943902	2.3293069	4847.4869	61.675858	61.055405	-0.26747613	-0.095946381
1742	1.4234534	0.75554365	1.624883	1780.8511	45.23766	30.632421	0.033939624	-0.063470885
1743	6.1906267	-0.78998166	1.9797967	2565.8056	46.298292	37.660166	0.29797224	-0.062180467
1744	3.6775475	0.47038245	0.83532747	433.57375	16.468075	2.0345748	0.030724782	-0.0051983454
1745	4.5861994	-0.34826237	1.0634225	1251.1691	12.947974	12.212946	0.095296756	0.11801224
1746	2.7512108	-0.35049356	1.6623533	4859.3128	47.273915	38.363595	0.02221833	0.00698324
1747	2.7728424	1.0457195	0.51981082	4220.3987	62.501846	54.048533	0.0035812082	0.079998185
1748	5.8018064	-0.37665511	2.2734345	284.42483	9.5004538	9.1622548	-0.08666449	0.081030066
1749	0.35597448	0.78145627	2.8907438	4192.2177	72.364935	47.612805	0.11514213	-0.17929875
1750	3.9845191	-0.86046009	1.660799	1819.8603	52.960854	48.906106	-0.55247015	0.26412955
1751	5.1424135	-0.4136282	0.72007469	4572.3099	51.628311	49.750992	-0.21907141	0.050184474
1752	2.3413465	0.39938667	3.024814	6200.9848	57.793029	55.998477	-0.091457288	0.0040129241
1753	5.313322	1.091595	0.90385704	1894.062	43.487079	39.190843	-0.067837105	-0.10303804
1754	3.1894337	-0.52844247	0.63911493	1137.979	26.769838	8.1673822	0.35473919	-0.40069012
1755	5.6671635	-0.044615952	0.98409163	3744.3337	42.3674	42.203702	0.12564564	0.035712456
1756	1.0445758	0.57006273	2.3990797	2043.6467	14.172534	13.769728	-0.14048485	-0.2386833
1757	6.1176952	0.91065424	0.077021272	2846.0229	50.740578	38.407007	0.0045118104	-0.31733225
1758	4.2176037	1.0256998	2.5155717	1348.5524	44.741709	39.497604	0.3560191	0.10338342
1759	2.9351648	1.1971829	2.9326379	13045.177	87.904554	78.571092	0.0019968496	-0.087078245
1760	0.081128009	0.48570196	2.1678503	5024.9182	57.844712	54.683534	0.63475952	0.020630163
1761	4.0544446	0.3993392	2.7110622	3682.4091	44.467131	35.984767	-0.006795879	0.081940138
1762	4.7229738	0.31702007	0.40766764	1921.5926	17.144714	12.708645	-0.028997818	-0.18490379
1763	6.0415931	0.72634381	2.2606891	2349.5148	53.804159	41.927282	-0.25505789	0.085936304
1764	3.7931599	-1.3451668	2.1758766	2202.5543	11.766815	11.352633	-0.021781926	0.087028272
1765	5.2097693	0.66007539	2.9392725	16270.339	113.71911	104.7919	0.034812783	-0.042791458
1766	0.56077461	0.70468512	0.85242922	1380.9927	9.8331581	9.5415642	-0.0924963	-0.23738615
1767	0.34573965	-0.60920898	2.6793803	1340.2049	29.334756	1.6974864	-0.015260274	0.016704569
1768	1.5795805	-0.86512482	2.2731151	1493.195	8.6226825	2.4014085	0.019398243	0.0038483789
1769	4.1503919	-0.26986597	2.7430002	558.7182	10.826199	2.9939468	0.0018022655	0.027818294
1770	2.5932406	-1.2836937	0.55899384	6734.4751	87.31612	44.947427	0.02576634	0.20060821
1771	2.6459924	1.2495942	2.3385077	2207.2605	16.983626	13.68624	0.022788237	0.53579694
1772	6.0113359	0.32939432	2.6416439	646.49467	19.489306	8.2912598	0.010870424	-0.0093699252
1773	3.8486287	0.85470702	0.71674289	340.02946	7.7807465	7.3680174	0.13686435	0.22518951
1774	2.1348968	-0.80313877	2.2267276	251.46975	1.5985007	1.3778273	-0.0055913268	0.22561897
1775	2.84082	0.46589412	2.5688956	5406.5589	20.38438	18.178116	0.092146202	0.0002585637
1776	3.5569654	0.38712553	2.4078267	2291.4101	38.825024	14.420089	-0.015427637	0.14308635
1777	5.38711	0.04300714	2.4070007	5787.3419	59.569478	35.615997	0.19113677	0.0089078278
1778	4.0553682	-0.1245881	1.3459275	1341.7746	44.830167	41.295086	0.19874552	0.038862046
1779	4.9008766	-0.54205238	2.4881662	1119.6065	8.4672965	1.7778536	0.00010375169	0.16122423
1780	0.84265945	0.47435658	2.5224721	3033.5449	14.398804	13.369794	-0.037122707	0.26771607
1781	5.8290149	1.5232697	2.6709539	2138.1109	49.002413	35.083907	0.080078404	0.16481854
1782	6.2748242	-0.59773831	2.6976696	720.81448	11.131575	1.9762905	-0.10684291	0.1534516
1783	3.2361195	0.31258283	1.1222427	3752.7812	43.202068	35.021738	0.15764231	0.0035511362
1784	0.96688469	0.58426042	2.63326	942.92351	12.934708	2.784226	-0.25192632	-0.01219309
1785	0.91778752	-0.79007556	0.33625262	5445.1848	54.008871	41.708443	0.0868749	0.25556815
1786	1.2621462	-0.15179023	0.48608405	7612.4151	68.871065	54.208513	-0.14163827	-0.015624428
1787	1.2980618	0.38697272	0.72407121	527.52688	8.6054201	2.4937241	0.12176913	-0.013146504
1788	3.0613415	-0.2115294	2.0924149	3026.335	52.707372	41.71379	-0.025204722	0.031982389
1789	6.2678323	-0.29661043	2.6582702	1550.8603	10.008377	2.012183	0.062953488	-0.14220263
1790	4.1112437	0.74574888	1.3997309	621.88122	25.528466	1.608523	-0.0081052867	0.12801376
1791	1.2833304	0.94746903	0.46823781	4330.2086	88.447496	56.407487	0.094305914	0.51718801
1792	2.1378924	0.45370781	2.2634165	8033.7225	157.77837	110.36693	-0.010228489	0.091015501
1793	2.2970399	0.94449177	1.4584803	1076.3105	36.110342	16.360422	0.0032959746	0.030506919
1794	0.42575721	-1.2737616	0.79497823	3615.9359	35.462046	33.349365	-0.025087813	-0.088562078
1795	5.0245689	0.41500095	2.3264252	508.97313	2.5140005	2.0676898	-0.012554345	0.026423588
1796	3.5532823	-0.43960937	1.2228163	342.97636	9.283058	2.4978321	0.10894023	-0.097073225
1797	5.415995	0.67150607	0.6713553	4897.9154	17.127526	16.005292	-0.048160921	-0.28210993
1798	4.9437302	0.7539296	2.1166271	285.72636	32.937966	17.389834	0.12012533	-0.19156429
1799	1.9265394	-0.34034098	2.7091638	1579.4551	12.135273	11.215308	-0.042870056	0.14372707
1800	2.369949	-1.0390749	1.2615534	1496.4097	39.234711	36.252593	0.092856907	0.20877547
1801	3.6022617	1.0911452	1.4191153	2870.0948	53.206079	35.791063	0.051330261	-0.012839304
1802	0.79707815	0.86789597	1.8925788	1973.2402	94.707897	85.869875	0.18620102	0.129722
1803	0.8321758	0.83167726	1.1782172	2949.5482	42.300663	39.398518	0.31832776	-0.020081967
1804	5.6694163	0.18093143	0.93070387	1943.8599	13.420534	11.934087	0.27042714	0.2140645
1805	2.1700139	0.6760149	0.8199483	10708.151	132.07772	58.694865	-0.13642665	-0.10231218
1806	2.0281623	0.60872227	0.021767508	7861.683	76.889132	69.690323	0.0058408558	-0.031354516
1807	5.0020584	0.97376133	0.20980313	1669.7898	12.22953	10.748644	0.39468097	-0.11716811
1808	5.1681034	-0.38011901	2.5895066	338.6989	10.559351	9.5187445	-0.28643274	-0.12693792
1809	5.642634	1.2337773	2.151764	2163.35	12.861548	12.463324	-0.010419443	0.060537803
1810	4.4328786	-0.4584991	2.6650453	279.40581	11.127096	1.4730828	-0.021936474	0.10040728
1811	2.5083437	-0.29288562	0.84589516	390.41744	1.4904664	1.2961996	0.0079659846	-0.043722501
1812	4.0754864	-0.39667498	2.5082748	7553.6912	80.456041	66.299481	0.092380977	0.13960416
1813	4.8027919	-0.30983956	0.99664267	3208.4737	51.198541	44.590236	0.0095028532	0.021059847
1814	4.2094646	-0.13739856	2.0963134	1989.9889	32.390437	20.679357	0.014391742	0.11158337
1815	0.0094725892	-0.16541282	0.64230405	3135.4379	54.181681	52.296839	-0.064479744	-0.068947579
1816	5.3979963	-0.16441011	0.97224203	4234.2712	48.931368	47.210896	0.36055953	0.17086822
1817	1.93953	-0.6922149	2.9436655	4742.3366	61.832243	52.631646	0.14743302	-0.055109263
1818	0.47712433	-0.28894306	2.3828984	1165.9235	19.812337	2.2748717	0.22073218	-0.05130486
1819	0.15880168	-1.2628067	2.0189501	298.68518	7.2248019	1.48643	-0.054074123	0.049390299
1820	3.2974117	-0.74683061	0.45936815	12157.139	118.23222	64.109639	-0.013795552	-0.4175822
1821	3.2673527	-0.10926847	0.49711938	1118.2865	13.6886	9.1324096	0.35557545	0.031884739
1822	3.4655891	0.63173807	1.4865277	672.80726	41.829437	25.332552	0.22816043	0.0076684644
1823	5.5215506	0.40207595	2.7327533	1739.8153	14.295689	11.645755	0.029427288	-0.028942468
1824	3.6100532	0.41071287	0.55373184	3435.8082	17.83196	16.772711	-0.018740583	0.20750008
1825	4.6211619	-0.34655856	2.5772367	2036.0032	53.962556	45.559867	0.21694943	0.17808441
1826	0.23385029	-0.05304542	1.2875969	1525.5653	30.045437	28.896418	-0.16451228	-0.078650817
1827	0.030192599	0.49025371	0.90818219	1646.5671	57.462553	56.210377	0.069335528	0.061254513
1828	2.9130944	0.42332414	1.015519	2640.401	49.943973	43.628085	0.05595846	0.082714351
1829	2.6092686	-0.29016952	2.6081211	2300.3639	52.087095	45.562943	-0.0050510844	-0.22537178
1830	2.7029426	1.0249807	0.4843517	2433.5391	13.844967	11.496192	0.073157391	0.046739614
1831	2.0753351	0.84447228	1.843622	704.35029	12.041701	9.9653313	-0.12235559	0.021809709
1832	4.229821	0.75933634	2.5414308	533.6153	1.6530067	1.5572862	0.13853687	-0.0024447511
1833	2.2185393	-0.61029795	1.4654601	4487.7886	55.16548	51.022132	0.033443772	0.14901611
1834	6.0546739	0.30148317	3.0269833	3116.8873	18.807115	14.988658	0.033190044	0.078368383
1835	4.4330138	-0.65274519	2.7499485	1621.7809	58.111916	37.672094	0.3823458	0.10566718
1836	4.7839578	-0.62337928	1.2519891	2963.1747	64.849775	56.739119	0.31360602	0.0069083595
1837	1.8441533	-0.28048777	0.65580915	1446.9576	10.516106	9.9264956	-0.041963336	0.068462901
1838	3.3953197	1.0775799	0.40433705	8278.7901	66.280951	59.821876	-0.12743457	0.056212233
1839	5.2574154	-0.85637162	1.8025905	483.16063	10.330981	9.466705	0.0423143	-0.070271128
1840	5.0310678	-0.2859721	0.5066197	3560.4679	42.869194	34.881655	0.23282941	-0.066835365
1841	4.2647849	-0.90296154	0.67869389	2374.4443	13.325939	12.18192	0.1774837	0.29921262
1842	3.0286733	0.40429485	2.1546795	2022.137	13.81597	12.942184	-0.023705101	0.015813009
1843	2.9214584	0.32846154	2.697279	3983.3522	60.71656	12.441621	-0.058899525	0.28641952
1844	2.4932293	0.10473675	2.7342104	7340.9251	53.029348	43.12163	0.033067474	0.089287032
1845	1.7042475	0.43219619	1.0278989	1467.0098	45.938921	39.844188	0.0041376996	0.10137648
1846	2.5599725	0.45184246	0.25031396	3675.3918	39.782016	37.653077	0.3748617	0.33873269
1847	0.99602686	-0.21337113	2.2788386	2129.2624	49.650477	47.098673	0.12218765	-0.063021013
1848	4.9862916	0.47516431	2.7159416	2170.4922	13.373052	10.359173	-0.030745147	-0.10403228
1849	1.2114305	-0.6324195	2.4411443	334.5226	7.7520076	7.3028957	-0.0064514665	-0.066784715
1850	6.2031483	0.26670553	0.91970147	6798.845	60.390065	49.929043	0.072523431	0.31589632
1851	4.1984761	-0.70560561	1.7260534	1590.723	23.006485	12.180659	0.22114125	0.11928009
1852	3.8443981	0.15088252	0.23017444	3321.755	58.02003	56.403296	0.041706853	0.062926587
1853	1.8511397	-0.10226679	0.88118983	4438.8157	58.634308	55.3716	0.16505569	0.32108425
1854	0.83420478	0.5759982	2.3563039	1266.8656	18.335756	15.832426	-0.026716893	0.06060579
1855	1.519317	0.15072432	2.3518845	4510.2253	41.039892	39.596769	0.066611868	0.024081424
1856	6.1737972	-0.033852226	2.7786219	3064.081	25.570331	14.487698	0.03349581	-0.045540596
1857	2.6878929	-0.28588194	2.1553946	1843.669	28.616169	26.716843	0.3833733	-0.012225721
1858	3.222478	-0.43012507	0.58361148	544.45935	1.9031543	1.6005008	-0.036507784	0.090660682
1859	0.81728613	-0.38294117	1.9658895	2033.6799	47.03297	39.047393	0.28453215	0.02326574
1860	1.3761451	0.85463459	0.53580575	283.09856	1.4450947	1.2959477	-0.015969542	0.10839419
1861	1.4743777	-0.29370139	1.0077924	443.35432	10.122224	7.3975963	-0.055011517	0.16325698
1862	5.9212935	1.0561752	0.27483812	1418.7574	13.046951	12.931133	-0.0091895563	0.023360011
1863	0.29476971	0.26580861	2.5937169	5129.738	17.408308	11.757759	0.35320381	0.0040113579
1864	5.1853099	-0.85159611	2.2756503	2321.5639	16.206593	12.215921	-0.047483555	0.19527557
1865	5.799064	-1.1390495	0.72612575	2802.1297	15.512965	15.078019	-0.0066958619	0.34689066
1866	5.8418241	0.71627094	1.1061616	2324.5659	69.355085	42.522423	-0.022503207	0.2502161
1867	5.2586311	0.33955527	1.4063794	65.077918	2.6584323	1.20236	0.022819577	0.18090437
1868	1.9839225	-0.29534019	2.1747057	982.82605	25.488962	10.998964	0.11382852	-0.16886873
1869	3.1093641	0.35636915	2.1724831	2173.8594	20.564815	10.691486	0.33169116	-0.0354828
1870	5.5631418	0.33452652	0.30320223	2824.8537	14.053694	13.957782	0.088724837	-0.0049143691
1871	0.67246007	0.026152821	2.9391838	9756.4245	56.693727	42.001359	-0.061714855	-0.025533118
1872	1.9791478	0.69912074	2.5574846	6173.5655	63.326577	61.746539	0.0053368677	0.26954735
1873	1.1505517	0.33318144	2.9294231	3634.712	49.095675	40.912581	-0.0056944862	0.029580735
1874	4.5554145	-0.59223635	1.1009954	1892.5174	9.9384314	9.7803455	0.3829651	-0.15074916
1875	2.9753922	1.2471447	0.98092052	1660.422	11.653968	9.8049612	-0.078032642	0.050619251
1876	6.0564235	-0.98752005	0.50854195	483.94122	1.7060813	1.5534051	0.28038498	0.12649395
1877	1.3236342	0.54499077	2.5391706	521.85623	1.6741104	1.555907	-0.056914722	0.071505188
1878	2.6532576	-0.91927458	0.89115629	595.2157	10.454621	9.5929856	0.014385027	0.32218316
1879	0.51988934	0.82472204	0.6556478	6609.2098	84.074219	76.39272	-0.094146023	0.17865235
1880	2.8973615	-0.86192941	2.3952374	1674.7985	9.8975411	4.7857769	-0.12011195	0.082647196
1881	3.8520737	-0.40425746	2.4332589	16401.972	96.875751	87.255761	0.25089186	-0.007985014
1882	1.8243598	-0.75538914	0.38845301	5395.477	59.979871	48.969393	0.24356452	-0.20971914
1883	4.2339454	-0.80158626	2.4534768	1207.3951	12.43124	9.3134717	-0.076993355	0.064128908
1884	1.7828185	1.0251268	0.55559594	2036.2941	14.060712	13.315617	-0.004514954	0.0081666968
1885	5.9297217	-0.61938097	1.310816	1943.2241	50.804701	34.112622	0.015961721	0.32768684
1886	0.44483681	-0.14500742	1.374177	3034.3361	54.451563	49.764688	0.19104151	0.0053195205
1887	4.5400755	0.4602047	0.8789414	6828.3138	132.55429	126.0487	0.25703905	-0.0068725977
1888	4.6552996	-1.1955856	2.9284993	1328.2844	12.974853	11.437859	-0.0040294396	0.15813627
1889	4.104179	0.32764152	2.3837824	4049.439	56.888709	45.499327	-0.026446006	0.46658698
1890	4.2781135	-0.38760916	0.88942783	1769.9146	10.232868	6.8879381	0.3424645	-0.2742772
1891	3.001275	0.29821925	1.5546275	3052.8802	65.501017	46.025299	0.013320891	-0.0017233969
1892	0.041059856	0.72663847	0.1007376	3725.4347	16.882011	13.689109	0.0068053671	0.051436919
1893	3.9065605	-0.75198598	1.5207967	2327.1059	41.065547	40.173047	0.073637764	0.28159581
1894	5.8883075	0.60489967	3.0457505	9263.4738	108.11188	56.829304	0.15616248	0.12515047
1895	3.9237636	0.34719359	2.0648398	1286.4436	13.173793	11.93173	0.38106875	0.10292477
1896	4.2431975	-0.32458508	3.0577249	1349.6866	9.4695906	3.1562902	0.048487471	-0.0071324514
1897	4.3904925	0.80938392	2.5015255	1249.4999	45.79857	23.848124	0.38616477	0.039597487
1898	4.3284344	0.89201628	2.2505998	474.7468	10.958319	10.094483	-0.083515031	0.0069237506
1899	3.9423882	0.79694994	1.640128	1226.3345	40.660248	30.254198	0.070764027	-0.18703439
1900	4.2661523	-0.53926795	2.4802936	326.73739	11.117263	9.4106771	0.29033701	0.16884057
1901	1.6571256	0.71306198	2.2012	420.04476	12.289092	11.861214	0.061076299	-0.26915333
1902	3.6297207	0.62368039	2.6297096	6076.3748	43.264977	41.63802	0.31550422	0.15120398
1903	5.0321666	0.4328882	2.4528294	1336.6786	12.341286	10.478289	0.24308457	0.014234324
1904	2.6029916	1.2772166	2.0264118	1199.506	11.664664	11.191394	0.59376683	0.007367168
1905	4.0722809	-1.208522	1.3818429	4581.6982	62.383314	47.56842	0.066724727	0.056374029
1906	2.2883681	1.0354127	2.3214265	1624.2441	11.297061	11.214302	0.016797567	0.4335026
1907	3.2689618	0.12197653	1.5460239	120.9917	1.7961128	1.6439637	0.018654782	0.05841817
1908	1.6883313	-0.015895292	2.4734063	376.33274	1.8841173	1.8142613	0.014672446	0.34197456
1909	0.91958174	-0.14708251	2.7545132	1459.118	45.893095	39.416661	0.038312676	0.038225925
1910	4.4912998	1.143646	0.76110346	1494.5235	10.498958	5.4952192	0.0020526121	0.0073947189
1911	3.675371	-0.83801851	2.3267028	333.92565	2.1429101	1.9353319	0.17677652	-0.013080428
1912	5.0845983	0.3505952	0.80166415	3477.5334	42.262676	31.941876	0.11440092	0.095966488
1913	0.073166711	0.28128564	0.77273356	5078.8816	46.020934	31.828461	0.064735239	0.054394873
1914	0.2626498	0.28749074	1.7889092	2760.785	43.392196	42.258654	0.022306483	0.086585547
1915	4.8453869	-0.089600787	0.46099963	507.27262	10.074148	1.6132424	0.010134656	0.027377869
1916	4.1019739	-0.31706856	1.7397098	1772.3585	23.721366	9.9553358	0.074573074	0.42961563
1917	2.3610688	-0.54701138	2.3409322	2421.9286	49.699103	45.599111	0.058777017	0.17539307
1918	4.5304414	0.75587032	2.7675156	3635.6963	13.972663	13.866598	0.052682688	-0.016365433
1919	6.2199656	-0.67138955	0.80754575	8563.9416	59.785557	49.23792	0.085055633	-0.017330861
1920	3.8742298	1.0227182	1.2058353	2189.8956	93.679155	84.487767	-0.058538729	0.007589183
1921	3.5250028	-0.7994264	2.2905016	519.85958	9.8364552	8.965727	0.10274452	0.072153131
1922	6.0370927	-0.58076922	0.57725947	4399.827	57.677283	44.072593	-0.0094502932	-0.30465181
1923	3.1776504	-0.2482469	2.3597823	1592.3858	12.864763	11.741243	0.036910883	-0.037786865
1924	2.821759	-0.75591988	2.2979802	3534.7305	54.43097	53.762739	-0.025356135	0.018840755
1925	0.15319726	-1.2201927	2.6512547	3184.6892	28.688859	20.419427	0.10065417	-0.093742309
1926	6.234655	-0.97759094	1.5240052	383.04718	8.8545042	5.5848293	-0.048333248	-0.33546906
1927	4.6056403	0.67124936	0.51399135	5404.2868	79.920948	48.402519	0.30484596	0.38234609
1928	6.0155171	-1.0848782	0.23591823	12050.76	75.441768	61.096173	0.0051972016	0.17988047
1929	3.1578171	-0.80949827	1.7281863	1519.5662	38.665008	33.687194	0.066371102	0.27168936
1930	3.4064973	0.93342941	1.7776559	3153.3721	98.452575	55.343104	0.0086397833	0.0061502257
1931	5.0112317	-0.32257993	0.40576993	6763.4523	65.568729	54.642399	0.093463687	0.077919293
1932	1.1634457	-0.37073335	2.8970166	818.82263	9.8361522	2.3086397	-0.067300086	0.053576939
1933	0.28269089	0.66756321	2.8275884	327.54515	1.8417901	1.3369837	0.10963084	-0.041110922
1934	0.43572366	-0.16377706	2.1191908	1309.5039	11.554639	11.516438	-0.0064557208	0.0072623981
1935	3.0227801	-0.83566304	2.214727	1077.6294	9.4902813	7.6965547	-0.025364753	0.1123996
1936	1.8341182	1.0478387	2.40146	5406.6316	58.16487	57.780492	-0.010759026	0.75751859
1937	0.34239184	1.069681	1.2160894	1180.2424	42.19278	31.205533	-0.22152758	0.090010582
1938	4.6786598	-0.92602894	0.96226319	1498.3806	11.591078	9.2112038	0.061437808	0.074126026
1939	5.1526687	-0.057436709	1.144898	3042.6953	51.37076	49.882171	0.11862821	0.040599572
1940	1.6854984	0.40872338	0.23027141	10963.508	74.700571	63.139568	0.27790614	-0.17647133
1941	6.2181415	1.3727117	2.4459191	1893.6677	21.144389	11.59595	-0.059199157	0.31358117
1942	2.7886657	-0.57052756	0.75811146	1009.9531	11.127679	10.915276	0.15809864	0.15418531
1943	5.9436397	0.87996234	0.65552557	3637.9508	45.771219	28.158252	0.11912103	-0.13932017
1944	6.0607107	0.85412543	2.1167681	3304.6172	52.575233	38.800261	0.020131273	0.10676429
1945	3.8511405	-0.58140307	1.0137255	3959.8383	59.172821	47.352335	0.2129495	0.049631104
1946	4.4709669	0.24179591	1.974215	3616.6583	75.139794	61.881922	-0.28783278	-0.034399445
1947	3.6134095	-0.95034377	1.2495861	2734.0094	13.585522	13.484785	0.57612694	0.10297956
1948	6.1270727	0.11092502	1.6000024	3640.3774	45.345444	32.758296	0.15057162	0.12131494
1949	3.2608086	0.28364442	2.5070141	6795.8642	73.615029	59.89478	-0.00074774308	0.018409783
1950	2.4996284	0.13586511	0.34590082	1634.8103	13.698385	13.200044	0.038368188	0.087884319
1951	2.0960127	0.64972563	2.0900645	948.75208	18.99075	11.695725	0.00254323	0.0063708104
1952	1.8333084	0.95401059	1.1649013	8003.0243	88.150382	72.101944	0.024944355	0.43842581
1953	4.79393	0.10216466	0.7601479	325.52341	9.7649371	9.0559617	0.22109101	-0.20626212
1954	6.0361075	-0.8949389	0.57671369	499.5035	15.020563	7.2066308	-0.071944436	-0.01273181
1955	0.99398703	-1.042443	1.3385376	1448.2863	50.401287	36.044181	-0.0077758779	-0.13885609
1956	1.8296729	-0.39852057	0.47839135	3491.2455	39.844301	28.246382	0.1742321	-0.067092039
1957	3.4230895	-1.3372953	1.9049413	2583.1356	52.033103	33.615371	-0.14236359	0.029848163
1958	1.8447614	0.052511302	0.67383594	629.74072	8.6277098	1.5515089	0.006193339	0.045799034
1959	3.7661145	-0.17740544	0.91923464	4489.0456	59.175445	56.810611	0.2590395	-0.067950797
1960	3.8414905	1.24804	1.8318821	1255.4022	42.692434	29.742911	0.052686739	0.046975288
1961	5.5805642	0.36869314	0.57494975	1950.863	23.563735	21.356904	0.20893038	-0.029536116
1962	4.024	0.39345659	2.7886217	2126.5329	12.768389	12.30266	-0.05739204	0.22755027
1963	1.7794831	0.11859132	0.77448952	931.33691	8.8671721	2.6908139	0.012412486	0.023445762
1964	4.8693892	0.70263383	0.12305	4344.58	61.34185	32.922541	-0.0085233048	0.0073729
1965	2.0308546	-1.1214728	0.20516555	4065.2079	53.923645	36.805752	-0.018862122	0.17729362
1966	4.9167561	-0.53552581	0.3213494	6115.8874	85.503078	69.778369	-0.198692	0.34338345
1967	0.50896999	0.8113204	2.8097545	8756.8854	59.77753	51.000419	0.05004478	-0.014693367
1968	0.47571578	0.1454264	0.56639136	6766.8003	64.254936	60.38052	-0.16646699	0.0033795795
1969	2.1112896	0.58394646	2.4421652	6892.3352	73.649713	50.559108	0.027561027	0.030766196
1970	0.12399358	-0.26712733	2.1842515	2047.6755	34.369544	13.768798	0.0028660498	0.1997124
1971	5.2019827	-1.2351473	0.5534188	1989.3491	12.658368	11.252791	0.034045311	0.10264331
1972	4.611206	0.78883408	1.6647931	2743.8589	55.893347	51.292805	-0.090034532	0.01976884
1973	0.1561851	-0.8536066	1.4554801	3030.844	64.094638	49.844898	0.020125722	-0.0066781185
1974	2.5943324	0.67088254	1.9463179	4354.2048	62.363812	59.495719	0.30284142	0.058058163
1975	3.2344146	-0.88380955	0.11143503	1648.6665	11.169575	4.2441213	0.0005689722	0.0032829982
1976	4.1544528	-1.0433004	0.73424878	1945.8487	10.664749	10.517044	0.38096981	0.024542202
1977	5.4140817	-0.8540894	2.4544927	1130.9389	11.081878	10.17134	0.076573273	0.059722837
1978	4.4374088	-1.016525	0.53954658	617.59608	8.9952423	8.6740547	0.0051461123	0.090299211
1979	0.80804184	0.56181936	2.8289356	1519.408	15.164259	9.6243689	-0.03495873	-0.06449373
1980	0.061494416	0.22416757	2.8235525	639.27822	2.4957111	2.275544	0.059649723	0.095971713
1981	4.8514309	0.79380731	1.8234429	3410.732	40.641261	26.67024	0.07194754	0.0073882185
1982	3.7288401	-0.55602305	0.35548292	1720.8898	13.203267	10.806385	0.06662904	0.9978581
1983	4.8090345	-0.55669088	0.90324487	428.45212	1.6852795	1.5693496	0.17433291	-0.019980698
1984	3.2894915	0.80785532	2.6876093	5257.3266	22.03728	21.280163	0.021631379	-0.00055146884
1985	2.2374753	0.39682669	2.6885161	2228.629	11.49241	11.352743	-0.042574508	0.14408493
1986	5.6866756	0.11653507	1.4569727	267.59764	2.5621492	1.2742124	0.042917083	0.0012101899
1987	2.8051296	-0.50559892	2.8109542	840.22882	12.476915	9.9125097	0.12965444	0.031017092
1988	5.1897561	0.73239832	0.7715769	3973.1168	62.348586	39.283385	-0.56093208	0.17851916
1989	2.7170789	-0.94116691	0.54537036	2840.0058	41.257928	37.361621	0.31281872	0.14789726
1990	3.0299584	0.58035434	2.2146054	3680.919	58.53984	17.288631	-0.055646343	-0.31689664
1991	3.6515672	-0.68211782	2.7815675	4637.2657	43.341209	37.859287	-0.060084348	0.081006093
1992	3.8124999	1.1382458	0.68434461	1565.3658	20.181633	17.873228	-0.070491404	-0.21443136
1993	0.61667859	-1.0166696	1.8710863	381.08001	9.6135251	2.3068691	-0.11035829	-0.20274214
1994	5.3853834	0.69253721	1.9723473	6317.5296	70.307467	49.839153	0.093830173	0.0045407086
1995	1.1881253	-0.9910996	0.91892992	740.80838	10.389736	3.5168939	-0.0084843915	-0.016312505
1996	0.13115898	-0.12302051	0.7472796	1748.37	12.469596	12.392281	0.0001397793	0.43119803
1997	2.0361995	0.62546274	1.9156017	705.90717	10.018636	4.8079752	-0.17169323	-0.050126233
1998	4.452983	-0.57290586	2.3005	2103.668	13.815689	13.150984	0.33166992	0.005996961
1999	1.0734934	1.3714582	2.3911466	1307.1322	25.147779	14.847141	0.049026766	0.0097667026
2000	3.9021516	0.45157179	2.4867727	2027.8226	28.310769	12.402894	0.082187631	-0.018104437
2001	1.5898125	-0.95934835	2.5404403	1005.7722	1.8661671	1.7284279	0.081286914	0.017194578
2002	1.7017163	-0.4702191	0.80875694	3123.1709	36.773053	21.727507	0.2192014	0.0040439001
2003	4.8650072	0.71437445	0.9861017	4724.2808	57.960139	56.730963	0.10621547	0.05299318
2004	5.1947966	-1.0817128	0.72000775	593.48264	1.9567503	1.7908109	0.009250324	0.016706245
2005	4.9627045	-0.64840491	0.44767802	7733.2165	46.703893	41.721715	0.00085146469	0.080817045
2006	3.8025587	0.24381556	0.49069452	8430.8191	48.492804	42.707379	-0.0059996407	0.072607869
2007	3.4976977	-1.2342835	1.2011829	1309.3382	15.239205	12.246902	0.043095295	-0.098218676
2008	2.4683122	0.37628158	0.65514533	778.7389	16.132217	3.0204709	0.39523154	0.19188093
2009	0.61741481	-1.0145451	0.51013566	2321.1626	45.177754	14.56713	0.10251751	0.024355007
2010	5.4699522	-0.77350518	0.15015354	888.68766	46.093128	12.28084	-0.021487274	0.029086634
2011	4.9685713	0.78575074	2.1462612	2246.8148	27.04857	14.032614	0.076199665	0.15167259
2012	5.1253761	-0.33816163	0.81391129	6549.052	109.46999	67.059238	0.00099422224	0.030481732
2013	3.7106966	-0.65398183	2.9367688	2899.2129	12.396242	10.794015	-0.051586225	-0.0071529459
2014	0.18807206	0.54175273	0.88985993	2010.4833	12.90745	11.209911	0.25316079	0.0099844332
2015	3.7778784	0.82700929	0.62180756	1444.9406	45.069185	2.5949058	0.30841216	-0.0099008989
2016	0.69890916	1.2201203	2.4349	1608.2138	12.842764	11.520678	0.11583884	0.38664705
2017	1.2733283	-0.45223771	2.5104164	1878.8199	42.110953	11.432356	0.0022482045	-0.021134986
2018	3.3821527	-0.66147424	0.97631816	2763.3797	71.607517	40.678041	0.0059454561	-0.0076623663
2019	4.3857909	-0.047193815	2.6471732	2089.8628	15.240822	11.891433	-0.011072175	0.057409088
2020	5.9553157	0.52033275	1.016688	2186.7988	58.566975	50.122325	0.15282368	-0.0043701833
2021	3.6410395	-0.99156662	1.7216197	1797.2618	22.787683	11.95038	0.080514087	0.50446794
2022	3.8069973	-0.55058312	0.35602075	7479.3422	20.371277	18.314693	0.27859708	0.047174559
2023	4.2360939	1.1929278	2.6264546	1295.3474	41.80619	7.6021975	0.02087861	0.0015376309
2024	3.6621546	-1.0376368	0.85611227	754.50176	10.262359	9.0138325	0.087179167	0.13520716
2025	2.42567	-0.62648972	1.0227623	1270.3535	24.129911	22.264961	0.30622089	-0.011090888
2026	0.63105499	0.28983137	2.1340339	6856.4125	86.959627	64.083689	0.026156812	-0.052265938
2027	3.8700476	0.26544549	2.5389059	9384.5097	62.751007	55.348911	0.098902087	0.0062291789
2028	1.1971601	0.65193378	0.39412742	3369.2218	23.526051	12.278156	0.042715522	-0.033975336
2029	0.92100623	0.75430823	2.60021	496.70538	10.696704	1.3566029	-0.040446182	0.00034769686
2030	0.31161878	-0.066022485	2.1742283	3212.3284	15.56373	14.488536	0.31685389	-0.078179436
2031	3.4682868	0.51230044	2.7466665	12057.612	104.12151	78.801245	0.75993829	0.043189832
2032	3.3536058	0.59962858	2.4402572	818.60424	10.990278	8.8912708	0.096948504	0.032363518
2033	0.18906974	-0.11536412	2.3711724	623.38012	10.276435	9.8254023	0.11781901	0.048349708
2034	3.2963162	0.40572116	2.3465952	3248.6061	48.650217	34.779277	0.076368313	0.43819565
2035	1.0821176	0.60521885	0.44923312	4251.3319	36.036039	29.477139	-0.068225147	0.10849283
2036	2.5605814	0.81416372	0.95358232	2588.9995	30.739051	13.734183	0.063278883	0.081168989
2037	5.7227539	-0.12869128	2.6105816	230.57089	3.8239525	2.8901556	-0.1104987	-0.0022803815
2038	6.0631992	-0.63812933	2.5256628	5675.8065	142.62456	87.363888	-0.1175045	0.091319523
2039	3.5555468	0.039644449	0.68277348	5851.9991	53.157544	42.995111	-0.1523954	0.054664596
2040	0.4141493	1.3806885	2.7109113	988.45293	7.9201139	2.7597666	-0.091836049	-0.13250992
2041	3.7007458	0.53987503	1.8965022	945.76694	12.655879	11.039647	-0.11714823	0.02677777
2042	1.1771958	0.49021523	0.78379056	6841.99	52.219031	52.19545	0.25244957	0.10223337
2043	1.5157338	-0.80087606	0.4241036	727.71513	8.3167679	2.0095617	-0.22601264	-0.075463525
2044	1.1111662	-0.55739377	2.7255452	3447.2683	48.89859	39.281369	0.13308942	0.22059576
2045	3.9540334	-0.038634898	0.40095893	846.23673	4.630594	2.8335259	0.0408192	0.054805479
2046	6.2046794	0.065615226	0.41440725	2452.0444	119.35754	5.7962287	0.55202151	0.059969795
2047	0.15206759	0.98037397	2.4927327	4639.2409	55.582383	52.555674	-0.087197878	0.028390208
2048	2.4347772	-0.35987292	2.4605495	5949.0381	84.970833	36.764155	0.058990497	0.11079081
2049	5.2612168	-0.81721192	0.74512563	2733.0811	30.081613	25.210207	-0.00044441704	0.27537434
2050	3.8974938	-0.26079554	0.68229056	4604.0906	38.716338	38.364122	0.058431345	0.039223789
2051	3.4176437	0.38582618	0.60786566	2977.3891	44.740996	25.070988	-0.010096016	-0.00090456138
2052	3.8165182	0.47597387	0.84422886	2625.8658	12.011968	10.925224	0.029263347	0.01689379
2053	5.6663166	0.76607326	1.3349938	222.79039	9.6211878	9.5903077	0.19426895	0.067664002
2054	0.20296956	-0.17485354	0.61407227	10967.346	92.82937	62.329925	0.015961721	0.32768684
2055	4.9270431	-0.61708059	0.51401226	14015.287	98.276754	84.26721	0.01811958	0.045739136
2056	1.3317667	0.39944104	2.6365864	2501.0047	13.05736	10.918024	-0.0037519071	0.21152195
2057	5.3048549	-0.32475459	0.49494604	4693.3097	60.75807	47.857178	0.14594618	0.15950849
2058	2.7485302	0.16236974	2.4556267	1058.2347	28.730446	9.5530792	0.41681024	0.091580543
2059	1.8455855	-0.028277058	0.81085298	251.68254	1.6462105	1.6129643	-0.06948678	0.012899398
2060	2.3193315	-0.070730267	1.0555439	1290.7046	13.832215	10.742659	0.031537876	0.16476509
2061	4.3173568	-0.34895718	0.61461878	7027.3498	70.695082	68.858748	-0.029535405	0.00061479946
2062	4.2065203	0.22838316	2.5263466	933.95448	10.832075	1.741937	0.029171216	0.022515737
2063	4.5784431	0.16456453	2.9096965	284.32475	1.4969514	1.2616128	0.039742152	0.052444429
2064	4.8888751	0.25054866	1.1487557	9403.7699	78.066371	72.018649	0.10077789	0.092360144
2065	6.2124652	0.44155367	2.4944494	8093.6968	98.548244	75.022689	-0.043396317	0.028947701
2066	2.8901925	1.0312108	0.2777619	1180.1393	18.79574	11.293142	-0.25276959	0.061448268
2067	5.852389	-0.38749854	2.2231585	1531.8406	29.804762	10.790373	0.15718017	0.0051461885
2068	1.0293098	-0.7512407	2.8315518	2738.2768	36.885318	17.453713	0.043997828	0.25563352
2069	2.5131917	-1.1181947	1.1105239	2475.9447	24.362122	17.710512	-0.056991877	-0.067550981
2070	3.5931063	-0.82401661	2.5759215	1639.6153	55.100676	37.705008	0.0056582717	-0.11522673
2071	5.3926678	0.78204403	0.44790445	4814.4863	54.076095	53.223516	0.24756918	0.013455101
2072	2.5673419	1.4246159	0.40081693	18126.821	128.5129	123.91642	0.21728479	0.017074702
2073	3.5745119	-1.388954	0.20851994	551.26685	11.549879	11.110509	0.051317303	0.11660403
2074	0.64966232	-0.25925381	0.60921375	2153.2669	49.855292	47.205083	-0.0040775086	-0.030358156
2075	3.9908341	0.20417957	3.0832564	767.38976	1.9266532	1.5435182	-0.063956064	0.01899161
2076	0.39776669	0.028130451	2.088035	2033.709	11.962288	11.797804	0.57442708	0.63684491
2077	4.6605849	-1.2968143	0.71012957	337.44335	2.0227011	1.525193	-0.25227759	0.0055888651
2078	0.95172032	-0.58162462	0.46340166	2373.4279	13.097901	11.395268	0.014348916	0.29621308
2079	2.1965589	-0.086488557	0.71043199	5219.4718	89.725727	43.01647	0.35074514	-0.068213407
2080	0.59903261	0.54287958	1.9437635	407.68969	37.836284	26.717849	0.23189655	0.17913175
2081	3.3979302	0.37222411	2.084055	1406.5847	46.410575	29.111422	-0.31678476	0.10354021
2082	4.4044507	-1.2438625	2.5430356	370.13257	2.0350619	1.3806175	0.0018941395	0.13157647
2083	5.9907812	1.3144371	1.0793469	1169.9881	44.782728	10.482041	-0.34623307	0.010577945
2084	5.2299972	-1.2225256	0.58552291	5387.6375	32.419008	26.218565	0.020384989	-0.0016035295
2085	2.3871884	0.41858361	2.8253095	2586.3855	103.22299	13.21145	-0.070033477	0.23992414
2086	0.24346972	-0.71619284	1.5731955	2867.2781	83.966799	63.912975	-0.12978331	-0.03608218
2087	0.56331768	0.19372425	2.3072855	3126.6921	41.292319	38.573783	0.043874695	0.054562825
2088	0.46720643	0.12605414	2.5539647	1506.0076	18.890764	10.692927	0.18302678	-0.025305509
2089	3.9056854	-0.087002972	0.72027694	2284.5498	12.034367	10.637822	-0.097083203	0.14414001
2090	2.2084256	-0.37161826	2.1637151	2059.3724	28.856094	15.434907	0.1849037	-0.007790721
2091	4.9083693	0.27978273	1.9300075	6831.8581	52.862331	49.016035	-0.043039932	0.025670656
2092	1.4072271	0.18901014	0.76171096	5356.3474	49.660639	38.970191	0.031618658	-0.054800599
2093	3.1628808	-0.50508669	1.0936439	3494.3244	88.310848	42.383698	-0.21529695	-0.030493696
2094	1.4294651	0.25793589	2.053627	500.05717	21.083245	19.897118	0.077280698	0.041226461
2095	6.0720988	1.4140734	0.74817311	2273.0302	13.621782	12.083439	-0.026549847	-0.01538792
2096	1.2924529	0.29626091	0.45999219	1906.636	13.378676	11.706483	0.059237641	0.52016259
2097	5.4627102	0.76059656	1.6535394	2197.9861	38.628842	26.294597	-0.058366133	0.070115323
2098	1.0310745	0.63986894	1.3920111	165.0431	1.8014656	1.2170714	0.00097956565	0.092500542
2099	3.8999475	-1.1766869	3.0137351	2518.3282	14.727735	13.959294	0.28526816	0.07462116
2100	3.3833204	0.39969932	2.0521682	1209.6806	11.835495	11.279632	0.49109372	0.054589306
2101	1.8189055	-1.0457331	0.29902162	1445.0442	10.858715	6.1997149	0.27887607	-0.0078021425
2102	0.44373402	-0.73310016	2.0308254	544.11981	10.860328	7.0128871	0.085435113	-0.03354077
2103	2.385289	-0.61828176	2.1127461	4770.212	58.549765	57.30589	-0.2888639	-0.46008202
2104	3.6033714	1.0232566	3.1181365	1969.0511	13.010342	10.943647	0.26932724	0.021692715
2105	3.4957429	1.0493335	1.3035682	1219.7954	12.902526	9.147214	0.12960692	-0.0041203719
2106	5.6477815	0.48863456	2.7149084	14254.711	102.12411	83.83744	0.01017023	0.12356689
2107	6.2059145	0.90579208	1.9510531	7144.4588	71.263991	58.704039	0.13123831	-0.0055243798
2108	3.4444639	0.088803745	0.87027214	4462.7388	111.01483	46.311571	-0.031043512	0.013070515
2109	5.2230817	-0.32798596	2.1657466	2924.0812	42.9765	25.96403	-0.38502299	0.15409175
2110	5.284065	-0.85775192	2.2110683	4096.5732	36.417477	35.047056	0.008796377	-0.22015906
2111	0.45763993	1.1862593	1.9566541	1268.7599	48.441625	29.192389	-0.26512811	-0.30391051
2112	1.7615561	0.97853191	0.16612692	4505.117	45.622726	37.975422	0.46269265	-0.43812223
2113	3.5324259	0.6220673	0.54788142	716.01776	11.917674	1.6361405	-0.22956726	0.13382739
2114	2.7913004	-1.175816	2.1952996	2229.7115	12.069059	11.393996	0.067084921	0.26973696
2115	1.0570268	-1.0330705	2.5319878	2048.3566	13.775284	11.628719	0.083012636	0.076622485
2116	0.49244948	1.2306571	2.5934224	4699.5906	37.566486	34.610219	0.14788731	0.022502065
2117	1.4063277	1.4731488	0.48555045	4698.2443	42.573796	30.729905	0.11323443	-0.39086376
2118	4.6176438	0.82340465	0.88709843	1112.9822	10.599106	8.7096109	0.0038346688	0.46491545
2119	6.0851437	0.29673723	0.52218474	2281.7743	50.593475	41.859137	0.045095764	0.2547188
2120	0.86366397	0.62348694	1.7038418	1278.7429	44.804919	36.548927	0.11298256	0.17159096
2121	3.2863088	-0.34478848	1.5442047	213.37493	18.723798	10.806832	0.0018935732	-0.16237515
2122	0.70857453	0.876189	2.4767367	712.70146	10.838723	1.5052711	0.46508245	-0.041603838
2123	3.3432552	0.086931381	2.0190024	229.43317	2.4311533	2.1735258	0.12700198	0.010380127
2124	5.5789414	-1.0471449	2.2986898	392.71813	8.2776405	1.3941231	-0.33185257	0.22273264
2125	0.15158343	0.92018087	0.32978914	6074.7316	63.907496	55.006932	0.092259462	0.02682236
2126	4.5009145	-0.349692	1.8871802	2159.3584	38.518502	37.542156	-0.042709917	-0.017211348
2127	5.3485983	1.4512587	2.6173337	418.82212	2.0179778	1.3448158	0.00069891043	0.0027053315
2128	3.3781718	-0.73766204	2.0988468	419.90262	9.7259264	1.3623398	0.41582784	-0.059360272
2129	0.8029483	0.38118089	0.8728001	729.3794	2.1717003	1.743415	0.21582441	0.1361763
2130	5.7565356	0.058049953	0.49411563	2278.3962	11.694402	11.527647	0.094716163	0.32457101
2131	3.0586475	0.87589648	0.36049582	4426.9111	15.55113	13.143179	0.33463471	-0.017353219
2132	2.565599	0.3417764	0.31724137	2310.0585	39.546777	11.790791	0.12554917	-0.048720301
2133	2.625973	0.18620061	2.7365746	3042.557	24.08679	20.268576	0.34831337	0.2041937
2134	3.1817124	-0.26690745	2.9217542	2985.5252	13.353479	12.107757	0.11305744	0.028410726
2135	4.52838	-0.26205682	0.48618195	4711.6411	65.471308	55.361564	-0.073406194	-0.031174021
2136	5.7468843	0.31400754	1.7619428	1642.9875	45.59144	35.619322	0.00056760923	0.037619087
2137	4.3727235	0.42286784	0.48725116	1182.3452	13.388671	10.766503	0.097562332	0.24424927
2138	1.5243058	0.31974618	2.6820286	1479.5872	9.6069346	9.4831151	0.25034816	-0.1823915
2139	1.3158254	-0.045128861	0.88950994	2788.3795	32.698064	30.650875	0.080314811	0.059098631
2140	3.7175314	-0.36624564	0.64526645	1429.7572	87.463259	43.380187	0.012993036	0.33657688
2141	0.28023023	0.53336629	2.4581686	622.37405	10.102282	9.9669513	-0.074398017	0.00034201911
2142	0.75930473	0.35246945	1.5660027	606.69412	13.971711	10.623813	-0.044464959	-0.16943643
2143	4.9299211	-0.0090413191	0.808403	2620.1391	57.718172	35.42637	0.3764208	0.14194983
2144	2.3608407	-0.24566738	1.1804315	1695.4021	29.251477	26.166726	0.20180244	0.2022472
2145	6.2610213	0.10924689	0.58594282	7230.7302	73.238096	64.913889	-0.001703973	-0.012201614
2146	3.4763135	-0.61609973	0.43612985	338.72364	5.3460275	3.1667043	-0.012272724	0.008925439
2147	1.1551871	-0.15443595	0.59637829	7276.2859	70.301202	67.591763	-0.067383847	-0.051612793
2148	0.77116113	-0.022616242	2.3505947	1687.5763	9.4181675	2.1759632	0.18714191	0.080378387
2149	1.5383272	0.66095415	0.31268987	584.05581	12.405518	2.4439654	-0.006265486	0.12039998
2150	4.5594028	0.24304168	2.167165	1071.3479	13.552468	9.6571021	-0.12304439	-0.029613485
2151	1.5460858	-0.91370422	2.7791348	2890.2431	104.26599	48.792359	0.02637448	-0.0080314072
2152	1.4406476	-0.7058843	2.0740175	5376.8307	80.691763	59.601535	0.042233913	0.25921165
2153	4.5967416	-0.61701242	0.50258484	5376.0579	22.128344	17.408689	-0.032430346	0.056611262
2154	5.5727528	1.1360702	2.9001023	5426.84	75.044871	43.452928	-0.090354038	-0.067362816
2155	0.91216985	0.96704101	2.3356608	592.41109	10.670057	7.8833213	0.044412408	-0.17264862
2156	5.1075248	0.14593677	2.9912277	2716.2074	13.057453	11.172183	0.11204531	0.0010751948
2157	0.88071199	0.69373723	0.75571341	88.523687	1.7188735	1.4364025	0.0176588	-0.0061957397
2158	0.56914597	-1.0386686	2.3307124	1769.9988	12.463287	12.211201	0.013291952	-0.097812933
2159	5.448069	-0.26865314	2.7825883	4235.1676	24.395448	19.664466	0.029099663	0.35239707
2160	4.2899459	0.66291891	2.6324531	1050.6385	12.35308	1.925836	0.13457869	0.0047902751
2161	3.1967047	-0.88076058	0.599616	4436.8913	59.885212	55.227486	0.0016351259	-0.047650258
2162	2.1178374	0.38010307	0.46227515	2717.8338	35.748436	28.548334	0.2991315	-0.076736502
2163	2.826019	0.53048333	0.36697932	3005.6453	30.5779	13.520664	0.32436237	0.0080863415
2164	2.4790062	0.83828985	1.1269785	3446.4284	40.935461	33.530475	-0.044116753	0.011398759
2165	0.65932488	-1.359037	2.520155	4571.5354	47.001519	37.368465	0.00036428985	-0.061705386
2166	4.0249546	1.3830668	2.1065768	1357.06	23.408037	12.68458	0.0038598978	0.25098529
2167	2.9248521	0.34306853	1.2402131	3834.2998	57.750991	56.180502	-0.032544073	0.056073121
2168	2.9120283	0.18621243	0.86450846	707.09247	14.296583	9.5965039	0.049421727	0.076432252
2169	4.4526027	0.46828052	2.106281	1983.2105	15.818145	11.783717	0.11997392	0.075907733
2170	2.410344	-0.27991358	1.9646261	1675.0057	58.578866	52.300633	0.038357202	0.024189788
2171	4.6553969	0.25888619	0.57510975	9101.1436	84.917015	80.185694	-0.049256434	0.18595639
2172	3.4414882	-0.22657007	0.89116445	1344.8979	13.814889	11.507481	0.076102065	-0.0077728484
2173	0.88203688	1.4189209	1.525789	1182.5358	41.479569	29.924541	-0.038261619	0.0082035559
2174	0.27138202	-0.092227539	0.32691155	4341.7905	53.535875	47.162803	0.53455101	-0.27417358
2175	2.2468295	0.0057009708	0.82551192	2606.7435	57.807771	50.311788	0.20239915	0.016648833
2176	3.4696187	0.86360756	0.39837628	3418.855	13.201192	13.058138	-0.020095221	0.14593055
2177	4.0843469	0.97789052	2.8769997	4820.6732	59.158245	49.897855	0.048680482	0.10111932
2178	4.4157952	-0.041523943	2.5465602	3504.3882	38.358597	37.172077	0.11116978	-0.080852297
2179	1.897342	-0.26882693	0.90480269	1443.146	28.790866	18.338228	-0.055727137	0.0035839898
2180	1.7447704	-0.41843567	0.30795067	335.5948	1.5969977	1.5400516	-0.029631522	-0.15596391
2181	6.1935819	0.57874499	2.2224208	4490.8798	48.37215	48.349559	0.029007049	-0.072628966
2182	5.4041327	-0.86218028	0.52020889	205.66812	8.1948624	1.4693098	0.0046707536	0.039723081
2183	5.2319435	-0.21916736	0.27739243	580.10898	1.5406746	1.4053401	-0.049984279	0.13239635
2184	0.14653097	0.87931153	0.6532381	163.24764	14.571656	9.7778234	-0.085499118	-0.1030121
2185	3.8115327	0.50200664	2.1968053	1439.6782	50.773735	48.957726	0.21728479	0.017074702
2186	5.0076908	-0.35698882	0.93122828	2308.0947	49.156375	45.638149	-0.48340399	0.31515613
2187	2.6660635	-0.40494467	2.3536101	2176.4581	12.628699	11.9208	0.0064066567	0.0007293115
2188	6.0996462	-0.70477363	2.2831051	2250.5926	13.015182	12.341262	-0.021876444	0.13299586
2189	2.4847838	-0.94646462	0.59096192	1295.1124	27.544926	2.0399607	0.016859848	0.023824391
2190	3.786816	0.41129603	1.9133061	2191.1034	24.820284	21.811824	-0.0016251597	0.60893011
2191	5.5663227	-0.54973297	1.9507088	264.01588	9.6061924	1.5083061	0.23795269	0.040338271
2192	3.2555985	-0.81596942	2.5677677	15586.125	226.49273	204.69163	0.15110736	0.027385572
2193	0.57998504	-0.72522633	1.415166	1944.51	41.400139	34.843142	-0.58284565	-0.035182245
2194	5.2721202	-0.83714457	2.9924319	4142.3707	59.270396	45.262563	0.16039423	0.37720792
2195	4.6516951	-0.89313315	0.38886469	2032.1414	15.794842	9.3979823	-0.045944098	-0.14400693
2196	5.2950409	-0.6286512	1.0179944	1433.748	9.0026538	4.807888	0.010489571	0.27264782
2197	1.8064319	1.1957479	2.6673016	1451.8751	48.683629	38.845998	0.075149948	-0.17046955
2198	5.443189	1.0010533	2.8434574	300.60714	1.5798047	1.237288	-0.044821567	0.22545499
2199	0.17898703	0.22430509	2.1157797	486.5451	9.6661491	8.2254854	-0.10547723	0.088648134
2200	0.49389527	-0.54568064	0.35390324	2985.4531	46.686685	34.439432	-0.15223126	0.1093595
2201	0.079431884	-0.68656126	0.48003592	8185.9855	76.41811	37.761519	0.60095029	0.00081890289
2202	4.1319325	0.36812532	0.84921901	1941.7836	12.314428	11.032664	0.063327373	-0.005114817
2203	2.6324294	-0.15253431	0.77563379	1964.1701	12.974217	12.192767	-0.00061446464	-0.27216674
2204	1.2501474	-1.0621286	0.77986668	2760.0392	119.38385	44.238612	-0.024532627	0.05015671
2205	3.9623529	0.48022642	2.5389474	614.15326	2.2818944	1.5875143	-0.009363853	0.024658475
2206	2.3348715	0.61765001	0.54336905	1338.274	32.796014	30.641982	0.00043820703	0.044089552
2207	2.6598971	0.26210697	0.38326636	2959.2585	14.537206	12.500703	0.0040952922	0.021176514
2208	4.6277208	-0.231041	0.99978737	921.17997	31.363257	8.5417442	0.13896843	0.073918502
2209	1.0264674	-0.40345223	0.55840026	1752.692	6.6249666	3.0594985	0.29968874	0.034457764
2210	2.0056454	-0.54787901	0.34871754	2838.0057	13.827434	10.725275	0.19478643	0.014246743
2211	2.0623998	-0.81831566	0.71691203	1095.4026	11.405169	11.180302	0.01168604	0.00012672942
2212	6.2045145	-0.26719591	0.13834393	7770.4019	72.83029	70.64883	-0.098289122	0.090831056
2213	5.290313	-0.16717575	2.8586579	4622.8978	59.040315	52.777907	-0.039976249	-0.42257019
2214	3.351832	-0.034475361	1.0598913	5332.9004	68.303263	60.571026	-0.15980033	-0.062645471
2215	3.0010437	0.0066323141	0.75428388	721.38071	7.639855	1.5064901	0.052578813	0.076510643
2216	3.7658867	0.46686107	2.8244875	4879.0758	18.252494	17.902858	0.11611485	0.13932862
2217	4.9729957	0.10450954	2.1412436	1193.983	11.687411	11.496523	0.18115294	0.17571135
2218	5.002611	-1.2590112	1.8720166	1725.9948	14.060546	11.932558	0.19895616	-0.067993366
2219	5.1128236	-0.93993913	2.1845381	2007.7403	32.082707	17.794868	0.061421657	-0.063811202
2220	4.5819924	0.11180743	0.68267885	3405.3082	30.944868	30.596819	0.0027083012	-0.092577853
2221	5.5513717	0.18394951	2.6644984	2884.0535	45.082256	36.840486	0.13455747	0.041060996
2222	2.6577165	0.81635032	0.80172943	884.76859	41.479281	35.43159	0.023719968	0.31491638
2223	2.2837933	-0.94080988	1.1459008	349.73231	1.8762486	1.807949	0.21680022	0.28567145
2224	4.0660346	0.10069731	2.8577433	278.37865	2.2525336	1.5523438	0.0060750183	-0.05949668
2225	6.2221051	0.098285612	2.9034559	1058.8755	5.6206619	2.2016636	-0.036247616	-0.021671586
2226	2.3138404	-0.21525219	1.2574531	250.37504	9.5178893	8.2215787	-0.18043076	0.11538806
2227	4.5769951	0.60799412	2.5327309	3954.6764	68.088701	53.846148	0.04379102	0.10078824
2228	2.6818389	0.46891966	0.47889156	3504.8971	25.03885	18.921882	-0.0080416176	0.0012202907
2229	3.9342716	-1.2310546	2.9682033	2143.061	14.116133	6.5814209	0.41170784	0.45902969
2230	1.015278	-0.18675764	2.5699798	6675.5822	76.254082	55.137316	0.19807594	0.080783153
2231	5.6766608	0.57362519	2.6665884	622.88793	15.518694	7.8465374	0.013476042	0.17195681
2232	6.1247023	-0.1576808	2.5519875	6769.5307	62.602194	59.786654	0.15539034	0.27124229
2233	1.951513	-0.41977583	0.62855392	5763.574	55.62104	55.035395	0.004137129	-0.15235251
2234	3.9575667	-0.40500685	2.9175496	430.63306	9.6909743	2.2918348	0.15480011	-0.0035967213
2235	6.0527178	-1.1354365	0.52933804	3551.4119	16.756832	14.689755	0.067290558	0.033137282
2236	1.6478675	0.62908598	2.7302202	730.32733	12.738931	9.1166159	0.047634273	-0.025910403
2237	0.0090441559	-0.65584043	2.5425387	5797.0821	72.197478	63.371919	0.051949521	0.34236129
2238	6.0821678	-0.1375673	2.3895377	194.98318	9.2162665	2.0424113	0.0091425873	-0.3165921
2239	2.8093093	-0.87430551	1.7518795	2469.1998	47.278062	43.49921	0.2745912	0.0076556031
2240	2.9898972	0.3268747	1.6333093	336.33446	8.8956397	2.7280838	0.032523939	-0.0838688
2241	2.6389688	0.34045859	1.9645745	4554.1607	125.07981	104.2973	0.085408046	-0.00042755436
2242	4.1829813	-0.33824633	2.2746866	3775.5314	32.257466	26.014186	0.2269689	0.00059294235
2243	2.4621904	-0.12057835	0.99088232	771.69148	9.5980075	9.0269226	0.26450478	-0.015787359
2244	4.5091779	1.0832601	0.44429992	9506.449	109.74873	76.903268	0.08723862	-0.014737423
2245	0.66044718	1.025625	1.2821217	4005.9337	44.202677	35.060779	0.074740362	0.043392775
2246	1.7265317	1.2938796	2.3762919	3293.0964	57.977237	36.943381	-0.11212858	-0.037033341
2247	5.1555751	-1.2642726	2.9980282	3184.3423	13.681308	12.018718	0.10159563	0.20652024
2248	5.3135672	0.17229439	2.7145989	2505.8007	14.781305	12.76516	0.26052156	-0.05344201
2249	1.3072188	0.94572154	0.67463454	3427.7979	68.84151	55.537144	0.27697185	0.048079047
2250	4.2573167	-0.093235358	0.38190825	760.47759	10.661427	9.5013549	0.027439703	0.46527227
2251	3.7174864	0.3100443	0.51009619	10864.126	100.89803	93.366146	0.083418985	0.01443201
2252	4.5509513	-0.11495722	0.64292411	2750.0704	28.445881	13.309777	0.10257046	0.00089236097
2253	1.1502752	0.27821558	1.9944793	1857.4565	36.773231	26.081328	-0.035042984	0.26095768
2254	0.52398375	-0.96520811	0.72911796	1930.298	10.738554	9.2563728	-0.012962235	-0.010907383
2255	6.1501556	-0.074710925	1.0443864	1530.4219	31.196884	15.892322	0.11829974	-0.034894132
2256	1.3436614	-0.86158823	1.8849398	757.5888	10.210317	9.3800578	0.024048954	0.0021191543
2257	1.5552675	0.57632097	2.6691047	9934.2086	75.50936	22.685483	0.1199049	0.0044099084
2258	2.3404608	-0.31000133	0.28614917	1589.9492	48.071413	44.172276	0.087927825	0.072407193
2259	3.6089594	-0.96065968	0.83673731	2053.9185	13.18356	11.003455	-0.076896714	0.053235571
2260	0.02697255	-0.35314998	2.8310123	5117.2057	39.921643	33.645011	0.32897318	0.052631536
2261	2.709279	0.21881524	0.19178961	2410.7916	13.08669	12.92511	0.084570103	-0.17788825
2262	0.4473579	-1.1971566	1.0350462	365.53958	10.290005	2.2792189	0.12541391	0.02508065
2263	1.7257242	-0.86535313	2.7325243	11775.021	80.069656	65.714513	0.069165886	0.3188648
2264	5.8243898	0.64289241	2.4534168	4699.0439	48.67637	25.22852	0.065518676	-0.048144716
2265	5.2991001	0.11800057	2.3601552	5005.1688	45.613606	39.897624	0.0072073396	0.22724052
2266	6.1055776	1.0428097	2.2344961	2326.9442	13.55104	10.455171	0.23237182	0.15568764
2267	3.784395	-0.27096342	2.7295755	765.97582	2.0614842	2.0004667	0.11725525	0.2749207
2268	5.6017477	0.077844187	0.48246588	877.1545	33.14185	12.381581	-0.07091106	0.15862756
2269	2.6804366	0.33863359	2.6046172	1736.0797	35.23116	29.090164	0.0038133628	-0.014897124
2270	5.1199821	-0.09466664	2.8385482	1313.6856	11.801703	4.0205555	0.055322251	-0.063910708
2271	6.1573419	0.27454824	2.1620742	3702.8934	47.84523	30.802934	-0.1268437	-0.0083804019
2272	1.0285218	0.88012909	2.8299982	1115.0065	11.213608	9.5448084	0.00027758613	0.21334511
2273	3.3570544	-0.77147191	2.1118746	1344.9323	12.888438	11.463995	0.48766284	0.086701556
2274	2.1194976	-1.4270469	1.0883731	175.45202	1.5820753	1.4516988	0.26837362	0.012269619
2275	6.2735131	-0.64370414	0.57204269	1163.996	11.737148	9.2192316	0.10481365	-0.14766579
2276	4.4045019	0.86529622	1.0648769	1746.5871	65.228966	61.181207	-0.15113218	0.34182894
2277	4.651776	-0.7265923	2.3598186	987.57477	11.686622	10.791105	0.36236864	0.026762739
2278	2.4997342	0.9999358	0.39858596	3115.651	57.836777	52.746033	0.070704406	0.043100525
2279	0.26836378	0.31754263	2.7858906	7175.8226	156.68346	89.620365	0.014253152	0.34975993
2280	2.4939504	-0.89505618	0.83302328	2937.8874	42.153879	39.440227	-0.29298044	0.30234899
2281	4.7794155	0.606171	0.79262554	1039.3521	11.861262	8.535532	0.11828902	-0.26271146
2282	1.0398117	-0.32127634	0.39064194	3234.6621	33.030439	10.588116	0.0039446435	0.001477022
2283	2.5753476	-0.094746798	1.9235964	4311.815	69.540091	30.651476	0.24548453	-0.021781463
2284	3.1628796	-0.038499892	0.84817853	3909.9534	29.323204	16.694816	0.08839604	-0.0089118566
2285	0.50028555	-0.926385	2.8255326	2183.7517	13.125653	11.09707	0.00050194596	0.075918961
2286	0.57033187	-0.46266349	0.56520908	1019.7271	28.915313	25.630196	-0.23918057	-0.020131956
2287	3.2541632	0.47104899	1.2831261	607.93883	9.8760143	3.3933361	0.0036531366	0.37488614
2288	1.7162968	-0.26794699	1.133119	857.86582	11.413399	9.8490716	-0.086479906	-0.034942327
2289	2.5994135	0.74115358	2.2121388	1330.6483	48.858024	39.380959	0.088777248	0.32194444
2290	1.3522189	0.35867453	0.90553641	570.79468	10.654889	8.7987017	0.097821901	-0.09568374
2291	2.2837883	0.36543566	1.178844	1202.4285	17.04018	15.320838	0.13301037	-0.14917551
2292	4.8133522	-0.82483442	1.3694374	438.71775	8.534418	3.8731552	0.11606416	0.20662662
2293	0.50830452	-0.34665131	2.0630827	1246.9619	12.669991	9.7924253	-0.027738713	0.058050608
2294	1.2666978	0.92356811	0.76166219	1366.1514	46.008269	2.4737264	0.40566068	0.0077156991
2295	5.1619569	0.53199526	2.6591782	2348.0355	13.170568	12.690567	0.091386264	0.17741164
2296	2.4229088	0.58939117	1.2084323	4961.6851	60.581824	57.644448	-0.025573959	0.013308362
2297	5.2350897	0.51230462	1.4104861	409.50635	8.5460528	8.4171217	-0.014409306	0.19765663
2298	3.0420788	0.29835246	0.1433039	436.53169	2.4855628	1.3921477	-0.028069936	0.092310169
2299	5.5366236	0.59897376	2.8993137	8527.7553	111.12365	67.581042	0.38662975	-0.063759409
2300	4.9700913	0.82463169	2.8329858	2391.607	15.014582	12.501655	0.013424575	0.0023719961
2301	5.6560045	-1.0898129	2.2009714	2180.26	15.354626	12.892486	0.048539484	0.23303536
2302	2.7158835	0.17664464	2.4264864	3508.8258	46.121762	39.345874	0.05428959	-0.0059815647
2303	4.3328473	-0.53621259	0.47016833	987.33429	9.5019652	1.957482	-0.042341542	0.0073299415
2304	4.6780472	0.19083885	2.2568214	1114.3708	12.144873	5.6152932	-0.10402669	0.30619254
2305	3.4902541	-1.1547123	2.092592	979.95701	11.636855	11.368964	0.25761321	-0.078037903
2306	2.106706	-0.25196014	1.0467935	1203.9893	30.492983	16.623953	0.0028416607	0.034262402
2307	5.4449714	-0.99520355	1.3379022	885.75053	12.104192	10.76706	-0.012630521	0.26492565
2308	0.45445029	1.0773963	0.68869169	4053.3356	59.877032	53.983759	0.060698929	0.24592974
2309	4.9387869	0.91939661	0.27403687	1095.9567	12.140704	6.8569539	0.034606253	0.26906786
2310	1.8905541	-0.29278025	2.0971348	1348.3295	23.124489	14.289889	-0.0085217912	-0.0036733685
2311	3.954836	-0.2105535	0.82178647	706.51711	9.7609703	6.7149301	0.0091437693	0.013492237
2312	1.9191007	-0.78847044	2.4537937	4446.9798	67.533703	43.446688	-0.044393722	-0.018568031
2313	5.1544881	0.7467771	1.1298421	8674.0952	84.86154	79.227699	-0.23341293	0.11234399
2314	0.39274794	-0.24168895	1.7913031	3428.2262	51.709092	40.133625	0.028250118	0.17908065
2315	1.5776287	-0.13822161	1.4349532	2584.6174	42.28713	31.831947	0.029152705	0.0058132398
2316	2.8269987	0.5688123	1.1770458	574.2995	10.882344	1.8481194	0.017150297	0.17788612
2317	0.81310805	-0.62125039	0.77407199	754.66116	10.948884	10.180212	0.18026461	0.013117117
2318	2.3883359	-0.28730695	0.73605473	1435.046	40.356104	38.311154	0.23032914	0.26271207
2319	4.6697188	0.24895818	0.79421694	3519.0824	41.021589	14.074083	-0.18330509	0.093367824
2320	1.7036701	-1.0379972	2.1625437	1068.0449	17.260208	5.2646423	-0.0050285494	-0.22806431
2321	6.2541361	0.6715179	0.57410681	1037.6313	11.907578	10.273169	0.01017594	0.16957026
2322	2.264239	-0.57740165	0.47381888	2368.0398	27.10016	11.7296	0.15450565	0.0043050809
2323	4.3266732	-1.040512	2.7965177	5854.5052	54.419695	45.381792	0.16033348	0.18692079
2324	2.1407466	1.4010827	2.3197823	279.91056	1.6578907	1.3476177	0.018600193	-0.0048806067
2325	1.0645807	0.16911509	2.4057078	926.72122	11.730932	8.4827418	0.1230099	0.074968651
2326	3.3112459	0.71250309	2.3725937	959.20553	43.145182	2.138221	0.27010973	0.016803414
2327	0.90343163	-1.0784388	2.0266412	354.86383	1.9901982	1.4103241	0.085125091	-0.057868787
2328	4.4321656	0.34059868	2.6143353	4474.9259	25.341724	21.254516	0.041179474	0.06058187
2329	1.525906	0.15579801	0.087757923	7224.8432	51.100058	38.734205	0.060504698	0.11454056
2330	1.4461258	0.60089037	2.5541859	3001.0619	48.482961	38.100516	0.0029535279	0.048197666
2331	1.5587444	-0.14258133	2.7377596	668.28536	20.956204	1.425796	0.22216374	0.009574817
2332	5.5085649	-0.59774229	2.0596013	3473.0441	37.631775	22.876107	0.021818479	-0.016792103
2333	5.9001597	-0.484956	2.2208407	1590.937	42.570192	39.605322	0.046089915	0.13888521
2334	0.44538886	-0.32129649	2.7056204	4880.95	84.650586	16.25763	0.008646233	0.0830093
2335	1.1196992	0.74131483	2.8336068	3582.0104	46.476945	43.884993	0.087816959	0.19383395
2336	2.2307612	0.27931524	1.0169745	2862.628	42.670076	36.608907	-0.18477391	0.011487114
2337	4.0116434	-0.088268955	0.4413302	2774.755	21.279835	13.748937	0.36178389	0.14278702
2338	5.2410356	0.47251419	0.40442957	6250.0523	70.168151	63.909051	0.10822628	0.010407709
2339	5.1623975	0.64848584	3.0008665	5133.2966	61.937357	61.511658	0.24510996	0.043674452
2340	3.5162452	0.23812247	2.3177096	3614.1787	47.823091	47.102223	0.007437024	0.081147186
2341	0.49222509	0.38058207	1.8474954	2826.4017	69.987948	24.519604	0.46914977	0.11818943
2342	5.6451061	-0.29191766	0.26485634	2522.0306	15.957007	11.975015	-0.061370819	0.03798107
2343	5.2874295	0.57317131	0.8060941	1590.9212	13.78683	12.592085	0.07530929	0.0070350065
2344	4.5694469	1.2613974	2.0352584	368.68462	2.1390723	1.25119	-0.0091051655	-0.067697497
2345	4.9467317	0.95049197	2.7964993	2315.0743	35.864699	31.55512	-0.08538289	0.12935551
2346	3.3814377	-0.75708551	0.74440566	3881.9693	55.629972	43.754106	0.24387364	0.084861685
2347	1.7349817	-0.23123963	2.81952	1915.8321	9.6961051	2.3172705	0.096046136	0.029857916
2348	4.8433185	0.28328375	0.86589805	2140.1102	29.948068	24.586022	0.56863864	-0.16188946
2349	5.8903613	-0.75625488	0.86076216	1076.5081	12.191322	10.333992	0.27692053	0.030937824
2350	1.2082427	-0.75957298	0.7707461	2034.766	12.396251	7.9973243	0.036453141	-0.0069535343
2351	5.4260874	0.4920596	0.16345258	2187.0807	37.231322	30.759549	0.022942925	0.0028414319
2352	6.0090849	-0.37412186	1.5158184	1195.5973	32.414264	21.632165	0.046440409	0.012899721
2353	0.44712704	0.56242321	0.35206176	3895.3707	64.448889	24.50867	-0.077661818	0.014326506
2354	2.5771616	0.70805588	2.9245479	6881.6865	44.017992	31.728661	-0.063257815	-0.038487078
2355	2.9950766	-0.92862899	2.4427312	4861.555	55.836384	41.737493	0.14881942	0.055163397
2356	1.3238812	-0.27149979	0.89355948	4989.3266	148.54345	112.00869	0.013432305	0.0154219
2357	6.1912696	-0.50101332	1.5706839	3250.5284	51.619531	31.075554	0.12015582	0.00048437967
2358	1.4289458	0.40482866	2.4401832	451.8495	10.179939	8.6181921	-0.091184973	-0.085753476
2359	5.7820782	-1.2872446	2.4579535	478.24253	2.0399404	1.8861073	0.085777845	-0.20659484
2360	3.7678908	-0.88936709	2.3563274	944.97021	38.349775	1.5947253	0.17145535	0.017475414
2361	0.65205901	-0.5612898	2.6575095	1346.3655	9.9662424	8.5432485	-0.12542731	-0.013653841
2362	0.51779904	0.098592719	0.31663574	2696.9788	14.355378	12.914142	-0.4477847	0.1555409
2363	1.2178331	0.62136881	2.4726858	1551.8656	22.425959	16.213608	0.12166829	-0.03079959
2364	5.0590121	-0.13295316	2.3143848	382.12544	10.766299	7.6854653	0.11306497	0.0097621209
2365	3.0063112	0.67254097	0.50841364	1424.3162	11.267398	10.112936	0.17756195	0.075353004
2366	5.2389294	-0.91354179	2.6699208	6521.5237	55.727158	50.988094	0.16831107	0.031505495
2367	3.643927	0.21097931	0.53443901	2042.4392	10.500771	9.2157565	0.10514045	0.095526966
2368	2.0528184	-0.93151495	2.6380027	2963.2534	14.455437	13.126878	0.032145208	0.2136426
2369	0.29981139	-0.52377578	2.4460202	3572.9908	66.681716	58.220482	0.040226801	-0.11228251
2370	0.56605201	0.50795684	2.6431021	2570.499	14.291575	13.642727	-0.20388965	-0.46913619
2371	1.4640117	-1.0210551	0.5376855	2665.4691	52.001234	51.878864	0.17524436	0.031627793
2372	3.8256465	-0.98835213	2.7559847	742.32138	1.551788	1.3499044	0.0081568267	0.21442101
2373	1.2915197	0.45050231	0.93772787	1060.7718	10.763356	9.4451719	0.039316714	0.17305545
2374	0.94970755	0.56127486	0.54455237	9808.9287	70.659768	52.089497	-0.055802645	0.028550706
2375	1.0863171	-1.3747837	0.29317299	1777.2298	11.797409	11.639887	0.073730971	0.0030306704
2376	4.7873958	-0.36597777	0.19958547	4675.3511	18.841963	15.436065	0.16468811	0.045915259
2377	5.912347	0.025723449	2.7910644	3734.393	21.207007	17.309354	0.046383596	0.033759231
2378	3.8537671	-0.44895874	0.94008559	14656.058	107.1642	97.619882	0.047873616	0.02147706
2379	4.1008257	0.16331347	0.52726713	7050.0914	40.89813	37.717733	0.33301104	0.19080857
2380	4.6618006	-0.27383717	2.5316025	1258.1985	29.623545	27.011304	-0.0011028681	0.23373395
2381	1.0449098	0.91278209	1.2310914	656.12215	10.751253	3.3728189	0.0067486257	0.065935222
2382	1.6472686	1.1023271	0.47167461	11072.012	108.00215	85.061912	0.17634597	0.17498553
2383	4.1402625	1.0969076	2.0936568	1410.9784	37.45225	11.083473	-0.10966648	0.00038178501
2384	1.3942701	0.89566035	2.6443339	7076.4936	21.020789	16.415734	0.26146438	0.17487075
2385	3.5402074	0.85535775	1.6358033	2141.738	72.023814	30.040664	-0.042210755	-0.056554535
2386	3.968947	-0.72188083	0.25953524	5633.4511	62.426233	46.564576	0.036668802	0.023358589
2387	1.5924692	0.39563067	0.40968797	1768.5369	12.290663	10.481795	0.085707638	0.4715516
2388	5.0210293	-0.88377584	1.5225326	244.90139	6.1972406	1.4314453	0.08218565	0.096611495
2389	5.5264609	0.1981633	1.340778	1421.534	39.671361	34.492034	0.007224164	0.24876998
2390	3.8863079	0.9198891	2.2069249	542.57664	24.254891	20.100305	0.0043272215	0.024607049
2391	0.20243004	0.52395574	1.2011677	165.02765	1.6000354	1.477576	-0.16036241	0.084874831
2392	0.80329235	-1.0388114	1.1127951	1398.5129	43.875957	43.572017	0.011530729	-0.11737618
2393	3.3508069	1.08456	0.2794238	17872.236	206.62723	169.32669	0.038176486	-0.087542435
2394	2.3379444	1.0540907	1.6845212	1765.3196	64.843373	46.53568	4.0645024e-05	0.140992
2395	3.4511349	0.54899872	2.6632898	3037.1539	45.755451	42.242116	0.12374993	0.1460889
2396	3.8158105	0.067201117	2.900882	1129.9512	13.149708	11.638211	-0.088617203	-0.087308785
2397	0.63628622	0.16856465	2.5276661	3031.402	21.403838	13.996636	0.0070934429	0.0032044094
2398	5.8182736	-0.92476452	2.3252931	1050.518	13.699799	9.1436556	-0.42945128	0.36701837
2399	0.23133743	1.140486	0.46179158	9240.4893	102.50027	84.518905	-0.11067016	0.021024031
2400	1.3835099	-1.1506196	2.9864218	4876.3429	57.764906	55.535225	0.15117907	0.063314034
2401	0.18253947	0.48581258	2.1912933	792.84632	31.358445	26.355663	0.45485408	0.015064162
2402	1.4001808	0.6716376	2.0817718	597.63038	10.359403	9.6135799	0.29858545	0.10408108
2403	0.69968337	0.69821155	0.84020864	829.42885	8.4455747	8.3440504	0.033360136	0.1958899
2404	4.4280497	0.056015908	2.4895426	1791.1033	13.266927	12.173695	0.45915472	0.10073828
2405	0.47952344	-0.36996291	2.3407064	1484.7427	13.05557	10.86347	-0.01726587	0.17894893
2406	4.6443189	0.90290527	2.6195087	2963.8117	15.360625	14.309989	-0.22066206	-0.041338022
2407	3.0328347	1.2674505	0.091690376	356.54337	3.0893422	1.4736952	0.10676086	0.023639668
2408	3.04344	-0.26061755	0.12700497	425.66728	9.9270423	3.0581578	0.069652028	0.0082195989
2409	1.5854718	-0.46976391	0.25136074	7079.5398	84.616088	74.795103	0.04739769	0.008096885
2410	2.5976967	-0.29654641	0.51777981	3678.9492	60.14698	53.284844	0.10804317	-0.31226632
2411	3.8332573	0.67333035	0.34291713	2186.494	61.126047	48.312889	0.017341831	0.27808077
2412	4.1202761	0.99355261	2.5868044	144.8286	1.9526128	1.2975064	-0.28893735	-0.047336721
2413	1.853501	0.80735524	2.2453541	1256.5753	44.718468	10.91245	-0.01192352	-0.004880409
2414	1.091807	-0.32711823	0.65140238	262.85727	3.1219004	1.6358829	0.066194147	0.0082067057
2415	5.2606259	-0.17164241	0.39890925	7404.9537	71.111916	36.447	0.17997068	0.079679051
2416	1.827616	0.8935919	2.2778731	249.12414	1.2738382	1.2613524	0.1022021	0.050941651
2417	2.0278255	1.2075781	0.81750116	331.22378	4.0453747	1.296364	-0.021381672	-0.10414468
2418	1.7329899	-0.87362157	0.8543684	332.2085	2.4235539	1.6014958	0.069998762	0.13017842
2419	0.37909942	1.2122291	2.4806251	1311.1998	12.598502	4.1282583	0.073533491	0.039641695
2420	5.1102264	0.23851781	2.7163346	711.01207	2.5652262	2.0438447	-0.053375419	-0.11416239
2421	6.153735	0.35832496	0.4775853	1185.1968	25.390452	1.6672584	0.014568978	-0.011444243
2422	3.1941028	0.64109707	0.65646792	793.74902	4.9698017	3.9870668	0.12371348	0.025342678
2423	3.8432454	-1.003835	2.49485	2226.7691	18.457002	12.755911	0.045035013	0.1400609
2424	4.7415521	-1.2720133	2.4222299	5719.3513	60.114671	40.971333	0.55302335	0.088899798
2425	2.8936003	-1.0524916	0.34483062	3120.1291	35.577299	34.879023	0.24860075	0.010803458
2426	0.47693679	0.32464532	0.47906857	1484.4919	71.143579	45.41327	-0.013670908	0.061926497
2427	2.5502419	-0.84563782	0.27496122	9946.3516	96.501088	82.172644	0.10287763	0.14943503
2428	3.9868034	0.32803324	2.1817694	3505.5113	42.998774	33.087824	0.09094407	0.17347619
2429	3.2417792	-1.1608092	1.5089518	3047.1744	45.129437	44.84987	0.14319557	0.10488217
2430	5.7689087	0.67059594	1.1197075	3275.506	28.039192	27.455035	-0.0020101327	0.41865072
2431	3.3124171	0.96149206	0.42731321	541.996	1.8202366	1.4051489	0.11135777	0.061635068
2432	6.2206284	-1.3810058	1.2263881	1599.8111	12.968337	12.720691	0.30459298	0.016744775
2433	1.0342116	-1.0521014	0.86001264	2676.4591	49.639548	41.964934	-0.087459334	0.15533081
2434	2.8104343	0.59325737	2.7521926	2748.4009	39.766245	21.97064	-0.016620249	-0.18367642
2435	3.9401535	0.87951286	1.4338986	1548.5101	27.584142	26.70578	-0.051462415	0.21080176
2436	0.55681972	-0.69470717	1.8082898	1369.7662	32.018573	31.747655	0.021565463	0.14172237
2437	2.3399324	-0.02140408	2.5246235	859.43627	5.7174242	2.6876271	0.010021047	-0.0059893728
2438	0.35414754	-0.24683942	3.0485325	3660.4531	53.895761	50.335927	0.042105526	0.44869196
2439	5.9455327	-1.0035823	2.7237754	1247.1456	17.265985	3.2688342	0.040320311	0.0015936489
2440	1.3248096	1.1978597	2.6201154	4032.9442	15.547511	15.249808	0.034416733	-0.038242794
2441	4.1467548	0.24561084	2.5900402	5519.4881	66.703731	46.752957	0.072206669	0.016246114
2442	5.1377578	-0.46510946	2.1443658	349.64647	20.337548	15.410884	-0.4851217	0.36151422
2443	4.2398494	0.85455551	2.3705823	4071.2314	57.508794	53.385932	-0.0062039186	0.002212056
2444	1.0981326	0.59917488	0.61889638	2947.1324	32.85077	29.145767	0.23683719	-0.1245213
2445	4.699533	0.21685874	0.40013979	2227.3236	12.083162	7.0433529	-0.27832629	-0.0010291943
2446	4.5193776	-0.25143723	2.5691435	2394.9959	13.758453	13.167027	0.31785485	0.30433223
2447	0.056835051	0.83506329	1.09525	3524.1819	50.612259	24.092157	-0.058850979	0.25165568
2448	0.2010914	0.37145013	1.0836948	1576.8129	13.587673	11.723571	0.0095070365	0.051916294
2449	5.684051	-1.1308854	2.7992823	3616.0475	147.00631	57.108104	0.0030868549	-0.025775301
2450	1.9540697	0.059998967	1.0924781	2724.4582	48.143569	39.523316	0.0053459584	0.054349426
2451	2.104411	1.2317206	1.5356856	245.68407	8.6528377	8.0857665	0.1151822	0.12364209
2452	2.3139156	-0.42454032	2.4823763	457.22492	1.9705361	1.4129344	0.0010018963	0.027652361
2453	1.2739749	0.951561	0.79538862	413.69266	8.6100558	2.4472865	-0.0702189	0.089974541
2454	4.8955914	-0.31695625	1.2826245	1182.0359	61.379302	43.016998	-0.0031660249	0.12635052
2455	5.1997278	-1.0281712	0.15307719	2658.908	21.659042	16.97276	-0.13817559	-0.023651984
2456	0.75891549	-1.0246932	0.96118612	1490.7275	35.292972	3.5619946	0.099453863	0.16850821
2457	0.28205573	-0.59795332	0.13898547	8189.8284	172.40768	64.50193	0.3082948	0.23547199
2458	0.44243126	0.97399331	0.24544293	2854.6117	23.418566	13.814255	0.12311494	0.03693606
2459	0.4910954	0.65494292	0.33590868	2107.3719	36.159719	29.907623	-0.026063838	-0.019009272
2460	2.7443823	-0.35033801	2.7549409	768.5688	2.9880241	2.1329509	0.0091507115	0.18813742
2461	5.8744981	-0.2006786	0.90943041	2492.1187	46.802789	36.44514	0.0013701055	-0.00043174808
2462	3.9734706	0.78554945	0.70932329	2790.1455	16.560781	16.503014	-0.0095537612	0.067428139
2463	1.1921995	0.64081096	0.45625468	4350.4475	16.587639	16.0099	0.076859157	0.36275405
2464	3.4440542	0.052817061	2.250305	674.66072	8.7000686	2.1716775	0.13992625	0.0049353004
2465	2.5181801	-0.99740525	2.4382562	2218.6653	36.085072	13.687115	0.00447723	-0.061152808
2466	5.475563	0.16691077	0.73515682	3404.2448	61.74575	55.436635	-0.20432169	-0.0046650128
2467	4.0736193	-0.01840807	1.9657807	5214.7293	71.302264	68.370391	0.10196578	0.02836751
2468	3.1137853	0.52747844	0.76571612	2420.9766	25.102457	22.073914	0.021848747	-0.00099100182
2469	4.1309223	-1.0056185	0.73696337	1667.4994	17.833619	11.752752	0.093505024	-0.10273507
2470	0.27323478	-0.52040591	2.0895913	731.90358	11.850889	10.562235	-0.079611888	-0.018225267
2471	0.24136918	1.3174976	0.57472626	1910.8813	21.868644	20.328256	0.0096059688	0.26691732
2472	5.0200071	-0.73069027	2.3464154	313.73453	11.057335	10.107312	0.11085241	0.14623122
2473	1.513253	0.92879722	1.6431422	1952.2292	46.177108	43.340142	0.23662863	-0.22172846
2474	0.48054911	0.77632521	0.11465853	1552.0141	10.795916	9.1604966	0.011627255	0.20293314
2475	4.6798381	1.004979	1.5286723	727.48389	23.387062	9.5279668	-0.045399272	0.2376919
2476	1.1717311	-0.66836742	0.9949166	7494.8431	133.32436	116.17807	0.081484484	0.0037653049
2477	4.293443	1.1552478	2.7215912	2540.9609	58.975883	55.974073	-0.39228574	-0.12831413
2478	5.799751	0.98096175	0.80050624	6818.4068	56.9316	50.932773	0.037448255	0.11443226
2479	5.8452778	-1.0385607	1.0171125	1232.1583	12.584976	10.703948	-0.40671395	-0.016476579
2480	2.1769298	-0.44730669	1.9350935	2456.3175	41.148877	32.998228	0.27387304	-0.0093810292
2481	2.8728019	0.63078619	0.2547484	1823.749	26.076129	11.572176	0.024117938	0.33261226
2482	5.605223	-0.86423183	0.7251259	2712.5304	24.459513	11.951407	0.015852121	0.095621717
2483	1.0212189	0.42876275	2.6727438	1245.1012	10.471183	3.5980947	0.060717648	0.1641564
2484	4.3690179	0.74991023	0.86024679	935.30102	11.023647	10.058454	-0.054780489	0.0077645901
2485	6.1021241	-0.21436798	0.84310333	1022.311	10.379956	9.7378438	0.12163659	0.17314875
2486	3.8770083	0.18716183	0.71262624	3696.0096	56.780577	47.50114	0.0049092416	-0.082013729
2487	5.4004618	1.0227791	2.5120237	4678.9458	55.213959	36.023325	0.05747217	0.19397733
2488	3.3536212	0.60527811	0.67762738	1840.1223	41.072425	23.645855	0.063560548	0.25650865
2489	3.2749986	0.78727067	0.23530947	4601.0497	15.696839	15.329151	0.0023500627	0.24516225
2490	5.2810322	0.10371691	2.5511497	4648.242	48.260415	44.709249	0.00043111407	-0.0016213415
2491	3.3873802	0.52480535	0.16175586	1695.194	30.776613	12.189783	0.069053947	-0.02100651
2492	1.7156366	-0.6998355	0.96041065	1385.5501	11.329859	10.191846	-0.18984631	-0.12916637
2493	4.8779119	0.73865801	2.7382421	3329.8739	51.242386	49.963856	0.0053368677	0.26954735
2494	5.9307573	0.7060067	0.98281429	1906.8213	46.395419	25.395907	0.054267999	-0.00047885122
2495	5.935824	-1.220242	0.80926614	886.77603	33.76221	22.741651	0.090023285	-0.034887526
2496	5.0665524	1.1546542	0.59833256	5529.8138	43.718467	29.481507	0.052414915	0.33256592
2497	4.5197371	1.4544074	3.0501999	447.32042	1.8133615	1.3855117	0.10151925	0.047531131
2498	5.4206035	1.0314217	1.003679	10998.585	223.69731	133.22543	-0.1659608	0.24703856
2499	3.134653	0.011417327	0.90853915	2254.7832	41.918516	22.717178	-0.0091891461	0.018602865
2500	5.5776044	0.31782962	0.38221113	1738.7482	12.311336	9.1588237	0.067627421	-0.15025115
2501	4.2387357	-0.77504665	1.9544956	1059.4121	30.53689	22.029517	-0.077692216	0.081850905
2502	2.4648134	-0.43293205	1.0467804	2337.777	53.777618	34.798407	-0.14132301	0.13541378
2503	1.3469926	-0.98758915	2.6809403	2606.393	27.407546	12.078152	0.026826271	-0.026057253
2504	6.169275	0.44775865	0.55279698	104.63354	1.4749479	1.2971873	-0.00065899275	0.040309689
2505	2.170854	-0.39285141	0.49461493	1385.7704	11.382115	11.273466	-0.10445381	0.049892239
2506	0.73001198	0.35041274	0.87958815	1898.269	38.095863	6.5318708	0.02657966	0.06208368
2507	1.5638293	0.16009185	0.75187571	1603.9803	45.543236	41.865817	-0.016866179	-0.065745023
2508	3.91535	1.4185575	2.1695332	3241.6529	46.440715	44.112003	0.54921265	0.041845327
2509	5.6218918	-0.72773425	0.30783918	1543.9775	13.817963	12.869513	0.0139448	-0.37286597
2510	0.72449459	-1.1197404	2.4745977	366.64527	1.5991047	1.5018798	-0.23251043	-0.027578229
2511	1.8333272	0.85860919	1.5179793	279.30151	1.6225037	1.3582807	-0.081089917	-0.0037238817
2512	2.0478038	-0.98479074	1.8918984	1639.836	11.73143	7.6548177	0.036849429	-0.025196288
2513	5.2617404	-0.066853963	0.52915763	6360.722	52.933465	31.076566	-0.0029669941	0.34668824
2514	2.2730962	0.41722459	1.0728625	5700.4382	62.252425	42.250386	0.050977804	-0.11851137
2515	0.94175251	-1.0776055	2.5909721	1043.2649	5.6803952	5.2915826	0.13627669	0.039324055
2516	1.4170526	0.65068885	2.8455809	6314.8565	68.346619	57.080961	-0.25838477	0.045936076
2517	4.8453858	0.8303618	0.50073082	555.33534	9.226023	1.7768373	0.060676592	-0.0012887007
2518	4.7315724	0.89226833	2.5931851	1065.9097	10.697176	9.3811108	0.019904866	0.20804843
2519	3.6486552	-0.79394893	2.9527237	2001.3395	18.199262	10.744762	0.0061632325	0.18272627
2520	4.3716433	-0.076223065	0.12682134	1433.3351	12.970291	9.7369769	0.12641447	0.29079036
2521	3.6134593	-0.75036455	0.69448107	1276.6697	11.043908	10.720144	0.14458618	0.21110971
2522	1.7303409	0.72571374	0.46961631	7151.5791	75.044264	65.87331	0.0087096467	0.096340187
2523	0.75940847	0.33491116	0.25147216	2304.3074	12.721068	9.5229391	-0.2539678	0.088815283
2524	5.7097058	0.98180629	2.7227313	1457.9133	12.60906	11.331338	0.035420771	0.30065535
2525	1.880721	0.92618519	2.4334203	6177.8807	154.03362	129.12093	-0.14178708	-0.085882136
2526	0.41445769	-0.62239256	0.61875016	4905.9221	53.038564	51.010702	0.11710706	0.069566933
2527	6.1493362	0.3975984	0.4452672	2408.315	13.933486	11.828922	-0.18082484	-0.063007559
2528	5.3019806	-0.30150476	0.87166817	4536.8657	48.173209	43.218193	0.15329633	-0.0065991214
2529	1.4685693	-0.47624702	1.4308657	1860.3737	48.895561	19.302774	0.0089099346	0.2824566
2530	4.4050381	-0.17450386	0.96017821	1820.1666	44.954419	44.789629	0.24396485	-0.61432747
2531	2.6994249	0.092950868	2.3792843	5737.4609	67.465865	50.594918	0.13576051	0.12493482
2532	4.9483805	-0.86574926	0.076874384	1856.0447	16.126549	10.881445	0.021971725	-0.16772716
2533	5.1119805	0.5762501	0.14205489	4407.102	40.989916	34.046154	0.009996563	0.39447646
2534	0.69980075	0.046967015	0.90474866	1727.6874	34.246699	30.194165	0.086233433	0.023053012
2535	2.1620467	0.32961174	0.54136186	2065.0726	12.580835	11.154528	0.033659406	0.24065533
2536	5.5193248	-0.45888977	1.9108849	1881.7501	34.219997	21.147747	0.032893281	0.53080301
2537	0.1960967	-0.79759978	0.54206	609.6596	18.659467	10.686776	0.018264062	-0.034723261
2538	2.4275265	0.3696778	0.64871872	7422.1988	72.093126	70.96431	0.11244137	0.00714278
2539	3.9986753	-0.099508173	0.92311008	6632.309	131.63609	48.003381	0.052460116	0.011620637
2540	3.4958545	0.43572759	2.8717478	2814.0091	23.846313	18.076312	0.23855311	-0.017871916
2541	5.6200487	0.29944054	0.093209521	7697.4	84.177322	72.147681	0.49372517	-0.1595162
2542	2.900486	0.58851575	2.7260993	5750.7335	41.4661	39.006265	0.24072593	-0.035599799
2543	5.3027388	-0.2787989	0.8757807	543.71814	1.9784963	1.6250225	0.17767154	0.032944715
2544	1.3953409	-0.30341534	1.1273777	1196.8996	23.113869	10.348018	0.18470489	0.35658637
2545	5.3592284	-1.0521361	2.2533474	1414.9758	11.592002	11.375538	0.188797	0.019177943
2546	5.517042	0.45059389	0.067155958	5031.5549	36.513734	18.713425	-0.0072122598	0.02570202
2547	0.10057485	0.88555508	2.8412171	7844.6736	84.320891	54.641898	0.070178691	0.0047560312
2548	3.1812685	-0.59447893	3.066777	7306.7788	26.964466	17.812516	0.077425117	0.046414582
2549	5.6917423	0.41926361	0.37788687	10963.699	81.061149	72.787757	0.19981687	0.17811191
2550	0.49517877	-1.1109196	0.76952918	2899.2804	14.300067	13.86538	0.14629418	0.1764536
2551	3.1213963	0.38300364	0.25257949	5086.3457	84.305892	55.49566	0.23259934	-0.11579142
2552	4.7077599	-0.81955829	2.0917197	559.17209	9.5710241	1.433365	0.046744602	0.061011481
2553	4.8562224	0.58998873	2.3668128	1286.5328	12.462047	2.0095104	0.64152602	0.053102565
2554	3.9702909	-0.3088007	1.193601	2553.5747	45.074433	31.147788	0.0011507117	-0.051988483
2555	6.2318953	-0.73210788	2.4633618	3084.5021	14.630009	13.567509	0.027196752	0.43466817
2556	0.92501159	-0.42756077	2.4224549	2844.5909	42.455009	40.67288	-0.014763868	-0.0082997474
2557	1.4717404	-0.34926587	2.6868871	1726.9507	35.651547	25.702893	0.033466824	0.11059428
2558	3.2937431	-0.87252027	1.3210494	971.75655	35.026013	29.914454	0.034034241	0.020378872
2559	3.7348201	1.0422059	0.89939678	501.02811	3.2577161	2.3178968	0.095378729	-0.02148534
2560	2.197282	0.28366925	0.73550189	7487.0121	100.08805	65.758047	-0.062083293	-0.16355826
2561	0.39085073	-0.96509895	0.6619433	9221.3573	64.976388	59.218602	0.006133532	-0.29214508
2562	3.8507872	-0.68532689	1.7014528	5253.431	58.563148	53.122418	0.21527341	0.021751729
2563	1.3190728	0.28761608	1.4781507	1725.7326	100.57187	28.022186	0.2631696	0.0017223789
2564	5.604978	0.4003862	2.3704318	662.66967	33.551351	30.506044	0.070645368	0.049260885
2565	6.2614786	-0.19035609	0.80439773	622.54407	10.692235	3.0370925	-0.43061768	0.020262833
2566	3.6376968	1.0533482	1.2273989	578.0966	11.10102	9.6350431	0.033403442	0.32449558
2567	3.6326252	0.16876176	1.8088704	3237.2374	43.66007	42.267414	0.07954015	0.22173817
2568	6.2220974	-1.2854904	2.2742731	1072.4253	42.400779	26.948579	-0.11719268	-0.053850074
2569	0.90764398	0.10643579	2.0119016	583.96636	16.00608	8.9327412	0.17134945	0.048395563
2570	5.6781295	-0.61783497	2.432043	168.56072	2.0108295	1.6204111	0.153853	-0.092977744
2571	0.96014176	-0.30637672	2.4757891	1354.9535	38.821427	36.925884	0.36310379	0.40385136
2572	5.7909426	-0.95153091	2.7025572	3374.2282	61.400475	54.214432	0.13607512	0.0097177916
2573	2.6799977	0.91583666	2.8689696	1276.8439	25.376892	9.9642257	-0.27154313	-0.082460041
2574	0.7444343	0.26744914	2.3736164	1633.4538	94.250997	36.099817	0.36398317	0.24312097
2575	1.390459	-0.21469576	0.76145864	2874.4976	18.540807	11.207196	-0.032551298	0.259593
2576	4.0452233	0.44412567	2.2778184	1325.676	38.517111	27.627766	0.08868162	0.36970835
2577	2.7830199	1.1656153	2.4246801	2223.1559	39.94124	32.936414	0.028097268	0.090937182
2578	1.8357652	-0.21972318	0.20610952	12919.143	89.060395	87.107479	0.041580975	0.3268583
2579	1.4277226	-0.45209023	2.537594	3795.3885	42.257262	14.85995	0.00069781202	0.075098122
2580	3.8094433	-1.0271117	0.82403765	1129.6287	11.416074	1.7213432	0.09101528	-0.028567431
2581	2.8600804	-0.36717921	0.84973547	1675.2929	14.066322	12.712434	-0.010866534	0.028865775
2582	1.0645816	1.3196377	0.54099809	9064.92	142.33071	112.13369	0.50897136	-0.10904317
2583	5.8835197	1.1848548	0.063458081	3555.0683	43.044259	23.203905	-0.029899576	0.095455841
2584	5.9540646	0.067201522	0.72694214	2012.435	39.832439	30.976708	-0.04175019	0.26617151
2585	2.4402712	-0.25701148	1.9287212	756.62867	11.372722	11.240192	0.01273894	-0.00044917483
2586	2.4968307	-0.69126042	2.2889668	2748.7105	14.581842	10.159773	-0.067383712	0.26913513
2587	3.2318444	-0.55459598	1.6986881	877.93961	77.656273	37.743877	-0.083574856	0.012589668
2588	2.2799712	-0.68380147	1.9508448	875.16131	10.814261	10.716618	0.37234464	-0.11784092
2589	3.247899	-0.64397466	0.82867421	3438.2131	47.102769	32.084281	0.038740689	0.28957178
2590	6.2686808	0.45801242	0.25447868	2446.8115	17.210735	9.6111098	-0.0097860923	-0.16301546
2591	3.3501267	0.75892351	1.6412864	407.06877	8.8006937	1.5516937	-0.21632428	0.14247346
2592	5.6467952	-0.41655079	2.2517887	1037.9835	12.323148	3.0040218	-0.11024363	0.025338793
2593	1.6999252	-0.71029813	2.014019	8357.4291	66.941996	66.408581	0.53011617	0.31158801
2594	0.96858705	1.1292986	2.1517877	1026.7838	24.654399	11.564225	-0.071134149	0.52041176
2595	1.7363422	-0.20557837	0.42617212	1873.5278	10.639212	1.9262599	0.42042256	0.012866579
2596	4.4331882	-0.76380272	0.32740266	1959.5383	42.150498	33.86047	0.13308942	0.22059576
2597	0.23847708	-0.99225215	1.0535925	1719.6073	50.905366	45.895244	-0.026684179	-0.15797357
2598	4.0850876	-0.659188	0.48918665	7928.3133	54.976378	50.584582	0.090090992	0.013100497
2599	3.1293443	1.1547093	2.3550117	6534.9418	77.394669	63.531874	-0.13548147	0.33701622
2600	3.0244118	-0.30848809	2.6080682	928.71378	33.32675	32.36487	0.030868087	0.17733275
2601	1.1575599	0.73737674	2.2627191	774.18412	12.379389	10.172888	-0.018505924	0.46607281
2602	5.794462	-0.11442131	1.0033803	773.30062	12.026014	9.7820298	0.027436099	0.10433788
2603	0.63153923	-0.0083921672	2.3754722	5229.2966	69.860309	56.983375	0.50537305	0.29874672
2604	1.2880272	1.0456438	2.8626611	379.59305	1.5074809	1.3228976	0.043761278	-0.021162055
2605	4.6941615	0.22125918	2.5043594	554.74762	1.4775653	1.4293293	0.028715291	-0.02617245
2606	3.8401622	-0.75497313	2.1779799	4126.4013	166.00213	78.635622	0.2309623	-0.014233604
2607	1.6213306	-0.77280146	1.9967491	8770.0773	92.097136	68.934335	0.17248875	-0.0085511793
2608	4.3506417	-0.64804114	0.77246059	1294.3167	20.678273	10.083148	-0.020495009	0.019056064
2609	1.2111299	-1.1208915	0.89576341	3335.157	37.096671	26.97103	0.27661438	0.073834248
2610	1.6585804	-0.78389629	2.7490815	1409.6333	11.668795	10.448423	0.0013164884	0.41001918
2611	4.296858	1.0455879	1.3084733	703.82164	11.019163	10.23663	-0.062357609	0.17758605
2612	3.8431963	-0.32852963	0.086860382	3587.0836	61.806183	59.61138	0.16507599	-0.18904964
2613	1.4031396	-0.69616088	2.5271974	2719.7932	46.485434	34.046365	-0.04004322	0.054579929
2614	0.3603589	0.23690539	2.2797495	79.408184	27.879743	1.4931135	0.28344472	0.011719635
2615	2.3540264	0.82760429	0.87724798	2934.7796	80.427308	50.66297	-0.044717317	0.025151593
2616	3.1304934	-1.1651044	0.77540554	2866.319	39.091	14.394765	0.3325832	-0.0209533
2617	0.94823927	0.20685414	0.56761808	719.60117	7.3110521	5.0735271	0.011727287	-0.037181848
2618	5.2536812	-0.23880861	2.4184856	4167.2216	46.346368	46.196063	0.10193489	-0.0082092568
2619	5.8537463	0.1673543	1.9387548	691.53184	10.369876	10.272041	0.045284969	0.036126264
2620	4.5585745	0.072845463	0.54674102	439.95753	1.7238948	1.6495857	0.069926573	-0.070018588
2621	4.226712	-0.10512352	0.89222305	324.12091	51.557881	23.79605	-0.13520396	-0.4954898
2622	4.4723294	0.69207547	0.52462463	3597.6397	44.881445	36.21685	0.080010085	-0.023807435
2623	4.0740271	-0.80407144	2.7547612	1997.8773	13.146762	10.51966	0.002203332	0.091283405
2624	6.2620915	-0.61944568	2.6177066	1523.7688	23.868391	10.175643	0.30480152	-0.070850964
2625	3.1889791	-0.75387768	0.35827351	6291.7534	69.970692	50.817614	-0.034787558	-0.02837147
2626	0.57414379	-1.1922487	0.83588369	1232.2664	22.849298	11.669074	-0.034419496	0.18337858
2627	3.1846625	-0.94238278	1.3712545	2255.0822	49.638855	21.413611	-0.02206627	0.095274443
2628	0.0034038988	0.71178088	1.719626	218.01548	9.9050321	1.3691086	0.04030518	0.096174688
2629	2.9025271	0.32113938	0.77207841	6926.9889	64.295647	48.830669	0.49381105	0.11774977
2630	3.5338021	-0.92572878	0.97175345	618.38839	54.676146	2.4896001	0.035797641	0.0877001
2631	5.6872941	-0.43065824	1.4395843	377.31869	11.109532	10.807207	-0.0048829807	0.075283139
2632	2.8464671	-0.6616867	1.8574493	2594.3659	32.421559	22.717321	-0.10330532	0.047199924
2633	5.3336145	-0.64246078	0.95247871	529.31535	8.7797211	8.7738558	0.024557947	0.037359826
2634	2.1492623	-0.41103914	1.9775568	797.16231	14.378279	11.23944	-0.056612468	0.059107962
2635	6.2132982	-0.44897587	2.7180734	1166.8475	30.207062	28.771697	0.037617017	0.055171364
2636	2.8294403	0.85090846	2.0026825	2333.3991	11.05169	10.491096	-0.016960601	-0.3518027
2637	0.0251977	-0.85344091	2.3070993	353.34216	11.659388	6.9957395	-0.16941234	0.20293261
2638	2.2572397	0.15474541	2.4540244	736.83545	8.8520455	5.0009849	0.2860048	-0.008594121
2639	5.9099343	0.11550034	2.2373143	2580.7174	18.731117	15.750523	0.047548807	0.081841805
2640	2.93474	-0.83165761	0.43257582	2035.6354	12.684363	12.357576	0.081845583	-0.14720657
2641	4.6533695	0.83844831	2.5029433	3791.4058	25.791747	14.787124	0.17528104	0.19218221
2642	2.0191771	0.71022041	1.4088096	929.59109	36.536301	34.818075	0.030840815	0.12141629
2643	4.3148058	-0.36692512	1.3523961	1592.2146	85.19515	27.908368	0.16167524	-0.14356386
2644	1.7200887	0.42122924	2.6445701	571.90641	1.9911821	1.3628693	0.08487909	0.013449985
2645	4.5050131	0.14189773	0.49322712	1062.302	11.64788	4.9972069	0.043371836	-0.029844943
2646	1.5529393	-0.59963544	0.38598444	3422.6791	49.96925	46.467528	0.05048607	0.033826165
2647	1.2760293	-0.69532365	0.51851798	2999.0719	16.110148	15.242269	0.28342098	0.11979485
2648	0.18722325	0.74637722	2.5338305	6662.8756	71.635944	42.756726	0.0019854911	0.014630899
2649	0.72932518	0.76853439	2.5919435	616.82903	2.0072042	1.3949633	0.12855346	0.046078985
2650	3.6845846	-0.40360489	2.5388099	743.36483	2.2048393	1.5043767	-0.040777853	0.18064024
2651	1.0049588	1.0989542	1.3481931	2848.3396	67.333439	49.644032	0.050018734	-0.015886113
2652	2.5548169	-0.1540531	2.7429237	2593.5791	64.111333	50.798983	0.071007181	0.0091611774
2653	5.292133	1.1662788	2.6120434	1444.4787	12.138149	11.686613	0.090445176	0.025697964
2654	3.6130362	0.33830535	0.80834902	2230.5746	14.077074	10.32194	-0.056927227	0.10656979
2655	5.1336141	-1.2295644	1.929476	3251.6854	80.547646	38.518858	0.094678145	-0.090534263
2656	4.5291776	-1.2113449	0.34992939	6435.1719	39.942034	18.158824	0.25306641	0.20887087
2657	2.8844781	0.36755189	1.3092403	2715.4557	50.497718	44.546519	-0.070392318	-0.30415018
2658	4.6831185	0.26015747	2.5109962	1836.667	14.67383	12.406025	0.020770913	0.0037572456
2659	2.7907462	0.35056192	0.7311515	4517.179	55.805951	47.156546	-0.24507202	-0.19553513
2660	1.026745	-0.69667329	0.17752135	4812.4397	32.309299	23.968314	0.030908539	-0.015818766
2661	3.9839369	-0.2160666	0.55612349	2179.3415	16.500306	11.024404	0.052400342	0.046062363
2662	2.1676802	0.31491608	2.1286706	717.8485	10.218284	9.7180565	-0.038373427	-0.039672774
2663	5.9723356	1.3147616	2.6114605	1893.225	11.906848	11.783347	-0.23097699	0.039389845
2664	4.9222797	-0.58412722	3.0294824	3912.4642	66.080932	25.347634	-0.036367345	-0.00078336633
2665	3.062153	0.58173937	2.2841762	7311.6938	130.32395	75.524211	0.015172246	-0.028649753
2666	4.1386094	-0.064657974	2.3812182	236.12829	1.5430575	1.2246014	0.040369413	-0.12685931
2667	5.5829084	0.46440112	0.67578256	2384.9796	14.737504	12.623593	0.040733844	0.023524224
2668	2.110974	-0.3606824	0.65702184	590.5434	11.552328	9.7809896	0.080892732	0.0097648499
2669	4.6213889	0.55833951	1.8399395	547.22665	9.2892025	2.7855528	-0.002657168	-0.092297291
2670	0.61773257	-0.48817685	2.4299579	2373.5212	12.845035	9.7320518	0.099916558	0.040676568
2671	1.9040652	1.0805899	2.5324498	3633.858	37.609388	30.974749	-0.00033892157	0.0016550292
2672	5.9598588	0.44966949	2.1227225	601.97987	15.222778	1.7418103	0.01542161	0.012535043
2673	6.196319	-0.11929785	2.5331175	5501.7304	69.96008	66.415243	0.031447849	0.083325542
2674	1.918482	0.9206249	2.4987432	1445.5882	6.0994384	3.7781312	0.074216834	-0.046684917
2675	4.6395827	-0.067136426	0.92965303	5418.3536	62.753381	46.681118	0.13924395	0.024058779
2676	4.8394754	-0.28376349	3.087891	5348.2216	49.291309	42.06229	-0.045353426	0.047254128
2677	3.4999306	-0.58717061	2.4863021	336.48063	1.6892943	1.4468193	-0.31250275	0.044440635
2678	0.52979441	-1.1769893	0.9285332	1475.0505	43.076773	10.907906	0.099038518	-0.083558814
2679	2.7198279	-0.72064794	2.8760709	1904.1497	10.814914	3.1982656	0.15546029	0.10211496
2680	2.441355	-0.29618482	2.6168787	4362.7123	56.189024	55.047521	-0.0067524322	0.078683016
2681	1.6443943	0.1541434	0.42543126	11602.904	121.94946	71.603511	0.036246824	0.11044909
2682	5.5671066	0.59941839	0.22132391	1241.451	13.746169	11.921916	0.36970483	-0.01035374
2683	2.0788976	-0.2318644	0.98781035	596.82791	31.116751	10.855111	0.014759838	0.064856898
2684	1.0435616	-0.61747731	1.7684966	3716.0438	49.870517	30.774636	0.20165133	-0.071189356
2685	5.3163884	-0.20417934	0.24859589	2564.0235	14.775982	13.575944	0.15064043	0.040102133
2686	3.9918656	-0.73431124	2.5808931	452.38748	1.8089213	1.5954179	0.087325381	0.0099211462
2687	0.16842772	1.1265897	0.3619813	1894.6583	15.60203	11.700093	0.014073519	0.062791826
2688	5.4353566	-0.78824023	3.0985319	1603.3478	12.865439	12.146156	-0.04643578	0.00027560195
2689	0.12907013	-1.3394488	1.3299213	1214.9362	24.114998	21.989829	0.2986242	-0.0072871343
2690	2.7120898	-0.95254617	0.29911148	1923.8289	28.791785	15.393601	-0.014043369	-0.052083422
2691	4.2247786	-0.84564932	0.41662267	2075.7849	20.128441	5.5944576	-0.039307566	0.31028219
2692	5.8454217	0.69244546	2.8512436	12677.276	99.715108	95.270861	0.27763037	0.043406746
2693	0.48665282	1.0730163	2.5479933	895.8673	11.005725	1.6059463	0.02043875	-0.066694971
2694	0.79625775	1.3853601	2.0554523	4086.7485	55.928214	55.230034	0.027374211	-0.17935614
2695	5.461506	1.2463168	0.62942782	5432.9864	69.634197	66.105872	0.031447849	0.083325542
2696	1.476374	-0.17551258	0.86491711	4233.7276	59.724726	57.350338	0.013505288	-0.083023918
2697	5.5497327	-1.2589234	0.41686392	3441.1745	21.465968	12.608893	0.18529149	0.309095
2698	1.0923481	1.1909274	2.5863447	1167.6069	11.861044	10.050829	0.63357871	-0.17449752
2699	3.6680469	-0.86856247	2.7552299	3661.3623	15.847051	15.795484	-0.049801316	0.08046787
2700	1.9674458	-0.62321734	2.8099733	679.08927	1.7987029	1.5799548	0.099953566	-0.0022284106
2701	2.0777613	-0.59447055	0.23179542	1463.7015	11.455551	2.0538995	-0.080839628	0.11076653
2702	4.877521	0.69470742	2.7626352	4024.8043	14.499106	11.576771	0.034793347	0.00071226189
2703	1.3144636	-0.52410156	2.8945851	1748.0235	34.828919	5.8658181	0.12892977	0.44543157
2704	1.116454	0.85390027	0.7303944	5732.5007	74.109422	67.503152	0.24627552	0.29622916
2705	6.0848726	0.40539575	2.3285075	1475.5889	11.682469	10.860314	0.044343339	-0.10959234
2706	2.4685127	0.26566159	2.3472772	1933.5111	12.27864	10.969742	0.015663033	0.0054037437
2707	4.7113417	-0.72208681	0.18257639	2541.9556	15.366587	12.564798	0.23549799	0.030152415
2708	2.4416925	0.82738619	2.5306822	2654.9639	12.908722	12.515725	0.26203672	0.010732913
2709	0.17160676	0.78179837	2.7717868	6910.453	47.754165	30.750237	0.00308493	0.0029526917
2710	1.450573	0.30272779	2.5975659	245.09571	1.9360665	1.2831267	0.0042526302	0.018292076
2711	5.7914724	1.0915134	0.90102692	6979.5262	59.622734	56.85186	-0.045614395	-0.1689371
2712	0.20643929	-0.40598277	0.15289754	9783.0519	78.507389	67.811846	0.052453289	0.035750823
2713	3.7764691	0.38571303	2.3766748	1618.6007	14.021051	11.229035	0.63495747	-0.052982308
2714	3.6186797	0.57756182	2.6559029	6365.9339	75.555438	69.514274	0.14812749	-0.059996565
2715	1.0462151	1.1903587	0.25160777	2717.6129	15.390457	14.189973	0.00071401548	0.18647784
2716	2.5055895	1.1385427	2.4494655	2730.0112	51.989104	13.127842	0.12749964	0.12045144
2717	3.0292448	0.98308207	2.4729979	337.55181	38.669096	2.2437151	-0.19860996	0.040472009
2718	0.15814684	0.67936802	0.45027797	1071.8853	12.249568	8.0260485	-0.0032196682	0.088417047
2719	5.0979256	0.68267848	0.50936063	412.59459	9.2566657	1.5220663	0.0062520877	0.088578884
2720	5.81752	0.88829227	0.42496996	534.90571	44.746017	3.191628	0.12542834	-0.027019657
2721	1.0097314	0.54144373	2.8393176	4798.7477	63.635736	40.152012	0.25538831	-0.081411443
2722	4.9914301	0.50666639	0.2167517	349.20537	1.7503563	1.2841938	-0.190322	-0.067083963
2723	5.0905493	-0.048504577	2.6274032	1040.6193	12.25614	10.013694	0.55877309	0.056148466
2724	2.0848839	-0.2395539	1.3372943	2197.9269	13.490464	11.922046	-0.19979422	-0.074478051
2725	2.6817079	-0.97304653	2.3237404	4566.4299	63.876574	49.862051	0.19136028	0.30457785
2726	1.5714846	1.3227188	0.22935382	1608.7834	13.386954	11.577271	0.14154226	-0.0037509664
2727	1.3101867	0.82547925	1.7593895	2416.2913	38.983923	35.938033	-0.027361228	0.29649456
2728	2.5885166	-1.3644897	2.0183063	7569.847	84.145562	78.946413	0.0075445352	0.29318502
2729	0.29073176	-0.69581791	0.46911923	7891.7984	66.558184	63.762491	0.10246847	0.0037244199
2730	5.1787936	0.16114159	2.5067536	1989.1357	34.258223	28.649504	-0.008407646	0.0043049785
2731	4.0624447	-0.26357191	1.7056082	557.59718	16.629738	11.177963	0.024378225	-0.021296346
2732	3.7951944	-0.53105433	0.35637589	7030.9368	72.340954	66.764021	0.040765059	0.021479607
2733	4.0542013	-0.76078035	2.1693114	268.29209	1.5364603	1.2722025	0.070294613	-0.02724149
2734	1.7193038	-1.3021668	1.2150819	1690.2627	65.697866	46.164346	0.1079537	-0.3173809
2735	5.236917	0.84923673	2.1052533	314.42542	6.9643749	1.9045391	0.0018699173	0.023119937
2736	2.4289631	0.24036544	1.1295953	2988.5549	87.078391	47.062532	0.032636492	0.22702692
2737	4.8361945	-0.41360205	2.4716285	1808.4785	11.976793	11.354811	0.15211059	0.022451061
2738	4.5967324	-1.1987779	2.5225362	1222.4412	11.401202	10.601763	-0.11298093	0.017505428
2739	4.1110091	0.28205368	2.984701	417.35131	1.9093575	1.7708144	0.037411132	-0.11796409
2740	6.1957621	-0.36117238	2.699282	559.97493	1.6961908	1.3732479	0.03537947	0.0079207755
2741	2.2588806	-0.50213204	2.6801288	3172.0385	12.827892	11.455416	0.030977359	0.14309158
2742	0.93036814	0.18523719	2.4299071	2076.4292	45.832424	12.415953	-0.017103279	-0.12139861
2743	6.0026606	-0.81514397	0.30242944	14921.476	86.627427	61.806414	-0.030105046	0.2180307
2744	5.0292793	-0.029626562	0.58096898	1807.6693	47.493971	46.993061	0.075587782	0.0049824055
2745	2.2815235	-0.95605793	0.87503067	4519.6459	61.137835	26.077108	0.059070528	0.095232603
2746	0.97055042	1.1647784	2.4035373	1978.3599	13.622943	13.15958	-0.11839942	0.016724549
2747	4.8880535	0.0922545	0.89904803	707.49896	38.86775	2.6908098	0.078736081	0.061621026
2748	2.6830401	-0.86374506	0.3539699	10463.557	88.312691	87.930719	0.28559665	0.038255592
2749	1.1500999	-1.3245187	1.1034036	4632.5349	37.656671	37.634355	0.48541176	0.0040702891
2750	0.86072841	1.00581	2.6372024	10536.268	89.047911	78.213405	-0.2436474	0.01586678
2751	4.6069029	-0.25667519	2.3516191	376.9626	9.8457427	1.8109856	0.051358413	-0.06775131
2752	2.232183	-0.45533934	1.0019319	4487.0041	66.660035	58.06872	-0.17993827	0.059884263
2753	2.0539093	0.23559468	2.8495591	1215.2126	9.9324617	1.532054	0.028318924	0.085941317
2754	0.0095615114	1.1567586	0.75207308	2946.8808	16.656412	14.178833	-0.026218992	0.036415071
2755	3.1635247	-0.23812163	0.14957851	2776.3336	13.42383	11.393456	-0.005061893	-0.05340082
2756	3.7984844	0.42554266	0.54606928	2458.7523	14.690111	14.350076	0.018037737	0.12175495
2757	3.1101992	-0.14704423	2.4758335	949.27098	21.354768	4.269565	0.2487992	0.0631354
2758	1.5464169	0.72607431	2.1560249	2419.5366	16.248484	6.2572088	0.11469272	0.29613815
2759	4.9099366	0.85338541	2.8485237	4648.7943	140.49228	112.29853	-0.09597799	-0.052577465
2760	0.83987145	-0.76208181	2.2578759	3103.2466	16.086429	15.529765	-0.10169633	0.065125484
2761	4.590143	0.1909626	1.9945237	4543.0884	48.847681	39.946983	-0.0020889821	0.14397303
2762	2.3923685	0.16205445	0.3011133	5627.4893	61.736865	45.684426	0.12086425	0.24620601
2763	0.96452798	-0.25181844	2.6352412	1198.5256	11.066541	2.0027645	-0.0014106309	-0.056945631
2764	5.1280018	-0.71565143	2.4769231	785.86482	12.855689	7.7712697	0.0032310556	-0.05731358
2765	4.2575262	0.015663086	2.8870224	809.33101	10.488455	1.5315867	0.011611282	0.079668603
2766	4.4647221	-1.121411	2.0877407	2292.9343	42.718941	10.782415	-0.19521091	0.035303737
2767	2.9636866	0.98133315	0.19211705	8231.8865	117.56344	60.348519	0.12256829	-0.032791867
2768	5.1270666	-0.10561248	2.8626858	2611.7092	16.246134	14.633786	-0.016920174	-0.27172826
2769	1.5717229	-0.20057285	2.6102548	3029.2116	13.706857	12.566379	0.12369263	0.19825403
2770	2.1757635	-0.60594481	2.7612863	1181.8787	13.393358	10.110479	0.04074533	-0.096964578
2771	0.91587278	1.1900099	1.3031171	988.80843	34.554861	22.693999	0.19177072	-0.24331117
2772	1.0020489	0.83676586	1.1723375	844.59205	10.216555	1.7991376	-0.00079921521	-0.008720669
2773	1.3294292	-0.96848665	0.30492901	5179.0048	61.742405	59.607296	0.11542682	0.23493312
2774	3.5035352	0.90816311	1.0034933	4285.7336	73.369027	62.230283	0.30215557	0.029661769
2775	2.985133	-1.0916438	2.8721483	4300.8575	48.502942	36.605457	-0.0013319527	-0.13821358
2776	5.0215179	0.026251985	1.3067582	722.95154	10.576018	9.5567227	0.1643497	-0.0081885377
2777	2.0218078	-0.70993714	0.38917456	2317.142	13.443139	3.6453015	-0.23089046	0.051105107
2778	1.0532328	-0.64811359	0.57128376	1789.0795	11.628931	11.482925	-0.001967627	-0.023162215
2779	4.3554592	0.52232265	0.80816571	441.90958	5.2162972	3.1021925	0.44226456	-0.060059836
2780	1.2024096	-0.67982453	1.5733642	772.9052	24.571241	20.257195	0.1001888	0.094106667
2781	2.0872232	0.071357949	2.8794485	979.25108	27.364776	15.383914	0.216435	0.031358901
2782	4.5159149	0.70899024	2.4979574	3855.9436	45.839764	29.312752	-0.14451321	-0.21330442
2783	0.90670732	1.1317453	2.9571949	2077.4191	13.760217	11.332375	0.0044437069	0.016276478
2784	5.1102305	0.23192534	1.6750712	1577.6108	24.897331	24.670351	0.070658384	-0.060663766
2785	0.012519544	0.15179858	2.6229298	2070.8518	52.772554	49.139356	0.042082539	0.0011507196
2786	1.1213028	-0.87968434	2.7309938	314.17069	10.878204	1.5460597	0.092617945	0.0059134256
2787	0.67263983	0.15068678	2.8847355	4153.0973	52.261085	48.005838	0.19298986	0.07587451
2788	5.6936121	-0.88133607	1.6083904	254.39217	1.6626371	1.4856339	0.05274312	0.043180597
2789	1.3450398	0.51972594	1.9919417	2624.6705	14.497999	14.491282	0.077857205	-0.10925016
2790	5.1708592	-0.42752037	0.1261701	6703.155	65.782994	47.077476	0.15722119	0.017084431
2791	5.3128609	0.013861366	2.7139314	1221.7933	12.198758	12.137912	0.00093014617	0.05135231
2792	0.015405324	1.1112556	2.6490172	9933.46	90.175947	76.136841	0.24814334	0.22463356
2793	5.6848375	-0.34810565	2.735582	3559.6487	13.340556	12.514752	0.19001708	0.089618185
2794	0.48170647	-0.050137407	1.2029	921.67311	10.677025	9.8905841	-0.090379004	-0.010252835
2795	5.313676	0.34901372	1.9737926	2058.9266	36.030046	32.957767	0.0080894327	-0.0026813064
2796	1.4187483	-0.5566968	2.4914855	2594.3751	21.129605	13.035462	0.099568808	0.016020482
2797	1.0308862	0.025878546	2.2450868	884.79672	32.58201	12.232104	-0.16774666	-0.028933858
2798	4.1559248	0.93768251	0.88283191	2063.8905	13.705097	12.945347	-0.14512088	0.14761221
2799	5.031067	-0.15677395	2.6049255	2980.5096	43.167378	14.461124	0.26728908	0.22151394
2800	6.1495755	-1.1547325	2.0261023	560.93748	32.887621	29.884111	-0.0099734847	-0.0058632978
2801	4.3801573	-0.055419033	1.350546	2127.8192	51.145725	37.641269	0.013248325	-0.07464083
2802	0.98280649	0.16800416	2.5519626	17371.136	93.95552	87.858086	0.025075324	0.18421963
2803	4.428162	0.71518352	0.87402528	311.07819	2.5046104	1.5673228	-0.0066265103	0.00031805021
2804	5.8845097	1.1232085	1.9059116	591.97626	6.1418409	6.0778952	-0.15663152	-0.018436333
2805	0.23227603	-0.87577222	2.1364187	888.22457	37.221723	34.579961	0.43204869	0.08144111
2806	5.7987603	-1.2287683	0.52535447	5084.9631	64.699977	53.114591	0.01017023	0.12356689
2807	3.0014949	-0.82103361	2.1055054	1425.0215	38.302623	22.929201	0.0083467722	-0.0046015975
2808	2.8382906	-1.0208535	1.5899033	3472.2849	107.54427	104.847	-0.0045012882	0.021780956
2809	3.3903664	-0.52777188	2.4987637	1071.3947	10.553779	9.3400272	0.18956088	0.25922699
2810	0.82927417	-0.96210475	1.1591013	794.33866	12.268482	10.377822	-0.1186409	0.49851139
2811	3.1371946	-0.42739937	0.24661419	5667.1308	72.843447	57.815245	0.048994088	-0.13311793
2812	3.0830841	-0.85796328	1.1318372	2988.3234	48.083709	43.269953	-0.044684238	-0.1318616
2813	3.5676018	0.15253288	0.92916185	2683.0376	83.111298	71.187727	-0.065774875	-0.018108059
2814	0.23894397	-1.1151514	1.9387233	5248.6509	60.53519	49.5666	0.06678013	-7.2810946e-05
2815	3.9801213	-0.99151438	2.1973362	386.85984	14.607538	10.58168	0.089230081	0.20253923
2816	4.3510716	-1.1704411	0.6091469	2585.4405	12.96249	12.491771	-0.15375029	0.2923535
2817	2.131356	-0.47229601	2.5101193	584.16764	2.2825297	1.3337428	0.030146235	0.043470774
2818	5.6814124	-0.7105586	2.342342	2106.2849	30.687128	27.450978	0.20180244	0.2022472
2819	2.5027208	0.97767741	2.9889654	7084.5155	69.835838	58.331018	0.069775867	0.10262546
2820	1.1663444	-0.17268877	0.17786558	535.73682	1.4105627	1.3131396	0.049760464	0.30817499
2821	3.5199209	-0.41244725	0.44529498	1964.3845	37.65678	21.375884	0.0084892423	0.073602931
2822	2.9647353	-1.3624901	1.1610013	6842.2288	54.840998	51.865761	0.16774938	0.045605268
2823	1.8287011	0.27812478	2.4228169	1706.3861	56.527867	29.847122	0.0010527977	0.24865403
2824	2.5477767	-1.2570208	0.56466767	4055.5579	50.932325	27.262835	0.064083041	0.00906594
2825	2.9908626	-0.79842809	2.9523555	1789.1454	5.657425	3.474946	0.0067492102	-0.011611699
2826	5.4114461	-1.0524192	0.39164774	1486.5368	17.389849	10.960636	0.041720668	-0.022056135
2827	3.341795	-0.40929276	2.4374658	2861.3991	47.806071	24.174845	0.045171216	0.31574841
2828	2.6288298	-0.40441219	1.5265233	4906.1023	46.853095	38.407924	0.3154459	0.082347931
2829	2.3889097	-0.91619009	0.22447249	6617.323	74.705434	51.989379	-0.50939985	-0.0061940202
2830	2.5091297	1.0767973	2.6378412	5765.5978	69.788471	56.79892	-0.044804884	0.068312365
2831	2.0306759	0.079298197	0.22891851	5501.0955	92.555306	42.794581	0.12846965	-0.0016157214
2832	6.2630293	0.4112387	0.011991461	5284.5246	15.339876	14.195864	0.18093	0.35492105
2833	2.9264731	0.39236196	2.2063867	1558.163	33.495707	23.522881	0.098373365	-0.021510925
2834	5.5834377	-0.21186195	1.9346787	1035.4477	35.209133	28.635492	0.22718411	0.17800788
2835	1.1311283	0.3821448	0.30277926	4302.5296	52.001844	38.911989	0.059631725	0.045799506
2836	5.9641257	0.25676362	2.2361463	724.31526	10.417241	9.887638	0.0053872164	-0.11963349
2837	1.824293	0.43692179	0.72848524	1310.9425	11.256593	11.105672	0.052358987	-0.15358646
2838	0.30710396	-0.79716181	0.78270698	561.98594	10.479999	9.5826148	0.14739604	0.15486713
2839	4.1455073	-1.1057636	2.8671827	6299.4617	66.454273	59.948724	0.10651349	-0.30239711
2840	3.5967975	-0.48193982	2.7953885	2245.726	11.999303	11.123611	0.021435522	0.096906694
2841	4.4606068	-0.6493608	2.2830666	11283.045	95.734154	93.785429	0.14855881	0.42687069
2842	0.452876	0.11336956	2.4700299	12597.261	80.208376	75.179311	0.040316035	-0.05162998
2843	6.2543582	-0.99639768	2.0415586	1923.0937	92.083481	16.139551	0.0013399574	-0.074829154
2844	6.0393427	-0.5612013	0.41422339	2057.386	10.222653	2.1218376	0.019972615	-0.12268472
2845	6.0483553	0.46803034	2.8553769	675.37633	11.036956	2.732528	-0.039733367	0.0056024757
2846	1.3164101	-0.0644138	2.655085	1007.9707	11.474236	10.897048	0.21154335	0.15356041
2847	0.46300218	1.2695489	1.0359284	7729.3319	75.524442	70.633981	-0.056312801	0.1491578
2848	4.4281451	0.30578663	2.6121543	4478.6199	20.740635	16.314946	0.12989466	0.014516115
2849	5.8873758	0.76013408	1.1296629	202.91139	3.326095	2.277071	0.0043996611	-0.003137016
2850	4.1062846	-0.58690618	2.6024677	1195.3988	41.17008	31.840751	0.070056961	-0.0053827119
2851	0.64881806	0.78418061	2.5583712	902.0181	2.1381016	1.8345252	0.175874	0.048525598
2852	4.073118	-0.3143991	0.66402761	1949.5428	12.09308	11.626042	0.044113666	0.059970752
2853	3.0415866	0.97230674	0.86008948	4059.5021	52.254305	46.858554	0.11237404	0.12254982
2854	1.804709	0.15827562	0.61476738	2286.2803	15.948501	13.122119	-0.011202101	0.10333344
2855	0.68084321	-1.1738535	0.57013717	3599.9695	57.546775	51.560695	0.11252072	0.038217548
2856	4.7709488	-1.3098973	3.029658	1541.0395	41.00344	24.228041	0.057982248	0.073534476
2857	1.2071063	0.24375541	0.12085572	878.19659	7.7276179	3.9681627	0.11969251	-0.0038105495
2858	5.7329373	1.4623043	1.1852796	357.013	10.174211	1.4153825	0.38492252	0.099946063
2859	0.85876504	-1.1396767	0.74082879	9842.6704	88.232707	65.482192	-0.0072496925	0.037821728
2860	3.4253403	-0.77541581	2.3792424	1659.2252	12.139539	11.332969	0.016285556	0.0047689506
2861	2.9911566	-0.64745106	1.3494329	1172.2857	24.674586	20.998655	0.15424624	0.1532663
2862	4.7261579	-1.4565613	0.50342535	423.73922	2.4010385	1.6351739	0.0047530169	0.024926526
2863	0.11159166	1.0737754	0.85038233	360.52417	1.4727539	1.3976436	0.066262658	0.024371825
2864	2.6299413	-0.27373311	2.9105568	8178.4464	79.853982	63.702979	0.30265601	0.0099387003
2865	5.9183995	-1.1822475	0.98930204	7515.2209	74.845848	57.222013	0.20094972	0.00038507105
2866	3.9186339	0.19822659	0.63761863	3356.3946	49.16365	40.147064	0.16414846	0.037224947
2867	2.0781779	-0.99622967	0.23661629	6580.1515	186.29499	42.054593	0.0007601752	0.033421064
2868	4.7559345	0.093280147	0.098542035	1318.4886	10.319669	10.225088	0.086229978	0.020079627
2869	6.2313178	0.15031146	2.6068741	758.41167	12.701743	9.2741629	-0.2391988	0.010917733
2870	6.0719671	0.95990034	1.6193403	121.91736	2.0433701	1.6082343	0.0027147616	0.0012188914
2871	1.1880501	0.11542355	1.651668	2610.0343	49.819113	39.280401	0.47936554	-0.013998818
2872	5.9067891	0.81745227	0.21493333	1318.6505	12.313409	8.2814956	-0.035583838	0.1249924
2873	4.8433225	0.10960918	2.2471057	778.72059	37.258768	31.839787	0.10231832	0.025864257
2874	5.4619452	-0.50868863	0.14966062	11449.398	205.59868	193.94571	-0.50663586	0.012633418
2875	1.0823769	1.3963046	1.1890621	1354.8991	11.160213	10.722844	-0.030918298	0.072190865
2876	3.1523261	0.33925665	1.9890369	508.87401	11.218549	7.0554483	0.045312974	-0.029423915
2877	1.0131667	-0.036913635	0.37308363	3525.3009	90.930675	79.51993	0.070244545	0.07493633
2878	2.395969	-0.66646825	2.1722248	1241.213	11.337788	10.593004	-0.16194659	-0.074722447
2879	1.1411346	0.89108286	2.0482238	2689.62	52.722194	47.019383	0.048043691	0.28277086
2880	5.5098806	1.2953886	0.56342772	540.57764	2.0063218	1.706623	-0.034364067	0.090098548
2881	4.0513118	-0.37669608	2.4561366	9335.618	131.27305	90.104951	0.16916834	-0.0002944211
2882	4.073958	-0.43265966	0.86310892	2733.1658	42.117385	27.016435	-0.10899461	0.0090286728
2883	0.9255341	0.25443918	1.7080747	3422.2827	57.916369	50.041296	0.025150154	-0.0064727587
2884	0.97334893	0.40038576	0.93688976	6554.589	51.757803	47.344419	0.0080894327	-0.0026813064
2885	4.3200667	-1.0406972	2.3864108	7277.1078	72.457408	50.208471	0.044380837	0.16350852
2886	6.1429255	-0.72249342	0.65229245	10247.671	120.00272	69.412846	0.19040429	-0.01559468
2887	1.3083574	0.51432308	2.6913024	2546.2353	14.055944	13.915663	0.33951019	-0.2226249
2888	1.3411298	0.19092511	1.9445994	269.19231	2.7283919	1.8975816	0.059175225	-0.060557796
2889	4.8777859	0.72487877	0.63878696	1268.7206	11.116596	8.6126476	0.044604133	0.048131636
2890	0.8376275	0.36807558	2.3563944	8339.441	58.524384	54.392629	-0.19135955	-0.052582901
2891	3.1471043	0.58880174	1.6769339	258.3162	8.6882702	8.5697764	0.010170568	0.085535121
2892	4.6415484	0.45635652	2.6637138	1038.5892	10.146108	9.413413	0.18587978	0.092098025
2893	5.2219512	-1.3861145	0.77607323	1957.635	41.382086	41.204345	0.13584358	0.031595658
2894	5.7510619	0.52648647	2.366101	1041.0478	45.979974	45.671368	0.14576278	0.023479332
2895	0.052101539	-0.2820403	1.8013733	3916.1905	67.307202	60.61843	-0.00060025332	-0.0051921554
2896	2.7888975	0.35398359	1.1922383	1634.5069	15.381957	5.9083623	0.068216829	0.13027376
2897	0.055095996	1.3946812	2.2690761	2682.9575	43.731189	29.295568	-0.12115354	0.24625758
2898	0.54301628	1.1496103	0.76364026	3136.9423	55.402856	33.890083	0.061371182	0.037772942
2899	0.36235169	-0.20953004	0.25962688	1702.327	12.455076	1.8498812	0.15872473	0.020530887
2900	0.26883022	-1.0113865	0.26093487	3238.292	30.597098	6.9872408	-0.017306557	-0.0040830411
2901	4.5224318	-0.88992643	2.1867907	10780.115	109.87992	47.54152	0.058990497	0.11079081
2902	5.8099138	0.0194323	2.2729596	4694.9001	121.01649	119.80801	0.009996102	0.038831492
2903	2.8201633	0.37502968	1.5658061	1252.8335	34.556588	31.747797	0.011231476	-0.097752345
2904	4.352725	-0.20932182	2.475205	326.81002	3.6708561	3.1145496	0.065892	0.0006058553
2905	2.4007264	-1.0518314	0.26534588	4521.7175	57.738825	49.790828	-0.083849708	0.09935219
2906	2.4724741	0.89307425	2.8656156	8278.1266	67.057156	50.632784	-0.17575186	0.13390499
2907	1.2443698	0.10124449	1.1155995	691.35443	9.4246426	8.0398392	-0.19364085	0.018904193
2908	3.9566382	-0.16361863	0.35658304	4532.2169	59.774678	14.577023	-0.00070107848	0.22275691
2909	1.4064912	-0.70876056	1.1918454	815.09751	9.4327759	7.1691461	0.083910602	0.43059101
2910	5.6733491	0.54824203	0.92828996	428.41933	1.957163	1.4023214	0.060255851	0.15928468
2911	1.923831	-0.19676601	1.7686707	1454.2536	45.171369	35.981504	0.26976419	-0.015011584
2912	1.0954321	0.097811752	2.926219	4853.0765	32.058718	29.203978	0.021148408	0.29481657
2913	5.0966436	0.87423397	0.79856003	1371.8693	33.683744	5.9837374	0.058540271	0.042227537
2914	2.6269729	0.72952797	2.6414537	8654.0135	37.89352	30.901619	0.20487636	0.053840383
2915	2.1716302	-0.34022488	3.0920399	1148.6529	10.818283	7.8625357	0.027605506	-0.03699416
2916	1.892857	0.43580376	0.6653411	6296.5462	33.926457	33.649707	0.076784171	0.0014519742
2917	6.0026639	0.042779147	2.3069834	1420.832	25.453292	9.381016	0.45031838	0.0095661961
2918	3.9961841	-0.83002474	1.6856568	325.388	10.4399	1.4376544	-0.23077023	0.059748149
2919	0.87192953	-0.63639736	2.3975049	2133.3398	43.522195	11.758425	-0.044985731	0.0040989692
2920	1.316626	0.40326659	2.6246973	4256.8184	35.101084	19.211199	0.0021249589	-0.0022511316
2921	5.6581802	0.50721785	2.7512809	2106.9394	12.669186	12.619097	0.27257423	0.03273757
2922	4.7916729	0.50644015	2.3135196	2891.684	47.616931	39.278795	0.17766257	0.0035299369
2923	5.1468147	-1.139756	0.76739559	1896.4209	11.477425	10.109709	-0.012440965	0.075488339
2924	0.05406067	0.45675018	2.2736483	1810.6675	13.346121	12.399245	-0.15151287	0.2252858
2925	4.6512092	-0.93786515	1.3821671	473.91093	10.018732	4.5205467	-0.044993013	0.045488216
2926	4.3120199	-1.0595187	1.2973295	953.99843	10.973729	10.539823	-0.12560438	-0.13687593
2927	2.8445789	-0.66686682	2.379809	1792.2919	10.945976	10.189291	0.12844526	-0.0083721711
2928	0.55047684	-1.2529544	2.7121242	915.49435	21.699221	10.975053	0.11472005	-0.047980875
2929	5.4123946	-0.15368832	2.6129334	5646.3621	120.77431	50.382892	-0.031043512	0.013070515
2930	3.8066317	-0.76212337	0.90304152	1369.3572	51.320474	31.554325	0.10205187	0.0065323816
2931	2.9403158	-0.8117018	0.030009461	2323.667	13.401609	11.288828	0.40300578	0.18799405
2932	0.18008621	-0.52299253	2.9095998	5489.3816	17.411297	16.693145	0.023750476	-0.093043717
2933	0.57645429	0.092345655	1.8212636	1941.5079	46.453916	42.7528	0.18220894	-0.013639447
2934	2.2702526	0.87796346	0.7078456	5941.5102	66.827363	55.616502	0.014557361	8.9065883e-05
2935	1.6068046	-0.97938512	1.2290507	1848.5666	39.521743	31.120132	-0.15183836	-0.034992026
2936	1.3314483	1.0396964	2.2425403	5181.4219	66.680378	49.262836	-0.0093790931	0.1772574
2937	2.3600956	-0.10212196	2.3242887	624.82824	55.142372	26.177881	0.19920915	0.075098491
2938	4.2033787	-0.50674139	2.0783421	2224.6341	27.16589	16.358806	0.03249278	0.12813781
2939	2.4830992	0.40620984	0.20424371	5091.5597	48.184028	44.399542	-0.20243178	0.017856984
2940	1.0578327	1.0017319	0.49399562	20561.383	259.13579	257.2359	0.03410234	0.028840545
2941	0.74217184	0.32661909	2.1932527	626.66418	2.2958174	1.428514	0.028655445	0.24021662
2942	2.5521503	0.42805415	2.117789	5432.0921	52.444136	45.269263	0.2368574	0.075502753
2943	3.5940285	0.79539683	1.6814787	328.79553	9.4309524	2.413593	-0.27654166	0.041156482
2944	1.9372451	0.92269549	2.0966424	3521.9144	52.193449	48.018303	0.070740908	0.0081545757
2945	4.2476826	0.97708194	2.9325377	12312.362	84.732194	67.393799	0.36712075	0.014384316
2946	3.3067192	-0.74279307	2.7847321	731.84193	3.3684469	2.7165278	0.053398575	0.1591048
2947	0.20700016	-0.90128058	2.609448	4310.4314	65.145899	42.985766	0.042493017	0.089945681
2948	3.2141361	-0.19905869	2.6024729	6249.354	131.65696	59.272889	-0.12677504	-0.033287438
2949	3.1087164	-0.72294449	2.2690877	2154.31	92.880619	84.716867	0.055850847	0.004386172
2950	1.1790883	0.33965289	1.3443708	1571.3391	35.291147	28.207754	-0.18292489	-0.04946593
2951	5.7672568	0.93323532	1.2728785	4666.5123	55.193454	30.430688	0.21931202	0.0043049824
2952	5.2034527	-0.27299987	2.0065466	923.46814	11.131412	2.3220767	0.042302157	0.0095041452
2953	2.5686846	-0.76862224	1.2899004	2320.3574	48.92578	44.124831	0.044481774	-0.011272828
2954	3.7821517	-1.2789009	3.0165173	12071.939	90.481317	83.762108	0.051473012	-0.0060713233
2955	5.7848771	0.32373763	2.585375	781.55186	11.380915	10.760957	0.08562719	0.057091227
2956	2.2171316	0.54310115	2.3609898	1228.6719	10.930261	3.2379458	0.034078992	0.088410295
2957	0.81434192	-1.0152594	1.8785061	3262.0349	50.590499	41.225738	-0.060803484	-0.034778903
2958	3.3397758	0.027489962	0.2369617	3778.109	15.682932	14.403483	0.32296749	0.294632
2959	2.6183955	0.67018993	2.6732249	3127.5522	58.268136	12.513174	-0.077797061	0.29109197
2960	0.48821872	-0.40390459	2.7675961	4170.5373	55.452399	33.74345	0.26382837	-0.12832904
2961	2.9182711	0.34226777	2.0914151	1481.2066	20.772408	19.799032	0.21467648	0.0017366083
2962	2.2943121	0.27901397	0.81653876	2810.5126	52.072967	12.67221	0.036366281	0.16741637
2963	3.9733508	0.7470468	2.8375454	795.92905	27.936258	3.9897467	0.17779644	0.11252337
2964	1.181192	1.4536783	2.2404698	9864.1223	90.74464	71.804948	0.22730302	0.42245057
2965	2.1698687	0.80703778	1.4167116	1161.7481	40.206645	32.825929	0.24356452	-0.20971914
2966	4.1413497	-0.25296475	0.17961236	2724.8546	34.56948	14.11539	0.0070733618	0.065700936
2967	3.066247	0.81502026	2.6586064	1540.3505	14.216178	5.2333467	0.036546154	-0.030186707
2968	1.8122433	-0.62850176	0.33534719	2589.9759	33.378115	8.3555642	0.27264467	-0.19687358
2969	0.077548815	-0.45927487	0.076843292	544.81528	9.96681	1.606872	-0.053676791	-0.040328901
2970	4.6407298	-0.51204859	2.01816	1486.8534	12.306181	10.174018	0.37193293	0.011056268
2971	2.3561005	-0.29403818	2.5933597	872.54661	1.8463618	1.5127563	-0.10859381	0.20868435
2972	3.2840247	0.40591116	0.79555527	1756.2893	29.951417	21.807493	-0.038513339	0.19975591
2973	6.0894067	-0.57253996	2.0929443	172.01381	2.1405462	1.4251079	0.00073066622	0.055512199
2974	1.3837906	-0.81107298	0.55725633	789.76341	10.707932	9.1616012	-0.14940952	0.11664638
2975	0.72810589	-0.022280054	2.2688927	2107.8707	13.260411	12.246702	0.034477747	0.0035625073
2976	5.4135921	0.009060388	1.1334167	2039.1835	47.406264	31.991114	-0.011554239	0.0051449106
2977	2.2587889	0.24794612	2.5542281	1547.4216	42.34237	38.281158	0.029120113	0.036657783
2978	5.618555	0.61664613	0.54588764	470.81768	2.6254485	2.5879309	0.058276312	0.060178942
2979	4.2856066	0.72529632	2.3985237	2600.4371	14.464928	12.084702	-0.015586153	0.010053628
2980	2.3664981	-0.058269797	2.362924	1092.3389	11.694784	9.3038818	0.13776553	-0.05107419
2981	1.3275103	0.72778792	0.82336008	2304.8648	39.057362	11.074967	0.051392169	0.030239087
2982	1.9804101	1.0652082	1.8262741	487.02505	10.76882	2.1466226	-0.010960898	0.07217571
2983	5.2875358	0.091639686	2.6791434	472.98117	2.8823212	1.8548412	0.11960483	-0.0072959299
2984	1.6490531	-0.25124159	0.67181306	6619.6266	88.647392	66.030498	-0.052757342	0.3357217
2985	6.0836128	-0.28766308	0.39019758	4793.0294	18.174755	15.737079	-0.092517591	0.10567667
2986	5.9953196	1.1477781	1.8667036	304.77735	18.976002	1.7017489	-8.0786664e-05	0.07849135
2987	2.5285362	1.116056	0.77214608	1459.1749	43.277702	42.395384	0.042563323	0.063551211
2988	4.5209644	-0.56929394	2.2740012	1839.7834	32.231933	31.351884	-0.14151534	0.021256716
2989	1.318477	-1.1850747	1.8437292	1938.876	12.583923	12.063718	0.13934963	0.11043199
2990	1.7778122	-0.41310172	1.9286336	4449.7664	49.424638	42.571093	-0.12817367	1.8590471e-05
2991	5.6656529	1.4836901	0.59972009	4020.327	35.856476	31.168537	0.061074777	0.1160651
2992	4.7658221	0.90961017	0.86144146	265.42023	10.26034	8.9430314	-0.049848481	0.1116231
2993	5.3581076	-0.19961658	1.5737431	726.15403	13.040159	9.711959	0.10312938	0.031182045
2994	3.2630706	0.53286011	2.0315102	317.85952	11.775616	11.045233	0.17244753	-0.20606057
2995	0.96574326	-1.0825127	2.0777323	4230.0034	59.899391	47.102444	-0.26093987	-0.0059535767
2996	5.8936209	0.27254979	2.3343793	3936.899	14.557578	14.381943	-0.0019224264	0.13872305
2997	3.7052197	-0.32391723	1.7278951	3028.3915	51.201159	48.031501	0.067731205	-0.17015522
2998	1.5246348	-1.0522401	2.4498257	7285.9677	66.430292	62.55623	0.37259892	0.11449297
2999	0.40493361	-0.61907099	1.0459486	3111.3956	51.440579	43.388281	0.048680482	0.10111932
3000	0.78503863	-0.089348515	0.65022327	1803.3838	13.246199	11.329168	-0.055325002	-0.38940385
3001	1.4518982	0.71454263	2.3525424	1061.4864	43.885642	3.7128758	-0.0070131735	-0.0035901747
3002	4.5574553	0.27322547	0.68223138	1738.9631	18.428175	10.029916	0.24896562	-0.054751219
3003	0.3197097	-1.0326576	2.9084691	1675.1413	22.705642	18.613312	0.04830053	0.02647523
3004	5.4199398	-0.13581132	2.5384669	2533.3857	48.940573	24.868879	0.074895328	-0.0045205834
3005	0.70881622	-0.087805968	2.4699835	2968.4692	52.114564	42.569187	0.27780585	-0.14778932
3006	5.3460845	-0.55367314	0.60801101	5478.1777	19.202068	19.062916	0.065960922	0.25369743
3007	4.6637064	-0.55449608	2.2050508	1674.0379	32.565129	9.6806937	-0.12874144	0.34781354
3008	6.1005144	-0.84514363	0.48313919	1710.2727	20.863255	10.555572	0.0046656699	0.08048431
3009	5.9939757	-0.25219546	0.88303247	411.12934	5.3918293	4.0471008	0.025267062	0.10167355
3010	5.8315751	-0.85885323	2.4779801	1890.3988	12.706665	11.088875	-0.20965905	-0.01082875
3011	3.252497	-0.044675446	0.25375978	9111.521	85.273467	58.488651	0.09078499	0.026311133
3012	1.4724816	-0.6381384	0.12323198	11446.934	74.353146	57.419344	0.0868749	0.25556815
3013	6.1378655	-0.66689946	0.90147045	559.59494	2.2698668	1.7849203	-0.003504337	0.054749459
3014	0.71523952	0.20186047	0.36665032	1298.6648	10.948567	10.882011	-0.30565116	-0.024887235
3015	1.0490694	0.22170386	0.52698306	1000.205	10.637185	6.572397	-0.069764903	0.19546976
3016	2.5370047	-0.19843913	0.39629633	4242.9254	42.104315	14.990711	0.15012297	0.0030320854
3017	5.356471	-0.29731696	0.55463712	1386.6709	33.161385	10.77253	0.15024454	0.0055953569
3018	3.6014392	-0.95394995	0.48375547	2457.8433	17.246534	12.405818	0.2807366	0.0064363452
3019	4.6268917	-0.76318637	2.5155098	1939.1	22.58619	13.938073	0.19462829	-0.056901059
3020	4.5975627	0.23894144	2.2851015	2159.4986	19.259759	17.357959	0.05645995	0.048379828
3021	1.3637744	-0.39944072	0.29070263	527.14513	8.1737257	2.2790579	-0.24497429	-0.00072064754
3022	5.098917	-0.80014794	1.2870638	1591.4018	48.437207	20.315367	-0.063704361	0.027475731
3023	3.1259537	-0.72964632	2.4426045	264.62688	2.3448613	1.3086893	0.016357854	0.0065703365
3024	2.3879956	0.61326999	0.89160004	1020.244	7.1646171	3.6631406	0.037957839	0.027003086
3025	2.4435086	0.56302952	1.1362373	200.69541	1.7499947	1.5574655	-0.063622731	0.020884055
3026	5.2303837	0.3743016	2.0555102	3250.9668	75.756911	47.062426	-0.038257273	0.12421503
3027	2.5326737	0.23198038	2.4675862	2489.8561	48.610458	32.576851	0.010602962	0.15870989
3028	1.8506649	0.74300615	1.1162569	1925.835	11.80027	11.312392	0.029406057	0.053792441
3029	3.6890504	-0.11550531	2.4177786	1668.5163	12.033217	11.036935	0.057166166	-0.05007444
3030	0.73811563	-0.61478481	2.503732	2065.0287	45.3247	41.243077	-0.014528104	0.11440554
3031	2.8603041	-0.76506729	2.6571661	5876.1898	62.830504	43.36651	0.34727782	-0.026854667
3032	0.40735556	0.66337641	2.6093059	3672.6652	15.059366	12.620462	0.14701678	0.013338488
3033	3.6046826	-0.68717444	2.0941197	5270.5082	146.91217	117.43008	-0.09597799	-0.052577465
3034	4.0412368	-1.1126112	2.8002949	1331.4366	12.380756	8.6230744	0.37107141	0.39951982
3035	3.6245977	0.90728988	2.4835798	513.66458	1.8760178	1.4874036	0.02452225	-0.01054018
3036	4.5754328	-0.0031597928	1.8469245	809.76514	11.422251	10.413758	0.046345748	0.204273
3037	1.4817202	0.14478187	2.2534976	2555.4695	24.959814	21.876048	0.20759018	-0.061008932
3038	2.8106911	0.48749773	2.7809668	4696.0151	59.914672	50.259914	-0.024112207	0.10304364
3039	4.0489254	1.2914076	2.3818643	2056.0983	35.716795	26.492934	0.53399375	0.13596551
3040	1.8325832	1.1408107	1.5128762	269.91993	2.8959292	1.2300221	0.028913034	0.0034153852
3041	2.7454714	-0.37653637	2.8606326	3998.7948	29.278915	11.988588	-0.13343621	0.0460984
3042	3.9059569	0.12956265	0.71882485	3934.9493	42.326104	30.563949	-0.369045	0.019939389
3043	3.7041731	-0.27567622	2.8253319	2289.6569	33.560508	14.235183	0.16121189	-0.11414357
3044	5.6668552	-0.090546085	2.4039732	912.61	10.845074	8.0832464	0.22145595	-0.020906541
3045	6.0742641	-0.056737907	0.9590473	1794.2175	46.402392	21.13565	0.63984465	0.013927098
3046	1.2162508	1.2629038	2.0633111	4507.1706	50.185945	41.610259	0.028071164	0.12713136
3047	1.3123001	1.1222333	0.64388916	1280.1553	11.944691	9.7487177	-0.25022022	-0.18488896
3048	1.8597445	0.70429418	0.47316281	654.62058	6.2604082	2.6422563	0.019070772	0.020726015
3049	5.2354195	0.46493305	2.1106444	1382.9921	12.730745	10.483713	-0.17841015	0.35086834
3050	3.1494119	-0.82152585	2.7680128	1486.9863	28.779035	28.724142	0.022758368	-0.014721123
3051	4.5688836	-0.050000857	2.8140869	4006.1019	37.378666	25.828374	-0.028737025	0.058200515
3052	1.6463071	-0.5376573	2.6466386	5875.639	56.484194	54.063407	0.18728103	-0.14063393
3053	5.0740829	-0.2005232	1.0304753	884.98252	47.619888	30.786638	0.040062017	0.015349425
3054	0.11167902	0.64656025	0.93543435	1332.5068	17.608292	11.300381	0.038452555	0.21264906
3055	2.7973354	0.93408963	2.6366816	5364.5837	61.34848	54.205604	-0.096411827	0.027866764
3056	4.5904206	-0.12360993	0.62710589	6026.311	53.839902	51.513203	-0.12018798	0.010855163
3057	5.7780318	-0.41580468	2.8531308	3015.2437	15.644232	14.129353	-0.016932418	-0.10621115
3058	6.090656	-1.2120679	2.4220768	4192.0849	73.52727	51.7724	-0.016903677	0.28223609
3059	0.56047501	0.22982978	2.3413954	2345.8599	11.899378	11.807998	-0.070177737	0.21985727
3060	1.2255392	-0.46317626	0.66481241	1566.0039	13.140932	10.795157	-0.0078102733	0.67456252
3061	0.80982434	0.12011835	0.49566862	256.24106	2.7615705	1.6406418	-0.0021488362	0.11025433
3062	6.0993134	-0.67771531	0.41012753	2900.97	13.877317	12.430969	-0.0094913734	0.48356671
3063	1.2871998	-0.056990934	0.92131486	604.16511	11.434455	8.3551712	0.34092253	0.026447206
3064	3.3763303	0.64988217	0.60172983	3436.7863	68.731218	41.306204	0.034280586	0.24039095
3065	5.4805546	0.082934727	2.1201029	3661.3722	49.82951	46.751936	0.23836457	0.04527699
3066	0.12815297	0.13468747	1.7705459	495.35043	9.2176569	1.6667925	0.095458011	0.13022666
3067	2.9435171	-0.44717413	2.781547	1298.486	11.750028	11.035708	0.28987732	0.071937636
3068	3.0335191	0.069731604	2.0685588	5600.7616	66.385549	57.1104	0.0064662522	0.30900678
3069	3.868357	0.076329653	2.3676042	3839.395	37.260347	28.153585	-0.026346714	0.02255911
3070	4.1621538	0.59041995	0.56475627	413.19053	6.4483743	1.7042501	0.049318401	0.063821053
3071	5.0075051	-0.032932481	1.1960937	1528.1303	36.041713	29.930993	0.31066799	0.1737156
3072	1.4494491	0.44337338	0.70823857	12532.123	114.66942	50.214125	0.21128922	-0.022410172
3073	2.0857112	-0.75170117	2.2908743	3148.7895	60.297327	34.422327	0.0244876	-0.058028896
3074	6.111403	0.8771417	0.58393834	251.64614	1.5689392	1.2194617	-0.1276916	0.029086415
3075	6.1177999	0.82874703	1.9294245	4695.9869	60.185038	37.847726	0.0017479105	0.044641732
3076	3.7656282	-1.3979562	1.7182698	984.35589	99.844481	75.287395	0.013432305	0.0154219
3077	1.2095586	0.87510043	2.3347803	598.39971	1.788421	1.6612582	0.056477687	0.0060910625
3078	4.9764232	0.4219977	2.6757629	509.9032	9.2968404	1.8170578	0.010490199	0.091580853
3079	2.5981716	0.38683747	0.86118304	2632.8771	54.353337	50.272153	-0.030728606	0.14196321
3080	1.0679859	-0.95319689	2.6548691	659.6595	4.7259115	1.8835757	0.083922206	0.0057181481
3081	4.6340165	0.20400417	2.3230796	1278.3763	19.412617	19.207132	-0.0043988933	-0.052833739
3082	3.842259	0.71248829	0.68016147	8029.663	61.348013	47.862462	0.013151318	-0.0039434297
3083	3.9349974	-1.0120891	2.5092153	1183.8487	26.276173	25.439461	-0.051462415	0.21080176
3084	3.3433079	-0.40868786	2.9075634	1271.2593	10.690466	1.6509531	0.090494483	0.17220857
3085	5.4868468	-0.42776283	2.9022198	463.32619	1.8077447	1.4822241	0.0086176099	0.041611964
3086	4.3446487	1.1153868	0.26931601	1315.2924	11.009775	10.568172	-0.13668004	0.071081593
3087	5.4202211	-0.4916349	1.5798052	2754.2886	21.825119	21.784109	0.18430676	0.12654504
3088	6.1161199	0.25967526	0.4539339	291.31722	2.072882	1.3524032	-0.040136348	0.062917092
3089	3.1009511	-1.0767296	1.1395132	1499.2594	11.613209	8.9416505	0.046555525	0.052354039
3090	1.8188876	-1.1380957	0.15741565	1352.6001	32.193028	3.2747145	-0.035013013	0.22796081
3091	5.3162925	-0.93282522	1.1147668	2442.5654	33.077676	30.410133	0.090428932	0.029745388
3092	0.074986047	-0.95341898	2.8779174	3231.9677	36.702204	28.919108	0.029861011	-0.15243843
3093	1.9904335	0.11496528	2.7544494	2180.5494	16.283712	11.654821	-0.10453653	-0.092369537
3094	3.2719223	-0.41298837	0.45914908	1131.2708	41.958167	40.591212	0.095176359	0.13573274
3095	1.542413	-0.037454785	2.4426368	7025.641	56.367577	56.237553	-0.0035606138	0.035304967
3096	0.56763232	0.45414615	0.35989828	4934.8831	53.39834	51.271803	0.42980844	-0.016924914
3097	5.9293398	-0.039041227	2.7421869	5212.2994	35.79171	34.917382	0.032850509	-0.0035445494
3098	5.5690898	0.44311738	2.2394209	4624.671	60.389047	45.837057	-0.050990116	0.029493939
3099	4.6297851	-0.38279087	2.9053646	5167.7583	66.195368	58.848303	0.01100168	0.043006936
3100	4.8315971	0.37076052	0.48345173	152.92304	8.6253717	8.0237699	-0.028347095	-0.0066533709
3101	6.276506	1.1573003	0.12684605	3132.2815	15.986	14.314731	0.049936698	0.040787753
3102	2.602259	-0.027067084	0.25168223	1277.7959	13.069741	9.046711	0.15700066	-0.11300557
3103	1.2043307	0.5840365	2.8272663	10569.689	108.27235	73.744269	0.041508254	-0.27987597
3104	1.2176255	0.47774108	2.4158976	553.5554	7.7710475	5.1208219	0.14120777	0.015208162
3105	5.1234987	0.68673956	0.70712478	1348.6563	12.497521	9.3011734	0.1325403	-0.00088532379
3106	1.1976339	-1.0316234	1.8632224	3218.7523	38.535914	36.800781	0.099091396	0.068523813
3107	2.0970878	0.082195961	2.9567391	2131.0266	21.847335	11.31743	0.1059696	-0.031059571
3108	1.6093593	-0.44245072	1.3480696	524.51648	9.2030032	8.8062967	0.22651063	0.13588545
3109	4.9436724	1.179321	0.73130172	4708.5546	70.470708	45.369016	-0.14516802	0.056370336
3110	3.516326	1.4670827	0.90626339	1196.5821	10.710645	9.673669	0.047299515	0.11562541
3111	6.0210934	0.099715695	0.7757955	21780.387	169.96206	124.92149	-0.0085824437	0.22169488
3112	4.0780505	0.68020567	1.095273	2919.8581	52.829851	50.797648	0.21730055	-0.003259848
3113	1.9633394	-1.0301213	0.39838135	2385.9902	13.972028	13.437343	0.1135917	0.39385469
3114	1.4887648	-0.50882363	2.3838869	2034.7417	11.846273	5.3547948	0.11480643	-0.028830588
3115	3.3337899	-0.53663168	2.0939178	2535.1378	33.917038	13.848985	0.0070733618	0.065700936
3116	0.59913954	-1.183707	0.64906091	3461.6985	60.4066	55.462008	-0.034415183	-0.088080339
3117	2.6507004	0.30305059	1.1933895	533.13734	9.8885362	9.8006402	0.42541591	0.041611065
3118	4.8529973	0.53811399	2.4341016	1712.5142	13.591871	13.272303	-0.25751128	-0.28547347
3119	5.2129948	-0.031394651	2.0461053	1018.0366	11.845114	10.722117	-0.021353579	-0.010476107
3120	2.9237781	0.61532042	0.78191493	741.69192	19.711518	9.0794565	0.046473302	0.007862108
3121	0.6043997	1.1912165	1.0943982	1611.886	11.041027	8.8998406	-0.12176541	0.06688156
3122	4.8850186	0.46523961	2.7370677	1793.6935	12.866009	11.496364	0.033683771	0.017647009
3123	0.747174	-0.10300137	1.9495558	543.48695	11.582782	5.5734292	-0.38540396	0.39310828
3124	0.99187871	0.13505124	0.55452617	4639.5207	114.05431	22.592858	0.33935587	-0.070906164
3125	3.8085556	0.52344601	0.78067081	366.76949	1.7263685	1.3241608	0.014528196	0.027355513
3126	5.4045672	0.78104141	2.1344898	693.96526	43.287917	34.782014	0.17241625	0.0041276269
3127	4.5077445	-0.029995094	0.59027095	9302.5558	80.739278	52.916888	0.65497809	0.45806832
3128	3.2485366	-0.66278775	2.7146056	3081.598	22.875454	13.564125	0.07885381	0.12382633
3129	6.0290348	0.27840875	0.5027421	1976.2701	14.10428	11.968267	0.11748036	0.0094873549
3130	5.0931887	-0.1544933	2.8238121	4807.88	67.377734	29.17564	-0.10838702	0.020464427
3131	3.1212739	-0.3794522	0.61338786	6532.1551	64.652789	62.168679	0.029594091	0.021938122
3132	0.30096786	-0.40205972	2.3960423	1670.8104	29.782596	22.782885	0.097043337	0.035142313
3133	2.1081274	0.44434878	2.9398354	2749.8153	12.78806	6.0159881	0.18393484	0.13394555
3134	0.53015851	0.20821811	0.83971269	204.35264	3.1537852	1.7285062	0.25809488	0.19216084
3135	2.3694797	-0.36151065	2.1820083	1605.8053	12.033539	11.170319	0.21391443	0.36344796
3136	4.6911298	0.80984639	2.5632211	1023.3694	11.558088	2.7730147	-0.067301643	0.070454036
3137	0.25298953	0.50849815	3.0000411	2234.3623	20.70286	17.126564	0.094986884	-0.1136913
3138	0.39471019	0.26470087	2.3187105	13673.164	205.92596	203.24337	0.00025594208	0.050025641
3139	1.6565758	1.1988004	2.4672396	902.2662	12.222844	9.6345791	-0.091638592	-0.0037585564
3140	0.98105199	0.33533027	2.1798509	1730.7844	18.309095	11.763702	-0.0043930732	0.094284687
3141	0.36642254	0.67292716	1.9466002	772.59018	22.254931	17.378528	0.023373926	0.14783457
3142	3.9879781	0.57354506	1.0858884	2905.7917	14.265364	12.271537	-0.11766824	0.089630673
3143	1.3451691	-0.51985572	0.9403052	3466.5684	76.773517	52.826313	0.082237973	0.010402575
3144	2.4715656	-0.021269593	0.78624558	1795.6835	25.746541	6.37857	0.14493628	0.47192027
3145	6.1573159	-1.43926	2.7917182	4242.9495	18.167389	14.810493	0.14936912	0.13039069
3146	1.6537611	0.0014569419	2.3520252	1226.1018	9.9170545	9.1691465	0.0097848598	0.1044526
3147	3.5977838	0.81906032	1.0210185	4305.2286	51.121986	42.505002	0.00063980547	-0.21108863
3148	3.9304385	1.0559304	3.0315281	13338.563	197.31402	78.575895	0.13959984	0.27926373
3149	3.5329258	-0.85538163	1.9916691	315.56913	41.653601	38.888994	0.029334889	-0.0047722487
3150	0.72464995	-0.31190226	2.9414624	7389.6167	70.089432	52.859026	0.002711965	-0.030833441
3151	2.0669157	-0.047104363	2.302562	1786.2901	14.006815	12.266568	0.2326122	0.12321914
3152	6.0338849	-0.35258575	2.802187	761.18796	2.8836931	2.3379608	0.26231841	-0.00080242899
3153	2.2141636	0.21881825	2.8066384	1490.8661	11.644151	11.131198	0.18792165	-0.36279162
3154	5.2541707	0.96497178	0.57106362	2666.5214	13.217803	11.488126	0.018353649	0.012019594
3155	2.2692954	-0.70023374	0.84947873	1110.0837	12.723305	9.3936764	0.032041063	0.1076778
3156	3.4732477	1.2902223	1.8070199	273.61429	10.191336	9.7634543	0.17993471	0.37894541
3157	3.7306088	-0.11020004	0.32018514	10081.145	73.360736	64.100915	0.039547674	0.0091834566
3158	2.0248144	-0.074526657	0.29510512	1415.1398	10.422671	8.6045831	0.24346273	-0.12869306
3159	6.016183	-1.0902382	0.22902942	5681.7321	57.827083	51.368896	0.030975464	0.0087669044
3160	0.36181391	0.27686223	2.4037625	963.04776	11.037618	5.0276325	0.014407308	0.026639501
3161	4.7230291	0.82785624	1.5318395	169.62853	2.1748886	1.2793018	-0.14105694	-0.20047522
3162	1.9289037	-0.51527831	0.75445212	1275.1455	11.949745	11.237908	0.14287781	0.056537384
3163	3.8439298	-0.19528853	2.5050997	3292.3826	37.090542	36.414207	0.00077279519	0.037120037
3164	5.0151678	-0.22987059	1.5671011	396.3297	10.428395	9.9352114	0.078339207	-0.021024147
3165	0.900709	0.79999214	0.70640569	7684.3638	62.704024	52.086943	-0.046101066	0.059898636
3166	5.1971284	-0.61464756	0.43245808	3339.5981	50.458421	36.237505	0.024381061	0.0089169355
3167	0.21890808	-0.60157442	2.1951685	2243.7308	76.452865	51.077311	0.029312392	0.017588296
3168	3.5451884	-0.70867054	2.4935607	8872.2491	123.68137	74.326397	0.047854603	-0.0038187555
3169	3.8335491	0.47781848	0.91233435	375.04118	7.3350843	2.0553626	0.18972312	0.086186519
3170	4.2623452	-1.0261051	0.78681426	7319.6773	145.10057	66.500657	0.21834043	-0.019372601
3171	0.36909223	0.36784577	2.5035834	5090.6524	43.775019	28.278589	-0.0030848833	0.098666855
3172	2.2597025	-0.44226242	1.9317498	143.74792	1.7731537	1.7617563	-0.031947976	-0.29763275
3173	1.3614383	-0.6421388	2.5285789	7049.8021	69.186551	68.384579	0.202378	0.0058264866
3174	0.12652332	0.60348671	2.4409324	4568.4722	62.570858	52.522272	0.02845707	-0.092571317
3175	2.1568687	-0.86863476	1.976042	2835.3087	52.937533	45.095016	-0.0031690015	0.0015775276
3176	2.7742716	0.73657976	2.9470969	1466.5409	9.9293268	1.7827281	0.19449233	0.025135046
3177	5.8162245	0.53972228	2.4111968	2894.9038	47.666793	45.706595	-0.024043282	0.17961723
3178	0.037798908	0.21849261	2.6006104	8732.425	141.60166	129.49111	0.10567488	0.11177395
3179	0.11872806	0.67742329	1.0169301	957.42302	12.317621	9.6455317	0.060923079	0.49905936
3180	3.7851281	-0.98436024	0.41366292	1254.4672	13.587415	11.776995	-0.1711965	-0.25228111
3181	2.3485519	-0.61884512	2.7801618	1248.2836	12.542804	11.172255	-0.084151706	0.0019577214
3182	5.259609	0.84438703	0.52681903	744.73314	11.137297	10.824681	-0.010817184	-0.052599534
3183	5.2704573	-0.05854503	2.4384915	1252.5282	12.604646	9.9877761	0.018550618	0.19932567
3184	1.9528207	-0.19139042	0.56358141	1015.2883	9.4265403	2.4885695	0.12245375	0.23465707
3185	6.2609659	-1.169761	2.2013461	3570.3042	51.378036	15.228873	0.13092512	0.75581713
3186	3.7198671	-0.019783232	0.7554301	451.57396	2.3080981	1.5554002	-0.085309517	-0.14162957
3187	3.7165433	-0.29233736	0.83352483	1934.4705	14.974009	12.367281	0.047648719	0.11207801
3188	6.1520487	-1.101053	2.6806836	5451.1158	63.29293	51.878249	0.066274098	-0.016470553
3189	2.2159486	0.35007869	1.9318566	2613.9429	53.463715	40.952119	0.0081849601	0.07455587
3190	5.7393157	0.16448662	2.6793364	299.7192	10.368782	8.5722452	-0.24715941	-0.11805546
3191	3.7093522	-0.66604255	0.43316171	1947.7249	12.970766	3.0552325	-0.12245901	-0.065193191
3192	4.2320023	1.1869366	2.6018652	1607.4004	12.014938	11.387313	0.0020249459	0.0092012251
3193	2.0743979	0.79180399	0.86985775	360.72291	10.090141	9.8773589	-0.073690569	-0.17272041
3194	1.5315685	0.054747158	1.7220327	4581.309	48.354984	44.71575	0.074801611	0.014810966
3195	5.1446671	0.044515275	1.8686918	2886.0893	42.226419	41.20521	0.0048375832	0.16379072
3196	2.0609168	0.79309326	2.6022046	6944.93	74.384185	70.254146	-0.11009867	-0.00075976469
3197	1.1766675	-0.88652163	2.3922629	607.00972	12.299077	1.5823924	0.023272191	0.12581119
3198	4.7235986	-0.26372171	0.28416813	2558.7452	13.471027	12.668071	0.0087083729	0.25240758
3199	3.8885514	-0.011152501	2.4820278	4071.4794	81.111301	34.731481	0.20802354	-0.20688127
3200	5.1351704	0.036381865	0.50239838	540.38957	2.3190979	2.1641408	0.0039214534	0.051293685
3201	3.6342688	0.31874254	2.3118307	4656.9377	43.228208	32.823054	0.23287332	0.31457857
3202	6.2079073	0.9140226	0.7881412	7364.9088	66.015423	61.108702	0.34027175	0.033704192
3203	3.9738702	0.77512138	2.4364531	1073.6819	10.243231	10.03555	0.1138385	-0.26033494
3204	5.9782789	0.89120031	2.9868439	2495.2309	12.581243	12.522797	0.21211443	0.10867775
3205	2.3939327	0.16797156	2.4973627	2045.2638	14.087204	13.431484	0.21216783	0.18722384
3206	0.72482725	0.69197415	1.2481028	372.20218	1.7391166	1.4215002	0.24652802	0.021213563
3207	5.8170598	0.10377073	0.78475765	1733.9888	31.259497	29.093917	-0.094215774	0.0027474473
3208	4.7106494	0.038163444	0.61151649	1166.4155	10.161038	10.09518	0.0059005381	0.27679051
3209	2.1043396	0.39561321	2.50917	1924.0603	40.756121	11.370675	0.18996712	-0.070600965
3210	6.0636713	-0.70811941	0.15407743	220.98951	8.5241715	1.4494232	-0.14193554	0.14907717
3211	1.5885104	0.8762747	1.0992599	1524.74	32.629454	16.872302	0.090703903	0.077321458
3212	1.5527962	-0.82296554	1.181067	4406.3671	116.07982	113.16847	-0.0045012882	0.021780956
3213	3.2882901	1.4100707	2.7272984	2635.2079	56.831995	45.542256	-0.037745473	0.15439233
3214	0.52442697	-0.51894598	0.57069706	6244.7501	56.829355	35.191791	0.2881183	-0.27154819
3215	4.0501979	0.63152129	2.6133313	463.30373	58.529205	1.2578498	0.26863078	-0.026809709
3216	1.9709903	1.0174587	0.21069027	4204.8945	45.53439	41.935529	0.12506086	0.21684917
3217	1.8876327	-0.37724343	0.78977495	3983.2955	57.07591	42.90933	0.018304625	-0.24559077
3218	6.0027239	0.87690975	2.7062691	4229.4561	112.99811	101.91123	-0.058538729	0.007589183
3219	0.021711683	-0.3871652	0.54757613	2207.37	17.690422	13.98349	-0.038683595	0.012183534
3220	3.8235475	-0.46404661	1.264451	631.12068	10.099126	9.1744234	-0.0065630382	0.12810727
3221	4.5819882	0.53843197	0.19405926	193.40088	1.8169043	1.3850313	0.049378083	0.062261061
3222	2.1929693	-0.11261516	0.90135518	4437.1189	60.398725	39.357344	0.15016382	-0.035253984
3223	3.6250005	-1.2002232	2.2560527	1803.9023	11.899056	4.2981916	0.0050373511	0.0010840611
3224	3.4408129	0.15051952	2.7653747	1028.4894	6.641574	2.8443641	0.090914802	-0.03173689
3225	5.4092726	-0.8270873	2.0004622	745.23804	45.663919	40.448748	0.14121613	0.11038092
3226	4.8953678	0.29239959	2.5687888	1959.4355	12.963643	12.378975	0.030334872	-0.087037854
3227	2.117529	0.081959658	2.1010439	1462.8588	12.850759	11.832634	-0.015314543	-0.19214632
3228	1.900332	-0.2419733	0.68325674	11734.714	167.58	167.54959	0.14710352	0.45826828
3229	0.11486761	0.38312941	2.6576321	2904.4269	38.068114	33.61264	-0.014434355	0.18723579
3230	5.9846342	-1.3269434	2.3378311	587.32985	9.2411	3.045561	0.0068147333	0.14251897
3231	2.6985222	0.70801119	2.3972954	693.08179	9.6878326	9.6119925	0.054083108	-0.098520199
3232	0.82428568	-0.3599969	2.074105	1934.321	49.773833	11.986885	0.048048917	0.11790399
3233	5.3722756	-1.126462	0.54256721	3324.0368	41.625983	8.2801168	0.30419794	0.012244166
3234	4.2415526	0.066746748	0.65989366	2169.4087	11.929179	10.740569	-0.077998298	0.64360088
3235	6.238272	0.048354037	0.4285131	3316.3365	51.15104	48.756803	0.12786016	0.071891106
3236	1.8947601	-1.2874439	0.32621941	6616.2944	61.071486	51.088951	0.045873656	0.030072581
3237	5.169058	1.0270056	2.18207	1446.911	43.545649	22.71294	0.19689297	0.32575228
3238	3.3300395	-0.46661653	1.9674248	4806.7941	51.98908	47.650076	0.23488083	0.038043689
3239	5.9966209	0.61367729	0.99155653	1941.7776	53.784785	44.069724	0.051087484	0.01046392
3240	3.0499571	-0.057785723	2.8387118	7659.6919	73.801632	55.757936	-0.14227823	0.078978221
3241	3.9851529	-0.52335052	2.9296072	3154.7646	46.963546	33.754679	0.0045293785	0.27570242
3242	1.4996992	-0.17136979	0.72595609	5827.9818	72.441105	67.358858	0.15933904	-0.098968047
3243	2.6872864	1.1870176	0.21307384	3975.4079	14.743067	12.986578	0.22107254	0.24981456
3244	0.42181903	-0.94418465	1.9860785	3163.8132	62.930964	50.315458	0.12676253	-0.027423448
3245	5.3208748	0.22355278	2.7912695	2934.722	144.78507	98.354683	0.072906563	-0.0073424443
3246	3.0119716	0.13402682	2.1907955	3956.1705	52.689556	48.383336	0.32388998	-0.11650466
3247	2.6570411	-1.376447	0.85681408	7841.1154	102.0616	59.836506	0.015414557	0.062214764
3248	0.25219339	0.38111167	0.67783788	545.48005	1.9427886	1.4218527	0.0050929158	-0.097600224
3249	5.2779772	0.14518125	3.0747195	4725.2043	25.020596	15.598359	-0.069355396	-0.097096315
3250	4.5529171	-0.17003309	2.4512573	1958.5844	40.373518	34.631653	0.049959112	0.09443276
3251	4.3884329	0.93961538	1.1916993	1831.8389	37.683351	30.545527	0.015914675	0.33375499
3252	0.48892136	-0.28778849	1.4023138	580.99588	11.207395	9.7755022	0.052494923	-0.14772761
3253	4.2376775	0.17884774	2.2815011	2499.6037	56.48436	42.485159	0.024161043	-0.12881749
3254	2.6545204	0.74196296	2.7686412	2269.3206	12.83819	10.540581	0.15053291	-0.42242606
3255	1.7823219	1.147013	0.21212197	7988.4148	57.444555	54.169062	0.01295993	0.025208277
3256	1.0066939	0.76790559	1.5652688	171.30929	2.4561488	1.521307	0.078047775	-0.0065975654
3257	5.7409697	-1.3091697	2.9633144	8260.1301	99.566828	57.533469	0.057528017	0.21425225
3258	1.1191462	-1.0471877	2.7903138	3996.0213	56.552364	49.974333	-0.01978208	-0.20738911
3259	5.0695722	-0.8222666	0.51017537	2044.7454	39.599267	15.827523	0.087655687	-0.081512916
3260	4.8874518	-1.4133474	0.66239914	3303.5346	49.870439	23.570796	0.01456395	0.23609554
3261	0.21372131	-0.70796579	2.6618614	6531.9227	69.507833	65.725249	-0.48169163	0.066900024
3262	5.3258788	0.45208111	2.5405943	1121.5677	12.861769	11.099255	-0.070437252	0.082347942
3263	0.9786653	0.07811748	2.5879843	1638.0091	36.106677	22.62566	-0.026579894	0.00027192139
3264	0.84669973	-0.40337177	0.59575305	912.4189	10.254307	2.3399183	-0.11288819	-0.007135707
3265	0.74284699	0.87146571	2.7657794	1460.28	15.470939	1.6174659	0.0072153927	-0.00027280835
3266	2.754659	0.41067798	1.1140399	1050.4803	12.318073	11.727452	0.091963997	0.37227495
3267	2.7713372	-0.82735467	2.2580676	2223.8557	22.132917	14.108577	-0.0092325646	-0.031386543
3268	2.9596834	-0.58996181	0.53132202	1817.6434	12.654329	4.862524	0.08067446	0.1656594
3269	0.13991725	0.069273105	2.1819551	7933.0891	212.64155	100.72883	0.2309623	-0.014233604
3270	1.521299	-0.3419864	2.1941861	164.46443	1.7579365	1.1616952	-0.14701402	0.085921011
3271	2.3772674	1.1187098	2.3153154	1580.0802	12.534281	9.7757027	0.010223341	0.060995147
3272	4.8641572	0.74558053	2.347952	4742.8565	52.092985	52.02245	-0.0051341057	-0.03039175
3273	1.6689582	-0.53461044	0.78415569	3661.7837	90.084853	44.096671	0.18891718	-0.048476572
3274	4.7964095	-0.094296543	0.75036084	7828.563	75.475488	65.95837	0.055074615	0.15377415
3275	3.3801739	0.27641867	2.3107786	435.51934	9.4319436	7.540469	0.039891175	-0.049507326
3276	2.5804445	0.031340715	2.8299704	875.32804	11.919657	10.636042	0.043925101	-0.079179089
3277	2.8180131	0.45269897	0.54322675	3603.0659	14.822767	13.442902	-0.091622291	-0.0057179311
3278	1.5541427	0.13202921	2.5292362	1028.552	24.992731	11.410221	-0.0077924225	0.007171055
3279	2.3956942	1.2112369	0.30654475	94.557462	9.2935123	1.2244996	-0.094354854	-0.018384474
3280	5.9139896	-0.7803485	2.9746603	1416.7429	12.254404	10.075406	-0.07088369	-0.013812526
3281	4.3144413	0.39166148	1.5685599	663.75507	26.880082	9.4162887	-0.02687667	0.0022167265
3282	5.7951117	0.054496059	1.8554182	1057.8923	31.152582	12.154228	-0.053051898	-0.038766218
3283	2.5470395	-1.0247171	0.75927479	3452.1998	42.736741	12.862572	0.013941566	-0.027688731
3284	5.0434481	0.28609579	2.7872379	1034.0539	12.906728	10.034887	0.23630107	-0.1953165
3285	1.5647075	0.80571435	1.243563	5358.5954	59.931568	57.438628	0.027029557	-0.15024684
3286	2.3608522	0.050888034	1.335243	1196.2538	29.910206	21.53812	-0.046669442	0.50951608
3287	5.2391451	-1.3762359	0.52012663	350.0279	1.4904248	1.3710335	-0.063267112	-0.26435071
3288	2.3295917	-0.19612931	1.0361917	3479.6557	36.87253	34.582521	0.025333682	0.26908779
3289	3.4607829	-0.65042496	0.71415192	1855.8713	13.337458	11.682348	0.044337863	0.04927039
3290	5.6954961	0.95489208	2.6558663	2213.3203	12.183796	4.7515731	-0.025467245	0.1152623
3291	0.082541707	-0.75667565	2.8474283	1517.8653	10.998384	8.7123164	-0.31488744	0.075740886
3292	0.21685543	-1.0262973	1.5474671	1989.5776	33.169057	14.286851	-0.012512166	-0.00086920808
3293	2.8178281	-0.025681848	1.010641	1176.189	13.023585	6.3788229	0.075681317	0.12785513
3294	0.24466393	0.89214878	0.57987031	2443.9391	13.646105	12.509399	0.0043594171	0.10319717
3295	4.9667842	0.24974249	0.79279111	1405.7714	12.43475	11.380807	0.35367493	0.032162506
3296	1.5105828	0.4590145	2.2341198	650.37401	1.8844261	1.487234	-0.063179597	-0.083692553
3297	0.62535138	-0.46292071	1.4637495	3453.7425	22.348515	13.107062	0.32405961	0.19578673
3298	3.0225544	0.6917921	2.5017173	17501.912	136.63586	118.58676	0.054940531	-0.20664069
3299	5.5841938	0.65011755	2.7673599	8048.3236	77.628577	59.193213	0.066724727	0.056374029
3300	4.0330722	0.18783225	2.6552018	4243.0418	68.439266	62.734387	0.19117359	0.13175319
3301	5.3927493	1.3677051	1.9460251	4479.248	142.76662	100.8839	0.56374515	0.1590644
3302	5.4198652	0.37582941	0.40276116	4509.8825	16.84026	16.029091	-0.19320376	0.020131779
3303	0.56871296	-1.1960516	1.2611041	2783.7781	47.454731	41.471588	0.27874504	0.15727522
3304	1.8469529	-0.26358191	2.7591294	4213.3418	37.103542	25.752755	0.024168646	0.26311194
3305	5.5262749	0.29359639	0.56983896	528.35122	1.9945384	1.4291158	0.039240767	0.054876387
3306	6.1934407	0.6719386	2.3623725	1622.422	12.499536	11.74666	0.13801483	-0.015513483
3307	0.22541537	-0.91529008	1.2712821	1361.7419	12.580978	10.528502	-0.17459023	-0.17256875
3308	1.2992979	-0.046310213	2.6705064	7974.6348	74.100397	73.753964	0.01306045	-0.073721647
3309	0.91804508	0.16948969	1.70309	3823.0661	77.319112	52.945694	-0.038584634	0.11224544
3310	3.7755151	0.7552102	0.70135439	3317.7542	38.201634	16.147743	0.033288053	0.0077831035
3311	2.148906	0.83279485	0.56069846	4531.5722	73.795188	18.974936	-0.064162063	0.072345098
3312	2.6752352	-0.72785488	1.3889838	1227.4122	11.490183	10.883997	0.035387046	-0.016060813
3313	1.3473618	1.1156327	0.23578344	11042.008	105.55936	102.49227	-0.25394885	0.04606072
3314	3.868923	-0.51051495	2.7159078	1229.9295	3.6074519	3.3459239	0.1415247	0.0036732885
3315	5.9740185	0.54574253	2.5971362	4447.3275	47.196786	36.191519	-0.1506537	-0.22365579
3316	2.2088224	-1.0459584	0.89462475	2717.9016	40.196256	34.336118	0.24465833	0.062571994
3317	0.82894682	0.64999404	0.9151879	5992.8856	39.951396	38.372105	0.072360492	0.19084731
3318	3.3501735	0.67543083	2.4207227	3384.608	69.052341	46.460025	0.033621657	-0.036129656
3319	5.9907681	0.19857969	2.1512927	2895.5938	44.987857	40.308059	0.15489852	0.0020180767
3320	4.5995868	-0.59140862	2.0560074	5567.6246	62.335939	45.517286	0.06909906	0.005671593
3321	5.3440715	-0.89329148	0.45686234	634.60615	2.0438487	2.0205207	0.0039942999	0.08984882
3322	3.7014265	0.3997964	2.1989367	1149.5551	12.610649	2.7437112	0.12240584	-0.096070402
3323	4.0791287	-0.99083667	2.2221612	1652.5263	15.420615	11.750254	0.083582082	0.058070055
3324	0.4151896	1.4701627	2.6254877	5631.0213	44.962732	39.383894	0.0088630681	-0.0015982797
3325	2.6445525	-1.2531978	0.31843967	3658.1025	54.6714	46.146664	0.048557986	-0.016526426
3326	0.9654514	-0.28699296	0.23375257	588.64105	1.6073912	1.5446505	0.25666401	-0.011747991
3327	5.5875576	0.41015666	0.6895136	739.85138	2.2754344	1.8975573	-0.037422026	0.25798858
3328	3.9251882	-0.31246129	0.40622177	3360.0893	61.942193	54.867917	0.14121613	0.11038092
3329	6.1195166	0.78393006	2.8649268	5161.2357	65.278215	15.868231	-0.024289998	0.15644937
3330	0.31909545	1.0504814	2.8055617	3028.366	23.586481	22.734693	0.013360116	0.090083218
3331	4.2604994	-1.397823	1.7807312	264.09798	2.0263844	1.3942545	-0.098238799	-0.062102342
3332	0.38040081	-0.89353286	2.4545684	415.98823	1.9962453	1.5188074	0.008484695	0.11229352
3333	5.5817613	0.80383944	1.0828396	5330.0909	55.948608	52.645719	0.12503846	0.16396838
3334	5.7766684	0.90919614	2.2470447	10853.329	84.917496	77.949389	-0.11059198	-0.25300917
3335	2.7960937	0.39811958	2.8403246	4653.7541	69.100877	55.768449	0.12626536	-0.062129599
3336	5.4358047	0.14189844	0.75986492	4100.51	55.678233	52.343089	-0.025204492	0.089076718
3337	1.6290975	-0.76093166	0.60840075	838.90113	6.6465455	3.0830509	0.028948949	0.00077778515
3338	3.5525899	-0.38981753	2.5334156	395.6158	24.431578	9.1834252	0.1311327	-0.00011714042
3339	1.7224036	0.6745089	1.1150657	523.26925	10.39747	3.0524703	0.042093713	0.012861743
3340	0.57660948	-0.49745493	0.39244888	11571.369	126.18629	77.873606	0.055913521	0.12455958
3341	4.4676807	-0.023570137	0.55261915	3557.1025	44.182649	34.05659	-0.013312497	-0.031047843
3342	3.6345776	-0.083654722	2.7824809	2178.6966	11.823989	10.242372	0.0084524988	0.097303825
3343	6.1357426	0.40924224	0.45001847	9223.7228	52.471921	45.138824	0.48116455	0.038453819
3344	5.4206611	-0.82585603	3.0052009	2741.1638	15.027486	12.826665	0.12499893	-0.01427523
3345	4.9553141	1.0318512	0.94836002	3550.9874	85.53736	44.994678	0.0057786992	-0.64190934
3346	3.438686	0.19804798	2.7298468	5576.2238	22.800941	19.193332	-0.067729707	0.042305492
3347	1.5236894	0.72310947	2.2370985	1816.901	14.435694	11.552821	-0.15938739	0.0045026561
3348	2.1452351	-0.90251424	2.8946532	1031.0074	24.364801	1.8822861	-0.071545423	-0.08718023
3349	6.2140297	-0.2191686	0.94094193	1256.2321	11.544728	10.28316	0.0026292332	0.14362004
3350	3.1755346	1.0719204	2.4501357	655.74582	22.400477	17.007335	0.18547971	0.023971631
3351	1.3799334	0.7595849	0.60287938	1404.9175	45.764601	42.719567	0.00069758783	0.020076824
3352	4.5465067	0.50315662	1.1363331	580.12252	11.275528	9.7876622	-0.0795475	-0.02433501
3353	4.2091146	0.34015652	0.58839907	1126.1737	9.8291768	9.0061055	0.045570557	0.06521144
3354	4.5873378	0.67639454	2.2516566	1676.6769	13.218448	13.171028	0.0065544661	0.31714387
3355	4.0496494	0.37892896	0.10739788	1568.3536	32.668925	10.269668	0.0016180177	0.08239638
3356	1.7928949	0.77874698	2.5767614	6521.1653	56.622392	51.451937	0.71435817	0.27520895
3357	2.4492133	-0.74253561	2.8678688	505.51624	11.885124	8.9867387	0.048223299	0.026834497
3358	1.1437511	-0.62389925	0.53961503	2633.7837	15.546116	13.467841	-0.45197189	0.2525798
3359	2.876411	0.25014894	1.8411911	1211.1856	15.242686	11.023223	0.086637612	0.0062696835
3360	0.24563885	-1.3581839	2.4914663	883.51908	9.0899292	3.9468035	-0.082553108	0.030735683
3361	1.3619222	-1.4144636	0.6290206	785.88806	11.065259	10.71617	0.41778737	0.078019158
3362	1.6548837	0.12918975	2.5006096	2323.5086	14.562178	13.672817	0.047372287	0.081563104
3363	0.95304292	0.11070519	0.49958405	4303.6973	47.614399	46.119546	-0.6730184	-0.033511889
3364	5.513453	-0.064588796	1.0045019	2900.8004	52.374465	44.054984	0.22906521	0.45732611
3365	1.256184	1.0701434	0.075714361	7383.2566	74.605223	71.516494	0.00058345531	0.01430549
3366	2.061561	1.2144171	1.8213186	413.50649	31.722236	1.9203669	0.17994892	-0.012284885
3367	4.3079172	-0.84677778	0.13258101	2735.7188	14.976872	13.157835	0.00039386002	0.11166521
3368	3.3693255	-1.0873534	2.537713	2504.1315	55.131098	37.599216	0.076902362	0.11045304
3369	2.3118228	0.27958155	1.6100898	387.24356	6.5846423	1.7603542	0.014350463	-0.044182692
3370	1.6392626	0.63573647	0.78043433	3496.4441	122.62763	41.255454	0.042095389	-0.068856413
3371	3.4153086	0.031810886	0.39867145	2602.3861	33.828154	15.64885	-0.078960911	-0.060817405
3372	5.8791251	0.30970193	2.6632864	285.80393	1.9476314	1.651159	0.13233565	-0.042514772
3373	0.89777059	-0.58294252	1.2034929	286.39806	9.8268258	1.3870018	0.017844012	0.059173745
3374	3.4687127	-0.73678201	0.32730322	2735.923	54.336797	43.005292	-0.016433779	-0.07054839
3375	4.9193947	-1.3092143	0.63054305	7872.3581	84.240271	76.730916	0.24627552	0.29622916
3376	4.8913059	-0.82643953	2.8510813	9829.4226	46.904393	40.429161	-0.038037609	-0.089861484
3377	4.9265093	0.63457131	1.7147297	4993.3277	57.429134	45.418262	0.022917692	0.030251057
3378	0.03978724	0.90596186	0.84761692	611.89434	2.211321	1.3079278	0.095565383	0.0093305918
3379	3.4194032	0.00099822322	2.5450362	656.05075	3.8354435	2.301705	-0.010069626	0.01521721
3380	5.1852529	-0.82919999	0.22081054	2680.8764	40.579815	37.898663	0.061919155	0.039490803
3381	2.0875639	-1.2068765	2.5633063	440.74537	2.4480002	2.2146495	-0.19900122	0.23632609
3382	3.1636151	-0.19226523	2.0255515	4752.5489	57.723803	52.727328	0.35764872	0.13819478
3383	4.7775137	0.63136363	2.4211686	7876.5905	126.75679	75.676887	-0.066888948	0.0080913892
3384	4.8057892	-0.46477312	2.3222168	1862.0193	38.926448	34.74056	0.0031741301	0.15092824
3385	0.38569037	-0.1176914	0.51530987	1501.314	44.927419	31.858759	0.08797872	-0.22056228
3386	2.2760174	0.035487996	1.3353959	785.21617	12.510669	11.886656	0.10487145	0.034556834
3387	2.1379276	0.94138515	2.3390101	8005.4298	72.700056	62.572343	0.016829025	0.15375634
3388	1.8810142	1.308504	1.0153842	1386.0281	12.044489	11.635115	-0.19320804	-0.045875587
3389	5.1787917	-0.21250493	0.85132843	2288.1379	13.403804	11.973965	0.45114923	0.033146851
3390	4.5152578	-0.37778456	0.14519821	439.7892	1.5942433	1.4043404	0.034049576	-0.13640267
3391	0.89187706	-0.92334828	1.3120982	2319.7928	10.653379	10.276451	0.11328027	0.047153672
3392	2.4622729	0.097478584	2.9270664	468.14078	40.715801	12.976263	0.14415445	0.53042664
3393	0.87551026	0.35334592	0.38167439	3089.8786	44.715551	37.756509	0.11705976	0.079399012
3394	2.0520165	0.73883925	2.9851832	15153.35	189.39462	112.41182	0.19671957	0.034744774
3395	0.97775207	0.84846127	2.4562101	3774.209	121.80074	106.31483	0.064620622	0.043410745
3396	3.7547616	-0.38887193	2.2175406	1862.8179	12.063027	11.23211	0.018957157	-0.10903084
3397	2.7257461	-0.71746322	1.9609802	2618.3527	28.631901	28.555428	0.1085891	-0.031157513
3398	0.82666359	0.083035946	1.8575126	1383.5228	37.97315	28.928608	0.047055751	0.47681867
3399	4.5055391	-0.69797065	2.2937538	10146.222	88.214851	72.289092	0.040303655	-0.013756751
3400	3.054908	-0.42868374	1.1232212	2147.8257	12.303704	11.786064	0.005717086	-0.16541431
3401	5.2570836	-0.082881167	2.9331451	2535.201	12.728507	10.986121	0.11281918	0.094366018
3402	1.1029267	-0.58080906	0.60167026	3790.974	15.625516	13.764718	0.18269681	0.18633664
3403	4.5332398	0.86742792	2.4675874	1605.4701	20.807154	1.9770613	0.19449619	0.0046400073
3404	4.6389987	0.82099947	2.0526427	4075.8138	43.25578	28.357981	0.13669978	-0.031109533
3405	3.8392385	-0.58197603	0.21219118	2551.2299	54.01729	50.281474	0.0031121452	0.0037447519
3406	5.3992271	-1.4501808	0.80644908	8129.9856	73.125584	65.480144	-0.028128337	0.01846397
3407	4.8438678	0.54792803	2.2131115	3285.5953	39.417029	39.293101	0.038884978	-0.006178276
3408	0.87147095	-1.1089714	1.031056	1594.6504	11.09119	10.854716	0.31165377	0.025702151
3409	1.061299	-0.35023361	1.9901309	926.91068	11.174293	10.705229	0.068315699	-0.099746659
3410	1.1896633	1.2011304	2.3426921	5369.5532	71.273117	55.495556	0.02345132	0.07028694
3411	5.7088896	-1.3918099	2.3188159	999.91732	11.90273	11.546775	0.46563489	0.47921084
3412	1.8822023	0.70483715	0.16390953	4877.3086	59.099037	53.070225	0.15793142	0.27418787
3413	3.0393264	-0.96646684	2.8322347	2325.423	51.453233	42.014587	0.080749523	-0.0012716019
3414	2.154159	-0.97000019	2.5975201	4485.5213	157.6062	132.89501	0.072656943	0.25832343
3415	4.0436573	-0.61991193	0.60785397	4844.0772	121.29167	62.023077	0.057579534	-0.2209628
3416	4.3523475	-0.91705831	2.4143918	4928.3307	55.398937	52.694004	-0.0037469313	-0.49352022
3417	1.850396	-0.025676638	2.0103123	1153.6897	16.975723	11.928754	-0.00085548225	-0.010383696
3418	4.0498041	0.16835522	1.9252424	228.89011	10.732921	9.2990134	0.3107066	-0.00046583169
3419	2.7686931	0.055867704	2.4368645	4486.1025	56.649141	35.067399	0.66841445	-0.013836142
3420	6.2309341	1.1623229	0.81410956	1094.7907	12.088611	11.866727	-0.38154516	0.40312698
3421	0.9995197	-0.45230719	0.89253438	2192.2214	11.996063	10.712427	-0.063303169	0.012873471
3422	3.3659356	-0.51532543	2.9140695	1102.1942	11.8779	10.855969	0.074562481	0.0040972257
3423	4.6369339	-0.68720388	2.3804259	475.88748	10.775402	1.3839023	0.22252713	0.31589675
3424	0.70923892	1.3032592	2.1562495	4946.9192	57.866447	54.98745	-0.096689691	-0.041683982
3425	1.5343516	0.605346	2.5661	2059.5533	43.379844	33.986116	0.029024514	0.29118665
3426	2.6756234	0.30834081	0.61667889	1426.0522	21.550687	3.6565489	-0.058278318	-0.057237749
3427	3.5557488	0.32737677	2.1803484	3125.6359	14.71153	14.670726	-0.112133	0.075195579
3428	1.9617722	-1.0803502	0.90271191	3385.6464	57.264769	39.969036	-0.15757546	0.075315243
3429	2.9164511	0.86012758	2.7699642	3174.8285	43.213518	32.515023	0.3877361	-0.094850264
3430	4.5400592	0.9798869	2.3504623	1429.5999	23.243623	12.262344	-0.38730813	0.0012706257
3431	1.9571542	-0.015593504	0.5755373	5738.7032	50.788586	37.181723	0.0027098146	0.16976554
3432	4.7960199	-0.15787613	0.64864794	2696.6377	34.390745	15.312669	0.095238442	0.0030859035
3433	1.5774563	0.80839543	2.1213013	7407.2711	137.77608	112.23465	0.11345811	0.047541019
3434	5.9647016	0.79362054	2.809341	1253.55	10.15188	1.5288172	-0.074791611	0.045479521
3435	0.10981579	-0.53539419	2.8279495	110.86707	1.8162522	1.5894491	-0.099950324	0.060191233
3436	6.1194721	-0.25000134	2.125031	5378.9463	73.81874	61.650038	0.067547677	-0.23276325
3437	5.3313428	0.056405	1.7040322	496.93377	2.5605929	1.6273627	-0.0090999472	0.00077933777
3438	1.8571069	-0.39768169	0.86430584	2375.9986	55.977142	50.156579	-0.02163333	-0.27179242
3439	2.733299	-0.54625121	0.51361783	4028.2565	19.161919	16.214488	0.050323759	0.19241112
3440	2.6351303	-0.53891123	0.81197472	3122.9584	36.964516	13.015784	0.13497167	0.084343057
3441	4.1637117	-1.2747372	2.2602934	3349.3879	57.906698	40.077533	-0.31338999	-0.29998788
3442	4.6323353	0.53460542	2.5874251	1169.7062	8.9014651	8.8647847	0.00013534737	0.13086014
3443	5.4790583	0.43461341	0.55800617	1055.4768	12.120048	9.6968526	0.074596985	0.33002894
3444	0.79291088	0.022813077	2.106949	911.09483	25.274205	24.974795	-0.047733562	0.30592685
3445	1.0351946	-0.52505448	2.5940963	202.73992	2.0088391	1.5089329	-0.012025163	-0.21828529
3446	4.5483751	1.3921488	2.4814447	624.92087	1.7534879	1.5964832	0.17445175	0.078623343
3447	4.4538703	0.470297	2.2656383	1059.0332	12.043792	9.3126547	-0.54089781	0.0053594002
3448	5.7966581	-0.17617896	0.60827664	754.3575	3.5958815	1.7575023	0.062186211	0.0052449374
3449	5.1572509	0.8870629	1.5904389	1957.142	46.697199	31.36805	0.033534199	0.25066345
3450	5.0236894	-0.013764244	0.16083587	3054.2985	19.241303	13.432407	0.0069197911	0.12472444
3451	6.0880154	0.33161791	1.5328944	801.1652	11.949739	3.348862	0.13986505	0.22456914
3452	2.8938882	0.13901796	0.62217996	4789.3006	49.652903	16.830519	0.0075735266	0.064674824
3453	4.3140167	0.54304834	0.96083533	343.05495	1.4536188	1.3820302	-0.033332335	-0.025257311
3454	3.3130373	-0.29839685	2.607834	11982.995	125.93295	101.81055	-0.060066914	0.22316858
3455	1.5126511	-0.88071561	2.4492958	3345.8478	42.283032	39.05791	-0.21075149	0.2170556
3456	4.8101738	0.11996416	2.746487	2702.6117	13.573453	12.985989	0.18088628	0.39284088
3457	0.80705835	-0.039906721	0.76225936	2569.1224	47.737894	36.520185	0.036057097	0.063972006
3458	5.9442449	0.20122466	2.5276772	2420.9162	34.120988	12.383235	0.0099378889	-0.15660837
3459	2.5579024	0.08123767	2.4954695	2741.065	52.953012	35.800161	0.0081914632	-0.18461125
3460	5.482349	-0.82936866	0.19628492	602.33306	2.167656	1.63444	-0.046123197	0.077386427
3461	1.0334248	-0.19423854	0.18115168	371.84899	2.480693	2.4214936	0.048635184	-0.011867508
3462	0.89773872	-0.71584784	2.2481162	3872.274	57.561114	52.6881	-0.0098333551	0.024469064
3463	3.3205302	-1.0114831	0.88246485	387.62786	2.0881966	1.3484415	-0.27911181	0.01016944
3464	1.7216019	-1.0887058	1.1778074	158.37126	36.644228	2.551	0.055219311	0.2561742
3465	4.0444611	-0.86991341	0.2605292	11895.766	60.174939	57.165112	0.023271461	0.025657204
3466	3.2194063	1.1921495	0.86890021	1408.882	32.1113	17.573654	-0.039351547	0.00024315853
3467	3.1639111	0.045305643	0.92605912	1196.5017	11.535241	11.398335	-0.10269723	0.089008804
3468	4.9887005	0.96944128	2.1298398	775.7282	13.109355	7.1529807	-0.024106394	0.073065164
3469	1.9779037	0.74542796	0.11153681	392.61403	1.7338686	1.49619	0.0048924119	-0.1155649
3470	1.9452875	0.79773721	0.92811706	376.64238	1.6711547	1.5590487	0.0020305599	-0.0073635459
3471	2.6131376	-0.83922492	2.0649541	2147.9061	41.90462	41.559385	-0.10103194	0.37715343
3472	5.2219148	-0.91376308	2.6959199	14270.017	100.04307	99.591152	0.01042039	0.30213234
3473	4.7044314	-0.8443987	0.55200324	1904.0348	13.698417	9.7718443	0.29375408	0.19141662
3474	5.4162411	0.30065943	2.5410133	1393.5868	11.502718	1.7331372	-0.091178711	0.091019671
3475	1.3530736	-0.85148201	1.0172699	2492.4078	51.562707	51.249757	-0.0038568524	0.049410735
3476	3.5632386	-0.0094295349	1.0263795	1214.3804	10.374988	8.76585	0.14591444	0.0045553145
3477	3.4406013	-0.35317316	1.1214253	5710.4198	128.73987	111.78135	0.020587008	0.26692019
3478	3.4317933	-0.67536581	2.7880863	7364.8678	56.451797	50.373078	0.01270558	-0.1164075
3479	2.6653865	0.49196958	0.86342204	1966.3794	34.745205	10.934288	-0.037424289	0.048229639
3480	3.3929633	-1.2949641	2.5524914	1322.1774	25.619431	13.341343	-0.13605804	0.00010464396
3481	1.0413249	0.36568875	2.5002325	5299.273	96.8211	66.960907	0.14289081	0.021549693
3482	1.8461318	-0.55641744	0.55407691	714.79563	42.656025	29.173178	0.028126066	0.086865516
3483	2.1698432	-0.61588107	0.950223	1283.05	48.706582	40.600235	0.15077109	-0.00052577549
3484	1.9704224	-0.14178671	2.507136	2865.5651	15.319634	10.75113	-0.16026561	0.1678057
3485	3.7700649	-0.018138615	2.0508018	888.39405	10.622013	9.8497525	-0.31054834	0.18646306
3486	4.2563178	-0.06782342	2.6252735	1512.3905	16.416163	5.1439412	-0.056624695	-0.0015329201
3487	5.1345303	0.28801032	2.844414	270.95799	9.2204026	8.3064566	0.26064295	0.014520041
3488	4.1293789	-1.2966675	2.5466669	3377.6673	14.539809	12.688319	0.016857064	0.058104926
3489	4.2717458	-0.89527914	1.122841	4633.3249	49.670365	35.469435	-0.0023945337	-0.020537444
3490	3.0390823	-1.1027157	1.4002864	8285.5006	165.16411	151.59857	0.048307371	0.4453423
3491	2.7041404	0.5138952	2.4953803	3712.4381	36.44776	33.953461	0.19530405	0.029025213
3492	0.60284784	-0.079455128	3.104023	2094.3285	13.370907	11.410668	0.037574695	-0.055345472
3493	1.6454465	0.39224009	0.31376802	804.86199	10.182433	2.0047472	0.052215791	0.084962703
3494	5.8440701	-0.87026517	2.6209895	3262.8888	26.614031	22.6532	0.19384365	0.030591387
3495	4.5709679	0.59616547	1.8607057	456.90191	26.362378	9.2424731	-0.062215232	0.014620062
3496	0.35300548	0.6099245	0.38559879	4438.284	17.154994	17.015588	0.055502328	0.068086485
3497	3.2405073	-0.15980399	2.4386899	2440.263	64.085741	62.024905	-0.032505849	-0.12574895
3498	5.6414166	0.26854401	2.411031	4393.6867	42.386718	41.580798	-0.03013913	-0.028475613
3499	3.108803	-0.27194577	0.28694057	153.82902	9.1391153	1.59011	0.0005718551	0.042812798
3500	0.99920102	0.31149966	0.5654589	1675.9324	12.505133	2.5502961	0.083161141	-0.020733868
3501	1.2511921	0.31720018	1.7755905	4967.9407	33.543224	30.793978	0.051899395	-0.13006044
3502	1.6280151	0.13848754	0.59353847	980.67938	85.04883	20.259419	0.11112279	0.10971157
3503	5.168951	1.1407408	0.41565847	3050.8057	43.521529	19.490194	0.11632388	0.10035723
3504	2.9485259	0.69418583	2.5392243	6910.1234	71.864888	67.741577	-0.022977715	0.12467706
3505	2.6577648	0.3417275	2.632744	2742.5396	51.241506	28.061579	0.030347853	0.01858467
3506	5.8754208	-1.2331653	2.3651113	552.81377	9.1969704	5.5694392	0.018917805	0.098663354
3507	1.2389474	-0.87537546	2.3208763	4740.525	30.532722	15.051749	0.0015392265	0.37650493
3508	2.9096953	0.53375113	2.5977244	2371.7228	22.749718	11.996885	0.088262847	0.087935267
3509	1.4123159	0.33115853	0.80402217	2136.4866	49.678127	36.477983	-0.35143432	-0.0024260518
3510	4.7634483	0.46071206	2.1631201	2007.4987	12.275325	11.174189	0.39284267	0.060429057
3511	5.8079896	-0.25887373	1.1930954	1323.0402	13.701255	13.318195	0.035488167	0.21701205
3512	0.0080134468	-0.034185299	0.61000808	683.42846	33.86425	4.2372191	0.0020695627	0.0064244421
3513	3.2030315	-0.29701452	0.6591825	299.59027	1.7874796	1.5569776	-0.07709922	-0.25932578
3514	5.5518159	0.1551498	1.7422552	391.63478	35.220831	16.30912	-0.1134788	0.17966198
3515	3.3864537	-0.49771376	2.450581	646.42297	9.6565977	2.9047439	0.30222223	0.0197273
3516	4.8724591	-0.25353834	0.21047282	2031.1195	12.272403	2.8838114	0.061011463	-0.0067000756
3517	4.8956062	0.66224532	0.65013627	12757.673	100.11482	90.956752	0.01572297	-0.20513908
3518	4.2551795	0.078054292	0.29274374	1286.2217	21.202292	10.08835	0.044529419	-0.013151114
3519	2.4346815	0.71391532	0.77213138	1983.8457	13.532709	10.375748	-0.1232929	0.010094628
3520	5.4537721	0.7534396	0.61465207	573.61489	2.4298306	2.0555868	-0.01542252	0.17396207
3521	4.7608599	-1.2189938	2.1800408	6387.9316	57.21097	42.679895	0.12186286	0.047980921
3522	1.3857347	-0.75414639	0.58832341	8557.575	159.03338	67.047211	-0.060245837	0.086063298
3523	0.34594284	0.56102805	2.2994281	6029.0844	54.073632	45.04836	-0.1003207	-0.13206409
3524	4.8410759	1.2760221	1.9346402	942.88538	12.083127	11.347252	0.028821405	0.31887112
3525	5.5068192	0.60871531	1.2435541	1724.1206	13.126271	11.054034	0.074882856	-0.043773047
3526	1.507912	1.1242941	0.88047407	2866.7136	51.412068	37.948236	0.00023530061	-0.10992571
3527	2.2902939	-0.42976971	2.8147724	1763.1683	113.93419	74.638291	0.12776111	0.15348878
3528	2.5739841	-0.64015937	2.6512985	1642.2214	35.012614	2.9497945	0.092418918	0.072842148
3529	1.1999519	0.032645175	0.2552149	2145.0499	13.060563	11.466074	0.012144093	0.01790791
3530	1.8544593	0.81031875	0.4482801	5179.4359	42.540699	36.381207	-0.055024796	0.17494036
3531	1.1665583	-1.039319	2.2355774	1543.8535	26.56737	16.392976	-0.17615334	0.031707053
3532	6.0011795	0.90584316	1.3793904	925.48926	10.801872	10.168435	0.11886297	0.091471638
3533	5.7271117	-0.30468718	2.5743321	4726.8514	55.558811	39.187082	-0.48617219	0.08464764
3534	3.5340655	0.096060368	0.80196531	830.6926	3.4672473	2.6352019	-0.21361909	-0.025085594
3535	0.71832667	0.21362656	0.82623322	4394.2975	55.496582	52.334557	-0.11151208	-0.054318336
3536	0.56990809	-0.6314844	2.2243054	866.33342	11.247489	10.583064	0.051669727	-0.0095310308
3537	5.4533706	0.34540748	0.62030976	1723.7764	11.313336	10.451775	-0.28651577	0.051754073
3538	1.0578642	-0.017670077	2.5326474	1615.8267	11.57462	10.153455	0.014371284	-0.13540188
3539	0.16380109	-1.0313562	2.9643513	3003.805	39.87254	36.039253	-0.35631507	-0.41009775
3540	0.60176154	-1.5405524	1.3077581	470.73084	24.160196	19.956514	0.31909971	0.0054359762
3541	3.8200966	-0.72009745	2.7961721	1413.8767	17.024752	3.7139269	0.00037925418	0.033000968
3542	1.6743816	0.11380085	2.8211465	3602.7393	38.757482	14.686666	0.11628069	-0.36265304
3543	1.0339413	-0.21047652	1.3241056	450.49607	11.129506	6.8959768	0.025974253	-0.026158621
3544	0.90705789	0.45529327	1.7005345	1868.915	54.005691	44.868279	-0.06450041	-0.10192333
3545	5.9125921	0.8837983	2.5521915	602.67275	34.014151	2.4536547	0.081126522	0.026497243
3546	6.267354	1.3953396	2.4291661	1160.8776	12.019322	10.407703	-0.068101075	0.10652175
3547	0.40473243	-0.231739	2.9123083	10638.567	97.528086	89.771749	0.20244502	-0.036776073
3548	3.5163899	-0.16577013	0.61095591	1607.3932	38.336251	33.666063	-0.042352521	0.049492126
3549	1.4751551	-0.042974526	2.4818607	4819.6528	49.104304	45.798825	0.0031978946	0.32110219
3550	4.4508329	0.73574401	1.8917782	1803.6991	41.499499	37.604455	0.026646148	0.1828073
3551	4.8021565	0.022645542	2.5679551	602.49267	1.4259567	1.4077302	0.13214472	0.37592935
3552	6.0955736	0.0024292799	0.59812669	2055.8769	12.453907	10.356721	-0.18968851	0.077449445
3553	5.7252001	0.19109696	1.1693912	1744.8044	68.048847	49.286069	0.021057918	0.027520706
3554	4.1595499	-0.90599393	0.96158642	2200.2635	12.13508	11.724908	0.064588805	0.1496634
3555	5.3127154	0.87195716	2.6090996	4709.297	51.344173	42.033312	-0.040671154	-0.034436637
3556	0.80354595	1.162966	1.8447489	546.90537	30.700189	13.499159	0.25272789	-0.1486782
3557	0.29252669	0.59647128	0.5502262	1131.9187	42.635394	41.982496	0.00232864	0.0055148034
3558	4.2644342	1.194071	0.94135031	464.29608	35.503165	26.219654	-0.21371189	-0.1248948
3559	3.3269878	-0.6784189	1.8516889	1618.1076	40.121654	28.373372	0.17486487	0.24978276
3560	4.4986764	-1.0076797	0.6487214	321.9351	9.9126527	1.4305673	0.080308704	0.0013002139
3561	4.3312643	0.75053441	2.1621446	4662.9565	116.23191	83.456142	0.0019690627	0.017006438
3562	5.5196754	-1.0768105	1.953857	722.99868	10.986827	10.092009	-0.24407286	-0.022555144
3563	4.3311078	1.0836142	2.8195192	2919.1615	15.991741	13.077413	0.067683639	0.20667608
3564	1.9855817	-1.0105074	1.0122228	2115.0913	44.27509	43.926703	-0.0011655009	0.19433279
3565	1.5272665	1.0584148	0.6956806	1852.9457	44.599257	12.1869	-0.028115111	-0.025456129
3566	1.400642	-0.39896224	0.47499642	664.68278	16.479225	10.570544	0.039083755	0.37412592
3567	1.5381603	-0.56684803	2.237744	4036.7572	61.017562	48.68191	-0.094163235	0.04775126
3568	0.37989608	0.00099694841	1.7983056	1375.3344	37.894099	16.472012	-0.10947541	-0.014310956
3569	2.7033458	-0.077084328	0.5881515	1691.0382	11.889516	11.820732	-0.18277237	0.45328168
3570	4.0653044	-0.099585975	1.2010164	3879.1433	34.808098	22.991793	0.10548851	0.15811506
3571	3.0516512	0.71416832	0.20465482	1124.0264	10.103499	8.5061368	-0.002192613	0.112042
3572	5.9590956	-0.52285902	2.089465	2010.8364	11.487191	10.199276	0.2833624	0.17395279
3573	1.8979357	0.062834014	0.41471445	1454.648	45.748328	34.772275	0.18534568	0.12592774
3574	4.5605338	-0.80905369	2.8433522	755.01357	10.049195	9.9568039	0.49643695	0.14636126
3575	1.3348021	0.65353586	0.40390285	1783.0541	8.3750191	1.656117	0.022008574	0.0049885797
3576	4.6534347	0.078867231	0.30604175	3931.6987	79.586959	44.701375	0.067085027	-0.0001112049
3577	1.8644955	-0.32219083	1.0491639	1406.8339	38.036697	12.986823	0.043521815	0.094074221
3578	1.2528745	-0.30025087	2.1955301	3903.7492	45.532229	43.02306	0.50961196	0.2000519
3579	6.0214156	0.85624891	2.4180556	1623.3654	13.607655	11.932847	0.15668251	-0.14693343
3580	2.9043061	-1.1330248	1.8310419	2302.2539	46.59566	32.640809	0.14669969	0.09859148
3581	3.3685024	0.43278483	0.58780165	704.44372	22.674856	1.5694855	0.087749673	0.28714206
3582	1.103002	-1.3327725	0.29830489	10174.975	73.199498	72.733233	0.080374706	0.10260914
3583	3.7728084	-0.12703205	0.87808231	2082.177	29.142402	28.989612	-0.23837531	0.047675224
3584	0.79024693	-1.0972881	1.1228011	4991.0931	36.129558	35.459917	0.0060592049	0.010868792
3585	5.8369597	0.32669479	0.56820835	3083.5388	56.791485	44.04668	0.029936811	0.0044965925
3586	5.0409584	0.17660748	2.1175208	1576.594	51.593817	48.844498	-0.12659614	0.071103748
3587	3.4263313	1.1498032	1.4003294	1939.5936	40.539526	10.239704	-0.15500867	0.020560818
3588	5.6785273	0.4649924	1.9089356	887.01694	12.315952	10.197171	0.0061802428	0.034554333
3589	2.8409174	0.23579701	2.279222	1114.0676	11.186918	10.106228	0.089011186	0.11423251
3590	4.2578735	0.34696694	2.7939181	4278.5504	37.11866	37.006606	0.11591909	0.0044364002
3591	5.335375	0.049552557	2.7425847	3724.4633	19.276692	12.561605	0.019844591	0.44380612
3592	0.35871829	-0.41513754	0.91435974	3362.2709	37.358567	36.044893	0.066611868	0.024081424
3593	3.4073187	-0.55722638	1.6313434	1126.8339	12.446765	10.552335	0.02595167	-0.14370135
3594	4.311345	0.13860908	0.54504258	1822.3275	12.789673	8.8316072	-0.098841412	0.066750383
3595	5.5122031	0.48476405	0.12959843	3015.9719	16.796718	14.115611	0.24954	0.016576411
3596	2.393399	1.3455288	2.6874426	1312.1888	13.567547	1.9739373	0.14067534	0.051512906
3597	4.0934421	-0.81330717	0.81236017	1542.186	13.609952	12.230198	0.14625659	-0.01484575
3598	6.231781	0.33298827	0.5761275	4904.3244	79.958345	60.129221	0.006342514	0.086690722
3599	1.4986327	-0.31453102	0.72978305	8766.6796	164.27111	87.268764	0.14704316	0.10020336
3600	0.99395502	0.46975692	1.9143623	4785.5063	38.776791	36.47649	0.24072593	-0.035599799
3601	1.9159718	-0.82228744	1.1077869	582.18523	36.742573	33.206473	-0.054148769	0.11689947
3602	0.61805548	-0.023384479	0.87986968	1828.3508	13.500824	10.41547	-0.21736076	0.013776802
3603	3.375339	0.77272232	0.29578266	7344.3252	72.778273	58.337239	0.073022156	-0.05668508
3604	4.2301751	0.85798704	2.9723426	1607.5682	37.562516	21.568247	-0.12112147	-0.0023525582
3605	1.6296784	0.34444356	1.4638324	789.04213	44.158839	41.235833	-0.0060870475	0.028433991
3606	6.199683	-1.0253706	0.28014989	857.24445	45.071561	25.214798	-0.099332851	-0.018622421
3607	0.95879227	-0.91018214	2.6758802	2810.0578	54.078304	31.482126	-0.034212622	0.10271807
3608	0.63831926	-0.36846994	1.1737649	182.82226	1.9087474	1.3378243	0.2524673	-0.11439545
3609	1.4307079	0.96796501	2.7073554	107.77878	1.2357826	1.2063561	0.066188668	0.033844027
3610	3.2543599	1.2747772	0.816528	1614.8978	33.533369	9.7188331	0.12404947	0.13169419
3611	6.2809958	0.57241777	2.0989567	1847.3685	16.160014	11.549823	-0.014140057	0.030580854
3612	2.2849308	-0.17075192	0.52113883	1364.9981	11.848464	10.688994	0.033733296	-0.11350818
3613	4.6763779	-1.3855853	1.3676516	3109.4804	55.147844	37.874206	-0.0035099411	-0.0092745942
3614	0.19132503	0.97824719	0.57105561	3504.6956	124.85701	16.710529	-0.074240481	0.26332575
3615	4.6650381	0.73978347	0.91590268	1814.2095	30.18405	19.058645	-0.060277097	0.18153312
3616	4.6009263	-0.52998302	0.49408955	3647.0212	28.633427	15.880872	0.091878628	0.0030598304
3617	2.8889563	0.35836674	2.6145264	7231.8675	63.66034	61.738329	0.02516823	0.30606676
3618	4.8327377	1.2665309	2.2559379	3722.7004	49.721261	37.880935	-0.31549499	0.14401227
3619	2.0504311	0.26926387	0.54588447	506.45519	1.7249838	1.6173212	0.047302684	-0.0084578224
3620	0.02877855	1.2914788	2.7299433	2844.2791	14.786768	12.035329	-0.02092865	0.037777996
3621	2.8773435	0.28543307	0.28236039	4985.4253	38.932596	17.346794	-0.015244833	0.051695942
3622	2.9814667	-0.60238869	0.52485239	1500.1784	11.941141	2.7777183	-0.23407668	-0.050091503
3623	4.124788	-1.002988	2.7897369	1941.144	11.198152	5.178182	-0.041586044	0.18337386
3624	5.1202145	1.1124895	2.3500928	5825.4111	66.872536	64.225749	0.0029782064	0.074660311
3625	2.830361	-0.24229603	0.40679887	7200.1855	57.162917	56.349991	-0.049445512	-0.088474191
3626	3.133087	-1.169251	2.7747349	442.44803	2.6546796	1.3652002	0.085505974	-0.024184194
3627	3.3450829	-0.66647046	2.9108284	5547.0882	65.530717	64.51068	-0.049585529	0.083261047
3628	3.7118669	-0.58849993	0.21804055	13691.21	119.87603	91.735173	-0.07644046	0.013269343
3629	5.3446757	0.5116628	2.3109199	6088.2695	177.28934	97.283197	0.021433695	-0.028697632
3630	0.074596047	0.88199494	0.96529185	2116.934	14.207568	13.518639	0.079764193	0.06343083
3631	4.1381801	0.63912266	1.1840972	484.34078	2.5191312	1.4113172	0.033371583	-0.13404172
3632	1.1844375	0.075727926	2.8193605	1466.4134	39.440818	21.712476	0.34999877	-0.11079001
3633	0.48102803	-0.9614645	0.49220973	3829.6518	76.913247	55.552585	0.026258905	0.061117482
3634	2.8276071	0.52097287	0.16839409	1924.9365	40.735508	31.693369	-0.007672833	-0.13172997
3635	4.1695265	-0.32611452	2.947926	460.47626	2.4933775	1.6560768	0.02997666	0.020469706
3636	4.2977307	0.88675022	1.816353	331.00434	12.945172	10.702871	-0.0063475512	-0.021948394
3637	6.2817591	-1.0724999	0.72627841	5682.8348	65.274968	55.393495	0.074152595	0.020185746
3638	2.0668014	-0.43308664	0.57618574	6647.8649	66.389109	47.232985	0.0087346695	-0.073615883
3639	4.3216146	0.47703889	2.681899	3368.9399	52.305042	51.193835	-0.2888639	-0.46008202
3640	0.96972178	0.072083566	2.3352889	1330.7149	10.275244	8.6159077	0.028333864	0.037365719
3641	0.7680492	-0.65846277	2.5107482	4613.7284	17.833016	14.812832	0.15602968	0.083501421
3642	3.1548073	-0.090559441	0.16633162	2981.5993	41.167371	26.086111	-0.03420191	0.013889804
3643	4.4343922	0.49168604	1.2798248	2093.8361	60.238153	38.903813	-0.065488949	-0.0012627135
3644	5.5887789	0.77446821	0.50381144	3381.6487	58.545565	50.28797	0.016261498	0.00068119024
3645	3.287733	-1.183093	2.1144365	971.49783	10.744883	2.8887881	0.092178813	-0.064904544
3646	2.5535152	-0.37660752	1.1079775	1194.3455	62.009472	39.61422	0.1707181	0.001003693
3647	0.95474722	1.0452486	0.62797683	1568.5854	11.82036	11.30371	-0.071305151	-0.36021249
3648	0.64547536	-1.1850919	1.2797461	2050.7542	44.309336	38.385465	0.21732646	0.084271827
3649	4.4887964	0.35659869	2.0865815	2618.9558	126.8155	46.497579	0.23219804	0.088580647
3650	5.0097353	0.49636669	1.1679174	1875.1454	30.436963	30.013092	-0.025001713	-0.011866292
3651	4.6120746	-0.093078337	3.0292257	1412.7104	9.2064892	3.4266623	-0.093563285	0.01312647
3652	2.9006647	0.34962728	1.7947063	1044.6626	19.127739	18.048206	0.2977549	-0.12646269
3653	2.8622278	0.04176744	1.9049665	2185.9888	49.560966	38.710711	-0.14813378	0.04535579
3654	5.0326046	0.53335592	1.0692005	8828.14	69.911545	65.351054	0.034933255	-0.04182148
3655	0.37941502	0.97481487	0.74557132	1460.8425	19.054378	14.459327	-0.009876885	-0.012228925
3656	2.1054889	0.35054636	2.0427211	1504.0908	46.27776	31.925282	-0.042776933	0.14084413
3657	2.6667663	-0.1647957	0.86666836	819.30838	11.197718	10.169584	0.023465595	0.041333276
3658	2.924821	-0.14594115	0.73646161	3374.233	44.632319	39.600415	-0.053927953	0.016003784
3659	0.9230939	-0.55075118	2.1084017	2458.0627	47.299116	38.705972	-0.079556208	0.21490945
3660	3.0316637	-0.55954796	2.2712658	2096.7229	10.860137	9.9322987	0.14316338	0.32027493
3661	4.8155738	-0.87912469	0.83504133	274.945	2.9280039	1.8665803	-0.015158284	0.32929168
3662	6.0792257	-1.0914546	0.75872796	6236.4731	71.344975	59.086661	0.32902601	0.045064475
3663	1.8567013	0.61210276	2.8825673	6916.6644	23.542447	18.627983	-0.27676792	-0.012923738
3664	4.0935138	-0.93293128	2.562452	2100.2768	51.375768	50.471922	0.13125209	0.13776376
3665	4.9830636	-1.1322356	2.1048215	504.40737	12.063474	6.6933276	0.13606262	0.054884764
3666	3.6807197	-0.16316269	2.630236	9392.1474	86.812068	57.847882	-0.034807211	0.075063296
3667	3.3882199	-0.39512057	0.69455147	383.75671	1.4142799	1.3867245	-0.038361349	0.022234106
3668	2.0026478	-0.74214146	2.2043117	4393.1671	64.03827	33.039269	0.063470399	0.07743243
3669	1.9926201	-0.53958284	0.4051814	330.24647	1.3509077	1.3325306	0.015980104	0.028578219
3670	3.1952023	0.17657954	2.905499	6563.4358	57.115308	53.525217	0.0013514378	0.13688734
3671	4.8863735	0.66770047	2.7607227	1640.0842	45.352408	40.817299	0.20440954	0.064644671
3672	4.2785687	0.80974442	2.2381418	4833.0285	76.387657	44.269576	0.0017291184	0.40855287
3673	1.4584453	0.15918384	2.4257777	1013.8208	11.878036	10.665998	0.19031145	0.091975548
3674	3.5583321	1.1900565	0.96096859	823.61501	12.172932	11.299142	0.010961095	0.0034756125
3675	4.2412541	0.61015441	0.33289272	1739.5735	12.452993	3.8584665	-0.095229674	-0.0016204194
3676	3.082295	-0.10231975	0.60500697	9075.9126	81.099484	72.589655	0.19381878	0.10568119
3677	5.9787203	0.10775521	2.2387345	2279.6614	49.103211	43.706527	0.057929596	-0.59142523
3678	0.40740179	1.2109705	1.8157222	4475.6995	50.020004	28.649716	0.055527707	0.22477706
3679	0.48816816	-0.43315011	2.6987184	5193.6461	54.906757	50.628106	0.031445963	-0.011663856
3680	5.7997916	0.300762	0.80968187	1045.1387	34.252714	31.349059	0.22206903	0.037808876
3681	3.2242311	1.2125035	0.27115192	5118.5808	21.644399	15.494437	-0.0041711345	0.20249586
3682	4.0928085	-1.0566474	2.9087141	1055.3861	12.314913	3.3836881	-0.15882372	-0.030282057
3683	0.53591828	-0.90562684	2.2945179	574.82943	1.925786	1.7604619	-0.084641209	-0.061062171
3684	1.9393382	-0.17650478	2.4215582	3769.3495	63.715027	41.319853	0.178227	-0.041875956
3685	1.1274667	0.82597274	0.37147312	8171.7365	30.241457	21.155589	0.12724669	0.09014876
3686	5.4634061	-0.023297718	0.34779163	7964.4025	38.661368	37.855913	-0.0020101327	0.41865072
3687	3.2559006	0.19464713	1.9070086	2207.7037	53.453363	48.040632	0.06754314	-0.0130268
3688	6.0939626	0.46199633	0.31169803	6245.423	55.101727	48.350536	-0.051469206	0.016631605
3689	2.0915722	-0.2924226	2.8062858	3992.4248	107.42674	78.584193	0.047208432	-0.082362295
3690	5.3807447	0.40768312	3.0863056	905.91591	9.8151259	2.754139	0.014005932	0.00521688
3691	3.6950492	-0.8754986	2.0655203	3595.9232	33.695811	25.640064	0.3051117	0.069418556
3692	1.511984	-0.96663793	2.0974882	2472.1567	47.450818	42.594502	-0.1113228	-0.19443415
3693	0.68420531	0.85173639	1.1379719	1544.7519	11.898836	9.4952253	-0.19346746	0.055320158
3694	4.8859282	0.96387597	0.9566316	7152.9951	52.024626	40.752851	0.099979401	0.090957546
3695	3.088846	-0.39619969	1.5542009	1665.2594	39.368801	37.394701	0.54921265	0.041845327
3696	2.1326511	0.94640025	1.9343938	506.86997	10.441548	8.4300159	-0.10778591	0.39554253
3697	1.1016967	0.15761575	1.532322	776.94282	11.091968	10.905247	0.065263659	0.34144582
3698	1.3764735	0.71127112	0.43276754	2122.4514	14.699566	10.097798	-0.017007326	0.36651653
3699	5.5618851	-0.57450321	2.5712153	6417.0333	52.845691	45.095389	-0.045353426	0.047254128
3700	0.31581956	1.149538	0.782941	7210.2684	70.755825	55.397293	0.014854935	0.016985112
3701	5.9513392	-0.45785945	0.53192503	678.29172	3.1918928	1.5424495	0.0015813426	0.047735783
3702	5.05893	0.73670892	2.3921282	7736.108	72.770474	45.527163	0.064459366	-0.018725782
3703	4.6215035	0.85302981	0.13770723	509.85307	9.6170756	3.3583221	-0.14802261	0.036028727
3704	3.0238334	0.87235825	0.43311248	2020.6506	13.554947	11.793112	-0.029463013	-0.085944106
3705	5.0537467	-0.0034540515	1.0102007	5058.306	51.022442	47.497492	0.0071850804	0.32105056
3706	2.5935258	0.23993634	0.20194149	10205.972	83.247733	61.975067	-0.34368806	0.30955638
3707	1.6345527	-0.48033427	0.62469291	4439.82	56.550132	56.248396	0.037621203	0.6133309
3708	5.9496867	-0.94827925	1.1728092	2309.9291	38.173066	12.828902	-0.048902535	0.01182217
3709	2.0577037	-0.30196664	2.6175102	9709.993	83.690801	83.119725	0.16208556	-0.0033149676
3710	2.6217222	0.072934172	2.3231002	4064.658	33.281176	31.006809	0.32340175	0.1554681
3711	5.2108253	-0.56529191	2.0324542	2253.6733	49.569275	35.867766	0.063735173	0.0037076019
3712	2.0546578	0.060593425	2.4577047	1159.8088	10.471239	9.6298757	0.040782512	0.10042719
3713	3.0210491	0.11696089	1.829708	132.0224	1.820388	1.2465644	0.025441593	0.10495734
3714	4.6708882	-0.6023828	1.1691819	1008.7044	11.326941	9.3423802	0.040840785	-0.60140708
3715	6.0318627	1.2201185	0.65089004	2032.5258	11.230496	10.481311	0.18510188	0.36537531
3716	4.8820954	0.7598857	2.79911	1809.5238	42.552664	36.883238	-0.16173429	0.58039427
3717	2.1849744	0.77599627	2.3246459	2946.6402	148.66279	112.0009	0.17321775	0.39352024
3718	1.4565279	-0.46820763	3.0014266	5242.5187	70.912813	58.353838	0.066357012	-0.13742821
3719	0.69868145	-0.16833315	1.009735	3921.9816	31.383357	29.524374	0.11461088	0.022591639
3720	0.46563402	-0.74231419	2.4581028	349.70417	10.288014	8.8399456	0.027544353	-0.030718141
3721	2.9399522	-0.78314906	1.77797	3650.949	51.582359	50.101555	0.31882394	0.028809993
3722	3.9643702	-0.070220368	0.84488399	5533.1416	88.630162	67.607148	0.14552396	-0.047687021
3723	5.8002328	0.32242924	2.2059959	1161.2897	24.206693	20.153425	-0.0033557423	0.038627357
3724	3.8352983	-0.032227672	0.98331705	3422.0319	39.00004	34.264305	0.12844848	0.15969314
3725	5.3747793	0.27979822	0.40620603	4577.2088	62.183354	50.269029	-0.0015897334	-0.022021293
3726	0.23945051	-0.93728692	2.4785402	2242.9779	23.602052	13.611793	-0.076254472	0.050262587
3727	1.8110786	-1.052734	0.67895603	1625.8433	14.15092	11.680156	-0.023816579	-0.017057438
3728	4.3430594	0.059860929	0.87053967	2039.676	93.236106	88.054148	-0.29864676	-0.075728048
3729	2.1105586	0.14347842	0.99501402	1331.5115	41.207468	20.687135	-0.037210907	0.48224606
3730	1.5100477	-0.55042624	0.32994142	6730.1514	67.249703	49.196906	0.035913516	0.054515499
3731	5.3673069	1.3451417	2.1397599	2886.8446	44.35893	40.027755	0.11375934	0.057035107
3732	5.2542254	-1.4528478	0.3028958	4596.4243	60.812186	59.954563	0.053422232	0.041446335
3733	4.5670144	0.50655009	2.1109101	995.30851	43.643553	12.335657	0.31904503	0.014758981
3734	2.0086964	-0.24089056	0.072219117	2730.3921	34.985413	23.401492	0.00095134575	0.072226768
3735	1.1146955	-0.36756955	1.7489077	1573.4394	28.693001	15.015798	0.23782435	0.12577152
3736	5.3598059	-1.0880763	2.6979547	2673.8382	69.885971	12.984743	0.10724339	0.19699463
3737	0.49026803	0.14138456	2.3692463	717.21455	10.383707	10.156491	0.027493411	0.04381541
3738	4.9437108	1.0440083	0.58152756	228.09415	5.0955933	1.4882085	0.08318558	0.0027164563
3739	4.9786881	0.72376999	2.6031865	11265.444	88.859535	71.487068	-0.007566349	0.052143042
3740	1.3446667	-0.80361723	2.1419118	349.00986	2.7539062	1.9395616	-0.21019725	0.22385562
3741	6.1120368	-0.12760913	2.2426956	4058.4954	40.599846	39.61899	0.11421818	-0.049002999
3742	4.4500804	0.7895246	1.5236814	715.43235	10.376805	10.263539	0.029556482	-0.11268237
3743	4.6717076	-0.73163774	0.59846122	4543.4357	49.923331	49.804925	0.12997861	0.013846247
3744	4.8104635	0.19388821	0.36169899	531.18209	1.6328361	1.6273441	-0.046878879	0.086128809
3745	1.3920732	-1.0109686	0.56181168	4088.3495	74.876899	50.13562	-0.021622878	-0.10731041
3746	5.3603424	0.84937099	1.2058893	331.99921	1.3231549	1.3186411	0.0023485032	0.14545936
3747	0.035968624	0.14201091	2.4197378	2129.2599	20.477012	17.174403	0.041179474	0.06058187
3748	3.6050581	0.20801684	0.85832187	233.81685	7.1670256	2.4812218	0.1083602	0.048944855
3749	2.022897	-1.1678378	0.2328935	1534.3424	11.78745	11.500198	0.090715664	-0.043371427
3750	5.4420822	-0.18900517	2.6564894	2012.8479	13.75816	7.7913106	0.42322774	-0.10783605
3751	2.1571668	0.26660186	0.79646418	1634.4226	47.163432	37.310044	-0.066023111	0.11458578
3752	2.0554291	0.10967625	2.4092481	4152.6904	62.000326	56.722137	0.017157199	-0.077738685
3753	4.0348429	-1.3520301	2.9413023	3183.0767	36.476011	15.476786	-0.082504031	0.074558803
3754	2.9804949	1.0628574	2.6070752	6322.5746	79.68298	53.946027	0.081409836	-0.10777122
3755	4.053079	0.64357889	1.6251579	880.85764	9.9465604	5.3311021	0.19387108	0.010585724
3756	4.753324	-1.038312	2.4205579	374.32428	9.2144048	9.0381304	0.13640706	-0.11369935
3757	2.752565	-0.37608455	0.038858068	10084.339	83.570716	52.665144	0.35466057	0.057500864
3758	0.97801495	-0.25218363	2.5098418	7642.7193	100.90848	59.777155	0.0055159603	-0.00074573676
3759	0.53569259	0.80046523	1.8000885	1758.5229	37.48061	32.405528	0.026031738	-0.0035940266
3760	3.3868371	0.74771719	0.59651787	1433.5674	12.529906	11.095416	-0.18048648	-0.38079464
3761	5.2303734	-0.49524116	1.5136406	1422.3687	41.838026	39.728534	-0.054622732	-0.057852024
3762	4.9635336	0.51398966	0.99324305	120.84379	2.2874699	1.2837874	-0.041263559	0.014567224
3763	5.9885184	0.74223178	0.99392555	671.31967	10.701414	10.454762	-0.014950829	0.086499018
3764	2.6340305	-0.63055744	2.7515974	9823.4971	80.867946	78.445737	-0.098289122	0.090831056
3765	4.9225786	0.98199395	1.8660352	2371.7725	13.461948	13.119898	0.20722216	0.31348915
3766	2.0160662	0.44387849	1.445217	816.18178	11.380189	4.2986283	-0.076338113	-0.0045442612
3767	5.6534742	1.2959258	2.5191025	5530.5209	53.99665	27.668558	-0.0049942089	0.075797663
3768	5.4771606	0.034189559	2.13448	1666.9953	41.433712	32.430638	-0.19476532	-0.092756772
3769	6.2577802	-0.31261833	0.28765137	6957.0923	75.323342	71.563008	0.092143477	-0.044347315
3770	1.5417852	-1.016973	1.7088542	2003.6979	41.977801	27.535022	0.063285184	-0.077573583
3771	1.2714794	-0.23075124	0.48589612	569.16205	2.253172	1.2958843	-0.020856775	-0.0046403523
3772	1.8418589	0.70344952	1.791062	1064.641	10.988623	10.199912	0.085910284	0.13835508
3773	3.2678602	-0.12740417	2.4387205	2212.8097	13.521368	13.157601	0.022523257	0.034961082
3774	5.8727221	0.41425323	1.182494	143.13294	4.8784556	1.2986397	-0.045874571	-0.18689716
3775	3.2617651	-0.75696282	1.9272882	564.10316	11.035317	4.4579714	0.028407357	0.088941454
3776	0.70893249	0.64505539	1.6349722	817.91154	13.229779	11.698528	0.0053853083	-0.014267768
3777	3.7776562	-0.86170714	0.71536916	2288.402	11.191429	10.625356	0.044015478	0.3805368
3778	1.9900912	-0.64068998	0.77647082	664.37573	3.0246756	1.5155205	0.13118614	-0.21362292
3779	3.1742339	0.8266166	0.24849174	4228.098	116.19216	113.89718	0.071187686	0.047401997
3780	4.9546102	0.20250216	0.79384735	3463.7886	44.54826	42.63386	0.023048612	0.049777316
3781	5.8272666	-0.48260024	2.2952973	5020.1045	130.4593	112.53766	0.00042333933	-0.025406965
3782	5.799425	-0.68471613	2.1307265	1376.5923	15.3211	11.388742	0.0018084068	0.03068428
3783	1.0880268	0.72434752	1.7491159	785.9062	34.752362	8.9905844	-0.038644121	-0.0039670569
3784	4.0562324	-0.45680935	0.90423589	185.38415	1.7886188	1.6290548	0.0046645296	0.17979618
3785	4.5270677	-0.38705379	2.5114384	977.19633	40.77213	1.7954186	0.031914483	-0.23952012
3786	4.0325237	-0.49089534	0.39706936	10548.594	81.675589	77.681995	0.46038865	-0.017305287
3787	3.3812079	-0.14556635	2.8023767	2451.6109	73.134606	34.330555	0.19681685	-0.012186115
3788	0.053273024	0.32984339	2.3612477	1641.5672	23.367198	10.471421	-0.089972089	-0.062744681
3789	4.4672216	-0.16072273	1.9933862	1377.7901	9.8736353	9.1831524	0.13619911	-0.02190288
3790	0.69000211	0.10718599	2.6104191	13057.064	87.980636	77.87111	0.18367601	0.093437314
3791	0.40612101	-0.38018885	0.24333371	7512.0572	68.803226	53.169486	0.0038906363	0.056873914
3792	2.8860116	-0.95921813	0.57186498	402.86504	20.71216	10.315529	0.056557973	0.24242734
3793	1.8466285	-0.091313096	2.780274	1913.6332	12.121498	3.6257672	0.049986581	0.036554434
3794	1.519482	1.2749154	1.1543705	1558.9713	12.886292	11.1475	0.20113558	0.51989218
3795	0.8074853	0.26948537	2.4503465	2320.27	69.216852	43.569044	0.04875968	0.14996778
3796	2.324331	-0.015635425	1.180448	1473.4973	10.982448	10.829917	0.18773594	0.049364004
3797	2.9255911	-0.072771477	2.6875608	8063.1334	123.62832	104.11275	0.0051161941	0.31762689
3798	5.5274233	-0.7508797	0.37926471	6440.7318	84.911302	67.881641	-0.097771916	0.05282443
3799	5.2458212	0.97546698	3.0029379	186.26216	1.2888331	1.2418059	0.10857652	0.11309296
3800	5.9923025	-0.069606642	2.3597797	5612.102	57.41073	35.601892	-0.040111395	0.070294239
3801	4.1643343	0.92085273	0.88175119	1708.4243	13.151557	12.604795	-0.0012888566	-0.033273229
3802	5.6107389	-0.73728008	1.0570637	349.46859	2.8668546	1.9138414	0.031219566	0.02636211
3803	1.9373544	0.18911165	0.8375455	1293.4193	11.965289	11.382282	0.052312529	-0.12268209
3804	0.88920723	0.6804206	0.5200973	939.82834	10.144347	1.3469959	0.0011332009	0.025540208
3805	3.5902749	0.21201728	0.31514605	3944.6586	76.425544	54.141625	-0.28361502	-0.13454641
3806	4.0019032	0.13233918	1.0743879	1338.2377	11.427434	11.024953	-0.33124847	0.11514822
3807	4.404204	-0.058176912	2.5896571	1165.3404	15.691484	12.644757	-0.080219961	0.031061792
3808	1.2848528	0.68066222	0.48333564	2526.4283	44.080759	28.321605	0.066020514	-0.21159633
3809	0.6484367	-0.99745022	1.8740799	2172.6215	37.442662	23.99026	-0.022189084	-0.18549943
3810	4.816228	0.54622541	0.47211671	4990.5329	17.712869	16.835048	-0.010769908	0.020530183
3811	4.9825042	-1.0886194	2.7933913	774.9063	2.3434627	1.9259111	0.0086360862	0.022841617
3812	1.6098437	0.14625536	2.7088828	498.64125	13.708286	9.1743409	-0.12002254	-0.042561714
3813	1.6335483	-0.85855199	2.6162658	3962.2873	61.383995	49.141931	0.01205661	0.0096218353
3814	5.8800753	-0.43799511	0.51338033	339.28822	1.7090585	1.3095767	0.037399003	0.14717494
3815	0.033114764	-0.023118082	0.8443925	6053.6298	65.970907	48.505817	0.06303959	0.5340322
3816	1.8318576	-0.069701183	1.0885711	470.39347	11.727984	2.3299637	0.18456053	0.068193316
3817	2.5867942	0.060935005	0.41219546	1639.6395	52.194894	10.443835	-0.24947509	0.23430109
3818	5.3992964	-0.7349771	2.8724121	5634.4745	55.741541	32.07861	0.20726793	0.13288384
3819	4.0351964	-0.027137078	1.6899458	605.23321	9.7419827	9.5402052	0.15556134	-0.15472269
3820	1.872524	0.14178037	2.6366901	7499.6306	127.46603	74.476295	0.16286546	0.10963474
3821	2.2206772	-0.068850265	0.32884427	2390.0065	13.094383	12.387869	0.05081083	-0.18795074
3822	1.697572	0.39148847	2.7065834	1455.5718	11.058383	10.322794	-0.086795966	0.15068938
3823	1.5145784	0.29852046	2.0084944	1310.6911	11.373413	10.557318	-0.13746117	0.1202277
3824	4.1341596	0.38520436	1.9190881	2042.7354	51.172343	51.075281	-0.0042220381	0.0052983311
3825	0.66978089	-0.064132858	2.7586261	1578.4232	38.704309	36.192515	0.025075324	0.18421963
3826	5.3952632	-0.073748654	1.0462833	717.56578	43.161728	40.488164	0.0402101	-0.13159164
3827	0.29247081	-0.047132345	2.9129596	3002.0987	14.411537	9.6825321	-0.019611717	0.0018997082
3828	1.9122176	-0.22703462	2.141619	2560.3558	49.626745	19.10551	0.32278866	0.087410674
3829	5.2149085	-0.48232104	0.31624673	926.4664	12.262045	8.0199913	0.17798325	0.005209716
3830	6.0829471	-0.71918469	0.52666436	3053.8225	25.600815	15.174506	-0.090512283	0.16794814
3831	2.94251	0.19951762	2.6952145	2898.2468	46.98515	24.89001	-0.021938636	0.29627953
3832	4.9668952	1.1436371	1.0404999	2012.6279	14.653002	12.403956	-0.058029165	0.031217478
3833	1.0150294	0.1172008	2.44644	4102.5104	55.16913	42.608971	-0.070972305	-0.0032131114
3834	1.889993	-0.94893169	0.87151313	510.60158	11.51921	1.4767741	-0.10420049	-0.0032356053
3835	1.1712407	-0.11587156	2.1670707	401.30811	9.767928	2.1854144	0.022208921	0.08837228
3836	4.6256952	-0.5994774	1.2058209	2293.232	42.093515	40.16153	0.098921697	-0.12820937
3837	4.7776598	-0.13122499	2.5038616	4037.7941	53.040033	35.826769	-0.026942836	0.0037363888
3838	1.6581683	1.1618634	1.3922805	1847.6384	48.801283	14.341899	0.20612323	0.027220775
3839	5.8734359	-1.1494878	0.28143912	1994.3944	19.640942	13.411477	0.13757024	-0.0044828675
3840	3.5389917	-0.24353522	2.8287025	1768.1752	19.586392	13.023511	0.22736781	0.096788658
3841	5.3302086	0.92571096	0.98956724	4272.6625	110.70509	81.135881	0.1648949	-0.038914047
3842	0.78668544	-0.61958115	0.30513782	3740.5783	81.966377	55.332569	0.69680281	0.38090975
3843	1.0380135	0.98108054	1.0140844	340.38807	3.2623573	1.2589073	-0.0054440757	0.25051502
3844	4.0501452	-0.48387441	0.33548665	5258.767	16.901969	15.643782	-0.059526282	0.05581537
3845	6.1710596	0.056195133	1.3108529	3998.8252	55.605653	51.478766	0.17791959	0.020786575
3846	1.9523441	0.48009621	0.59991814	1084.2453	36.594666	10.896494	-0.043731603	0.33069863
3847	4.8337535	1.2610581	2.264257	8548.522	71.92388	67.825878	-0.11151208	-0.054318336
3848	3.7514131	-0.28745926	0.52748832	2418.1211	105.84079	44.333282	0.47266171	0.19381377
3849	1.3844564	1.1717914	2.4564252	3160.7216	14.94742	12.358713	0.30739569	0.023277811
3850	0.26568933	0.28067837	0.27612822	5980.4002	48.658863	45.741389	0.083998722	-0.053383233
3851	4.564986	-1.390331	2.4513526	9238.645	107.97517	77.987864	0.026258905	0.061117482
3852	5.1675806	-0.3974465	1.059069	2055.3849	41.689129	37.725281	-0.064652527	-0.0443708
3853	2.1321312	-0.92535955	0.38779256	3140.4034	24.63641	10.815613	0.078600902	0.11551304
3854	0.98394739	-0.97134452	0.84380759	1951.954	30.123081	11.979696	0.054066781	0.42271253
3855	5.7492726	-0.90110523	2.3043079	1868.6871	11.880816	10.667822	0.034602909	0.10032568
3856	0.057439442	0.47422823	1.1391588	1055.8054	10.042934	4.719184	0.15634834	0.0064809286
3857	5.0100831	-0.8805717	2.4415824	1005.8234	9.5293359	1.7824472	0.073671417	0.16575421
3858	5.5256967	-0.027744651	2.2200613	795.30056	66.091764	20.490473	-0.011276805	0.064032998
3859	1.8444118	0.38148264	2.9458264	1368.9292	11.619828	11.21217	0.0087532733	0.02078836
3860	4.3616535	-0.030173705	2.0529608	1351.4694	18.831342	9.7926983	0.011290315	-0.010767634
3861	5.7666465	0.41432775	1.7130321	792.77722	58.343986	12.732781	0.33782822	-0.0012611755
3862	1.9887374	-1.2029098	2.3364845	1075.8825	29.806561	1.7793923	0.11451042	-0.024925189
3863	0.82759042	0.10031148	0.98531209	557.76918	10.047549	2.0144097	-0.032119221	0.080374164
3864	3.9290222	0.14518304	0.66591366	1831.6753	11.34406	10.828685	0.18174057	0.27464732
3865	1.8031874	0.83806726	2.5317573	1227.9681	12.639112	2.7325076	0.024744754	0.1163879
3866	6.0005315	-0.26479146	0.93860694	271.73554	1.6026577	1.4211024	0.014616297	0.15959363
3867	0.36441773	0.186414	0.9249648	5015.6586	130.28876	106.85646	-0.089059268	-0.014827645
3868	1.6181569	0.45173565	2.3026392	221.97113	6.8317014	3.3483667	-0.13742603	0.089848904
3869	1.9450441	1.052708	2.5842968	1780.9158	11.426814	10.275617	0.040830349	0.31208927
3870	5.7629725	1.1090549	1.8385132	789.48248	28.248036	28.049673	0.0039571075	-0.18659922
3871	5.9767354	0.25864368	0.44941828	1489.5984	13.548854	10.076779	0.25587215	0.015790835
3872	3.5367531	0.21108338	2.5125258	1566.4515	17.562377	11.78289	0.1885388	0.095925272
3873	5.9333321	-0.4284993	0.84505466	5801.0903	57.519233	51.112028	0.0099925248	-0.046543858
3874	5.3144436	-0.15038095	0.9443316	1546.2465	11.189903	10.8641	0.0018437832	-0.01557681
3875	4.9635078	0.60425556	0.9327461	1001.565	11.548953	10.838065	0.25131803	0.48796732
3876	4.0435145	1.1919799	2.7433308	5296.58	52.793627	43.44376	-0.008075535	-0.042145029
3877	1.3394001	0.33501386	2.4252564	1132.8847	46.94672	40.735053	0.057352056	0.24312248
3878	2.4952699	-0.68223846	1.0074154	6254.012	64.022768	37.944627	0.31781825	0.0062322174
3879	5.4554174	-0.22907601	1.5616676	1714.5175	26.906354	24.955065	0.0033690021	0.014682623
3880	6.0215215	0.59982914	0.70039051	539.35213	1.6805879	1.6114916	0.16438225	0.029950315
3881	4.8439091	-0.068247854	0.96902414	2061.1947	32.319166	10.414143	0.083762474	-0.049651325
3882	4.8371207	-1.3290306	2.3764357	4100.3353	64.239117	46.866163	0.030174167	0.022763895
3883	2.5538338	0.11235045	2.7773783	959.26081	8.9546614	2.1014351	0.12082743	0.029807386
3884	3.543563	-1.0965988	2.672026	4397.6881	68.012642	25.721106	0.0075764012	0.48636016
3885	2.0380494	0.12369894	2.416183	5054.6022	163.96788	140.02403	0.034465761	0.12060122
3886	4.2628862	0.42034869	3.0441985	3443.8831	13.605666	12.227419	0.182133	0.083515274
3887	1.3816758	0.77302921	2.2707297	3019.0159	29.552612	12.224004	-0.2388466	-0.074931537
3888	6.0827045	0.26956432	2.1346883	2583.7521	30.285464	15.493382	0.065596707	0.10107904
3889	4.9012203	-0.027147992	1.1479644	3792.0392	41.169296	36.567369	0.35895189	0.16004837
3890	4.9692937	-0.71328871	2.305981	5445.7657	75.241913	37.52826	0.20422103	0.010058806
3891	0.65643276	0.68604887	2.3220672	3114.9125	17.376713	15.331717	0.11198925	-0.0013000379
3892	5.0595797	0.51521456	0.96541056	2806.7605	40.378074	35.514891	0.10542722	0.11408883
3893	2.4454956	0.68356215	2.4846457	1973.9704	45.134133	36.134089	0.16225834	0.19848204
3894	5.5464964	1.3008472	1.1982089	1671.6159	30.128713	12.465396	0.0061091414	0.0013271694
3895	3.7561885	0.7214938	2.6559071	14821.799	130.10963	121.37894	-0.091765807	0.018415891
3896	3.1500779	-0.41411048	0.46298632	1717.1846	14.063994	11.052115	0.030732704	0.082531877
3897	5.700264	-0.55914911	2.316621	952.59748	9.8534429	9.6077228	0.24136954	0.16211852
3898	5.1088876	0.54496683	2.2722023	4338.3189	60.683009	56.42038	0.59370001	0.16567397
3899	1.5322586	0.39449544	2.1300695	1470.0255	10.857731	9.7861027	0.046860114	0.0032772107
3900	2.6180209	-0.77113084	0.87746506	406.12941	8.0085055	4.2355773	0.0034885847	0.067960872
3901	6.0765178	0.36986571	0.76338702	3085.1293	37.264107	36.12599	-0.1179344	-0.12884888
3902	5.2281297	0.67832371	2.9603069	9273.1378	52.452053	51.579644	-0.017436802	-0.0012214165
3903	4.5993181	-1.3515194	0.6955976	3205.4946	14.069994	13.443875	-0.016338844	0.092022535
3904	1.9816342	-1.0282385	0.5631523	3977.6824	21.480497	18.486483	0.16469423	0.0027897776
3905	4.1319569	1.1500444	0.20291351	6305.6452	75.040986	72.671489	0.11841699	0.026369413
3906	5.5709767	-0.60087552	0.45287553	468.60338	2.1605717	1.4247691	0.08130229	0.11422407
3907	3.7742297	-0.037839642	0.79116377	1291.7255	12.279935	3.4469651	0.064137768	0.11780139
3908	1.6993383	-0.15060263	2.0926735	913.09401	11.434929	11.406286	-0.29145252	0.075154812
3909	0.32539005	0.75550999	2.5177853	1821.4865	13.073627	10.604558	-0.17538339	0.045319779
3910	3.6891199	0.77487776	1.8909931	1254.3615	23.486166	10.603972	0.068502106	-0.031340089
3911	5.4575252	-0.66769801	1.0270798	4700.6821	57.859089	56.632056	0.10621547	0.05299318
3912	1.1208881	0.82509441	0.55778725	6876.5612	68.669369	66.725301	0.16590918	-0.051205774
3913	0.7034117	-1.2579589	2.8431721	3884.2815	14.568107	13.527033	-0.13681235	0.13184238
3914	1.5528358	-1.0938969	1.1085175	1333.7889	38.844203	12.0106	-0.15780903	-0.15320599
3915	0.9042801	-0.37333004	1.3714688	470.53036	26.93278	9.3479564	0.24341124	0.061493059
3916	4.4989704	-0.89865625	0.30367891	4853.8583	64.726351	41.283686	0.02005793	0.061593314
3917	3.9648326	1.1499004	0.5217395	1262.1469	12.4763	12.244017	0.17454048	-0.16748168
3918	0.46222346	0.73775599	2.3721084	2316.6564	12.902462	6.5556273	-0.081203597	-0.058376254
3919	2.5270409	0.98399495	0.66947586	2576.7264	14.774193	12.33202	-0.0018130823	-0.059536372
3920	3.5504614	-0.35037044	0.9745118	957.72837	13.047695	2.5821791	0.11520127	0.0064315945
3921	5.9716504	-0.17726373	2.631878	2223.0306	15.275962	12.634332	-0.0059543214	0.012974461
3922	4.9135984	-0.17888803	0.28693883	3583.5594	14.105587	13.53518	-0.24867077	0.023633252
3923	3.6554775	0.9044071	2.3400391	2696.9309	29.963239	19.318807	-0.053432761	-0.37444665
3924	2.5087436	0.30947929	0.32473584	4737.63	53.177367	50.465957	-0.038234765	0.11965704
3925	0.53458482	0.92341314	2.0906378	2504.2922	41.39836	18.380625	-0.00068994088	0.057267848
3926	1.8439086	1.3103602	2.3044461	192.61185	34.863448	1.3907466	0.057043594	-0.019412121
3927	3.2420687	0.36214356	0.98963817	1021.1521	12.933376	3.4631123	-0.28318229	0.021704681
3928	1.9932198	0.45101405	0.56230246	3950.6078	26.597332	17.239623	0.092967966	-0.062437269
3929	5.4897447	-0.28676183	0.57367282	1940.899	11.21941	9.4501505	0.092630022	0.010408075
3930	1.6238469	0.80679236	0.86775427	1183.4465	45.863703	45.580037	0.17785744	0.14145485
3931	4.8711233	0.67738598	0.31460209	1345.0474	12.130672	1.6913243	-0.15839031	-0.0025253493
3932	5.1419132	-0.13706883	0.77429427	4188.4357	44.485418	37.99921	0.05560044	0.34409117
3933	5.2964848	-0.20346614	2.525983	1131.6399	11.268139	10.845484	-0.28276977	0.030360442
3934	0.50167923	-0.047361094	2.2877503	239.52054	1.5337373	1.3474424	0.16362082	0.18892649
3935	1.7189115	-0.94000555	2.0420658	2313.6633	47.348293	41.414902	0.027286882	0.03632645
3936	6.0153204	1.3617463	1.6336718	1824.7175	45.739113	26.937884	-0.038440555	0.17868038
3937	1.06626	1.0048551	0.82157551	2007.6193	13.250611	12.029436	-7.8949591e-05	0.055756807
3938	3.5346405	-0.03865754	2.6575798	167.99449	1.452506	1.3699205	0.029159446	0.1244874
3939	2.0539753	1.1247904	0.40139273	2530.8674	26.140837	23.060221	-0.16569702	0.00480562
3940	2.6380129	0.3318381	2.3763997	2186.753	14.513836	13.356931	-0.057950565	0.022274654
3941	4.6305896	-0.89197665	2.1928866	3492.9666	47.222413	34.286778	0.018085757	0.0066022477
3942	5.6772057	-0.37888315	2.5354229	6833.9344	62.741958	59.678491	-0.0037469313	-0.49352022
3943	0.33022072	-0.09570695	1.017055	116.85391	8.3340941	8.1946159	0.20560887	-0.13078603
3944	2.3840943	0.13315818	0.7722668	3245.9741	66.277421	54.11346	-0.015518981	-0.00032882488
3945	3.9701762	-0.68437331	1.3381923	1199.1384	37.989499	10.981493	-0.15821207	0.030018126
3946	4.064912	0.35562525	0.75901954	2471.7716	13.173745	6.4885591	0.074024549	0.092485294
3947	4.8463831	0.68310934	2.4611651	1454.1608	11.948289	3.8158674	0.0013113628	0.16435
3948	0.1978352	0.058372097	0.82267777	2022.0769	42.521245	38.294401	0.0023398056	-0.11730115
3949	0.5742425	0.61170435	1.9774999	1687.1805	44.833172	25.010914	0.14444185	0.05493868
3950	6.1405432	0.10626306	2.7112264	169.26011	1.9805391	1.5697938	-0.073762122	0.1127719
3951	5.0586194	0.10952209	2.923011	5065.0685	61.073633	36.829611	0.045692458	-0.023044501
3952	3.6185631	-0.95052133	1.0604518	621.81923	10.471979	1.8979215	0.16174675	-0.16691854
3953	2.4519254	1.1456639	2.1350186	5149.3188	42.478564	35.787382	0.24010773	0.042145195
3954	6.2615388	0.061375404	2.7602759	299.46919	3.3828239	2.3763353	0.0048257703	0.084835254
3955	4.3895054	0.23434631	2.0733252	744.2057	10.742023	9.2112363	0.3169518	-0.059077182
3956	3.4192877	1.0712697	0.96461029	580.89539	16.687268	10.449734	-0.16674741	0.0072663362
3957	5.7891997	-0.8360331	2.3091592	8237.7295	59.918712	56.707007	0.010670677	0.011601197
3958	5.4704132	-0.86544466	0.50188058	6549.0732	38.710109	37.765086	0.071866001	0.016107614
3959	2.8914054	-0.0056235578	2.1482937	7049.536	64.167796	59.613572	0.43204869	0.08144111
3960	3.1449832	-0.55243769	2.117502	803.52573	11.634451	10.060914	-0.26009531	0.00011173355
3961	1.001203	-0.34391301	2.3557632	3611.9707	42.389965	23.568247	-0.48294404	-0.5243934
3962	5.7807543	-0.72793878	2.1556507	1104.21	34.569726	34.007478	0.12206516	0.13842648
3963	0.57254015	1.1979284	1.9649098	3625.1848	64.897412	46.503732	0.11983795	0.36646784
3964	4.6833475	-0.39041642	2.5286352	531.98315	19.356515	9.4872206	0.020920393	0.10835227
3965	2.4804834	-0.098091907	1.293665	813.58319	13.124066	11.104534	0.012930319	0.0065535631
3966	3.7940692	-0.58610303	0.42553374	5395.2662	36.914711	36.057542	-0.10711291	-0.066470298
3967	1.6856538	-0.75665823	1.5436333	853.23731	14.83124	2.0481513	-0.15809674	0.12136317
3968	5.0203165	-0.35447687	2.9691185	2882.1958	12.981507	12.478935	-0.022256646	0.043488647
3969	4.9419933	-1.0508252	0.76889838	2186.4659	39.980933	23.201028	0.69936604	0.043781513
3970	2.2085081	0.5928458	0.5279767	1924.921	42.113354	32.761416	0.29798597	0.12174782
3971	4.5708733	0.98661396	0.56975152	521.42731	9.2305818	7.2257996	0.073772726	0.0057764253
3972	0.27473416	-0.61259646	0.82889785	5444.9032	55.032354	54.06445	0.00091783758	-0.1046197
3973	5.3408331	0.36613492	0.70483759	598.32274	9.0382917	1.2561821	-0.056477288	-0.0046393734
3974	0.74601616	-0.65096683	0.76204164	3147.6238	14.233743	14.186304	0.029716554	0.14707285
3975	2.4077505	0.63600216	1.0893979	346.21757	34.970477	34.03348	-0.019279624	0.066203157
3976	1.6796026	0.83733185	2.6270426	922.91316	10.409328	1.8926719	-0.13577356	-0.023608888
3977	1.9068065	-1.0013667	2.3625893	2475.5418	12.701537	10.818437	-0.19515214	0.04189724
3978	2.1884617	0.098079738	2.4062696	2081.9891	21.931497	12.269205	0.062901246	-0.025395541
3979	0.48798245	-0.8391892	2.5818128	3108.6918	22.116045	14.309823	0.00067101592	0.25290811
3980	3.5585942	1.4054017	0.24468464	389.81398	32.486934	1.3897968	0.062135095	0.047517092
3981	2.3897144	1.1171047	1.1431904	1730.8705	41.427987	40.594983	0.0031924155	0.048599394
3982	5.9819126	-0.94563402	0.63656755	5671.2076	37.114032	20.336226	0.15507426	-0.20383722
3983	2.1840546	0.86366723	0.40695325	410.04104	8.9323362	1.4840157	0.00072038482	0.23171972
3984	2.9097765	-0.58589485	0.22214272	11791.513	81.759804	39.805024	0.22866473	0.25526348
3985	0.26757631	-0.11332656	0.57022835	568.6995	16.048286	1.6146682	-0.024272535	0.13948198
3986	4.0794833	0.35909677	1.9682536	940.237	11.031234	8.9837256	-0.43242714	0.2584706
3987	3.8944462	0.93277442	2.9445435	2085.0601	15.057454	11.908768	0.36057898	0.0216301
3988	4.0363574	0.28150789	2.7428346	3184.3348	15.926364	13.743791	0.091734304	0.10344257
3989	5.4860868	-0.28367459	0.4749886	679.41579	16.149501	2.0082425	0.026484442	-0.1812982
3990	4.0622172	0.60462284	2.1554085	2260.3974	12.436786	10.938548	0.0049365121	0.055404183
3991	6.1640153	0.53439069	2.2277491	1709.021	12.773693	12.145277	0.19737026	0.20095797
3992	3.315655	0.75606448	2.5748026	2948.258	51.98263	39.000477	0.28043214	0.035084969
3993	0.6832541	0.69918468	0.7351716	7616.4166	82.963253	68.474849	0.12668645	0.089138311
3994	3.839573	-0.60575849	3.0499143	939.69308	11.687626	2.5142992	0.12793118	-0.035213512
3995	1.1943894	-0.50954241	1.5252522	3201.8525	33.83319	25.628312	0.066213121	-0.034679651
3996	4.2987329	0.6299798	0.50748884	1794.6153	12.28516	11.502334	0.13431408	0.055464515
3997	0.42029211	0.86229999	2.6452459	811.60256	1.6674321	1.6139339	0.15929164	-0.10366494
3998	4.0404469	0.92942575	0.93804476	759.26239	35.763581	34.704149	0.21377787	0.12214018
3999	5.5819263	0.26324861	0.87696559	4789.759	57.46725	53.46485	0.046089915	0.13888521
4000	1.0674135	-0.64534783	2.1381118	5678.0011	54.767712	53.337005	0.022306483	0.086585547
4001	6.2325141	-0.91282547	2.4613778	2683.4056	35.733263	11.877007	0.020129063	0.082292276
4002	1.5671637	0.78794953	2.6249205	5524.4322	65.580933	64.110598	0.14568167	0.13704127
4003	5.8105431	-0.9720188	0.27471399	3124.9143	13.402391	12.983254	-0.11027008	0.28672144
4004	4.4905265	-0.30444877	2.488111	365.70734	2.5809048	1.4892739	0.1762469	-0.073588793
4005	0.55280962	0.53351752	1.3132031	776.98514	6.314276	1.614127	0.19952989	0.081789186
4006	1.7497494	0.16454487	0.27535027	1871.5469	25.805684	11.512847	0.0037317714	0.093838896
4007	3.9586991	-0.33148244	2.3314431	4612.7885	64.459705	54.440435	0.024926305	0.078017217
4008	2.3391945	0.71950059	2.8611872	3779.439	66.38616	33.111294	0.20422103	0.010058806
4009	0.7950032	-0.62482715	2.6000281	2534.9477	12.28041	12.170355	0.048249405	0.050188309
4010	0.57341204	-1.1505977	2.2144076	5811.696	64.147986	50.064247	-0.0060979624	0.056951983
4011	4.0835849	1.1679711	1.2324033	6006.4547	71.095278	63.392252	0.14918599	0.031181075
4012	1.109768	-1.1432561	1.9875098	1006.1334	30.637092	9.1131275	0.030564313	0.029996501
4013	0.60700293	0.24067315	0.66155754	7106.5719	78.141247	43.745033	0.33288922	0.052059451
4014	4.9495742	0.58962332	2.4272403	559.29351	1.74981	1.64606	0.021735336	0.32238053
4015	6.1175896	-0.94197395	2.8738004	3088.5853	42.787876	30.949962	0.14646556	-0.49243555
4016	2.9831797	0.19419269	0.29655559	2656.9346	17.062003	13.895563	0.072636722	0.081586317
4017	1.6204386	0.59687574	2.4572834	5536.6578	76.021682	43.813855	0.018306087	0.089629732
4018	5.0391607	-0.70800449	0.76001026	3362.9066	18.566629	9.0125908	0.032449797	-0.17683029
4019	1.2211001	0.1651385	0.92195873	1804.374	18.921406	18.156341	0.20350904	-0.02586764
4020	3.6563494	0.78905431	2.5063055	563.5156	2.6766387	2.3889713	-0.28001768	-0.034028871
4021	5.8580859	-0.33450307	2.3336606	1646.0461	12.405793	10.57748	0.16392584	0.12858346
4022	1.0045023	-0.24854718	0.69962187	943.91994	16.508782	10.858064	0.030936942	-0.053031485
4023	1.4105034	0.63589246	2.3461775	1587.2225	56.826748	27.521949	0.10535532	0.053351331
4024	2.534779	1.1956186	0.8057994	1365.3228	24.475504	10.882843	-0.14819234	0.11522283
4025	1.6145104	0.37569663	0.80516138	12308.792	195.85902	194.42305	0.03410234	0.028840545
4026	3.6380621	1.1169331	2.2327265	1012.3363	10.899027	1.5393102	-0.037769355	0.03636057
4027	1.2875262	-0.011102046	1.9829257	431.72199	9.4398848	2.2671502	0.013419834	0.11852725
4028	0.045345768	0.094732064	0.94232398	493.15967	18.144569	1.4262712	0.029789894	-0.02809643
4029	2.5584945	0.30972096	2.3382882	1037.9683	12.226911	11.144382	0.23822053	0.02723708
4030	6.0981504	0.058989703	1.5668687	1409.227	17.058537	14.08897	0.26373502	0.03467773
4031	4.8830651	-1.1902119	0.76090448	7498.35	103.05203	73.870595	0.011582339	0.40419128
4032	0.851905	-0.14855883	0.66829782	3825.3134	51.130138	32.953422	0.32307381	0.0017181803
4033	3.7928421	-0.40173565	0.64904142	6341.0135	80.480764	61.193793	0.03624505	0.034694047
4034	1.6884538	0.33238895	0.49703818	2126.3018	23.18428	13.333793	-0.17265717	0.20970992
4035	1.6226522	-0.29625174	2.3121945	1534.0907	15.040933	12.019294	0.148381	0.28731605
4036	0.38310769	-0.35867912	0.59274396	3230.5766	57.76681	53.316456	0.021430516	0.092481978
4037	2.7372366	-0.10620721	2.1472401	1965.7713	11.646714	11.256059	0.043625088	0.00035193587
4038	0.021733978	-0.57480593	2.3335255	2260.5369	12.231766	10.078143	0.073139892	0.37207638
4039	1.9951582	-0.84918925	0.36451661	1647.8039	11.493801	10.030557	0.10207767	0.079874839
4040	0.48282746	0.39667534	2.6971864	2166.569	12.882347	11.763874	0.19876286	-0.097940644
4041	3.9978784	0.51959815	1.0891799	1655.9453	12.141437	10.133838	0.40974731	0.0025482196
4042	4.9174752	0.23917298	0.24577132	10374.861	120.47181	112.49813	0.10182853	-0.0022777893
4043	5.7120645	-0.59052466	0.31339305	7786.0499	76.310063	61.689062	-0.0015897334	-0.022021293
4044	1.6570931	-0.11285366	1.6859274	1922.7154	53.038769	39.89353	0.024161043	-0.12881749
4045	5.3930429	0.21470598	0.42968243	2492.596	13.986169	11.221794	-0.01530545	0.013834896
4046	3.3563971	-0.49461732	0.14229261	3240.8414	91.554588	64.6183	0.00029728394	-0.0034278637
4047	5.3881003	-0.39390511	2.5950694	2586.1601	14.95909	12.174448	-0.11485423	0.036266108
4048	3.3004701	-0.51702545	0.81236856	87.561359	1.6240154	1.2927624	0.046853069	0.080192282
4049	4.1656057	0.30831577	2.1008278	4559.5657	47.688422	38.586467	0.20358803	-0.060368728
4050	4.9270163	0.37590031	1.9703023	3663.5543	45.290482	44.195482	0.072693792	0.38398654
4051	2.7901468	0.94287256	0.74616858	1004.8454	11.575064	11.037786	0.22789639	0.055594889
4052	4.5870617	0.04358232	2.186284	849.46587	10.054912	9.1875605	0.015104004	0.17033784
4053	4.0289593	0.22333301	0.49316033	1817.7031	16.225047	11.654944	-0.17534407	-0.033121667
4054	2.8266518	0.49804584	2.2310733	5224.2927	53.426394	45.923387	0.18026736	0.2990157
4055	3.8374593	0.84740933	2.4454035	328.56882	33.885297	1.4836946	-0.048469633	0.10426879
4056	4.8932156	-0.11101226	2.1749337	508.55059	25.982616	8.4430224	-0.0054596463	-0.12136131
4057	0.029240009	0.25507356	2.2341888	1034.6853	11.297581	6.0667798	0.2414725	0.022166165
4058	4.1522707	-0.20236712	0.42777876	1383.8681	11.985011	10.299908	0.32652412	0.090123766
4059	2.5125525	0.81705625	2.4378908	2404.5065	36.644521	25.343655	0.064735239	0.054394873
4060	0.5190983	-0.86608429	2.2168232	6726.7328	72.912688	71.881646	0.033408609	-0.0010410385
4061	0.12028456	-0.25230182	0.74000548	323.45117	1.4129184	1.3249086	0.079689089	-0.055417725
4062	3.2096624	0.75696734	2.818669	685.57172	1.8233604	1.3393213	-0.020110731	-0.097248974
4063	1.2019952	-0.52090971	2.3314379	1090.5482	24.278023	10.844911	0.1078961	-0.22455982
4064	4.2027011	0.40627993	2.2213222	1105.6135	12.684018	11.672969	-0.057950565	0.022274654
4065	0.19447593	0.79754971	1.1151781	1917.7064	91.870964	77.274893	-0.046320136	0.067405864
4066	3.7901859	0.67220136	1.5186477	651.42644	29.400619	10.015273	0.047429443	-0.058774978
4067	3.6759111	0.86053151	0.77655756	3313.8082	46.94497	37.945529	0.065154469	0.38665177
4068	1.9981448	0.42354382	0.41768381	682.42364	1.9939191	1.3848014	0.00025751241	0.044965159
4069	0.63968571	0.37448021	1.9835309	1418.6796	17.49358	11.53482	0.31045428	-0.11862806
4070	3.1902643	0.57278339	1.7939334	4119.0421	50.196023	42.962341	0.00090298195	0.21178211
4071	3.6085771	-1.0956887	2.7412686	6159.8979	58.487975	40.463747	0.020060887	0.046801052
4072	4.2450386	0.1578805	0.53792063	1751.5335	30.68276	19.539522	0.13042284	-0.052456107
4073	0.91555365	0.14069836	0.5206599	248.94086	1.9020951	1.4472722	0.25753858	0.1572519
4074	0.68681903	0.56448937	2.9413593	443.65739	12.721319	1.5944274	0.066974167	0.11047509
4075	3.2203335	1.1816222	0.15246465	308.35367	2.9325584	1.3310168	-0.0054256534	0.25873014
4076	5.7821131	-1.1194884	2.2621838	2070.3631	14.278945	12.51328	0.14301591	0.099415902
4077	5.3349036	-0.15440866	1.038737	2668.7921	31.863328	20.222945	0.11418744	0.28641233
4078	3.861908	-0.32592087	2.2474973	2612.5719	51.024103	32.287632	0.056828908	-0.020629042
4079	1.029599	1.1361497	0.13123585	2726.8749	27.927209	6.8602472	0.066217045	0.027639515
4080	2.5510566	-0.37183119	0.60890132	183.7779	2.3880281	1.5894764	0.12832303	-0.0097714821
4081	6.1000272	-0.57551	1.8455581	3314.4683	65.113293	60.514104	-0.2921844	0.15634768
4082	1.5166221	-1.0480315	0.35473671	7352.928	70.699543	68.903022	0.16017897	0.022430671
4083	0.31476152	-1.1739334	0.25922623	11896.349	78.66958	73.245116	0.10339841	0.12725796
4084	2.6992142	0.20514404	2.7416546	6781.669	114.16945	53.977641	0.06063296	0.076364516
4085	5.549578	-0.21125475	0.11117024	6544.4249	83.703494	78.426023	-0.025374337	0.017225083
4086	2.9982118	0.044093155	1.6640247	3337.1021	105.61739	103.72997	-0.018370293	0.091533839
4087	2.2488288	-0.5112125	2.3530331	432.45799	1.5281998	1.5098483	0.082655321	0.061397979
4088	1.8525213	-0.054801325	2.5869233	1224.0714	3.5076438	3.2801177	-0.075807759	0.0054278701
4089	3.7897286	-0.056279878	1.0176719	5412.7433	90.589137	64.936842	0.011582339	0.40419128
4090	5.4191128	1.4122264	2.5020165	1919.1916	13.529108	11.561414	0.023180912	0.098641419
4091	0.39601111	1.2210522	2.393882	5271.6961	68.784419	50.385862	-0.16435236	0.36603079
4092	0.44539114	1.2997589	2.9762411	1901.9413	13.065653	12.468695	0.033694585	0.053076253
4093	4.2086815	0.91350864	2.3605657	3377.268	61.513077	47.070845	0.16989874	0.49186638
4094	1.4178483	0.40057204	2.4869657	410.92345	2.6593957	1.9945829	-0.12727546	0.039204184
4095	1.1665296	0.15906853	0.97840627	534.01832	1.4606025	1.32088	0.13588131	0.023055308
4096	4.9229662	0.27563343	1.1157587	1742.6749	31.0313	23.647591	-0.079408573	0.26125304
4097	4.4137854	-0.35665554	2.4208139	10064.651	75.477656	48.818198	0.020421051	-0.11868541
4098	0.80885875	-0.93857921	0.80430483	2284.4674	17.518563	16.274916	-0.017900139	0.044937527
4099	5.7858667	-0.3782755	2.720742	3580.9472	26.864257	12.590545	-0.0027066662	0.55716927
4100	0.16615752	0.21482645	2.6398611	4558.8443	81.963483	28.020349	0.074377988	-0.098088187
4101	4.9392199	0.92112324	1.7604175	929.27241	23.335616	22.922705	-0.16976228	0.0094564785
4102	3.229972	-0.54111362	0.3948827	451.91887	1.9825141	1.4272354	0.015089101	0.086779304
4103	1.1052495	0.15206662	1.2773455	3236.026	48.191546	39.09911	0.11520299	0.27260432
4104	5.6793715	-1.0937095	0.42560323	422.13757	2.3765019	1.2830733	0.018799662	0.038519948
4105	0.12692526	-0.92535465	1.4064272	320.77179	24.824984	11.240201	0.031786769	0.01052519
4106	5.7548834	-1.3884685	2.9184824	4686.0335	39.08222	27.583611	-0.15245495	0.045518031
4107	3.8827185	-0.80027728	0.95482567	5373.8821	87.788659	84.977935	-0.025891574	0.22699982
4108	0.71740762	0.19240252	0.63223199	3125.6728	62.48403	45.227361	-0.043246729	-0.014900586
4109	6.1599071	-0.63943822	0.33550838	511.39802	1.9548619	1.4516845	0.00273419	0.36849859
4110	2.8722023	0.73459496	2.6239132	3231.9921	14.190684	12.761071	0.10850453	-0.078498785
4111	5.3495506	0.4649947	0.96669066	1572.7791	53.251493	10.078969	-0.087386223	-0.19804801
4112	0.29389255	-0.82591302	1.1194896	1801.6184	14.7339	12.930777	0.0052277635	0.0056729319
4113	3.2968292	0.54396666	2.8189163	31026.773	118.06353	90.315365	0.24832964	-0.0600651
4114	0.089748274	-1.3053873	0.39034981	5846.8882	59.038957	58.07053	0.0015829734	-0.066178898
4115	4.0281786	-0.37388225	0.62053808	3541.344	27.366972	12.419966	0.10647556	0.11695143
4116	5.6562788	0.76555351	0.63699209	1969.9681	24.590137	19.438815	0.0075206072	0.22500307
4117	5.5985271	0.29812479	0.52017386	4960.5321	47.070136	36.763856	0.095066863	-0.24374788
4118	2.9918318	0.20229223	2.6106828	682.35586	3.0422024	2.4823162	0.037991691	0.25620789
4119	5.7282195	-0.28280591	1.837131	1154.3877	49.018345	26.053977	-0.00057678416	-0.25759831
4120	3.1654876	-0.85284546	1.419308	4064.8602	53.243334	47.549723	0.084993201	0.012936468
4121	5.5905414	-0.75090351	0.30424203	1364.8778	34.266573	30.873152	0.0050615179	0.0037129214
4122	0.36695137	-0.11917947	2.2163807	1798.2924	13.016611	11.100315	-0.047753545	0.18877053
4123	2.2661382	-0.043771615	2.6971994	859.70108	13.13112	2.1983054	-0.44948865	-0.0070699643
4124	2.6684612	-0.020267104	0.35008001	4781.3524	98.020608	49.507932	-0.13733395	0.15681622
4125	1.5736486	-0.97060611	2.6267255	1373.4705	12.035406	11.597028	-0.0661348	0.06168388
4126	4.6888494	-1.1862241	1.8828389	232.96364	1.4319907	1.2718325	0.074674707	0.14307746
4127	2.1720951	0.080795819	2.0196216	3521.792	126.25047	47.233387	0.3082948	0.23547199
4128	4.1977792	-0.30962042	2.5237424	346.1148	19.154701	13.145382	0.081512165	0.179176
4129	1.4232236	-0.62736495	2.5986563	611.36275	1.54417	1.4591886	0.11472957	0.012218562
4130	2.1121503	0.16057889	2.8781849	1674.1578	43.209445	39.650497	-0.031775627	0.055917316
4131	4.1716213	-0.51360035	1.491884	387.65259	10.019778	2.7135541	0.10515859	0.042569564
4132	5.7045722	-0.60718946	2.9487405	533.47132	10.09664	1.9054561	0.22828838	0.059280955
4133	0.40949344	-0.59067916	2.2884685	1717.4545	32.373606	13.540551	-0.079046367	-0.0015587953
4134	4.0083589	0.56685873	2.7403227	1700.9201	11.616071	11.138261	-0.015949482	0.36829259
4135	0.59555746	-0.60769686	0.42807129	4694.115	49.74282	44.902434	0.040802951	0.023070341
4136	4.4356428	-1.1527873	2.4778758	1739.7557	43.260081	12.235461	0.075342195	0.014673787
4137	2.8656957	-0.65145298	0.37577077	7884.1366	60.338887	46.83521	0.21828255	0.53767099
4138	1.5310497	-1.0056636	2.8940506	5809.699	18.437515	18.11824	0.13261584	0.067059582
4139	1.552868	-1.1563215	2.7613387	1391.7826	10.94421	9.3654304	-0.12318804	0.18643502
4140	1.7502254	0.53977984	2.9593793	468.83526	6.5808037	1.5274655	0.10066277	0.2236994
4141	3.2613883	-0.21387145	2.6581614	10273.792	79.511334	77.834769	-0.39900055	-0.1098845
4142	5.5732255	-1.3736372	2.1245848	4463.5845	53.041446	44.632935	0.040007028	0.084629359
4143	1.7262706	-0.37208984	2.0340202	1344.5378	12.511001	10.085822	0.25612151	0.053638072
4144	5.4871698	-0.3933659	2.8946002	4177.2897	44.064406	20.007143	0.0095759943	0.32279194
4145	4.036228	-0.33472347	0.25706737	1806.2442	31.733289	5.176261	0.26528643	0.1962284
4146	4.3951618	0.12628948	2.5350011	223.2954	1.8756987	1.3284705	0.0022365027	0.049508798
4147	2.3784859	0.25351372	0.68841728	97.742144	2.6615943	2.5381452	-0.0051939355	0.073682683
4148	4.1285907	0.42518501	0.45626359	6594.9702	66.797471	61.874185	-0.0048465879	0.0061145377
4149	2.6685463	0.60348206	2.1169783	2663.7891	57.405707	43.085129	0.0038778103	-0.027447546
4150	4.3352239	0.5754949	1.6184373	5338.7584	61.44918	30.877405	-0.055147547	0.12756649
4151	5.7163746	0.17015359	2.5722528	637.75686	39.62018	1.6114147	0.58686789	-0.0021500906
4152	1.3457925	0.6867003	0.69719915	2569.7273	33.445189	14.929343	0.28971941	-0.018382503
4153	2.9778866	0.3466027	2.9952758	2409.205	40.409835	35.512464	0.089386588	-0.053346884
4154	0.8273909	0.43122881	2.4948921	4884.0142	51.51522	35.803928	-0.0040982636	-0.017597771
4155	5.074365	0.0957301	0.80801326	2233.4522	47.678813	41.297399	0.26177059	-0.17643128
4156	5.238048	-0.32804008	0.9678171	932.2316	11.974963	9.9195532	0.13553912	-0.11866569
4157	6.2659303	-1.162926	2.960853	678.73818	2.0715618	1.7890392	-0.0016690571	-0.0079213081
4158	3.0262921	-0.62345619	3.1124775	4060.8126	35.749158	28.347217	0.0064531593	-0.2588508
4159	4.6542035	0.39393522	2.4089344	1001.2166	12.795765	3.6859668	0.028561432	0.060931437
4160	6.1224608	-0.12834409	2.6393563	5441.0294	113.29483	38.895111	0.00083770728	-0.21237058
4161	3.1581254	-0.44709014	0.57296403	9932.3187	67.71028	58.543	0.30292836	-0.086109137
4162	3.9235655	1.193116	1.2444798	258.06953	1.6498869	1.6256771	0.016163519	0.34986254
4163	3.0353562	0.16302212	2.7401781	3336.2602	39.14641	36.183891	-0.29942682	-0.049622647
4164	0.14904642	0.76821643	2.4779801	5562.1406	89.370528	71.235174	0.036818489	0.09936953
4165	6.0596793	-0.57336627	2.7166736	7130.0883	56.822941	54.07476	0.00081583048	0.019967385
4166	3.526138	0.8656971	2.5214117	7114.1891	44.674894	44.212691	0.0080413214	-0.026998082
4167	4.9376827	0.63962113	1.9969658	452.42813	10.818107	9.5704509	0.0045165124	-0.2203152
4168	5.1788708	0.152351	1.6046907	1885.5488	82.187817	55.938263	0.14009241	-0.027813159
4169	0.68182669	-0.39795496	2.4147372	8086.3063	84.725423	54.945311	0.178227	-0.041875956
4170	3.2628229	-1.2024924	1.7703251	596.26844	10.152052	9.6207264	-0.022272606	0.090390658
4171	4.3438699	0.91433406	0.29173075	3741.9082	26.319905	15.550906	0.084518866	0.013698144
4172	2.2358939	0.42629635	2.8310685	327.55281	3.2257228	1.9883092	-0.35924016	-0.050434726
4173	6.2290692	0.061394768	0.46053316	1267.7077	86.533838	85.669706	0.009996102	0.038831492
4174	0.25686717	0.055818594	2.4458706	2883.0899	11.944778	11.502844	0.089450976	0.016977895
4175	3.1266229	-0.0035856796	0.16859346	2841.698	13.128632	12.205071	-0.25911022	0.018641407
4176	1.7326398	0.36117182	1.9213363	501.51524	9.6533767	1.6613285	-0.30819379	0.16200904
4177	3.9271303	-0.15455043	0.51198256	4810.9279	50.035264	47.934939	-0.014763868	-0.0082997474
4178	2.8250829	-0.69824779	2.5755862	6640.7698	59.127689	56.322593	-0.017485432	0.20590596
4179	4.0561567	1.0723246	2.4675951	12024.715	91.769286	62.448148	0.031471231	-0.16157563
4180	4.861083	0.055856749	1.0677925	663.33483	9.8719132	6.7063895	-0.024972595	-0.016723538
4181	5.0167188	-0.28361626	2.3374287	747.85715	9.381598	1.5370165	-0.041720927	-0.12280683
4182	4.151204	0.38101165	2.3478945	195.28495	1.4589505	1.4372056	0.00068961334	0.018327413
4183	4.3288115	0.82184738	2.6391013	4244.6017	62.730894	15.074399	0.34880809	0.25855945
4184	6.1939148	-0.60819577	0.80228519	747.15062	3.5350309	2.2264973	0.0013746425	0.099201676
4185	4.1975356	-0.25226527	2.6771664	668.36313	13.541366	10.888231	0.032975034	-0.042273953
4186	0.31435895	-0.52526792	2.7716335	1952.9701	42.854665	26.169079	0.076564776	-0.2535675
4187	2.9173982	-0.40417085	3.1103022	808.17293	2.5366742	1.7965422	0.052075653	0.076090607
4188	4.7919352	-0.47044521	0.19535623	4851.9562	131.23834	58.801653	0.2542385	0.04879425
4189	0.48807551	-0.062105809	0.2807633	6287.6601	71.286744	45.468028	0.02005793	0.061593314
4190	1.789546	-0.15037349	2.7962061	2889.1535	12.836721	10.806949	-0.074110742	0.047487713
4191	5.0712295	-0.55123336	1.901755	703.90956	24.665441	10.376078	0.0082162349	0.10765773
4192	0.89150158	0.77795656	2.6063312	9590.2398	67.98567	40.025122	0.022664774	-0.0042258879
4193	6.0445569	0.14030776	0.26562536	10221.824	89.556244	67.088235	0.084830946	0.03028121
4194	1.3075671	-1.1445562	2.1321111	4370.4181	39.833285	35.289486	0.49515703	0.1243016
4195	3.0165552	1.3719798	0.53194699	2287.2978	17.821003	12.295619	-0.11568613	0.0025415303
4196	0.52936465	-0.25803502	1.1332621	1115.0723	11.415204	10.675068	0.35651181	0.012536361
4197	5.9535169	1.422353	0.82406859	2850.5042	42.634499	18.748896	0.03824271	-0.0037551823
4198	1.0694651	0.74341214	2.8136108	3696.8857	13.276694	13.132126	0.17042188	0.24546337
4199	2.8390148	-0.071884295	0.31074439	3816.5823	16.804097	10.877177	0.21260907	0.030614707
4200	5.7760501	-0.32784678	1.4296711	1259.7403	10.723608	10.373818	0.040662515	0.065378778
4201	3.7317402	0.49333243	2.0732924	165.62456	1.4005765	1.2770208	0.044640836	0.025845873
4202	3.4128343	0.22246257	2.8002292	4730.0269	74.969527	61.716985	-0.34669122	0.036532714
4203	5.0001072	-0.22654955	2.3055302	1415.4002	12.042729	11.280391	-0.30797672	-0.033153764
4204	6.0666135	0.40452232	0.99122995	5484.9697	97.734029	82.405127	-0.02938081	-0.019818092
4205	0.90774744	-0.093933857	0.89213624	129.91678	2.1151273	1.2594362	0.020654483	-0.015909832
4206	5.5272626	-0.94533089	0.51153143	736.96392	2.3880907	2.3776216	-0.18621544	-0.0073273649
4207	0.9989363	-0.45182694	2.5613244	1037.5447	11.764774	9.381925	-0.012549554	0.006932175
4208	1.0556566	0.76812057	0.74514118	3753.7328	27.849866	27.47653	0.074330244	-0.011506817
4209	0.29546821	-0.7581745	2.0721792	1871.5904	13.844541	11.770649	0.026295667	0.4235344
4210	4.6398763	-0.42159763	2.7949955	1888.5352	12.235236	10.715879	0.045092709	0.0034955432
4211	3.6873929	-1.2162497	2.6185365	6699.6263	74.42147	59.6929	0.0029018929	0.49666717
4212	0.3832797	-0.18081211	0.72887245	2187.7316	11.794314	10.545305	0.3627396	0.00858832
4213	3.12264	-0.91899854	0.16919561	685.93565	2.4426627	1.3602509	0.16418863	-0.039486694
4214	5.716608	-0.74371473	1.259811	456.40451	3.2679619	1.6551014	-0.042308423	0.031111132
4215	4.867667	-0.83861681	2.575569	1399.8747	10.204345	4.1048765	0.038098936	0.030872833
4216	4.6683853	-0.037809484	0.95159208	2947.7303	59.922749	35.458928	0.044353522	0.060972051
4217	4.2517902	-0.94459637	2.5653166	1945.1698	11.953368	11.557671	-0.013838132	0.029083377
4218	3.3981315	-0.090771704	0.78906637	2426.194	43.150008	34.69258	0.0056706004	-0.46201939
4219	3.4991405	-1.016968	2.2560101	612.88302	4.1939002	1.5459775	0.13068661	0.10478448
4220	4.8688914	-0.94155551	2.68005	2305.4793	48.665404	3.6168496	0.20360609	0.014894503
4221	0.64303464	-0.29484783	0.25947204	2463.1777	11.629354	4.0095963	0.065099098	0.061647873
4222	4.0950527	-0.13803115	2.8340825	4161.2356	16.321001	15.083063	0.21258126	0.021095541
4223	6.0796179	0.45857441	1.9176552	3260.5345	56.595909	53.277147	0.043336729	0.0090344643
4224	6.0601558	1.0458643	1.8281441	3679.551	88.954533	52.070087	0.0058946166	0.073450564
4225	6.0846524	-0.70143887	2.8292026	6571.9172	95.172362	62.776095	0.53280977	-0.047844687
4226	6.0171198	0.091753773	2.2645506	4505.0748	52.468883	51.579315	-0.054627569	0.42013647
4227	0.92889445	0.34382757	0.67177148	3430.166	37.378235	14.960265	0.10686288	0.12757987
4228	1.4337556	0.79559611	2.3548761	6186.6388	41.076952	40.378509	-0.068917289	-0.13710041
4229	3.0177989	0.97628152	2.4513293	6209.6368	59.660836	52.630599	0.14672276	0.02253791
4230	4.5415415	-0.70716833	1.1042445	2129.7968	49.199665	35.917202	0.09933461	0.061538056
4231	1.9315632	-0.46626489	1.632007	168.03713	11.10552	7.8732969	-0.0056985313	0.14539896
4232	3.7069246	-0.57844839	0.48548426	1336.5427	16.903623	2.9515457	0.066120256	-0.0037430321
4233	1.9804958	0.12452496	1.0194434	1821.3417	47.918504	36.51542	-0.054231127	0.034450406
4234	1.9672897	-0.77466629	0.75885999	1467.9822	10.338669	3.8489667	0.012405392	-0.041337858
4235	6.0578648	0.88103411	1.4157438	1550.4804	12.855066	11.684883	-0.083515058	0.31988568
4236	0.24941831	-0.15285453	0.67433883	5419.2627	54.82684	52.875294	0.52074852	-0.058781602
4237	0.014820546	0.16980276	0.59086548	6477.1636	75.568005	68.571319	0.0028243491	-0.18221028
4238	3.2456901	0.89465787	2.4679973	4063.5736	32.298381	23.674878	0.14279485	-0.076516036
4239	0.80592803	-0.73939666	1.2178758	2546.8012	53.041795	35.799173	0.005293407	0.19988606
4240	2.8253689	-0.25948006	3.1202682	4719.1387	37.533201	30.583086	-0.0032912268	-0.27765064
4241	4.4676419	0.74155163	0.54204222	494.0888	8.4209129	1.5491671	-0.035186419	0.001064366
4242	5.5242707	0.046106001	2.6943221	958.02752	13.002955	9.2261501	-0.0059683566	-0.0034777003
4243	1.4276606	-0.96815594	2.526726	4759.7188	94.814134	47.050296	-0.25897267	0.1359236
4244	1.6148677	-0.39601347	2.6495033	1611.864	37.958664	31.131823	-0.013964344	-0.13553188
4245	6.2611123	0.18691084	1.2075565	2076.3381	46.085238	39.955992	0.10747185	0.033449437
4246	3.9348856	-0.77988004	0.69734112	6706.5883	71.426211	62.021695	-0.092936577	0.013540938
4247	0.39878331	-1.051867	0.72260535	5311.1216	140.64881	139.61403	-0.075391329	0.019844764
4248	2.5939406	0.16079607	2.0330739	1100.683	25.734624	19.801492	0.050403394	-0.0012525589
4249	5.6567917	-0.497282	2.5527183	5423.4142	65.186647	54.763613	0.00050252521	0.38248333
4250	2.6338251	-0.11604382	2.1146573	7160.112	66.215758	45.811917	0.043048926	0.43548785
4251	2.4649125	-0.58524888	1.1032894	2393.2035	13.531281	12.897284	0.1130155	0.26138899
4252	3.0474803	-0.53194767	0.93126802	2863.1799	14.856763	10.809097	0.011185336	-0.029178973
4253	1.1883306	-0.50937143	2.6011754	6705.2409	77.464233	67.438176	-0.14413525	0.24163276
4254	5.9048313	-0.32113586	2.879058	5810.3586	61.178306	58.78605	0.19807182	0.066103878
4255	4.5291627	0.38437949	1.8130314	3377.1075	103.06665	48.124138	-0.0073596233	0.050781825
4256	0.47498042	-1.0550863	1.9131215	833.44749	30.993027	9.6998715	-0.0014613294	0.025738554
4257	5.5323296	0.12480698	1.1275016	159.16916	1.7288207	1.5502333	-0.033350139	0.1499743
4258	6.2537941	1.0603364	0.81862435	2699.8878	15.928263	12.023902	0.18247991	-0.2418293
4259	3.4547307	-1.5204451	1.2837833	367.03619	5.2560757	3.0714789	0.028638329	-0.039758403
4260	4.0446558	-0.044720556	0.81021976	5787.3404	77.30438	68.758734	0.098452458	-0.031258516
4261	4.1940266	0.65059022	2.8442692	1227.5819	2.6223563	1.4456673	-0.17059052	0.075758024
4262	5.5183166	-0.32147653	2.5285886	529.08498	10.801949	10.779411	-0.015494563	-0.039244577
4263	3.874783	-1.0125848	0.5017938	1787.7753	13.909459	12.175587	0.064796453	0.067267905
4264	5.0011921	1.2409962	2.2332439	705.51465	1.6605318	1.5214056	-0.041441976	-0.14759205
4265	4.1548245	0.91816971	0.63492085	6666.5556	57.808007	46.424639	0.12475233	0.24286932
4266	0.91462905	-0.76316301	0.34691258	1892.4016	12.91815	11.175675	0.055193794	0.10262222
4267	0.91825878	0.2120375	0.55935371	1835.4165	24.133999	11.378028	-0.030043277	0.014251855
4268	3.3314061	-0.73224015	1.0072936	1870.5097	60.179621	58.244395	-0.032505849	-0.12574895
4269	6.2481572	-0.13647976	0.44709024	4789.9563	53.190303	41.548874	0.041462537	-0.085422083
4270	3.0265169	-0.62028272	0.18000903	5328.8579	50.297611	50.01646	0.15686641	0.024562176
4271	1.4464351	-0.92270286	2.6111923	327.91729	2.0103936	1.2875897	0.11464856	0.21044957
4272	4.9989606	1.2314569	1.3785556	2980.7531	40.234454	31.111275	-0.012035805	0.094045382
4273	0.44707671	1.0205269	0.3840174	4055.3334	14.439548	12.10801	0.080468599	0.019658975
4274	1.1803629	0.58630469	2.3698076	6134.5022	56.643227	50.675739	-0.0034677359	0.30562085
4275	5.0213241	0.92959096	1.0368315	1152.2044	11.247215	8.9614112	0.011104834	0.41389367
4276	2.6842422	-1.3061763	2.3788044	1823.868	30.904059	25.706845	-0.0058457518	0.10489415
4277	0.30826153	-0.53688645	3.0321268	2830.9595	15.257205	14.170414	-0.10016192	-0.21851934
4278	0.15000985	0.67476261	0.21150728	1789.8247	51.286976	43.197953	-0.045192019	-0.012185564
4279	4.4204425	0.26218786	0.11455335	8657.3244	87.931653	76.874444	0.59544258	0.27034149
4280	2.6081535	0.37916678	0.94455496	1161.4824	10.219917	7.0266021	0.076448195	0.26092878
4281	3.6890062	-0.20078038	0.93916921	2074.5081	40.594982	39.332868	0.055865864	0.048987981
4282	2.360434	-0.84420374	2.1936695	1436.2278	31.004389	13.354468	-0.012512166	-0.00086920808
4283	3.8158997	-0.36730274	2.3558115	1405.4219	13.370718	12.400968	-0.35048746	0.053405522
4284	3.7357916	-0.66693555	2.6755079	2086.4247	134.94659	11.614202	0.52467937	0.008470197
4285	0.092669835	1.465128	1.8356993	4182.0972	49.987313	46.437995	0.22611888	-0.074174533
4286	5.4198414	1.1483214	2.7626529	4385.7066	14.776367	14.019036	-0.19711515	0.16802644
4287	1.3422775	-0.51824872	1.8351546	5437.6662	69.982305	65.916861	0.11043396	0.22208289
4288	0.77490073	0.10614796	1.2003996	1602.3974	13.848381	12.490148	0.11691302	0.0057428205
4289	1.2349547	-0.095534458	2.3725664	640.45745	2.3047839	1.530778	0.1394202	0.014572605
4290	0.29930649	-0.35361033	0.3387774	4992.0127	59.971597	30.134939	-0.055147547	0.12756649
4291	2.668737	-0.22545703	2.4943208	5142.9186	97.024818	90.307387	0.049970064	0.016117178
4292	2.1624566	1.2283186	2.9825015	945.38882	11.128046	8.8484013	0.11448829	0.046667273
4293	1.3272482	-0.46233022	0.17043067	2655.8371	19.463696	3.9577859	0.11937124	0.086807968
4294	4.8709068	-0.85797769	2.1182053	584.8711	9.5823223	2.1316514	0.033594945	-0.0015466648
4295	6.0052478	0.80558712	1.0225189	12320.782	112.89156	52.718854	-0.096862507	-0.14111526
4296	4.6835698	-0.22726359	0.93838631	440.4499	1.896046	1.4607541	0.044186484	0.0092367475
4297	6.183136	-0.57886702	0.39427625	1280.4628	11.998765	5.4995407	-0.081660615	0.01068313
4298	1.236806	0.9342489	0.38662448	12050.167	181.68778	71.062476	0.12216342	-0.067987841
4299	2.6574987	-0.039147462	2.5747789	3260.0492	54.414696	32.113979	0.14336568	-0.1050757
4300	2.5784259	-1.0120151	3.085829	2265.0923	50.284693	41.575752	0.023974145	0.15713492
4301	0.46056069	-0.21712298	2.0557111	1974.9376	34.659563	34.57674	0.31226611	-0.25373382
4302	6.1492331	-0.24991017	0.33583839	3332.7206	20.648515	19.078259	-0.091776758	0.25642948
4303	2.7040508	0.10461817	0.9885107	1692.2362	13.045323	11.546098	0.0008191273	0.27134524
4304	2.6504628	-0.15895155	2.4593995	4791.9745	60.858911	54.773198	0.20440954	0.064644671
4305	1.4966642	0.86543845	2.4637737	678.55831	13.446498	10.38797	0.03280034	-0.001031634
4306	3.1438805	0.44593483	1.1580866	586.58627	19.545451	13.656711	0.017118794	0.00038330811
4307	2.2701919	-1.3423033	2.0886784	1144.3061	12.202067	1.843602	0.070770487	0.011542197
4308	6.0354659	-0.15009968	0.8136457	1478.2732	78.950321	41.857042	0.024519621	0.040451277
4309	5.1036408	1.0057105	2.4641452	1803.5901	14.312997	12.284609	0.11397655	0.00075759905
4310	3.7659492	-0.70436881	1.0776652	1238.1621	12.244262	11.062293	0.098196123	0.18737669
4311	4.3003589	0.58873043	2.7893193	5889.5803	144.47206	130.56588	0.15110736	0.027385572
4312	4.0503518	0.031096995	0.45572138	6371.6982	99.169913	64.582903	0.045282305	0.091386563
4313	2.4990223	-1.4092069	0.95609435	282.08564	9.4000062	4.8231743	0.20867198	-0.036363205
4314	4.609694	0.77519469	0.68135378	3338.6824	126.29997	100.95431	-0.09597799	-0.052577465
4315	3.1197218	-0.98785294	2.3251303	2448.0011	11.764921	11.693418	0.058902562	0.085546029
4316	3.0793823	-0.30187769	1.3631845	4822.2187	97.299081	56.503831	0.12203074	0.11569445
4317	2.8503984	0.058055936	2.8700436	4426.787	47.603572	29.671771	0.0025442251	-0.1402518
4318	0.10627226	-0.86501788	1.3835285	1538.7072	37.918566	36.671591	-0.066489171	0.045282303
4319	2.3847453	-1.0173398	2.3135657	2476.4359	83.938344	20.09358	-0.2286097	-0.1334374
4320	6.1567079	0.37715841	1.3826638	4435.4733	82.893961	56.220261	0.08156025	0.05962006
4321	4.539576	-1.0000836	1.6456088	228.59789	2.055602	1.3301302	0.0025699117	-0.10551663
4322	1.3999795	0.37461312	2.7468652	7519.7628	136.99328	63.060654	-0.32732951	-0.43681137
4323	0.50871042	-0.75735709	0.20506541	1615.4423	129.73639	104.49506	0.023070546	-0.1223111
4324	1.1370454	0.30671483	0.32663498	3873.0974	16.419694	12.571143	0.00092089853	-0.13026159
4325	3.8894764	-0.54857422	0.6878853	4695.2455	54.230319	32.07149	0.05542865	0.046737863
4326	6.1504518	0.59891131	0.45832812	1113.2187	11.535534	10.179287	0.02337997	-0.036818954
4327	3.6656858	-0.025436931	2.697223	2873.6991	35.886551	13.60017	-0.03931253	-0.032168712
4328	5.481006	1.1509725	2.5078152	6413.0173	50.480474	44.822928	0.17897242	0.016549898
4329	1.8336926	-0.30715192	0.54269035	5949.894	88.951202	81.327828	0.12929797	0.25216284
4330	3.904842	0.9060967	0.2505245	1587.6164	11.349976	10.445099	0.043408005	-0.065048672
4331	4.9450263	-0.83502483	0.93882772	433.35938	41.650454	2.5207984	0.017284541	0.16245407
4332	3.4954209	0.093729958	0.98748916	108.4579	9.3615503	9.002324	-0.014049416	0.017606125
4333	4.2434885	-1.146687	0.96751465	3156.6589	34.503493	29.68982	0.01378083	0.19835631
4334	1.1859024	1.2743855	0.82837067	1892.9644	13.993212	11.101131	-0.012847419	0.035222444
4335	5.745357	-1.2610347	2.0215631	2114.7582	50.364113	40.726185	0.17637978	0.011109349
4336	2.5899994	-1.457737	0.80618641	783.70108	11.688558	1.5938409	-0.15908018	-0.0011081357
4337	4.9589308	-0.45179026	0.66308049	8014.8198	70.602603	66.345626	-0.16975842	0.055293198
4338	5.1349698	1.3737758	2.4167897	14284.609	91.596574	82.091138	0.11178259	-0.21639869
4339	4.5161078	-0.12967173	2.2015222	3501.2396	42.692871	32.86069	0.37353995	0.087463803
4340	4.1686651	-0.35754995	0.45956954	2655.8482	13.7761	12.455199	-0.029000165	0.10969601
4341	0.69831382	-0.15914891	2.7692385	858.38419	10.494514	9.2446851	-0.076833756	0.013112434
4342	3.303568	0.02409633	1.0684364	1047.6197	42.213211	26.272866	0.077648109	0.034688987
4343	4.5824649	0.99056827	2.3077737	3794.1466	46.351525	40.173515	-0.048588405	0.090359379
4344	5.9733881	0.43526759	2.5549674	1776.3881	12.015874	11.041143	-0.026156646	0.22526961
4345	1.0927617	1.1588428	2.2180743	1653.1621	12.482289	11.531804	0.019328997	-0.18468148
4346	5.5863409	-1.0718127	1.5237078	1818.2035	13.705078	12.360372	0.2221764	-0.23508851
4347	3.9032352	0.24173203	0.78444483	1170.1559	18.043475	13.878502	0.0070463608	0.09052252
4348	6.1099879	-1.0923458	2.4824286	1648.3125	50.247113	8.7562782	0.10126594	0.081793997
4349	2.3900103	-0.47048445	2.7051196	3917.0238	17.48006	14.014074	0.015112663	-0.045405832
4350	2.1137093	0.58579413	2.4202324	576.24427	11.523632	9.7536455	0.077714898	0.15197465
4351	5.1798823	0.490185	2.3364326	120.24772	1.5110806	1.3157946	-0.14673043	0.21589104
4352	2.5351766	-0.15905578	1.9723782	966.93825	10.658583	10.11157	0.0087007722	-0.037639497
4353	3.3958226	0.58501599	1.3026086	2255.6371	49.74527	49.721982	0.056004265	-0.039217228
4354	0.92088574	0.53883783	2.5490138	1659.5443	13.167364	11.347343	0.11440805	-0.01609425
4355	0.2400986	-0.29028235	1.4717571	1342.181	84.475902	43.544955	0.17097917	0.010863064
4356	3.7644862	-0.13570968	0.56600961	2123.8104	45.41864	33.870187	-0.1192183	0.082815766
4357	4.6748796	1.0442543	2.6725336	2547.223	12.39908	5.1547992	0.17870435	0.051954027
4358	2.9762521	0.75165844	2.1077188	1866.6022	47.221086	40.684723	-0.14007697	0.02040571
4359	1.0511093	-0.56939133	0.84025595	1434.8912	9.1386398	8.8051815	0.024279645	0.0088345517
4360	1.5073075	-0.88513279	2.7764277	2480.1217	35.410843	29.735231	0.30189801	-0.063236296
4361	3.5593925	-0.1448279	2.2219581	2986.989	67.581077	41.244335	0.067556147	0.060375679
4362	0.35369783	0.58995226	0.40434464	5651.3841	65.901581	62.492131	0.16028887	0.0070934294
4363	4.0355752	-0.45265451	0.1469732	701.48092	10.77152	10.144418	-0.078898813	0.15888566
4364	0.43656238	0.95555674	2.6742428	224.30909	3.0918188	1.5719148	0.022547012	0.032426656
4365	1.2644821	0.418337	0.63144829	10487.679	88.933982	82.211433	-0.041260207	0.084854979
4366	0.44251396	0.51043234	2.1644063	2942.4759	60.158238	31.974996	-0.00057678416	-0.25759831
4367	1.4971392	0.13368182	2.786823	1204.936	11.987851	4.0312817	0.10172488	0.024447294
4368	5.0983352	0.33591369	2.6342062	2092.3976	12.431368	11.259714	-0.0055361681	0.032386983
4369	4.3040216	-1.14166	1.0532983	2310.6128	36.436171	14.072113	0.0037191629	-0.18926282
4370	5.1517805	0.042842362	2.5629635	15799.732	170.67784	128.04046	0.006566542	0.36627098
4371	2.4023446	0.048563816	1.4615647	990.14609	33.62898	12.021121	0.0071530732	-0.24198505
4372	5.9083712	0.62427362	0.99637927	486.77133	19.03594	1.3329006	0.034584951	0.19871748
4373	4.5379343	-0.29187309	1.9081853	1202.6532	12.759991	9.9428603	0.10144737	-0.0013879774
4374	6.1465032	0.28722252	0.53471116	933.1071	36.174606	10.468875	0.048582396	0.085495396
4375	4.572333	-0.17090385	2.6539057	772.33182	11.359486	10.27639	-0.14736494	0.074939966
4376	0.71544211	0.61651047	0.79330646	5752.1814	71.365917	59.132283	0.044385344	0.2502263
4377	4.9051533	-0.32727175	1.8419959	7053.2092	152.26459	75.99433	0.012795763	0.080999467
4378	5.500394	0.18497563	2.4859422	940.36274	11.362302	10.782175	0.083652805	0.0058104507
4379	6.0845681	-1.0255965	1.6576567	381.50975	2.5761572	2.4745282	0.017643237	-0.095716371
4380	1.6923398	-0.53089244	0.68931842	1064.8139	9.4193183	1.8340599	0.037930968	0.081680253
4381	5.1363033	-0.82742415	0.20772078	4052.2239	37.327587	23.355691	-0.23827944	-0.032804133
4382	1.8824097	0.97087454	0.61493826	9720.2592	200.44399	110.34538	0.070348107	0.50846219
4383	4.5271998	0.41086286	2.8453248	1772.3565	10.712387	10.306633	0.019107392	0.047335641
4384	4.6974258	-1.3637231	2.0439212	1893.633	45.475637	40.784344	0.034395376	0.074430503
4385	3.1753146	0.52409073	2.972777	6527.2007	45.400561	36.814974	0.1324169	0.48362628
4386	1.6643696	0.92083613	0.64846902	3899.6359	55.453397	46.968154	0.30658145	0.025960154
4387	4.0231135	0.086176199	0.19157886	1946.5441	15.975599	13.265885	-0.1021807	-0.31160682
4388	4.9408212	0.93126992	0.63122757	625.94916	10.054799	3.3257637	0.38247444	-0.12348577
4389	0.50807021	0.13052319	2.8470125	3155.6251	75.504338	49.560608	-0.17373066	0.023054161
4390	3.8350256	0.31888909	2.4899201	6523.3439	63.155692	50.003509	0.27022196	0.51522653
4391	5.2595039	-1.3671431	3.0170602	1214.8725	12.912184	10.490534	0.20446552	0.074914536
4392	5.9360816	-0.89154891	0.15756179	13885.875	68.875724	59.907469	-0.00025508428	0.015697235
4393	1.5308454	0.64797538	0.33158278	6603.4757	47.160852	40.180028	-0.094200648	0.053236399
4394	4.1095539	-0.14179138	1.9555069	1335.7996	19.622669	10.348492	-0.087930821	0.4935376
4395	6.1890789	0.83698733	0.56396163	933.59673	10.830664	10.297127	-0.130009	-0.229982
4396	4.2957024	-0.26099605	2.5502395	1648.9313	19.513697	14.807879	-0.009876885	-0.012228925
4397	0.56348594	-1.0244634	0.41468776	2311.4029	71.499598	46.140789	0.51429352	0.089892536
4398	2.6675662	0.1894251	0.74265713	7101.8674	72.727349	65.325906	0.058407745	-0.075427306
4399	5.8534087	0.013097119	2.9827983	4267.1422	34.623283	25.941204	-0.0082101024	0.16929074
4400	0.14449035	-1.1514659	1.9840558	5820.4332	51.872767	33.07001	0.35365087	0.01062639
4401	4.2588407	0.11270724	1.3192222	943.14659	39.672088	34.745552	-0.018620052	-0.34824501
4402	3.8729977	-0.12766785	1.0025772	1675.3228	10.801332	10.669477	0.10128275	-0.013720559
4403	4.5566272	-0.55189384	0.59452937	2300.4971	11.729878	11.602787	-0.1472641	-0.1470421
4404	4.4307755	-0.81819765	2.1810494	5546.3339	126.46368	57.595386	0.039682837	-0.05363153
4405	2.1743602	0.30283071	1.0555579	1298.0424	9.67255	8.6184011	0.40003465	0.00064193703
4406	5.6143883	-0.84238527	1.7913904	3429.847	45.298546	39.354027	0.028027793	-0.28203676
4407	5.4267134	-0.23505914	0.6496032	2362.414	54.121585	25.715799	0.015053587	-0.041687904
4408	2.4871665	0.056670743	1.2121105	1007.8451	33.221905	27.514037	-0.091109071	0.23444074
4409	1.5926825	-0.35353597	2.0305234	375.89993	2.0020462	1.4346628	0.038726631	0.16001033
4410	2.6296936	0.89058342	0.90130885	2383.0343	13.361309	12.275154	-0.039465133	0.067908629
4411	5.5570899	0.30942098	1.0525149	1298.859	44.507301	26.163371	-0.10578627	-0.14664698
4412	2.9274442	0.63870463	2.3549963	1696.5813	12.087533	11.11834	-0.01050862	-0.0048594017
4413	5.7152086	-0.59142236	1.9883555	4793.7775	89.558566	84.789312	-0.019500683	-0.33630429
4414	2.1691059	0.05535635	0.55965475	1676.8326	21.721739	10.435775	0.018686079	-0.25271628
4415	2.7461585	-1.334727	2.6755258	7950.6591	65.251436	56.630323	0.17870313	0.099215956
4416	2.1940194	0.58859658	1.416251	1443.7483	13.835224	9.1454151	0.042702093	-0.14999417
4417	1.8015176	-0.12172568	2.5791631	2652.3447	25.757642	16.600214	-0.046247185	0.1951158
4418	1.755823	-0.54659695	0.88644477	2850.5185	12.9849	11.310267	0.32680013	-0.019137679
4419	1.5641437	-0.51302666	2.2160042	8647.8067	77.393876	68.887909	0.057929596	-0.59142523
4420	3.0525567	1.0034372	0.49296806	294.66009	8.2445967	1.2738397	0.17133954	-0.13354239
4421	1.8206591	-1.0973439	2.7951413	10267.164	66.310726	50.769851	-0.05534376	0.18230786
4422	1.4022598	-0.98365432	0.83239397	2906.3938	54.505686	49.49312	-0.07762818	0.36216601
4423	1.9017163	-0.027257642	0.8876339	800.39317	3.3174843	3.114211	-0.14109413	0.047531554
4424	2.298828	0.45762185	0.98336847	273.68074	3.1980037	1.404797	-0.06551551	-0.017067687
4425	4.6524923	-1.3022816	0.85944179	902.86103	10.224111	9.6102632	0.059019613	0.1167323
4426	2.8924348	-0.76814149	2.59463	2932.95	13.144954	9.4029616	0.037752604	0.0051626496
4427	3.3539552	-0.034407601	0.43725466	6321.2428	59.846072	39.612947	-0.010779074	-0.36004357
4428	0.2215166	-1.0038424	2.0559698	1153.448	17.392056	11.160955	-0.0064939764	0.001377708
4429	5.8688256	0.30072481	2.1327523	4530.6016	76.755909	58.533863	-0.35391452	0.033523693
4430	5.157059	-0.21593755	1.3122121	1638.7658	27.502432	25.350021	0.15903236	-0.01382797
4431	2.3558659	-0.70164081	1.8325516	73.950891	1.4123053	1.2497338	-0.16219826	0.025586398
4432	4.1984202	0.02919769	2.4428553	850.24333	10.685578	9.9750762	-0.088715963	0.062984915
4433	4.0748972	0.049576401	0.49764552	1030.1546	11.843062	2.1666933	0.00045716614	-0.040748477
4434	2.5716555	1.043623	2.9492426	7250.0658	29.069905	21.467162	0.056230994	0.047675481
4435	3.4257703	-0.49219593	2.9165948	786.55912	10.638634	1.3696659	0.0039550722	-0.0063477922
4436	1.499529	-0.91417394	0.79999859	2707.5753	46.183219	45.962179	0.11391144	0.044833163
4437	1.5470606	1.3104525	2.2470492	837.87608	21.088765	9.9423452	-0.030043277	0.014251855
4438	1.1414231	1.4941172	1.4110453	4198.5006	149.23242	62.232806	0.23514994	-0.012650303
4439	5.23917	-0.37868619	1.3223451	1712.139	61.166881	32.507907	0.006376941	0.23552744
4440	5.9108106	-0.0046287368	2.1867582	3690.3909	53.154083	41.579747	0.056793857	0.127051
4441	2.6929584	0.25531267	2.6046626	555.40442	9.399702	1.5142251	0.58450284	0.07861616
4442	1.064926	-0.21822693	0.60801065	498.37739	2.5089028	2.2796668	-0.064802321	-0.0081883335
4443	5.4238353	-0.8652111	2.4303736	2801.3571	71.161959	13.667062	0.008646233	0.0830093
4444	0.55612394	0.37823959	2.7347753	809.89416	2.4933734	1.5842284	-0.079499258	0.046160997
4445	2.9483201	0.92504169	0.68562553	3338.978	51.448854	48.286442	0.025787318	0.063626343
4446	2.0306741	-0.98322762	2.5353264	494.19261	2.2307112	1.5444724	0.05170989	0.12380299
4447	2.6203797	-0.67399071	1.2531067	457.62862	2.0371306	1.6946099	0.016918374	-0.0025946211
4448	3.6509859	0.72458489	0.59179117	1628.709	12.622667	10.816603	0.13146564	-0.076291107
4449	1.8758681	0.10289532	2.2832159	1987.9457	32.26159	24.73117	-8.4161447e-05	-0.013024427
4450	3.3344019	-0.42891111	2.6461937	591.38287	10.503633	2.5145994	0.31115652	0.029872602
4451	3.4331239	-0.43651765	1.2204613	1188.7884	24.76684	14.03428	-0.0014311891	-0.14079212
4452	3.9138574	-0.42464307	2.1386013	1002.6446	26.180362	20.617743	0.040658657	-0.080632699
4453	4.6516562	-1.018301	3.0287835	6879.0065	59.104986	57.161283	-0.066489171	0.045282303
4454	5.6693052	-1.0555719	0.59682336	5018.421	113.82047	47.017113	0.023649992	0.11340694
4455	3.9927816	-1.0741125	2.2643924	1928.308	14.425545	11.507041	0.35971918	0.003998907
4456	0.23809353	-0.78079378	2.7346151	1259.4822	12.505389	11.152902	0.46211454	0.0016722117
4457	4.4517053	-0.61159446	0.51327053	556.53745	1.7945367	1.2613033	0.085187505	0.19995612
4458	1.2953936	-0.53935541	0.96877794	1757.0415	13.10108	10.111345	-0.045808618	0.0068395623
4459	3.4325499	-0.031273746	0.030316774	6098.1361	26.829129	23.595168	0.1238334	0.0064503943
4460	6.1521411	0.62535514	2.8902522	4511.7083	116.34746	69.788387	-0.0047553277	0.0093889254
4461	2.4679898	0.71705893	2.4660868	8861.8257	49.507641	44.150873	0.012215793	0.086346835
4462	4.6780731	0.17359859	0.72977785	3748.8786	15.669007	15.289409	0.10951246	0.15310505
4463	5.5402961	-0.58464732	2.7543919	4304.5864	90.979469	47.857356	0.0057786992	-0.64190934
4464	0.82188411	0.57203947	1.2881567	180.64487	1.3667475	1.3428666	0.048493292	-0.00011038317
4465	4.4005876	1.339807	2.4273776	5577.5474	56.901875	43.343766	0.059580964	-0.26825667
4466	1.2145006	0.64836592	1.1145875	1848.495	30.696462	26.156802	0.11313837	-0.014631588
4467	4.4944805	-0.70193822	0.69341604	897.1864	12.424829	10.939934	0.064206351	-0.28978224
4468	1.3293502	-0.5004633	1.1089295	918.98375	11.915824	10.79848	-0.027042567	-0.041118029
4469	5.4322498	-0.15848836	1.777529	533.01055	15.25649	9.2898476	0.010160974	0.14047277
4470	1.1528462	1.0906881	2.1435866	856.60584	2.5819084	1.4564065	0.3353651	0.041944472
4471	0.82052025	0.68485915	2.1206724	381.7418	9.7703668	1.5440961	0.088859628	-9.2137383e-05
4472	4.2214981	-0.29992648	2.4483967	827.54455	11.428968	10.676884	0.1745461	0.30056206
4473	4.9936315	-0.84156054	0.8235225	1229.7814	13.151915	10.560848	0.22147386	-0.043381272
4474	1.9741789	0.35921076	2.2285184	200.6839	1.2947916	1.2480909	0.18949562	-0.055226604
4475	0.26951106	-0.088265472	2.7938542	5624.5411	77.911974	39.776812	-0.44803872	-0.25413732
4476	3.4415628	-0.55126052	0.89613553	3876.7008	29.900903	19.314764	0.10578308	-0.061843653
4477	6.0177963	-0.25441848	0.91578765	292.5206	19.922452	18.886801	0.080955981	0.11286246
4478	3.9092542	0.4677527	2.0982747	3810.3075	17.026197	15.586981	0.016926893	-0.012522278
4479	2.943097	-0.23281672	2.6663537	2814.6032	18.613975	13.35274	0.030556452	0.025373188
4480	3.889126	0.079022893	2.1895803	578.2037	9.2554321	8.4273294	0.0028201187	-0.067685362
4481	1.9771271	-1.0576379	2.8173514	2309.9433	13.174233	9.2396778	0.020993141	-0.2203362
4482	0.73159747	0.078800456	2.6791274	2253.836	40.500276	33.895868	0.012713409	0.016312848
4483	0.90226331	0.37054201	1.1124163	5700.0628	72.172734	54.601484	-0.10856645	-0.0011028675
4484	1.1485262	-0.085917191	2.6233865	13297.874	102.91307	95.10956	0.16722211	0.092981631
4485	5.5350296	1.1585079	2.7977923	1750.9028	11.344292	10.885802	-0.13246428	-0.027522795
4486	1.5765456	0.65810909	0.68209296	12894.245	62.792057	54.715206	0.043988083	-0.016155178
4487	0.20552296	-0.19852949	0.14192989	608.2872	2.564485	1.3058876	-0.03271071	-0.039755167
4488	3.7307022	-0.20156936	0.43884189	2513.6341	55.45516	18.899145	-0.014492682	0.15284621
4489	3.9361271	-0.13051697	0.35025449	8624.8916	124.55784	66.336084	-0.35369934	-0.049496851
4490	1.5255829	-0.65095395	1.2782117	1620.1348	51.27698	41.651698	-0.12500634	0.35653932
4491	3.1478507	0.96093588	2.3474535	3194.5921	35.260655	30.089086	0.15454588	0.089759414
4492	3.8252449	-1.0401703	0.59847579	1132.793	11.043249	10.242635	0.20377523	-0.059057412
4493	4.3028137	1.1674887	2.4483606	2266.8977	46.512064	30.767746	0.00013610385	0.25418416
4494	2.8028958	1.2497319	2.6654446	470.86814	2.4129467	1.7126546	0.013357813	0.03338327
4495	5.3415175	0.97711074	0.69878625	904.0301	9.4637205	7.4506638	0.069059831	0.11168829
4496	1.0509788	0.78075748	1.2108532	949.56546	41.076024	12.332191	0.091453537	0.39680281
4497	3.3905993	0.68507224	2.6231829	686.83609	3.2827935	2.3031678	0.044608835	-0.0001454021
4498	1.5504218	1.1082114	2.665311	3821.4256	37.86741	17.208384	0.059622421	-0.11879115
4499	2.9183937	0.2303467	2.7385893	1766.9326	9.8925563	7.9417301	0.13641302	-0.0030312988
4500	3.7487273	-0.040767909	2.676142	1891.3908	19.738616	17.708358	0.074833176	0.10971813
4501	2.2354818	0.21258328	1.4433042	4379.9164	53.09334	34.803475	0.026939055	-0.020770723
4502	5.0261576	-0.29184037	0.46359758	519.291	2.3169497	2.0332028	-0.002372252	0.18482984
4503	0.67197185	0.7371954	2.7066147	2261.1293	35.319062	13.39121	0.009465437	0.067906857
4504	5.0791308	0.45446541	2.6486896	10847.105	103.7422	72.953376	0.080202269	0.087232071
4505	3.425955	0.90026505	3.0607674	1262.3794	11.632396	10.839545	0.076968434	0.13471805
4506	4.2609144	0.022268352	0.23044358	5449.4592	59.813005	31.508918	0.3598084	0.20889032
4507	4.8366793	-0.076831836	0.23460917	1571.7214	33.180045	30.150201	-0.15167914	0.073501448
4508	4.3429157	0.53800032	0.20925886	4372.8604	56.14658	41.79358	0.3873412	-0.32901026
4509	1.2346774	-1.1225003	0.13525126	3164.5182	49.75108	27.762195	0.36869376	0.0083164052
4510	4.362243	-0.62494284	1.4008577	275.08389	1.2956141	1.285019	0.065969444	0.039393784
4511	4.9177785	-1.0272219	0.30153903	5773.4247	95.085601	61.361529	0.51429352	0.089892536
4512	2.5340821	0.1138766	2.4104265	3213.5146	47.133794	18.385807	0.22938893	0.020375319
4513	2.2820748	-0.47187644	0.52117802	367.02974	1.5901283	1.3723343	0.16387268	0.14511316
4514	2.7423468	0.89675995	0.38479497	1695.3452	92.254718	37.467076	-0.034863908	-0.17492318
4515	4.2302584	-0.84403903	2.0576622	1472.7794	53.698632	10.258563	-0.078353214	-0.0024623548
4516	2.1555048	0.19248519	0.78549511	6927.62	54.910799	53.689679	0.0047798021	0.054288991
4517	3.679524	0.24076171	0.8938771	1503.8593	12.294712	11.736883	0.018968444	0.015833944
4518	4.8507767	-0.23628222	2.2825846	2353.162	50.090584	34.670626	-0.06512517	-0.005460585
4519	2.6559435	0.69476274	2.4745541	345.07978	3.2822325	1.2800758	0.02855894	0.20235827
4520	0.45096386	-0.91376227	0.090179237	8057.413	36.186349	29.80868	-0.01323506	0.058819995
4521	1.0239005	0.027537481	0.57221556	3706.577	36.06193	25.330644	0.039270728	-0.1853009
4522	0.71618402	1.0194254	2.7273616	8495.906	61.547145	58.058495	0.055797397	0.049752696
4523	6.0014958	-0.57773785	2.0625463	754.71711	1.6557461	1.6435145	-0.1244528	0.042886328
4524	1.4254903	-0.02323922	0.32512696	989.29692	10.70613	9.1607008	0.27962683	-0.050354268
4525	6.1015709	-0.72288118	2.1674954	775.28706	10.251367	1.7005545	-0.092979885	0.014223742
4526	2.8144414	0.14400265	2.2467345	417.34836	1.5871242	1.4224057	0.094833403	-0.10042994
4527	4.3286718	-0.96065623	2.6424947	1555.22	12.172301	11.353115	0.077318068	0.21547555
4528	5.3348733	-0.12777359	1.8160151	1182.2004	12.007311	10.545628	-0.0046575669	0.00022703951
4529	3.3744895	-0.41586207	2.5079846	7330.1457	73.55614	65.089021	0.092875316	0.081271026
4530	2.9314298	1.3088305	1.9507221	1906.5352	34.705764	28.756783	-0.045426278	0.075078327
4531	3.6741257	-0.32228515	2.5225625	6513.3356	47.493267	16.59196	0.016487198	0.1908984
4532	3.0565483	0.66995139	0.54337299	1927.8315	34.878643	26.697294	0.2416246	-0.16394706
4533	0.4532823	0.66414172	2.2123242	692.68394	11.24853	8.2434113	-0.29090822	-0.083332056
4534	1.5233007	-0.61985886	0.36726896	2231.5	16.945323	13.238145	-0.17221793	-0.095446814
4535	0.76223409	-0.22812668	2.15063	875.6261	19.016275	4.4308108	0.10627017	-0.12571423
4536	0.73142982	-1.1132377	0.85833044	1375.4139	49.443208	30.657174	0.17719505	0.039906965
4537	2.4517796	0.48241507	0.73206521	1247.9261	9.9194577	1.7304659	0.47351688	0.014054622
4538	3.2086975	-0.47200237	2.8463412	1463.4314	34.712229	18.361278	0.30966747	-0.10196538
4539	1.6473134	-0.52310005	0.44819552	5678.4708	76.140453	66.271709	0.31475231	0.34865622
4540	1.9479225	0.33593927	1.6544752	2796.1348	51.162301	45.26057	0.15673214	0.00091452015
4541	4.8515578	0.15686147	1.8901253	2114.1277	14.36925	13.608931	0.029758888	0.038573787
4542	0.11046231	0.73071774	2.7189561	1982.4433	16.539787	9.0139957	0.035727335	-0.0079968184
4543	3.0443365	0.90490096	1.024488	1044.2169	11.444696	11.184567	0.046413909	0.003553217
4544	3.4661303	-0.95995313	2.4825927	2800.1721	32.11026	17.319752	0.12136317	0.046143665
4545	0.018645657	-0.13714599	2.0361762	1597.959	11.960368	8.0770857	-0.019877758	-0.021062944
4546	3.9600496	-0.11752509	0.5306986	2656.6375	30.19746	12.45161	0.043686236	0.23441706
4547	6.2764474	0.39345144	1.0051925	4287.1362	42.197464	30.606248	-0.12481732	0.30640129
4548	0.80323622	0.70480262	0.66629065	9922.3811	108.90162	95.806879	-0.091201251	-0.030418073
4549	1.4130396	0.9019199	2.4081628	6982.954	66.097698	55.419907	0.17288332	0.01683956
4550	2.0872831	-0.30361843	2.8842341	605.0034	9.219726	2.0674645	-0.090794368	-0.10163465
4551	5.4217868	0.63845647	2.7025338	4799.4825	135.86512	59.104446	-0.0016851835	-0.057281042
4552	5.5493626	0.42743489	1.0709333	631.48124	8.2512779	2.9643943	-0.00018304316	-0.28322154
4553	0.26471671	-0.58824949	2.5246909	188.18059	1.7128872	1.4124659	-0.27865477	0.015609485
4554	5.7118372	0.54535518	0.53476773	5091.0334	62.140498	50.097116	0.029051302	0.036801063
4555	2.4329787	-0.59071085	1.3373469	992.48218	10.656702	9.5963818	-0.084878674	-0.037335402
4556	5.8689565	-0.58194017	2.4774793	1268.4716	7.2449733	4.1166913	0.035919852	0.0023482258
4557	4.399903	0.092008093	2.7122141	3107.8031	13.442769	11.232044	-0.0079687807	0.049253064
4558	1.1357562	-0.64017949	2.7050742	1992.4509	10.946054	10.262871	0.020376755	0.2976586
4559	5.8257065	0.24673586	0.84187809	2549.1208	34.642249	32.330096	0.0064927782	0.0014468413
4560	6.0650579	-0.80271019	2.7061669	451.07913	2.070218	1.9117612	-0.10844849	0.044480907
4561	1.3937133	0.93240983	1.8030629	1544.3838	10.348959	5.2442064	0.039870587	0.10493153
4562	3.4814032	0.61681576	0.57330906	691.32504	14.529297	2.7157515	0.15647956	-0.0028892899
4563	0.37845812	-1.1154044	1.9373587	1953.4892	51.20235	46.462557	0.014592657	-0.23648053
4564	0.61866378	-0.10389867	2.1814645	1742.3401	12.47792	11.705882	-0.11042499	-0.23048713
4565	6.1266455	-0.86159752	1.2498909	1951.3253	51.4632	34.913789	0.010985694	0.15647698
4566	1.5094057	-0.34735182	0.15338946	2964.432	36.967892	11.675804	0.011944399	-0.17299618
4567	2.3279891	-0.40156658	2.5966171	2104.1341	12.37124	12.295937	0.0046856013	0.007089102
4568	5.2016375	-0.10647687	2.9268974	1370.7369	37.158202	30.675449	0.10057799	0.089118621
4569	0.62177052	1.0362246	2.8408607	7624.0605	53.194208	39.980601	0.21234658	0.012562129
4570	5.3103225	0.9170863	0.32035847	8583.4403	150.89507	85.374652	0.008130084	0.010061958
4571	0.020689196	0.58758225	2.0603372	1410.4802	26.019818	24.162281	0.1205012	0.0059166201
4572	0.56529675	0.22482132	2.5177205	3418.6438	14.156258	12.415354	0.01896996	-0.13435839
4573	0.8642618	0.15806751	1.8987393	707.42186	10.504425	9.9848793	0.19504132	0.069297673
4574	0.92941343	-0.66003531	2.3782718	3824.3594	48.638799	48.305682	-0.36137711	0.0092371442
4575	0.93481748	-0.21189506	2.4995835	2319.4308	12.451044	11.884214	0.041207052	0.10878844
4576	3.2538455	-0.025042159	2.5915797	879.00201	39.685053	1.3476842	-0.15191678	-0.0099196861
4577	1.666247	-0.35809245	2.5106083	1498.1404	10.922809	10.756821	-0.00025718941	0.22601413
4578	6.2221043	0.83558198	2.4393365	2007.6322	52.139022	15.182159	0.09822434	0.099514393
4579	5.2999094	0.21653745	0.7121919	518.1413	2.6807877	1.8956754	0.019719017	-0.066658703
4580	2.2894483	-1.4056596	1.8277778	3016.5529	29.058786	28.496263	0.071107018	0.04720023
4581	2.55374	0.95220202	2.1427755	5231.6047	70.92698	39.141708	0.11724799	-0.33871163
4582	4.6931006	0.9911224	2.7228763	8574.5372	39.268228	38.311397	0.00045307309	-0.032772006
4583	3.9080367	-0.99538477	0.076756665	267.05077	1.3132444	1.2344187	0.0066691374	0.081844751
4584	0.1121596	1.089976	2.1868957	827.22586	11.65376	1.4706341	0.11495706	-0.11018603
4585	2.2721071	-1.155515	0.68812659	1707.8754	12.581696	11.487476	0.0091011553	0.010365928
4586	4.8675091	-1.0946887	1.8951614	1793.0207	12.914295	11.081957	0.25477161	-0.0015819259
4587	1.9815257	0.4147772	0.48754433	1062.788	3.5289246	1.5252335	0.13648511	-0.027052646
4588	4.2207317	0.78634217	0.70474105	15873.174	108.31961	97.805033	0.12368515	0.065355462
4589	2.6846772	0.77658046	2.3140908	5371.6907	63.694432	58.964437	0.051473012	-0.0060713233
4590	2.6443424	-1.0927614	2.4537812	457.50564	9.1707854	1.3378327	0.17274862	0.21638211
4591	2.1254503	-0.59093215	0.44580631	4087.8729	14.227089	13.745651	0.078678935	0.0042762791
4592	2.6877071	-0.59284665	0.98633319	1940.4249	40.857274	40.408468	0.059897984	0.035792355
4593	0.13096961	-0.24510136	0.46250582	1929.6822	12.251112	8.3010477	0.29433866	0.17235854
4594	3.7780298	-0.32770858	0.39089915	520.05633	11.043057	1.3513476	0.02200796	-0.014149641
4595	1.2701701	0.74614277	0.6453611	5435.0637	60.778237	57.974637	0.28633292	0.030767498
4596	3.1201519	1.0520991	2.6415793	4926.0437	65.591203	51.200491	0.19136028	0.30457785
4597	6.202076	0.39679136	0.86807454	527.06276	10.45662	9.902863	-0.0088335002	0.033737378
4598	0.62183324	-0.9323011	2.451826	1946.2844	12.967219	12.424071	0.029314591	-0.14425457
4599	1.2209816	-0.2597746	0.49090973	1182.6275	41.689452	36.945559	0.00011101289	0.10863853
4600	5.1583376	-0.62833942	2.1483327	8400.3164	135.22892	83.823815	-0.28072919	0.089997584
4601	1.3410271	-0.66125992	2.2932871	1021.4474	11.64456	11.154657	0.18579287	0.028843693
4602	2.5939387	-0.33980413	2.2159174	2863.6338	52.12449	32.343536	-0.0061335394	-0.0094310493
4603	1.5701684	-0.80535022	2.0565038	3286.1395	56.963531	30.924791	0.13976978	-0.020312855
4604	1.7980421	0.78299995	0.06913186	348.04521	9.7530178	1.8947447	0.15776437	0.18685386
4605	0.31970007	0.95997587	0.3941828	3467.2725	14.354487	12.375695	0.012318612	0.059348405
4606	4.5694596	-0.25682947	1.9979237	3327.3922	52.964868	51.576546	0.31762963	0.0057002533
4607	5.0036323	-0.30081296	0.099035055	513.37488	2.0360794	1.721213	-0.2186641	0.058918678
4608	5.4342465	-0.89317649	2.4380727	4872.92	58.275502	44.491387	0.20905888	-0.0028255413
4609	5.5512347	0.80163254	2.3867197	6827.038	73.041007	69.741393	-0.080436724	0.11455666
4610	5.6808551	-0.60246872	0.70095329	1163.747	29.548916	12.736264	-0.50837313	-0.04541533
4611	3.6578928	-0.11040455	0.47331293	2008.7315	12.213232	8.5119212	0.063753834	-0.046786225
4612	0.60536924	-0.6490034	0.30296503	8983.0246	85.919824	70.967555	0.022188695	-0.05868729
4613	3.6117513	-0.35492033	2.3145601	3566.175	59.587889	33.789315	0.052792894	0.15428904
4614	1.6239803	0.64771045	0.92357259	2028.2423	33.533173	18.490487	0.27137166	0.018235469
4615	0.042885977	0.60695396	0.72018656	5444.424	72.986141	47.985688	0.35233758	-0.072514398
4616	0.77363326	0.31759759	0.47829947	3125.1876	14.900487	13.921454	0.0050456254	0.16008363
4617	5.8795599	-0.68680363	0.72928788	566.51066	8.5688972	4.4891948	0.047798199	0.0043008518
4618	2.8465222	-0.64972933	0.60283129	2255.1836	39.458474	32.435641	-0.013111951	0.0046643195
4619	4.07317	-0.30883276	0.37202245	3813.9414	28.072291	26.988117	-0.18141806	0.088209321
4620	3.7599318	-0.29473046	1.7031224	3786.4191	59.169415	43.430532	0.1202666	0.044577614
4621	3.9765742	-1.0430506	2.4964119	2438.0855	14.310738	13.878435	0.11250894	0.048449731
4622	6.2148952	-0.41673876	2.9068073	6159.6039	67.959493	62.768907	0.17766132	-0.018404245
4623	3.9989441	-0.9947259	0.4575839	2988.0801	24.046138	12.908696	-0.058418731	0.20158933
4624	4.2632749	0.52739755	2.6286337	7797.3971	55.855706	19.134622	-0.014148437	-0.039307497
4625	3.5854535	1.0274818	2.6034895	1234.85	46.777524	37.744523	0.061063323	0.52700264
4626	0.41085246	0.762293	0.8035094	2523.1811	47.983479	29.265018	0.036797523	0.0020737665
4627	0.83787475	-0.5648719	0.51224103	548.90728	1.7911317	1.3355301	-0.048889512	0.015241689
4628	5.8918413	-0.67502262	2.4166068	7203.5394	119.70787	57.188579	-0.0059608724	0.031767273
4629	5.282014	0.1987758	0.44792638	931.95408	10.699832	1.5815408	0.010142318	-0.14424684
4630	5.1560021	0.48120173	2.4048713	2176.713	11.995087	3.1505664	0.015316735	0.092223628
4631	4.658136	0.3090102	0.98654687	534.54551	10.071625	9.5049405	-0.0092193024	-0.28437114
4632	2.4837556	-0.088128896	2.0549471	2018.9423	43.106674	21.887186	0.074505841	-0.29176818
4633	5.5538869	-1.0973924	1.5980942	997.36815	10.187618	10.097082	0.19081102	-0.038443633
4634	3.4649548	0.17629175	0.32103356	2955.1645	14.930181	12.19866	0.1798991	0.001906588
4635	3.8979482	1.0091068	1.0223909	2684.9301	61.613365	56.562267	-0.0019466769	-0.020624279
4636	3.4522622	-0.68322005	2.7517801	16444.776	115.70046	81.986646	0.064717211	0.17455546
4637	5.1899572	-0.54719353	2.4319879	1681.5309	12.26399	10.760295	0.3910415	0.031681809
4638	5.8156476	0.51875731	1.2476435	4712.2611	50.639568	28.992927	0.39771378	0.089297123
4639	1.119215	-0.25851582	2.5404785	2084.4012	12.762208	10.614813	0.078622248	0.078814639
4640	2.5113928	-0.028536783	2.6612004	2088.2643	33.898058	22.181089	0.37614352	-0.025151018
4641	1.1468408	-0.39083201	2.1606686	2361.0529	35.554588	33.434583	0.40865625	0.044794908
4642	2.6794083	-0.39377516	2.1242556	7067.5557	74.728165	65.27852	-0.0032349764	0.68481458
4643	6.2184689	0.62320041	2.7955114	3465.7092	35.661066	35.300166	0.10995022	0.059002682
4644	1.2296481	-0.65161068	0.7002139	3698.822	32.949358	12.791266	0.038438033	-0.040189645
4645	5.4636732	-1.0435284	2.3561078	577.67035	9.7931951	9.0830779	0.012209171	0.15203719
4646	4.2778309	1.0441451	2.8508787	330.11414	3.0714368	2.2901545	-0.058107556	-0.007167893
4647	3.0965465	0.086618797	0.84850286	427.01072	4.1095705	1.3094113	-0.34466023	-0.045819642
4648	0.99494422	0.18384044	0.78600197	1758.831	12.7168	12.027071	0.050160747	0.012505309
4649	3.5731881	-0.32330129	2.5288461	1595.9005	11.963988	9.8475662	0.034673397	0.1670744
4650	1.8469168	-1.297854	1.4622052	1422.6407	12.22698	10.778528	0.29595558	0.12018883
4651	2.7483757	-1.0617922	2.210065	1096.359	11.801311	10.700398	-0.033033574	0.21654191
4652	3.4453859	0.22847657	2.9017214	5930.9222	178.8915	59.79384	0.0052376602	-0.083720043
4653	5.8751853	0.93378436	0.28503875	7913.6281	76.107914	51.080121	-0.00065339106	0.21613515
4654	5.3916352	0.18165093	2.0706536	2952.365	55.316695	53.682515	0.17689431	0.37398948
4655	5.910886	0.70971816	0.88898058	2924.5985	15.831545	13.662067	-0.070437252	0.082347942
4656	3.8040016	-0.64508216	1.8877455	3764.5167	28.569753	15.824715	0.066004183	0.25825869
4657	3.3276096	1.1298499	0.92635279	3362.1525	57.407295	57.081445	0.21429584	-0.41745715
4658	1.1588897	-0.094355025	1.8213895	756.87291	9.9364242	9.8659875	0.054151982	0.13355991
4659	0.19006971	0.86576012	2.1513204	1712.2628	12.966567	11.843589	0.063934336	-0.014039237
4660	4.5042283	-1.3273436	2.4166038	5908.7848	46.266662	44.268883	-0.092344952	0.0088575851
4661	1.9423564	0.28399487	2.5164389	5029.3902	66.184064	25.185366	0.026880093	0.64024509
4662	3.5820091	0.6288494	2.6066558	6050.092	144.12303	65.162875	0.002070021	0.09282894
4663	1.7007133	0.11107908	0.70709824	620.81744	5.6824774	3.8024969	0.11603795	0.22448503
4664	0.25992788	-0.2197403	2.0654882	2622.9573	38.879385	34.004175	0.29305558	0.00060587602
4665	1.5982652	0.1373488	0.54651524	2255.6322	44.779465	44.404346	-0.085454053	0.33172113
4666	4.6876272	0.54004236	2.9161972	2091.9892	40.581183	39.212495	0.060744002	0.18539233
4667	4.155191	0.2306321	0.80597656	7446.2995	64.822081	61.342826	-0.13696352	-0.34510422
4668	0.87871775	-0.4046876	2.1692088	3011.9823	38.362918	12.855664	-0.041110956	0.017342721
4669	2.9408596	0.50854621	0.66275003	822.72017	26.756706	25.073813	0.059779698	0.039420205
4670	5.3166198	1.4523624	0.55932407	2429.2525	10.841064	10.781774	-0.22181044	0.039627918
4671	0.62455344	-1.1409014	0.56132442	458.31819	1.4874556	1.4453927	0.19752393	0.1144025
4672	0.018788266	0.31530047	2.7952987	1700.1428	12.673735	12.425209	0.19102291	0.083237492
4673	5.0010048	-0.62826339	0.8031093	2903.94	55.168166	37.084257	0.11269685	0.65448455
4674	2.7111083	0.57414072	0.23821102	1681.1752	28.657504	8.2038511	0.11519357	0.048838177
4675	4.852308	1.1258741	2.1083847	2612.9537	52.360462	43.986472	-0.029223168	0.16100428
4676	2.7396239	1.2058141	2.5603182	4712.0972	83.145537	71.141624	-0.027353798	-0.035303549
4677	0.18471208	-0.36403293	0.2016333	473.59167	2.7494797	1.4583073	0.085518428	0.078536871
4678	0.10254355	0.015394335	0.99437122	2739.6921	35.353571	35.282931	0.056555795	0.0026790906
4679	6.0849546	0.81458666	2.3260967	3616.4382	39.305352	36.675106	0.11971968	0.042687699
4680	3.3373687	1.2113419	2.8857213	2180.5544	25.204937	12.323967	-7.7938459e-05	0.037306274
4681	1.9826979	0.65187802	0.47130255	8336.9358	75.580838	70.764619	0.33564978	0.18552221
4682	0.77371907	-0.45379446	2.9370761	2588.801	13.208847	13.05763	0.02937455	-0.13628093
4683	2.9083657	-0.57347397	0.23774838	599.21126	10.224836	1.487585	0.017888881	-0.00094298479
4684	3.3543624	0.94581459	0.59262812	3345.6203	47.182194	23.862216	0.011335213	-0.00059294144
4685	3.3656553	1.1441947	2.0181433	3609.43	140.24793	92.45857	0.19184345	0.023839776
4686	1.7024497	-0.95100105	1.028295	2854.1805	13.845229	11.711635	0.0035317039	-0.043419823
4687	4.4023573	-0.85121312	0.83895227	1381.6036	11.891356	10.860821	0.075077935	-0.32706907
4688	2.2350707	0.60757056	2.4856067	12879.342	92.488276	59.429162	0.25833087	0.05884889
4689	5.4670573	0.6198326	2.3302865	5052.2426	170.2146	167.26612	-0.074262366	0.28906176
4690	1.1974442	0.33186816	0.78298838	2095.0354	14.78456	14.64853	0.0043839443	0.17180039
4691	1.2981207	-0.66049424	0.3647555	1283.5883	38.370859	33.738628	0.0050063438	0.04884862
4692	0.67952944	-0.47420999	0.67418311	4450.2237	55.95947	33.503478	0.055416691	0.055939316
4693	2.4523426	-0.19326564	2.2241925	483.35968	2.4852252	1.88254	-0.026872013	0.0026118779
4694	4.0332794	-0.28660888	2.0502542	244.92085	1.5009346	1.3626011	0.00065183546	0.023947212
4695	1.5791645	-1.0509783	1.2384731	3098.0872	60.811305	34.443772	0.16335994	0.10667793
4696	0.79347307	-1.1335422	0.39549378	1162.5298	10.516578	3.4751472	0.2094122	0.052244752
4697	1.612307	-1.3884182	0.85975688	1388.3619	11.048971	10.591494	0.27613897	0.094351427
4698	4.4464895	1.2929092	0.33211156	1010.2763	40.880066	36.28132	0.18907766	0.19480421
4699	2.8654497	0.69558729	2.4900994	4984.7345	50.149832	44.616051	0.043098143	0.086516916
4700	6.0906358	-0.9786818	2.0192198	221.02857	2.0556962	1.5793115	0.0078617007	-0.19299131
4701	0.2633346	-0.49827652	2.4311755	1627.5832	12.564388	10.12365	-0.029231913	0.045591281
4702	4.9632147	0.98081201	2.7875854	557.12191	2.5187137	2.0206843	0.042915198	0.24434391
4703	0.37166503	-0.59228118	0.91790614	871.35096	11.787977	10.396547	-0.060048076	-0.0293375
4704	4.0715979	-0.67038101	2.6308354	966.05681	14.850156	11.925583	-0.023506488	0.022101204
4705	4.3187616	0.042638744	0.42793394	12278.347	90.590402	89.098075	-0.060497532	0.43931278
4706	5.439197	0.63818248	2.3210705	686.84468	10.166382	3.3247829	0.51963362	0.011285122
4707	0.97203667	-1.096924	2.0685713	2850.506	54.026235	47.898486	0.022087327	0.17457471
4708	0.38767555	0.32220202	2.2313445	2020.9202	30.364763	29.015948	0.024223115	0.055001605
4709	2.4683342	-0.38275554	2.4864954	5545.4406	87.753147	58.315813	0.028824463	-0.057050461
4710	0.25692766	0.80486901	2.5714749	5425.7499	53.184797	47.465662	0.0031741301	0.15092824
4711	0.78858309	-0.2900645	1.5505286	1843.3736	59.42393	42.059151	0.14907385	0.11703294
4712	6.1056994	0.63333212	0.048231766	1034.6969	10.03595	9.9233902	-0.016080303	-0.080488408
4713	2.6015016	0.80737083	0.21940938	14789.021	79.386666	61.474187	0.027672653	-0.28707415
4714	5.7296109	-0.75814397	2.4593407	6160.7159	78.789898	64.23679	-0.52186729	-0.011029418
4715	2.580411	-0.55700714	0.59375761	1959.5074	43.023781	41.202735	-0.065986306	0.18319914
4716	5.6933114	-0.51403945	2.7720551	2128.9206	51.486325	35.21237	0.028126066	0.086865516
4717	1.1610727	0.036187202	0.81259737	3985.8972	46.790718	42.824197	0.22206903	0.037808876
4718	3.3447549	0.60113473	2.8016749	3999.9173	13.555581	13.473195	0.058902562	0.085546029
4719	5.8932555	0.57029084	0.54380372	2685.739	14.382846	11.228197	0.22515361	0.041873015
4720	1.6734693	0.4707897	1.3863272	560.16868	37.282999	26.370896	0.2776299	0.26357681
4721	5.4154449	0.79618336	2.4590884	12363.073	83.791504	82.259474	0.41137302	0.041237509
4722	0.85740393	-0.47615535	1.3498474	324.50178	1.694933	1.6432458	0.18413039	0.076070267
4723	1.8281114	1.2314907	2.721511	9068.8859	73.904135	44.662429	0.37198312	0.38853079
4724	1.1371263	0.16005667	2.7026101	382.94065	2.2188453	1.3029573	0.043690472	0.09330265
4725	4.5648384	1.1033871	0.73008657	1309.1418	11.916724	10.550376	0.10992532	0.06549969
4726	5.9549372	0.58733857	0.55103664	1597.6487	12.175812	10.582985	0.3068778	-0.0030398917
4727	5.4964628	1.3820966	0.39665442	2026.6828	14.597025	11.068679	0.41664949	0.2825247
4728	1.8322104	-0.86828076	2.6584254	15611.719	180.46461	112.84685	-0.032206661	0.074505915
4729	3.5636542	-0.13412229	0.52440031	5153.2547	40.024103	39.875911	0.039958418	0.048084146
4730	4.2604369	0.60303677	0.62169308	723.98443	39.200138	21.66579	0.11943379	0.35199866
4731	4.4702094	1.3527551	1.6605988	1880.4163	11.222945	9.677636	-0.15793898	-0.06979877
4732	4.2314764	0.050522518	0.53656041	1124.2104	22.305977	2.7016051	-0.029958048	-0.033355806
4733	5.1803444	0.35900921	2.7722678	4597.4794	47.887833	43.107682	0.097963173	0.10185691
4734	3.3559982	-0.47611545	2.5159263	963.22466	3.4323222	2.9737067	0.13820969	-0.33978734
4735	2.1341194	-0.68388388	2.0176808	3427.6622	50.507942	22.066212	0.26413424	-0.56014543
4736	2.8959789	0.38556044	1.7242303	291.48783	11.164695	2.3228047	0.060834095	0.070014723
4737	5.4716401	-0.093920474	2.3063329	3246.1414	55.682516	39.755459	0.13899044	0.030993621
4738	0.3106181	-0.049778991	0.45863808	2175.9962	14.339926	12.883025	-0.011109314	-0.095740374
4739	5.0349421	0.1547829	1.9724581	1056.7266	9.9308422	9.1879517	0.035173414	0.2007406
4740	0.97795362	-1.0418354	2.6803866	2821.3392	26.352039	11.874109	-0.015217869	0.13088114
4741	2.1945492	-0.17082987	0.65412334	736.56756	37.045416	36.272901	0.090073754	0.15055094
4742	6.2337527	-0.48132392	0.53160318	596.05786	3.4163627	2.8160052	0.09021487	0.018987258
4743	3.6889757	-1.0664877	0.81387877	346.21982	19.954712	16.467408	0.0048007519	0.024784126
4744	2.0162179	0.17529389	2.9079149	3794.9354	121.64289	115.80473	-0.020564869	-0.021724006
4745	3.4915982	-0.41329675	2.0066949	2554.5497	50.571454	38.68267	0.20667607	-0.015117182
4746	6.0433722	0.92698548	2.4923601	5557.2625	60.884893	53.813424	0.040802807	0.00065053278
4747	5.5047512	0.83775422	1.2028316	851.65584	20.680466	4.1468573	0.1843406	0.052599731
4748	1.7658162	1.3121575	2.4028871	6154.9331	59.887333	49.29492	-0.12956919	0.12625655
4749	4.5644773	-0.71243443	0.52973666	204.62464	1.4685808	1.2952924	0.11801428	0.0070503271
4750	5.1327477	-1.0417645	0.30466909	2099.8511	12.731431	12.306985	0.025179283	0.027037315
4751	1.7739982	-0.82819198	0.92434742	6908.9598	64.567248	55.18617	0.02131228	-0.092484823
4752	3.7109499	0.3429574	0.38638644	954.0035	17.224537	11.55787	0.013950303	0.16150339
4753	0.4878273	-0.19057188	2.3565021	6660.7184	143.60049	134.89514	0.15758525	0.022805843
4754	1.2874335	-0.81581625	1.2180419	1299.0782	12.741701	12.037402	0.03416159	0.010028851
4755	1.1560485	-0.84893969	0.19726657	5383.6267	46.381108	27.017168	-0.057457677	0.014664872
4756	5.0843516	1.0859198	0.79797453	1659.7449	48.686955	36.327507	0.010736777	0.0050159859
4757	0.62864336	-0.29677142	0.59389263	2995.5379	36.367888	27.433525	-0.017084314	0.22676955
4758	0.46527231	0.065531109	2.3684005	3704.6222	28.536631	13.343042	-0.020116128	0.070500268
4759	0.19318867	-0.85267175	0.96012259	1284.8726	43.765003	35.601235	0.064800827	-0.72090221
4760	3.1962647	-1.0273351	0.98228663	633.04355	40.324238	29.190168	0.0030650421	-0.016240017
4761	3.3605943	-0.0028795811	2.6575576	1001.8309	12.008809	9.6952121	-0.025615867	-0.0026067842
4762	2.6441876	0.59619185	0.52100636	320.85052	10.606602	9.7151523	0.167908	0.0012018421
4763	3.2266554	1.0035825	1.5685746	967.97587	11.686743	8.4381433	0.0011282223	0.29704586
4764	2.3002871	0.67594629	0.7556983	2557.3642	14.616244	14.201704	-0.0046507171	-0.22195197
4765	4.1532828	-0.24702324	2.527108	2894.8589	26.013743	23.577459	0.20893038	-0.029536116
4766	2.9903578	0.75084372	0.84308136	5705.342	70.897216	59.948823	0.010895647	0.029220807
4767	0.13503305	-0.098599533	2.3262252	1522.5482	11.723563	10.702551	0.091143703	0.34172509
4768	5.7234702	0.56952313	0.96345124	1169.131	33.335929	11.184733	-0.034209491	-0.074387536
4769	6.0973658	0.41440914	2.0729061	8412.5397	71.672465	57.880263	0.083553208	0.0058668543
4770	3.7561216	1.226401	0.78330054	4789.0222	19.30406	18.740554	0.20030752	0.001180369
4771	2.0162427	-0.13512039	0.39948222	2339.3255	14.708233	12.944028	-0.12635443	0.11359228
4772	4.8320657	-0.43186827	0.92616273	3620.0293	47.255718	26.966175	0.1274171	-0.14707544
4773	5.6436833	-0.005410517	2.5514259	1268.1259	9.3242837	7.3674749	-0.12577435	0.010273654
4774	0.068729926	-1.0238122	1.6457821	1036.0312	10.407195	8.8438415	-0.091709919	0.065991154
4775	2.1183959	-0.73051412	2.0718135	1933.2488	24.09431	12.249991	-0.0031772299	-0.19115879
4776	4.5566434	0.16552009	2.4207464	12624.582	86.449911	75.299356	-0.074910579	0.15500332
4777	4.2169508	-0.013716059	1.0093605	219.08516	1.9838089	1.8183626	-0.19187227	0.03092498
4778	3.384962	-0.47158138	2.0016891	4148.6392	57.27959	56.642927	0.0018221389	0.22327801
4779	4.2504983	-0.31951351	2.5400552	2656.6793	45.427957	24.666342	0.17752094	0.03884248
4780	1.4215889	-0.29024176	1.6760684	415.39338	13.372585	11.115317	0.02482897	0.083025817
4781	0.43317438	-0.21554858	2.24999	3106.1309	48.367962	44.305483	0.055480858	0.021817542
4782	2.1518606	1.0198403	0.89807909	2761.7039	41.725009	34.618025	0.27789462	0.011077539
4783	4.816842	-0.79070384	3.002836	1243.0374	14.141865	12.122505	0.0064818814	0.34731538
4784	3.851374	1.1350174	0.72238579	735.66876	16.593269	10.978208	0.2409369	-0.43505344
4785	2.4577047	-0.1856428	2.1949402	1805.4562	13.157176	12.813729	0.41854369	0.13306253
4786	1.3778914	-0.031402469	2.7341283	4557.5626	117.15715	57.366412	-0.069813153	0.26005628
4787	5.6335241	-0.33700164	2.5464793	1137.4571	11.785544	10.112374	-0.075068092	0.041268344
4788	0.21926202	-1.1058981	0.80656256	5422.2277	58.087184	49.949336	-0.25896516	0.19338454
4789	2.8771989	0.58035174	1.9146458	1081.1915	12.140316	9.9503026	0.043679755	0.00040598865
4790	1.2136844	-0.96921747	1.5593517	637.16717	56.664049	37.348891	0.079528331	0.02997127
4791	0.65160983	-0.60140158	2.6134091	4042.8313	51.116079	41.317202	0.039517693	0.025876741
4792	3.5641697	0.36491016	0.15567616	6140.9302	17.918188	17.401917	0.017560957	-0.0083813741
4793	4.7246261	-0.63654502	2.9360945	362.53786	2.0682748	1.4046	0.18266922	0.10730115
4794	2.369475	-0.39653866	2.3474697	572.51871	9.3745989	1.7159592	0.080455738	0.23360773
4795	1.1825715	0.48387217	0.49545442	1691.561	19.809299	12.510648	0.018290547	0.18739748
4796	2.68437	-0.00028205774	2.0719099	4605.9598	48.48293	47.901556	0.028989941	0.018901144
4797	1.6019293	0.84527711	1.9438721	2114.2943	15.468319	9.0725307	0.19055598	-0.016082445
4798	0.33708684	-0.14948982	0.27478172	1124.1892	12.973971	3.1748454	0.35634369	0.18568015
4799	5.7358024	0.8363817	2.6799215	4575.4287	77.117111	35.402398	1.216486e-05	0.11707182
4800	3.6103074	0.8655479	0.31233847	1550.6333	29.617561	13.541907	-0.031117249	-0.00098187916
4801	0.90632138	-0.46713501	2.1409517	1248.5234	12.220572	2.8790295	0.31010747	-0.027413653
4802	2.4132389	0.36319499	2.4243522	2051.3305	25.05804	13.537374	0.34173516	-0.15675239
4803	4.9727277	-1.2870509	1.8997037	2004.9544	55.789256	29.659386	0.0029071162	0.29601444
4804	1.8534452	-0.24589365	2.5731934	1077.6588	11.572002	9.8526759	0.1177595	0.10979732
4805	3.5651739	-0.47664754	2.2143559	565.20327	7.6504801	1.5142121	0.093871056	0.0023040317
4806	5.1846452	0.53252074	2.1280262	6570.7313	58.890811	51.440614	0.075387124	0.10619818
4807	1.7530668	-1.0197148	1.4971214	1992.5558	32.846979	27.012699	0.038594591	-0.0091170347
4808	3.1726183	0.18009516	1.7719293	1339.589	53.825201	48.983076	0.026119864	-0.00049551411
4809	3.7353667	0.27182715	2.2640623	7393.6173	77.163974	35.361238	-0.089225631	0.1412497
4810	5.7804886	1.1745425	3.0922153	5088.032	151.8513	57.008914	0.14924506	0.094234895
4811	3.3641093	1.1648105	0.79993466	3893.1544	49.912426	44.21167	0.038166566	0.14335133
4812	4.1736598	0.30084599	0.19529228	3635.362	41.524905	26.194659	0.18907985	0.072071797
4813	4.8766621	-0.56435524	2.4322051	9507.9284	58.345395	43.412998	0.11559629	0.05756847
4814	0.27395699	-0.58187005	2.5951836	246.49233	1.3745314	1.354048	0.05682469	-0.0078405069
4815	3.7970444	-0.50224496	2.4730628	2203.6184	11.817229	11.265168	0.033490644	-0.24767973
4816	2.3036061	-0.59593452	2.8650277	7174.4941	54.013481	51.80297	0.14876607	0.0070881378
4817	0.31060362	-1.06884	1.2480557	1583.1106	14.804346	14.119142	0.012148723	0.61699697
4818	2.7757536	0.16876191	0.95622642	3839.8119	58.357597	56.80005	0.084698207	0.064507251
4819	5.0242655	-0.44409928	0.38051731	2309.7664	59.457544	38.297338	-0.17019282	0.061540926
4820	2.9613194	-0.63487898	2.7963466	1294.5128	25.67798	1.5662271	0.13169012	0.052308329
4821	0.20064213	-0.019930038	2.8396133	2542.4225	41.412426	12.294888	0.058462782	0.0083013739
4822	5.9139688	0.63580476	0.87558566	5211.0502	51.194489	42.649767	-0.1003207	-0.13206409
4823	3.660163	-0.154575	1.1288879	3339.1466	32.908185	32.607172	0.14905055	0.059630381
4824	1.9801094	-0.26260748	2.413435	1247.5685	27.620417	1.8515067	-0.035391084	-0.0010474491
4825	3.9899918	-0.27486054	1.0241458	1965.0126	32.765049	26.96064	0.088837485	0.27477314
4826	1.3090633	0.44423551	2.7964577	2570.0324	49.325897	48.283785	0.012020882	-0.069446705
4827	4.8552136	-0.76843327	2.6836017	4328.587	52.853144	34.816169	0.042408846	0.061659108
4828	5.9504285	0.74387448	0.81692147	1632.5561	12.721058	12.137354	-0.042912501	0.034163512
4829	6.180171	-1.232105	0.65117941	1565.3536	85.960282	42.279315	-0.34249081	0.047416305
4830	3.6387738	0.059898341	2.3874844	535.55203	1.4233293	1.351437	0.026192572	0.21128929
4831	5.9495725	0.15383843	2.8716626	1518.7633	11.330921	2.8993402	0.024128005	0.037378396
4832	1.1383608	-0.20357608	2.560112	1074.5674	14.013141	12.954637	-0.39144741	-0.042724514
4833	0.67375152	-0.49574256	2.7247054	494.21456	2.2303229	1.4507341	-0.018142446	0.070912249
4834	2.7836542	0.16163099	2.6307452	2383.7281	21.85877	13.479718	-0.13191568	0.064357741
4835	0.61344845	-0.53730687	0.78793178	412.01164	11.599724	9.706793	-0.0557773	0.15295968
4836	3.9871813	-0.22205495	0.76188444	1148.0224	10.633655	2.5963224	0.036521195	0.013573888
4837	6.1623274	-0.48475113	1.9550223	3005.2024	48.068301	33.616783	-0.014267472	0.017282235
4838	0.00030415122	-0.080229414	1.6213558	3645.0629	59.577708	37.131412	0.042035627	0.081843879
4839	0.72290496	0.41322346	0.74419881	785.86347	29.351552	23.153589	0.004608965	0.12521332
4840	1.8830374	-0.03802473	2.473125	931.59801	9.0070156	7.0322306	0.17543583	0.12208719
4841	5.7574519	0.14195682	0.62300352	939.31873	22.969211	19.018471	0.0039238215	0.13853974
4842	5.1803638	0.086029763	2.3382325	1943.3892	37.893343	34.288998	0.025928515	-0.0042304323
4843	4.3945756	-0.35501671	0.63869388	3037.7716	58.995348	44.241162	-0.12961846	-0.13984212
4844	0.56133058	-0.073083696	1.6941489	1595.9516	13.068024	12.716258	0.024105519	-0.11139117
4845	4.9140364	0.68089636	0.49000697	1995.3719	14.377586	12.141058	-0.14748712	-0.23825576
4846	4.8997777	1.0615156	2.447856	3075.1998	18.15871	14.828039	0.022268641	0.038544512
4847	3.6553981	0.20552777	2.7732683	4373.7039	45.430189	37.533239	0.022942925	0.0028414319
4848	0.88324779	1.1477719	0.4728858	960.83864	1.5437954	1.4393483	-0.010902351	0.23693417
4849	2.6525145	0.20567022	1.0321763	213.4209	36.739733	23.12222	0.10469421	-0.18370006
4850	2.6093924	0.8889686	1.0911235	3857.4052	66.025393	51.420262	0.01501654	-0.13835637
4851	4.0356283	0.99080267	1.7593511	1449.7042	92.271397	29.315846	-0.010645611	-0.066023849
4852	2.2235881	-0.069172259	2.2613482	1190.6648	10.403179	9.2716903	-0.044244333	0.14190758
4853	3.0578658	-0.94990679	2.4297944	3453.2262	29.573515	14.83962	0.011300798	-0.10038536
4854	1.468252	1.2588622	2.0080285	4067.4816	51.278602	45.126178	0.12694613	0.062216449
4855	1.024186	0.71793319	0.13099042	7449.2556	36.561486	36.189489	0.0054325673	0.11408505
4856	0.47250619	-0.80454225	2.6093081	7391.4331	85.521562	64.012544	0.17248875	-0.0085511793
4857	2.8015168	0.36142296	0.90557373	2056.9686	35.60982	22.463316	0.18907985	0.072071797
4858	4.6407572	-0.4980844	0.52256144	1495.0673	12.22226	10.754726	0.15898181	0.16979206
4859	0.053724977	0.49102927	2.7199911	1301.2422	10.550436	2.6985906	0.19470551	0.055496935
4860	0.94053692	0.44862241	0.59542849	461.30607	5.8574193	1.9601782	-0.091970031	-0.083997353
4861	0.70691105	0.25848301	1.8129481	973.76465	10.222816	9.777317	0.1730969	0.064535387
4862	0.81065064	0.75519841	2.7921412	426.22852	10.551117	8.7682227	-0.06560528	0.7120184
4863	4.7664188	0.037909894	2.0516362	2611.4367	55.954612	49.807456	-0.013561603	0.0032881467
4864	1.0050128	0.15188488	1.8348763	906.29785	9.2895695	8.3938183	0.21237549	0.2423288
4865	1.5277048	1.3900167	0.45650264	342.98479	12.185769	1.4664085	0.0037559981	0.098169203
4866	6.2379841	-1.0999909	2.3854945	2975.038	54.107767	33.73687	-0.12471996	0.29608733
4867	2.094196	-0.44726518	2.6562642	1332.08	4.6984771	2.0215271	-0.10239077	-0.09523035
4868	3.2273721	1.2926812	2.894672	474.12956	5.818006	1.9826574	-0.047859907	-0.005572797
4869	0.57158797	0.17077769	1.3701165	645.09803	11.462899	10.311697	-0.086265047	0.19213361
4870	2.5559373	0.17134726	0.75314618	553.88686	9.5006055	2.5651323	-0.019856187	0.042084473
4871	4.661556	0.56974168	0.64566741	1355.5584	11.159179	10.299313	0.10079509	0.039124669
4872	5.602657	-0.51596394	1.1058298	476.99162	2.075253	1.2699938	0.0011946087	0.01596218
4873	0.86775659	-0.36017692	0.65446227	981.22319	11.919349	9.6594764	-0.0014472825	0.46165935
4874	5.0782473	-0.34507525	0.79321765	2018.4131	13.135898	13.091704	-0.0076391309	-0.0072245333
4875	3.343158	0.44205646	0.48222509	4009.6173	84.015058	30.435924	-0.028155962	0.17790334
4876	5.4629401	0.043794509	2.9015198	2387.854	12.515647	10.586854	0.21371735	0.21813714
4877	3.5093606	-0.83156214	0.8302456	10935.113	57.4408	46.816146	0.10283603	0.052236532
4878	1.8848487	-0.99761079	2.5242745	4542.271	57.778686	43.097907	0.036668802	0.023358589
4879	0.47678939	0.63529978	2.2240838	2126.9788	11.510635	10.968301	-0.010175407	-0.075224931
4880	3.4959174	-0.092972368	0.2891405	3123.2001	22.169495	15.599124	0.17328265	0.080749723
4881	1.3292969	0.69539142	0.87410272	2670.2361	33.913107	14.551213	0.37760669	-0.1194555
4882	2.3548217	-0.10593784	1.3955158	1238.0379	39.891531	39.498822	-0.015478176	0.37260231
4883	5.6663835	-0.42804095	0.8147328	767.90701	1.9822657	1.9674387	-0.10709057	0.001281025
4884	4.8228248	0.37699004	1.1692622	1317.7974	12.129256	10.705684	-0.036311195	0.01109649
4885	1.6202253	-0.60498659	2.6804405	9016.8446	86.93077	76.410352	-0.098800496	0.17215364
4886	0.93467816	0.10582096	1.9029845	1440.8455	38.729928	36.536151	-0.013197138	-0.23669773
4887	1.9979092	0.039906209	0.9289787	159.56516	2.3470971	1.334317	0.045297084	-0.092334076
4888	5.8224752	1.3340548	2.7826723	4448.1701	63.938248	47.362073	-0.0026002574	0.00068303502
4889	5.2467393	-0.61035025	2.3061404	4008.3527	17.088978	15.458853	0.1312566	0.033879223
4890	0.61895407	0.59817857	3.0155882	4832.7703	17.170735	15.222148	0.0033451953	0.10895083
4891	1.9718946	-0.88438018	2.6626824	669.76033	2.5885204	1.9133847	-0.0024934468	0.17876349
4892	4.4779202	-0.88486116	1.286568	1668.9703	49.183115	35.75773	-0.11691864	0.024971119
4893	4.3639185	0.063546158	0.61175091	2956.4539	48.400531	11.530824	0.0032509523	0.78897512
4894	2.7853434	-1.3194107	1.2990247	1213.6153	34.225006	27.071329	0.19652285	0.14198433
4895	4.1753556	0.11572929	0.68633859	954.34557	10.832866	10.731156	-0.040223717	0.03569573
4896	0.97501699	0.71049302	2.8053563	825.2672	44.144279	39.080926	0.30227993	0.29410907
4897	4.4962813	0.4796487	0.99647564	2763.5947	35.809768	34.880898	0.12330347	-0.056527199
4898	1.2268039	0.59268041	1.1270269	7555.0164	82.058425	70.025104	-0.087048383	0.039462015
4899	3.7034179	-0.72075201	0.83322676	695.39122	11.529033	10.81015	0.070802754	0.0005192197
4900	3.9911643	0.50999542	2.3559685	4234.7555	36.286207	35.657781	-0.091956599	0.3289863
4901	3.3797355	0.36759311	0.50119513	12170.037	96.599682	81.501034	0.0050207053	-0.070509257
4902	1.7776013	0.068954795	1.2406017	2449.1401	44.210875	39.650882	-0.070683696	-0.046188372
4903	2.0581477	-1.0919827	0.49185219	2747.5003	14.654867	12.422166	-0.040754515	-0.026211039
4904	2.7993846	0.24249135	1.6602575	946.90995	17.667728	11.548374	0.09693167	-0.040776827
4905	0.37457537	-0.72777152	0.58264299	1578.7399	10.866883	10.170521	0.022083734	0.083373269
4906	5.2576699	1.4085946	0.73698094	216.66329	5.351418	1.2725082	0.028646867	0.080338235
4907	1.5787704	-1.1931067	1.0686541	498.11119	1.8880904	1.8248828	0.23244501	0.22411888
4908	1.7934582	-0.087751624	2.7696372	501.3209	1.420057	1.3201105	0.029259162	0.20095814
4909	5.2493086	0.79799664	1.2673098	517.13231	9.9312515	9.093349	-0.025892044	0.089158222
4910	1.6154854	0.24853092	2.3833597	1006.8225	10.240342	9.9322459	-0.059131051	0.054669183
4911	3.7414964	0.53952771	2.1833836	1088.098	14.536307	11.518783	0.0065520844	0.1318236
4912	3.5018677	0.7655386	0.26752745	2716.371	46.014495	35.88265	0.16933405	0.30218312
4913	4.4780403	-0.77041818	2.4260149	3872.2654	35.406455	18.94306	0.065473278	0.14025016
4914	5.1885061	0.50637363	2.6432101	13230.323	157.63425	55.387945	0.024396844	-0.16076009
4915	1.3628046	-0.51767295	1.214256	1524.7769	43.561287	29.313474	-0.041007021	0.011476576
4916	3.8097844	-1.1136727	2.7361947	504.68065	1.9643928	1.6563036	0.046478858	0.015936597
4917	1.4184022	0.60534018	1.9309618	5395.098	32.831934	32.317714	0.32817445	0.1484837
4918	2.4623531	0.31609676	2.9185268	444.95482	9.6288759	9.0653921	0.10174537	0.024518242
4919	6.0776813	-1.1166768	0.3606336	1521.6856	11.730306	1.8259682	-0.1137528	-0.015639568
4920	0.96416852	-0.99679862	0.99784352	305.58293	2.0183974	1.2889364	0.012015592	-0.068388358
4921	1.5759355	-0.77713748	0.74913211	8560.2369	68.522461	40.826908	-0.061746621	-0.22698054
4922	1.5264884	1.4105483	2.2768431	4349.1835	54.308754	50.566107	0.034249774	0.45500968
4923	4.0923709	-0.273274	3.0259173	3048.8286	29.216217	22.814487	0.023373926	0.14783457
4924	1.533394	1.0871503	2.6114368	4557.8941	18.03375	14.025776	0.047374651	0.18458992
4925	3.6184002	-0.66835543	2.0553187	1096.9875	30.131782	28.72952	0.0062862757	0.47017076
4926	4.7611753	-0.027285101	2.2364883	2295.4908	47.357211	47.002644	0.16519809	0.012156198
4927	5.5288635	-1.07109	2.513725	2690.4334	13.422168	13.245625	0.029001205	-0.024922562
4928	2.5511671	0.62619838	1.138321	4545.2097	50.1439	46.91398	0.10479951	0.076172827
4929	0.57401506	-0.33619151	2.5304045	3240.5583	74.872849	42.775868	0.083160228	-0.010396632
4930	5.9598517	1.0573526	2.1117717	511.31051	11.361545	2.5544272	0.17578608	-0.053912579
4931	2.1179009	0.66292884	2.3455072	2800.3628	36.715108	32.967145	0.23541376	-0.0058818868
4932	0.38073788	-0.99525128	1.1430954	226.20274	2.7301448	1.4258956	0.073642384	-0.028618521
4933	3.0107721	0.57694713	2.0788826	4235.8195	65.031561	35.882842	-0.0030098262	0.064613638
4934	0.54631993	1.347793	2.5388679	2724.5279	57.675486	36.158594	0.21845925	0.0019239174
4935	5.0105261	0.25071794	2.5925041	1397.0901	11.135465	10.612529	-0.02613205	-0.042988383
4936	4.7314608	0.9727619	1.6859692	644.81068	9.1750508	8.1494476	-0.00012221459	0.020134266
4937	2.8587312	0.0088052749	2.4938955	2930.1907	36.393959	27.098006	-0.09161631	0.18733897
4938	2.999878	0.0091050931	2.7608069	3036.2132	14.18031	12.831249	0.10135535	-0.060252857
4939	1.2893185	-1.0195803	1.1419266	4122.2151	45.04327	35.523844	0.23390633	0.078359117
4940	1.6051483	-0.85668797	2.8247429	1028.7912	11.312597	9.0789665	-0.011662872	0.04392192
4941	0.60857351	0.47145878	0.47660479	3854.3561	49.937164	21.406278	0.01924832	-0.14791861
4942	3.7995438	-1.289152	2.9221845	219.96224	1.3430999	1.2096736	0.27966327	-0.080100598
4943	3.6307006	0.54146055	3.0177142	9862.681	93.44663	90.492234	0.17844306	0.26432575
4944	3.2754343	-0.98980501	0.85791438	2061.2742	13.781103	13.391243	0.018088635	0.0053824076
4945	1.9130244	-1.3685389	0.31845971	5900.4559	53.202214	25.681638	0.21616536	0.012131927
4946	5.3342278	-0.52278365	2.6155142	1656.3233	11.731531	10.219929	-0.095528979	-0.015166923
4947	1.072716	-0.20568808	2.2637359	1545.7348	10.85863	10.334194	-0.39836902	0.049454029
4948	3.7762247	-0.45334192	2.3316774	8217.09	75.631774	69.066231	-0.014956159	0.020282089
4949	3.1609411	1.1548962	2.5792055	1859.4327	14.102305	13.486401	0.14232256	0.55895462
4950	3.9049811	0.009335505	2.3787154	6466.0368	63.564611	55.441111	0.0015749519	0.025519441
4951	0.58796142	-0.97749815	0.65122049	1185.175	29.018763	28.830142	0.0017458755	0.0050242579
4952	2.9260044	-0.65927276	0.33168885	942.7314	35.177587	25.379188	0.0015310286	0.23501148
4953	3.3518293	0.30151835	0.42263309	1096.3439	10.156692	8.4570683	0.028096762	-0.047220492
4954	5.9808669	-0.031545342	2.9205328	2482.2188	13.727476	12.798733	0.035254801	-0.1001351
4955	4.3351649	-0.043348135	2.6615974	3894.7171	60.793207	50.300994	0.24751656	0.018540276
4956	4.8754026	-0.81757878	2.4305805	1095.2215	17.236327	1.7370466	-0.043824015	0.013422395
4957	2.2977504	1.3370008	2.4588416	667.41129	15.654689	1.7670466	-0.027053527	-0.0056410281
4958	0.77086627	-0.42354997	2.516516	8850.5882	92.743345	84.647422	0.28021517	-0.033352155
4959	2.1392185	0.2947246	2.212444	261.46324	1.7626575	1.2420426	0.044837562	0.071065345
4960	0.24258036	-0.84515971	2.7830783	918.26364	11.034073	10.260092	-0.014114295	0.14207049
4961	3.9587014	-0.7663449	2.0182969	882.54528	18.340887	11.353856	-0.19578335	-0.094927971
4962	3.002346	-0.23593374	0.79089464	2100.516	31.655463	30.816221	-0.18126268	0.34334912
4963	0.10990379	1.1416069	0.73732549	343.72811	1.5701437	1.4067338	0.11732273	-0.01678321
4964	4.3438604	-0.24506585	0.73450455	472.57969	8.4775897	4.4167735	0.049329976	-0.19778413
4965	0.1931146	-0.49943502	1.0274999	4467.3265	56.712751	55.516914	-0.39900055	-0.1098845
4966	3.3195202	1.4706633	0.28145943	2033.519	14.935311	11.33196	0.054865957	0.055098565
4967	1.6945796	-0.59729059	2.8093375	933.84663	9.7342752	9.5707995	0.070983871	0.18999132
4968	5.7079506	0.49237952	0.44906622	525.11655	1.6320089	1.6042829	0.020933438	-0.18934752
4969	2.4817324	-0.25820516	1.3034035	2431.4359	31.880796	29.830258	0.071306408	0.094606053
4970	5.317895	0.94465447	2.6893338	5864.8011	60.744674	58.703142	0.023138402	-0.074730889
4971	5.479924	0.38570664	1.5178877	899.52131	15.438552	9.6629767	-0.0090020603	-0.079553116
4972	0.43363087	0.10774648	2.3349805	558.28981	1.535874	1.4641666	0.23385447	0.039383499
4973	5.4625148	-1.0633798	2.5673893	6567.3185	64.787297	49.964475	0.016221739	0.11905553
4974	4.6386165	-1.300527	2.2479158	1863.5233	43.385455	42.17569	0.033171355	0.046700155
4975	2.0730858	-0.82010607	0.71610218	971.39952	13.105563	3.0564354	-0.29616471	0.15087928
4976	4.7401349	1.2082097	2.1947621	679.68163	42.977603	42.645535	0.096229125	0.025345722
4977	4.8725322	-0.88342637	2.4118013	2747.1621	15.123989	14.973024	0.11094965	-0.037645739
4978	2.9803048	-0.60039692	0.90277024	611.91163	8.2535485	7.1695177	-0.29469287	0.25131596
4979	0.38691087	0.15631279	2.0615985	4394.8454	46.894781	40.773176	-0.23095674	0.039885507
4980	4.4038983	-0.14558631	2.8840252	3310.9361	44.504115	32.169681	0.17229391	0.021633486
4981	1.4558186	0.75165483	0.40031769	4656.7524	39.527711	29.936097	-0.13853247	0.044127556
4982	0.10094945	0.49620723	0.75759051	1157.3262	27.29056	19.691919	0.11777895	0.083464555
4983	4.8554075	0.54629632	2.0374724	2548.8451	52.803597	50.854589	0.12902224	0.44126819
4984	5.4157247	0.2565629	0.25818943	664.01476	3.4739751	2.8285063	0.011397591	0.024509401
4985	3.2691004	1.2333418	2.8918981	1129.8205	12.411219	11.573189	-0.064464603	0.12710042
4986	4.7860142	-1.0483941	1.0936079	3705.7459	27.951501	25.324509	-0.034293459	0.048998076
4987	5.954763	-0.43953947	2.8228954	2854.2651	32.383928	20.761212	-0.0070167037	-0.022938517
4988	5.6898783	0.39756942	1.9017483	1049.1579	36.398711	35.04452	-0.0041347466	0.056272792
4989	1.560817	-0.59790261	0.93631361	6626.6434	98.669182	56.938586	0.083544335	0.066687352
4990	1.0726065	-0.69528701	2.2473401	2504.7229	13.996323	13.856637	0.33951019	-0.2226249
4991	1.0286451	-0.90316814	0.5710328	3889.7955	120.22133	113.58972	0.089775146	0.07629148
4992	1.1577525	0.4049841	0.60676966	11241.926	122.94343	67.72752	0.29091341	0.041285741
4993	0.64492872	-0.093502947	2.2617985	1593.5574	45.329301	37.193395	0.015138458	0.032735375
4994	0.73740375	0.28561188	1.0265627	911.11885	11.245819	10.062813	0.077736665	7.0119702e-05
4995	4.5805237	-0.99227633	1.1437856	1506.1095	13.361464	11.355497	0.32377885	0.054780573
4996	4.7063363	-0.56891276	1.8672078	1112.5214	105.67047	36.677832	0.30186497	0.0021054757
4997	2.611662	-0.085185315	2.1093609	850.39433	26.268601	1.5064541	0.14916937	0.038466497
4998	5.0091684	0.15252572	1.3453469	1632.8416	48.374285	47.006273	0.26799713	-0.048703259
4999	4.3736796	0.30508271	1.3958027	4074.9653	111.62168	100.66985	-0.058538729	0.007589183
5000	5.7949792	-1.1087615	0.38105845	3304.7777	13.42113	7.9330961	0.55508797	0.0099084353
5001	5.0500069	1.2877255	0.30619193	3301.3865	13.781728	12.385963	0.51362408	0.077543513
5002	3.7258404	0.34628755	2.4104798	2054.3908	14.282345	12.433519	0.46783787	0.0044493861
5003	2.2631096	0.15261856	1.0766799	1548.7746	13.621074	10.599916	0.034253129	0.17534519
5004	2.2931873	-0.20856894	1.6293228	2127.9812	54.222439	49.33098	-0.04610923	0.097370368
5005	5.5642605	-0.70477258	2.4179599	385.18353	10.175117	3.3081899	0.032006507	0.11304109
5006	5.3615592	0.75497015	1.9925098	1508.9592	10.721649	8.378282	0.052649929	0.094763154
5007	2.4791991	-0.25871977	1.3099157	6356.518	75.395058	51.755581	0.1012908	0.17076017
5008	5.1511916	-0.1688439	1.9326046	4364.6039	66.899621	42.959516	-0.0016842515	0.021324067
5009	4.2221764	-0.77999801	1.4763741	3464.1947	42.33136	32.899999	0.11048794	0.41635562
5010	1.4256845	0.34511678	0.57291584	4440.2871	30.130733	29.728299	0.18743535	-0.015356416
5011	2.9752076	-1.1515086	0.6471123	4388.4004	38.265508	28.494197	-0.16367117	0.33537491
5012	0.54515352	-0.61971485	1.8929894	955.12166	8.9208436	3.3976259	-0.25367432	0.017147875
5013	4.6589363	-1.2529894	2.2228529	2897.7568	49.935319	28.542714	0.32438965	0.10942592
5014	1.6480902	-0.17868519	0.83994792	5295.5667	46.259482	35.640945	0.025655158	-0.10629509
5015	0.17001217	0.48201198	0.99454082	6383.8103	108.80872	60.078962	0.62263052	0.22396463
5016	3.8786954	0.59203354	2.6539605	1757.4943	13.292539	8.6450289	0.022995674	0.057512408
5017	5.0928558	-0.93983356	0.42909799	2095.7742	13.937036	12.214339	0.2186628	-0.068964194
5018	2.5666648	1.2745757	2.4647683	2652.6792	98.290906	55.278796	-0.66656632	0.031139828
5019	3.9943235	-0.43018065	0.35230793	2963.8652	39.029536	20.624715	-0.061233171	-0.16330762
5020	4.8661832	-0.0028866065	0.45628534	3994.9096	31.88857	15.0604	0.04037104	0.50017472
5021	4.0008794	1.1054391	2.8233996	6342.1068	79.841143	54.713472	-0.091597862	-0.28616512
5022	0.50239177	1.30605	1.4687288	542.19404	5.0202324	2.6129782	-0.15461778	0.11578254
5023	2.2501526	0.22678866	0.31004142	4018.8084	77.26663	40.21095	-0.1534907	-0.051370585
5024	3.3475908	0.32236777	1.6911806	1632.6803	73.229304	26.036328	-0.022441422	0.18031616
5025	5.1230274	0.67456702	0.30727089	1672.4106	37.778424	34.167363	0.045148514	0.098018958
5026	5.2823889	-0.91401232	1.5549809	1246.1658	32.773771	27.437579	0.010109435	-0.079553282
5027	2.2964494	1.0513008	2.5813652	9578.9177	91.360427	84.419864	-0.035991795	-0.02880085
5028	0.0020445835	1.1781678	2.5709531	2240.4306	31.752516	31.637937	0.11655317	-0.2214485
5029	0.79555739	-0.67086128	0.98139193	722.42841	16.333644	13.895635	-0.023809407	0.21735617
5030	1.0615417	1.1584155	0.68447252	988.12472	12.422714	2.7631041	0.030969742	0.015409532
5031	1.563286	0.12178092	0.47909561	271.06047	26.153781	2.0096491	-0.046374463	-0.059076815
5032	1.4243808	1.3341302	1.4899343	988.05991	70.539236	5.190434	0.28975858	-0.079544515
5033	2.3787875	1.1792829	2.3892106	6362.2964	59.164444	48.505739	-0.029767715	-0.044599039
5034	2.5539261	-0.42335269	0.46025154	502.12348	1.4923926	1.4631126	-0.047174994	-0.028429044
5035	1.8681106	0.36119911	2.1515419	739.49895	45.012991	3.2755709	-0.059650746	-0.027677415
5036	0.86686151	0.96675535	0.86379182	2013.9611	13.690316	11.300806	0.022058317	0.025919355
5037	4.4167076	0.87059902	2.0158962	1271.6488	39.949651	24.256197	0.15295418	-0.020172642
5038	5.2833598	0.31131876	2.7857262	6134.4181	18.378739	17.386833	-0.0080056715	0.07153759
5039	5.4894483	-1.2078617	0.62918081	1175.1851	44.00411	33.493776	0.28762501	0.033580872
5040	1.1739652	1.2980038	2.305551	3332.7292	46.367939	28.098462	-0.052065867	0.3288991
5041	0.37057183	-0.08118806	2.5233639	5323.4531	60.074452	49.256162	0.020137709	0.048753536
5042	4.338345	0.34651952	0.9500128	2548.9159	15.86054	14.465275	-0.0082900659	0.087850496
5043	1.7422576	-1.1249608	0.97171963	1297.8962	17.948144	16.79708	-0.054598494	-0.27626625
5044	0.19602281	0.53504955	2.6899584	468.82329	22.078941	11.538605	0.0072627517	-0.010558805
5045	0.69892824	-0.37991983	0.21755656	4190.0064	16.414513	15.837437	9.4553341e-05	-0.042985546
5046	3.7228421	-0.3427189	0.74663195	1432.8239	89.973614	84.945074	-0.0042645291	0.14075234
5047	5.9816006	0.13806389	2.7703136	2878.5538	13.668918	13.356563	0.063499771	0.11613051
5048	0.095591683	-0.60917904	1.8869614	612.68031	11.58756	10.050199	0.05506759	-0.00013018228
5049	4.7154984	0.43429752	0.50068726	5722.4876	44.085848	39.056238	0.033423122	0.36921433
5050	4.4217578	1.1913674	0.51044896	5705.7767	54.11416	45.795585	-0.089164265	-0.10535538
5051	5.7419736	-0.83781697	2.9566515	2543.0698	12.631813	12.478853	0.077822376	0.09468022
5052	4.4090261	-0.62375344	1.4508816	1201.6025	35.464271	33.280689	0.14185013	0.080580645
5053	1.6449736	0.30322026	0.61080017	2272.5315	46.929291	41.681188	-0.0084463102	-0.40819366
5054	4.1677437	0.50579452	1.3507975	11235.889	99.392163	92.967298	0.044951091	0.054578145
5055	1.0832252	-0.73208202	0.75775302	17272.611	106.8942	86.190777	0.3628508	0.022576893
5056	0.95834552	0.7268346	2.6836827	3335.5184	16.871746	16.351438	0.10498605	0.23474878
5057	0.43472005	0.59654631	2.2301438	6516.3401	84.709473	58.448197	0.34172453	-0.18456561
5058	1.6847985	-0.88018509	2.4494144	1799.862	58.195889	31.842901	-0.04159121	0.13278212
5059	0.64185696	0.81303405	0.65550415	926.01472	10.375772	1.8182735	-0.12487458	0.024770384
5060	4.6319479	1.2085757	1.0189944	3493.7606	15.476908	12.803216	0.31456275	0.00013100418
5061	5.4046164	0.98044496	2.6338744	2560.0674	31.943163	18.316799	0.35927475	0.076397552
5062	0.11717981	1.403435	1.9304247	5016.7765	145.75533	77.342512	0.0087364507	0.055845218
5063	0.31991126	0.048950147	0.64309608	927.15891	11.788007	9.1959901	0.060747106	0.032429904
5064	3.7026762	0.27298917	1.1951119	1920.2252	11.203809	10.617832	-0.26268259	0.2017072
5065	0.10252753	-0.20151704	2.9708923	1552.1988	13.366687	12.258143	-0.020493441	0.058291301
5066	5.187835	0.015748031	0.52795792	2066.9318	19.531475	11.217935	-0.20173575	0.0088275096
5067	4.1954357	-0.59598893	2.1950848	1651.7406	48.469604	32.153337	-0.016745649	0.0011243823
5068	4.9098644	-0.26252703	2.0599693	721.2344	14.516399	11.349448	0.3688324	0.06066678
5069	0.89454091	-0.37971298	0.026800917	2456.8511	13.386619	9.7974699	0.010432463	0.13793204
5070	3.0636651	-0.095645628	2.3796262	1640.6306	32.689949	20.702025	0.22633312	-0.26182066
5071	3.3213672	-1.1436614	2.2863052	9317.797	140.0429	92.87818	0.019199804	0.045022926
5072	5.748648	0.64799543	0.88707148	5055.147	50.764035	32.176293	-0.054363621	-0.16287836
5073	2.0415039	-1.0886391	0.49629628	1226.5003	12.705226	2.0107975	0.14376903	0.022229287
5074	3.5785211	0.36083592	2.1221108	1743.1947	43.425056	21.800417	-0.037210907	0.48224606
5075	2.825071	-0.20948855	1.9487039	296.0355	1.9492665	1.6666403	0.022023921	-0.10857652
5076	5.632927	-1.3882462	2.282912	6929.0652	78.050211	74.796101	-0.014710106	0.12863179
5077	1.3752705	0.21858745	2.3319999	1475.9137	42.142614	38.771471	0.070740908	0.0081545757
5078	5.9278997	-0.03180192	2.6767459	8501.2808	89.817377	78.175936	0.31475231	0.34865622
5079	2.2475474	-1.2771753	1.2853262	3087.4298	88.892696	70.3567	-0.032950455	-0.002286759
5080	5.9026442	-0.74124576	0.75864398	4258.8585	48.466604	33.81024	-0.018183778	-0.28150868
5081	0.98440402	0.35280997	2.1362446	1001.2225	18.234919	3.0652892	0.053533296	0.050662596
5082	5.463687	0.93739731	2.2124824	3532.0731	56.450724	42.2717	0.28063403	0.094778797
5083	0.25064633	-0.017916176	2.4795668	2032.9851	24.786452	12.919286	-0.0079519894	0.03890285
5084	2.1754526	-0.32434553	0.60051284	366.63741	1.9617187	1.7645959	0.078233515	0.0098778736
5085	4.7163859	1.4260641	2.7170919	5249.9594	63.391046	44.951614	0.08797872	-0.22056228
5086	3.7029882	-0.98258085	0.67807312	3238.7149	32.196985	13.093662	0.093227687	0.058062652
5087	1.4496767	0.39321666	2.5765447	3130.5583	61.695943	46.241661	-0.11062046	-0.080083164
5088	1.85622	-0.44709942	1.9721544	768.86541	33.571411	32.218266	0.06140528	0.28176489
5089	4.3179111	0.66724734	2.8653901	6321.4615	72.859984	65.529152	0.042671941	0.42874212
5090	3.8415078	-1.0345479	2.2722895	3047.02	36.234322	21.849459	0.1620927	0.063533372
5091	2.1991609	0.94894606	2.4346869	2999.7037	13.331007	11.611714	-0.29776071	-0.020526217
5092	3.6614016	1.3307234	1.8139128	517.28249	41.590204	38.711842	0.0018800149	-0.017053646
5093	3.1024508	0.91333967	2.3089315	1069.3389	12.421829	10.82349	-0.20708026	-0.13303795
5094	3.4826184	1.282876	0.71420695	3941.2963	58.916001	34.612197	0.097366686	0.200613
5095	5.1665928	1.0812983	2.3071369	475.91252	3.4612855	2.3656227	0.016167741	0.053119246
5096	5.0381776	1.0827726	0.27192079	6124.8271	61.237842	54.070644	-0.0032519605	0.15625158
5097	3.7197726	-0.33705295	0.6259311	2932.7018	45.896994	27.099528	0.0035256528	0.063723138
5098	0.24925158	-0.02078659	2.7276462	7089.3954	55.415586	51.772718	0.010904789	-0.025956448
5099	2.163952	0.8498581	0.475648	2326.0335	14.740016	13.348891	0.0086776436	-0.091551234
5100	5.6244034	-0.27675905	1.9414884	1985.5653	40.357465	33.386836	0.073442771	-0.00075143409
5101	1.4509996	-0.21498298	2.6453079	5221.4707	52.89593	41.651573	-0.050843237	-0.092395393
5102	5.1583731	1.0652014	2.4116581	2661.6777	14.226272	13.013999	0.084790313	-0.071097381
5103	4.8958855	0.53512608	2.3456211	2719.4752	60.592371	51.712024	0.0083514403	0.28368152
5104	1.8772596	-0.8281625	1.7615638	3050.1716	96.387862	46.702411	0.22870628	0.18012366
5105	1.5459451	-1.1512431	0.85956323	8904.3041	103.29608	82.142679	0.48555699	0.41682506
5106	5.6875325	-0.28112332	3.0404884	2210.101	13.170908	12.571847	0.18588254	0.28541894
5107	3.121914	0.54105601	0.17507535	8098.3181	58.09213	42.9558	0.14040862	0.14982667
5108	5.6128102	-0.25858354	1.3151925	2182.2183	39.195983	34.984269	-0.16456729	0.10720677
5109	6.2209174	-1.1383124	0.78758162	3675.5564	49.846133	38.158432	0.12445729	0.26578447
5110	0.8090085	0.31225943	1.2179372	775.54959	24.892808	18.85245	-0.18810545	0.075588174
5111	6.1423528	-0.80334162	2.0452814	3368.4501	23.077026	13.992865	0.17081192	0.049149484
5112	5.4974578	-0.25248436	2.4258736	2515.468	35.420026	31.54715	0.034436403	0.37222932
5113	4.4895115	0.64056101	2.870024	10051.379	39.481076	23.195255	-0.0035018496	0.21339279
5114	6.0414571	0.13854381	2.8743555	6859.1875	70.771642	64.35151	-0.046299722	0.05493377
5115	3.7897185	-0.21821163	0.38580575	4819.1342	59.447762	43.620547	0.013384557	0.27741308
5116	1.3502844	-0.80132146	2.1717197	5217.2341	58.413325	46.777191	-0.020186033	0.07703654
5117	4.2206562	0.86780244	1.0961632	568.69595	9.9464042	8.7524651	-0.010527942	-0.053448121
5118	5.6644547	-0.35141232	0.60658735	1654.231	11.005475	10.012173	0.079467936	0.4881148
5119	2.8823026	-0.61222655	2.3540686	1176.8955	11.179333	10.781387	0.10912472	0.17478048
5120	4.0317893	-1.301337	3.1040871	3183.81	39.1377	33.26982	-0.25780521	-0.10325886
5121	6.2673156	-0.59449899	1.4136772	764.87947	9.9057983	9.0210883	0.13448756	0.074578666
5122	4.9583854	-1.3439492	1.0505938	1777.2575	42.881294	34.381597	0.14023919	0.016371505
5123	1.4244787	-0.53131469	0.68653097	1173.7553	12.377423	11.519289	0.082571403	-0.063069123
5124	5.4859743	-0.0077896166	2.7156795	1066.9852	32.589298	3.9276578	-0.10936525	0.28411392
5125	5.5576915	0.88142548	0.67618933	6348.9747	74.80897	58.954127	0.1034536	0.19184025
5126	4.1272182	-1.0784028	1.0519882	547.48967	9.5363193	1.4141561	-0.089628269	-0.0032114181
5127	5.9834201	-0.73282105	2.0312004	240.32973	1.5957803	1.4384089	0.038196603	0.02216738
5128	3.2472162	0.52116802	2.7008006	745.02735	9.3941397	2.2020574	-0.50517319	-0.06197647
5129	3.7720074	1.0306887	0.34631458	1362.9327	12.976775	11.593602	0.016292994	0.089611353
5130	1.2298667	0.98178057	2.756631	7796.6573	71.817123	64.308485	-0.028128337	0.01846397
5131	4.86001	1.3503493	2.287532	1227.1344	10.168913	9.5091469	0.4862808	0.18322694
5132	4.900677	-0.18813529	2.1296224	955.96059	7.3212091	3.3797798	-0.25454234	0.079032406
5133	4.9034155	0.30650165	2.0751181	2217.5299	35.897085	13.411191	0.04753692	0.058057447
5134	0.78314001	-0.12904414	0.8591182	3663.2151	82.856866	57.652376	0.22279439	0.36031764
5135	1.525969	0.15071197	1.0043484	1889.2129	12.738331	10.126704	-0.033292975	0.16324179
5136	1.586649	1.0589832	2.6729522	3573.0149	55.3266	15.195682	0.07860168	-0.010455202
5137	2.6442657	-0.84235831	2.5690506	6314.596	65.653266	56.157596	-0.05493378	-0.095105934
5138	2.9641898	-1.1742786	0.76849752	8314.3772	141.89993	109.82142	0.18091243	0.031374731
5139	2.1572787	-1.1463605	2.2727173	7232.24	63.204118	32.985259	0.54555902	0.038460313
5140	2.1566448	1.4088835	0.4549427	3283.6649	15.798311	13.122857	-0.020504987	0.12716901
5141	3.8454935	-0.51097177	2.9224631	5641.6941	64.895003	53.007023	0.19117051	0.33147494
5142	2.6591767	-0.59631225	0.46276641	1772.0136	11.529755	10.244461	0.05589911	0.048175308
5143	2.3310489	0.46374923	0.75588321	325.82584	1.742793	1.4692925	-0.034585748	-0.068899809
5144	2.7685786	-0.82911595	0.74131214	2864.5124	48.100907	33.245793	-0.064702485	-0.0078634172
5145	3.5928606	-0.57903975	2.7276554	3721.4444	18.571108	14.305624	-0.00021371436	0.068220353
5146	2.1181125	-0.47621237	1.2059628	1848.6051	22.601335	21.599344	-0.029900598	-0.028427201
5147	0.83978204	0.21676408	1.1682025	725.1615	16.882196	8.5913915	0.085233365	0.37597548
5148	2.6293049	-0.35750727	2.1937206	2980.7384	44.977222	20.377717	0.0032959746	0.030506919
5149	3.3601802	0.74540223	0.11139009	2155.4986	57.583618	46.234013	0.22183108	0.012100508
5150	4.4626733	0.2004428	2.0893972	2149.1649	39.515571	34.315089	0.077216741	0.24475943
5151	0.25515184	-0.14878056	2.5681443	4330.4906	18.920495	16.832764	0.090403299	0.17119334
5152	5.4608295	-0.82186188	0.63478015	1434.0355	10.289823	7.7421858	-0.0045859072	-0.29640653
5153	5.2324121	-0.89817982	0.95487828	939.12143	10.197749	8.7052906	-0.22013485	-0.25150219
5154	0.46682901	-0.33125672	2.9171206	14714.484	88.553348	66.282437	0.079981049	-0.012709439
5155	5.9723098	0.15956381	2.8699899	458.88994	9.298991	1.6565383	0.21927684	0.011400085
5156	5.5793161	-0.51155623	2.8850658	1159.7591	15.012921	9.7857539	0.095807005	0.47330629
5157	2.4618489	-1.0379971	0.38571417	348.97685	2.0020298	1.8299872	0.085798956	0.11503548
5158	5.5683299	-1.1029574	0.90390526	5385.692	53.681972	42.909849	0.18017371	0.19442422
5159	1.7374694	-0.1293316	1.1572473	1272.0946	29.615024	11.678169	0.14460394	-0.12374997
5160	4.9543952	-0.12131953	2.9906989	2272.1645	13.748686	12.030434	0.10861443	-0.14304002
5161	3.5151734	0.35655765	2.6969482	4434.0606	61.469098	47.153219	0.079124014	0.19448059
5162	5.5920217	-1.374051	2.6135792	1073.3503	10.024875	1.6551728	0.03895357	-0.096143687
5163	0.2007846	-0.94876415	0.43718334	3167.2584	59.187356	40.220664	0.050023836	-0.24552239
5164	2.7778518	-0.77308765	2.5207247	10414.187	129.54624	95.13266	0.013506072	0.018533373
5165	4.4292003	0.24157442	0.83099588	1303.1687	12.185149	11.109081	0.047987925	-0.0018566306
5166	0.67878368	-0.44150996	2.8155429	1259.9676	10.772538	3.3951212	0.15272791	0.015071806
5167	0.25747594	0.36572934	0.76949017	1042.6567	66.045361	34.550393	-0.12474119	0.332895
5168	3.0719485	-0.68280627	1.0560566	3460.5471	44.456906	39.069475	-0.082816664	-0.18225166
5169	6.1445993	0.20910714	1.3050154	310.74041	54.167189	36.566332	0.69680281	0.38090975
5170	1.9204938	-0.81621032	0.92880515	1327.6932	11.098658	10.848252	-0.18362685	0.72841167
5171	2.6258015	-0.32241168	1.0920931	1607.2448	27.402115	10.452603	0.18298401	-0.040672897
5172	0.376163	0.79579113	1.7936377	3618.7179	45.197946	33.48115	-0.00061997079	0.050021012
5173	2.355439	0.31031746	2.6008547	731.30169	10.146222	1.7994947	0.17343044	0.035333693
5174	0.81194858	-1.3507457	0.75746346	1236.6123	34.503274	14.702009	0.11843964	0.45508492
5175	4.7870101	-1.3905902	2.6341042	6891.8458	52.681517	46.775828	0.22816581	0.1828255
5176	3.9520892	-1.0486098	2.9469334	3843.9696	43.255614	41.446602	-0.094954873	-0.09125837
5177	4.5508298	-1.1860487	1.3517192	2804.0951	48.99609	44.755071	0.35764872	0.13819478
5178	0.61099623	-0.9983507	0.77737358	8020.6008	84.06617	61.417302	-0.02699431	-0.55229402
5179	5.3938877	-0.83176074	1.7926355	2526.6735	44.518439	36.834496	0.094565798	0.26130226
5180	5.0125039	0.85894371	0.4296619	1461.8007	11.584407	11.34921	0.14159927	-0.0022061465
5181	5.9294418	-0.57720636	2.2700107	2062.0825	12.777261	12.391948	-0.15391826	-0.11750107
5182	0.023880617	-1.3871151	2.1867286	2588.4611	43.460509	24.956471	0.20891967	-0.078327286
5183	0.23483458	0.77241612	2.5631681	1196.1383	37.66834	13.536106	-0.015660587	0.30663819
5184	0.37344432	0.4014215	0.81086456	497.33736	3.2703256	1.4211	-0.020821382	0.27214958
5185	3.7505296	0.70090655	0.30836638	358.14251	1.3232517	1.299089	0.045307698	0.11357838
5186	0.65846667	-0.70985791	1.7445852	1230.859	10.80256	10.164372	0.047762809	0.23898884
5187	0.92235348	0.79649629	2.6033862	1421.5805	43.677195	32.796319	0.0058731156	0.065875621
5188	1.7766712	0.99008841	0.57271378	4974.6916	78.213774	40.780028	0.26612652	0.12116735
5189	4.348498	0.76450792	0.84984387	2948.0931	53.776542	44.495656	0.012686719	0.010451566
5190	1.2717043	0.40217494	0.91915766	335.56227	1.5959201	1.369653	0.095684676	0.0074023547
5191	4.8517898	0.27531663	2.3026459	602.82586	2.2613484	1.619328	0.093557796	-0.056606808
5192	3.5181755	-0.54077168	0.78059246	4154.5751	63.783555	57.748261	0.2367705	0.025142335
5193	1.3246246	-0.88320322	0.52693422	778.58665	10.395518	2.7997085	-0.090349589	0.057837592
5194	5.7906442	-0.029061714	2.4533985	456.52614	6.439447	1.6045324	0.021709763	-0.041237826
5195	2.9767779	-0.7855682	0.67194447	895.49455	42.76011	2.5538806	-0.0555398	0.024211353
5196	1.2547244	0.41805441	0.88543697	258.54225	1.6990194	1.6227334	0.032210702	0.050594938
5197	5.3397534	-1.082045	0.315231	7823.3844	159.60865	139.3158	0.064620622	0.043410745
5198	0.20830132	0.46526631	0.65119643	12733.097	97.60819	89.541894	-0.011406164	-0.29663451
5199	2.1834767	0.41929701	2.5468232	6269.7155	63.775808	57.44059	0.0043398427	0.21057356
5200	1.0272443	0.60186602	0.15554714	2008.6162	14.085664	11.63906	-0.0077952307	0.01657802
5201	5.6677362	-0.61465798	2.0343809	5456.3991	67.31044	61.298776	0.10167039	-0.079011454
5202	4.2993645	0.8103423	2.3416124	3255.9129	50.673703	48.118295	0.028305063	-0.21484332
5203	4.1063953	0.43450531	0.33377399	7391.4301	47.294143	34.799243	-0.14231337	0.18628957
5204	0.78878776	-0.10541107	1.7489239	917.27658	12.677612	10.095317	0.068917019	0.28839693
5205	2.8597379	-0.86154379	0.3412064	1290.9762	9.4869291	8.6053813	-0.074830239	0.027241847
5206	1.2348915	-1.2084553	0.61948728	4141.9713	107.90725	57.125727	0.43769645	0.23819288
5207	4.187304	0.070109697	0.82025932	1259.1674	29.87321	8.4220399	0.12207284	-0.070287423
5208	1.2008165	-0.76692295	0.78533271	2592.5392	14.707056	13.639851	-0.095002717	-0.032391785
5209	4.2226595	-0.45463868	2.3170028	755.05019	2.309192	1.6758006	0.015967646	-0.049228272
5210	5.0373305	0.67307714	0.80888102	1659.8961	44.918163	13.533793	-0.033039104	0.26112648
5211	5.8261956	1.0964428	1.1972557	559.46703	10.693371	10.175631	0.26694954	-0.037081473
5212	5.8022164	0.99671411	0.11739449	10948.681	79.074084	75.403152	-0.0089854959	-0.026358162
5213	0.75730714	-0.73957962	2.220643	6866.1107	47.849997	23.360346	0.040793855	0.069882624
5214	1.0301757	-0.63537404	0.90436069	2414.2959	45.366957	35.065817	0.0030774043	0.016996841
5215	1.6529017	1.3657686	1.990317	4107.1327	58.64784	41.05454	0.14502766	0.043271693
5216	2.1116645	1.1704055	0.42665425	10152.08	95.266811	86.531682	0.12789099	0.065825229
5217	1.8080733	-0.29227976	2.2981768	876.57501	39.682853	29.030219	0.035913516	0.054515499
5218	0.39770538	-1.0610616	1.1085027	606.51059	9.5531226	3.3613883	0.34158186	0.080140143
5219	1.849199	0.35964748	0.81189144	2394.0167	54.148986	27.823873	-0.00084614616	-0.023532391
5220	5.1005279	-0.092764312	0.7124165	2157.4312	12.666353	11.611255	-0.078329147	0.12662451
5221	3.3025971	1.0831086	0.40019296	2449.1288	49.009073	47.960771	0.22676607	0.027528839
5222	4.9164532	-0.39746491	1.6755915	1741.6847	10.939265	10.83227	-0.19512916	0.00028055397
5223	0.26027759	-0.4570589	1.2477763	2238.3514	47.410707	31.427556	-0.041773729	0.15576334
5224	2.2967708	-0.61112852	2.8367865	7214.842	82.282761	49.591995	-0.36865152	-0.062727426
5225	2.2963823	-0.46020926	2.6817199	5539.9986	49.585617	33.851215	0.19470483	0.06886781
5226	6.1426703	0.52639661	2.8252632	3531.0292	13.776314	12.714669	-0.0047326661	-0.33212258
5227	2.6539663	1.1669383	0.80137111	1636.8635	40.485706	35.964221	0.030975464	0.0087669044
5228	0.1818049	0.31510965	0.41388911	3597.4784	52.747035	43.550929	-0.17191517	-0.0042698928
5229	2.4632398	-0.85514511	1.8488797	4963.5928	54.11294	49.153243	0.6674622	0.078088719
5230	6.18627	0.49334932	2.2977828	318.62619	9.6975049	1.2303463	0.22909545	-0.10087073
5231	2.0912117	1.0174336	0.49659652	9037.3383	109.4835	81.220174	0.00062445088	-0.06940933
5232	6.2348664	0.95176516	0.2511134	1817.5045	7.474236	5.0461707	0.075587992	0.054303631
5233	4.0737702	-0.60403745	2.5369989	2726.1793	38.924558	12.887097	-0.070787962	-0.011961912
5234	2.6725666	0.1070173	2.2304868	1725.355	49.84537	37.896656	-0.001476626	-0.10721188
5235	3.8210148	0.82322	2.2835666	1532.6028	14.165092	13.517732	0.034459599	0.026317733
5236	0.96781182	0.58805655	0.25639068	1812.0841	11.712769	11.333954	0.30452652	0.2092215
5237	2.5270942	-1.0712189	2.852461	2340.3739	12.296111	10.61789	0.026627419	0.086911147
5238	4.5458656	-1.1008008	2.49117	1201.4337	12.305322	11.92754	0.20728966	0.096366693
5239	5.3665475	-0.31302408	0.87053295	2087.4813	32.72303	12.35166	-0.11574641	0.023558098
5240	6.2684163	0.51760097	0.23254028	2576.748	16.957669	13.713515	0.018579519	0.029786326
5241	0.71470586	-0.79702672	2.3768331	7706.5844	54.118472	33.230015	0.21663571	0.088389219
5242	2.2091846	-0.020685928	0.48271998	6296.6208	149.62368	62.667196	-0.089418217	-0.033208644
5243	3.1875108	0.56356603	0.73097157	4841.4922	50.326981	48.623697	-0.25782406	0.053022997
5244	4.1517396	0.36986256	0.45090894	4455.5397	68.747844	57.116157	-0.06450041	-0.10192333
5245	0.33226582	1.2138381	0.54499801	1139.2628	8.1164484	6.3273367	0.14836579	0.28946211
5246	4.0542211	0.49547089	2.1377016	546.36907	10.224769	3.8318755	0.22231318	-0.069954628
5247	4.7232933	-0.0016376814	2.7882672	1295.0793	18.589292	12.034384	0.0033959679	0.075635232
5248	0.72998475	-0.33369562	2.0511116	2754.2169	41.612174	33.730169	0.015914675	0.33375499
5249	4.3312188	-0.24594339	2.0572298	1092.9717	27.710394	20.245018	0.20156103	0.179852
5250	5.0946867	0.99499718	2.2789467	3582.968	37.476066	23.262075	0.025449344	-0.0028999873
5251	4.4968279	-0.42923635	2.1147732	763.60801	55.728168	41.557541	-0.021533827	0.12702436
5252	5.2145683	0.72936516	1.9164517	260.02694	3.3688125	3.3054638	-0.026090511	-0.0011525406
5253	4.5283149	-0.093598995	2.4998297	7649.3801	60.099109	47.711839	0.0018586268	0.068658134
5254	5.4990094	-0.73421745	2.8705513	3701.0289	17.748092	15.510984	0.072953286	0.17441061
5255	2.4077571	0.21017483	0.41374533	2223.3332	14.502958	10.939871	-0.078473807	0.058064079
5256	0.41308339	0.27840213	0.55672377	1307.3504	17.824416	17.804516	0.017954587	0.01289647
5257	4.2119404	0.56552799	0.21877151	1096.9289	10.340404	4.9117704	-0.034422454	0.13680976
5258	3.9014003	0.2458531	0.53026972	282.79802	1.3294806	1.314404	0.024607252	-0.0096939488
5259	5.3611609	-0.14459302	0.8654788	1259.768	79.687006	44.398737	0.20329921	0.15952124
5260	2.7469238	0.45443887	0.79488173	4923.3096	57.591621	53.808158	0.051228951	-0.18538905
5261	4.183847	0.53927272	2.525661	1295.7001	32.198835	31.576826	-0.0059980481	0.3757277
5262	4.4058452	-0.64862661	1.989279	171.78159	2.0049703	1.4917927	0.018846026	0.0033810455
5263	0.63052029	-0.38476447	2.5831871	524.4876	16.570613	1.6329715	0.12598534	0.0012604831
5264	1.7534543	0.97212632	2.9919129	2097.1339	11.395828	8.6496379	0.1880147	0.041038372
5265	1.997003	-0.28936368	0.95560543	2952.0369	61.462424	47.099664	0.047781956	0.026774354
5266	5.0659187	0.37629035	0.38963185	1120.8383	12.497123	12.021432	-0.045812604	0.19963172
5267	5.1241587	-0.33187423	0.12382662	2118.2155	11.171477	10.873645	-0.10880515	-0.084539101
5268	2.6733911	0.62508642	2.5219551	3829.2328	16.90203	16.651583	-0.0039273282	-0.033780228
5269	2.4883634	-0.92751583	2.023826	1432.3312	43.596584	20.663575	0.068679605	-0.057094552
5270	5.1618074	0.60473125	0.92504554	430.96743	15.484806	7.944918	-0.002194547	-0.0028077452
5271	6.1375806	0.36080593	0.68179755	7901.2294	140.37846	120.78308	0.64127334	0.033919939
5272	2.9787377	-1.3810616	0.83322181	5324.377	59.357278	43.623264	-0.17640381	-0.11177016
5273	4.2515199	0.44793678	0.56563662	2395.1741	12.972419	8.9963183	-0.25485597	0.045269703
5274	3.2634811	0.18666961	2.4137027	4410.615	75.399594	59.876944	0.37552575	-0.25736915
5275	4.203454	0.30381586	0.35511377	7102.4854	101.46477	43.114096	0.001685468	0.0033759243
5276	4.7586868	0.78592566	0.14135717	3439.5887	61.198803	41.18622	0.043996909	-0.017208571
5277	1.3642903	0.98775299	0.18288865	2780.0543	14.727519	14.070574	-0.026324833	0.015390383
5278	4.4362395	-0.19996714	0.52510083	99.712639	1.3021268	1.2538401	0.10239067	0.17942519
5279	1.6495765	-0.98240209	0.8882623	4772.6341	70.379911	42.816216	0.0018109166	0.2953167
5280	2.5863308	0.49768379	2.7267984	984.02944	2.0657931	1.8891933	0.015706925	-0.068478872
5281	0.84865564	-0.39024747	0.92179198	1566.4674	11.6449	11.220969	-0.21223228	-0.67577236
5282	1.2986139	0.15271202	1.0148396	4735.2064	130.28386	42.968171	0.029537299	0.12796437
5283	3.725484	-0.79112341	1.1094978	4225.5423	43.845097	42.752998	0.11140798	0.063075715
5284	0.16937416	-1.2636806	2.4500248	10415.116	213.53278	154.80582	0.034102432	0.040914696
5285	0.37490313	-1.2481028	2.3439163	3560.5144	52.654766	33.456006	0.081456298	0.31456272
5286	0.28101593	-0.21432022	0.45785793	1913.3416	51.928652	34.640607	0.062054686	0.026923678
5287	0.68797732	0.28034722	1.777323	510.90682	33.120749	23.630792	-0.030105046	0.2180307
5288	3.1108089	0.33443618	0.99422838	2652.3425	46.626903	41.169751	-0.0032519605	0.15625158
5289	1.573279	-0.18411808	0.63033948	1018.8534	11.350026	5.054899	-0.33408476	-0.00096963954
5290	6.2310145	-0.1183805	0.50736272	6131.441	87.613844	68.467384	-0.049056196	-0.026330059
5291	3.4631854	-0.83470301	1.8702586	846.01268	19.573425	3.444196	0.016875735	-0.04419195
5292	1.4988023	-0.009103585	1.3541952	186.47905	1.676747	1.5042123	0.1083026	-0.03708223
5293	3.1067796	1.4497811	1.3551546	44.686776	2.249355	1.2120011	0.016146357	0.024736293
5294	1.8353029	-0.081261833	0.44008275	3414.6338	15.798969	15.276256	0.30862099	0.015710367
5295	5.1383264	-0.72867986	0.15604793	5841.2867	30.153365	17.824109	0.19153449	-0.0022482939
5296	0.8863236	-1.2448075	0.23999906	1748.1046	14.087996	12.873231	0.025289124	0.039466752
5297	4.5617515	0.56289593	2.1472338	668.53028	8.2244054	3.1763	0.10330413	0.19267348
5298	1.8583604	-0.43882063	2.2771466	558.48629	35.04909	25.024535	0.30274549	0.082813294
5299	1.196442	0.19194	0.95748041	1365.3429	11.711145	8.2434991	0.072261931	-0.087214502
5300	0.4715505	-1.3852541	2.0132088	238.04507	1.7078457	1.2665487	0.031032183	0.00047055656
5301	2.7578857	0.4392656	0.65197345	3053.3795	49.065802	30.683533	-0.0017387919	0.016808286
5302	5.1260508	0.55587943	2.2351736	401.11109	3.3076122	1.6530711	0.011541042	-0.092438242
5303	4.1273019	0.64291835	2.5451897	2885.4221	42.413977	40.511629	0.16571867	0.01792449
5304	4.3325458	-0.92938547	0.78903222	3037.215	36.360258	20.711193	-0.0098199509	0.019511221
5305	6.1547875	0.28447374	1.1988592	1638.0677	14.001408	11.374134	0.090296237	0.041661423
5306	2.9573194	0.54587827	0.59487178	382.27759	1.5882064	1.4371328	-0.028105951	0.01280445
5307	2.0580524	0.051490023	0.34606896	9437.533	68.017755	65.918938	0.074122646	-0.0046939973
5308	4.6065055	-0.69247506	2.6952814	7709.9107	53.535357	48.709941	-0.039315931	0.22181805
5309	2.5564383	-0.16105793	2.9466159	1584.8741	13.445259	13.086446	0.076272803	0.13516157
5310	4.930932	-0.24278807	0.79767016	804.63878	11.020362	9.7679664	-0.068334128	0.06392163
5311	3.257074	0.92321543	0.67128202	5021.3808	51.077036	36.653165	0.08774784	0.16882173
5312	2.1927325	-0.30251971	2.5981426	2363.3177	17.064861	12.514988	-0.15376744	0.19122363
5313	5.5794602	-0.14299361	1.1131192	495.70338	10.185416	1.6898468	0.11360139	0.0091864009
5314	3.9726741	-0.99936609	2.4614461	2442.4672	46.757767	44.755478	-0.11750856	0.010386409
5315	0.13313776	0.46488118	2.2001458	1214.5369	45.413187	40.372749	0.01100168	0.043006936
5316	1.7121834	-0.048514847	1.4632762	1834.7868	41.878891	41.191943	0.0015829734	-0.066178898
5317	5.649699	-1.0580769	1.9281447	436.08397	10.369166	1.699663	0.034969815	0.17021462
5318	0.57509048	0.054729551	0.98118574	920.87128	8.654347	8.0355317	0.020040839	0.045914646
5319	1.5707272	-0.12308761	0.43347329	4757.724	58.480682	43.308055	0.32550626	0.054427531
5320	4.0017895	-0.66974567	0.10956028	2469.0081	14.053013	13.216873	0.40175116	-0.0040128681
5321	4.6206959	0.46013167	2.6183304	944.61858	2.1280539	1.5120824	0.0018000375	0.080155997
5322	1.3846293	1.1100819	1.1261083	4523.3808	69.911833	58.805069	0.038440111	-0.0066103729
5323	5.3221753	-0.39141773	0.53815014	1503.3907	13.899703	13.378485	-0.062935512	-0.093697346
5324	2.7493965	-0.88821157	1.0947797	6344.3475	74.452355	46.473714	0.089163555	0.11088844
5325	1.1305301	-0.19711236	0.87036905	696.77194	10.349977	9.3987106	0.17766838	0.012803055
5326	4.1845611	1.1140929	0.24202814	6978.8393	68.526637	52.362843	-0.0094502932	-0.30465181
5327	5.22296	-0.24928768	0.2371225	1512.9585	14.133586	11.108239	0.014732899	-0.019730441
5328	1.7729095	-0.5456213	0.31108477	7539.3668	65.120709	58.916573	0.011473335	0.088203842
5329	6.2601547	0.39659978	2.9124957	3702.1176	27.100427	16.519096	-0.010682792	-0.13977114
5330	3.0498791	0.96509467	2.1463664	695.84655	10.02207	1.3229948	0.21800746	0.088762208
5331	1.8910179	-0.47117933	0.77619843	3370.8969	16.518374	13.838301	0.049018587	0.10751061
5332	6.1716289	1.1469521	0.58800805	2661.0604	57.811755	51.562786	-0.0034641013	0.23116206
5333	0.56918294	-0.59136872	0.51790032	7280.8519	61.270487	61.034805	-0.067817327	0.38980344
5334	5.3265871	0.77973751	0.70002522	1177.0881	5.3627025	4.6515102	0.10239546	0.14332695
5335	1.7106194	-0.35538666	1.5932989	7492.8325	168.33537	62.377978	-0.024532627	0.05015671
5336	3.61642	-0.1738719	2.3222327	795.47605	10.181117	1.6850909	0.260607	0.040648727
5337	6.2702903	-0.013240791	0.82196858	3006.1935	49.816958	34.470428	0.02827633	0.011164706
5338	2.0653381	-0.58684042	2.606369	3246.4001	82.886143	44.483351	-0.044248811	-0.054501439
5339	2.0801908	-0.47118142	0.65738083	1588.3959	9.3017277	2.2932986	-0.00032928147	-0.019164649
5340	1.7771758	1.0980593	0.60674959	3243.6464	13.776691	13.149286	0.1007252	0.16161947
5341	0.27535881	0.6885697	1.018445	8579.161	69.127963	63.499366	0.19298986	0.07587451
5342	0.89969087	-0.81726305	1.4439824	426.33783	9.6021257	8.4547375	0.013262713	0.095489116
5343	2.2028454	-0.24201711	0.73976648	1041.5974	10.891244	7.4424375	0.032272714	-0.0033490187
5344	1.7253383	-0.54891631	0.52706704	4991.2943	56.035986	48.894325	-0.27562933	-0.1452886
5345	3.0389839	0.0083053036	0.089442915	2145.1827	15.634781	12.479046	0.033028631	-0.12190029
5346	1.9018191	0.825795	1.1576462	1674.4558	43.679907	10.477452	0.030029783	0.10439102
5347	4.5268939	-0.7912064	2.7041956	10653.062	120.09412	70.443395	0.014158141	0.27304062
5348	3.9812598	0.73701536	0.25124978	534.37286	8.9052878	7.1777898	-0.042207741	0.035834479
5349	1.6907904	-0.47809487	2.4209285	3760.1865	15.096468	14.733941	0.26199579	-0.016706862
5350	6.2002277	0.074948155	2.1215287	2609.1052	15.572607	13.653729	-0.032675999	0.11579011
5351	0.51661928	0.5892561	0.8215214	2696.478	42.266434	30.251215	-0.1144274	-0.044275171
5352	5.7180145	-0.69324714	1.1556091	162.36787	1.8928175	1.6872953	-0.075618655	-0.054061389
5353	6.0072199	-0.16459958	2.1157312	742.01337	11.614309	9.5059524	-0.019419512	-0.13665482
5354	3.0814167	-0.74037088	1.6781721	4824.2557	57.323963	53.85463	0.024278072	-0.15421055
5355	0.2409873	0.58289928	0.40717585	8526.9035	81.888747	73.217788	0.0031715761	0.31372894
5356	1.9891748	0.94376364	2.2191354	1014.8261	10.181457	9.7155873	0.14810188	-0.01522431
5357	1.3966033	-0.66789093	2.9890953	629.2531	2.7161	1.4748254	-0.24532848	0.02918162
5358	3.869129	0.79289282	1.2989574	523.2	10.902667	9.7480941	-0.080549	-0.15975245
5359	2.2489576	0.46673311	0.57987323	4962.2269	17.363058	16.176319	0.028370661	0.19394389
5360	0.088284725	0.42239845	2.5130333	894.47132	10.750589	3.5621375	0.28635199	-0.077271115
5361	1.0462183	0.4210849	2.7622991	4574.2126	63.060585	56.798401	-0.10230049	0.042040779
5362	1.498649	-1.011277	1.2286958	2236.8112	31.706944	25.931399	-0.021461594	0.00017931799
5363	5.9076456	0.28029452	0.31909462	271.07012	10.716212	1.3296112	0.21319291	0.14207225
5364	5.9120696	-0.93574615	0.76467741	1127.5882	10.173719	9.6123688	-0.026177877	-0.014848719
5365	5.0046487	0.12506792	2.5725726	812.50331	10.536223	10.344691	0.13198825	0.011150553
5366	5.0490831	1.147762	1.2676729	1743.2203	36.565023	17.639678	0.32690013	-0.0275811
5367	0.46811754	-0.69988243	2.4855822	5346.4639	62.756125	61.563656	-0.0085014655	-0.020808031
5368	0.62648542	0.92685563	2.908112	3590.2674	14.540386	13.233717	0.022413406	0.12876166
5369	4.8017647	-0.69142236	3.0807278	485.69045	10.708628	10.154109	0.0845395	0.076559983
5370	4.111512	0.77174015	1.6959149	2051.1501	34.880105	25.746931	-0.047652964	-0.11137909
5371	3.1329146	0.33066214	0.69894036	2212.5254	19.66758	14.169698	-0.22907706	0.12710178
5372	3.6360829	-0.39281937	2.4184856	1765.8348	50.607848	49.577695	0.14855881	0.42687069
5373	1.1258226	-1.0284207	0.21772039	1701.4879	11.216999	9.9617805	-0.27777503	0.0012350267
5374	1.857617	0.40554006	0.27555269	914.08216	35.232952	27.242415	0.15070723	0.048045304
5375	3.1497866	0.83465439	1.8960155	471.38877	9.4276856	8.581321	-0.55690083	-0.076277789
5376	0.96419446	1.3362714	1.0976016	516.80185	29.912426	1.6533808	0.001085442	0.11428947
5377	3.4338209	0.8414769	1.2407428	980.12074	17.922475	12.060356	0.068278094	0.051698356
5378	1.2165064	1.2646526	0.59587567	990.38885	9.6844248	7.9061006	-0.36818818	0.017888864
5379	4.4165287	-0.01468004	1.6197819	527.90896	40.071735	33.002619	-0.0036556149	0.039305878
5380	1.9769415	-0.11573086	0.35643927	7197.151	67.533447	54.096605	0.13267702	0.046683351
5381	0.42439723	-0.8302337	1.0522536	3410.2116	35.963597	31.733333	-0.1589542	-0.0040101108
5382	0.73547321	0.90059226	2.2179226	938.89937	4.6526179	2.0930464	-0.087124152	0.0077680733
5383	4.8036843	-0.18170233	0.41798366	2472.2922	11.184483	3.5323133	-0.025212677	-0.14540547
5384	0.41255413	-0.6314772	2.5865961	4193.8536	38.615082	33.091071	-0.0055335427	-0.31415365
5385	4.0944089	0.97730136	0.56763549	5215.781	68.260081	56.980352	-0.35700599	0.28893442
5386	5.2635004	-1.0034649	3.0053718	1977.9916	21.424617	14.299999	-0.19130076	0.10906188
5387	2.7442775	0.30502809	2.3738797	1110.9842	18.679055	17.383198	-0.0072960758	-0.16295125
5388	3.0889336	0.74901342	1.1840227	3311.0962	39.160899	39.040787	0.32469222	-0.084257001
5389	4.5549977	-1.523	0.37782702	6005.3307	49.078075	32.562789	-0.033479908	-0.4168543
5390	3.6675932	-0.89167795	1.7036865	684.50744	12.7161	11.626882	0.1517233	0.01592344
5391	1.1077645	0.48428224	2.8726744	2905.9283	79.295393	56.568611	-0.27766769	-0.32073264
5392	3.8010002	-0.65314163	1.9355064	1599.9626	24.345519	11.372764	0.038918191	0.0097771689
5393	2.0196953	-1.0476412	2.3045078	235.92726	1.6679025	1.3134724	0.0029497598	0.01835431
5394	5.2128438	0.67374513	0.75288055	8941.989	144.21155	80.349494	0.20329921	0.15952124
5395	2.6467952	-1.0319293	0.43479072	1495.0593	33.875333	27.791937	0.1686643	0.059275443
5396	1.1238698	-0.38130855	1.4769388	1216.4249	12.771895	9.9964525	0.12055561	-0.24508301
5397	2.3515721	-0.52742617	1.2039277	3549.6009	54.92122	33.45742	0.52226588	-0.061602197
5398	2.9239262	-0.64803145	0.58555379	3863.2896	57.736805	53.289148	0.20612425	0.22863225
5399	1.5451548	-0.039129396	2.46246	1467.9733	48.846441	30.947601	0.16598083	0.016801634
5400	6.1766873	0.16272006	2.216083	7319.3245	53.35503	49.583547	0.47177747	-0.0041184309
5401	1.2043167	-0.14694393	0.55671888	6246.8379	52.335458	51.435239	0.17121126	-0.32288781
5402	1.368815	0.3449008	2.6853485	1259.582	12.369747	12.23671	-0.19357112	0.22564768
5403	3.1268431	1.257564	2.3538026	1463.6404	31.267113	28.341911	0.0090490726	0.017532968
5404	0.73894162	-0.86065743	2.6461042	3228.7659	19.528138	16.681415	0.091657662	-0.12159412
5405	2.8198365	-1.3543783	2.2898922	11506.713	116.37352	93.863346	0.38415148	-0.21136034
5406	4.3220093	0.17234509	1.9852541	321.77157	1.8781023	1.5933486	-0.042309049	0.098641466
5407	0.91769845	0.16419072	2.1954407	1555.7539	27.559306	12.923192	-0.010158144	-0.017449978
5408	3.2310652	0.25088942	2.0942754	507.02133	5.7356101	2.003339	0.12787217	0.029039814
5409	2.3555359	0.56859571	2.0985925	819.72265	10.500892	7.7839552	-0.12524757	0.087712588
5410	2.8128185	-0.14599258	2.6306034	3086.6694	50.706414	41.519089	0.01224498	0.029178785
5411	2.6711196	-1.0755272	2.2814029	7613.4402	50.594586	38.629095	0.73872013	0.58268664
5412	5.5590159	-1.0665301	2.927877	5118.5652	63.991219	50.320091	-0.26093987	-0.0059535767
5413	0.3304201	-0.64317846	0.34164327	9367.7778	80.325328	51.103382	0.059026038	0.00026710295
5414	0.2982628	-0.80532884	2.6268305	724.72973	51.566321	2.8832536	0.051858815	-0.014732864
5415	4.6076783	0.5800802	0.96128677	4882.2266	54.669415	53.049933	0.21377787	0.12214018
5416	2.2300139	-0.71943799	2.170551	2256.5551	44.09478	37.957442	-0.028921614	0.12627844
5417	0.49647204	-0.29444755	0.34682749	3031.8676	14.282932	13.074609	0.16229	0.022847848
5418	2.9122443	-1.022929	0.81109672	1438.7477	11.745384	8.5829013	-0.18548986	0.21361759
5419	2.4190991	1.0828304	1.9288191	2261.4738	30.384208	29.985471	-0.094769968	0.050460927
5420	0.33236119	-0.16780067	1.2949626	555.30447	19.386494	12.743187	-0.37504829	-0.15852782
5421	4.8174374	-0.38177077	0.51429227	797.59365	3.0857125	2.145763	0.10055792	-0.005900527
5422	5.4661115	-0.32342518	2.5599352	470.29785	9.2060773	6.1668614	0.12238125	0.027610384
5423	4.048123	-0.47818892	0.77645974	3255.6347	51.760957	50.243934	0.07557154	-0.20175851
5424	0.50363742	0.22125157	2.408499	1950.2841	12.753187	12.252873	-0.02020467	0.064199845
5425	5.069755	-0.55865089	0.34491435	785.34819	3.2699886	2.6184297	-0.098310913	-0.0058257239
5426	1.5445669	-1.4984199	0.83205328	2048.2568	35.986772	32.918183	0.0080894327	-0.0026813064
5427	4.9159598	-0.98956442	2.912768	3922.2884	52.019049	43.086399	-0.25263212	-0.44195443
5428	1.5607356	0.49641401	2.3853244	578.85643	28.762095	1.8936649	0.22793933	0.18393099
5429	3.1722394	1.459405	2.0563698	547.94886	10.188985	3.8027295	-0.12741443	0.011309014
5430	4.4653222	-0.82330914	2.8236956	3092.7308	16.156955	12.533675	0.25888205	0.1253163
5431	4.0988588	-1.3149	0.88560235	3100.6334	33.43047	24.055554	0.053155778	0.10230081
5432	4.6415853	-0.16282621	1.3023661	920.57893	32.053951	6.3054657	0.29852967	0.1227093
5433	3.8616116	0.53880408	0.48329253	1949.7289	13.358523	2.6051433	0.3377493	0.12884799
5434	4.0558744	-0.049535398	2.1320539	8664.7491	193.73611	114.56655	0.07293951	0.22889589
5435	2.8082373	1.1748682	2.1483826	867.25685	25.612693	16.560258	0.14208283	-0.31636144
5436	0.77359288	-0.054154377	1.1433097	3234.6427	46.899017	43.893977	0.073259793	-0.055066323
5437	1.358932	0.63254912	2.1878062	907.12082	63.283155	34.850627	5.9681247e-05	0.13678863
5438	5.7086037	-0.90578456	2.4552007	5927.9456	32.166324	23.383927	-0.056991877	-0.067550981
5439	2.8528729	-0.8306575	0.61715314	1904.1629	49.840329	39.520102	-0.029224087	-0.12296162
5440	4.0470818	0.62574439	0.82822645	2024.257	11.906403	7.9927763	0.3625561	0.10596914
5441	0.01981451	0.13460326	2.8446415	2049.3238	11.131129	10.876728	-0.00092120534	0.018343223
5442	3.5127266	1.011462	2.5088734	317.36231	8.8812193	8.2260403	0.21410857	-0.40527215
5443	4.1376625	0.5866234	0.48528988	1509.6748	12.892229	1.9280426	0.050702583	0.088503898
5444	2.1402315	-0.92402871	1.598708	3960.436	50.454966	48.859162	-0.097944455	0.091056034
5445	3.2746948	0.056227323	2.6985535	808.459	2.448325	1.5267074	0.12832414	-0.076549119
5446	4.946858	-0.078160469	2.9148789	508.61011	2.4947444	1.3825874	0.10421961	0.07222102
5447	4.959928	0.24258882	1.2631878	2069.7463	14.694655	10.162113	0.13005223	0.0056012603
5448	4.7533923	-1.4888929	0.87441682	5722.4705	76.725823	41.518853	0.032361076	0.026005704
5449	1.0350587	0.73940722	2.7882463	2629.0416	18.706913	16.263659	0.046476592	0.35863142
5450	4.2663461	0.50730893	0.24391458	6596.5222	39.139123	37.639367	-0.04492138	0.10797997
5451	1.0287794	-1.007817	0.73871323	2767.3736	56.972221	29.993188	0.28855235	0.020767531
5452	5.3141458	0.28447355	1.3227911	3041.6873	75.266577	49.967097	0.088273268	-0.016918601
5453	3.1047484	0.578226	0.38272154	1108.7507	12.71411	12.445385	-0.035105718	-0.010951648
5454	3.4186389	-0.14409146	0.61732212	3193.1198	55.977672	48.212925	-0.17671493	-0.10552174
5455	1.4232292	-0.98912912	1.2996627	73.853794	1.4694578	1.4135265	0.032659073	0.024279462
5456	3.3592741	-0.58533444	0.7686798	1344.38	15.25137	5.7749694	0.091823761	0.15869496
5457	6.0549578	0.52960743	1.4171656	6069.1367	77.160666	53.234989	0.21502727	0.49359599
5458	3.7832047	-0.12909999	2.518891	1732.7894	35.620646	34.376158	-0.0013121099	-0.0070720478
5459	5.4125974	0.33289161	2.5834733	2816.3408	35.367121	23.212496	0.20738194	0.11215154
5460	2.9877156	-1.1454017	3.0200284	18523.012	113.50134	101.33735	0.080923326	0.013065883
5461	2.7821227	-0.48241988	0.21096227	494.73659	9.8193715	1.3282789	0.10019369	0.11943048
5462	5.4258051	-1.0614558	2.1373315	889.19228	10.27616	2.6851876	-0.025213846	0.10466568
5463	3.6853123	0.75792958	1.9952067	4654.335	82.818722	61.512686	-0.113682	0.068512733
5464	1.7153499	-0.69202927	0.41432499	3668.3029	27.683394	25.923233	-0.034908171	0.030942343
5465	4.8233254	-0.67164658	2.4173922	6580.6162	58.038145	40.601122	0.0042192021	0.065994324
5466	0.048566497	-0.27318577	2.2845788	635.73499	2.931859	2.6485046	0.17846785	0.014937897
5467	0.16077071	1.0453417	2.3082767	5228.7046	72.647888	68.289719	0.03589898	0.11140357
5468	1.0879791	0.39029444	2.2127727	951.48044	11.261285	10.918663	0.10152711	0.34407419
5469	1.1731957	0.25207813	2.8629298	1552.9631	12.564941	11.432903	0.066234664	0.075931184
5470	4.0424382	-0.24670009	2.7344457	1178.4147	31.496202	27.549315	0.0072073396	0.22724052
5471	5.8233012	0.66723898	2.6006054	329.26855	2.2826076	1.4182635	-0.014101064	-0.017877662
5472	5.539418	-0.3733231	2.4683265	1498.8447	25.096887	21.193334	0.14879313	0.28690724
5473	4.7464077	-0.87024633	2.654899	391.14566	1.6299933	1.3340435	0.014097301	-0.15817144
5474	3.5617267	-0.5133532	0.60590043	3762.3997	56.497638	35.057099	-0.0061335394	-0.0094310493
5475	3.8832551	0.11777313	2.7550118	4077.4134	106.70368	42.964245	0.017287521	0.18921892
5476	0.89122051	-0.73275824	0.87732026	5132.4031	51.941191	48.074375	-0.030632189	0.43433554
5477	1.536977	-0.86284361	1.3412054	206.78889	8.2973403	3.3043771	-0.082038197	0.076251231
5478	2.2679808	-0.65074304	2.4968593	306.82594	26.782682	13.433482	0.33892582	-0.66118046
5479	1.3956588	-0.89942932	0.34811313	683.39997	1.7090578	1.461192	0.037477157	-0.030459621
5480	1.7485683	0.80770647	2.848044	1391.8693	12.401439	12.359839	0.12616175	0.2155891
5481	3.5108333	-0.18762344	2.4080669	267.43064	2.220899	1.5752259	0.17695543	0.013194611
5482	3.4595954	-0.85310271	2.5095073	555.52186	1.4935944	1.4451928	0.16550775	0.036168018
5483	1.3315666	-0.65029375	0.14042475	1309.7246	12.841897	11.461759	-0.0090557945	0.0015956107
5484	1.6901557	1.2007461	0.95158896	3190.9941	76.206564	59.672448	-0.012444195	0.070036624
5485	0.3003712	0.47808649	0.2459772	3348.7806	24.527924	17.067218	0.17249436	0.26694709
5486	4.0027323	0.44667263	0.48545622	285.73902	1.496902	1.3076322	-0.028261896	0.056089664
5487	3.7314524	-0.28448483	0.35957601	1788.5969	11.805363	10.96008	0.0015966124	0.09249829
5488	3.3366667	0.83699416	2.8283488	3569.2659	59.170821	35.660172	0.41084867	0.099770644
5489	5.0566859	0.63551478	0.40024916	1927.181	10.946389	5.1536665	0.039973593	0.19115337
5490	1.4009355	-0.26927929	3.0117623	4747.7461	83.791694	49.222882	0.13518225	0.031902237
5491	6.2402293	-1.1614282	0.82325368	874.56997	3.5284115	2.9953572	-0.25563682	0.015779963
5492	5.8564339	0.30140546	2.6033296	1770.1195	14.89457	11.756804	0.10218987	0.0054973842
5493	0.65728918	0.37047965	2.3880598	228.50226	1.897155	1.3103656	0.1021877	0.034319286
5494	6.2110003	0.37877089	0.84984948	144.58104	1.3171302	1.2850976	-0.037455674	0.045379469
5495	4.9601399	1.3054882	0.54108794	1302.7576	13.536745	8.8312701	-0.27816257	0.16436536
5496	1.1862671	0.47639298	2.8746522	293.35603	1.3406895	1.3360529	0.076655526	0.13665061
5497	5.307005	1.2359817	1.3010285	748.15625	10.634291	8.0122559	0.041001109	0.053380483
5498	5.0298178	0.031030264	2.1797778	569.84656	10.315777	9.4740452	-0.12849659	0.13008733
5499	0.22972982	-0.17758491	0.14125651	302.95608	7.3052484	1.3426371	0.11777041	0.051797298
5500	3.0517163	-0.92339181	0.86471531	3171.0283	44.66169	33.219496	0.0029590599	0.040672625
5501	0.78250006	-0.54099595	1.1953034	1411.9955	19.26993	13.431511	0.025714975	0.20368099
5502	1.0560772	0.44766539	3.0167621	1046.6987	44.061975	11.961061	0.014834756	0.53600258
5503	0.1296617	-0.73166368	2.6409132	4409.5421	27.120333	17.06196	-0.30342672	-0.054381489
5504	0.3459134	0.86539984	0.75868267	1518.3217	32.185904	10.170957	0.016954711	-0.10078582
5505	4.4228741	-0.25465767	2.7235794	307.95542	1.6309605	1.4305692	0.35189757	0.17277034
5506	0.25780551	-0.11133453	2.6447731	3087.8712	49.270174	44.692795	0.21527341	0.021751729
5507	0.37693788	-0.1722325	0.51829878	3633.0629	50.430528	40.012911	0.061257636	0.0010830907
5508	0.097896489	-0.019932707	1.1194666	1076.8315	22.786982	20.372592	-0.13223358	0.034333971
5509	5.8214619	0.89403353	0.28745474	2228.9485	13.413233	12.948101	-0.052873483	-0.082835503
5510	2.4301625	0.56026005	2.5465479	1549.1541	12.289221	2.7945524	-0.067156042	0.030226734
5511	3.4214255	0.092998456	2.4706296	10164.884	85.446307	77.804956	-0.028287525	0.14407834
5512	2.1645041	1.1701349	0.80584793	6441.6157	74.767654	63.005916	0.047245228	-0.023999655
5513	2.7740452	0.88685044	2.3549594	9356.3691	173.00776	60.954086	0.15691923	-0.034718877
5514	5.5602326	-0.20794665	0.43064178	1389.2864	17.242552	4.4789475	-0.02729664	0.015337913
5515	3.8200415	-0.69558201	2.0149913	437.061	6.6033905	2.0575498	0.061113512	0.070123885
5516	1.3648707	0.70691507	0.64672409	822.98767	28.889904	1.7063859	-0.00072841098	-0.081051629
5517	5.1077793	-0.56249885	0.61080321	2508.0797	45.698947	42.865612	0.077665342	0.0047541454
5518	1.0296114	0.91829763	1.0659831	1002.2302	10.68806	5.3612777	-0.083095376	-0.36021004
5519	1.0151865	-0.7218057	3.0357484	108.48656	2.059097	1.6141338	-0.082702863	-0.081473109
5520	2.2435885	1.0912302	2.0566087	1935.0973	37.917037	35.063371	0.074801611	0.014810966
5521	4.9778345	0.18532666	1.8856986	2272.6017	45.171263	41.000802	0.08432104	-0.012470906
5522	5.1611561	0.81434219	0.69879726	2915.3446	47.685998	36.671466	0.25875481	0.047546936
5523	3.625657	-1.0480361	0.52598153	485.03216	2.1218628	1.6179048	-0.017477298	0.0064541405
5524	5.328633	-0.51694506	0.26277463	11319.497	64.499561	52.448323	0.23303616	0.1298038
5525	0.34736198	0.019643247	2.2825328	4077.2509	58.220204	36.372004	0.012473298	-0.046251645
5526	4.46079	-0.24912007	0.69691602	3417.1408	16.196876	14.914677	-0.16246364	-0.014328657
5527	2.7750699	-0.65267703	0.68700466	1209.9173	9.0045165	8.4725589	-0.016794877	-0.10603001
5528	1.8796552	-0.14438169	0.14458025	6727.9166	77.517567	67.417904	0.13005978	0.099296711
5529	1.9051205	-0.27614748	2.7293536	402.1736	2.62433	1.3411108	0.018472451	0.06841983
5530	4.8898221	0.21985214	0.33765707	5983.3927	65.719445	43.637334	-0.036168299	0.010869332
5531	0.38315657	-0.099884853	2.687099	6432.1393	66.955683	66.749926	-0.00041414076	0.0096709405
5532	3.1748191	-0.15711681	0.94970888	1096.2617	30.947079	13.243117	0.00627491	0.015545861
5533	5.4748367	-0.37938502	2.4947317	2908.5558	13.931389	12.496576	0.072379642	0.29125153
5534	5.4151134	-0.57297608	2.953425	4225.8623	44.695936	31.63835	-0.078559676	0.0072184001
5535	1.8568206	-0.42375873	1.6298323	2968.9361	28.377974	23.498262	-0.18576446	0.097581212
5536	1.7648546	-1.1030188	1.9900844	711.33288	10.486527	8.091308	-0.077866457	0.25619979
5537	2.065407	-0.92682091	2.1864247	432.22766	1.7567723	1.7174452	0.032118586	0.01754614
5538	5.9170243	0.72739428	1.8859102	3345.0584	34.413859	33.370504	0.013660204	0.19811456
5539	4.2655445	0.53554684	0.84017301	1443.3336	32.488295	31.842739	-0.02285189	-0.047774491
5540	1.6611079	-0.78678985	2.9740307	5142.6402	59.79224	29.083473	0.078320951	-0.18459518
5541	2.1208164	-0.03624131	2.2438416	605.42654	20.004829	2.5811995	0.03781561	0.012657161
5542	4.3708735	-0.13081211	1.1621398	2778.6159	45.947836	41.15264	-0.023963616	0.34474078
5543	0.41192249	-0.081380637	1.035934	777.06865	38.392809	37.054792	0.00018074908	-0.0082151528
5544	5.4286519	0.31288301	3.0647529	1835.8593	44.025271	13.555273	-0.090320804	0.094077046
5545	0.05150141	1.198962	0.25497352	2590.5401	14.397825	13.070726	0.13731455	0.092869829
5546	2.8019418	-0.14985758	2.5472847	2522.2038	49.702652	36.563203	-0.049619376	0.17968093
5547	1.0743056	1.0955633	0.51711454	4692.1571	52.571485	36.662304	0.016122652	0.026538193
5548	1.3304053	0.31117126	0.67675957	5438.7979	65.053157	55.178701	0.039102877	-0.015506006
5549	3.591652	1.3090779	1.9160333	614.62961	11.644409	6.2613015	-0.41407768	-0.045393275
5550	4.3912833	0.74570483	0.22382852	2750.1372	12.615132	12.137995	-0.036683164	0.0107065
5551	5.2417814	-0.57273456	1.0240123	5221.3421	68.008931	55.843201	-0.022370766	-0.087887341
5552	0.10378861	0.21924421	2.3918483	2694.536	53.896125	33.584928	0.0015120682	0.02005528
5553	3.9190565	-0.48677689	2.6764222	560.27459	1.807426	1.3836067	-0.013021289	-0.0020954996
5554	4.8411867	0.73286016	2.225649	443.85537	9.2025693	8.9938715	0.052982292	-0.1796085
5555	0.70227595	-1.0151064	0.60501495	7178.0965	126.49778	97.547231	-0.363872	-0.064323157
5556	4.7620606	-0.89285216	0.11994304	2242.6041	34.156044	4.3959837	-0.0027132023	-0.1120216
5557	3.4058652	-0.4504327	0.40603102	2693.9332	23.274274	17.278876	-0.29413976	-0.19664346
5558	0.77711621	-0.8017754	2.3650474	1456.5468	8.7523617	7.7488972	0.0028266417	0.35208342
5559	0.86461673	1.0426146	1.7986968	1681.6315	36.895894	29.170399	-0.16264267	0.29972443
5560	4.7064005	-0.41887419	1.8661903	3009.1793	46.642525	44.365101	0.36310379	0.40385136
5561	3.4027722	0.24927781	2.5310395	5273.6272	34.669167	19.733614	-0.038222992	-0.010051239
5562	3.4216766	0.80957857	2.5023271	5398.0635	92.311188	56.14004	0.38662975	-0.063759409
5563	4.7744552	1.3318253	0.51754698	5658.6236	91.436619	39.138281	-0.022820294	0.17013156
5564	5.7427719	0.63591621	0.868346	279.72044	1.3876986	1.3108787	0.043184766	0.17523345
5565	2.4037853	-0.03206051	2.2882309	2507.1591	37.361222	12.946671	-0.0043302003	0.065935201
5566	2.6993858	0.02432392	0.43958377	1186.7405	36.6879	34.911615	0.031202321	0.004885658
5567	3.9217123	0.087265997	0.49544225	353.85107	1.4151808	1.3262183	-0.00026897048	-0.08878662
5568	2.2392545	1.0096903	1.0624873	472.97322	10.465777	8.7821798	0.093514518	0.19414259
5569	2.5332197	0.83058413	2.3452218	4536.1181	45.307825	32.255756	0.032669341	-0.035147391
5570	3.6458755	1.213335	2.4406431	2709.7353	47.010371	14.43455	-0.021683496	0.001878875
5571	2.340928	-0.48441025	2.9280996	1023.7869	8.8264264	4.7262793	0.052054547	-0.0052217005
5572	2.7738315	1.1132248	0.47610677	7394.4354	52.7691	22.914937	0.22544038	-0.21284567
5573	0.84114947	0.765498	2.1470298	1197.2914	30.697284	27.850515	-0.011093453	0.056568294
5574	5.1542724	1.1041909	0.67728016	6870.0655	48.392155	44.709281	-0.18607228	-0.04109602
5575	6.2506614	0.34689363	2.5438977	2580.7115	73.287325	13.351607	-0.00086319631	0.086387832
5576	0.88123984	0.96471987	1.6074306	361.21209	9.9885183	9.7426936	0.10351535	-0.018100454
5577	0.19626506	0.7026236	2.462035	1251.4714	12.212516	11.894609	-0.12655691	0.15534995
5578	3.1720659	-0.43357002	0.88201956	3624.528	24.336883	15.511286	0.32571505	0.06159787
5579	5.3432934	0.5210783	2.297915	4390.4914	16.223876	16.001651	-0.0041649826	-0.05408044
5580	2.6707477	1.54865	0.28766061	1443.15	14.15127	13.046752	0.22383811	0.46316667
5581	0.085090974	-0.18648647	2.097233	147.65118	1.3119305	1.2894075	0.17292837	0.059880179
5582	2.4883869	0.33980839	0.4592643	3240.7912	13.193476	13.004248	-0.014959323	0.013507261
5583	5.1641313	0.81218456	2.6893902	2189.202	12.784966	12.130901	0.13849948	0.011541303
5584	5.5779931	0.55059021	2.8382407	3137.9765	52.792559	52.429712	0.24510996	0.043674452
5585	3.0187134	-0.86437267	2.2550019	920.32425	9.4393683	8.2244349	0.18254759	0.013818432
5586	1.7061646	0.7699048	2.4262582	3445.1499	16.06151	13.885466	0.16773928	0.23734422
5587	3.9224443	1.1471047	2.5437821	1915.0675	18.831841	11.470859	-0.041518625	0.170966
5588	2.5350976	-0.49673148	1.6018519	773.11246	47.578008	35.900639	0.0063159833	0.016462744
5589	0.70524137	-0.70929321	0.14053474	2777.3493	47.896065	36.39226	0.085689607	0.070458179
5590	2.4718142	-0.69354876	1.2441405	986.0643	11.257285	9.2723638	0.029145161	0.0055895929
5591	4.0701524	0.51177048	2.801624	368.29429	3.0178832	1.7883814	0.021680283	0.0015041599
5592	0.85361046	-0.87525153	1.8233773	1220.0126	11.684044	10.767235	0.19688586	0.12100391
5593	4.249634	-0.38644422	1.0488899	1822.9842	11.491418	11.383285	-0.4619239	-0.05065001
5594	3.4259427	0.64169925	2.7319098	3931.0304	35.15613	24.189784	0.028576532	-0.023521039
5595	0.72354439	0.54347775	2.3231171	706.60885	10.792488	9.7125582	0.3925786	0.038711176
5596	5.3928437	-0.75544195	2.791182	5764.4839	68.977954	61.10127	-0.0046717202	0.036013558
5597	0.99701361	-0.26410088	2.2378536	4661.5279	54.17312	39.543423	0.15775206	0.057465242
5598	5.082436	0.52121122	2.2777405	5124.1037	50.829577	35.769632	0.026800335	-0.043399831
5599	2.9520228	-0.55073111	2.9499068	2460.4987	21.311554	12.064524	0.41857414	0.14633406
5600	6.0723703	-0.72395488	0.65043743	4069.8302	17.757363	17.4085	0.038657245	0.0054802086
5601	1.3235063	0.92448354	0.67957271	944.26875	9.9921845	5.0108446	-0.11412935	-0.07526656
5602	1.5171139	-0.75683021	2.9529592	18541.722	83.093378	71.336734	0.38928436	-0.017037838
5603	1.7044265	0.20734663	0.69245234	355.66534	1.6600085	1.5535227	-0.036290484	0.00026768668
5604	2.8370591	0.84979523	0.43563847	4025.354	23.715465	15.959656	0.00059785485	0.12507491
5605	0.49044135	0.39370211	2.943228	13577.3	96.592267	93.772367	0.0037051791	0.02054531
5606	4.7053694	0.61731194	1.1657045	326.88926	1.7684698	1.3938166	0.16187487	0.014358229
5607	5.1970669	0.55616137	2.6255921	1620.1987	12.815783	12.664927	0.038936129	0.080116245
5608	5.8067355	1.4060647	2.5475553	316.53353	3.8712211	1.4442889	0.040973731	0.0050345512
5609	4.9106037	0.98858924	2.0832683	3062.9939	43.315781	27.622425	0.01428159	0.040018518
5610	4.2834138	1.0004587	2.1496789	620.45979	11.965755	4.1247006	0.20850561	0.20948305
5611	5.4691304	-0.61640881	2.6700503	9060.3504	84.781736	48.075486	0.052792894	0.15428904
5612	2.8743204	-0.10685151	2.5882623	526.85127	2.2505137	2.0070837	0.15981121	0.13386636
5613	3.6570233	-0.068677283	0.83684634	3312.1402	52.050416	43.247252	0.1118008	-0.00057792034
5614	4.6450124	-0.61189994	1.2575879	807.79251	32.644747	17.873762	0.048975174	0.038729265
5615	2.1756527	0.30315091	0.70755792	4677.0893	51.069451	48.773506	0.21141767	-0.089644814
5616	0.73533703	0.76966838	2.4687107	2097.3375	15.770345	11.557677	-0.073452467	0.15417084
5617	0.85274983	0.77639094	1.2337246	1227.0362	27.371404	24.640946	-0.070559356	-0.10237596
5618	3.1432124	-1.015137	0.61435565	3149.3721	14.464008	14.153888	0.28459428	0.0088289617
5619	5.4301452	0.83893258	2.4109191	876.99395	10.94279	10.689377	0.083941435	0.09780929
5620	0.7982818	0.28980847	2.7572448	7573.0604	76.798349	47.039599	-0.011666068	0.0060339951
5621	5.8454308	0.54740703	2.794604	2292.2452	35.313844	34.009428	0.027186634	-0.0045015198
5622	5.4327498	-1.0696896	0.73862416	2418.4688	12.469134	11.504257	0.092999358	0.35857591
5623	5.4395384	-0.54278086	2.1702003	515.59747	22.065141	17.653889	0.047556593	0.47877366
5624	0.36002516	0.74695939	0.57381458	1961.5875	16.088551	11.562778	0.018406041	0.0016969218
5625	5.4424872	-1.4817047	2.1092897	301.49912	1.5204546	1.2802512	-0.00045494377	0.0097001747
5626	3.2994494	-0.64905971	3.0305143	2275.323	11.034854	9.6305536	0.35673323	-0.14973632
5627	2.2704117	0.36257768	2.8015893	1660.5014	46.337532	30.194713	0.15016382	-0.035253984
5628	0.60938611	0.65711927	1.7418663	2211.7809	17.968891	13.616383	0.020032605	0.14841033
5629	1.1874514	0.31331465	2.4657145	6223.7358	63.525056	36.175909	0.0140189	0.00074631319
5630	1.7794417	0.98149346	2.4378727	1292.5648	21.64654	21.409787	0.038160622	0.13810223
5631	5.5821	0.89664674	0.75664841	542.73158	2.3842528	2.199734	-0.047800633	0.023320309
5632	6.2828358	0.76924029	0.59285156	4941.6177	62.440915	62.139452	0.022960426	-0.15285589
5633	1.2711369	-1.0123748	2.7022221	1180.5063	20.828722	1.4572606	0.23618594	-0.028603586
5634	1.7721812	0.90038633	0.80031352	4230.6317	47.756171	34.710952	0.52643485	0.057099544
5635	1.8014549	-0.039841713	1.6763055	579.41163	27.614239	5.2607986	0.015650347	-0.12013958
5636	4.2464887	-0.12176194	0.75554475	5679.5437	124.80319	107.11095	-0.0341362	0.029317178
5637	0.70294099	-0.8562148	2.4727876	174.23061	2.1064565	1.5320057	0.080110539	0.075301979
5638	0.85061565	1.0425741	2.8332431	5660.9218	59.854246	53.083448	0.013719227	-0.073001025
5639	4.958853	0.18755022	2.3464214	1976.5445	13.168011	11.163792	-0.36222444	-0.49128137
5640	0.60281979	-0.076277802	0.73672693	2639.4296	64.367366	52.401625	0.11567404	0.013937397
5641	3.5403192	-0.7861445	0.93875867	1833.1596	11.607712	11.063179	-0.22720728	0.35211265
5642	1.2822404	-0.20502767	2.3313362	425.07309	1.7310649	1.4811876	-0.044151317	0.0065399617
5643	0.87655707	-0.7839159	0.86059165	6708.1231	169.90773	41.777865	-0.0044674671	0.3318618
5644	1.9162367	0.39893499	1.1867646	411.72953	6.9328714	1.9647776	-0.15123574	0.11835311
5645	4.4644385	0.24083501	0.33763404	2146.0264	17.274098	11.983941	-0.0012270029	-0.084810543
5646	3.4488202	-0.22367376	0.68033749	864.55119	16.055168	14.552522	0.15845712	0.4959469
5647	5.9377834	-0.50617325	2.4682267	663.85343	13.66658	2.5925757	0.19089475	0.084543557
5648	0.14772272	0.41437794	1.7445438	228.28745	1.9245252	1.2686354	-0.10653256	0.18149376
5649	2.6412296	0.64936938	2.362651	1310.3866	12.223707	11.539677	-0.24648507	-0.044211474
5650	0.1960016	1.4644218	2.3219568	1738.5868	11.449861	10.973607	0.0089309594	0.026352811
5651	5.4167365	-0.25104312	0.89827587	6879.5507	86.58305	59.740936	0.34172453	-0.18456561
5652	4.0414846	-0.98213462	2.6722972	3573.8239	19.651793	15.894788	-0.12113488	0.028185162
5653	4.7735233	-1.1830776	2.734675	2421.0847	13.903953	13.188536	0.56379034	0.3263782
5654	1.7160139	-0.30305317	1.8036833	1229.7858	43.86748	38.7922	0.1682483	0.043033491
5655	0.40782624	0.3802082	1.8820067	2289.2809	44.70893	29.169513	0.05747217	0.19397733
5656	6.2605667	-0.42724306	2.9414219	4455.0692	32.968016	22.947432	0.30389082	0.041221917
5657	4.9438177	-0.54016746	2.971395	3910.249	16.171556	14.388901	0.005723352	0.01065261
5658	3.5759227	1.0988571	1.79638	1293.7861	31.728528	10.478376	0.10833943	-0.21136852
5659	4.08962	-1.356736	1.3176662	3430.6621	58.111424	45.208939	0.14442814	-0.0063761202
5660	3.5955631	0.45531287	0.46611846	444.01799	9.8645942	1.4094798	0.0051992879	0.089440173
5661	1.0172725	-0.39646966	0.61337553	8010.0262	79.925941	75.935833	0.092143477	-0.044347315
5662	4.5339395	-0.68852606	2.4033691	11084.229	63.394367	52.599045	-0.05577331	0.053128388
5663	1.8694095	0.63666734	0.14064128	4782.605	54.702177	51.745387	0.065488997	0.00069223246
5664	2.0953833	-0.36568793	1.050746	4610.8683	70.063127	61.807439	0.23124583	0.0037633832
5665	0.49828044	-0.028599414	2.3615956	487.50592	1.9789277	1.4725738	0.27203599	-0.13873692
5666	0.96643213	0.23937576	0.92221037	3022.6921	41.930163	33.927247	0.20358803	-0.060368728
5667	0.21975963	-0.22927974	0.52908701	2110.3757	46.16942	13.450027	0.0076273187	-0.1331303
5668	6.2739401	0.12287765	2.8068986	6801.0555	70.574946	65.178677	0.0080192794	-0.23907622
5669	5.1958048	-0.053720104	2.8801065	1108.4525	9.5759827	2.323785	0.03453474	0.0011663242
5670	3.3324522	0.95615349	2.5997143	3355.4692	30.286393	25.139325	0.011059649	-0.014175266
5671	5.7585445	0.79170108	0.63617457	2119.1156	14.257107	11.464513	0.0049815546	0.19333312
5672	0.6703811	-0.080828364	2.3073072	1094.3902	24.394469	17.041252	-0.003822866	0.05483315
5673	0.30765559	-0.95288738	3.0394108	415.97072	5.4501731	1.4277765	0.036144201	0.068475271
5674	1.6634796	0.35011426	2.8836448	5072.9715	60.722611	40.412626	-0.33553182	-0.21325028
5675	1.4604715	-1.275273	2.9274961	7423.7853	61.317699	22.529889	0.022591613	0.019562028
5676	1.3729216	0.70406341	1.956037	1460.0523	12.527602	12.336863	0.067611012	-0.0089794765
5677	2.6252275	-0.54713003	0.45311622	3174.3767	14.160021	12.482568	-0.16312288	0.36240911
5678	6.0321803	-1.4827247	1.0154829	1222.3712	14.998895	10.771576	0.076769292	0.011785181
5679	0.46383293	-1.1010179	0.2106246	13985.845	88.813537	57.421327	-0.18889999	0.097170377
5680	2.9935941	-0.87367102	2.8224793	10894.757	75.367435	56.268401	-0.040227573	0.062887826
5681	5.4317089	0.21462026	2.3062522	2484.9332	51.703514	44.595939	0.047640185	0.026977912
5682	1.3632506	-0.15809704	2.9446434	17585.51	213.98502	112.22124	-0.023630035	-0.017505472
5683	1.0054144	0.56747368	2.9451845	1422.2385	14.831746	9.7923317	0.12411191	0.010280429
5684	4.0302168	-0.96799631	1.8455063	573.01805	9.2453279	4.258529	-0.60358095	0.010198121
5685	4.2505448	-0.70643603	0.58039651	980.64615	2.6558977	2.0371469	0.082959391	0.101444
5686	0.19181575	-0.33498748	0.42626008	7900.7492	74.358612	55.146044	0.41081872	0.11196618
5687	1.9179347	-0.048000045	0.90367021	297.649	2.2665326	1.9758682	0.15460779	0.0052502354
5688	1.6003257	0.29983333	2.176227	1394.5514	11.280617	8.1008347	0.3255875	-0.11225552
5689	4.1078131	1.2238319	0.26773156	11353.128	114.3746	92.138073	-0.016526715	0.01190384
5690	0.59942263	-0.49023553	0.16451686	4103.3585	14.538332	13.001399	-0.031871155	0.039787222
5691	2.4282629	0.51258354	1.3863444	8888.2375	76.932018	75.823247	0.3020923	-0.046003714
5692	2.2832044	0.82883826	1.1898674	3981.0194	89.627992	45.46309	0.049159414	0.24260716
5693	1.1839292	-0.38583684	0.84997601	1935.866	41.976182	12.431104	0.036887387	0.029791275
5694	2.7872076	-0.38896751	0.59727824	2588.0856	47.164732	41.729669	0.039752229	-0.058465521
5695	1.7210306	-0.81568928	2.6652102	7759.838	60.733857	40.850322	0.12742814	0.24960719
5696	5.3347742	-0.78207926	2.3068667	1308.6298	11.963619	9.3216136	0.04287333	0.12256039
5697	5.2028634	0.66156048	0.62732213	4971.9972	17.517142	14.867847	0.052135786	0.32931148
5698	4.5038039	-0.96990351	1.0227593	942.88258	30.575173	22.914837	-0.077611933	-0.14568589
5699	3.3167746	1.029456	1.1890384	4082.1908	49.765489	46.516666	-0.1353781	-0.059910208
5700	2.4012145	-0.10223357	2.2892025	525.147	8.8863277	1.37782	0.015285677	0.081397728
5701	4.1113419	0.53413795	0.70200488	430.92626	2.07215	2.0064773	-0.007399903	0.03658664
5702	5.2441658	-0.39910025	0.58741787	193.19803	1.8302513	1.5036957	0.0059360218	0.020353549
5703	3.3324811	0.91132357	0.42775817	2089.2038	12.540595	11.683058	0.15351961	0.2614111
5704	4.6454884	0.7962395	2.2906565	752.96986	10.947865	2.0405104	-0.10719871	-0.18124169
5705	4.5227122	-0.51130172	0.98605362	1418.536	18.266789	8.540209	0.026310974	0.0022312368
5706	3.550317	0.5868723	2.3520827	6312.1651	73.472946	54.652992	-0.054193068	-0.38907779
5707	1.7849792	-0.12307679	2.6661113	4228.2557	19.431222	18.357685	0.010131363	0.094713281
5708	3.2210768	0.82142647	2.4497853	3389.4074	49.369909	49.310079	-0.0024414337	0.10926061
5709	2.9293587	0.10210594	2.2578133	563.00674	10.334624	9.538094	-0.019643423	0.1079644
5710	3.5885993	-0.66429896	0.47632538	740.45416	9.7117225	8.2077131	0.095257825	0.182375
5711	0.20283999	0.068207548	2.0397958	953.37851	56.980838	40.591573	-0.33443984	0.047669486
5712	0.16369248	-0.244912	0.37280771	4077.9591	58.167411	49.382348	0.3756255	0.020100634
5713	3.5631863	1.1538156	1.9757611	5131.603	65.343307	59.334069	-0.07762818	0.36216601
5714	2.131094	0.38163012	0.24707967	867.2536	9.7578357	1.5517013	0.091003031	0.02418519
5715	1.4175663	0.96070096	1.2825083	1576.7391	42.500877	36.456644	0.035936179	-0.14709927
5716	4.2772466	-1.1554222	0.46688096	2807.9589	13.120581	12.259344	-0.11897415	0.10814943
5717	5.8634981	-0.67788169	2.6976074	683.24093	1.9053166	1.4162303	-0.20955866	-0.010079116
5718	5.7543141	0.35349328	0.49865321	6476.2435	36.609396	32.092049	-0.13763123	0.080234615
5719	1.3768856	0.41438633	0.29351859	3608.1325	16.000599	13.182708	-0.022003714	0.089011496
5720	1.2526459	1.0878832	0.48132542	3239.3542	39.185399	15.188165	-0.047312338	-0.0032422079
5721	3.9951208	0.85718117	2.1536845	661.11403	7.8743783	4.1720765	0.23843413	-0.053073809
5722	2.6388846	1.0153002	2.6540838	2529.2776	25.399295	25.140869	0.0054325673	0.11408505
5723	4.3287886	-0.02809344	2.9518215	8351.2255	136.59326	57.563586	0.038274766	0.064255161
5724	3.0636916	-0.58682868	0.15852406	3757.2261	61.969093	52.63075	0.45498734	0.14637336
5725	2.2094292	1.2731557	1.8009651	971.29109	84.169287	5.0237367	0.12226221	-0.16239978
5726	2.3894245	1.2405866	1.3605719	2176.8547	37.395717	35.801051	0.00020925392	0.033390726
5727	0.75713051	-0.74092713	0.40267921	1135.2441	11.34217	10.579767	0.0012365354	0.030702947
5728	5.7135385	-1.4863903	2.6281026	2868.1933	65.081165	52.875221	0.046359576	-0.0062041892
5729	4.2744349	-0.34333799	2.7282997	1419.1997	11.277378	1.7679912	0.093056511	0.1190862
5730	4.7839181	-0.58366709	0.38737649	4272.319	47.158552	44.564746	0.055059337	-0.32937163
5731	1.7319119	0.56399737	0.65060144	582.92224	10.322948	9.5643091	-0.0070395398	-0.19379897
5732	4.2523226	0.24471685	2.917352	1673.0585	22.085405	11.119848	0.31569074	-0.10131715
5733	4.8862634	0.37278662	0.33124493	3401.5698	15.077367	14.239175	0.021907013	0.39900283
5734	0.60713186	1.2197916	0.23894885	1849.8014	23.265871	10.45796	-0.34448307	0.027756052
5735	5.7599749	1.2095803	0.96606651	456.06402	10.653364	1.4988442	0.063451844	0.17744811
5736	2.9869745	-1.1186633	0.30868356	3531.5533	48.862602	38.858203	0.41993995	0.014473357
5737	5.3428856	-1.2256578	2.9155075	3587.7989	39.173935	15.258173	-0.12891795	-0.0015345238
5738	3.9419727	1.1631754	2.7540555	5028.6779	45.648645	17.144436	0.059060629	0.091624176
5739	1.8631844	0.055230141	2.2637035	3680.2538	55.018435	46.563814	-0.0076456406	0.017188411
5740	3.9370017	0.24804897	0.6581587	2969.0158	42.673055	42.51265	0.089651308	0.013635137
5741	2.3413491	0.58217914	1.1476745	3062.1904	71.247441	49.025835	-0.16283969	-0.02186026
5742	1.1986391	0.35148759	2.8395593	678.05188	11.957396	11.736184	0.16768541	-0.074110899
5743	0.94670188	-0.20725887	3.0327812	1087.8655	7.3965793	1.7386335	0.02674611	0.024913234
5744	5.8439771	1.3925877	1.371188	2695.7798	58.711651	53.885114	0.21929122	0.30631895
5745	5.8527596	0.96007978	2.3922858	2334.2371	25.329165	25.26672	0.033637254	-0.013447859
5746	3.5359973	-0.63842373	2.6292499	969.71292	10.861654	3.0151358	0.12184976	0.004049885
5747	3.3641703	-0.95679821	0.43533118	1697.0707	11.984052	10.090691	-0.018804762	-0.052857022
5748	4.8602511	0.07147093	2.4387675	2137.4835	12.741711	12.515489	0.71972374	0.32838951
5749	1.3342971	0.46135958	2.5688534	1009.3145	3.218546	3.0488534	0.17177458	0.045646862
5750	2.7540967	1.3550785	2.6769603	7372.231	68.223812	25.531601	-0.0027531745	-0.028353291
5751	3.9538	0.2859456	2.2931146	859.21413	30.037375	27.79285	0.57608844	0.30840976
5752	6.2632404	0.87825546	0.5182888	303.01026	1.3892294	1.3713025	0.15574441	-0.017545997
5753	0.0089220066	-0.40476499	0.34191077	925.55903	10.270928	8.5004109	0.01842484	0.029889454
5754	1.0653599	1.3089932	2.4740396	537.47014	3.163366	2.2256387	-0.0023676166	0.15647375
5755	5.940742	0.19918741	0.20388269	1231.8432	43.851984	40.366018	-0.30714287	0.072739342
5756	3.5849937	-0.50330053	2.6599335	7098.9159	76.501147	71.749297	-0.040031479	0.12508325
5757	1.6132217	-0.7014267	1.9975192	4141.5622	23.684952	22.727278	0.20350904	-0.02586764
5758	4.4076368	-0.63500158	2.5423575	1043.033	8.9025811	1.7649152	-0.053331837	0.17128118
5759	3.4452116	-0.82850388	2.4015497	1852.9282	11.192094	7.8691108	2.4041324e-05	0.017646246
5760	6.2745444	0.28464558	2.7381946	4444.6401	66.102649	63.81525	0.063804011	-0.041235348
5761	5.8804041	0.59772192	2.8643918	2785.2595	14.37989	12.241017	0.030100518	-0.051677128
5762	3.1487388	-0.56586097	0.68836127	4189.8452	45.554784	15.42837	0.054291941	0.21031938
5763	3.8767135	0.37060139	0.29192304	5412.0313	60.190105	57.953662	0.0013988514	0.18341635
5764	2.6820245	-0.89279652	0.42545798	3857.4165	16.492307	16.382894	-0.15218572	0.10057967
5765	0.59704864	-1.4267592	0.69069861	2093.3708	13.789323	11.046163	-0.043753059	0.035440431
5766	1.2292494	0.89502827	2.6683645	1113.55	24.795798	2.0811528	0.0064544387	0.017651363
5767	1.6681813	-0.75346434	2.7658981	3425.333	67.136639	65.262059	0.022020115	0.058942309
5768	3.3375928	0.46530173	2.5504948	1252.8123	48.960126	35.043784	0.093345288	0.031164225
5769	1.009297	-1.0375735	0.8697986	2412.3661	55.696806	46.427059	0.15077109	-0.00052577549
5770	4.6204212	-0.85901774	0.72442349	10251.842	81.079541	57.660235	0.019582618	0.071933897
5771	3.7290129	0.26632415	0.1806543	817.65852	16.833489	11.328439	-0.22005322	-0.19870044
5772	5.8415386	-0.058343676	0.36305229	448.79724	10.64822	9.1061723	-0.01290226	-0.1418084
5773	1.8532915	0.51807698	1.9710405	2912.2	47.623498	38.083512	0.023614945	0.2178941
5774	4.0911197	0.056692026	1.0044465	2697.1398	99.116042	52.57112	0.094809637	-0.02519319
5775	0.98069922	1.242507	2.2695813	164.20612	5.3998972	3.7318511	0.026813368	0.057345429
5776	5.3591839	-0.076815691	0.68507991	3525.9489	64.900815	41.794752	-0.17481486	-0.023355778
5777	2.7902052	1.3980696	1.6547481	1174.1208	29.810578	26.732014	-0.0032142301	0.023444548
5778	2.4898063	0.19466537	2.1257593	1274.7402	41.738059	37.480274	0.15793142	0.27418787
5779	4.1248474	1.1663017	2.2530335	2833.0519	45.768197	42.713705	0.084571828	-0.048297553
5780	0.39820948	0.87164382	0.48969702	15270.807	88.177756	83.127847	0.028491534	0.078794024
5781	5.4475464	0.69735261	2.3752613	685.84572	33.405799	3.0848751	-0.015247834	-0.023285052
5782	3.6889641	0.13666098	1.0849981	973.16211	46.657438	39.330323	0.20111978	-0.014446923
5783	4.0598618	-0.76723839	2.5216765	370.4263	1.5290618	1.472205	-0.01846364	0.30033913
5784	1.7711133	0.49931476	2.208875	2485.0463	21.05812	17.028607	0.0075126103	0.31035504
5785	5.4658918	1.4132828	2.5208692	475.31519	9.986423	9.6090755	0.053625119	0.0049101619
5786	6.2095418	0.30235585	2.3189781	1831.9729	15.670023	13.334057	0.21026684	0.50511596
5787	0.62436945	-0.6477216	0.69346529	2893.7604	11.454445	9.2685379	0.13244574	0.11345737
5788	1.3955789	-0.64876785	0.26331366	1043.1842	7.1665107	2.1147591	0.20462852	0.11858217
5789	5.4983215	-0.20517469	0.75996569	1575.0995	10.313604	2.399485	0.031770885	0.15327977
5790	2.7228284	-0.31560108	0.71872886	3080.3336	40.337793	10.730252	0.14345823	0.17408391
5791	0.86499402	-0.31458576	1.2408917	1485.1812	34.635915	28.431141	-0.057935328	0.066861562
5792	4.7106433	-1.3609475	2.3993593	3381.3904	32.284407	9.7517958	0.04427439	-0.050241332
5793	3.7084137	0.49134253	1.9532322	1306.6038	38.875552	36.474518	0.23836457	0.04527699
5794	0.64610953	-0.8677673	0.83014334	535.25049	10.967513	9.5245596	0.068553579	-0.43992845
5795	5.0072083	-0.077541267	0.66686661	8029.5225	74.400358	68.490272	0.075518544	0.0085161541
5796	3.3709311	-1.1457263	0.51026884	335.0032	2.2087508	1.5520671	0.13388126	-0.0033967693
5797	2.0128466	-1.0721305	2.4297998	1174.6781	42.089817	40.634313	0.11542682	0.23493312
5798	5.3435495	-0.58284896	0.44834939	2115.0073	47.312374	29.711208	0.018532112	-0.043516181
5799	3.3605799	0.85183971	2.9294841	1590.0334	12.579784	2.1061549	0.31921876	0.0050610052
5800	2.8897492	-0.62011313	2.4818131	1012.4413	10.335072	5.0303114	0.061691002	0.029479174
5801	5.0843791	1.4063124	0.89279146	378.9022	23.043291	10.805529	-0.010158144	-0.017449978
5802	0.24607891	0.50048922	2.4059475	1143.3618	11.694792	8.8019884	-0.047981368	-0.12460793
5803	0.38929708	0.17763284	2.2115471	299.00646	2.4621272	1.5612684	-0.22146649	-0.28315235
5804	5.5606695	-1.0003211	0.62859058	705.44498	9.951605	7.424494	0.00011756521	0.00043250972
5805	3.6134913	0.13387438	2.8546543	6695.8506	78.766667	72.240473	-0.1525538	-0.0031146937
5806	3.0436747	0.13804132	0.99240156	1334.7507	22.665606	11.332099	-0.090728985	0.59181409
5807	4.8606243	-0.27985378	2.5117983	933.41186	4.5395962	1.4005092	0.13241676	0.0013328853
5808	1.5820413	-0.020064685	2.4967234	8387.9889	80.119901	72.964193	0.10167039	-0.079011454
5809	3.6915895	-0.7041399	0.28305134	1381.3856	10.562276	10.182075	-0.071167362	0.056380524
5810	6.2770697	-0.3189076	2.6280349	1481.6753	11.894773	11.353222	-0.043860775	0.019548576
5811	5.5799865	-0.17733367	0.72900299	876.8424	11.911609	9.6193185	-0.31051196	-0.0027233742
5812	3.4413361	-0.20155458	2.3584812	5054.3378	100.75475	40.314375	0.060961174	0.004282218
5813	2.7268367	1.2943849	0.4977086	4509.3333	55.599513	23.215219	0.073940008	-0.021845923
5814	4.4505871	0.46204351	0.90609013	2414.4084	36.082416	27.834115	0.31548336	0.064661451
5815	4.1421135	0.056916403	0.72997606	1255.4176	12.089493	9.9151643	0.043430085	0.27507766
5816	6.072558	0.91885144	0.10648669	1595.2973	30.166584	29.807716	-0.10943792	0.076040861
5817	0.027472879	-0.91673427	0.95539515	7233.6985	128.34477	59.364769	0.10531497	0.10640002
5818	3.8923533	0.37076759	0.26824956	4031.9711	37.23877	15.158754	0.41009058	0.47011605
5819	5.0023428	0.051760063	0.4563721	8192.1505	110.27919	75.776595	-0.18610767	0.017612184
5820	3.1790733	-1.1535069	0.092057765	20978.609	93.764386	76.369882	0.068347288	0.12556024
5821	1.9008999	0.78812624	1.9974379	4054.2907	49.837574	48.540169	0.18432593	0.023797647
5822	4.5861059	0.86456203	0.28390971	6707.9674	71.199229	60.454147	0.017437011	-0.014187364
5823	5.071372	0.25297843	0.028364077	2291.9619	12.761758	10.928285	0.008492953	0.18634452
5824	4.9694706	-0.9055423	2.165075	1370.4716	23.733711	21.219009	-0.13223358	0.034333971
5825	5.8911309	0.89533154	2.5066541	534.41008	2.3755591	2.1561063	0.099404219	0.061965073
5826	4.6837274	-0.71025787	0.36611863	1155.3746	11.112494	2.1401595	0.12895473	0.048005449
5827	1.0302976	-0.081407324	0.40993175	5156.089	63.265961	51.558367	0.010807424	0.006544891
5828	0.62888524	-0.20362371	0.36876677	1756.8753	22.006718	11.798128	-0.054465038	0.0074262631
5829	6.1963349	0.094430078	2.9341595	6371.3611	96.639392	70.594055	-0.1882623	-0.15231409
5830	4.340095	0.032438198	0.69060269	262.12985	1.3237176	1.3018144	-0.0087444454	0.032406082
5831	1.9679816	-0.20238095	2.491028	1493.7531	10.744844	8.8473245	0.055890144	-0.0096564348
5832	2.7989001	1.1341442	0.33892671	5511.7441	45.871495	28.055899	0.31886373	0.00014770133
5833	2.7487441	-0.27866217	0.44104173	2236.2464	31.346344	12.686072	0.10014732	0.0039767422
5834	3.8882921	0.7382391	2.5663992	1396.4773	24.755383	11.871349	-0.15655923	0.04628768
5835	0.54540249	1.2991575	2.2153995	1343.965	11.386617	9.217598	0.020387319	-0.07195011
5836	0.13824325	-1.1757334	2.372645	678.88063	10.227361	7.9269827	0.1594334	-0.018918234
5837	0.30603609	0.81176111	0.72569061	491.36246	8.5678919	1.3194355	0.1672569	-0.045128915
5838	4.3981462	0.81185328	0.27646059	16367.515	176.41341	167.69822	0.022030071	0.030936338
5839	1.3360408	0.60583016	0.31723138	997.69252	12.097778	4.5407341	0.26615557	-0.055876562
5840	3.6799238	0.73402549	1.0178216	1342.1267	40.520433	28.006414	-0.064702485	-0.0078634172
5841	0.0050528823	0.057882066	2.2590418	1727.9796	42.922977	31.322335	0.37310345	0.26610427
5842	2.7516109	0.12483184	1.8045941	3957.1486	119.6552	73.300001	0.10072373	0.060768035
5843	0.83147134	1.1723689	2.8977874	64.190269	1.455011	1.2701308	0.11591576	0.3282714
5844	4.0272293	0.20958816	2.7650996	347.21395	1.8350934	1.4311209	0.0023252857	0.022808796
5845	1.2880301	0.11535094	2.8219403	5326.2559	99.467948	64.529953	0.058536843	0.012745925
5846	4.0782909	0.51825691	2.9636192	1217.7738	13.565599	5.0443651	-0.18527125	-0.011267529
5847	1.3370708	-1.0909428	0.78431633	3870.9165	32.648901	24.200479	-0.0094657181	0.070622131
5848	0.72693999	0.74434734	0.12223554	3007.6278	12.714693	6.4479573	0.022339219	0.12735692
5849	3.7110722	0.90442092	2.0225911	398.39793	8.458414	2.5782009	0.15776468	0.12800472
5850	2.0580892	0.23718252	2.2378854	3261.9081	50.110139	38.473526	0.059972366	0.043877058
5851	0.87305828	-0.47392752	2.6843886	4072.9236	16.250729	15.810429	0.25915681	0.1970506
5852	0.20501109	-0.1173725	2.7863642	1531.6852	12.065565	11.5881	0.036238721	0.15214083
5853	1.7058972	-0.64030386	1.0932252	3786.3733	61.202323	16.414928	0.029262509	-0.0093433923
5854	1.8135245	-0.13918482	1.8026652	1060.4421	40.267559	26.41424	0.094223043	0.14745753
5855	1.6815252	-0.71801072	1.0043772	2967.315	50.122404	48.109599	0.11309829	-0.0082226839
5856	5.3759649	0.42018201	1.6587004	1844.8471	15.222092	14.06382	0.34239903	0.0013214336
5857	4.3233805	-0.55033464	0.97428898	4283.2839	51.146087	40.223074	0.012408094	0.085152123
5858	2.4915347	0.38789266	2.1523269	3909.4616	53.158807	45.453976	0.079840837	0.0053062207
5859	1.8931128	-0.25996127	0.79585961	1374.2988	12.409057	9.1419862	0.28605628	-0.053170889
5860	3.0670509	-0.56272762	0.57815514	3687.1433	34.331468	15.981548	0.026488832	-0.1230666
5861	1.6964464	-0.2234559	0.53393598	2510.6893	16.13544	13.849985	0.045158877	0.19505304
5862	2.1935151	0.67858088	1.9036121	3680.6723	49.565442	48.97099	0.040301776	0.10156267
5863	3.5685007	-0.31634632	2.8420144	4861.3736	39.776743	36.005549	0.16431881	-0.041124376
5864	1.5757369	0.3633365	2.8121066	2926.3042	36.061738	11.625895	0.0037038499	0.008861869
5865	0.77490516	0.83192967	0.27546591	14240.803	86.848756	84.819856	0.093878972	0.040786384
5866	6.062286	-0.13834093	2.8733161	1713.0753	26.534582	13.092349	-0.026652078	0.025258075
5867	5.7486918	-0.99185381	2.8946031	2025.6863	14.755317	13.434322	0.049818917	0.030076048
5868	5.1872842	0.6055642	0.91033987	1065.2254	11.267775	11.174581	-0.011481622	-0.18885039
5869	2.7430062	1.083979	0.22571423	868.3171	36.566626	28.389998	0.012158271	0.022683978
5870	6.1812166	0.74641324	0.26974581	9848.4961	78.398877	45.33464	0.2982636	0.37916889
5871	4.7695195	-0.98064532	2.5147532	2828.375	15.461152	12.963567	0.0089248972	0.50097011
5872	1.2881282	0.41963863	0.81770248	4904.2284	64.642025	51.347514	0.11716168	0.038388733
5873	5.5802094	1.1066368	2.5502055	2953.8888	13.452822	10.538897	0.41821174	-0.089394768
5874	0.3775635	-0.32747754	1.0395641	851.96772	20.445776	9.5071412	-0.19833253	0.39968999
5875	2.0891821	0.44819603	2.4231696	855.02785	1.7516871	1.3968237	0.0017397216	0.0093945292
5876	1.7970645	0.061236344	2.1919395	1804.9631	12.51569	11.55474	-0.00084791829	0.067718211
5877	5.3059335	-0.61621082	0.071106686	16620.636	85.034657	75.097819	0.011965948	0.064991676
5878	5.1678858	1.53122	2.392396	986.2245	77.078085	36.972294	0.014728481	-0.027827352
5879	0.70175835	-0.8348909	1.0221357	2678.9688	54.904896	50.960091	0.055113459	-0.34221512
5880	3.1951878	0.0092326018	1.2748373	3402.8822	41.433992	39.457376	-0.24561793	-0.013415939
5881	0.33278242	-0.5468334	0.40554366	2462.547	34.053037	13.438446	-0.003100148	0.048616059
5882	0.62359273	0.2332313	0.90001374	1747.6798	37.649448	31.334674	0.0006179818	0.021327864
5883	4.0512371	-0.64762349	2.422492	4969.2209	71.989618	66.934804	0.090213238	0.093838937
5884	4.4994307	-0.86188972	2.5913248	1396.1824	12.411253	8.2231143	0.012123844	0.0067961877
5885	1.1535437	0.14750292	2.4077171	6096.0942	46.680144	45.391183	-0.031291728	-0.00057772904
5886	3.397151	-0.53295809	0.25430284	707.36315	1.5527918	1.3972609	-0.0061178726	-0.0091781921
5887	3.5455323	-1.0928461	2.4202831	4529.0856	43.385913	38.309704	0.14732214	-0.042955233
5888	1.8640472	-0.63797633	2.9110398	13318.28	97.128568	85.155942	0.14601965	0.1545567
5889	0.61025236	-0.64276918	2.0073895	1533.7442	21.805006	10.209657	0.010450472	-0.36584881
5890	0.91348546	0.23271317	2.0164159	2794.7408	58.731538	39.480684	0.11700701	0.068658363
5891	6.1460185	-0.50440846	2.2114366	146.96112	1.4717274	1.282001	-0.077383814	0.070684727
5892	5.5045378	-0.8853808	2.6900659	1285.8784	15.917749	1.5321467	-0.0020676834	0.018411385
5893	4.7764823	0.48130307	1.921071	1536.5279	11.527099	10.290912	-0.0060127546	0.0054497849
5894	3.6788849	-0.41624876	2.202555	1290.2728	12.487024	10.783406	0.029769949	0.18536259
5895	0.58755799	0.69645889	0.55598054	3488.1227	51.338324	43.38136	-0.24507202	-0.19553513
5896	2.5418921	0.073742832	0.33674636	1956.1426	12.284075	10.784204	0.023422292	-0.0062946195
5897	1.7666106	0.013069411	0.60459553	1925.1346	86.736998	46.852973	0.21048756	0.019712421
5898	3.4401812	-0.81006175	2.69415	2418.8181	12.851442	11.567701	0.18924499	-0.014006776
5899	4.0671818	-0.0075438353	1.0208561	4784.4896	61.360282	58.472363	-0.0075341362	0.06096459
5900	2.0121677	-0.70694036	0.88954148	6435.1973	58.347485	44.938601	0.15258944	0.018080224
5901	5.3802931	0.030178994	0.60527414	2112.8888	12.485893	11.089525	0.068965506	0.24005057
5902	1.6230088	-0.60966677	2.3624671	1772.8693	25.876635	4.1040271	0.30522935	0.17869519
5903	3.567422	0.38178874	0.12315336	6123.6346	101.35819	61.584195	0.043129031	0.014249972
5904	6.1504696	-0.42414914	2.6667652	2975.608	13.362738	9.8399016	0.19796991	0.25483605
5905	3.4073566	-0.1451231	2.2154215	2789.3106	38.094616	34.512528	-4.1375331e-05	0.00026275089
5906	3.2462401	-1.0124006	2.3602789	2979.7861	23.309788	21.33629	-0.039322837	0.35814978
5907	3.0019882	-0.66577426	0.71583106	2885.5886	52.174439	13.960589	0.037312588	0.22444206
5908	4.9603666	0.12820358	2.7043989	5465.6645	48.997516	40.456964	0.0038133628	-0.014897124
5909	2.4571597	-0.38705548	0.5426355	6501.1636	76.202906	66.1794	0.11715774	0.016314174
5910	4.9220635	-0.19282235	0.62541169	1825.7376	12.491777	8.365347	0.073952239	-0.010810321
5911	0.46009381	-1.3641846	1.4144134	428.22645	9.6551751	9.2462178	0.021357469	0.0024265185
5912	2.2859063	0.044311945	0.79721735	420.06515	26.851004	23.480643	0.0041648615	-0.041702578
5913	0.13396229	-1.2392387	2.3127683	1474.1586	36.803625	35.52828	-0.13680194	-0.053568379
5914	1.4455208	0.58261531	1.2996071	5521.0641	43.915541	37.98873	-0.014636999	0.33494475
5915	2.2612974	-0.27267941	2.2370279	478.4669	8.8582485	8.2756643	-0.00020620716	-0.016201199
5916	3.8121625	0.20605521	2.6579109	1586.2611	17.451101	14.413196	0.26373502	0.03467773
5917	0.21821889	-0.39844215	0.42174319	6089.7798	66.047507	60.627822	-0.11059198	-0.25300917
5918	2.5355527	-0.68716211	2.046258	4238.6513	53.818351	52.953288	0.014816076	0.043833703
5919	3.5766531	1.5183708	0.48187379	1483.8843	9.9195804	8.7801551	-0.096660777	0.061446941
5920	6.0629693	0.7169648	0.39142335	1580.7593	12.237904	10.779658	-0.043990019	0.097692432
5921	6.0049417	0.54864688	1.2390832	4045.1788	43.460365	42.854325	0.096362173	0.0064104589
5922	2.2208094	-0.86309994	1.680716	2044.8654	47.99291	45.734126	-0.0075341362	0.06096459
5923	2.19848	0.8048947	2.1957005	620.11185	11.284278	10.760212	-0.0002248673	-0.058422361
5924	3.7071884	0.61525001	0.26081348	14985.971	112.80615	110.30996	-0.16334077	0.0072788119
5925	1.1749465	0.77784652	2.4038665	11917.477	76.739414	49.60277	0.55272058	0.098971244
5926	0.80826094	-0.9748759	1.567288	1080.3794	43.223754	33.989401	-0.26093987	-0.0059535767
5927	0.52336353	0.98453868	0.8003562	3152.2293	26.448429	13.594563	-0.27808718	0.22273263
5928	4.9037983	-0.64422147	0.39136474	5301.9349	17.903814	17.386083	-0.029718574	0.15126473
5929	4.6889524	-0.090694418	0.5400347	1951.9015	13.280452	9.6513764	-0.0056998444	0.010281905
5930	0.27884454	-0.9954237	1.126332	1693.2	44.296148	41.108778	-0.063908651	-0.01669788
5931	1.7769603	-0.20967323	2.2379598	2227.4881	45.981918	40.750336	0.35803214	0.10585277
5932	3.1296045	0.84881532	2.0047274	842.32293	23.843739	8.1406892	-0.10416076	0.13824139
5933	1.5304896	0.0086481863	2.5263126	6915.819	56.492557	53.805204	0.18009226	-0.030598306
5934	5.0670277	1.071189	0.42373257	1084.5689	3.2619458	1.5802609	0.2001931	-0.029590911
5935	6.1304548	-0.80821008	1.6598064	2188.3849	58.861389	35.92454	0.35504344	0.026197734
5936	5.3820063	-0.80733999	2.2536654	4691.9124	58.670603	43.863274	0.08319842	0.21840273
5937	5.6681861	-0.16598683	2.955287	1962.4963	39.451674	39.167091	0.16991585	-0.73276205
5938	1.3675343	0.32343266	0.68653207	2569.6985	15.695304	13.755605	-0.21827717	0.070449037
5939	0.30545014	0.35376596	2.633597	1554.9608	12.927425	11.862106	-0.0037077342	0.086969272
5940	0.11622965	0.44362553	2.5522824	3318.3519	14.001653	12.955311	0.11186139	0.22890057
5941	3.2742657	-0.96510629	1.5227433	607.29866	10.566006	10.196072	0.0052063484	0.25052245
5942	2.3549992	0.53116528	2.6276022	688.61921	2.146847	2.0085568	0.11225121	-0.023384887
5943	5.0539307	0.080948278	2.7605926	551.76715	10.183072	1.6975212	0.15820502	-0.022055931
5944	2.4886906	0.38584755	0.38492579	7104.9085	94.477096	78.01073	0.047584625	-0.026397413
5945	0.95474904	-0.17696835	1.7300801	1148.8632	10.916024	10.114121	0.11197699	-0.0015936272
5946	4.476548	-0.52331057	2.4609978	4297.9767	63.055514	58.694618	0.0031121452	0.0037447519
5947	0.084617621	-1.4043298	2.9001158	227.23548	1.6559193	1.3411188	-0.091081257	0.045104004
5948	4.4213088	-0.31732906	1.4169238	476.68023	2.5993101	2.2992615	0.015592207	-0.0057079361
5949	3.3247996	-0.4553855	2.4507546	5308.8522	52.774337	41.815376	0.07476376	0.069214316
5950	1.2318837	-0.87752042	1.0977513	702.00805	9.4415808	9.4001129	-0.20349814	0.036982138
5951	3.2532303	-0.63704969	2.5763074	930.8711	11.656505	9.8278788	-0.040842071	-0.25347322
5952	0.7134461	-0.59736185	0.78307735	1880.8814	13.625587	12.139966	0.0068811837	0.1498704
5953	5.0063424	0.074458216	0.27206602	6393.7684	63.451263	26.332257	0.22847991	0.014939996
5954	1.1887804	0.90598567	2.5976299	2998.8573	45.910066	30.600269	0.15435445	-0.12063143
5955	0.18127069	0.57988513	2.7986528	281.16407	1.811711	1.3791069	0.086039921	0.17158033
5956	4.9292201	0.78484311	2.0353153	709.49708	10.550354	9.9683603	0.067335957	-0.2843194
5957	4.5297419	0.91291881	0.7328974	1249.1467	12.784414	10.16156	-0.00012073986	0.010588022
5958	2.5414063	-0.33686658	0.88608011	1036.0154	12.783579	11.97373	0.0070640862	0.34234631
5959	3.1697677	0.2646783	2.5882037	372.52543	1.6275021	1.4440423	-0.0038825494	-0.002444127
5960	0.54931245	-1.3221751	0.8742765	834.06408	35.454882	9.2275637	0.077561911	-0.00054205427
5961	0.71150431	-0.88343957	0.021569105	12896.453	187.55793	95.715994	0.046736404	0.0035637623
5962	5.3901421	-0.96092313	0.27249755	1702.5533	11.976787	10.680719	0.12826162	-0.14377697
5963	2.8259412	0.23164366	1.2235874	1048.3616	8.784585	6.3325688	-0.072454835	0.049329692
5964	3.6028758	1.1190348	2.1666124	863.7412	38.082105	38.051012	0.24626925	0.42412239
5965	2.912871	-1.1329221	0.7280486	1847.9173	117.66874	77.573219	0.19184345	0.023839776
5966	1.9087481	-0.93189565	1.885898	325.8795	9.5297256	9.1208257	-0.084937203	0.035600137
5967	4.376374	-1.5135863	0.35977181	78.292521	1.701826	1.3494064	-0.002597044	0.26136584
5968	1.8310999	0.34555588	0.68384402	3624.2565	58.114655	53.08382	-0.0075075464	-0.070800588
5969	5.30743	-0.10093342	2.772049	2160.031	14.148644	11.925472	-0.037209292	-0.15534789
5970	6.2650355	0.63091511	1.0572179	1709.5203	11.717233	10.008448	-0.0027348382	0.080958469
5971	5.3655799	0.5353731	2.3696693	240.94777	2.138337	1.2558428	0.3250145	-0.047309072
5972	2.9989703	0.8073773	0.75839815	4425.3377	63.19584	47.791803	0.0030716229	0.31968156
5973	2.920011	0.063947397	2.3289578	7696.8705	115.23856	107.98566	0.051242988	0.067964179
5974	2.0082326	-0.15668213	0.92848928	2442.8205	36.082993	13.438207	0.096689134	-0.045850754
5975	3.5830907	-0.16863582	0.94091516	882.08875	10.464528	2.093019	0.0072641176	0.28556616
5976	4.9020921	-0.45450729	0.82923284	139.2578	2.1874282	1.9968836	-0.29902925	-0.042562566
5977	1.0392997	1.0965601	2.2952982	1353.4236	12.307885	11.519028	-0.056729913	0.076015781
5978	1.435447	1.1486578	2.7325811	6383.2058	20.203166	16.954368	-0.070119806	0.0066926212
5979	3.9117536	0.98681532	0.67039933	1658.5448	13.165542	10.072966	-0.035746724	0.20133429
5980	1.5846097	0.88365389	2.5493613	5655.6993	59.587151	23.979134	-0.0307398	-0.047386981
5981	3.1528219	-0.43266841	0.33265821	145.2957	2.1229768	1.3882627	0.052810466	0.031427441
5982	2.5338404	-0.69201462	0.22700487	4495.4411	54.895365	54.01299	0.014816076	0.043833703
5983	3.5390456	0.3227933	1.5802454	1654.2233	46.29442	36.279052	0.045867878	-0.11789923
5984	2.7982967	-0.20138624	2.1688406	396.61128	6.9684547	2.2992376	0.046212739	0.0094752697
5985	3.8988994	0.84945232	0.67025562	1198.9336	10.654502	9.5452545	0.090288281	-0.048040996
5986	4.9697333	-0.069317116	2.441879	2978.8953	47.894884	44.105748	-0.12983821	-0.046776405
5987	2.4262277	-0.49459587	0.61350854	461.22161	8.9587711	3.6236921	0.022660937	0.0058208202
5988	3.2653563	-0.20920903	2.3104646	3238.1883	26.144116	25.059792	0.15561394	0.035885803
5989	2.3331953	0.90128769	1.8420314	3151.5036	50.47319	45.459397	0.0043398427	0.21057356
5990	3.1205617	-0.019221526	0.17123062	11646.078	85.068927	70.322619	0.12740017	-0.0061202693
5991	0.037319162	-0.80096855	2.5797652	243.41376	1.5792034	1.3848671	0.040009947	0.13658309
5992	3.6762799	0.61821734	0.25398354	3693.8843	15.252718	14.818225	0.13989419	0.41256972
5993	2.4389338	0.45352298	0.54528966	1550.9031	36.687728	33.078151	-0.344594	-0.15509155
5994	2.9280217	0.7586895	0.36197586	2243.0029	12.971636	12.849584	0.10369363	-0.020911316
5995	4.331674	-0.95999934	2.1544804	7260.4756	45.278262	44.389612	0.048313535	0.32461091
5996	2.6077513	1.0993198	2.6767221	6211.9619	48.406832	46.61879	0.027186634	-0.0045015198
5997	0.9096674	0.44842492	0.92863452	1293.2928	20.930774	19.947956	0.0093375228	-0.080449022
5998	5.8364465	-0.15064386	2.2918825	2271.8291	48.888704	28.822919	0.36672402	0.12433618
5999	3.7372612	-0.80709725	2.8380734	1797.1741	23.762185	13.760547	0.094662323	0.054987064
6000	4.1383394	-1.1423097	2.9633458	2452.5193	37.606415	19.761102	-0.18378333	-0.15239037
6001	4.5107159	0.74669212	2.8128601	3917.0838	44.391331	39.207771	-0.23487933	-0.075122124
6002	1.9409318	-0.87027659	2.50162	5875.5717	58.001378	54.582026	0.25847945	-0.30860979
6003	3.1707494	0.11545469	1.2359244	2005.2471	46.304669	36.517864	0.15410691	-0.10930351
6004	5.6710608	-1.1319564	0.80259877	3436.1749	46.168417	26.400849	0.11751929	0.055128626
6005	0.62437862	-1.0098268	2.0850487	4763.3579	56.298102	38.428177	0.16245559	0.087499913
6006	5.3328933	0.38159727	0.99544911	416.45936	10.964001	10.324676	0.010850349	0.31765527
6007	1.7080033	-0.285523	0.30011328	1314.9964	12.101929	2.3206315	0.10164543	0.046402278
6008	4.2753355	0.47761517	2.1303593	1019.5086	10.417472	10.389654	0.35952155	0.067950182
6009	3.2878966	-0.68682727	1.3698239	592.46761	11.618936	1.6659325	0.025958178	0.14443169
6010	3.7632578	-0.068625149	2.2747242	391.3221	4.8504743	1.5669712	0.31743355	-0.049902997
6011	0.58928039	-0.87635299	2.0504474	7933.4751	75.96305	62.991072	0.091362376	0.70662408
6012	1.1110741	0.31940722	2.4995981	1722.5035	13.032473	12.305861	0.1266037	-0.087029832
6013	1.0204117	0.39477892	1.1994955	2469.0081	37.109237	34.486112	0.47177747	-0.0041184309
6014	3.2118698	0.0075923012	0.4961577	3520.2188	25.109984	24.906748	0.26343927	0.041404688
6015	0.91756905	-0.13617453	2.2062101	252.09396	1.4025281	1.351287	0.065500636	-0.088996098
6016	4.3167646	0.91403035	0.58161036	5783.1223	72.066241	64.064816	0.024338577	-0.015463564
6017	4.8575516	-0.027010072	2.4108227	494.20214	12.612797	1.5673726	-0.01173469	0.12537208
6018	6.2577185	-0.0039863713	1.4297511	1519.4173	61.411665	44.348572	-0.0087528849	0.00075576957
6019	4.5994707	0.5905784	2.3749054	12067.253	58.384873	56.508052	0.11878045	0.34916096
6020	2.2873005	-1.1490602	0.9781502	5378.7003	73.366383	67.678404	-0.010212499	0.10951564
6021	0.2838016	-1.3619311	2.898303	1816.0568	98.003314	31.097969	0.1723445	0.14480053
6022	2.2931655	0.83512301	0.79756785	7518.9131	76.361434	74.274732	0.11799479	0.020725135
6023	4.2830858	-0.24572736	2.690457	5017.1741	74.709793	40.661664	-0.22610769	-0.036275279
6024	4.5423238	1.3050048	0.74132032	2172.9746	13.566529	6.096466	0.00081482484	0.0012927074
6025	4.3251372	-1.1510129	1.3879603	704.06679	14.478487	11.664919	-0.051509413	0.19445611
6026	4.2472203	-0.022423219	2.6861678	6210.3548	67.593792	64.412493	-0.0075341362	0.06096459
6027	3.4810211	-0.64340604	2.7742149	935.10276	3.9156939	3.0945519	0.47447291	-0.0034144623
6028	2.4518007	0.45075626	2.6511177	3504.1786	85.299806	62.906842	-0.19841168	0.10600596
6029	6.0367612	0.32095343	2.6025726	3643.1848	16.687898	16.247941	0.050470253	0.093449737
6030	3.6336739	0.45374563	3.1047708	4291.7052	16.661371	13.054607	0.43483535	-0.016304605
6031	0.27798891	0.18495105	0.18781017	11661.607	97.480367	88.223046	0.027749813	-0.097875558
6032	1.5211956	-0.10761551	1.2639993	864.91596	11.608291	3.8849091	0.085700784	0.033891925
6033	5.4523626	0.82102513	0.28274203	9539.3503	75.830631	73.932705	0.12124778	-0.16647276
6034	0.029067293	-1.3738134	2.6122264	2424.4794	14.852724	14.174728	-0.26853502	0.37648151
6035	4.1585053	-0.49445039	1.2439652	75.692922	1.5499738	1.2037047	-0.14157837	-0.010200544
6036	0.176449	-1.2038005	0.50019042	3624.1204	43.432834	14.621737	-0.061002475	-0.026666694
6037	6.0275512	1.1220395	0.48113799	1305.4072	30.337109	13.67944	0.36775298	0.011665978
6038	6.1210455	-0.68768454	1.05318	4736.9046	49.127694	39.643339	0.080010085	-0.023807435
6039	0.84348693	-0.093138966	2.2085383	2102.6815	34.564401	21.903894	-0.033526949	0.15896642
6040	1.9536873	0.27693418	0.99333907	2255.3584	35.120375	30.660969	0.0065407834	0.07952779
6041	0.23930215	0.3681551	0.59482758	630.70474	10.655649	8.2991448	0.080424089	0.056991766
6042	5.1779043	-1.0020638	2.0940527	2055.7531	37.359316	29.633443	0.24077453	0.0058674375
6043	1.0367646	-1.019239	2.7831484	14291.549	95.777241	91.352271	0.076463081	0.020020693
6044	0.68766923	0.74205159	2.6120676	3143.3228	52.167177	44.655143	0.11159316	0.14330785
6045	1.6117888	1.3898122	2.3073924	5386.1134	55.166544	46.929743	0.036704842	-0.10633559
6046	1.1116019	-0.3925963	1.059133	3148.4266	55.231911	53.476036	-0.097362191	0.08573479
6047	4.3156037	0.43044168	2.3669632	2514.9106	12.650423	11.006357	0.21458559	0.035667726
6048	5.303909	1.2861251	2.9250582	7701.463	128.6005	77.154648	0.15988563	0.013044954
6049	3.6356436	0.59111137	0.68955238	2444.8732	39.70197	30.377919	-0.035306161	0.10395264
6050	3.0028033	0.045067038	1.7959772	2176.2179	59.896408	42.559748	-0.004958805	0.0048945186
6051	0.24995579	0.89349967	1.7470281	813.22833	26.635911	11.724213	-0.13909531	-0.035652446
6052	1.8747808	-0.24669347	0.40770241	6572.3245	117.75298	73.631921	0.34343758	0.012253549
6053	2.5469491	0.38292185	2.7650321	9042.0897	99.772441	79.055266	0.071007181	0.0091611774
6054	4.0190425	0.18331698	0.47987462	447.76743	9.3460559	8.2329144	0.25522704	0.040898178
6055	4.9166376	-0.38219138	2.5487866	791.2674	9.3194645	3.3558019	-0.00095465262	0.11709241
6056	1.9376606	-1.0710493	3.0023696	5754.5954	63.948324	35.674612	0.14444185	0.05493868
6057	5.2332414	1.1530227	1.3494103	2142.6927	60.418674	28.334345	0.055096469	0.22345873
6058	0.26786219	0.33479475	1.9916416	2022.2868	42.012886	20.723882	-0.0041484278	0.062123321
6059	6.1233692	-0.3377877	2.3686124	979.01391	18.503808	9.7584166	-0.033480709	0.39326918
6060	0.17179601	0.26559125	2.1515532	2024.2312	80.455655	54.568819	0.055956315	-0.061154043
6061	1.9695764	0.26720826	1.1959434	2023.4591	13.960587	11.593471	-0.16136926	-0.057167374
6062	3.5920072	0.37807167	2.7112853	4537.853	61.969702	49.938655	0.0053064473	0.045096071
6063	4.6835563	-0.035174561	1.8383801	1248.1014	46.164073	26.076768	0.060965567	0.22583361
6064	5.1981089	0.99784159	0.59228348	605.3533	10.02571	3.8107625	-0.0034931073	-0.054195195
6065	5.4550997	0.67195411	2.5031164	7627.6596	122.30788	69.460161	0.007725087	-0.10541164
6066	4.3164508	-1.4142637	1.5144366	1190.4151	28.923911	13.350755	0.001039696	0.0054141398
6067	5.4985859	-1.2754716	2.2285772	1493.4664	10.348286	10.314084	-0.10007879	0.33589335
6068	5.0733658	0.44659372	2.5175714	2117.6274	47.085263	39.174479	-0.12998271	0.30275025
6069	3.2702371	0.76770812	2.9670945	1814.1384	12.329325	8.1202455	-0.083402468	0.058682583
6070	4.3273101	1.0838283	0.72178564	2054.4141	12.27592	10.992158	0.22552605	-0.28903525
6071	2.6501528	0.38461495	2.6341649	5791.7865	92.447733	54.226903	0.014158141	0.27304062
6072	5.3951413	-0.52901665	0.9510678	212.12417	2.8523033	1.2236007	0.092932454	-0.081262993
6073	5.9843241	0.066683478	2.4788043	1794.3168	21.372233	5.884352	0.20584457	0.0071692946
6074	1.9261738	0.35303212	2.3558226	612.4686	11.020795	3.3533727	0.17198701	0.066204603
6075	1.8877335	-0.37191666	0.54750971	5333.7474	58.784568	55.356387	0.37259892	0.11449297
6076	0.84309323	0.17567747	2.4917589	2497.6231	53.082384	45.169189	0.20305793	0.012093897
6077	4.8922938	-0.064987688	2.1659898	1533.7786	24.435194	24.081175	-0.06459366	-0.0050316756
6078	3.4221084	1.014854	0.84236032	5313.7277	68.929262	63.76621	0.023232094	0.16599281
6079	4.8507744	-0.77517875	0.916718	2919.8556	19.594299	19.235986	0.21054077	0.11158364
6080	4.6977618	-0.062858742	1.998632	464.15797	10.771535	6.9013828	0.11386556	0.00015306568
6081	2.2890597	1.2420252	2.1857828	1237.5234	13.206116	10.726944	0.026475279	0.0058669904
6082	3.9767342	-0.2438913	0.6228127	295.36477	1.6729163	1.4561715	-0.21646564	-0.016075898
6083	2.0970584	1.0947914	0.56319733	2292.6367	25.670276	14.266908	0.067478277	0.00012824922
6084	0.96800998	0.52699872	1.2369261	1100.5357	46.301725	37.887116	0.084018724	0.0014745564
6085	3.6206848	0.74024512	1.3897791	1702.3557	48.754114	26.76802	0.0013706519	0.29728466
6086	3.9764238	-0.2214948	2.6100525	15114.837	97.802104	95.442665	0.22868256	0.065559504
6087	2.7263871	-1.0909262	2.1277567	288.10662	10.317307	2.6343264	-0.26670165	-0.31997586
6088	4.2569008	0.048456267	0.5024523	12266.352	80.955975	65.06761	-0.05178896	0.011395144
6089	0.88086336	0.35463534	2.6504707	391.09125	1.3409368	1.2472434	0.00036729419	0.04651947
6090	0.71609586	0.94210863	2.5828001	3673.5594	16.513188	14.650518	0.12296859	-0.11310233
6091	3.2652498	0.24206661	0.68904836	1145.0814	12.620559	10.514174	0.21422053	-0.017797902
6092	0.34146406	0.60216518	0.57297503	1872.5997	12.480232	10.95236	0.0029947058	-0.016487716
6093	5.9817833	1.2527276	1.9633637	1029.9326	25.661021	9.9773135	-0.30852239	0.29407783
6094	3.8038884	-0.12374553	0.62719075	3662.8119	33.162443	28.900571	-0.0082525079	0.028660839
6095	5.7732411	-0.27037017	1.5102887	1416.3863	44.279382	37.889907	0.10637009	0.012141584
6096	2.3487556	0.68202975	1.1365833	1076.9487	12.460812	10.336858	-0.00083131717	0.012899463
6097	5.9928724	0.067059693	2.7250926	8282.7832	78.567565	62.153223	-0.066023111	0.11458578
6098	2.2740237	-0.47367186	2.9051103	1009.3411	2.8581295	2.1041001	-0.016618402	-0.02569927
6099	1.1101958	0.36017999	1.2657126	5048.4781	77.634198	62.663388	-0.13789558	0.034468085
6100	1.2240371	1.2786151	0.75582846	4753.5711	55.591019	47.359941	0.033771468	0.10775144
6101	3.3233047	0.60348506	0.24889061	1519.4139	20.603726	12.844561	0.40300183	0.0035427473
6102	4.9340017	0.18452148	0.70382109	2400.4147	13.339849	13.091864	-0.040635631	-0.18436886
6103	4.8728608	-0.98444474	0.68150641	2531.078	32.31428	13.835335	0.01153826	0.064509166
6104	1.4028928	0.96094012	1.0200883	524.68688	9.7975459	9.593382	0.14170003	-0.023260245
6105	5.9537194	-0.51177781	2.3616544	703.32813	10.492821	10.061135	-0.19152518	-0.29681309
6106	5.2235977	0.22553672	1.0912718	1177.8896	11.245592	9.0019782	0.014811683	-0.13647167
6107	3.2054979	-0.63172534	2.2825293	1066.1322	10.49656	10.394129	-0.0050127053	-0.0025139517
6108	3.3315963	-0.65949814	2.6506181	4183.0987	63.853019	53.800895	-0.024938574	0.05224427
6109	3.2746809	0.49293857	0.34205797	10817.506	58.694825	46.586129	-0.38469434	0.22950718
6110	2.7898994	-0.38374143	3.0717989	986.79992	3.3405364	1.8255799	-0.015179205	0.095869271
6111	4.1316134	-1.309454	2.3663624	469.4266	2.4473529	1.4688114	-0.00020038589	0.25701229
6112	1.8129641	-1.1256422	1.0563922	557.22531	7.4752497	1.7362547	-0.030200079	0.016933222
6113	1.8902321	-0.52641016	2.6133045	1530.2114	12.914795	12.803949	0.001530731	0.17382331
6114	2.6510294	-0.78851498	2.1755675	815.27394	43.446943	34.916661	0.12548997	0.21617202
6115	0.68669431	1.0426724	0.64354578	261.69376	1.3810686	1.2942601	0.011442234	-0.019313992
6116	0.3928452	0.47852144	0.66476065	907.08016	16.432076	1.8705593	-0.10277145	0.17961984
6117	5.3956246	-0.2029	2.5584278	2208.8762	53.911412	41.601689	0.021448202	-0.0014038744
6118	0.94951791	0.31511818	0.8339247	2317.2949	40.515223	35.498934	0.075123581	0.093719596
6119	3.7418858	-0.37591202	0.72469227	439.60484	1.9918802	1.4204864	0.019123874	-0.075327342
6120	5.0361451	0.17502582	1.0033395	2316.5099	31.460966	30.820982	0.073078953	-0.13377571
6121	5.6985705	0.5211459	2.7066097	1839.2749	44.837581	13.222904	0.13565245	-0.075172335
6122	0.71907576	0.63017118	2.3696255	1410.9334	12.306338	11.788275	-0.37875139	0.068549259
6123	2.4103318	0.032346073	2.082418	499.18469	9.7179431	8.4469897	-0.13251055	0.055525583
6124	4.7045884	0.25944516	2.4811119	1437.8673	12.122925	11.845517	0.041734825	-0.080700622
6125	3.9561047	-0.78156021	2.564065	693.80542	29.312781	10.193829	0.043057716	0.32451977
6126	2.8711557	0.55889819	0.23175992	10650.969	86.776461	76.605529	0.3560191	0.10338342
6127	1.5801111	-0.87706795	0.36525549	585.07651	1.7120632	1.5696251	0.018009739	0.17045585
6128	0.81612837	0.29004126	2.81644	3266.0562	48.505423	40.960149	0.045459619	0.0069110719
6129	4.2342113	-0.32116005	2.6717044	1333.9087	35.03782	12.129894	0.086887595	0.1531653
6130	5.8524796	0.6444982	2.9155103	7112.5625	68.773949	68.742036	-0.10300457	0.058353189
6131	2.6981289	0.82491821	2.631621	853.02798	9.4834004	2.1987696	-0.0051479557	-0.0085061158
6132	4.0116769	-0.68783381	0.35812474	382.29333	1.3261056	1.3061534	0.0010103064	0.071883909
6133	4.313026	0.2480322	2.3761689	3400.4645	75.187927	44.168656	0.13518225	0.031902237
6134	2.1939089	-1.324337	1.3716484	6420.9209	105.65398	73.133473	0.00037260237	0.035790131
6135	1.879723	-0.12879686	2.3879382	947.38616	11.767133	10.107725	0.0065931435	0.17830811
6136	2.838549	-0.90174806	2.8585287	10390.364	69.356847	47.285721	0.20899494	0.31257522
6137	1.2642835	0.62370545	0.47126144	735.02548	10.003471	1.9525183	-0.12264698	0.094760793
6138	5.4688026	-1.1508243	1.3399361	624.67472	10.592977	9.685919	0.14739604	0.15486713
6139	0.20088051	0.11768236	1.6883382	2326.9515	24.856564	22.108271	0.023171335	-0.0018586491
6140	1.0702345	-0.42930129	2.4675963	3044.8438	13.734741	11.406053	-0.025733505	0.072217763
6141	2.1136127	-0.90212902	0.74118827	3660.7532	55.3683	34.157307	0.0069211881	0.016651916
6142	0.22633889	-1.0579688	2.3486081	7465.8123	73.60216	52.696413	0.080078404	0.16481854
6143	3.5877035	-0.21593658	2.7775605	3756.9516	49.143463	26.079255	0.070804216	-0.0019824137
6144	2.4324041	0.33017306	0.86912432	3239.0524	48.637004	41.060102	0.27911353	-0.14136471
6145	3.1849066	-0.65318379	2.490914	3198.8913	14.242386	12.629086	0.29513191	0.37490819
6146	4.1584626	0.79659223	1.0959186	235.81173	1.8976474	1.466714	0.11298157	0.11537733
6147	5.6184745	0.73245844	1.8178396	911.09375	14.905758	11.463553	-0.078535214	-0.02419905
6148	0.30647766	0.77338982	2.0011145	5048.6422	49.594817	42.655718	0.049608025	0.1255794
6149	1.2850512	0.2132088	2.260865	976.88448	11.056707	10.556976	0.19355906	0.062163598
6150	2.8650905	0.5000576	2.4772344	2782.6168	13.025252	12.060163	0.0088673005	0.11657499
6151	4.5433526	0.73673308	0.67202151	3170.8404	46.563674	32.400856	0.3978957	0.25412579
6152	2.5884368	0.6221961	2.7438146	15972.347	105.62519	89.703122	0.015329482	0.23577364
6153	1.8719234	0.048164571	2.4824049	3612.1053	44.853056	39.015552	0.01206764	0.26552643
6154	5.7714001	-0.57100416	2.7279936	2797.5858	17.92279	13.099675	0.22192112	0.006482452
6155	1.1786507	-0.65534444	0.60486145	666.26246	2.2062883	1.5868047	0.029136429	-0.063198833
6156	1.5142187	-1.0696212	1.926423	2383.865	36.209801	14.019694	-0.084320513	0.0026320031
6157	2.1439307	0.58847284	2.229203	2602.7506	54.387934	14.00691	-0.2211225	0.13512924
6158	1.3232225	-0.30517146	2.1828741	5398.3637	68.11127	62.116631	0.0284115	0.054848019
6159	4.5106203	0.48057312	2.0192696	2501.994	35.451608	13.295675	0.015741372	-0.29564582
6160	3.1228461	0.041783143	0.43451474	793.62127	10.866396	10.850316	0.20937734	-0.012994434
6161	1.5902232	1.0806583	2.8272402	7773.5426	80.870143	59.467498	0.048968009	-0.048947959
6162	3.6654508	0.67689181	0.17810438	1437.214	12.609736	12.395498	0.049839275	0.050566774
6163	5.4883862	-0.45219883	2.5523144	2472.6207	53.69629	19.873844	0.013384457	0.0026815713
6164	5.1083314	-0.74676001	0.488653	4791.893	57.881196	57.351844	0.095450934	0.060356286
6165	4.7979662	1.0938471	2.2965712	7432.7544	88.003119	84.476348	-0.073753325	0.022635992
6166	4.1738566	0.52939889	2.4020899	2245.6795	48.198922	42.773234	0.051061684	-0.0013450087
6167	4.6756873	0.80640531	1.5047352	765.08905	10.355449	9.4353099	-0.005374719	0.11164231
6168	3.5883076	-0.95102707	1.2607584	5401.8	118.3592	79.326475	0.019444962	0.21047051
6169	5.9814719	-0.55753652	0.98949379	5736.0634	34.288331	32.63719	-0.037940486	0.54540822
6170	5.7369174	-1.071921	1.7715853	474.48364	22.45563	2.1101185	0.27047308	0.097236663
6171	3.7834481	0.72126824	2.6466691	1810.807	25.601238	5.6421406	0.089435755	0.047748616
6172	3.4463095	1.1017525	1.5728971	1834.0253	11.548652	10.460679	-0.0018407816	-0.027607343
6173	0.99702499	0.62925072	1.4014066	2198.6267	130.67765	82.145458	0.064778725	0.12425334
6174	3.0252105	0.16342306	0.12920596	1177.5866	11.217705	1.7392178	0.0068506691	-0.072704621
6175	2.8645697	-1.1084269	0.62792792	343.20641	2.7849791	2.2849415	-0.020733151	0.16944799
6176	5.9482054	-0.50894133	1.9299893	360.21984	10.223374	1.6761847	0.061680067	0.0083350834
6177	1.9820888	0.38662394	2.1865903	4606.9115	54.738892	34.832058	-0.0099649537	0.016878715
6178	6.2713994	0.55567	1.5748236	361.63917	33.420544	17.644614	0.12012533	-0.19156429
6179	2.85663	-0.48275167	2.0369055	2162.242	17.221948	13.632709	0.19487676	0.027878551
6180	4.9649163	0.34559886	0.59073273	4301.792	52.950849	51.872191	-0.016275482	0.29339904
6181	1.2538892	-0.36037274	1.0911308	636.47386	12.571865	10.492895	0.064569643	-0.0069685348
6182	3.8958942	-1.2629678	0.46813436	1691.1101	49.427583	34.396081	0.0061394133	0.1234775
6183	0.79327792	0.24325041	1.9760788	802.28893	10.314996	9.8201788	-0.071193616	0.14248971
6184	1.4906978	-0.57066656	1.2697996	7247.3999	71.094647	68.018381	0.00036560129	0.021360331
6185	1.3693135	1.1556116	2.4721279	1564.0727	24.850859	13.089492	0.065633513	-0.32936808
6186	1.6193715	-1.2341327	2.9003426	4063.6322	31.450083	13.246896	-0.49403416	0.30805396
6187	3.5235569	-0.16710398	2.5349308	385.5693	8.1735896	1.4591065	-0.32808332	0.042770624
6188	0.55398004	-0.27348038	2.5746071	3515.0994	31.15085	29.073829	-0.00030442621	-0.13312193
6189	2.9614772	-1.4904399	2.8012895	6667.676	70.974641	55.222567	0.028195644	-0.35521086
6190	6.1133972	-0.4535079	2.3543998	8931.542	60.62329	58.505279	-0.0013121099	-0.0070720478
6191	2.4378351	-1.0297269	0.619577	1234.6392	35.851506	29.334015	-0.23481162	-0.26848564
6192	3.1941384	-0.27573026	2.9760205	2563.7838	25.648453	14.684126	0.068837653	0.11721815
6193	3.1195173	-0.036790043	2.1054052	3052.8068	50.423762	29.88135	0.19421539	-0.057788624
6194	4.4943646	0.97707533	1.1914414	3244.5499	34.601945	31.493837	-0.33628691	0.09963174
6195	4.7522698	0.20316661	0.58656812	2297.1996	20.069287	20.046881	0.017954587	0.01289647
6196	6.077296	-1.038595	1.6094916	10924.728	173.34362	91.336853	-0.08815801	0.01577095
6197	0.5147169	-0.087604905	0.1201206	5384.3445	63.579445	62.43353	0.022102306	0.013157466
6198	6.1422226	-1.1430406	2.3830061	2937.9535	22.040226	14.791669	0.15598986	-0.05903461
6199	6.0517281	0.31178863	2.2181704	955.14065	10.571737	5.6914353	-0.010069338	0.027383264
6200	0.78114019	0.63067048	2.4281297	4192.2994	47.891868	45.312851	-0.10535762	0.15398774
6201	4.6629069	-0.008206791	0.46515296	578.47962	18.525265	10.437062	0.018810633	0.0022170779
6202	1.3033566	-0.62662323	2.0457471	6238.5376	54.15214	52.763745	0.16300293	-0.064262058
6203	0.9119306	1.15084	0.6761786	1084.9343	11.734266	11.535456	0.010715076	-0.053545777
6204	5.9155774	-0.19133793	1.6820483	772.55165	11.005231	10.949755	0.18257085	0.10375018
6205	3.9867558	-0.047054424	2.5595764	4743.4941	56.158894	38.275261	0.55302335	0.088899798
6206	6.1218104	-0.099600215	0.27632789	374.42886	1.4848306	1.3365583	-0.043164867	0.18515399
6207	5.1605274	-0.45155696	2.1698874	3704.8853	52.78384	45.277222	0.035936179	-0.14709927
6208	0.86780914	0.20265536	0.93395826	1516.785	31.954347	9.2042118	0.07623268	-0.044403313
6209	3.4393349	0.85994137	2.855785	8523.7201	68.869175	62.617552	-0.041911358	0.03267424
6210	5.3949229	-1.005436	0.96987954	1235.5499	26.137172	12.539008	-0.02100718	0.087603706
6211	4.4734864	1.1330784	2.5325929	2425.7613	12.798069	10.591167	0.017745112	0.25621273
6212	2.9087316	0.37028248	2.0734437	819.02265	13.124037	9.9587671	-0.2038282	-0.012005805
6213	6.0749027	0.97385452	0.36334757	2970.4278	22.932915	15.565407	0.0082089789	-0.034217631
6214	2.863457	-0.64098079	1.4483422	1010.1587	9.335052	8.7085452	-0.0020787356	-0.06390618
6215	0.86946067	1.0433331	1.7007083	2722.2636	81.563872	46.352835	0.018387511	-0.028059181
6216	5.6139882	-0.72223163	0.37078802	3984.6529	19.256169	14.449027	0.077436978	0.24423253
6217	6.1668029	-0.074048336	2.1585422	4030.94	33.232232	31.882855	0.010720661	0.10586934
6218	1.2302382	0.0080588765	0.68248573	580.87451	1.8007184	1.4916518	0.24008823	0.01759993
6219	1.3458627	-0.60968787	0.52796174	552.30216	9.6913017	8.7530161	0.047299515	0.11562541
6220	6.1363053	-0.076325322	1.3061362	708.9552	18.844146	11.5243	0.35464879	0.10187261
6221	0.83754966	0.5530869	0.1852059	642.26427	9.7310055	9.6052453	-0.10682614	-0.0049673696
6222	1.2375365	-0.97270958	2.7146328	6142.4543	53.833394	48.051002	0.14783323	-0.038285738
6223	1.1849203	-0.74120151	0.68358904	11277.968	73.467569	47.761917	0.2557852	0.0053431782
6224	2.8470119	-0.22942095	0.94393628	2748.0361	60.905506	50.715853	0.30669473	0.084973577
6225	4.2097459	0.94157281	2.8381264	2010.9543	21.471547	18.849799	0.0039532607	0.052068467
6226	1.7306731	-0.76766652	0.14361688	11348.586	77.540662	72.371621	-0.10336615	0.054519162
6227	3.1910368	0.098668976	1.3345749	1384.6655	36.22608	26.420901	0.0048405739	0.17909887
6228	2.6497061	-0.51034564	2.6919653	5637.8295	40.199611	22.853472	0.10268624	0.24029975
6229	5.012726	-0.23967854	0.31073432	330.57242	1.6543133	1.5044712	0.028629932	0.20698652
6230	3.7697577	-1.2063982	0.61546743	5357.8565	72.877546	59.859915	-0.0020777086	-0.20062659
6231	1.6755336	-0.93705398	2.9020702	7148.0385	42.86777	41.173195	0.072360492	0.19084731
6232	5.8325558	1.0174978	0.16030172	3542.0745	35.608054	14.755764	0.44482864	-0.08035895
6233	6.1963032	-0.71149485	1.0370985	1465.4175	22.571184	11.57627	0.049178824	-0.32365857
6234	4.357376	-0.97216271	0.63061117	609.19232	9.5111891	8.9349149	0.34406056	-0.085759319
6235	3.2851744	0.67198561	0.42320426	2067.8427	10.920533	10.048808	0.0018936307	0.1018201
6236	0.08664585	1.2192706	0.5846039	943.30666	35.826948	19.766658	0.31871707	0.049298875
6237	5.6832558	0.033173089	3.0300783	1421.1173	12.501985	11.046769	-0.20021792	0.070924493
6238	0.23852456	-0.58643214	1.3425881	916.64356	10.67103	8.8216913	-0.087339496	0.014271342
6239	3.5432645	0.31623821	0.65644866	1126.5074	11.663688	11.197773	0.0031873108	0.070254983
6240	5.9456222	0.26041334	0.24842601	2240.1916	44.253329	34.670452	0.029024514	0.29118665
6241	4.8043351	-0.92055074	2.0055597	2004.4426	12.211956	11.760262	0.11196527	0.22079968
6242	5.9471936	0.19358214	0.4756494	4815.2557	38.094871	22.876434	-0.0047004862	0.2601584
6243	0.33828048	-0.67376423	2.4064609	1137.6512	28.09121	12.632434	0.0075084964	-0.18380725
6244	4.7467303	-0.32332357	2.7744437	7788.3307	94.874882	91.823944	-0.032505849	-0.12574895
6245	4.6974295	0.57795604	1.8573421	168.76508	1.937391	1.7999483	0.068463993	-0.0025342507
6246	2.1454575	0.31168385	0.91457635	4202.5253	62.913835	60.921076	-0.12791418	0.041307655
6247	3.6426857	0.3273376	0.63153193	194.19449	1.7539427	1.3766564	0.033856981	0.049941606
6248	5.4108164	0.01187646	2.6215972	6826.5003	46.745021	44.943766	0.065093713	-0.011056593
6249	2.1314836	-0.3988603	1.6746105	1766.4969	62.733562	31.62279	0.006158366	0.096732896
6250	2.2959064	0.58002919	2.7845711	633.87341	10.206226	10.1344	0.13053212	0.14912957
6251	2.9572468	0.94036963	2.2054723	4165.7494	45.992392	42.897011	-0.69818719	0.32729788
6252	3.0928735	-0.49521516	2.6965385	3026.644	38.410591	36.870702	0.016713427	0.15130652
6253	1.5105795	-0.064466179	2.5265962	4901.3427	66.095948	55.776373	0.0048955581	0.005237137
6254	6.1636299	-1.1847497	1.8845393	2718.2073	47.234405	38.942331	-0.005938331	0.010102812
6255	1.1465126	0.70626023	2.5211267	529.40158	1.4544127	1.3643529	0.099549979	-0.021654446
6256	4.8974562	-0.53160421	0.51626505	207.04015	1.660801	1.4354795	0.020946825	-0.043600397
6257	0.55389176	-0.65611139	1.7499818	928.85635	28.689663	13.230845	-0.072673947	0.41036408
6258	5.143508	-0.39123318	3.009396	5125.4268	59.715295	57.317261	0.11309829	-0.0082226839
6259	4.86605	0.15599065	1.6624684	1093.3972	50.049158	48.216943	-0.14122061	-0.36504868
6260	0.60783098	-0.021104358	2.0941892	1982.9535	24.001129	23.217444	0.047063685	0.052605255
6261	3.2122707	0.82825329	2.6636915	3198.7646	41.405287	36.596391	0.083657812	0.19527916
6262	3.8344539	0.87251086	2.7082511	3392.463	15.563325	14.348368	0.093102715	-0.0050785955
6263	6.1238151	-0.52633463	2.5355937	211.33717	2.0281514	1.4432202	0.0033529925	0.1143466
6264	1.8629006	-0.87357141	2.6909771	1016.1529	8.6677896	1.5343198	0.15182535	0.013216458
6265	2.2756309	-0.7640209	0.77559543	212.06627	1.4270199	1.2597491	0.052392022	0.11189345
6266	1.4803324	0.70743207	2.6910317	2536.4833	30.763183	23.694465	-0.24778976	0.22352298
6267	5.9460555	-0.36631627	0.38353732	8410.7087	95.895791	77.362894	0.27697185	0.048079047
6268	2.2160551	-0.53159712	2.7094663	2424.609	38.169277	36.51494	-0.30873109	0.011827051
6269	2.0849713	-0.068069172	2.904861	2619.2995	15.550975	14.037777	-0.039096167	0.4952333
6270	1.5499141	-0.0078813285	2.5396278	3596.8209	15.7287	15.159057	0.35563806	0.0065736351
6271	2.7667197	0.1385758	2.473125	2250.9093	20.419161	16.58312	-0.25882656	-0.23119986
6272	0.96815779	0.67705411	0.24494404	2210.8609	46.119401	31.344102	0.095489661	0.0050453812
6273	5.8884883	-0.94026838	2.3694552	2645.8305	56.363048	48.087747	0.057563136	-0.16244526
6274	5.2608772	0.051113573	0.42002111	1874.7875	11.630625	9.0046168	0.055647844	0.24869268
6275	0.25414684	-1.0335611	0.79493082	4764.3932	119.4753	48.826133	0.037597454	0.027355549
6276	2.1294753	0.068813927	3.0426564	3108.976	15.487668	13.50822	0.0095051043	0.06998084
6277	5.197689	-0.021971249	0.92042073	2071.8287	13.014809	12.492398	0.31669849	0.19894007
6278	1.3214947	0.39200267	2.4942018	494.7648	1.5924026	1.3134822	0.046919372	-0.010768869
6279	3.5122203	1.0958501	2.6793943	6802.1335	47.589137	43.312642	-0.049736523	-0.11389753
6280	1.7757096	-0.83637011	1.9402567	690.15689	21.023181	10.90011	0.01306385	-0.27173681
6281	2.5855464	0.074593683	2.8217633	1843.0545	12.61853	11.569229	0.26680778	0.027409889
6282	1.5103203	-0.69385557	0.59475849	2407.2122	13.929747	13.1482	0.031132415	0.17835692
6283	0.78568167	0.20771605	2.3928136	200.9564	1.6581956	1.4923001	0.36330151	0.12844157
6284	4.7442259	-0.13951119	0.7426838	3972.9996	22.289556	15.447001	0.14429405	-0.0061280987
6285	2.2407996	-0.37522976	0.58931311	5122.2022	42.17375	31.772152	0.01164386	-0.0029936429
6286	4.0032552	-0.53149358	2.7068087	780.00066	8.0817596	2.704358	0.036296088	-0.10045117
6287	5.7446608	-1.2190541	2.4183069	515.21168	2.6181392	1.6718787	-0.024456545	0.0071594553
6288	2.4768046	-0.84350829	0.08038919	396.60198	1.9681345	1.4540274	0.0969723	-0.027352835
6289	3.9502103	0.88821473	0.96118822	8962.6975	85.0962	82.209771	0.038424038	-0.25871644
6290	6.206926	-0.40281491	0.44963028	2974.6917	54.115889	38.634787	0.16666535	0.28956402
6291	0.95544999	-0.96557484	2.8742071	1796.6826	27.595588	26.078365	-0.21192657	-0.022079385
6292	3.7888012	1.4469808	3.0462702	969.86326	10.636016	2.163477	0.0065445151	-0.044776023
6293	6.2360902	0.61250314	0.34854983	5071.6029	15.722228	14.83897	0.033676829	0.01727696
6294	0.84752439	0.46859775	2.1493098	2696.8603	38.00255	29.988294	0.68635038	0.12067735
6295	3.5227341	-0.144201	2.3490619	578.16524	46.234513	9.9781327	0.068806718	0.097145588
6296	2.820401	0.36160957	0.81417144	5963.1233	53.49553	46.994268	0.019139305	0.058220248
6297	0.71386326	0.04231111	2.3104458	1759.7109	13.508819	10.551031	-0.1872435	-0.25260179
6298	1.3319767	-0.28665109	1.3839029	3994.8725	60.46105	59.595491	0.13734773	0.30277491
6299	3.8544304	0.72047662	2.3020331	374.25578	2.3305362	1.5272645	0.14533267	0.10826859
6300	0.003251165	-0.27723877	0.64750457	708.46212	29.568858	9.8083219	0.27591305	-0.20451057
6301	2.9120821	-1.0996468	0.55068105	2683.5009	15.907561	14.336195	-0.044284807	-0.010198573
6302	3.9278626	-1.3220851	2.4470519	7349.0824	83.67667	77.506205	0.098747994	0.17433068
6303	3.1169022	0.7273864	0.47503998	4416.1507	21.975551	17.519436	-0.039558647	0.010775877
6304	2.5920616	-0.75985238	2.2344188	7698.9564	121.70551	105.04164	-0.021123832	0.20530434
6305	4.4475561	-0.87656353	0.72517034	1151.5738	11.740128	10.170762	0.014032271	0.17021021
6306	2.4522417	0.19535598	1.4587591	1343.0398	35.193849	29.424833	0.13493278	0.12370359
6307	1.0768441	-0.97925439	2.4756931	4102.7236	40.099825	32.977294	0.038594591	-0.0091170347
6308	6.1717168	-0.18862692	2.7958338	2659.8514	12.824425	12.099698	-0.11339111	-0.066213448
6309	3.1091083	0.71150998	1.1523101	1591.2311	22.947123	11.32881	0.069236647	-0.047130481
6310	3.379295	0.77310766	2.6569608	2432.2326	49.175748	48.290714	-0.031748792	0.078400917
6311	4.0080529	0.40731599	0.97326042	1604.0549	21.075064	12.311617	-0.041458137	-0.13936487
6312	6.2369412	-0.023973467	2.7380864	4204.3137	18.328117	15.154151	0.16162736	0.4832868
6313	3.1141053	0.89688637	1.1574202	1908.202	37.509991	26.406902	0.043121805	0.42672217
6314	4.6247411	-0.39910686	2.9159523	3901.3145	15.579918	14.209611	0.11077219	-0.0018830429
6315	1.6591274	0.84249889	2.3073953	456.07344	3.1024906	1.9195873	-0.022209034	0.1283873
6316	4.8621341	0.68679591	0.7413001	5284.6422	49.397456	43.397371	0.28570265	-0.0054819148
6317	5.8480551	-0.93924636	2.4067266	5541.3837	68.31396	57.019981	-0.010688322	0.031608516
6318	1.2531783	0.94889289	0.28245584	9613.5122	86.021643	63.551981	-0.0093790931	0.1772574
6319	3.582308	-0.60197528	2.5900281	4898.9692	18.027075	15.584732	0.16773928	0.23734422
6320	2.5493787	0.65612952	2.8382356	323.88715	1.7002633	1.4499713	-0.076151177	-0.091547748
6321	5.8611064	-0.22038395	2.0887532	446.46053	31.932945	1.3574985	0.39699762	0.20253865
6322	0.48319553	0.36355077	2.4803454	5554.3409	16.051771	15.644583	0.12509685	-0.018221357
6323	1.7018262	0.77188542	0.53625127	2510.8299	19.575105	16.731562	0.10333517	0.14900054
6324	5.986284	-0.11811026	0.21111501	729.19544	35.548035	25.920856	0.02629597	0.097741911
6325	1.4218626	0.43591552	0.48256013	995.30308	10.849841	2.0555583	0.057356368	0.053275812
6326	4.812583	-0.35148014	0.74171782	6095.5783	56.473822	36.473642	-0.023927213	0.10986438
6327	0.15314189	-0.76424169	2.0533279	3541.9575	39.147907	28.092086	-0.050097139	0.19644406
6328	4.3835988	-0.70450427	2.5732725	1070.3249	11.361294	2.432264	-0.06102088	-0.11728091
6329	0.42295865	-0.36607917	2.861524	652.76223	21.177313	2.7705909	-0.14080226	0.052580189
6330	1.4741215	0.14680806	2.1818633	3228.1568	42.098988	40.61893	0.023383426	0.031443595
6331	5.5987852	1.2189171	0.54085993	1521.158	15.866469	12.865606	0.087784606	0.090073233
6332	0.32569813	0.95737075	0.76460694	1595.4243	45.124479	30.484142	-0.1910197	-0.14412207
6333	0.65981269	-0.032295788	0.9835628	1851.0936	34.709645	32.922956	-0.051864061	-0.19818058
6334	3.5218369	-0.3441541	2.5337143	846.89437	27.280285	17.96964	0.0069112962	0.065113817
6335	2.9567612	-0.70979479	2.6931391	1386.6402	11.646728	1.9023714	0.15312156	0.014444795
6336	1.2308286	-0.14199838	0.66939414	1424.5259	16.6326	5.0298006	0.25037029	0.031039267
6337	3.7872138	-0.012572075	2.2384864	4794.9687	55.00795	51.013522	-0.091045583	0.10513849
6338	6.2357873	0.87976766	0.97693364	465.81298	3.1493326	1.351817	0.013002771	-0.0018303412
6339	1.2258419	0.17159079	0.53401713	5408.7869	44.695612	31.73464	-0.065444934	0.23283481
6340	2.4303813	0.71756205	0.40009818	3346.5392	52.692059	19.780138	0.27219926	-0.01307276
6341	5.0848526	-0.68598086	2.2694899	5032.1795	39.716894	28.65833	0.11777895	0.083464555
6342	5.0118443	-0.39830007	2.4651337	5085.0174	54.04865	43.067028	0.027067872	0.065439254
6343	3.2586636	-0.37552211	2.6198349	1037.1515	40.877968	39.617379	0.62279159	-0.15759118
6344	3.4421926	-0.79464269	2.4618974	715.76631	10.539368	3.8001898	0.083460613	-0.046551593
6345	0.95568925	0.41420833	1.360471	2127.6711	34.686082	33.404855	0.027186634	-0.0045015198
6346	5.755618	-0.018152033	0.52257939	2503.3451	27.226144	12.151924	0.063159599	0.0094919508
6347	3.195571	0.24485017	2.0528679	768.68335	12.875712	9.3692301	0.17259912	-0.16890345
6348	2.9265496	-0.26172739	1.6589101	1042.3247	30.206636	27.114163	0.19180248	0.017580569
6349	0.00047928564	-0.65140539	2.8133565	3354.9535	44.481547	28.365833	0.01428159	0.040018518
6350	2.4900804	0.43304533	2.6756175	1210.3529	10.068291	2.2558243	0.2301807	0.15470806
6351	6.1015459	0.96890125	2.6458485	424.89167	1.4864659	1.272495	0.074230075	0.0085874408
6352	2.6387404	-0.66016858	2.1507235	5589.9986	98.518261	61.455915	0.013185168	0.15335534
6353	5.7216626	0.64000287	2.0044062	299.20378	1.5693288	1.5377519	0.00091222152	-0.003288715
6354	4.4970833	0.46762115	2.6757609	4121.5684	39.639591	33.787093	0.035074321	0.28313941
6355	4.8396315	-0.40424922	1.4593205	2897.451	50.594091	43.276484	-0.05493378	-0.095105934
6356	2.4951139	-1.1260125	0.33403463	5289.835	18.996298	17.884881	-0.003157797	-0.054413843
6357	2.2599085	0.19997635	2.4869921	4219.0316	47.17518	40.795917	0.056528892	0.17661334
6358	4.9911345	-1.2422623	2.7980672	174.29859	1.38599	1.244046	-0.23283917	-0.057376742
6359	2.2615319	1.2293281	0.98064523	3936.5038	18.27283	13.182441	0.050493548	0.008104006
6360	1.6763031	1.2042127	1.5367126	5559.6644	80.479171	68.352561	0.089435595	-0.040205653
6361	4.3918173	-0.18938468	1.8170177	138.50271	1.6212839	1.2508747	0.027830735	0.13243349
6362	5.8880565	-0.56708908	0.64644745	1781.8926	13.079819	12.328468	0.0066743176	0.066809577
6363	1.1495921	-0.16067642	1.040797	2452.2066	38.991318	33.013656	0.031262206	-0.02728377
6364	0.34447285	-0.045136423	1.0781002	1346.0061	30.433644	24.354057	-0.028159905	0.036223875
6365	5.9026673	-0.54374576	1.6543413	1154.9751	41.164767	39.315892	0.23361826	0.078825975
6366	3.2297849	-0.078617894	2.054167	335.25814	34.492218	1.4736351	0.058423605	0.013663974
6367	3.9190138	-0.58357353	2.8125141	5177.2407	15.791529	13.614962	0.053199398	0.12814176
6368	2.6968705	1.1309049	0.32605355	5768.1113	69.366238	43.522925	0.070176	-0.22801446
6369	4.2616319	-0.48185377	0.97801709	11360.151	88.55095	74.469485	0.32056534	0.12444878
6370	1.3535163	0.6780848	0.24171933	3917.0071	27.197941	12.60639	0.13076906	0.2085555
6371	0.061618905	-0.076485347	2.4528978	853.10825	16.373014	3.78043	0.084857478	-0.13644364
6372	2.2434608	-1.2346005	0.73803441	9077.0476	71.571749	62.282065	0.15975923	0.098973837
6373	6.2527352	1.0232675	0.57697449	5895.1785	59.152944	36.862611	0.0041974561	0.041802282
6374	1.2593907	-0.37761834	0.78980235	3315.8907	90.944652	34.082724	0.084397805	0.14428333
6375	2.9314038	0.85157297	0.71267416	391.59454	11.100595	1.8070847	0.20174033	0.054689024
6376	5.2917216	-1.0151331	2.8000395	662.64969	1.6898284	1.580728	-0.19922942	0.038559086
6377	1.2822387	-0.91559025	2.4716973	10786.151	81.087406	51.551544	0.024517757	0.5264562
6378	1.7157697	-1.2510538	2.1998818	4168.3407	128.87306	60.840742	-0.11719787	0.043720798
6379	4.0279221	0.084315419	2.640686	2494.028	13.199679	11.491248	0.36549109	-0.11321869
6380	2.6827352	0.1767356	0.27478866	1653.445	19.059006	15.47849	-0.25882656	-0.23119986
6381	2.1836476	-0.55816735	0.45155001	1663.942	54.38283	39.726195	0.096877331	0.036600129
6382	2.0752985	-0.5526002	0.37418862	6808.227	69.782999	62.737779	0.015561733	0.071786062
6383	3.9974119	-0.81875927	2.8992113	1756.3387	11.243712	7.8059834	0.059777632	0.13707705
6384	5.5295443	-1.1623935	1.5190876	3844.9041	56.21903	43.598508	0.034669021	-0.3064073
6385	4.6661415	-0.83266221	2.1803043	6428.8349	65.500836	52.452883	0.34821198	0.004446779
6386	2.1351574	-1.4053632	0.47659983	2276.6766	13.326322	12.987718	0.20722216	0.31348915
6387	1.9860535	1.3218438	0.78039239	216.89138	1.4711362	1.3806553	0.066059992	-0.13963174
6388	1.6418009	-0.12188555	0.69987135	3595.2219	58.882653	54.237034	-0.012443827	-0.21532065
6389	6.1457764	-0.49458217	0.17025039	8737.1432	62.403561	46.602964	0.019630275	-0.019921133
6390	4.3576618	-0.56557073	2.6366455	10733.607	59.982897	39.367439	-0.41794885	-0.085198789
6391	2.6971127	0.030145982	0.68290122	6430.0412	72.023878	59.308046	-0.052148477	0.016563432
6392	2.9974762	0.51922223	2.7660204	1280.8961	35.772166	10.614941	-0.0083105329	0.057215781
6393	0.097872069	0.94721666	0.6939592	4043.6646	54.190899	17.94517	0.14537553	0.30769812
6394	2.464768	-0.12396922	2.3457131	1841.8473	13.881412	10.176474	0.085410053	-0.04010096
6395	3.1969614	0.39556824	2.5960036	1046.5538	12.183297	10.34426	0.14569691	0.008322498
6396	5.3357813	0.018334785	2.3221162	9258.6048	85.175521	78.767166	-0.2470308	0.053239555
6397	1.3657731	-0.12323136	2.6879556	5460.3184	80.506238	38.581602	0.039249015	0.011342684
6398	3.807532	-0.197557	1.8947709	956.85921	28.534076	10.001977	0.015167129	-0.015463978
6399	3.586514	-0.29736081	0.70751082	997.2151	11.127232	11.09812	0.06844629	0.041843654
6400	1.9756267	1.126044	2.4792361	11230.459	87.343573	67.83266	0.079080101	0.046251043
6401	4.6365233	-1.0998451	2.502969	1859.6735	14.383338	11.414655	-0.20864297	-0.2495923
6402	2.847508	0.95537691	1.8443208	861.62955	10.010473	7.8230002	0.0076828835	-0.13563297
6403	2.7443813	0.72510508	2.5098655	4091.7009	31.52257	25.670806	0.12011815	0.12804715
6404	0.53897052	0.086863105	2.4592533	5130.9509	58.207464	37.241561	0.25072996	0.050073856
6405	0.21538583	-0.31447272	2.5487088	3739.9516	16.339455	15.640862	0.13147944	0.036696323
6406	3.7304101	0.40425893	2.6726543	7805.0019	75.963546	70.529973	0.055978062	0.27095667
6407	6.2696155	0.1329696	2.1739312	1454.4149	12.696306	10.484876	0.023890353	0.24154669
6408	0.30049862	-0.32871308	0.30245264	4880.3972	27.111063	22.872481	0.22605449	0.3041786
6409	5.8010351	0.69346923	1.0501189	1704.3797	13.314374	12.348311	-0.16753872	0.03905196
6410	6.0090723	0.23581467	2.8604112	3764.439	16.107481	13.399547	0.048909672	-0.17088865
6411	3.1742873	0.43777193	0.92169567	1144.0137	11.463561	9.9567499	0.047002986	0.056470244
6412	5.1747501	-0.035502487	2.0806033	6234.8844	61.280864	48.300664	0.027410798	-0.13646095
6413	3.2324636	0.51328159	2.1278633	2620.9899	121.71081	91.775624	0.013432305	0.0154219
6414	2.8841605	-0.63838764	2.4503707	675.14079	13.729153	9.3184619	0.0016920401	-0.0047216476
6415	1.1091341	-0.8743929	1.8313201	1697.8154	10.447408	3.3380795	-0.29703161	0.20974795
6416	5.1352122	0.91319897	1.1681622	2272.6659	104.52053	43.079346	0.010111582	0.077665011
6417	3.5525837	-0.046283383	2.5583161	1353.5721	12.95181	11.430197	-0.137301	-0.11419078
6418	3.5303023	-0.29255823	1.5410249	448.5649	9.1775806	9.0773997	-0.0017714167	0.051225598
6419	2.7617588	1.4144122	2.7175863	2753.4239	14.591949	11.406365	0.069350251	0.043642906
6420	2.9684701	-0.33955824	0.96254305	1836.5511	14.858976	13.751165	0.098483876	-0.10644105
6421	0.84003727	0.81384569	0.24837361	1440.5413	35.147087	2.0396381	0.044147163	0.060236496
6422	4.4345964	0.81547482	2.4361833	6099.505	57.09778	33.14019	0.35748699	-0.039554034
6423	4.1238126	-0.57464561	2.9388602	1648.8214	10.392573	3.4929477	0.060012425	-0.034148911
6424	1.7572352	0.55510988	2.3274709	4370.0653	59.746244	56.811801	0.05666286	0.096282974
6425	4.4284469	0.37736166	1.762634	1681.6462	50.261392	46.34933	0.014985469	0.21791043
6426	3.0038806	-0.1517822	0.81502736	1405.0169	12.959186	11.605996	-0.069229764	0.27983971
6427	0.79854135	0.97046563	2.3210161	511.84616	9.503148	9.4365376	-0.0011624771	0.00059113962
6428	4.6253558	-0.92238536	1.5736808	377.43648	8.5790736	1.3498023	0.10409555	0.13564478
6429	5.4951191	-0.45966	0.31273795	1297.9762	12.14936	11.221886	-0.043164707	0.084902631
6430	0.73005798	0.69145814	2.9106339	4666.3613	50.988899	21.528752	-0.055429385	-0.0019618573
6431	0.13577518	-0.0083189887	2.823754	5272.0302	58.825741	58.811623	0.87283383	0.011342899
6432	0.24289386	1.0474465	2.8060253	4000.6677	60.643986	60.593949	0.14451788	0.030916171
6433	2.9082361	0.68908654	1.5761812	1782.6729	49.986281	46.193514	-0.29805103	-0.037637963
6434	1.63577	-0.21007221	1.3296234	387.86656	22.774889	22.459539	0.087999403	0.16229808
6435	4.5383208	-0.87198636	0.53814949	6187.3901	53.28134	33.387882	-0.026579894	0.00027192139
6436	1.4691593	-0.17972266	0.64851755	2891.128	39.326084	21.791211	0.1706698	0.023764639
6437	2.7559127	-0.66319376	1.9064107	3070.6539	55.928298	55.446799	0.37643181	0.39341129
6438	6.1127249	0.35773112	1.9295425	2008.7676	48.560519	37.209039	0.10629151	-0.050935472
6439	4.886772	0.75560354	0.48203054	2452.008	16.364694	15.870174	0.26037138	0.059680805
6440	1.7052004	-0.55112666	2.0671044	8902.6269	136.23597	96.360224	-0.06322923	0.022352464
6441	1.6778725	0.62116513	2.5012029	1229.7959	10.212019	1.7180883	-0.32946388	-0.15163105
6442	2.9384826	0.50466784	0.532928	6671.2703	82.068738	49.298259	0.094044754	-0.31521838
6443	2.6271634	-0.98724469	1.0484885	248.92329	1.5155516	1.3774311	0.022235746	-0.012242932
6444	1.1497546	0.93737407	2.6656017	1997.1267	13.103089	13.102275	0.074536897	0.11162621
6445	3.6765713	0.44442764	2.1449594	1151.7635	40.61516	10.170115	0.13222204	0.030703291
6446	4.7754262	-0.6367621	1.7407444	5112.4055	41.818739	39.642562	-0.10596966	0.12283005
6447	5.2287579	-0.047976106	1.9804513	2323.2983	26.905196	23.142349	0.21779226	0.0097840041
6448	0.97866201	-0.15832938	2.0402314	3191.5623	54.78412	39.677129	0.46094054	-0.032514987
6449	0.22033824	-0.6721701	2.262722	4494.2654	49.731558	39.25598	0.0031959042	0.0081125005
6450	4.2107471	0.11124928	2.8609742	3013.0811	12.245679	11.867408	-0.022684627	0.29037142
6451	4.1725641	1.0380182	0.42475103	1631.3618	11.634803	11.023651	-0.03072336	0.13180382
6452	6.0425944	1.0949111	2.1184743	509.43652	11.375467	10.302198	-0.26667298	-0.56022913
6453	0.1901802	0.54779935	0.65226219	225.07291	1.7644374	1.2895457	-0.0085202912	0.020191881
6454	0.4194017	0.77965421	1.1305385	345.52716	2.1876198	1.635376	-0.030972658	-0.064441885
6455	0.42880828	-0.42614854	2.1002096	721.91534	9.5198628	8.8627909	-0.33199329	0.04042855
6456	5.845004	0.094314255	0.19474919	2868.195	15.155928	10.069631	-0.0090176042	0.12553309
6457	0.64874207	-0.52248703	0.16055643	2594.1386	45.586503	42.276217	-0.091045583	0.10513849
6458	2.6127025	-1.0350344	2.1305294	5676.9303	69.40631	65.554995	0.059020111	-0.15442819
6459	2.6612765	0.65610068	0.60388873	2775.2498	50.710586	45.143293	0.036977461	0.080290161
6460	1.405158	0.87806668	2.5882336	1077.4259	2.9496039	2.4655522	-0.0051637023	0.16838713
6461	1.0720862	-0.10705711	0.63482462	4762.6013	48.284203	25.116967	0.037199377	-0.056877525
6462	3.3855892	-0.11390749	0.50672103	358.00978	9.1023664	3.2298774	0.073320717	0.10947185
6463	4.6361574	0.23075133	0.19254019	2515.4599	56.830679	44.736904	-0.24482223	-0.29035099
6464	0.053353036	0.46481449	2.1166484	62.299216	2.410578	1.6052756	-0.22316686	0.00190559
6465	0.7459264	-0.14878077	1.7134051	248.91809	28.759749	4.1571357	-0.034869727	-7.89571e-05
6466	1.896242	0.4239258	2.3822617	467.17256	30.70684	1.4944277	0.11634605	0.11706055
6467	0.84034514	1.5227934	0.3613461	5256.4815	81.93879	73.444984	-0.0077691063	0.063089517
6468	4.3738844	-0.98782661	2.0792438	2523.4099	47.682034	43.481334	0.0030198708	0.13130997
6469	3.682211	-0.23239787	2.7381184	2803.8121	36.51804	29.726138	0.061711889	-0.014045298
6470	2.6344252	0.056457319	0.92288714	1731.8926	13.397956	12.863692	0.11117175	0.21455271
6471	4.2551104	0.78384222	2.9107618	1203.32	9.8158789	2.0043985	0.082268535	0.025490231
6472	5.0116693	0.52883872	1.8385344	1720.0461	39.720131	35.398915	-0.0079144297	-0.025763263
6473	4.3803968	-0.066211928	1.991177	1801.9738	21.112166	13.203641	0.0035542257	0.0044123723
6474	4.5581846	1.091489	0.33585195	378.49749	1.3253262	1.304607	0.030098377	0.00030036413
6475	3.4608165	0.34553927	2.4519794	2462.2581	13.821605	12.590389	0.004669934	0.034440275
6476	3.7373543	0.96256892	0.94106803	366.67277	2.0293101	1.6275197	-0.007045543	0.030788347
6477	2.4106437	1.0301004	0.76893111	5127.5922	67.037288	58.686376	-0.039175459	0.0091481518
6478	2.90494	-1.3080475	0.28851414	298.1478	1.6045744	1.388535	-0.084665808	-0.10413291
6479	1.803403	0.72755717	0.98237826	574.45169	8.4298592	1.8204784	0.1062414	0.15822517
6480	6.1690662	0.41432625	2.135479	1157.5484	35.238117	19.301269	0.10652323	-0.062451533
6481	2.5098499	0.94825825	2.8215942	1151.5251	11.191832	10.770788	0.025289796	0.018404709
6482	2.3466732	0.37362074	1.6636844	226.06924	38.997321	1.7613909	-0.16107143	0.073993704
6483	5.6093901	-1.4764781	1.1212853	650.58327	10.291477	8.5713092	-0.010556394	0.24778276
6484	0.47844443	0.49823276	2.8980855	1560.5559	12.141125	11.772538	-0.0062211468	0.017096221
6485	6.2356248	0.8800144	0.1699645	4139.7169	22.507554	15.170433	-0.0058072286	0.0085423323
6486	4.7368615	-0.27399421	2.9430808	2275.2591	14.719609	13.697673	-0.00026849761	-0.036442526
6487	0.038339031	0.83175006	0.87710042	307.69537	36.936064	2.0761173	-0.062651512	-0.016845597
6488	2.2472332	0.84447643	0.60619074	306.53825	1.8643458	1.2935705	-0.23700939	0.019676521
6489	2.3115142	0.66811672	0.64734708	582.6444	9.6989914	9.649375	0.33901638	-0.206529
6490	3.2194051	0.39376636	3.0036978	1195.5069	11.402369	10.73359	0.49553488	-0.01737195
6491	6.278618	0.98123876	2.776586	7425.3941	56.622567	17.987579	0.20146873	0.26927466
6492	0.71150038	-1.1883954	0.63691951	13722.124	152.81729	91.835646	0.047854603	-0.0038187555
6493	3.4566064	-0.01356621	0.35614785	2175.022	12.663109	11.280239	0.02683463	0.12616615
6494	2.4222186	0.39384428	1.5901857	3304.4278	57.867287	54.656266	0.059020111	-0.15442819
6495	6.1240682	-0.59225437	0.50768716	4875.0243	77.922638	56.987362	0.48328654	-0.1575246
6496	2.7489768	0.72758721	2.404448	1147.9011	9.5663887	2.1554094	0.0086693427	0.0346197
6497	2.9618766	0.70694697	0.94700021	6318.8883	86.009386	70.281919	0.022032805	0.021207263
6498	4.4126456	-0.7651531	2.131069	8639.9962	79.881093	56.736982	-0.16615864	0.10279226
6499	1.3522984	-1.208533	2.8342086	3549.222	16.633452	14.978731	0.22438128	0.11825274
6500	3.4059314	-1.0915391	1.2016478	296.42934	9.7446332	8.9667269	-0.0079574912	0.14621897
6501	5.4827423	-0.79799648	2.89188	2122.6886	10.468357	10.054133	0.12310048	0.22521277
6502	5.4692454	-0.76461597	2.1807815	3418.4568	52.207422	37.064921	-0.05673829	-0.0038672471
6503	2.1562486	-1.3163388	2.5391217	2940.414	14.500416	14.268647	0.037545971	0.2344566
6504	5.6470232	0.48764345	0.38747966	1992.2771	33.36041	10.460005	-0.0091806242	-0.024851628
6505	3.0798478	-0.04590889	2.1522762	489.37843	10.590934	10.223516	-0.0021188078	-0.40393043
6506	2.9810013	0.21983372	0.21001845	1388.8593	10.170053	2.3623418	0.080512233	-0.0048676485
6507	2.4699166	0.94640756	1.0187273	7164.8931	70.35239	63.154306	0.11062507	0.029851491
6508	1.187549	0.17002825	2.7232248	2685.1863	16.053799	14.857944	0.20996279	0.0044252041
6509	1.196833	1.0672917	2.6017818	10234.712	56.445361	53.693437	0.16682912	0.1017283
6510	2.0215582	0.85019829	0.55201935	4274.1457	59.137618	36.375703	0.09380669	-0.029067686
6511	6.2565401	-0.44206119	2.2152011	2134.2538	43.87384	37.173571	0.032291207	-0.031636899
6512	3.090504	0.89619236	0.54049077	1055.6919	9.7622516	9.1263451	-0.015340542	-0.19100078
6513	0.93915636	0.56739033	2.113157	2599.158	89.969467	49.519782	0.0007715437	0.044881736
6514	3.6188814	0.13230411	2.8556013	390.71425	1.6403943	1.41423	0.083693607	0.19165159
6515	6.1218144	-0.71803159	2.6293358	2499.5435	28.63188	19.246409	0.028886904	-0.107641
6516	3.6590992	-0.45114109	2.7294124	448.28305	1.94666	1.3560022	0.0032806174	0.078995019
6517	3.3896014	-1.0607761	2.8097224	2162.7381	16.175135	5.5865992	-0.12557403	-0.20728553
6518	4.9531666	-0.66684251	1.0488458	1664.1605	21.590082	14.422435	-0.06577411	0.063108556
6519	4.0540303	-1.2114241	2.7984257	2340.34	76.722846	39.38393	0.12256829	-0.032791867
6520	3.8130627	0.28523208	2.6516589	2828.4183	14.347302	14.123345	0.011201784	0.0049205592
6521	3.9903144	1.3313781	2.4949418	5595.8421	59.619918	40.20609	-0.075842731	0.11792569
6522	1.2068046	0.21027518	2.7289432	5293.2542	52.502454	49.022815	0.0069966086	0.047637988
6523	4.3998531	-0.5650648	0.5736264	3865.6769	14.02364	13.664006	-0.041416732	0.0829937
6524	3.1465474	-0.64736533	0.63140487	2824.891	15.960473	14.000286	-0.026120036	0.014897338
6525	2.0475693	0.3932979	2.0844637	2010.3591	12.786344	9.5708371	0.07671245	0.11477606
6526	4.1012929	1.0688357	0.39825922	12588.042	90.040039	85.271338	0.60742601	0.22596328
6527	5.778536	-0.27278141	1.2073702	2172.2346	55.295491	45.275896	-0.065588928	-0.0057320295
6528	5.4039384	1.1223703	2.2789684	3202.8065	54.102144	52.716117	0.092377734	0.17462972
6529	1.2902517	-0.91628648	0.91023996	2874.1626	144.41969	119.91735	0.022756904	0.045839349
6530	0.20473499	0.85824778	0.31857312	3211.1151	46.323194	40.359449	0.066371102	0.27168936
6531	1.5167065	0.13157254	2.4617223	1677.4676	16.978925	16.960344	0.019121753	0.026453579
6532	2.2902897	-0.20863632	0.34939578	511.10097	12.86926	10.171463	0.10628439	0.1061459
6533	0.89790359	0.61928386	2.6911604	1714.7986	13.546652	10.325357	0.047562993	0.027033587
6534	0.14975457	-0.30588407	0.64440863	1168.6865	17.275619	11.708707	0.0014392092	0.82142146
6535	2.2501395	-0.26356969	0.59956672	6399.3666	81.116925	80.595375	0.045674827	-0.007817693
6536	1.3688427	-1.1680432	1.0069595	982.43799	4.2476802	1.9649494	0.063801959	0.087165885
6537	5.2897056	-0.88779724	1.9826877	1236.4688	12.509137	10.778302	0.15894447	0.21233281
6538	6.1754871	-0.013835887	2.1504048	254.34051	2.9598794	1.3103964	0.0048575337	0.19080112
6539	5.2039187	-0.10395901	0.51044658	3576.104	65.715482	22.216258	0.049058996	0.13862337
6540	5.053408	0.68080427	3.0737931	510.3654	3.094014	1.8164413	-0.17309747	-0.00061202715
6541	6.2028456	0.91444345	3.0173716	9753.5679	86.600151	63.979378	-0.0093790931	0.1772574
6542	4.2443867	-0.66252602	2.444116	561.07069	10.13577	9.4230644	0.20310416	-0.03864186
6543	3.8047478	-0.71753789	0.4431043	5019.6825	66.954727	53.868649	-0.067640089	0.090741201
6544	5.5554736	0.19795193	2.3937479	5206.9683	57.692369	39.334026	0.25154108	0.0061775439
6545	1.3425917	0.24393438	1.0077002	2362.5432	39.775894	35.659618	-0.068243983	0.035946645
6546	5.3189263	-0.82323181	1.9293872	1031.215	64.510304	23.567215	-0.081183185	-0.0025644831
6547	3.923746	-1.1896226	1.0086304	2224.9134	48.615248	38.428935	0.030463685	0.053700115
6548	4.070768	-0.66588486	2.1743903	1266.8423	44.721498	39.8841	0.048043691	0.28277086
6549	2.8444154	-0.98968586	2.8781087	957.66342	33.469855	14.301945	0.086010368	-0.011470454
6550	3.6261053	1.103129	1.168969	852.60524	11.729853	10.330608	0.22996183	0.033385261
6551	0.99645541	-0.18316147	0.68009912	995.63585	38.125998	11.561028	0.32452071	-0.16263847
6552	0.69763714	-0.22088446	0.42775033	687.58866	10.084121	1.3849302	-0.0058330668	-0.014222229
6553	5.312736	1.0208527	2.7786566	2183.0067	39.271881	4.1802494	-0.056066899	0.0093455019
6554	3.5123397	-0.53320947	0.69510047	5231.3858	48.158922	17.714321	0.299711	0.16861148
6555	0.3797464	0.41951227	0.62790123	7027.8623	66.166233	57.181668	0.035231464	0.35836032
6556	3.4789455	-0.72245487	2.0367617	1144.7693	11.200124	10.006809	0.24477451	0.025819608
6557	3.2720819	-0.59699367	1.0981338	236.45923	2.6945667	1.8007843	0.23533094	0.016801039
6558	5.7374118	0.45484399	1.3424789	3390.1477	60.740846	52.751173	0.11715774	0.016314174
6559	0.73191634	-0.6329917	1.5766501	2549.7773	82.278383	67.527105	-0.18135721	-0.050265184
6560	6.2809468	1.1628442	2.2767616	685.49233	12.950067	9.9702641	0.087494367	0.040210442
6561	5.3936683	0.86405284	2.8679286	978.6253	9.1339533	8.4005884	-0.0089981863	0.054142021
6562	3.0840981	-0.55955544	2.3923808	3170.3405	53.069722	39.816078	0.28043214	0.035084969
6563	4.5199594	-1.0707889	0.098358568	3820.2658	28.301035	14.000837	0.33297973	0.0040934173
6564	5.8901577	-0.20256269	0.30076113	2601.6658	53.274886	51.77744	0.11088983	-0.093621251
6565	5.2655187	-0.20153849	1.2223892	748.14417	31.895447	23.528938	0.040450419	0.1157411
6566	3.8536241	0.59714464	0.45566776	1938.6506	30.785606	12.183485	0.058741921	0.055449527
6567	0.40961155	0.69089819	2.7920318	393.05187	2.6835205	1.8624625	0.048696295	0.052860363
6568	0.10969258	-0.22560885	2.5646531	2868.2853	36.025688	14.757988	-0.060850155	0.064743353
6569	1.7457526	0.62021816	0.67117967	1605.8777	70.994781	47.430825	0.029312392	0.017588296
6570	6.1844283	-0.72093209	0.49080313	611.45124	2.2562176	1.5524302	0.091182152	-0.0085499331
6571	5.9874475	-0.14871165	2.724661	2008.2378	13.417932	11.286069	0.026184598	0.26953714
6572	3.1361544	-0.11561867	0.854189	3132.2885	44.571073	35.482135	0.10231128	-0.0031515912
6573	4.4421421	-0.38553389	2.1197519	4707.4413	17.75651	17.107906	-0.024344548	0.12167253
6574	2.9982835	0.25438726	0.83574367	1176.5642	43.707476	31.845564	0.23559759	0.0037783105
