simulation_id	longitude	latitude	inclination	distance	mass1	mass2	spin1z	spin2z
0	4.9727176	-0.79564713	0.521194	1331.5513	12.222425	10.149471	0.090174676	-0.076533082
1	3.8945277	-0.085180657	0.19184119	4096.4229	14.555901	14.329702	0.035468406	-0.093855767
2	0.058534055	0.107761	2.1534174	1559.6973	12.846014	11.099274	0.14200234	0.027140592
3	4.2620217	0.6847603	1.3204223	247.87994	4.362236	1.5807807	-0.0026607237	0.12250663
4	4.2269646	-0.94302286	1.8136851	2942.8665	23.368386	21.074646	0.027446045	-0.026488403
5	4.16646	0.1384404	2.1691204	1042.5844	45.371302	35.184179	0.30285369	-0.00093394556
6	2.4494884	0.67171123	3.0420277	7008.8834	39.280652	34.106709	0.20130779	0.034400044
7	3.556187	1.2974908	0.76308083	1782.7778	13.140339	10.782179	-0.011610774	0.0065332351
8	4.2550486	-0.092159908	2.6627369	4113.4282	48.499927	41.374655	0.05428959	-0.0059815647
9	1.7929447	1.1267415	1.328239	6742.3011	62.2929	46.048964	-0.071260898	0.055051305
10	3.4936268	-0.20759648	1.1455371	2471.8472	34.002361	14.152127	0.19336338	0.12915379
11	0.43188698	-0.55696732	0.50728767	1998.8114	13.739905	12.841534	-0.01097763	0.15267385
12	1.4714451	-0.6398126	1.6305539	821.79306	18.853778	10.134559	0.28138398	-0.15351031
13	4.3349736	-1.0601715	0.97626947	3116.6848	56.380119	54.13887	0.0075721027	0.061485526
14	2.0769006	-0.50194133	1.8457104	13283.094	166.69224	96.923409	0.050792946	-0.0080196774
15	2.8022209	-1.2382432	2.3704279	2802.5264	26.787517	20.175251	0.057647535	-0.13929231
16	3.1388802	-0.82096818	2.3758656	5028.5842	56.560253	42.737625	0.019358834	0.077116911
17	2.3650673	-0.8619666	2.1812584	658.98687	12.230939	3.8844157	0.29916759	0.0057885419
18	0.74337634	-0.47133015	0.61827206	2985.7807	12.727985	12.472372	0.054859798	0.13232194
19	5.2306863	0.17499876	2.3534463	2451.6243	24.513035	22.25029	-0.0069749644	0.14598156
20	6.1275014	0.8693476	1.8171581	832.28243	9.7147136	3.2953359	-0.01154831	0.024606929
21	5.2884446	-0.3925152	2.7789984	2031.1404	59.91264	29.016488	0.10535532	0.053351331
22	3.0016071	0.2540073	0.11265096	3339.0279	49.556152	20.095372	-0.16565709	-0.010495515
23	5.7221478	-0.087606863	2.2266368	6100.9424	74.28945	65.541076	-0.31303906	0.02951479
24	0.38610984	-1.2183755	1.0088656	1120.5445	10.798855	4.2809388	-0.10124489	-0.019331095
25	3.6490631	-0.18857951	0.99361016	2832.2918	52.690798	14.502569	0.081093411	0.048212451
26	2.9073645	0.58835223	2.7814045	2706.6972	13.289188	13.141451	-0.64184981	0.026143066
27	1.1294427	-0.3301602	0.39268828	4011.2598	14.308349	13.891749	0.0018437832	-0.01557681
28	3.3870832	0.83179312	0.58871141	1475.8979	10.484057	9.3115002	0.040251278	-0.19798038
29	5.9947987	0.58448203	2.421729	1748.2035	11.359542	10.900025	0.045764784	0.074500427
30	3.70423	0.69447503	0.19379682	1907.0482	28.857415	10.747064	-0.0071541854	0.03590675
31	3.7971859	0.87535684	0.38678959	175.03491	1.8698382	1.8564736	-0.13088798	0.036878283
32	0.66888419	0.72449942	0.41072353	954.19147	2.4311703	1.6369235	-0.0084128521	0.054252875
33	5.0736492	0.9694002	2.2041229	3863.8075	36.52243	30.807776	0.012737277	0.15288343
34	5.5552748	-0.033335504	2.5617974	1402.832	11.310429	9.7855919	0.19324188	0.011466963
35	2.5551373	0.15590735	1.3743943	635.34263	7.6677267	1.3672157	0.080912523	0.0053676609
36	4.4452901	1.2454856	0.18360695	7587.6858	67.029566	60.866834	-0.007533539	0.013754981
37	1.1487992	-0.57504155	1.460213	2173.9145	42.242136	38.225707	-0.064652527	-0.0443708
38	1.0518533	0.45252743	2.1388016	1020.7998	10.388929	10.043842	0.0029747243	0.042928932
39	5.0139814	-0.88927687	2.5829282	5605.4338	59.812286	34.255502	0.16870663	0.20581029
40	0.6232944	-0.26096634	0.24048531	4369.4895	61.866741	55.000268	-0.093767744	0.26693136
41	5.900473	0.87225024	0.82230985	1433.2132	30.058643	20.784458	-0.03623453	0.040111189
42	5.02435	-1.3291572	0.50467617	1540.2059	10.923954	6.0460504	0.075991212	0.21665238
43	1.4184995	0.30717512	1.2305182	1847.9213	19.218113	14.206223	0.1288671	-0.10278666
44	0.031976042	0.17489739	2.1404478	2988.1712	44.499408	33.59513	-0.12395889	0.029380061
45	2.7429147	-0.83090338	0.42219035	2095.3059	44.506611	26.452993	-0.007701677	-0.064326648
46	2.4513505	-0.22354046	0.33238289	615.32552	1.3428808	1.3182776	-0.017941399	0.01186642
47	4.5625499	-0.0033924737	0.32873468	989.44781	34.326235	30.089858	0.043510073	0.029193029
48	4.530153	-0.28386365	0.84779329	3619.4799	42.559346	39.644074	0.032843465	0.31856491
49	0.99107837	-0.60743951	0.36721849	3257.6625	17.150436	14.858355	0.089037202	0.089628678
50	0.17145007	0.40632663	0.63911067	756.93891	8.2741971	1.5611573	0.47203732	0.054115246
51	5.6884721	0.11746066	2.4076972	805.41486	10.352512	1.5721294	-0.0033682663	-0.036827338
52	5.8845313	-0.62850955	0.82015032	205.76409	1.3514096	1.2516564	0.051072653	-0.011553936
53	0.095746356	-1.1546227	0.66890499	1518.3734	17.098601	3.2710688	0.55224495	0.060272704
54	0.72515291	-0.7930364	0.29642738	17087.605	91.768602	87.898264	-0.047969375	-0.24260362
55	3.6719067	0.20886518	1.0533389	4162.4576	43.627425	42.540747	0.11140798	0.063075715
56	4.0918634	0.95638553	0.67038992	6241.8755	59.948063	28.502081	0.099459801	-0.0118341
57	3.2130478	-1.008214	2.4053838	1618.8051	36.68483	11.303977	0.039290205	0.038912576
58	2.8135691	0.5885328	0.63436937	2478.4446	37.2109	14.138068	0.11658618	-0.085631567
59	5.0305726	1.4421111	2.2938178	2202.2438	13.375149	12.781495	0.004967515	0.16292792
60	0.96535827	1.405876	2.6485628	310.88511	10.572492	9.3830824	0.2138033	0.18280721
61	3.3061097	0.24480191	1.1386102	9478.0852	80.428513	73.793459	0.058777017	0.17539307
62	3.9207928	1.3125828	0.57731382	8546.6996	149.62226	83.789943	0.030071568	0.30173037
63	3.1504563	-0.31338752	2.786711	5318.5909	58.807637	54.248231	0.0055610468	0.0031386758
64	4.54641	0.2090363	1.2068097	2507.6764	14.754494	14.589449	0.00058521124	0.43208053
65	5.9676174	0.60324529	0.50822698	1447.9878	59.975005	18.999081	-0.0047589178	0.00077834401
66	0.22270614	0.70805593	1.8320307	920.22462	10.304013	3.3031508	-0.085412804	0.17944702
67	3.6301091	-0.48680528	1.5330649	2388.2327	64.766712	48.981908	0.14242141	0.5588955
68	1.5798413	0.98655656	2.8180838	14317.075	96.165515	90.8031	0.19811254	-0.08389781
69	2.1300433	0.37971655	0.79373039	3495.4352	59.434722	56.192708	0.098003859	0.024100417
70	0.10294539	0.85642553	2.5697558	1519.2254	12.581891	11.800483	0.0016809209	-0.053580255
71	3.3950243	-0.33706707	2.3010108	664.29694	25.832377	10.900635	0.00071647439	-0.05878739
72	2.4084685	0.086911397	0.26154381	392.96024	2.9975723	1.357018	0.0026290028	-0.039892901
73	6.244504	0.16734355	1.8054758	1177.9423	12.831723	11.199839	0.064062568	-0.084833991
74	3.7988392	-0.45573984	1.974789	2150.4525	57.472006	47.696447	-0.27298079	0.099641141
75	0.59251636	-1.2848864	0.045897956	2572.8758	13.75377	12.694414	0.11629173	0.45553125
76	2.848723	-1.151768	0.49390556	7146.592	77.138504	55.999199	0.028943661	-0.0024888194
77	0.096313154	-0.5208058	0.67685908	1052.6255	12.729861	11.586344	0.039059773	-0.00099917337
78	0.83633254	0.53932123	0.96249459	9288.0472	226.21419	225.52078	0.36604909	0.093882468
79	3.5413624	-0.16694084	1.4356485	2567.0906	53.946679	51.785317	-0.024000402	-0.12025846
80	4.9203844	1.129304	2.4169351	7420.6794	69.004924	55.056553	0.15788274	0.18255622
81	5.575625	0.60180714	2.2818349	2205.7031	18.914861	15.318765	-0.3269812	0.0029134021
82	3.6029505	-0.86447741	2.8300176	2740.5716	14.628476	12.828339	-0.093988118	-0.018039443
83	5.2292108	-1.089742	0.72058641	8507.5579	44.887191	41.966023	-0.031749717	-0.024652435
84	2.0413923	0.99141729	0.84020526	3127.0626	38.149611	31.911179	0.12989679	0.029953976
85	5.8493326	-0.054763019	2.7044718	1520.0662	10.067809	8.9464743	0.10422572	0.091934773
86	1.6187509	-1.2082629	2.241285	794.30353	28.996881	22.987265	0.073689167	0.025726662
87	2.2987218	-0.66782778	2.2454705	794.51879	6.8441408	3.0519187	0.014896645	0.23358581
88	0.71179619	-0.57124169	0.43502244	2676.035	13.564268	13.559921	0.1296779	-0.061220211
89	4.5086043	-0.18030863	0.76511777	6893.6408	77.95209	77.25856	-0.01881133	-0.0076585753
90	3.3135728	0.72209747	2.3516611	1666.9667	12.331008	9.4414246	-0.38049588	-0.014191264
91	4.28981	-0.59965259	2.3022525	5620.1501	66.08575	54.141059	-0.01681113	-0.09404028
92	5.2420045	-0.70198515	2.0292047	10586.926	81.481968	76.601171	-0.025204492	0.089076718
93	2.8306436	0.19983041	2.6879702	1148.3628	4.7394072	2.2093422	-0.36258784	0.015863983
94	0.52804329	0.78690536	2.1083644	4124.1137	53.974915	47.168938	0.07525187	0.31793552
95	4.2690116	-0.061137693	2.7058954	456.40185	2.7655531	2.6960329	-0.19385608	0.092537624
96	2.379602	0.1239558	2.255562	2883.5999	52.199356	13.601245	0.26391946	0.057256235
97	5.3307909	-0.60343408	0.34666124	2164.8167	23.859175	3.9299772	0.04234258	-0.062539153
98	1.3344357	0.88185332	1.6413931	1956.7891	42.624931	32.901336	0.13217146	0.42523144
99	2.7799187	-0.71642272	0.60879597	6737.6624	73.409224	59.532189	-0.11764735	0.034982355
100	1.7616645	-0.23895613	2.7726104	811.37464	10.042235	1.5344678	-0.17527514	-0.13115411
101	1.786631	0.68409147	0.40715415	1364.9049	22.35048	11.425484	0.015817692	0.049029435
102	6.1355734	0.90090942	0.47888639	9996.0836	91.954059	77.865053	0.1176694	0.74683081
103	5.2863103	-0.37059653	0.4837616	2579.8074	14.543339	13.60494	0.12321167	0.0097738768
104	0.13958807	-0.9271967	0.95901775	1166.5644	38.87549	33.474538	-0.010304451	-0.042055956
105	4.8641515	-1.1185281	0.66906745	874.3783	24.573402	1.4468866	-0.056299073	0.183066
106	2.3531795	0.055067242	0.14395914	427.76013	1.5312264	1.3951894	0.028238184	0.31576141
107	2.7569914	-0.021537569	1.4348569	5732.2045	55.935823	53.368511	0.098921697	-0.12820937
108	6.224693	0.019906831	2.8424427	4842.0091	47.557011	15.382604	0.0099751568	0.0006570513
109	4.2703887	0.87247801	2.2879091	1621.9464	27.58809	4.820787	-0.038654963	0.49835828
110	5.964818	0.34912215	1.9803231	3836.3166	55.919222	38.957732	0.052686739	0.046975288
111	2.6856099	-0.21924448	0.71738469	5141.8555	46.905536	46.450488	0.0013639656	0.10150575
112	6.0119545	-1.1535771	0.14941762	1195.1885	10.38476	9.60105	0.069422278	0.089171419
113	0.98078349	-1.0430924	2.5382067	1048.9732	38.672844	33.79693	0.27874504	0.15727522
114	2.4539329	0.58655723	2.2651801	16129.063	123.53028	92.0154	0.0038747853	0.11253044
115	0.6196037	-0.66642769	1.8497836	1495.7946	12.372067	11.81641	0.034867096	-0.1542157
116	4.6016685	-0.43314576	2.5337191	974.72203	10.405659	9.9495965	0.11509866	0.0024696494
117	3.6437136	0.6769452	1.0434226	2073.6646	10.506053	9.7579362	-0.0060501325	-0.10399789
118	2.5943416	-0.36740041	0.58788169	408.31959	1.5348064	1.366246	0.019148582	0.11001364
119	4.7637659	0.090179224	2.9063563	2625.2082	33.018048	27.00368	-0.021461594	0.00017931799
120	5.3373964	0.1944663	2.1127356	80.396756	1.4174553	1.4008042	-0.017339498	0.30429123
121	5.6967739	0.28608051	0.4561375	945.26738	10.916471	1.3864944	0.0054224301	-0.076287214
122	5.7311327	0.79517612	0.80954091	622.4622	12.132355	10.212893	0.079025905	-0.093548965
123	0.4780422	-0.78741817	1.5281651	2825.8206	49.924119	45.300876	0.035252789	0.034204102
124	4.386071	-0.16412616	2.855825	7175.141	93.470137	60.278084	0.21909495	0.11699079
125	0.9531866	-0.64047674	0.32604278	8113.1277	71.70548	68.937149	0.097831054	-0.4856495
126	1.0227981	0.015968877	1.7553742	598.06871	11.569282	10.336131	0.016292994	0.089611353
127	4.7230312	0.23164605	1.1750534	1181.9813	12.883748	11.662027	0.050274093	-0.021474567
128	0.20515139	1.1293232	0.9209096	2079.9392	11.658358	9.0822662	-0.023040017	0.049452254
129	4.1117304	1.1776959	2.6930017	400.26372	9.4459729	1.5154122	-0.016745948	0.13618736
130	4.8158785	-0.38728304	2.9822675	795.01775	1.754495	1.7359072	0.23061185	0.016634608
131	4.7244838	0.055420077	2.6755138	370.26016	1.6698779	1.230261	0.032969264	0.025975407
132	1.3956603	-1.2660667	2.9460804	887.8078	10.158804	9.1572571	-0.12533528	0.063085222
133	1.7241876	-0.72386642	2.2064931	4204.3684	75.010724	59.969652	0.28417257	0.12887599
134	3.8343213	0.38780327	0.37080351	8619.1938	86.38971	59.685928	-0.21601502	-0.23884916
135	4.1489111	-0.38506669	2.1416898	5753.4753	67.167642	62.363228	0.055978062	0.27095667
136	4.48209	1.1886297	0.58590095	9812.6735	141.77589	96.237344	0.0036553481	-0.054657714
137	4.6484458	0.3994863	0.98852277	333.96353	11.925464	1.5174226	0.046943798	0.056774669
138	1.4484263	-0.63576369	0.93861788	522.27023	5.3669872	1.8881769	0.021394	-0.013200206
139	6.0466993	-0.36310503	0.52853029	1006.8918	2.0509413	1.9249567	0.014338323	0.26295389
140	1.3324137	0.7934745	0.36663142	6255.0377	42.915342	42.047845	0.04878186	0.067055914
141	2.700522	0.03093389	1.1259038	1779.6997	18.745544	12.589554	0.093760607	0.020115702
142	4.5066651	0.64139551	2.3743805	790.28345	3.598602	2.0705608	-0.0003031866	0.0024866563
143	5.1640168	0.58174114	2.4616861	4415.1767	18.070075	13.748937	0.0049769911	0.15186388
144	4.7860584	0.68903642	0.77036909	461.21386	2.7534949	1.3361505	0.039301005	0.074463933
145	1.5640102	-0.90892847	0.73159262	7593.6577	72.531335	53.304229	-0.048234291	-0.20514274
146	5.5926398	0.73130971	2.8819716	2824.7815	55.429214	45.999048	0.04270903	0.047594648
147	1.3074699	0.78427695	2.4825561	3414.0757	57.351989	47.802971	0.36439143	0.11412142
148	3.5249267	1.3038319	2.9377673	7125.3956	61.328279	50.894241	0.018546706	0.20137841
149	0.69248865	-1.04349	1.7904534	989.89301	32.743199	32.469479	0.079050244	0.0024271692
150	1.6052656	-0.19807812	0.80402006	1646.6937	24.154203	11.490328	-0.13474328	0.25145516
151	1.4542644	-0.36125734	0.43212569	7392.3649	65.432889	43.085483	0.046602222	0.038685534
152	6.0422185	-0.82245846	2.5673898	804.92063	20.09635	10.46842	0.35435429	-0.017345265
153	3.0608573	0.70943968	1.5734348	368.93708	9.5284586	2.2704749	0.027557515	0.35352118
154	3.2677217	-0.14410022	1.0491281	8495.3499	127.23307	68.287232	-0.0025640895	0.27857591
155	2.4496968	0.89762344	1.0225802	2253.9032	37.855286	35.363031	0.043874695	0.054562825
156	3.1244503	0.86260888	0.46937215	3810.3079	17.735989	16.581901	-0.10469379	0.56213919
157	1.9608721	-0.84559463	2.6417954	7718.2915	70.630594	69.764188	-0.0021107763	0.046699557
158	5.6612145	-0.56394266	2.0498985	900.21509	32.632959	24.984954	-0.05534376	0.18230786
159	5.1596691	0.88966503	1.0944212	6528.394	70.370267	69.238198	0.21154893	-0.1542033
160	6.000429	-1.2487446	2.6587759	11094.69	211.70933	184.25875	0.21305917	0.025483421
161	0.33961369	1.1027355	0.70163957	1004.5458	10.749202	1.5163142	-0.10197321	-0.053992097
162	0.028882786	-0.18101447	0.77066597	8575.5175	99.752261	78.944857	0.028549068	0.13088735
163	4.6928648	0.19545063	2.7567484	1031.4983	1.6186603	1.5862279	0.12176965	0.20227826
164	3.7539149	-1.1841494	3.051582	4562.7144	40.489446	30.503259	0.01164386	-0.0029936429
165	5.3942362	-0.75930781	1.1613845	107.25431	1.9228137	1.8889202	0.030087541	0.059172252
166	1.8693834	0.0037570918	2.3829819	1531.8627	36.158358	12.910219	-0.00087953638	0.46381423
167	3.3065091	-1.2700703	2.9898424	3871.547	61.440836	57.635012	0.0402101	-0.13159164
168	3.1738642	0.30466106	2.9351265	8673.7319	85.132752	33.642444	-0.28683364	-0.058608214
169	0.28227043	0.68798306	0.8975477	1302.2634	11.69988	9.9853028	0.20318716	0.034060601
170	4.9866342	-0.046079493	2.3925642	297.23928	2.4522397	1.4433368	0.00044022103	0.090687448
171	3.9451491	-0.19587926	1.1784079	1452.3292	37.375122	20.612784	-0.15223701	0.031262474
172	2.9154633	-1.2719421	2.9216897	14210.729	97.237785	79.701256	0.066274098	-0.016470553
173	4.4888335	-1.3448664	2.3610273	2435.5796	13.814847	13.624244	-0.090352611	-0.20600481
174	0.22181978	-1.0038999	1.7644685	387.8762	1.8341876	1.3483926	-0.077675903	0.13390266
175	2.7140325	0.092411902	1.1113036	2743.4473	63.388855	39.926517	-0.1277832	-0.13216293
176	5.985841	0.25335509	0.77592162	5355.6617	80.979225	57.315587	0.14907385	0.11703294
177	5.2095994	-0.74076881	2.421429	2087.6195	12.925769	11.57602	0.00033948051	0.010240847
178	3.576747	0.24868123	0.78596362	2321.974	14.759266	13.37653	0.043565852	0.01874793
179	0.64996012	-0.53496933	2.6347221	1898.7292	14.630909	12.637529	-0.1075473	-0.096519033
180	5.4521758	0.068163852	2.396205	6556.7382	105.04515	82.793507	0.029508956	-0.010005764
181	4.8698891	-0.9280047	2.4997619	2552.0033	21.348905	7.9317428	-0.096170258	0.02812193
182	4.2856302	0.19900397	0.53685295	4172.0451	115.20295	75.148341	0.018457931	0.12770238
183	4.5151625	-0.89700414	2.189655	2508.0722	13.855758	12.535538	-0.26442628	-0.00044211321
184	1.4688478	-0.43417651	1.0452519	1427.9562	14.791667	11.524298	0.047935367	0.36669261
185	2.7203896	-0.31820692	0.11154398	2737.3217	43.607736	33.248044	0.0013899926	0.028095863
186	5.3463629	-0.30414156	0.87763539	7109.5932	99.872291	62.865329	0.04875968	0.14996778
187	0.33978415	0.13406128	2.5756882	1096.5272	9.2725644	1.4942765	0.0052034513	0.12120961
188	3.5572758	0.25992832	2.8506437	13324.721	157.11369	92.288526	-0.047812282	-0.24227393
189	6.1277665	1.3902078	2.5115069	1799.109	12.509606	10.163499	0.081835501	0.3225173
190	6.2300167	1.1344083	0.52365786	1008.3049	12.807307	1.3914902	0.19932124	-0.16752364
191	5.3009943	0.73230499	2.1752874	590.71524	2.7194446	2.1393144	0.16332681	0.011349183
192	0.37023033	0.48648477	2.58774	13202.311	187.08637	93.820073	0.24267902	-0.32130676
193	6.1558827	-0.58467318	1.5253454	6289.5071	80.222555	60.997463	0.03624505	0.034694047
194	6.2169637	0.84457272	2.8564376	8815.2309	73.188095	69.497317	0.028305063	-0.21484332
195	2.7528401	0.73463636	1.0630554	3434.6376	56.370584	39.79633	0.38544973	0.13483932
196	3.2020658	0.56797975	0.28368624	2656.0075	13.575595	10.946098	0.040840855	0.13217557
197	4.8987996	0.52525579	2.2858707	4204.5242	39.999387	38.906502	-0.041822314	0.20446796
198	2.9468606	0.55923821	1.0173153	3601.6815	28.564087	11.579697	0.16704622	0.096329432
199	0.85922384	-0.91662939	2.0270559	354.15135	3.5749215	3.5685838	0.038203958	-0.0075774903
200	4.2053399	1.2213858	2.4074759	2111.7181	12.095883	10.94586	0.034194077	0.081359579
201	1.752992	-0.43902592	2.7316376	11125.208	86.071711	81.309214	0.062378389	-0.016248059
202	5.9655424	0.79576011	2.6119024	8299.8059	88.291426	59.396774	0.13190527	-0.070259404
203	1.9603628	0.20258853	0.507378	873.42761	38.176796	35.309398	0.00070495683	0.068805704
204	2.1469634	-0.31715969	2.6819423	4649.8641	18.11398	15.382543	-0.093266358	-0.17729414
205	2.5839529	0.57273647	2.8458794	272.01842	1.3807561	1.3258574	0.28276836	0.020333751
206	0.25580367	-0.23929939	1.0680839	4065.1807	54.491638	49.255764	0.10644341	0.045244006
207	2.8824834	-0.18194166	2.6717784	1162.3772	9.660932	1.8257152	-0.0030553586	-0.018076467
208	3.71399	-0.83775196	0.42469078	5696.7908	65.804087	55.079035	0.10351242	-0.012332296
209	1.2494087	-0.65017802	0.67286493	338.4164	1.366839	1.34019	-0.014814902	0.041345789
210	0.033814742	-0.65855387	1.4639607	636.97282	9.7558812	9.2815692	-0.046459783	-0.055189352
211	3.830283	0.24040831	2.468018	565.85188	9.1195119	1.6579861	0.49978697	0.015635639
212	0.40955564	0.078493032	2.9782042	12116.197	76.524851	70.787422	0.060519856	-0.0060712962
213	2.3893545	-0.25865662	0.63523167	1773.7727	12.947261	12.118255	-0.12876139	-0.37407926
214	0.78230303	-0.84910351	0.82161027	969.83099	8.0443071	2.657842	0.14380033	0.10761527
215	5.6849784	0.34444741	2.7051953	933.02942	11.594625	9.5875212	-0.30191035	-0.0058874124
216	1.8755498	0.22965951	2.2566562	982.42284	22.83781	10.333356	-0.026843081	0.20333114
217	1.9916698	0.32757721	0.9034912	1804.6342	23.066372	21.897126	0.10697187	-0.022123621
218	1.8068289	-0.67049792	2.3014713	1486.0208	57.787731	51.769985	0.040422903	0.15083463
219	3.9413858	-0.82514621	2.3720705	2621.9811	59.314262	15.167044	0.17679504	0.02097098
220	4.5870562	0.061154204	2.413862	802.85576	13.087632	1.3750622	0.23225697	0.11639676
221	2.2179172	-0.86974764	2.4979626	8181.5286	63.867203	53.682055	0.1719776	-0.0098658028
222	0.51370324	-0.33101126	0.90715398	8843.2483	78.899236	69.42878	-0.06542024	0.10485267
223	4.21599	-0.73814667	2.5067918	9592.5442	73.316158	55.367446	0.0230073	-0.012614265
224	6.2318731	0.11164973	2.8104455	6266.8845	55.873458	40.447214	-0.21881398	0.1712446
225	3.3895393	-1.0321774	0.48062619	2195.3124	20.872817	11.629511	-0.039781677	0.058060253
226	2.9124411	-1.124759	2.0826885	689.65548	12.625927	11.426697	0.1413283	0.091972822
227	1.9339128	0.67520258	2.4848932	1256.2711	33.008141	23.091462	0.13403605	-0.0084913611
228	0.99323381	1.2140767	2.1982369	5598.6646	105.10772	53.185728	-0.037827218	0.0096620117
229	2.4041229	-0.2547009	2.3868201	532.50316	2.9195348	2.1721245	0.093087477	0.077692293
230	2.5990805	0.73899551	2.3552031	9317.6243	132.82278	126.26105	0.022030071	0.030936338
231	4.9959681	-0.97762016	0.77981558	3904.2338	67.831679	56.294017	-0.27298079	0.099641141
232	0.18896391	-0.30689127	2.6529711	5764.1682	157.68451	66.708735	0.061742485	0.19013745
233	5.0248832	-0.70301121	1.288566	1878.8053	44.435194	39.426368	0.029500792	-0.10940523
234	2.4945386	0.40032253	0.20799395	9506.5369	77.53901	63.747152	-0.15114655	-0.034660752
235	3.3109261	-0.10375101	2.8659604	859.74497	12.254135	9.004756	-0.14244293	0.31950044
236	5.1142385	-0.52448054	0.99650997	2282.8255	126.10383	98.603663	0.21782094	0.092163829
237	5.0299887	-0.97254831	2.7485366	4377.8839	15.136339	13.62938	-0.065667965	-0.21475954
238	4.5429667	0.35025188	2.3450074	1282.8148	16.772357	13.852609	0.26373502	0.03467773
239	3.5778426	1.2221838	0.81351502	3059.9423	36.042099	35.583942	-0.015988882	-0.065355724
240	1.9447457	-0.49472089	2.5847512	64.524305	1.7869483	1.2705575	0.24810473	0.077883107
241	1.4351769	-0.36110157	0.90201167	1382.0858	38.978846	33.888863	-0.10963715	-0.016664011
242	0.85334874	-1.1215797	0.38654453	2534.0465	13.751113	10.726665	0.0014815056	-0.047190827
243	3.4012173	0.43611604	0.50179812	2671.5192	40.948869	11.131101	-0.25523139	0.04650347
244	4.3825419	0.16565	2.0669091	459.32908	10.511836	9.7305508	0.0025159642	0.30341973
245	3.2766243	0.17193163	2.2850471	850.08881	10.007932	9.0599004	0.19978899	0.087402079
246	4.310392	1.0578254	2.6784226	1453.6107	11.999922	11.607331	0.032453101	0.007417649
247	0.56202278	-0.30753705	2.4951856	2922.2401	18.018997	14.729666	0.13386171	-0.36139364
248	3.4945125	-1.3100562	2.6975199	13050.635	216.84749	202.053	0.11130984	-0.052072319
249	4.8161088	-1.2955216	2.4875824	228.9391	1.9717985	1.4940152	-0.081968162	-0.095244699
250	6.2726709	-0.88414897	0.82214816	1803.5099	11.317613	9.2249879	-0.00047526681	-0.021216141
251	4.2868555	0.64245246	0.55080693	13396.811	55.238317	53.945618	0.15871379	-0.1307369
252	0.74475017	-0.60936943	1.7805386	1969.2544	48.89546	43.008671	0.0044614335	0.047998551
253	1.5604274	1.2422696	0.68478965	545.97875	3.0666131	1.558686	0.096177277	-0.025076669
254	5.696559	-1.0534576	1.9375305	3211.7676	43.262752	14.67457	-0.11364911	-0.10533896
255	2.9079993	-0.31717821	2.2326279	1298.6855	41.800608	12.17731	0.0076273187	-0.1331303
256	1.7147925	0.65770688	0.38070455	4980.4166	57.310502	28.825449	0.027946872	0.013173277
257	0.20320466	-1.1140683	2.5441607	4115.9988	25.855198	13.949069	0.0078787738	-0.0037469304
258	3.2733793	0.86759756	0.93113144	1582.3233	12.953228	12.571713	0.19338334	-0.0038640591
259	0.61230462	0.64064238	0.35073974	328.85863	1.6597114	1.5315325	0.1035494	0.25307757
260	4.1832452	0.9155196	0.53731551	1768.9947	14.452284	3.4206453	0.0018791112	-0.038491109
261	4.7798131	1.4328978	0.84402131	1145.4647	11.25831	8.8192906	0.16266474	0.041756709
262	3.8524885	0.72562664	1.5578415	1347.5702	41.711246	40.335107	0.19170885	0.026586284
263	5.3976868	0.49031711	1.0495639	394.49901	1.9147667	1.5458355	0.19213408	-0.02984957
264	3.4682114	-0.77643936	1.5463536	2516.8854	38.564489	36.345328	0.025869093	0.0054544823
265	2.9648328	-0.97171745	1.0375043	1532.1715	11.001514	10.186021	-0.14410453	-0.22909693
266	5.0622325	0.84875462	0.9464866	4773.6837	74.022878	66.519773	-0.0075132346	0.00034003068
267	1.8071213	-0.37302196	2.9459933	1114.2514	9.575334	3.8436743	0.092710271	-0.10814424
268	2.4081606	0.28341909	0.79452654	2413.635	24.644345	12.638602	0.20032577	0.17375409
269	1.5417001	-0.59545035	1.2272341	1243.8588	25.393549	17.511439	0.048649896	-0.1529873
270	2.2779446	1.4876526	1.1307909	1878.4253	14.195073	12.090089	0.016574308	0.017056569
271	1.0356613	-0.55753584	1.0089122	5330.2091	52.069403	52.00591	0.098192675	-0.052451192
272	1.0737703	0.83337379	0.22817979	1883.1615	32.232588	30.8013	0.17904258	0.0042815217
273	4.4900992	0.33904095	2.8636812	1247.3162	12.094152	11.167615	0.12858728	0.023301696
274	5.5748131	1.0463169	2.6177128	440.13082	97.367579	31.776512	0.15736833	0.14506081
275	0.35800956	-0.56252085	1.5464476	2449.4885	14.058958	14.03722	0.39346237	0.12850402
276	4.0540733	-0.79797525	2.6334675	3007.6066	27.318289	21.159534	0.095483403	-0.051906996
277	4.9583531	1.1131365	0.85148559	1637.4293	37.193149	33.897333	0.006133532	-0.29214508
278	1.5301937	0.08829681	0.33105021	1227.7094	12.921409	9.7664281	0.72365829	-0.15598376
279	5.7210596	-0.50750174	2.2720969	1770.5208	43.763017	35.055676	0.13267702	0.046683351
280	3.911793	-0.35988194	0.35990107	635.22601	9.3351289	2.5589975	-0.028333348	0.05535749
281	0.046198807	0.60329282	1.2237053	6239.3335	70.890131	67.39703	0.0094607872	0.025175548
282	3.1820263	0.80360618	0.47816366	7926.761	91.902372	65.301775	-0.004958805	0.0048945186
283	3.260704	0.38113107	0.22561865	2525.6577	39.058458	20.227222	0.1155502	-0.0021637769
284	6.2596143	-0.21556517	0.94159663	2565.5498	37.016077	36.56388	0.18525201	0.038585847
285	2.8546638	0.071368746	0.4101657	2828.9803	13.094024	11.44552	0.31686468	0.10566222
286	2.7486114	1.192453	0.60684177	955.42891	13.529802	13.140538	-0.10570439	0.0080383362
287	2.5461451	0.85092457	2.8412358	16598.202	80.244274	63.489291	0.15456439	0.057039963
288	2.7284764	-0.1937095	3.049122	1893.2	10.553754	2.4611496	0.21261117	0.1252474
289	3.4829313	0.59753761	2.9313987	663.5909	9.7279495	8.2397868	0.0071383799	-0.067318191
290	4.4282994	-0.1798959	0.57349225	1277.032	11.834263	8.4323305	0.078605777	-0.020412581
291	5.0432976	-0.29036121	2.6318122	949.3472	10.822084	1.6657413	0.050070403	-0.017683205
292	5.4918771	0.58298932	1.3476565	113.55107	1.2532492	1.2223674	0.13101844	-0.0050768329
293	1.8875744	-0.74754749	2.3684571	1554.3618	12.64936	5.8836874	0.0010893172	0.051614097
294	1.0095542	-0.11392594	0.93749885	1522.7733	12.216679	10.21986	0.099089615	0.25865146
295	5.9616427	-0.85571432	1.0730842	605.33796	58.605672	31.796414	0.090473692	0.17842525
296	5.1662848	-0.57020692	1.7333577	1723.7687	30.198959	12.370518	0.13152231	-0.059606457
297	1.8317857	0.88288424	2.6438004	1327.382	41.606957	30.909403	0.050069672	0.032798296
298	2.2389066	-0.33781196	0.56555901	1430.9522	44.519123	1.8167757	0.28393275	0.010686886
299	4.5001639	-0.091558574	0.39148616	4423.4027	37.748651	17.034528	0.13673356	0.17838729
300	0.0075715341	-1.0562929	0.5493295	817.74403	1.5355709	1.52139	-0.032193775	-0.15196902
301	6.2784878	-0.56067806	0.46011613	8267.4437	185.73391	61.508122	0.20600217	-0.17612794
302	0.10229109	0.57890338	0.98521448	3753.6682	56.354669	44.07878	0.32989223	0.20642892
303	5.7463663	0.35301868	3.011997	6199.6767	89.334238	32.155044	-0.015458874	-0.069681027
304	4.9686046	-1.0655404	2.2929421	1457.9152	11.692027	11.163438	0.10202474	0.038492662
305	0.4837639	1.0817276	2.4303843	4405.683	66.507328	54.058898	0.19799466	0.13635234
306	1.0225255	-0.16437142	2.0100081	1885.6804	33.293966	22.695885	0.010536657	-0.042706614
307	0.58497306	-0.34198327	0.40741627	2456.1625	12.982986	11.986484	-0.47973432	0.088392905
308	4.8802343	-1.1784486	2.8880362	12381.179	79.652613	67.056657	0.015716727	0.01982738
309	5.8017966	-1.0031065	1.7980862	675.63495	10.997617	10.680599	0.079162809	0.34528404
310	4.1686815	0.45804165	2.4972894	2150.3378	12.20987	10.189772	0.040728175	-0.16767499
311	2.83849	0.92065832	1.3269116	1458.5958	20.25428	12.558519	0.070524994	0.37670017
312	5.065619	0.48839916	3.0973429	2027.5115	13.592786	10.475278	0.06912687	0.32586742
313	2.6168888	0.47624437	2.0667969	165.04264	1.863216	1.3577334	-0.027508606	-0.066666962
314	2.0137616	0.39118445	0.37948736	1132.3539	11.534188	11.009952	-0.13557806	-0.202476
315	5.0216539	0.54829743	0.40002275	1811.9772	54.911937	21.618339	0.0010662633	-0.0027479534
316	4.0458562	0.71160568	0.85333796	2096.2626	14.486514	12.671299	-0.036773563	0.015297591
317	1.9847734	-0.43976246	2.2171444	578.30767	13.548284	11.611814	0.029669254	-0.045491984
318	4.5268379	-1.1055224	1.2257691	1399.3307	51.636138	30.186373	-0.069221016	0.12646009
319	5.7411583	-1.1560175	1.7369263	603.38644	23.190874	9.8412693	0.020570582	-0.0048335399
320	5.3533401	0.90931556	0.51214172	18290.248	99.941355	85.687836	0.47127284	-0.034808967
321	0.8400097	-0.64280034	0.43400158	4883.6726	67.322084	66.870235	0.14576278	0.023479332
322	6.0192082	0.32579276	2.8140762	4464.2362	14.949559	14.806078	-0.05958272	0.050617805
323	1.7943525	0.96048384	2.9429755	3813.3277	45.852632	37.750581	0.24153946	0.054982457
324	0.083788827	1.1713533	1.6727095	1620.8511	10.713774	9.2872274	0.28338714	0.13063051
325	0.21853709	1.1257725	2.6713815	1115.1766	10.314489	2.4962874	-0.071806066	0.065279747
326	6.0589001	0.31609876	0.24067346	8403.2377	75.786999	41.991098	0.26535193	0.061574946
327	3.7181959	-0.23189884	2.3385679	2098.478	12.83429	12.804815	-0.076281269	0.06011394
328	0.43564398	1.2644391	2.6160805	3732.0211	28.476391	13.943797	-0.098438337	0.0036394955
329	4.3598673	1.0173986	0.86462028	6352.0536	47.428732	41.023615	0.014594779	0.016938908
330	3.4673202	0.6505561	1.7609016	2446.9466	47.405704	47.152761	0.037621203	0.6133309
331	4.4665121	1.5113202	0.46527255	438.6423	1.7244171	1.6252126	0.07835659	0.026022539
332	3.5914366	0.5435096	3.0924724	1213.4252	9.8829333	8.9174019	0.0087283758	0.12639915
333	0.047401044	-0.19865559	0.5630715	2203.2976	13.535345	12.451908	-0.0099702533	0.048824243
334	2.3545364	0.95296988	0.51816305	290.18136	1.3834408	1.3200644	0.037634966	-0.011824935
335	3.1426957	-0.087505062	0.78925215	8558.3802	69.802735	64.367221	-0.041243982	-0.021048081
336	3.6508687	-0.23979442	1.2073146	6028.6633	83.079299	63.880775	-0.017899672	0.03642045
337	4.5112644	-0.79986687	0.67625248	1734.7567	11.014723	9.7699788	0.11926238	-0.058830664
338	1.3200795	-1.0573417	0.8244217	3488.7963	17.39324	13.5349	0.26012219	0.37001965
339	1.6498345	-0.64702934	2.4530376	4922.5584	57.62111	48.194597	0.095508702	-0.13271269
340	3.4672691	-0.85035293	2.7682958	1132.155	40.303282	34.754291	0.23147074	0.4023265
341	4.923439	0.66977927	1.1363802	4489.281	52.493652	38.806162	-0.0035334403	-0.012108811
342	4.0064508	0.55932509	2.438276	433.44952	1.8607301	1.7438505	-0.055829334	0.24134733
343	5.8180405	0.1684631	2.3258983	278.5831	1.3278597	1.2396256	-0.06154835	-0.011476791
344	5.3649268	-1.3659825	0.80222492	671.47179	1.8607054	1.5019383	0.11728244	0.12198662
345	0.13819433	0.52349043	0.16069659	490.37379	9.6989224	8.3368384	0.51999832	0.26240423
346	4.035696	-0.82441588	2.7671291	2121.0627	14.37872	12.705693	-0.095843118	-0.066104221
347	5.9499405	-0.5677146	2.6785758	485.79646	2.6611105	2.0233079	0.058720522	0.051084551
348	5.759842	1.3222398	0.51433026	952.08724	12.89519	11.267315	0.22019922	0.03602357
349	0.46336527	-0.44175472	2.0985756	751.87999	10.521588	10.363937	-0.080787303	-0.032546195
350	4.1267191	-0.39253286	1.0204712	786.28306	12.034075	9.8767297	-0.0073332177	0.11587935
351	2.0797722	0.70536503	2.5710667	1947.7004	25.426549	22.792837	0.003550465	0.18059411
352	1.2659781	-0.10013584	1.3986018	3207.944	81.959871	56.069934	0.010124117	0.12627172
353	3.7334975	0.94447794	2.8060581	2040.9401	12.997657	10.032935	-0.04426936	0.062401323
354	3.7728814	1.2463086	2.9269078	2679.339	24.914643	12.917092	-0.046435775	-0.0061377197
355	0.82522994	0.78080811	0.86207283	4769.4588	49.727183	31.519095	-0.054363621	-0.16287836
356	4.1664067	-0.79692191	2.7465848	5678.1173	55.86916	38.197415	0.17147456	0.010345343
357	2.6884384	-0.61425393	0.52631538	6186.078	16.848822	15.173419	0.038132783	-0.1964991
358	0.41372926	-0.83002402	0.63292829	4166.4899	15.283867	14.91141	0.090715664	-0.043371427
359	5.3299151	-1.182042	0.67813837	2443.8088	12.285804	12.054247	-0.18298975	-0.0028817644
360	5.3307503	-0.71004236	0.9101807	3341.4648	15.008918	14.422308	-0.02219243	0.01695029
361	4.514156	-0.7876777	2.0662059	2574.8498	14.13645	13.512049	0.26421435	0.095945958
362	2.8919411	-0.34171073	1.1856726	2578.972	51.804246	47.152059	0.11587512	-0.049633139
363	4.4490413	-1.117075	2.6960666	4147.3642	16.593495	14.435366	0.14201161	-0.008787243
364	4.1769353	-0.80096233	0.80724223	2595.6261	39.679094	27.673485	0.046765896	0.11443994
365	0.52530523	0.70466557	0.17351252	2433.8372	20.567718	11.747949	-0.072536219	0.13858718
366	3.143699	-0.26866687	0.70167833	514.90673	1.73053	1.3370375	0.083943673	-0.14310906
367	5.41395	0.87584281	1.5995713	12256.234	119.40859	93.069494	-0.007188232	0.046496846
368	1.5746894	0.28869413	2.1833689	693.1132	9.8546849	9.013124	-0.0052971709	0.096499305
369	6.0411042	-0.085037331	2.865214	7731.2883	75.138558	72.297438	0.050328816	-0.0012008403
370	3.2573062	-0.11583764	0.91725362	3310.6505	34.308334	33.268178	0.013660204	0.19811456
371	5.5770734	-0.87151446	2.4687739	247.84204	1.682863	1.444394	-0.090356361	-0.044454488
372	2.4568606	-0.69560507	1.2903547	410.429	11.890281	10.177809	0.53262364	-0.020476739
373	4.7507365	-0.98152974	2.7829135	7618.111	50.485154	38.082654	-0.017084314	0.22676955
374	0.85870134	-0.28289269	2.0266842	4431.9519	100.1786	61.933738	0.14355762	0.035743387
375	1.3224063	-0.13337493	2.5047622	1641.6607	54.862844	1.6170901	0.22777065	0.0040535844
376	4.2088196	0.79078798	1.9190263	2729.295	38.715829	24.856486	-0.014419185	0.0014662744
377	1.1939241	-0.7995194	0.87595614	5239.8831	42.555822	35.972105	0.3853254	-0.0069002003
378	5.0041261	1.3916331	1.3456051	4421.4072	91.679094	53.108365	-0.47105362	0.12668833
379	1.011469	-0.17408139	2.5619505	843.69242	1.9395414	1.8790379	0.065392144	0.18641407
380	1.2447544	-0.22823967	2.2947819	424.91677	10.282151	2.6229264	0.20275786	-0.050923093
381	3.1695342	-0.29969188	0.27127156	333.60974	9.5645814	1.8499885	0.17012382	0.093757005
382	0.026519154	-0.0047922917	0.83594007	1000.8604	8.2584431	2.5003953	0.3258182	0.052546039
383	4.879349	-0.87526753	1.0518043	6918.4795	78.830062	69.760869	0.15283608	-0.0042619463
384	5.4908402	-0.6737312	0.4143419	4569.619	34.793558	13.056255	-0.17221177	-0.06150932
385	4.5402292	0.67857915	0.54611894	6359.5901	61.71373	56.627045	0.029281538	0.0062466565
386	0.88703221	0.43816993	0.75797817	868.74364	13.260137	10.221592	-0.094834817	0.037735536
387	4.7753403	-0.79200228	0.67892553	6278.1975	86.232827	67.968554	0.0005136233	-0.016568721
388	2.7997231	-0.091128775	1.0960067	4695.9547	62.605746	44.135822	-0.24544493	-0.24238501
389	1.5307664	1.0476795	2.6346606	1436.6792	11.883117	11.578296	0.026678998	-0.26606665
390	3.5518965	0.65717435	3.0211558	3999.4132	16.257267	15.24405	0.065300393	0.022109936
391	1.9610587	0.36881197	2.2291221	1031.2106	10.703135	10.565376	-0.28265125	0.11294799
392	2.5690102	-0.67681958	2.281128	4354.8191	20.638137	16.293284	0.0025728426	0.00537275
393	0.30862417	-0.61808439	2.7961012	3896.5427	100.04349	58.453758	0.16286546	0.10963474
394	3.2829218	1.3039168	1.8136245	2719.5249	42.216661	28.902757	0.1741602	-0.0056028599
395	3.8766427	-0.006538878	1.0003605	1213.9107	9.6975887	3.8319587	0.01216189	-0.017115417
396	2.0190078	-0.35121581	0.78449673	2140.3833	29.047823	27.704557	-0.12528004	0.067054899
397	4.0461551	-0.12026435	2.6259754	1496.4462	13.024205	9.683144	-0.23227752	-0.13502599
398	4.4157576	0.2028663	2.5068485	931.37076	16.484414	11.227413	-0.026713828	0.0085159251
399	5.4402539	0.50745755	2.3896553	875.77255	11.352906	9.1038628	-0.32810625	0.10530985
400	5.3460198	-0.23897365	2.9176537	2843.7456	14.820478	13.4818	0.092908504	0.090474596
401	0.24342238	-1.3063225	2.6297081	2787.3128	38.499089	31.976033	0.034921149	0.3497772
402	3.7345485	0.21962991	0.48011453	781.85384	10.876431	10.714347	0.008943939	0.24496889
403	0.043890945	-0.31681132	3.0516714	17765.857	88.924119	87.65951	-0.049445512	-0.088474191
404	2.8640081	-0.51006231	0.69426137	1724.9721	2.6746272	2.5317757	0.12168708	0.065891372
405	4.2350314	0.58593632	1.8646215	4469.6451	62.451605	52.309874	0.38823811	-0.028069636
406	3.8658154	-0.50312504	2.5243469	3846.5253	43.462523	41.039365	0.002211524	-0.15518674
407	0.49425428	-0.27872384	2.4760497	324.97039	27.72836	9.7913023	0.2202931	0.00018288878
408	2.7591152	-0.52819453	0.71783405	1863.7026	11.710193	9.6081461	0.30436708	0.11667949
409	2.5555144	-0.7642006	2.4911403	8547.9406	68.317779	56.469756	-0.034084639	0.06181839
410	4.4988469	-0.22742186	2.1587308	1109.755	26.306044	20.137069	0.021026819	0.29435251
411	3.7380889	-0.079525145	2.4714739	9681.3206	102.8986	58.006214	0.023286021	0.049938331
412	2.9150339	-0.98779911	0.88389159	798.45723	12.710684	2.1337434	-0.067769787	-0.15078129
413	2.1565047	-1.0587024	1.269181	961.45621	22.342338	9.950597	0.28776062	-0.059130273
414	0.12728336	0.42708612	0.15337759	1292.2989	10.952951	1.5594108	0.17222049	0.18682749
415	4.6929644	-1.2154043	1.9058593	231.66837	1.7482794	1.318507	0.049942909	-0.0095467568
416	0.23402756	0.54771512	0.68246491	5571.3606	56.123117	47.74996	0.0026256082	0.023585621
417	0.70914356	-0.4898384	0.59036824	12060.723	94.444472	82.830122	0.01586323	-0.050305875
418	4.2491773	0.71321026	2.0278403	3917.6939	56.543598	51.875881	-0.0032377538	-0.0028489363
419	2.9611637	-0.20173684	1.4752566	3689.4128	57.459558	49.175685	-0.021456858	0.07341423
420	5.5457	-0.2806893	2.8120407	3274.0983	16.318305	13.257187	0.12550883	0.014622341
421	4.0231887	1.2433819	1.3824852	1248.462	12.197196	12.067999	0.13022763	0.062229062
422	5.1044055	-0.68593057	2.6000089	3570.7956	36.217118	15.414093	0.14592673	0.33540393
423	5.5779847	1.011232	2.8232563	3556.0655	72.837407	47.459241	0.12250217	-0.054586561
424	0.99299464	0.3905491	0.63031424	102.5078	2.2544701	1.2602892	-0.036770608	0.082390077
425	4.3071662	-0.71540193	1.8330854	237.58953	2.1858018	1.913946	-0.059403681	-0.010926448
426	4.5683898	1.1605125	0.9177297	2770.09	15.185128	14.741807	0.00025077159	-0.29435273
427	2.8775162	0.91038554	1.0485665	3535.5742	51.236207	30.452802	-0.007701677	-0.064326648
428	2.5872022	1.0611255	1.4648567	4051.2416	45.230629	21.746871	-0.016245328	0.12298783
429	2.2294591	0.48168293	0.2798864	7285.0351	69.846265	58.576035	-0.0079287671	0.015148069
430	0.51213167	-1.0849253	1.3568009	2383.0273	102.69862	44.740244	0.014656875	0.049781459
431	4.5719603	0.18239625	2.7323827	590.57211	1.4402112	1.3559334	0.057148721	0.075297256
432	1.7558174	1.2106504	0.79820242	4571.0835	87.729972	39.558381	-0.04665243	-0.0091054317
433	2.8755508	1.4214707	0.61107342	3558.1992	15.918803	15.075501	0.27964242	0.069016942
434	0.28004678	-0.19792	3.0959283	8326.2409	52.98899	39.640646	0.54480075	0.0021317217
435	0.26491013	0.31212682	0.069100812	1181.6244	10.668913	3.6413102	0.021268362	0.12315099
436	3.6212771	0.27891478	2.8482383	6214.9616	55.840323	19.425673	0.088123191	0.070829483
437	3.6996903	-0.45896152	3.0596637	1365.4781	11.669971	11.561475	-0.11332423	-0.13639343
438	2.4726894	-0.89003317	0.72008145	307.81493	1.82396	1.5083039	0.0024499755	0.06433692
439	5.2922417	0.52490542	0.22064868	11739.739	73.56028	70.971965	0.13654463	0.043586683
440	2.3319136	-0.24578845	0.84446245	324.35618	11.675531	9.6810873	0.3750203	0.15974484
441	2.7613357	-1.18741	0.23515207	1367.7008	11.247827	10.735955	0.0041917809	0.034577535
442	4.5175907	-0.88063045	0.5344425	4587.6395	30.912155	21.602001	0.071755138	-0.00019196615
443	1.7538546	-0.40332558	0.7074025	2932.9098	33.772263	23.349572	-0.026206029	0.67960012
444	5.3755684	-0.5124301	2.3974598	754.33103	6.1207497	3.4136839	0.0026184757	0.077863736
445	5.710239	0.24358993	3.0334561	872.53056	4.3847288	1.6937047	0.037792369	0.1987936
446	0.11583446	-1.1590406	0.51681261	1225.8022	10.36957	2.2379547	-0.017216622	0.13344877
447	4.4172833	-0.98376516	0.63619784	6056.3673	63.92167	29.241046	-0.07192463	0.031925777
448	5.6311707	-0.078159044	2.4528025	4153.997	64.039791	28.292565	0.0046811065	0.32625959
449	3.4742252	-0.98468065	0.56855437	3916.4425	16.214974	13.084771	-0.016223518	0.0076392815
450	2.8766941	-0.75313596	2.1709618	750.76046	14.779619	10.131138	0.0437081	0.092829416
451	5.6560177	1.3021828	0.78530953	412.36738	8.2826784	8.1684881	-0.10396312	-0.093792596
452	5.6897359	-0.32753299	1.9732373	3743.8269	50.262888	49.933962	0.26398631	0.00022337774
453	1.1273618	0.13786416	3.0925928	2106.2647	43.939558	10.335828	0.0028656886	0.014935669
454	0.55231335	0.39100768	2.4214623	4472.5824	66.895208	54.597536	0.014274948	0.25615772
455	4.5033931	0.91068077	2.3536608	346.23902	9.1137239	1.3514932	0.26417704	0.091790751
456	1.3413519	0.4605968	0.16981319	4109.3038	18.317633	16.040698	-0.025667492	0.018929449
457	4.2360185	0.54754389	0.69784556	1627.1324	13.81663	11.370524	-0.1024787	-0.099077677
458	1.8331983	0.27060885	0.63420383	1154.7355	12.096835	3.7878517	-0.46491331	-0.10003107
459	0.978379	-0.29880442	1.8624741	468.18743	26.722887	23.08698	-0.047299485	-0.3805833
460	6.2424037	-0.78346517	0.40093775	21785.106	112.63191	80.417531	0.30274549	0.082813294
461	3.7104645	-0.79469774	2.7743012	1989.0334	38.952375	11.799516	-0.051731051	-0.092846268
462	4.1228499	0.08804707	2.8222572	5246.9096	49.313703	42.891534	-0.045680254	0.72487755
463	2.7738731	-0.14923537	0.5041684	3276.8357	58.429196	50.33037	0.081075821	0.0032244765
464	1.2709178	0.91502265	1.1308112	2153.9894	24.277219	21.84646	0.1986664	0.34009184
465	0.64145478	0.50379916	1.9134967	6447.1416	58.545698	55.8586	0.098921697	-0.12820937
466	4.6587175	-1.3019385	2.6426067	2021.3457	82.749518	62.882217	0.12231221	-0.026341675
467	3.3565917	0.13555285	2.5078846	2758.4564	56.416783	40.483052	0.072626849	0.12922607
468	5.2260035	-0.6179166	3.0813155	559.53288	1.6892028	1.6309508	0.10527417	0.064842146
469	0.40001116	-0.23919563	1.9469141	1203.8723	11.379752	10.968725	0.025125626	-0.17124533
470	0.64758402	-1.0363758	1.2924875	1802.2652	12.711063	11.628822	-0.0080953155	-0.11693902
471	3.9102393	-1.2310417	0.58933638	2612.0193	56.477945	34.254432	-0.14092078	0.031929081
472	2.9971527	-0.96455901	2.6444695	3100.6564	46.522902	42.258866	0.6674622	0.078088719
473	5.68873	-0.85699604	2.7247137	1183.3379	11.603301	3.1041256	0.3418547	0.042126597
474	3.3563093	-0.7854671	1.3952508	2529.3311	49.401116	40.216435	0.29395147	0.18061414
475	5.6620444	-0.35557351	1.2200468	2674.939	54.213761	37.268695	-0.096012389	0.10311897
476	0.36373373	-0.26538623	2.4102345	1525.3856	11.629682	10.668662	0.00044472536	-0.078677224
477	4.6842071	0.26274361	2.2144855	521.73325	9.7543705	8.2713333	-0.15093417	-0.077175021
478	0.92808432	0.2336858	1.9875774	3228.3729	57.077556	41.592444	0.14333036	0.1380919
479	2.4351376	-1.2841498	0.99003764	5982.8712	138.52796	119.35951	0.16155897	0.00098611376
480	6.2327545	0.82587335	1.1725777	488.58583	1.8108488	1.6922328	0.12924224	0.04048765
481	4.1969572	-0.084871531	2.5094271	630.8688	9.4364153	1.9792765	-0.00015424824	0.082791061
482	4.764119	-0.93833646	0.27578225	6071.059	17.045957	15.479296	0.033389955	0.00780242
483	0.42655099	-0.71006228	2.1071808	168.06999	1.4955103	1.3084455	-0.058255202	0.0018327858
484	2.3882258	0.59678245	0.38943707	9974.3625	81.009433	56.039727	-0.078636474	0.213831
485	0.3281058	1.3790123	0.39218812	7424.3539	56.599431	42.791406	-0.010377217	0.059765772
486	2.8918819	-0.84049464	0.67237868	11271.991	143.89029	76.279865	0.095894051	-0.26155484
487	3.9810882	-0.85235307	2.6055072	5002.1966	42.820248	17.18061	-0.012057697	0.66274101
488	5.855345	0.53974918	0.294975	4574.1166	35.332055	17.372364	0.1473671	0.068616409
489	1.4446454	-0.64825676	1.9951249	271.98866	9.2144252	5.1791557	0.047435433	0.14474626
490	3.3910456	-0.5447264	1.1832845	2640.7783	51.312618	25.809213	0.09950207	-0.35413253
491	5.0577309	-0.47269793	2.5205223	7334.7955	79.110805	72.635178	-0.034415183	-0.088080339
492	2.4067053	-0.22350625	0.37864668	3920.9125	52.918159	42.364949	-0.1038365	0.036003126
493	1.9710684	-0.58647283	1.1729112	1878.874	96.06114	53.497492	-0.02494654	0.014045624
494	3.5227149	-0.63114863	0.49742876	963.9126	10.365327	3.031201	0.34952795	-0.0059063337
495	2.1956831	0.99145354	0.59941674	3265.9167	14.593183	14.341464	-0.021956785	0.034073207
496	2.8265641	1.1631054	0.45122051	15215.461	106.56348	88.835256	0.053894252	0.011548547
497	0.87816486	-0.35573344	2.8977276	5060.0891	16.232008	12.733328	0.26974957	0.025410476
498	5.443089	-0.81666237	0.68438704	2655.547	50.793972	43.463173	-0.14824922	0.03857196
499	3.4388332	0.049737811	0.72910514	763.57487	36.124674	3.5653164	0.00065176668	0.21044732
500	3.4743726	-0.65169157	2.9820705	3466.9894	39.707188	30.596354	-0.0024864719	-0.025082257
501	4.3375435	-0.19699651	0.80269854	406.5152	10.338412	6.0227073	0.0086445141	0.11295963
502	2.1645141	0.52893073	1.7206526	1813.533	21.435368	11.755543	-0.025786557	0.19819485
503	2.5637491	-0.3636218	0.58070528	2642.7407	23.67747	22.037956	-0.12857504	-0.00037903729
504	1.8953151	-0.87674742	0.60799303	1183.2407	18.939962	11.29789	0.14954894	0.088032577
505	2.1983241	-0.57604741	0.93821132	6282.3346	64.028976	38.35829	0.1510464	-0.0552813
506	4.5396548	0.82317154	2.59087	2821.2246	52.212426	49.581277	0.1280721	-0.16854309
507	3.688446	-0.40750771	1.4237101	3845.9778	58.007457	41.978385	0.036571327	-0.042908631
508	0.10877744	0.51517674	0.17290402	10384.296	21.377648	20.958126	0.27446205	-0.0065493077
509	5.9559439	0.16376288	1.1124524	7126.7272	113.16374	63.486833	-0.23152668	-0.032181288
510	6.1616915	-0.46672419	1.6436562	817.89993	10.799185	8.8434126	0.38052587	0.11782202
511	4.8426565	-0.96338335	0.54894779	7141.6372	46.586586	34.035831	0.20156103	0.179852
512	3.9510586	-0.21793679	0.76510953	8710.6338	74.456096	73.542764	-0.0021107763	0.046699557
513	5.4341157	1.0583418	1.9198854	1190.6401	16.24659	12.359723	-0.016093133	-0.33978703
514	2.6709042	0.031618528	1.7924492	966.31276	10.538922	9.6814704	0.027799001	0.013683194
515	1.4890836	1.2214774	1.0044912	5595.6651	134.96484	53.587614	-0.040501136	-0.10980122
516	4.7918835	0.018429924	0.56060193	1670.1814	33.75239	11.651954	-0.11185292	0.053280956
517	2.3050855	-0.92342989	3.0141567	3670.315	59.20925	19.834884	-0.049231318	0.02016979
518	3.2479683	-0.47018967	2.6854565	2533.3333	14.731419	13.170333	0.084437893	0.24104651
519	5.0412522	-0.43360232	1.5056915	3802.043	68.829392	54.999967	-0.10065069	0.099922261
520	4.630322	-0.66546776	1.1815231	231.88447	9.2570856	8.5647253	0.48888517	0.70203045
521	5.838717	-0.95545329	2.2150784	1601.454	12.88051	2.7043618	0.21172516	0.065875864
522	0.29448232	-0.8267888	2.7270486	1898.3126	49.848929	41.6219	0.10960907	0.14285888
523	1.6147339	0.035500984	0.20309923	4185.9666	37.809103	15.767193	0.18189197	0.0023375068
524	0.8914197	1.3290935	2.6644896	1723.8418	37.142186	36.736886	-0.01992632	0.069229168
525	0.50834921	0.061008062	0.88312499	892.77497	34.035411	10.427809	-0.1126839	-0.012292678
526	2.0612686	-0.011974148	0.55749139	1569.2573	29.735085	11.290793	0.068245407	0.011254736
527	4.1477615	-1.2366053	1.637941	591.85248	25.153643	10.727914	0.00095036494	0.055151035
528	3.102647	0.53755472	2.3062604	1032.151	12.835722	2.7197784	-0.017320416	0.31585524
529	4.4693603	0.0060227824	0.36704139	300.51831	1.7221212	1.4733942	0.062175099	0.040770854
530	3.2110341	0.51783779	2.1128513	5255.1039	72.270768	40.07444	-0.049993474	0.011679553
531	4.1121145	0.52192537	2.5874748	825.35361	11.335004	1.6769533	-0.32005294	0.0048163065
532	3.3512579	0.76416599	0.59128151	6580.5605	75.7668	60.796282	0.074564479	0.0013442203
533	2.2686486	-1.5318093	1.0118374	3949.787	29.980258	23.293101	-0.0013702825	0.09463305
534	5.2146319	0.69286523	2.1808977	558.26891	1.874514	1.6081085	0.042510735	0.27582325
535	1.1970305	0.34359034	0.67380817	10243.966	71.517909	57.751475	0.099050959	-0.0077716198
536	1.176497	0.061059491	2.8044826	8996.8268	54.996543	50.126093	-0.024283248	-0.016203126
537	3.183257	0.67645076	2.6954273	3496.6437	21.83254	16.567187	0.068614787	-0.17170515
538	0.49147205	-0.14818532	2.1112503	197.53049	2.0264649	1.1815184	-0.0096398271	0.0036380946
539	4.5190552	-0.8181063	0.070957203	5469.5251	56.839766	17.490667	0.58867807	0.43825705
540	3.6494425	0.49864528	3.0216989	4131.2379	60.539658	50.418094	-0.1340101	-0.0072200971
541	1.6171812	0.5839009	0.1851129	4987.1061	37.394076	37.135425	4.2334279e-05	0.14039285
542	2.05129	-0.59342154	0.36943205	9822.4288	68.984052	44.769447	0.067298807	-0.091610684
543	2.3467825	0.96298333	2.5571267	13473.462	183.09566	157.05328	-0.3574111	-0.1666057
544	0.99330731	0.31368211	0.76253823	159.45901	1.4627816	1.4537979	0.20330555	0.022056675
545	0.53091729	-1.0586839	1.8736594	1352.1157	18.981622	9.5795513	0.015916491	0.31012186
546	4.9609265	-0.56979029	0.70194091	644.15285	1.9527299	1.8224182	0.00051000926	0.078192058
547	0.31008523	0.67866699	0.21784969	572.94137	1.4691685	1.4452225	0.2351353	0.23839375
548	3.1218798	-0.085686706	2.4955496	2228.5266	19.140747	10.262874	0.0073145899	0.17407007
549	5.716257	-0.21378194	0.96487393	1768.6554	12.124992	7.9716099	0.016779582	0.063261197
550	0.54905074	1.0186593	2.164554	1302.2781	11.206219	9.7329789	-0.062107035	-0.19372321
551	1.9722282	0.20623518	2.1814462	2474.2105	123.74519	39.348015	0.32367573	0.076935768
552	4.2022346	-0.25300961	2.2662394	604.36649	77.790979	38.461128	0.00075950375	0.12059247
553	4.6597698	-0.27353027	0.33246731	1480.4124	12.658021	4.6889274	0.00077006651	0.0099980413
554	2.6463555	-0.1363742	2.570154	5580.9132	102.19239	93.327855	-0.1091604	0.10306642
555	3.7079946	0.71939158	2.5620452	763.05709	9.0086857	1.990946	-0.0018060117	0.17749583
556	4.1329693	0.6826008	0.58127838	1175.0504	12.041435	10.433937	-0.047585375	0.22056281
557	3.4310354	0.25792217	0.72871036	1444.1189	12.626759	3.0600987	0.0091821107	-0.21962658
558	2.72155	0.23173373	2.1278317	9527.5432	71.351933	58.243311	0.17886828	0.10389743
559	2.3233435	1.1692284	1.8459641	2556.3987	56.460468	52.713109	0.029334889	-0.0047722487
560	4.5282777	-1.0973918	0.92077703	8904.095	65.235387	57.24575	-0.043170036	-6.0242874e-05
561	4.4465907	-0.52462484	2.1040702	265.44891	1.8442956	1.2994922	0.010923556	0.074544522
562	1.9889094	-1.3181851	0.32817751	7137.4054	41.056556	36.660012	-0.051050455	0.0027974453
563	3.6841018	-0.73251776	1.785148	5294.2162	119.1299	75.78794	0.063734202	-0.0063816689
564	4.9238973	0.043088137	2.3759345	2738.3767	43.731822	13.162731	0.015259474	0.36773912
565	0.92161243	0.24059328	2.8425507	10297.979	86.82945	85.812054	-0.017775798	0.014921158
566	5.8097133	-1.3495172	0.70686531	529.35576	9.8334298	1.5112467	0.089212144	-0.17499871
567	5.0533084	-0.89102129	1.8918932	1238.549	11.547879	10.746791	-0.15824612	-0.2320895
568	1.1815526	-0.52718152	2.339339	2019.8316	14.759335	11.385933	0.0053004033	0.19858094
569	5.2122689	-0.82154615	3.0488244	1340.9345	13.403666	9.5564926	0.16866696	-0.59309848
570	4.7100899	-0.28283277	2.2798858	1559.4725	14.73845	13.265913	0.019526068	0.11536152
571	1.248387	0.42215963	0.82944014	7764.2961	99.790302	57.700765	-0.028327316	-0.052705289
572	0.99306268	0.41354738	2.9388185	435.61617	5.8563944	2.2114881	0.01446867	-0.0042580579
573	0.057261457	-0.75700836	1.0122238	5102.9156	39.934441	38.696564	-0.10570329	0.2828412
574	5.5969263	-0.33001106	0.76244034	4404.6195	35.078477	31.872924	0.37537677	-0.18803661
575	3.0415291	0.60682265	1.5132966	4627.4519	51.508255	48.178638	0.012983874	-0.073753521
576	0.38885033	0.079875451	1.1489017	2598.9848	55.844598	15.141102	-0.093627118	0.17045108
577	5.1650311	-0.38409412	0.98064889	7201.7626	67.482242	61.924064	-0.031775627	0.055917316
578	4.4685299	1.3295217	0.87676654	3842.8696	53.746078	38.718116	0.043529782	0.30138476
579	3.0473999	0.21261368	2.5496173	3184.5266	35.553242	21.729917	0.70987493	0.11924984
580	3.5446573	0.69562884	0.6522282	8357.9608	75.440213	71.6099	0.011952177	0.088194566
581	0.95331231	-1.2148054	1.2666353	1994.0205	35.277154	31.502016	-0.16108683	0.11660873
582	5.6259085	1.0251358	2.4483257	4010.542	22.758227	16.446977	0.0050349976	-0.1396654
583	1.7323155	1.0728166	3.054899	529.41816	1.7797476	1.4024341	0.1903792	0.09657905
584	2.945072	-0.71564585	2.6722091	3193.0117	41.84563	38.830953	0.45576109	-0.0023544514
585	0.039659074	0.82135656	2.7968135	1936.961	38.738929	4.7800938	0.12026637	0.002447034
586	4.0926606	0.38449669	2.4685996	3168.3844	35.622276	30.734966	0.028393225	0.049718603
587	4.9396989	-0.66039683	1.2584026	1049.591	12.215068	8.9078146	0.12396105	0.19790448
588	4.0115082	-1.2090247	1.8326044	5608.2338	68.892394	58.654301	-0.077163653	0.15102915
589	1.2173507	-0.54733131	1.985612	1185.4802	13.517677	13.327429	0.10884139	-0.023784666
590	5.2649655	-0.87129418	2.5843376	10930.2	96.732099	82.674191	0.20246824	-0.07184193
591	5.4027943	-1.0192735	0.19458045	2595.4642	13.119593	3.3437344	-0.1049158	-0.068526707
592	1.2077276	-0.047093388	2.4142999	2116.1769	13.30039	12.492369	0.014971889	-0.0032897903
593	4.2142886	0.80516794	2.44977	7663.7406	83.472325	45.330759	-0.074838196	-0.02354702
594	1.4255052	-0.031233093	0.74300086	2135.8245	30.441726	11.440771	0.001364143	0.27518371
595	0.86659033	-0.17246844	0.57627471	985.06869	8.5026155	4.07689	0.25968156	0.11340524
596	4.2724915	-0.017139	2.6923134	718.4618	11.995024	2.3554866	0.32199473	-0.26543796
597	3.2399479	0.30829407	2.4524659	765.58875	26.63626	3.3697294	-0.15448107	0.10666297
598	0.70721531	-0.54880427	2.0044525	1987.6197	24.812266	13.557565	-0.05525275	0.25816441
599	3.2013235	-0.11220244	2.4248658	5088.7468	97.954709	91.789618	0.051242988	0.067964179
600	3.8975611	0.23718835	3.0451518	2322.9615	10.134182	9.9615167	0.01355232	0.18692829
601	0.15910374	-0.62855778	1.491892	4188.3022	58.586817	48.100074	0.10059828	0.015523895
602	4.4197952	-0.9407694	0.87333763	1509.3742	10.25465	9.6370669	0.058073463	0.26160382
603	5.1633593	0.7700007	2.6909227	10303.438	46.650238	24.942395	-0.039606815	0.3228801
604	4.6664906	1.138412	2.7085422	4624.1786	33.6397	22.108937	0.024776016	0.06457164
605	5.9633704	-0.38393272	0.38813054	649.6145	9.5475323	3.9416515	0.087277969	-0.0024149079
606	0.15846571	0.95158191	0.73748703	9590.1731	64.538065	58.105165	0.0076438484	0.0075086614
607	3.2579187	0.96366878	0.77155125	2907.3058	44.600819	38.144402	-0.12148541	0.0062861957
608	4.1494507	0.44970305	0.28530498	5127.0075	26.678141	16.456309	0.0071538838	0.0009524949
609	1.9181628	-0.29679537	1.0355381	2326.4171	99.650662	30.383855	0.098860273	0.055603586
610	5.0504573	0.92882725	0.17802614	476.7602	21.751269	9.6240264	-0.0037703754	0.15247192
611	0.0044085676	-0.5130783	2.517251	2057.4966	89.522189	78.090628	-0.094243302	0.10981366
612	2.0984009	-0.62243786	1.1409535	5131.9175	53.593678	30.828845	-0.47166681	0.05876099
613	5.262562	-0.57421277	0.49825425	757.55705	10.131501	1.4719671	0.17859334	-0.11903972
614	3.4366596	1.4707001	1.6334959	4837.4981	54.603513	52.152733	-0.020330151	0.0018248568
615	0.79116128	-0.98889305	2.0890759	1143.9846	11.761811	9.4663103	0.019135201	0.19164961
616	3.468262	0.49442598	0.43628121	18888.916	117.04209	79.227661	-0.40977908	0.20890069
617	3.785517	-0.28641387	2.3923889	1916.0894	13.703199	12.03973	0.071529714	0.037662904
618	2.4085732	-0.92326047	0.64830918	1915.4478	12.844488	12.655431	0.14016612	0.11196973
619	0.66439659	0.26965745	2.7678061	5126.9421	53.167535	44.394303	0.0018089894	-0.029049031
620	5.7679489	0.81219497	2.2698335	2295.1505	15.555641	14.8452	0.011263059	0.13325848
621	3.1428911	-0.6020751	0.23848947	2521.2472	12.145868	11.430559	-0.025014476	0.0027565685
622	2.4027929	-0.57929629	0.52407159	608.57149	12.718319	9.1126432	0.1490475	-7.1909582e-05
623	1.0149784	-1.1104673	0.86536163	9006.0587	82.72819	80.221137	0.043754826	-0.055915436
624	2.8350541	-0.13691238	0.81715744	6361.9478	68.293985	68.194375	0.083628475	0.032644186
625	4.3313004	0.3492111	0.66102287	2376.9455	11.406519	10.379031	-0.01801693	0.17815194
626	0.74375116	0.56082078	2.6475917	2170.1888	12.992888	6.9036288	-0.0086077895	-0.0069821742
627	1.3286399	0.32316751	2.4814735	3481.4836	57.376956	28.85954	0.37289749	0.34044225
628	0.61392166	-0.63262557	0.7877979	1007.7398	10.594576	9.3929394	0.04240623	-0.094712437
629	1.8000914	-0.37352784	1.8903263	2143.9237	36.719594	32.699194	0.26917215	-0.081764762
630	0.54625012	-1.3616765	1.661753	6878.7951	63.283055	58.713751	0.24690068	0.11785944
631	4.9164424	1.3615291	0.65929349	652.69654	2.1722553	1.5799741	0.03136533	0.080715117
632	0.57076351	-0.26543776	0.27121046	767.90661	34.996856	3.7210927	-0.023025651	-0.27774172
633	5.0644378	-0.23169316	0.44199244	4813.0134	61.8387	61.817736	0.079017908	0.00605241
634	3.5287005	-0.31404439	0.61298663	2284.0958	12.890941	11.857457	0.081739575	0.075802188
635	5.6579095	0.49491547	0.10813756	8492.8568	21.493783	20.493718	0.041306829	-0.36430044
636	4.3483914	0.39567052	2.6934152	4128.0633	14.776189	11.828607	-0.10189533	-0.012337622
637	4.7262848	0.48962788	1.0564272	4478.5628	63.173123	62.476649	-0.24548152	0.098038261
638	5.6128735	-0.89554864	2.4556556	6659.9641	67.575503	64.575603	-0.10930472	0.048996883
639	1.7106052	-0.832744	2.344923	1568.4973	11.718419	3.2045306	-0.0073259594	0.028924687
640	5.4450103	-0.47040831	1.298153	249.1865	10.248859	2.6997195	0.055813709	0.23881828
641	5.6993623	-0.27434505	2.1041882	3604.3804	53.018155	46.174989	0.0095028532	0.021059847
642	0.083675279	0.84012121	2.8187352	1461.6511	13.00144	11.067543	-0.35485547	0.16366405
643	5.2222827	-0.63309561	2.6877339	4905.1413	65.701586	64.236677	0.36634515	0.023008459
644	4.0972305	-1.2778653	0.37210084	9458.8369	84.281606	67.608114	0.16904991	0.23595889
645	0.41593428	-0.48042866	0.69234066	1729.9053	13.362275	11.289845	-0.091401631	-0.024954808
646	5.730317	-0.42782122	0.63010809	10740.063	75.791488	64.39203	0.0010304515	0.3059536
647	5.4538014	-0.30145734	2.721945	217.13263	2.7237143	2.0875369	0.028876484	-0.045262152
648	4.4295417	-0.50163265	0.48064667	1018.5089	11.117018	9.2725377	-0.010448604	-0.0011957643
649	3.2123392	-0.46028357	2.6298416	4916.4511	53.119461	49.966984	-0.056384859	0.00087904168
650	0.65752499	-0.55640345	0.94956204	6888.9001	66.566028	55.977655	-0.5332628	-0.0032797664
651	2.7884673	-0.7709058	2.1214007	4846.9605	67.512705	61.269133	0.17849562	0.069740677
652	2.4453696	-0.24790659	2.4794338	4639.3487	59.72483	40.247917	0.1659897	0.16916882
653	3.7373135	-0.37552547	1.7412277	4654.798	123.47696	66.726946	0.45911396	-0.015727201
654	2.492952	-0.59410877	2.2453561	1285.0522	39.847225	10.378355	0.094973425	-0.11779132
655	4.416282	0.61811382	2.1748169	4359.1109	58.321134	33.67967	0.01580046	-0.17035386
656	0.12997943	0.33860802	0.56949464	1499.5931	11.609805	9.4268727	-0.18384931	0.35077239
657	1.480359	-0.71493357	0.67357556	4304.7681	39.268064	25.069518	0.2792723	-0.0014085648
658	5.0591802	0.27868289	2.7466008	2667.6794	53.762055	36.269516	0.021436924	-0.040609962
659	1.0713484	0.98037141	2.701087	3051.8155	61.275727	21.068538	0.10982829	-0.056069209
660	5.6433196	-0.51884993	2.5947242	1675.9869	25.336631	18.567964	0.074141711	0.084690083
661	2.7972727	-1.0687093	2.9551082	4957.4983	59.530793	55.524485	-0.022763167	-0.15776713
662	4.0778338	-0.31879303	0.60310455	6394.7087	19.933558	17.292805	0.18825318	0.1990689
663	2.3120269	0.52327146	0.84541849	649.56928	10.655947	1.3158155	0.066911764	0.0029876748
664	2.2490338	1.1978417	0.35315024	2727.595	15.482583	13.562541	0.20705595	-0.05701015
665	5.9777386	1.1942137	2.190126	1093.7557	14.479468	12.59185	0.040395892	0.066058954
666	5.6803275	0.14310661	0.56398014	694.28759	10.171311	1.6411303	0.045494578	0.1882316
667	4.026728	-0.46051489	2.0965233	268.76243	20.463107	1.3882291	-0.054222644	0.037971572
668	1.2107677	-0.56142574	0.94945377	3704.1913	45.988123	38.413442	0.033712931	0.0073535782
669	1.2680698	0.24574382	2.4140783	10894.713	89.030407	78.55202	-0.068555519	0.2366486
670	0.73844564	1.0537658	0.78917259	8052.8507	129.42273	62.646677	0.081551837	0.076478535
671	0.089592517	-0.45955854	0.45288012	634.37497	11.980907	1.373694	0.079567363	0.17412656
672	1.3099665	-0.62459939	2.64	2527.2045	14.381651	12.980169	0.1045143	0.27854161
673	5.1825885	-0.0014462426	2.3768122	3036.2619	15.769602	15.198789	-0.22379087	-0.025690355
674	2.0115708	0.9910191	1.7075901	362.0066	10.455459	3.8778158	0.27253954	0.0011924278
675	1.8956729	0.27741419	2.0570907	1528.3882	12.402783	11.539415	0.06936212	-0.12197337
676	5.6565783	0.33141558	2.1880928	5771.0314	64.2901	61.342608	0.035154061	0.4451535
677	2.0915601	-0.89701621	2.199447	225.38347	1.8455572	1.7298661	0.0032759199	0.014867055
678	1.150546	0.28671033	1.537002	1000.4835	11.721715	9.5106966	-0.023121951	0.12207755
679	3.43011	-0.11172925	2.4836146	1834.8282	12.924156	10.797991	-0.025030349	-0.067936771
680	4.0822655	-0.25723934	1.2019359	2490.3288	12.845398	12.580147	-0.0030520073	0.14222289
681	0.20108609	1.25411	2.9113351	2977.3711	30.320797	14.506636	0.3363562	-0.037418825
682	6.2062165	-0.56495166	0.19654997	4760.5212	63.958124	57.423104	0.10657989	-0.0048446241
683	4.0764924	-1.2582932	2.0329765	3850.3812	48.459707	45.327155	0.012983874	-0.073753521
684	3.1593392	0.58262255	2.1459098	1538.6052	10.396734	10.00947	0.33976253	-0.071115313
685	3.2242959	1.155603	0.81360105	721.82602	10.452738	10.160486	0.069502793	0.15978782
686	0.9729432	0.035795264	3.0360519	899.92749	11.143437	10.376201	0.059822117	0.25273825
687	5.7439029	-0.85680244	2.7199816	1286.8629	12.38771	1.5963545	-0.066685267	-0.017914734
688	0.5546788	-0.48953438	2.3696974	293.97451	10.668157	2.9790234	-0.0030656557	-0.0024267432
689	4.6751256	-0.40271448	0.50498561	253.58819	1.9466409	1.8524103	0.085715777	0.10143394
690	1.9343561	-0.41058656	0.42697186	4726.6738	71.581263	63.996461	0.040856902	0.084725334
691	4.8780334	0.54038202	1.6107582	3997.1001	40.305939	34.04003	0.0074197948	0.11691997
692	1.1020958	0.33741455	0.28780999	8421.1182	158.83066	88.894834	-0.12431676	-0.012950918
693	4.2959318	0.19979566	1.144445	243.83353	6.7442046	2.7129442	-0.028509869	0.054754225
694	0.83322635	0.65655251	0.57134857	7845.7403	68.922482	65.155911	0.63475952	0.020630163
695	0.91061171	0.32655336	0.63142593	4457.8333	42.46285	36.598039	-0.004186974	0.1056657
696	4.476893	-1.1882219	1.1323697	1711.8084	12.545429	9.6605462	0.047421011	-0.0087692917
697	4.4472473	0.192148	1.7220324	312.89049	2.4492682	1.4572488	0.0044047536	-0.17310552
698	2.0995816	1.1555327	2.2121531	2786.8262	13.601215	12.948835	-0.055868232	0.024669989
699	3.9032853	0.51082805	0.90254161	10179.313	96.483709	77.682488	0.39723542	-0.10661333
700	4.1046899	0.21736648	1.4163049	1372.8603	11.401898	11.182432	0.052926085	0.17564103
701	4.0713493	0.044879271	2.7723042	8392.5828	64.709282	40.742494	0.034966805	-0.028720639
702	4.6630687	0.35753396	1.3636593	2072.434	36.495163	28.232515	0.075378775	-0.0018530746
703	4.1064705	-0.8546742	2.4968427	10909.823	85.69336	78.121967	0.014463335	-0.0010990922
704	5.4391291	0.81345561	1.9473139	411.8318	8.4256997	2.2394711	0.059911826	-0.098562008
705	5.3895751	0.35704358	0.76821351	3371.8942	21.784447	13.023739	0.16290237	-0.14518222
706	0.14316893	-0.90354588	0.88369252	2734.0754	23.89778	15.073346	-0.02973583	-0.087204651
707	2.1572652	-0.83337996	0.10320646	7432.728	77.12501	74.767013	0.18575224	-0.37423154
708	1.4089908	1.3134267	0.31979112	15102.851	207.11384	105.32261	-0.019700522	0.096969254
709	1.6569981	-0.19302335	1.232738	422.82619	9.01683	8.6867599	-0.040006789	-0.020595681
710	6.0799118	-0.28348083	0.21943161	472.53715	1.8368664	1.3700695	0.082838115	0.0002306892
711	0.89288046	-0.67406555	2.4836508	6161.0018	55.369456	47.715728	0.23150844	0.076691358
712	2.0539942	0.15951033	2.1675291	3342.0431	47.613968	44.683527	0.4068882	-0.021529008
713	3.2457841	-0.71598216	3.0473851	1158.9508	10.601888	9.3042979	0.033868905	0.031360351
714	1.4694763	0.29646067	2.0907685	831.83533	12.230578	11.179652	0.1185953	0.0039126141
715	2.5240842	-0.53460116	1.9086761	2335.6717	22.530834	15.775975	0.010020766	0.022465161
716	4.6819183	0.58208086	1.6299548	1814.135	10.851408	8.0975595	-0.042128641	0.43827911
717	1.922213	-0.30526763	0.39198967	5591.9451	57.515526	45.02735	0.060028024	0.0019748477
718	3.7228001	0.38848717	1.9907973	2425.1193	44.611279	43.155647	0.056273414	-0.078750562
719	0.021335783	-1.381132	0.40483674	6321.1884	44.016273	33.891291	-0.37042597	-0.0079898694
720	4.7014271	-0.78372906	3.0489324	3856.8279	14.903467	14.73597	0.12365243	0.068595304
721	3.0027422	0.6927268	0.54944172	2103.3155	13.707877	2.6219726	-0.087980065	0.035793764
722	6.204207	-0.89420389	0.61679952	231.07171	1.3691618	1.2538569	0.026707968	0.19834462
723	1.9333164	-0.21351364	0.39617669	5415.7696	58.171036	40.420638	0.26145436	0.12041967
724	6.2107016	0.0057034659	0.78931335	11837.308	154.22485	102.96014	0.24601732	0.12636371
725	0.77013921	-1.1230387	0.45534996	3797.3386	28.377218	15.404124	-0.0030291289	0.27396443
726	1.6451937	0.63040746	3.1207486	741.80945	1.579358	1.469361	0.16968235	-0.090676273
727	4.4001293	-0.38535585	0.88241491	603.81899	9.4342503	6.7177521	-0.065710328	-0.02290133
728	3.022019	-1.2910539	0.2666642	708.18593	11.293032	10.234913	-0.60459138	-0.046317056
729	1.8963191	-0.59506035	2.660087	4481.1566	14.417059	9.2779913	-0.5029025	-0.078931696
730	4.3454411	-0.070908966	0.70896781	3034.8795	35.642016	13.397856	-0.0065886509	0.016052359
731	5.2354714	0.44951993	2.2686366	4352.2589	50.408822	43.588072	0.075660488	0.1644974
732	5.6236478	0.49279104	1.01661	2007.1639	42.45401	36.523054	0.0045151413	0.078271048
733	2.0629423	-0.087430312	2.3628887	689.70367	1.5309919	1.4707685	0.26439348	0.0269161
734	4.4132194	0.19128311	0.89741303	481.71461	2.5079673	1.9427847	-0.017425343	0.024898857
735	3.6750625	0.32504285	0.51431779	7943.7112	60.505883	59.549851	0.26792245	0.11574352
736	2.633147	0.12413204	2.5605413	118.24065	7.7537194	1.3191123	0.1515125	0.02216551
737	4.3405251	-0.72075539	1.0440791	3538.6524	59.994507	40.925027	0.20809099	-0.04757741
738	1.3275015	-0.43183164	2.5667776	19897.514	335.44045	245.03585	0.078688945	-0.31970269
739	6.2413615	-0.64098925	0.88596686	1540.4654	13.790456	11.173317	0.006339303	0.02994672
740	3.7231447	-0.85389725	0.65941939	14913.153	85.678661	80.058498	0.24742364	0.18965846
741	0.94603217	-1.1300056	0.61678329	762.84717	1.8593042	1.7868367	-0.08897422	0.098244814
742	0.76445034	0.75352158	1.1963647	949.2272	29.508548	1.6898456	0.086303397	0.14832545
743	2.4054205	0.86011235	2.590987	5337.4206	66.057454	58.565104	0.022087327	0.17457471
744	2.2392345	-0.26342463	0.8431678	747.99776	43.743077	4.0579817	0.067294186	0.07026696
745	1.5770234	-1.0092561	2.3593948	5766.5983	56.555084	56.382405	0.014806438	-0.030670775
746	4.6203033	-0.63876578	2.67847	3860.7638	49.049704	40.893092	-0.095178045	0.026974697
747	1.2533222	-0.42260981	1.5697987	1258.8973	12.340269	9.8175484	0.012723969	0.10582696
748	3.4781361	-0.59802829	2.3274536	4325.997	19.891683	17.035431	0.10969792	0.05523657
749	2.6572056	-0.67104573	1.1565193	10272.48	98.391002	89.991161	0.54464606	0.26772498
750	0.40170866	0.26368956	2.3391591	1546.3448	45.445462	15.62142	0.32731574	0.17985079
751	5.2812925	-0.33250042	2.7183196	3026.3634	41.738028	15.859545	-0.041605481	-0.041883594
752	1.9024617	-0.69538653	2.6932145	5899.1458	63.642237	40.945245	0.11355235	2.9628508e-05
753	1.5083942	0.42543465	2.8677982	6479.8609	38.337467	33.335279	0.16599226	0.0085553835
754	4.5566318	0.74154813	2.0932909	2420.979	35.068927	12.661007	-0.012451456	0.22737329
755	3.3902461	-0.82428404	2.7548679	4199.6265	46.465169	46.314479	0.10193489	-0.0082092568
756	1.1499593	0.21298265	0.57782003	10961.887	72.875371	69.042021	0.030579594	-0.019710157
757	1.2282102	0.16982071	2.3082471	4175.3	44.591158	40.89449	0.088679697	0.27183752
758	0.57279612	-1.0588773	0.35472754	12760.661	77.571229	62.266985	-0.0065834527	0.4614197
759	0.28932875	0.41079067	0.54292955	11510.724	73.184676	71.662715	-0.0038920063	0.13248741
760	4.5644185	-0.96358013	2.9458289	12490.854	91.01762	88.130123	0.21364188	0.0045563683
761	6.0953116	1.0848839	0.13895119	1882.7961	12.846909	3.1082872	-0.014152643	-0.033071161
762	0.35373965	0.87335376	2.4808762	3386.932	45.211918	25.960503	-0.12112147	-0.0023525582
763	0.44119433	0.66617664	2.6872433	553.66053	2.1795931	2.0671528	0.1923462	0.0014840675
764	5.9602683	1.3056424	0.58329051	5003.1673	76.905792	50.60048	0.11514213	-0.17929875
765	3.0225648	0.9111069	2.1716556	332.87837	40.384054	2.060107	-0.019201367	0.047935872
766	0.84492901	0.076307209	2.7274234	1157.6577	44.058569	37.841023	0.038312676	0.038225925
767	6.0341609	0.37997158	0.8443279	1755.2488	38.576403	27.732403	0.081608567	0.34934366
768	5.5512033	-0.79809249	2.1277157	2409.1799	15.310239	13.187014	-0.023056586	0.0002580775
769	2.908343	0.1630065	2.7277896	2654.7136	23.405691	13.094579	0.0042570119	0.12949951
770	0.34211576	-0.17225059	0.31918888	5505.7517	50.799072	45.755314	0.35737915	0.047740752
771	0.50218718	0.20377796	0.79711123	3625.6721	34.095969	33.614712	-0.023078934	0.018104789
772	6.2310686	-0.9063568	1.2131858	313.56185	7.8140475	1.7433047	-0.0092220242	-0.0084134148
773	1.1846447	0.45146109	1.6478252	209.49307	1.5767071	1.3435256	0.041896389	-0.011494379
774	2.4697059	-0.10515597	1.9871364	3763.9493	54.730756	38.922128	0.019582618	0.071933897
775	2.9580212	0.64239118	2.0709753	6452.644	53.510456	41.287781	-0.12118676	0.035951448
776	1.1945583	-0.12840748	0.31290898	1075.894	1.6934416	1.6336415	0.11323394	0.0025527995
777	4.4779915	-1.0738345	2.2301271	4123.7856	19.506625	12.397078	0.024054458	-0.0083790041
778	0.75581919	-0.71087852	2.7595121	3643.1921	31.848569	13.061948	0.11005792	0.33943416
779	4.0460273	-0.26323312	2.8238311	302.83951	1.4431811	1.4133242	0.045733624	0.010344441
780	5.5022848	0.0024863466	2.0874966	1700.1371	23.089281	12.906303	0.101364	0.0091147883
781	0.94751855	-0.58737392	0.40998489	9233.923	92.853235	57.090688	0.10205187	0.0065323816
782	1.2838668	-0.33169758	2.0113701	6489.8757	103.33538	88.764387	0.30307415	-0.054813676
783	4.6525958	0.2086584	2.6771109	3707.7617	52.12322	42.455704	0.1834926	-0.0052375362
784	5.0349877	-0.25836059	2.0665701	2521.9084	43.244689	37.673655	0.3234514	0.17214021
785	5.6026512	0.87696123	0.95561713	1146.9957	41.7745	25.9907	-0.19710154	-0.21159842
786	4.6909396	0.85164159	2.9452504	1999.7586	17.427342	2.2058235	0.3688178	0.058771846
787	5.8037024	-0.26868244	0.70563645	1563.9371	16.342148	10.12538	-0.01753014	0.20975246
788	1.3298704	0.6866303	2.8185589	1898.7632	12.087714	3.8912098	0.055824524	-0.098059756
789	2.8450647	0.031836154	2.3824859	2156.2864	13.29368	12.483767	0.16399688	0.011746409
790	3.2518296	0.81755431	2.8160973	1669.8829	12.058951	11.113218	-0.10795648	0.029465914
791	2.7652068	-0.16388385	2.6043393	2483.6683	12.511638	10.38677	-0.056884767	-0.003729854
792	2.5223837	0.28112453	2.7573102	1846.5255	41.893481	40.01487	0.0022605106	-0.073895265
793	2.1498125	0.81407589	2.7329813	1463.47	27.816175	20.451961	-0.00021332037	0.36825493
794	3.0977081	0.75466283	2.7259956	805.65771	33.333685	30.9885	-0.039246446	0.026791106
795	2.8156662	1.2585482	2.4609985	4278.2921	60.38504	52.519563	0.095815996	-0.021003341
796	3.1444311	0.013695173	2.087793	1294.7037	10.575393	7.7884017	0.17034102	-0.032682228
797	4.7834767	-0.21312669	2.1363433	1528.9394	23.690263	21.448591	-0.01229917	0.013929909
798	5.1659973	0.30251242	1.460592	1410.6545	11.260971	11.132445	0.099197486	0.014943656
799	3.6556455	-0.52324211	0.59548298	2996.0135	35.1246	13.134204	-0.036559964	-0.069924995
800	5.6749604	-0.2457801	1.9132516	4804.8246	54.11244	52.133343	0.12034157	0.088439474
801	5.5566296	1.1595098	0.30955302	4208.5529	61.358521	57.154285	0.048246937	0.011576144
802	2.0066968	0.46403191	0.4968426	819.50692	10.559244	9.0790288	0.048137926	0.3870376
803	0.47323922	0.70118757	2.2941951	1178.1137	43.787003	10.547781	0.063832309	0.0028079175
804	2.1590371	-0.37673944	0.77334027	3246.3219	50.479364	47.821025	0.35671604	0.25978887
805	3.5356912	0.91239219	2.6975261	2531.4621	12.59741	9.3698282	0.036881544	0.020663749
806	0.54985533	0.28739928	2.4462221	6799.8786	79.678255	78.634994	4.0071611e-05	0.3369601
807	2.1214313	-0.87504723	2.5397713	13934.502	76.160737	54.490638	0.009166871	0.0091687749
808	2.5550234	0.62227361	0.39112015	5474.838	43.290585	33.138448	0.20368868	0.056954245
809	2.6232344	-0.17866117	0.1044375	1929.8816	2.4510404	2.1884272	0.0066524366	0.094004408
810	0.75038883	-0.8019755	2.5995422	9953.0662	77.35945	69.457698	0.10005413	0.2638712
811	5.3929115	-0.23570259	1.9683046	2688.0638	37.16454	35.701916	0.01383417	0.023490816
812	0.87132843	-1.26299	2.8209395	563.99493	2.4953772	2.2829328	0.0012688346	-0.030885781
813	4.2518199	1.1817336	2.3506886	1478.3459	16.629156	11.441566	0.45591989	0.044782574
814	4.0907075	-0.92296167	0.41072044	6783.5402	23.227812	17.478887	0.37284529	0.19818
815	4.7415511	-1.0237871	2.1906391	2361.4794	48.880283	35.257476	-0.095142473	0.0014163488
816	3.8497801	0.35377106	2.8750469	1743.4559	5.0241135	3.0796828	0.5132659	0.02915184
817	0.12971632	0.81410184	0.57227573	4791.8303	67.826018	50.537343	-0.016947146	0.0054473205
818	2.3823751	0.4575622	2.9404342	279.9655	10.824091	10.493423	-0.15973627	-0.19649448
819	2.7388425	-0.16317156	2.1099894	1188.1096	10.917411	8.9269712	-0.29506703	0.0093995081
820	5.6531716	-0.65079711	2.8615992	1610.8111	10.980456	2.8452292	-0.053497606	0.1775066
821	0.25552612	-0.07547373	0.27581609	7687.1853	54.389469	39.39201	0.0068951926	-0.054140889
822	2.9886459	-0.60196859	2.3111685	8165.1422	170.87527	66.479592	0.13518495	0.0041192979
823	2.7786131	0.90170228	0.96208751	704.06471	2.0535962	1.5723585	0.080129812	-0.060429812
824	1.6826213	1.0337428	0.68635843	264.74646	1.6763131	1.4883208	-0.079422997	0.22281541
825	4.1733844	0.43312032	2.676723	1577.8012	45.315064	3.6410135	0.12931536	-0.33856499
826	5.9081055	-1.3249776	1.2092603	3604.2183	66.577179	56.282618	0.22364647	0.5014561
827	2.7772526	0.72889514	0.56413633	2869.9811	33.771855	31.482896	0.0046993625	-0.085205684
828	0.95568678	0.68675647	2.4524507	3047.9028	15.596147	14.769688	-0.004514954	0.0081666968
829	6.1846504	-0.76578073	1.9226693	131.98259	1.4187247	1.2135268	0.059504923	0.11341112
830	2.4751098	-0.66798939	0.46606176	2443.3109	13.33224	12.86224	0.48326614	0.081368051
831	3.5283532	0.760458	2.2031658	2094.6381	14.398582	13.751444	-0.045579902	0.22994234
832	0.5671296	-0.61276965	1.0206154	1347.5291	39.967098	39.702979	-0.010759026	0.75751859
833	0.32652488	0.84232369	1.1669965	3558.4004	68.30447	60.065469	0.0042022036	0.29590625
834	4.0452212	0.7400575	2.1895156	1240.6953	10.622776	9.5709187	0.22287465	0.21513913
835	3.2483271	0.57522822	2.0888838	6803.7801	66.313545	63.25461	0.28633292	0.030767498
836	1.4178321	0.53837744	2.8166252	3797.565	13.7325	12.597437	0.00011888828	0.043914438
837	0.94395842	-1.3103633	0.83118417	10679.896	103.81699	93.087797	0.26356247	0.51704982
838	3.6356853	1.3910565	1.3491889	780.31581	29.473514	11.313081	0.014120192	-0.011941757
839	1.9279645	0.061478796	1.7415379	1095.9115	39.099912	26.68897	0.16245559	0.087499913
840	4.435509	-0.072134839	2.5236085	4806.1947	44.391509	13.458568	0.13613573	0.055994148
841	3.7249573	-0.23513734	2.3135836	2200.7805	35.995984	29.21256	-0.14591852	0.047215604
842	5.3617328	-0.77315007	0.75360097	433.94376	6.1374617	1.6600664	-0.00012174733	0.0888511
843	0.95254348	-0.261437	2.3257155	1379.0892	11.904945	10.744993	-0.0024945025	0.021155774
844	3.029567	0.9714508	0.1064176	4111.1157	15.15094	14.790138	0.15737208	0.0019193793
845	2.4209488	0.25307794	2.7930112	1848.1453	102.6563	30.854921	0.070149434	-0.021752917
846	2.0918747	1.1420983	2.2457404	4165.4081	52.76789	43.509255	-0.052547447	0.60206056
847	1.8714068	-0.83739619	1.9264508	537.49392	11.765881	9.9702033	0.048908588	0.018883018
848	0.07688303	-1.3324574	1.9981564	576.78163	10.468672	1.851952	0.0061303897	0.072969786
849	0.53933203	-0.50196281	2.2196852	2186.9188	11.857349	11.170608	0.33649466	0.055351206
850	0.59446988	-1.0740589	1.1864785	697.72308	14.959568	13.873455	0.0016921331	-0.0050610585
851	4.7281829	0.21700028	2.6359112	2305.3212	13.899518	13.676084	0.012909457	-0.075429264
852	0.83319182	0.33578894	1.8548726	1971.2291	44.71547	36.758548	0.023299135	0.081535682
853	1.5253544	-0.77413937	2.2494918	3208.8095	118.7686	48.807888	0.13230328	-0.068015291
854	3.6415198	-0.49119509	0.96441904	4590.6911	17.239747	17.195786	-0.081353469	0.17882321
855	4.5913417	0.014683414	1.8824458	4171.9569	67.110439	58.971809	0.10667666	0.059841818
856	6.1507213	0.96428588	2.9708664	2248.9168	50.583583	24.5796	-0.045515946	-0.1113527
857	1.5067157	-0.25401032	1.6869087	1529.0288	30.805593	23.895791	0.0045738083	0.16275996
858	2.1191327	0.26028417	2.8595868	9745.2286	57.201811	42.788349	0.021029461	-0.096790133
859	3.428175	1.1309934	1.3900453	5615.3911	71.967849	70.742673	0.0447047	-0.071033448
860	3.6291712	0.83921097	0.81131886	200.64033	1.6188766	1.3132118	0.040931138	-0.091617774
861	3.3568599	0.54488349	2.2570398	1917.3086	13.486236	9.5263941	0.21032839	0.11896476
862	5.8949079	-0.23284812	1.5304572	1264.4069	23.780007	3.4330334	-0.014839961	0.014720332
863	4.6900097	-0.2228892	1.1273459	3959.2791	25.659783	24.590277	0.031408478	0.27303759
864	6.2819093	0.087557451	2.8406906	2481.2795	32.682278	27.321808	-0.051461735	-0.10331332
865	3.5718386	-0.5954742	1.9921737	1977.1536	13.831154	12.200827	0.10002215	0.019945919
866	0.087747183	0.61048475	0.68781112	916.95664	11.623635	9.4574153	-0.22923341	0.11591428
867	0.17073513	-1.1454567	1.5975639	2787.6555	79.517502	44.624561	0.054333548	0.0050291484
868	5.9220112	0.56618785	2.1196308	298.85228	1.724755	1.6793257	-0.030905369	0.060643824
869	0.81032889	0.1318375	0.3971431	499.20713	2.07665	1.7895339	-0.04322672	0.1345964
870	2.8925553	-0.63697735	2.4917746	7729.909	67.890981	52.001241	-0.0050217229	0.24269873
871	3.9778999	-0.59938464	2.7352434	3976.4134	40.116002	14.902211	0.10280346	-0.19090359
872	3.9043137	0.6426612	0.38004701	2263.4721	13.841619	10.552438	0.0035547167	0.23271757
873	5.4008004	0.91217999	1.0106413	2483.2791	21.295598	12.911386	0.00037161773	0.010268976
874	2.4497051	-0.56983642	2.8300166	4728.3757	46.202585	30.154173	0.017994724	-0.017034796
875	5.5530755	0.096161607	2.8228582	1085.508	2.7641302	1.8423018	-0.18215354	-0.043928093
876	1.1116094	0.90339726	0.55622382	1088.4146	22.255703	1.5390115	0.10788498	-0.15622301
877	2.6894911	0.64489384	2.4759768	349.36059	3.8688176	2.4823608	0.17349287	0.079516803
878	5.1759748	-0.099448139	2.1907482	944.16151	11.453808	10.720551	0.14608716	-0.023199702
879	0.7366969	0.72306513	2.7439283	974.15159	12.424661	12.153957	-0.069285411	0.14960254
880	3.2540009	0.42559338	1.220461	1057.1599	39.974261	2.7263745	0.12521702	0.34529144
881	3.7123084	0.16196529	1.6492079	2670.0634	49.475082	38.933642	-0.074179329	0.1371421
882	2.6571464	-0.18729146	2.6980512	595.42318	10.076084	1.3323524	0.2609797	-0.0029405413
883	5.3032967	0.50360566	2.046241	2210.0957	11.873769	11.823808	0.014303929	-0.17464663
884	2.4041216	0.10705522	2.8642039	2196.8761	13.792158	11.301385	0.13552171	-0.06365743
885	4.8332992	-0.64549572	0.47301749	5648.2115	19.813329	16.404655	-0.052025326	0.086415087
886	5.8768873	-0.86801776	0.73643495	7575.1162	72.186924	37.783968	0.13413543	-0.12252278
887	1.2790212	0.62251984	0.92001559	295.31608	1.8423881	1.7647237	-0.0085457554	0.0082474368
888	4.7102745	0.26674113	1.8569356	466.36836	8.9160744	3.2710957	0.22851402	0.01509213
889	0.51091149	0.36517867	0.39251043	11454.34	87.755933	72.114317	0.51639683	0.14290232
890	5.9697367	-0.3517114	2.1256817	8933.3012	78.539925	59.53723	0.00021561009	-0.0088066259
891	2.552947	0.52381911	2.0315533	1959.4334	13.826448	12.255198	0.15897812	-0.10854135
892	0.57647477	0.97924433	0.93557624	316.55344	2.125434	1.7853094	0.014122588	-0.15098969
893	0.65026173	-1.3129303	1.077248	641.93622	14.681236	1.8305876	0.0078861524	0.069486462
894	6.2134514	-0.9907208	1.8292855	420.889	7.2432206	2.176715	0.082190913	0.0069360992
895	0.052682468	-0.83841561	2.7204638	4955.7957	48.112025	35.753737	0.062313784	0.024707021
896	4.0330707	-0.35470716	0.73302793	1655.4685	12.118116	11.916536	0.092347439	0.18850976
897	4.8978099	0.68216227	2.5767781	335.75934	1.4404266	1.3207345	0.03299193	0.089652913
898	5.2526707	-1.1629736	0.8775703	870.28927	12.255546	9.9700687	0.51425793	0.17195046
899	3.8401886	-0.59815377	0.15246071	2885.7969	14.685655	11.15035	-0.00023267698	0.63348433
900	4.8203884	0.10366773	2.5266171	11921.074	76.011661	65.775935	-0.054810267	0.050945785
901	4.7685348	-1.0641022	2.4175315	384.52686	8.6946726	1.4488466	-0.10519286	-0.035781648
902	4.572293	1.4468752	2.7608058	1112.4861	23.678847	17.073367	0.034173531	-0.074926856
903	0.61475291	-0.42185016	2.2919692	5762.054	66.790692	40.492587	0.093562264	-0.14301725
904	1.6773625	1.0277793	0.80398214	12055.81	70.881666	69.686307	0.17990383	0.13555863
905	3.0926757	0.91906425	0.89415169	3075.8221	14.442896	12.353025	0.19585962	0.27948122
906	2.7935442	0.03420905	0.20338017	6682.2416	72.167816	55.083995	0.048791698	-0.087801919
907	4.7989506	-0.20188065	1.6193586	560.43672	11.317063	9.4357558	0.020075258	0.2284975
908	0.53220245	0.30010322	2.6912448	2024.5656	9.0641281	3.170092	0.22579589	-0.21183578
909	1.6335067	0.45774052	1.6407304	1022.7314	46.068948	43.835642	0.36625707	0.020298259
910	5.8435209	0.40032936	2.0302789	1520.5687	12.944735	12.203853	0.041596604	0.03445421
911	1.7199204	1.0749111	1.423843	6566.5199	79.435102	59.532663	0.0056953628	0.16126529
912	1.4275301	0.39418829	1.2639862	5249.4853	37.006428	23.977545	0.36963979	0.01630773
913	1.8427765	-0.35255103	2.38008	804.13513	3.0788385	1.8812931	0.031156327	0.069435635
914	5.1247617	-0.26330131	2.1600384	525.69916	44.77961	36.187348	-0.052469834	0.00014790512
915	5.174538	-0.72804282	2.5541226	2335.2716	47.962871	40.272862	0.031675507	-0.0036435272
916	2.4482782	0.15529336	0.94440895	3203.2055	43.807883	43.108876	-0.19719214	0.0058400133
917	4.0550855	-0.87389729	2.1582672	816.7993	35.725675	17.660454	0.19917905	0.065317623
918	0.51617344	-0.095103885	2.1821691	7305.5096	61.271474	49.889773	0.27972563	-0.014913687
919	5.2818867	0.98747486	0.28598483	10022.873	68.449234	66.506762	0.0014668555	-0.11433343
920	1.926593	0.42932033	2.2881203	1873.5304	14.545889	12.409757	-0.075807621	0.027022404
921	0.023399896	0.80424385	1.5086877	4492.9653	54.27087	18.214144	0.13636341	0.1185553
922	0.44233168	0.22987619	1.1498657	8751.0249	120.64156	98.586668	0.15805962	0.065200771
923	2.2775007	0.21311822	2.9840579	3888.2874	107.41546	89.404845	0.35602033	-0.00043261863
924	1.8465272	-0.7417613	2.9284273	801.50211	1.7446598	1.5171383	-0.0022947621	-0.17339058
925	2.4255117	0.28127571	2.8519114	6200.7639	54.757137	47.985913	-0.41617079	0.063093993
926	6.0632581	-0.78980691	2.2249706	8486.4789	69.1638	65.04509	-0.11441958	-0.082594051
927	3.3325517	-0.17056033	0.52563426	1586.2956	9.8440899	6.3835769	0.0053399467	0.12788687
928	5.0024007	0.41481942	0.7976291	5689.326	44.569108	17.51992	0.22181692	-0.07083799
929	0.15882877	-0.78077248	2.4259672	13215.482	175.67582	117.74111	0.019444962	0.21047051
930	4.7426039	-0.46939647	0.62763763	1512.7019	11.672206	11.161669	-0.1200048	0.094531013
931	4.232707	0.62530562	1.0275107	274.57067	1.9244613	1.5752011	-0.22734948	0.020647286
932	5.9925371	-0.95491199	0.96997892	4041.8264	31.988962	25.751236	0.04558457	0.037610818
933	3.4366987	1.1371214	2.8160368	5351.3019	59.87409	47.805039	0.0080881824	0.062951262
934	6.1424253	-0.47550418	2.7343682	6102.3297	45.736017	39.415459	0.11362357	0.012372492
935	3.655103	0.48953008	2.287055	5551.2665	51.923254	47.347739	0.055113515	-0.021179798
936	5.9243265	-0.86934023	1.879404	212.54405	2.4003836	1.534801	-0.091567965	0.24128404
937	2.0987188	0.022804441	1.2141549	454.13988	2.2427709	1.4380898	-0.18714016	-0.069256381
938	4.181764	0.47456007	0.74988261	4099.4081	28.932908	23.96666	0.0017035873	0.014654615
939	2.0726735	-0.30837388	2.7668368	1247.3377	2.9967126	1.8773894	0.024877012	0.010163463
940	6.002164	1.1587567	2.9590777	288.37594	1.4092902	1.3883929	-0.010709646	0.085646017
941	5.4467005	-0.075694838	0.47992033	737.76817	2.3097313	1.5448375	0.13337954	0.048393918
942	5.5881172	-0.041354191	0.85029998	2141.5585	12.199879	12.051383	0.12795991	-0.025766265
943	1.8461695	0.15599487	2.9372222	329.18262	10.850804	1.3080761	0.063989431	-0.0090658237
944	3.0133291	0.31479657	2.3705239	3631.5182	29.553192	18.180353	0.17612757	-0.008114107
945	4.6464016	0.30388044	2.9248145	8631.715	61.970085	53.633615	0.1768164	-0.4171152
946	4.2940118	0.96760291	2.7897004	6119.0135	35.405298	31.918948	-0.21303783	0.14974261
947	5.2651169	-0.8831334	1.2928593	1153.3626	12.412784	11.290413	0.072347624	0.10252435
948	2.9388456	-0.20430036	2.3115543	1931.2773	11.500829	11.209931	0.080352097	-0.028356146
949	4.1635911	0.38218711	1.7863056	501.30432	9.0967978	1.4844023	0.052827621	0.1872278
950	3.5611457	0.76261987	1.1760435	6478.4148	80.347861	51.742323	-0.17481486	-0.023355778
951	3.4072906	0.5562685	0.1893422	4820.6537	59.047484	38.498457	0.31770707	-0.00082801891
952	6.1069473	-0.24011475	1.8283061	1365.4188	25.069576	4.9090929	0.39032845	0.14998275
953	3.9089746	-0.66672438	0.77339487	536.59646	8.4192403	1.3875635	0.17220465	0.0082216295
954	0.48161661	-0.61110106	0.73063054	2289.0997	14.826236	13.006393	0.14651933	-0.028316151
955	4.8158218	-0.51474442	0.45387181	7619.8269	66.924436	59.091687	-0.0032519605	0.15625158
956	2.9998851	-0.54636117	0.45162536	3739.9925	55.00348	48.81594	0.18907766	0.19480421
957	1.5866984	-1.0588393	2.0355359	450.25265	9.7767268	9.5559114	-0.1377481	0.16991131
958	3.9580361	0.78526818	2.4527416	1217.1596	10.297818	2.0619488	0.051575723	0.03719604
959	4.3346626	-0.71549329	2.6563139	1030.3533	11.839015	4.0157872	-0.061506645	-0.0072703601
960	5.2752625	-0.23194395	1.1581122	3074.1974	111.2699	49.482775	0.097603001	0.453996
961	6.1738417	-1.0294137	2.6586846	931.04365	3.9350642	2.4852997	0.00092608432	-0.009963564
962	0.95630496	-1.1755016	0.12696009	15685.118	154.16841	86.798959	-0.069272639	0.18597937
963	3.4094693	-0.8814491	0.77052682	1889.5381	47.419306	40.32825	0.042924653	-0.16661648
964	4.04471	1.3062338	1.7350605	3402.6837	71.005017	54.109078	0.023297696	0.038668726
965	2.7588331	-0.94735938	0.81253805	1615.2072	12.016997	11.93865	-0.12362012	0.03568067
966	4.0221462	0.35624952	2.0370087	341.96592	9.1445995	7.551936	-0.045286245	0.010789634
967	1.8616346	-0.89602044	2.6862001	3144.7955	13.856565	12.638681	0.17349378	0.054389907
968	0.23418153	-0.055906998	0.41835642	2107.4003	39.464776	24.278556	0.11912103	-0.13932017
969	5.3722069	-0.3935432	0.50058793	781.10931	41.108778	29.271356	-0.41908246	-0.12616528
970	2.8926328	1.2791056	2.854603	1007.1807	1.7783147	1.742028	-0.031291444	0.0011063095
971	1.0662136	-0.30939871	0.54273959	9907.6865	69.856657	61.881865	0.0015114501	0.17926021
972	5.4951149	-0.26222981	1.1089101	3365.5369	52.745233	19.131516	0.062428209	0.35914702
973	2.6752802	-0.060971637	2.1791781	899.43858	32.000621	30.381169	-0.17060163	0.21039598
974	4.5649069	-1.0674127	1.8564369	3025.6883	46.029484	38.305059	0.012238038	0.20643559
975	5.8047445	0.56200793	0.38623356	6243.0497	83.23023	66.821332	0.19868904	0.18978667
976	3.566673	0.36371943	0.69440352	512.74387	1.6185254	1.2956322	0.069674727	0.029345669
977	2.960476	1.1950413	0.84156371	1333.9027	33.337425	2.8016148	-0.22068765	-0.073942034
978	5.2992921	-0.16813859	0.89695189	4519.3944	45.436903	36.86556	-0.47966546	-0.036057804
979	2.7281858	-0.67445402	2.4788523	6471.8508	86.51676	58.210492	0.033621657	-0.036129656
980	5.4030286	-0.68211673	1.1712272	882.43662	11.460477	11.389707	-0.0011798161	-0.034584434
981	2.6405742	0.77483152	2.7239701	6038.7933	18.047195	17.952625	0.035077648	0.35611153
982	4.0229449	-0.87767046	1.1858466	2184.6781	51.047094	38.881976	0.12833034	-0.030559931
983	1.654581	0.036907983	2.5987605	2472.4724	12.650576	12.25085	0.027454491	0.31814358
984	3.3029174	0.48636669	1.494786	3161.9477	49.740042	49.334842	-0.0045959719	-0.17609339
985	0.7931865	0.41882167	0.75960735	15513.44	105.24576	99.175788	0.0042648158	0.042910203
986	3.1864022	0.15292506	2.7649189	13693.823	108.48183	97.687276	-0.0035525389	0.089527227
987	5.1884787	-0.0010220232	0.93094427	1853.7047	14.443305	10.479577	-0.058564294	-0.039411671
988	0.44306987	0.083199332	2.6901986	3019.0184	13.497635	11.512801	0.015877474	0.03686438
989	2.8993238	0.062378186	1.781256	786.27154	11.801655	1.5688575	0.061046723	0.030078983
990	1.1516769	-0.63510203	0.68798152	1677.6138	32.647039	19.967564	0.31886373	0.00014770133
991	0.95778798	-0.33139907	0.36176094	6947.4289	46.32108	19.063084	-0.16216669	0.12021054
992	3.6717539	-0.042381013	0.3729309	2030.1182	29.181234	13.074236	0.0834964	0.013254496
993	6.1793294	-1.0586067	1.6060316	365.76154	10.278263	9.6067018	0.037668213	-0.0087940153
994	4.7995471	-0.59475952	2.9055615	580.56404	1.5132152	1.4530519	-0.0063385061	0.043193856
995	1.5826479	0.076598469	1.5702834	1516.1911	37.455655	29.817694	0.10231128	-0.0031515912
996	3.860075	0.79857086	2.8755265	10705.331	178.81608	79.521197	0.097603001	0.453996
997	3.8343429	-1.130343	1.9908395	4868.4971	67.760844	39.356335	-0.11834561	0.070424332
998	3.2686405	-0.80544784	1.6995378	2119.5233	128.48594	42.123749	-0.38726155	-0.063074218
999	1.9706309	0.33962235	2.7923174	3021.6272	14.138994	13.925395	0.11690173	0.075689233
1000	2.1782159	-0.1993409	1.0274183	186.56513	74.109485	17.653566	0.11112279	0.10971157
1001	0.82076909	-1.2073294	1.0220244	2303.4566	53.275042	32.998003	0.021711157	0.05006086
1002	1.15765	-1.1245549	2.2634604	4081.8353	59.782166	30.463866	0.094016366	0.13382335
1003	3.0313232	0.61838402	2.9540858	6063.3705	53.794521	44.220153	-0.013111951	0.0046643195
1004	4.3808686	-0.63270065	2.7013322	5691.2359	73.712084	65.020064	0.12062858	-0.020375527
1005	5.3504014	0.67241471	1.5031451	426.28923	19.876385	10.156889	0.0041604447	-0.045279383
1006	3.5230081	0.57768692	0.84879571	1443.25	15.031799	12.27452	0.059442276	0.021888794
1007	2.6281548	-0.68541831	2.8203825	244.86477	3.0153803	2.0624536	0.06770237	0.19236213
1008	0.83166548	0.59349666	0.86128525	2091.3606	12.243809	11.519016	-0.49210297	-0.00061495248
1009	1.945415	-0.22953921	1.071389	428.90692	9.594747	8.3173307	0.15739861	0.31668258
1010	5.7925746	0.58736734	0.7325652	5694.0083	18.818964	15.523774	-0.37248825	0.032955104
1011	0.87388335	-0.82335609	2.5190622	7324.1287	67.791601	42.614868	0.055316327	0.025444831
1012	5.4240731	0.73196492	0.59689243	5989.6784	18.761526	16.018082	0.20638393	-0.026292793
1013	3.6925027	-1.0081899	2.0412045	3066.2001	52.007473	48.958997	0.032618349	0.18642796
1014	5.8515478	0.33568489	0.89903856	4220.995	69.271733	56.255799	0.038423086	0.042339116
1015	5.1340322	-1.2206848	2.5664709	2727.5905	13.782565	12.036062	0.11713025	0.27719953
1016	4.0453523	-0.99680536	1.3623852	523.679	33.841794	21.98652	0.043069831	0.13313867
1017	3.4334982	1.3433052	2.5719125	5385.2644	18.174624	16.188657	-0.057871303	0.20649329
1018	2.6783915	0.49480351	2.9559658	1494.8744	11.079876	9.8395263	0.031281043	0.25210818
1019	0.082489989	0.56358971	2.3980443	2706.7596	56.013279	42.333011	-0.3020334	0.021810503
1020	5.3402514	0.33395119	0.44391008	753.19947	35.801805	34.194906	-0.020330151	0.0018248568
1021	2.485102	1.1266097	2.4803078	1727.8198	24.435963	9.9899474	-0.024866884	-0.16673215
1022	2.1703264	-0.31815195	2.8738421	1577.0677	30.125461	27.450021	-0.01470197	-0.013706742
1023	1.0172336	0.69587669	2.1023883	3786.4456	59.499685	55.002084	-0.041260207	0.084854979
1024	5.3651636	-0.77341336	0.32603602	4837.588	14.850236	11.229519	0.097087225	0.01926222
1025	0.46164741	-0.092773964	1.6264246	1232.9389	20.578291	11.299326	-0.066054921	0.29958925
1026	5.0594144	0.15243394	2.4675782	4783.9074	33.059834	32.751585	0.0021972651	0.054385938
1027	5.6404465	-0.64894106	2.7347693	1622.1494	12.090678	10.091472	0.40974731	0.0025482196
1028	1.3614198	-0.19479846	0.42093542	1275.8195	2.1894702	1.9905719	0.060962982	-0.09052138
1029	3.6014064	-0.41825426	2.8233775	12277.765	63.293743	41.51706	0.11596533	0.058074316
1030	2.3349904	0.73373136	2.502218	695.20335	9.4629412	1.7973166	-0.17264383	0.14007299
1031	4.4437011	-0.58447847	2.4958853	843.15164	10.970539	1.6340041	0.17927053	-0.0037043026
1032	5.6754519	-0.11437658	0.93994154	3507.9393	47.188553	44.197707	-0.20514173	0.10674276
1033	3.3378719	-1.0500863	0.60261561	6264.8427	58.946256	58.38599	0.044259374	-0.11905069
1034	3.7483555	0.5103342	0.27882059	5435.4945	45.50483	18.45603	0.070200737	0.46169821
1035	2.0179782	-1.1889297	0.72470609	3377.0839	80.084613	34.676699	0.12195769	0.11889365
1036	5.3429582	1.1201836	1.6657939	1227.7929	38.524108	38.272002	0.26398631	0.00022337774
1037	2.4218018	0.1439212	1.3164035	888.15912	7.6659031	2.2925172	0.05116195	0.06687539
1038	2.6745451	1.3262675	2.8343813	4994.3797	171.97688	118.19272	0.28658404	0.096133873
1039	3.5357453	0.72831722	0.38649214	665.14494	1.975033	1.5752281	0.19817638	0.22175609
1040	1.2259619	0.85695789	2.3607029	3605.2342	61.503022	58.382471	0.14689764	-0.017064294
1041	5.3406139	0.50647169	2.9135553	8110.2122	47.014284	42.532098	0.061811521	0.062353695
1042	0.16688788	-0.35185476	0.81743766	3149.9761	103.00642	53.096917	0.17097917	0.010863064
1043	4.8129023	-0.73799749	2.7825868	1608.6619	11.227144	11.097215	-0.37922246	0.051820854
1044	2.6752089	0.63888165	2.516883	3741.527	12.576767	10.751344	0.010240029	0.1697546
1045	4.1995954	-1.148687	0.80352882	4171.1685	16.360921	14.185949	0.40998235	0.1366645
1046	4.1968364	0.4211884	0.58677987	4386.7959	16.583812	16.43509	0.051563749	0.10451465
1047	1.8543768	0.86113789	1.2614826	3113.6243	34.429714	12.577453	0.050634644	-0.06133185
1048	1.6521714	-0.37849192	0.92333042	1344.1499	11.475065	5.1233032	0.23731708	0.11497815
1049	4.7874923	-0.8526146	2.1991617	904.36813	3.2112221	2.2745028	0.063031151	0.13090884
1050	5.8350669	-0.18353019	2.6732591	1100.0135	9.8056991	9.7842073	0.44611947	0.29989145
1051	0.19617742	0.068579279	1.923374	546.24838	2.2154471	1.5691084	0.013389145	-0.25203171
1052	4.3139253	-1.2180957	1.1652831	4056.3636	57.724647	56.987836	0.12768368	0.0023929642
1053	0.87964541	-1.0764963	0.90901487	491.85145	2.1515188	1.4888519	-0.015880831	0.038026625
1054	4.2005184	0.74689065	2.7490041	416.11996	1.7249121	1.5192924	0.01239908	-0.029300758
1055	2.9476367	0.22631447	2.896741	1235.7075	10.639493	2.5952288	0.10658299	0.099901476
1056	1.1000029	-0.27224823	2.5032169	1941.7462	11.867995	10.232214	0.053199398	0.12814176
1057	4.6103201	-0.72769659	2.986707	202.88127	4.0446302	3.3102892	-0.043885413	-0.003575163
1058	4.8692727	0.67724289	1.1976984	1386.0267	26.044966	4.4453438	0.09465959	0.20281028
1059	6.2289819	0.61244783	0.094055017	3313.9906	70.219105	41.439365	0.35764677	0.096893855
1060	5.6601807	-0.81412038	2.4636264	417.43246	1.6349021	1.3553404	-0.14099359	0.034685832
1061	2.1539093	0.46768821	2.6642966	380.68541	1.8866725	1.5186954	0.075679871	0.1583501
1062	2.1127619	-0.0078319247	1.640159	4574.0228	58.764114	58.082954	0.202378	0.0058264866
1063	0.44133456	-0.97534803	0.49833497	5333.2716	56.351718	47.876109	0.0010304515	0.3059536
1064	1.1867368	-0.072567207	1.9309171	4940.3839	58.643005	54.976722	0.015687403	0.028447078
1065	0.52744919	-0.72141242	2.88001	2186.7199	49.906562	48.57457	0.084698207	0.064507251
1066	3.7279617	-1.2743387	2.4454161	5817.8292	61.195001	41.360934	0.021344817	0.045603992
1067	1.728234	-1.0512462	0.36469702	2650.3462	52.459332	37.35126	0.070368787	0.033928776
1068	1.4506346	-1.1057608	2.7839555	11501.188	23.940348	21.534154	0.33145152	0.38252933
1069	3.7808532	-0.097358927	1.0788257	1203.0167	11.366233	10.681642	0.039944602	0.12134666
1070	2.1296764	-0.57450167	0.43383431	1577.6726	10.875472	4.7684964	0.099259965	-0.10520795
1071	5.8410427	-1.2658622	1.0543364	440.61958	1.8623504	1.328484	0.037112247	-0.089440762
1072	3.744149	0.26600627	2.163425	3069.5609	47.220816	29.443537	-0.050542148	0.00084912054
1073	5.865932	1.2846237	2.2284208	1512.6231	11.233506	10.996552	0.04668524	0.25892972
1074	5.7625971	0.42320823	2.7171908	12884.127	84.229279	55.31429	-0.20543223	0.087139224
1075	2.4926002	0.83059413	1.0663491	1589.2734	13.109444	10.669629	0.14741429	0.043647314
1076	1.3185317	-0.13806278	0.52990209	8801.8198	68.68918	52.264822	0.059719595	0.073859008
1077	1.3336348	-0.62681252	2.8578614	1183.0702	12.319261	2.3318254	-0.023101828	0.089893638
1078	1.0169541	0.7814299	2.7293807	11558.139	110.12504	57.458871	-0.069456554	-0.18978321
1079	0.36709956	1.1305896	1.7316348	308.92437	8.6946479	3.2089322	0.19005312	-0.2214702
1080	0.68678867	0.24063061	1.2098443	3109.7443	42.486185	36.186403	0.02071532	-0.078668496
1081	5.2578361	-0.73542584	2.4178616	760.65404	2.6190438	1.7370009	0.020277302	0.010742076
1082	5.0218813	-0.33800337	3.0524978	878.9152	5.2375616	2.6144791	-0.054948618	-0.14817611
1083	2.2263851	-0.17536748	2.0533852	6445.4076	62.811464	50.360613	-0.013860746	-0.0022417995
1084	4.6924281	-0.227141	2.5575968	2883.864	12.203202	10.480831	0.012001856	-0.095032716
1085	6.1916736	-1.1991698	0.32505891	4397.9809	23.401683	16.332488	0.15687006	0.029309413
1086	4.4916691	-0.55944865	0.94292247	9280.7901	46.536504	30.648235	0.045548272	-0.014993596
1087	3.017176	-0.69841371	0.37951819	7212.4664	44.914228	43.224068	0.008796377	-0.22015906
1088	6.0604071	-0.47755148	0.2346249	411.97065	1.7771858	1.3239234	0.00030426431	0.044588444
1089	4.0940408	-0.31354278	2.5949115	1962.0946	14.49654	12.723887	0.0029708045	0.16375528
1090	4.8843046	1.3370303	2.6164987	1198.8762	13.116784	9.3117592	0.29696791	-0.010637205
1091	0.026563483	0.85044695	0.72287657	10576.565	83.281649	74.740314	0.0027044853	0.012472901
1092	0.6261882	-1.0698344	2.4013577	3759.8161	32.789463	14.553749	-0.04098127	0.073307359
1093	2.9982588	0.42685313	1.8809936	776.20735	10.074802	4.6986557	-0.0023519073	-0.10310268
1094	1.7243381	-0.014720362	0.75788784	2429.4627	36.102943	14.219707	-0.10939805	0.0012314373
1095	4.0739744	0.22139866	1.7034989	2291.5151	52.416128	47.492142	0.027064191	0.17958216
1096	3.6175024	0.94122621	1.0552598	4790.8141	32.72679	31.472222	0.0067871871	0.0022132419
1097	4.0197799	-0.72744675	0.7705026	10568.661	99.27463	86.407411	0.31475231	0.34865622
1098	0.63789334	-0.4013371	0.71285616	860.17353	1.7956911	1.593656	0.0064030176	0.10502295
1099	3.8240387	-0.25949979	2.4535767	401.6237	9.977933	1.474961	0.28192963	-0.082238213
1100	3.8083474	0.75074023	0.96346916	1182.0369	10.252225	9.798498	0.17313661	0.049358824
1101	2.2861285	0.19861677	0.22589257	4207.9862	81.995889	35.110257	0.20802354	-0.20688127
1102	0.11697315	-0.28126323	0.45780795	2126.1555	12.414549	11.241351	0.27461769	-0.26748809
1103	1.3513808	-0.71881317	1.9647557	5994.181	34.248051	29.767934	0.07177078	-0.00074935552
1104	4.7244236	0.056282223	1.324838	1923.7706	55.966935	46.892816	-0.16258253	0.10380162
1105	0.056117424	0.8465239	0.20827273	2210.9726	32.77523	10.927559	0.30739645	0.0038553734
1106	0.52401605	-0.77723813	1.099284	1950.4856	36.343395	31.959803	-0.21175237	0.12965885
1107	1.0070958	-0.44232922	2.5725645	1318.0408	27.474725	21.860319	-0.018811702	-0.014950711
1108	1.4266842	-1.3575707	1.0758658	368.75355	1.8898939	1.3662249	0.070206093	0.23011029
1109	0.70073408	-0.27425816	2.3255553	3413.3458	35.146634	13.789134	0.14109469	0.29254703
1110	1.6731186	0.57138334	1.3048092	614.02912	1.5423608	1.432829	0.067216515	0.0047253495
1111	5.6968449	-0.89248393	0.16858295	722.50736	29.154963	25.651641	-0.08538289	0.12935551
1112	3.844436	0.72105317	0.70244256	4007.6275	55.501235	31.861785	0.013100398	-0.035488386
1113	0.60168923	-0.81298131	1.0458298	3902.5122	46.76862	40.535017	-0.048588405	0.090359379
1114	1.8078728	-1.1514748	0.20185251	22192.728	143.96098	125.70024	-0.094667275	-0.28171791
1115	5.2452587	-0.22224469	2.6382927	2700.1189	12.371129	12.075502	-0.18621927	0.12031835
1116	2.2299417	0.66770611	0.65318393	1193.0916	11.405375	8.9211365	-0.17708749	0.0033990085
1117	0.76075341	0.75628767	1.501846	359.49969	38.490099	28.198363	-0.019086819	-0.00509774
1118	4.1092103	0.54221919	0.2668708	3488.6541	56.900093	37.600661	-0.26035048	0.0075565475
1119	5.5624291	-0.76903248	2.1075677	4287.5994	35.739149	26.868946	0.3256627	-0.079898977
1120	4.8981182	1.4185234	0.4027041	2837.7934	33.815118	33.195205	-0.036446962	0.21508409
1121	2.5829261	0.84918406	2.4680624	2219.1599	13.622009	13.366351	-0.47759636	-0.013088147
1122	0.97261499	0.71341181	2.509168	2300.7017	31.397075	30.423837	-0.10570329	0.2828412
1123	1.6630117	0.17495795	2.8414134	1436.8468	37.590034	34.178154	0.070645368	0.049260885
1124	1.8816028	0.020790945	2.590053	1896.9572	11.24654	2.7229182	-0.030145378	-0.17971207
1125	6.2070863	-1.2379706	2.5851742	4455.0639	59.41053	59.212042	0.0048541052	0.08323951
1126	1.9591477	0.65649174	0.90121406	1370.0442	12.688802	11.244428	0.22733572	0.078603928
1127	5.3687331	-0.7880957	1.0652463	2054.9097	36.631109	22.632115	0.15276762	-0.083792405
1128	4.4922154	-0.030404009	0.31188722	482.55712	1.7459744	1.6009323	0.060856537	-0.00058207345
1129	0.84475054	0.19486918	0.50561171	2458.9195	15.567796	11.252313	-0.58672878	0.12167866
1130	2.4894317	0.62863503	0.15701689	950.46452	2.8273484	1.7302884	0.19358471	-0.052503974
1131	0.21508223	-1.4333916	0.15254578	10361.664	74.913383	70.362754	-0.044488288	0.042747795
1132	4.3550949	0.74168988	3.100806	719.64522	9.6745301	3.8421804	0.014500306	0.22898285
1133	5.5023342	-0.26015489	2.7023484	2905.7208	12.280549	11.298996	0.046830843	0.15738858
1134	1.733168	0.88694555	2.0669034	2166.6686	27.479794	15.724443	-0.017749721	0.041000976
1135	0.29294951	1.1813906	1.0400274	14876.647	99.792959	77.390594	0.034669021	-0.3064073
1136	3.3633705	0.46369235	1.2699894	2189.7436	43.314079	35.043575	0.24807235	0.15297696
1137	6.1872948	1.0557247	0.11690254	2629.2982	38.539401	11.824982	0.1415599	-0.003546609
1138	0.4478032	-0.9439542	0.7871509	353.23413	8.9143303	1.3220978	0.078525317	-0.068450574
1139	5.3731532	0.67501638	0.9578596	3952.6266	40.49813	35.59937	0.17220137	0.080666955
1140	4.7948818	-1.1693086	0.34662276	1983.9604	23.390948	11.555998	-0.0084338499	0.48966837
1141	2.7252335	-0.68940435	1.4674714	1356.5732	37.541002	13.477776	0.09777235	0.041686122
1142	4.3299409	-0.33409495	2.4546678	3793.1299	15.491876	15.224133	0.14657251	0.06799179
1143	3.9756064	-1.0720668	1.113636	2554.8872	57.533333	52.013179	-0.072972584	0.08128042
1144	6.1904535	-1.2688863	1.8054999	7807.1418	91.874426	73.900954	7.975303e-05	-0.0090606327
1145	3.7944198	1.2001742	2.2084941	1801.7748	12.78274	10.164704	-0.008163117	-0.0080162804
1146	2.5582533	0.0071265599	0.91274962	1031.2704	30.623737	18.92528	0.032893281	0.53080301
1147	2.2788847	-1.0055665	0.97942535	3765.7266	106.14335	34.770616	0.16167524	-0.14356386
1148	2.5008598	0.29466184	1.3553331	2551.2501	42.644031	36.388922	0.038411249	0.052128824
1149	2.293798	0.70720618	2.5611849	707.85403	2.8894203	1.5384388	-0.096270241	-0.16700705
1150	4.9796524	0.86404419	0.40070895	2172.0144	12.580922	3.6675	0.015845512	-0.010856202
1151	1.4604907	-0.28113027	0.84494944	3950.395	56.126005	37.097634	0.013258907	0.11258473
1152	4.9998632	-1.2311237	0.72282261	2698.1842	49.20304	47.590469	0.12681706	0.016943269
1153	0.7644122	-1.1113948	0.50790457	1980.0349	13.370681	11.595165	-0.10061725	0.2872352
1154	4.7325548	-0.05908616	1.0331782	861.13161	10.265453	9.7135418	0.21525998	-0.071546336
1155	4.5559034	0.97358443	2.4795846	3820.2565	99.431729	88.796194	0.060606936	0.11493553
1156	1.5682444	0.173331	1.1935667	2145.8153	55.110512	48.0237	0.31452871	0.035494736
1157	4.7567896	0.069776716	0.5490386	1801.0932	12.427364	9.9000475	0.047654091	0.033080563
1158	5.3197008	0.44987752	1.3553502	221.43166	4.5083731	1.5834686	0.012071917	0.046714128
1159	0.19842273	-0.32618103	0.31987537	5993.7202	72.777479	39.089861	0.07582083	0.35508851
1160	1.3390355	-1.1507796	1.1530591	433.37104	2.9850505	2.4200978	-0.0098369936	-0.023022612
1161	0.66485522	0.015430767	2.6501219	1740.5025	41.263794	38.428028	-0.0010144016	0.028195193
1162	3.7899967	-1.4318411	2.4439608	1964.3577	14.624728	12.040474	-0.025678034	-0.12440539
1163	6.1708667	0.41301456	0.78851569	2417.9511	55.730089	45.298876	0.19799466	0.13635234
1164	0.6224066	-0.22723857	1.1371062	519.05099	11.249931	10.901999	-0.11143867	0.0089492515
1165	2.6269706	-0.88918035	0.7065317	1497.9122	12.013859	9.5304264	-0.053911253	0.048536446
1166	5.3940103	-0.62125865	1.7956504	1676.4437	48.706558	39.326576	0.24137473	0.097989312
1167	5.9406209	-0.13385379	2.573563	5459.8869	71.426527	67.387925	0.093346311	0.084182465
1168	4.4727946	-0.88065378	0.18420385	1456.4665	9.6435651	9.315955	-0.0028383492	-0.0038826456
1169	4.9959689	0.41836192	1.8545265	1313.1511	17.974696	15.333722	0.052886396	-0.063126766
1170	0.46579382	-0.45028093	2.7728818	1678.5698	13.066607	2.18891	0.001204223	0.062573708
1171	4.4902038	0.057986412	2.8653495	6278.9181	46.6663	42.912642	0.01288496	-0.076291579
1172	2.1456557	0.58522957	2.7950081	3245.8166	14.14418	12.867177	-0.050439236	0.0012674047
1173	4.0496229	-0.24645873	1.8793339	3189.8841	93.584118	58.519355	-0.032206661	0.074505915
1174	6.2699303	-0.8601358	2.3652118	5088.9784	15.198072	15.158107	-0.034051444	0.0085485313
1175	3.5704939	0.98803941	2.0322611	941.00953	23.331628	16.486822	-0.074845866	0.013053422
1176	5.0883526	0.80511333	0.34831616	2876.5773	56.292308	50.251928	0.026689178	0.096241365
1177	5.4132689	0.89275749	2.6587723	2667.8364	15.068941	13.674444	0.035417275	0.0078043313
1178	2.1840554	0.59980574	2.4968895	8408.2879	66.518179	52.240107	-0.0026778863	-0.18058553
1179	0.78972699	0.70023176	0.15708049	15091.681	106.53112	95.64614	0.10657989	-0.0048446241
1180	0.83727841	-0.86059614	0.92164299	6675.3367	62.227078	59.997236	0.33684566	0.026427791
1181	2.1275185	0.016651295	0.48183764	2555.0067	13.3189	12.522532	-0.022955194	-0.022123653
1182	0.78660896	-0.025886577	2.8894144	7953.988	56.680974	50.783842	0.14822319	0.046176254
1183	0.66627845	0.37944218	1.259583	167.10554	1.7661188	1.7139132	-0.15006271	-0.014560235
1184	3.2539882	0.30824865	2.3549985	2580.3966	40.1843	34.165357	0.21616102	-0.27128792
1185	4.9315127	-1.0457197	2.5854162	3750.8908	38.551462	34.687611	0.050534279	0.0074090033
1186	2.8580831	-0.49404636	0.99703385	2075.8564	44.488208	39.681581	0.059776806	0.05259275
1187	1.9541422	0.74476769	2.3645674	7294.3277	125.24228	51.478026	0.0089620704	-0.023370679
1188	4.2462193	-0.63229179	0.14119968	418.51382	1.3938535	1.3592178	0.077001003	0.0040830375
1189	3.5526278	-0.27419325	2.4116595	2882.4115	116.15684	53.804403	-0.20720818	-0.01438674
1190	4.1485742	-0.030583468	2.2609757	5471.035	64.75936	52.287416	0.078451371	-0.064640129
1191	3.544426	-0.38556538	1.6165361	2873.9788	51.331623	42.616192	0.28453215	0.02326574
1192	4.4191588	-0.50021355	0.71534571	539.67424	10.09088	2.0520798	0.053619146	-0.17207784
1193	5.3314468	0.032740472	0.93855984	1861.9689	40.293881	25.486396	0.2442938	0.0027107395
1194	1.6679436	0.63644308	1.2298762	5658.3957	55.503327	27.867112	0.034229632	-0.13391467
1195	5.688887	-0.42827691	0.74339143	4549.5847	53.57492	42.885574	-0.18486091	0.46547382
1196	1.1904554	0.37677729	0.49363113	6534.8946	74.720131	70.976151	-0.0031909426	0.15092649
1197	5.9312373	0.4812915	0.11165518	10147.46	101.15516	26.453147	0.084366008	0.081700707
1198	4.3070853	-0.29307261	0.61979469	1599.0863	10.252466	1.756175	0.10555642	0.061170291
1199	0.56388468	0.54473803	0.76083603	2653.546	46.595609	44.124826	-0.00076282207	0.0086128555
1200	6.1987127	-0.35399112	1.021492	3945.2571	54.826455	41.248506	-0.19745865	-0.061797824
1201	5.5363035	-0.026501027	0.82021614	1386.94	11.565169	3.0587896	0.078389878	0.049457199
1202	5.8816758	0.62305807	2.3155744	2689.0213	35.547211	34.625151	0.12330347	-0.056527199
1203	5.5144079	0.54331896	2.8131517	8302.9332	41.467077	21.956777	0.015724326	0.015888198
1204	2.7785913	0.097516581	2.8107844	548.68837	3.1190586	1.9250905	0.035250633	-0.090341578
1205	1.4208019	0.11807388	0.75307133	2394.5014	9.4727079	3.4835265	0.00038813827	-0.066049783
1206	1.0248973	-0.086391909	2.6954781	2123.473	11.398498	3.2233505	-0.40950903	0.012078542
1207	1.7303231	0.40535128	2.7308052	456.57483	1.2960823	1.2712621	-0.053253587	-0.12326904
1208	5.8083022	0.50032794	2.4978603	4384.0625	66.036492	37.53214	0.050313265	0.013859011
1209	2.0527203	1.1403569	2.3593162	3013.2231	14.323856	13.768847	-0.13989536	-0.047211006
1210	4.1805883	0.3497275	2.4372717	4360.2326	53.742368	17.396815	0.023483207	-0.080682122
1211	5.3397349	1.0416632	2.9107642	5105.2874	17.156808	16.860564	0.10973505	0.13163218
1212	3.1270532	0.73741529	2.0016691	3845.454	56.274931	53.417694	0.011952177	0.088194566
1213	1.3143213	0.56115426	2.4488415	9176.2207	43.552859	36.075687	0.038814373	0.034409505
1214	1.3858834	-1.0411566	0.41271367	10133.49	82.013939	73.622707	0.11062507	0.029851491
1215	3.6819257	-1.1319007	2.7752409	2587.7911	17.525425	14.688038	0.31510901	-0.10539405
1216	4.8547237	-0.26094495	0.62032033	11279.824	54.921484	49.442211	0.017770084	-0.21251821
1217	4.4514088	-0.78183191	2.961072	12895.72	100.665	88.57726	-0.11108319	0.0027142209
1218	4.7033078	-0.47086633	2.0315314	9528.8717	61.245361	42.976387	-0.15147826	0.016848528
1219	0.2636156	0.52954816	2.7204297	2935.6321	13.058403	11.59469	0.048037249	0.36630384
1220	1.8549982	0.32200131	1.268953	5123.1886	134.19821	133.21431	0.03410234	0.028840545
1221	5.5339551	0.8814306	2.8583537	2387.6291	28.795177	13.76629	0.25251967	-0.16901353
1222	1.45224	0.5367514	0.90470039	17881.368	242.06019	237.86368	-0.10764161	-0.017889763
1223	3.1111421	0.55223591	1.917595	3000.6313	35.311826	33.982897	0.16304653	0.0056104353
1224	3.7892828	0.79142853	2.0095681	752.26185	1.5710167	1.5185198	-0.096120848	-0.00013087046
1225	1.4952577	-0.42529021	2.3940822	1454.813	12.70787	10.806205	-0.077445989	0.040794602
1226	4.6335457	-0.56560978	0.92238497	11229.811	86.126918	75.657484	-0.60844165	0.073979466
1227	6.1048272	0.56578332	3.0403327	1111.3083	14.81468	2.5088853	0.069136867	-0.0016136253
1228	1.5347442	1.2250632	1.0500096	3899.6936	58.986317	56.892333	0.14620927	-0.034220823
1229	4.3887771	-0.28248588	0.64627891	2454.1906	29.630713	14.265578	0.22061594	0.17735329
1230	3.8286301	-0.45674335	2.2966467	5196.6298	105.66653	73.205884	0.12918395	0.075589125
1231	0.88358526	-1.1321301	0.60297866	1810.7753	45.405014	28.930794	0.083694964	-0.0095771406
1232	4.1130729	-0.59378841	2.4685794	1066.7835	12.800191	10.774871	0.020828011	0.069889273
1233	5.0159193	-1.122701	2.157549	1380.0863	33.570822	32.923414	0.0006095053	0.0058825727
1234	2.6224022	-0.39430383	2.5615556	3102.9125	18.34834	15.824606	-0.10585767	-0.12151952
1235	5.1364443	0.44082264	0.78923351	1162.6048	42.788177	11.602484	0.0059732427	0.030398111
1236	5.7373603	0.46477232	0.88689912	811.38288	11.284843	9.9862008	-0.061582795	-0.065436388
1237	4.1521491	0.78223604	2.5512574	775.07961	30.152954	3.3909175	0.066181175	0.12691804
1238	4.9119679	0.21291629	2.4191909	1563.9807	39.113412	22.837852	0.029348791	-0.067243508
1239	3.703336	0.54714468	2.4871787	2827.5145	14.246728	14.021037	-0.24950912	0.037189302
1240	2.6047193	1.1753407	0.7309334	5080.9765	81.169533	67.578835	-0.001948003	-0.069370555
1241	1.1079318	1.1783163	1.2709754	7711.3579	73.626315	65.534422	0.057929596	-0.59142523
1242	3.2264966	-0.56716923	1.366914	1416.0319	42.522121	33.073774	-0.35245072	0.0045244745
1243	1.6328642	-0.97581355	0.40396754	3689.456	14.967539	8.9532258	-0.039281857	0.054568621
1244	5.7830695	-0.10056024	0.6189643	5270.9274	24.700095	18.235902	0.016677466	0.19743749
1245	4.6767594	-0.55385234	2.2643729	250.91621	1.4606002	1.3969621	0.030678877	-0.061248632
1246	5.424538	0.42259946	0.71516248	675.91312	4.2474191	1.583739	0.0064833354	0.10982397
1247	2.6796488	0.13079733	0.83361503	3900.1996	62.024379	56.040667	0.25281901	0.24033942
1248	1.0604796	-0.73797748	0.52439052	864.45101	10.586789	1.9166286	0.061330428	-0.014431657
1249	5.2352492	0.38677853	2.6617046	5417.6737	25.719669	18.240948	0.025736816	0.018761253
1250	5.1829835	0.050123908	2.3814411	3292.2098	38.032881	33.440713	0.24039505	-0.1418749
1251	2.2232217	0.87992051	0.71438245	2128.9604	16.281349	13.568541	-0.020497515	-0.36701216
1252	5.6418126	0.59798469	0.70704139	7962.5175	34.84628	18.43207	0.0010040758	-0.013801461
1253	0.89065911	-0.78555837	0.59624153	5575.8423	39.067512	21.683815	-0.029550642	0.045587849
1254	3.5624031	-0.92472341	0.78549632	5815.0538	32.744502	27.124006	0.0017035873	0.014654615
1255	4.4605626	-0.63594002	0.8350339	4085.1357	48.079094	24.323145	-0.14257669	0.14897466
1256	1.3807899	-1.1449179	0.72696501	670.77734	2.7188766	2.71684	0.16992794	-0.13891335
1257	4.8693065	-0.47671382	0.60677014	8977.5046	90.115375	76.752362	0.0074798301	-0.035998206
1258	0.30860949	0.72077903	2.0264961	842.05792	10.199374	9.6601564	-0.36919099	-0.013617868
1259	2.354591	0.98358406	0.48908751	4737.207	119.36461	64.459698	-0.0069753546	-0.066807953
1260	1.1352217	-1.1285586	0.64522418	8327.9515	50.293125	44.126833	-0.0024686875	0.39034257
1261	5.5083067	-1.2121593	0.65857924	15892.774	229.09402	202.04835	0.054837586	-0.0079768434
1262	5.3147082	-0.1800869	0.10592394	4124.3366	38.031359	15.078431	-0.021766546	0.072484841
1263	5.7863903	0.85619391	2.0043294	318.32302	2.198721	1.5720877	0.014025496	-0.00020125485
1264	0.72704398	0.10466824	0.90545443	1084.3673	20.160693	3.7702623	0.033750471	0.32315685
1265	0.016139149	0.56129727	2.8045496	384.88673	11.098197	8.9011468	0.1113212	-0.18981502
1266	2.4481781	0.59322534	2.4692311	5123.5165	50.020014	46.792253	0.05390865	0.11095217
1267	4.3040942	1.018782	0.36817559	13882.131	96.821072	82.847449	-0.14824922	0.03857196
1268	3.7163214	0.89381134	0.72665182	342.53288	21.913259	2.0112405	-0.089521628	0.067167675
1269	1.4763374	0.83162934	0.38692586	1846.0998	12.193807	9.4499258	0.00071316144	0.43185204
1270	1.0480987	0.26453951	0.71313873	1238.8694	28.068278	23.110653	-0.035682029	0.74693005
1271	3.0482581	0.61289755	2.4186559	2175.557	12.089931	11.785825	0.017849052	-0.0038550087
1272	3.8819249	-1.2564403	0.31738992	1561.7704	38.242611	1.9540832	0.0047161341	-0.10503623
1273	1.6979198	-0.61950617	2.866536	5844.1969	24.337356	17.256946	0.032013143	-0.18614897
1274	6.008452	0.43742628	2.3668247	2306.7178	29.27871	19.372504	0.040268472	0.069741446
1275	2.8723404	-0.73886682	0.21577892	1113.3015	8.7569786	1.334931	0.049260416	0.023516617
1276	3.6286314	-0.63019903	2.5296855	876.51634	11.303937	9.7660453	0.15949856	0.35496047
1277	5.2195582	0.99951683	2.7309811	3261.8279	18.398673	15.611867	0.053672558	0.042236085
1278	0.47538671	-0.3386768	2.1749752	5751.1528	39.132321	30.251571	-0.10108444	-0.14535274
1279	3.276471	-0.93863845	0.85890674	487.84073	1.5498827	1.3453694	0.035132905	-0.00010319848
1280	6.1971786	-1.0100459	2.5423714	5028.9742	59.656056	58.388679	-0.2888639	-0.46008202
1281	1.7504228	-0.35531381	0.52368024	4110.0092	36.095437	19.311678	0.065473278	0.14025016
1282	3.7151058	0.066282727	0.65497545	455.1464	3.0918504	1.3082139	-0.12425311	0.12076019
1283	4.887997	0.013336576	0.79899361	12767.016	176.54161	114.98896	0.10580812	-0.04515653
1284	4.6484208	-0.5928935	2.9247586	1732.0563	25.940449	20.849005	-0.027951667	0.28924551
1285	4.5136612	-0.48780456	1.4651676	1823.2188	40.788119	31.387977	-0.041728459	0.34375984
1286	4.1261469	0.9922987	0.63429886	11949.789	72.100161	56.821766	-0.081236629	0.15043952
1287	0.90027016	0.14948514	1.0415618	687.3641	12.470003	2.0454113	0.16436896	0.0013615714
1288	1.3148785	0.044574882	0.90731052	1603.7204	53.585278	12.509383	0.047976299	0.023966889
1289	1.4181001	-0.45103774	0.79084983	1535.6538	84.704024	48.533309	-0.1128883	0.046258379
1290	5.6418847	-1.4092767	1.6160708	2676.197	57.371751	32.134949	0.062015731	0.011672964
1291	0.28290674	-0.41382063	0.84238692	1938.1374	13.575757	11.504529	0.10654825	-0.0096228542
1292	0.37019796	0.89157156	0.88168572	1051.6634	24.809366	22.15065	-0.09495645	-0.13040071
1293	2.9442458	0.90372033	0.83906619	4634.6402	34.53287	15.610116	0.0010445762	0.00073089731
1294	5.1648877	0.32927537	2.4025788	1563.1275	11.893179	11.840387	0.080952348	0.023405722
1295	5.269411	0.70838151	0.75467654	2630.0208	14.075089	11.489034	0.044504916	0.030933842
1296	0.21875916	-0.077582095	1.362082	1016.571	19.592462	17.47928	0.0016707274	0.29884124
1297	3.6470895	0.5498345	2.7003045	7976.4211	45.506194	42.134293	-0.19076598	0.0030301618
1298	5.5153426	0.91187601	2.0304823	1020.7875	19.96275	17.77133	0.014786339	0.3810779
1299	4.2012391	-0.61837132	0.87290092	8009.6092	69.115856	52.766821	-0.026533983	0.14776275
1300	3.5508671	0.096941445	1.7968953	4646.5739	59.113914	53.710803	0.091369677	-0.22661969
1301	0.65894139	-0.28617175	0.8201778	1910.2457	11.421374	3.6634297	0.054193073	-0.042423406
1302	3.0816156	0.96978371	1.9388985	1943.564	45.919866	39.381404	0.40831676	-0.013559319
1303	4.8236181	0.24669198	0.47573624	8962.818	67.759665	64.838415	-0.0036096713	0.18507338
1304	5.0832504	1.4290881	0.27318303	1150.069	8.2042219	3.9003933	0.15414973	0.14374871
1305	0.11572526	0.12016289	2.6408036	3567.0848	13.143421	12.715157	0.04667636	0.1027591
1306	5.6515437	-1.2438425	2.5651419	1413.9008	13.964673	12.278493	0.50796115	-0.010968091
1307	0.64918186	0.56062468	1.7515307	367.21198	4.6692203	3.2530074	0.36537519	0.0058745435
1308	1.3212214	0.18334659	0.62949404	2410.124	10.812853	10.081114	0.20873172	0.028361125
1309	1.0339183	1.0531451	1.2881413	1798.9992	39.012281	38.826997	0.037958723	0.13328912
1310	2.2050099	-0.43813227	0.75459389	1590.8841	39.389755	32.68265	0.045342868	0.099614131
1311	3.0541872	-0.61563012	2.3514183	1940.2796	14.074385	11.692775	0.0063278313	0.21618475
1312	2.9837753	-0.4897117	1.4327662	3160.6267	37.432321	33.958149	-0.055093198	0.032688948
1313	3.5192256	0.16629685	0.85679031	3738.9006	62.289862	44.434283	0.51282735	0.023244333
1314	1.8697558	-0.091517819	0.67696951	2951.1511	13.503124	12.96526	-0.11350726	0.082197394
1315	2.3020384	0.68665253	0.93544954	2674.6331	50.23375	49.191605	0.073573264	0.2276256
1316	4.09375	-0.09341043	0.14645895	12013.138	126.52966	90.805637	4.0645024e-05	0.140992
1317	2.1245175	0.45029317	2.8816961	8587.2682	72.326613	58.408531	0.083553208	0.0058668543
1318	2.3748719	-0.95921583	0.67677999	12103.961	172.28427	153.50988	0.075515207	0.0071186504
1319	6.0284671	-0.99615639	2.6992857	1563.4945	11.376669	1.6193716	0.059242399	0.082139738
1320	6.1284186	0.87246578	2.4372271	2816.9226	14.19122	12.424874	0.15444889	-0.29689972
1321	6.0790541	0.051053379	1.0739874	437.61442	1.9485401	1.6787751	-0.12297226	-0.094195042
1322	5.8989348	-1.0267078	0.36870732	2200.5114	13.715601	13.255386	-0.015532207	0.007312428
1323	5.0307377	0.2230838	2.6239343	162.64712	1.4179093	1.4096406	-0.019008699	0.17620613
1324	3.7005376	-0.43558687	0.25109726	3972.3802	15.627397	15.275839	0.0096370939	0.11461957
1325	4.6823361	0.53548161	0.40517364	4015.7541	23.285054	16.645049	0.25959431	-0.026808025
1326	5.9875117	-0.65715566	3.0102165	912.81464	2.2477767	2.2319052	0.049305099	0.028830978
1327	6.2792601	-0.76824129	1.8357151	1562.4552	39.623986	30.104572	0.20099196	0.076440243
1328	2.3077473	0.45912746	0.26867683	2682.8425	14.35684	13.203986	0.066645425	0.026009304
1329	2.4266949	-1.118785	0.17020716	5853.2382	43.590461	31.038313	-0.046809472	0.052208467
1330	2.1849641	-1.1344637	2.6538362	1733.8104	23.596225	10.811395	0.082116638	0.15819165
1331	1.8625629	-0.3393581	2.6142378	5463.7244	21.90211	19.53899	0.056850466	-0.035818348
1332	3.4629801	0.96095333	2.5379234	7581.9782	34.476137	21.579313	0.050833427	-0.010833006
1333	3.7645022	-0.42439696	2.8368253	3488.4176	14.98982	14.425712	0.22388768	0.038953368
1334	2.2992724	1.0494953	2.0633941	880.80101	11.75215	11.567282	-0.079795047	-0.19566184
1335	3.0386687	-0.75635847	0.66057098	2721.5438	109.22962	69.029839	0.0092934721	0.0056527436
1336	3.3128624	-1.1649169	2.6660953	9990.089	75.824651	34.81307	0.29166962	-0.12990037
1337	5.6089186	1.4552635	0.43265083	3830.4296	41.56724	41.328939	-0.087331416	0.16331579
1338	3.4322254	-0.026016753	1.2368098	810.22862	26.064271	11.85829	-0.05959813	0.066372305
1339	0.66466325	-0.65388671	2.4093868	12872.366	146.66955	109.99028	0.23073045	0.014704767
1340	1.9537897	0.34130463	1.7848099	1607.8979	44.201766	42.958649	0.38288017	0.11974058
1341	3.6619657	-0.43235629	1.8997002	2790.8197	48.182207	27.235375	0.021994654	0.019118441
1342	5.9249845	-0.99495917	0.87898429	1399.3461	25.634296	1.59754	-0.0063008687	0.024720958
1343	3.3970638	-1.1646312	0.70779116	902.74772	8.8108781	2.0005534	0.002183109	-0.0021301992
1344	5.3298942	-0.089843445	2.7229402	4259.2859	49.392687	46.630514	0.095948629	-0.13535226
1345	4.2753241	-0.72390464	0.38546935	1964.515	7.8559597	3.7251192	0.21355825	0.037926123
1346	2.1047363	0.31343614	2.9699396	2777.8685	14.044447	3.5991093	0.17978704	0.013739282
1347	2.5218073	-0.49861935	0.85318406	2920.3243	24.282095	11.479301	0.0024128677	-0.24969216
1348	5.4278049	0.0098404134	1.2516496	556.30704	19.020002	14.545919	-0.0063911456	0.0013179847
1349	3.1997608	0.43955551	2.295591	360.41712	1.6132995	1.60986	0.085620894	0.18039737
1350	0.97037198	0.12312776	2.5988245	548.76791	9.2895068	1.5313428	0.072060194	0.048374579
1351	5.03562	0.43025722	1.0182784	5358.4115	71.309182	67.112261	0.16127769	-0.24133676
1352	2.1790894	-0.56421102	0.49749345	9600.9358	84.808955	82.666331	-0.17171128	0.053310525
1353	1.5994318	-1.4123761	1.31975	141.39289	1.77176	1.6083901	0.047889911	-0.031908272
1354	0.54242995	-0.72821834	1.6154622	1237.9737	11.198042	10.042463	0.085988715	-0.010972749
1355	4.9142592	-1.0880177	1.5824554	1153.7335	44.18436	19.632465	0.0059175959	0.12826547
1356	3.2278892	-0.62524915	0.14252986	1126.6977	11.016625	10.697839	-0.003215207	0.013110037
1357	3.3245168	0.45695979	2.405118	1173.5948	13.368032	12.234771	-0.016321145	-0.0024876954
1358	3.6068228	-0.6994671	0.30937812	806.12237	1.8386852	1.5255384	0.2438332	0.11624337
1359	5.067098	-0.90538628	0.65794581	2826.6713	18.070046	15.276997	0.23991768	0.25315232
1360	1.3457751	-0.028663303	0.65262605	8570.1229	143.57843	77.045218	0.16766936	0.23673499
1361	3.0004521	-0.35029054	2.8470882	468.51226	9.084652	1.5101077	-0.046764695	-0.24229707
1362	5.4473851	-0.38202434	2.7593821	2473.4121	13.341699	13.201519	0.072622313	0.0059908692
1363	5.8520535	0.55132349	0.89654388	3500.6073	47.202114	32.866331	-0.3206677	-0.0020373415
1364	1.5476061	-0.16031916	2.7660513	2311.9638	74.99327	46.780972	0.013185168	0.15335534
1365	2.3029236	0.86300032	0.33369613	6036.9782	72.43719	35.642007	0.08118771	0.0058325665
1366	0.84738422	-1.2011831	0.70594424	8012.8113	90.472821	71.237853	-0.1892616	-0.037339944
1367	3.3230053	1.2054143	2.8556284	10525.97	23.329572	21.437671	0.024349071	0.018290293
1368	3.57639	-0.7096358	2.1847084	6224.5391	104.42543	62.219045	0.12989038	0.26490655
1369	4.9341887	0.5913364	1.4111933	711.86181	11.557484	9.4594427	-0.019419512	-0.13665482
1370	0.025403786	-1.2353384	2.4566879	4589.994	23.305792	17.967538	0.20234975	0.049671275
1371	4.6514387	1.2391279	2.1882566	2207.1398	60.315954	54.644769	-0.02170295	0.032602576
1372	3.9516055	-1.0857696	2.0439137	1084.5749	25.08818	24.153397	-0.46712876	0.0029477246
1373	3.7849875	0.085657238	1.5404175	2539.6397	28.880147	24.838323	0.10352838	8.748943e-05
1374	5.0909046	-0.44901174	0.43278933	2645.4932	12.871774	12.457404	0.0083779601	0.15713314
1375	2.2452653	0.49746269	1.741925	1043.3109	38.066336	31.38723	-0.052547447	0.60206056
1376	0.18384758	-0.74288895	0.73682351	7711.4286	125.80545	59.035074	-0.019699639	-0.20708993
1377	3.2480565	-1.0218971	0.27953913	4451.8194	48.992333	45.21571	-0.029967827	-0.30759242
1378	3.4379356	-0.74269105	2.4725218	1361.0125	10.95804	3.0662473	-0.1157549	0.0087340257
1379	4.4846209	0.94810999	2.3207087	2927.7043	63.700198	52.947421	-0.055225878	-0.16988063
1380	3.7377172	0.51044247	0.27809871	6754.7692	28.691857	15.788721	-0.014831647	0.18711048
1381	4.2333536	-0.75644852	0.4828494	986.54586	20.636216	1.4670882	0.053383796	0.0096436294
1382	0.88594418	0.38146174	0.32158825	594.44787	42.20542	1.8937711	-0.050789576	0.0095586403
1383	2.2020724	-1.1248097	0.82218981	2207.1818	14.903916	13.750564	-0.45794141	-0.0037262656
1384	5.6626664	0.6299221	1.5955826	1939.3298	51.372215	32.202307	0.12832179	-0.0027178144
1385	3.3741519	0.081645677	1.6339843	6258.9154	77.95649	70.530039	0.27658962	0.067908706
1386	5.854189	-0.31166134	2.0200383	2091.0505	34.018956	28.548289	0.014597007	0.15658829
1387	0.48445194	-1.3643888	2.455715	5446.1399	66.778724	29.269239	-0.010498375	0.08280573
1388	5.1092341	0.0081428705	1.103217	6863.4312	61.939506	47.504228	0.11990221	-0.0596741
1389	2.5725177	0.06314734	2.5486145	1713.7634	11.361393	2.3057953	0.076528049	0.044287829
1390	3.9051505	0.97582533	0.51410179	9118.1752	90.059511	63.503923	0.10661527	-0.090515747
1391	4.0994739	-0.11529457	2.4518718	5833.6206	84.702364	69.227237	0.012157148	-0.083146573
1392	0.70567002	1.4033546	2.3859971	936.93051	10.541251	9.9183643	-0.09679244	-0.067384221
1393	3.7504744	-0.11373232	2.9157949	4643.1468	16.982064	15.588698	0.10686165	0.039891524
1394	5.7342243	-0.49966866	1.0886353	1760.6896	14.247632	11.658619	0.076046473	-0.01000722
1395	4.4398036	-0.21607778	0.64419694	7885.3906	71.851907	69.119367	0.30438525	-0.15549339
1396	4.8633683	0.62131125	2.8677977	7356.8796	20.11871	19.111867	-0.032456128	0.23504965
1397	4.7664617	-1.0545772	2.5992837	1827.1852	12.691929	9.642635	0.0017030662	0.086660135
1398	2.6177512	-0.020274281	0.4446882	1847.9487	11.181639	10.637141	0.0040188026	0.0018197602
1399	2.2475619	-0.20243537	2.9478012	585.97996	1.8711961	1.3824569	0.093222792	-0.10111647
1400	5.7909093	-0.26031332	0.38996827	2177.3872	13.518025	12.191211	0.030132963	0.20676929
1401	2.7696274	-0.31845477	0.9304601	7344.0077	71.113193	68.983164	-0.098289122	0.090831056
1402	2.2787415	-0.87829046	0.91520225	2742.6724	14.196675	12.807016	0.2649219	0.030052865
1403	1.5150279	0.1806782	2.550388	7261.2415	75.31365	41.883918	0.040668381	-0.042968072
1404	4.0744327	0.65064841	2.3537257	2162.3478	9.9765741	9.7525394	0.071136791	-0.0096856181
1405	6.184874	-0.3787982	1.3392829	469.8806	9.373769	2.4364	0.1424814	-0.13386594
1406	5.5869995	-1.3344031	0.8992303	900.10437	29.400221	20.469432	-0.097596581	-0.033496179
1407	0.14215784	-0.68628593	0.33182779	8100.2694	57.270195	45.668726	0.0012405927	0.14740232
1408	3.0058416	-0.0078043989	1.7042185	974.75175	10.274768	9.7908604	0.5783819	0.086586148
1409	3.1746889	1.4573701	0.37308357	4095.5516	26.365452	26.35758	-0.0065555254	-0.32468974
1410	2.9329276	-0.28908118	1.841018	3558.0224	91.323639	23.763551	0.04439024	0.049334854
1411	3.3850524	0.39386941	2.8285652	10586.478	105.96126	79.039856	-0.10334943	-0.09095125
1412	1.8304658	0.21333272	2.046042	2290.4289	44.395451	23.872179	0.054020305	0.15856833
1413	5.9984364	-0.18345913	2.4028809	1356.5831	12.573388	10.490329	-0.093756051	-0.086129723
1414	1.4908167	0.7575052	0.5032971	7642.0799	23.697292	16.826061	0.0051380759	0.2400956
1415	3.0566224	0.30487273	2.8541984	9746.1719	101.54185	62.80608	-0.085898031	-0.028857241
1416	2.3352971	0.46765458	1.9807258	5846.8353	71.240304	63.106566	0.018528634	0.10717202
1417	0.064576675	-1.1469465	2.9056359	3573.8909	14.15232	14.032048	-0.020760785	0.13390565
1418	4.1563402	0.8230193	2.9872228	1346.9584	32.420002	4.3567232	-0.05805989	-0.15544004
1419	4.1851674	1.2426121	2.8513389	10728.895	28.838205	25.255794	-0.19203413	0.23389378
1420	3.3806395	0.16164652	2.1139807	4886.6939	66.182914	63.233177	0.27763037	0.043406746
1421	5.3555919	0.42557296	0.43988212	2085.9848	13.042164	9.337659	-0.080369539	0.17634869
1422	1.3339812	0.46816403	1.0135546	2700.6227	18.606459	13.93644	0.029727226	0.34895448
1423	0.84051351	-0.5050005	1.9384829	1631.8858	23.053654	11.423809	0.17777708	0.13336865
1424	4.3633578	-0.71920244	2.9554727	7329.5216	72.33609	45.773681	0.056828908	-0.020629042
1425	5.456989	-0.6288524	1.0599645	1522.6449	48.16767	41.983417	0.44487538	0.10285696
1426	0.02291536	-1.1625618	0.92887246	1334.6032	11.541077	8.7505266	0.023075229	0.4481436
1427	0.76201311	0.76004018	1.2507881	1692.6595	38.921336	7.5668511	0.14370727	0.13096864
1428	0.52695153	0.84608365	0.87499594	2182.5607	12.35246	12.071334	0.011386544	-0.062732575
1429	2.1836246	0.68044777	2.6616974	2090.8149	13.261248	9.9712302	0.13565268	0.020557318
1430	3.3746186	-1.0640898	1.2113284	1483.4839	13.75864	10.740886	-0.12799655	-0.028056875
1431	0.10712948	0.20908707	2.1658038	7132.3853	75.691087	68.655363	-0.20854644	0.028311549
1432	4.1868086	-0.10024573	1.8443442	300.18902	1.4772004	1.3672152	0.05159493	-0.072638923
1433	4.2885617	-0.50275414	1.3382943	722.14905	12.258262	10.794457	0.005555598	0.4069501
1434	3.9510935	0.97028129	2.6854138	1932.7244	53.267068	46.507094	0.0032383677	0.23322828
1435	2.3805878	1.2518782	0.12589361	3374.5759	31.61891	18.103534	-0.15903197	0.12658721
1436	5.475304	-0.64600298	0.2995746	987.85595	30.301303	2.8212569	0.26448803	-0.013697922
1437	2.7137964	0.1580054	0.20638124	6794.9984	17.09946	16.292073	0.1298303	0.35396816
1438	0.23827127	0.59999946	2.5101551	1475.1393	16.751275	14.053036	0.13675508	0.063796761
1439	0.46446928	-1.0120055	2.8864229	7763.498	40.105027	35.874612	0.057675804	0.059990499
1440	5.2939469	0.429804	0.57821545	2717.9478	26.012172	25.622216	0.027290118	0.15744089
1441	1.4040136	-0.032029157	0.36540993	2207.8478	14.461838	11.516722	0.15415827	-0.096755259
1442	0.93461947	-0.30597239	2.093005	1388.7522	38.66849	26.647675	0.013973253	0.17840401
1443	0.90164232	1.5625156	1.0131107	3313.8326	112.96177	40.709259	0.012200988	-0.0090605562
1444	2.6781868	-0.45188208	2.2867033	1221.4311	10.59154	10.18738	0.27163393	0.17152614
1445	3.3198109	0.89264009	0.60067433	2111.6602	42.562739	1.6598036	0.066118522	-0.29720304
1446	5.1193255	0.13811126	1.9520266	1153.0263	7.6885767	5.2607647	-0.0072415799	-0.028965841
1447	4.036206	-0.46824313	0.32611936	4994.9931	18.709709	14.322227	0.19421047	0.00079653849
1448	0.33419137	-0.92778826	0.5057588	2270.3247	37.917488	13.330299	-0.086755075	-0.025937253
1449	1.3919923	-0.17081895	2.0292669	2843.7998	45.612706	36.831345	0.052914673	0.010851132
1450	0.77078574	-0.97931646	0.061025926	2773.0343	13.443749	5.2063535	0.051982601	0.061638863
1451	5.3964244	0.1691219	0.65223391	2987.4005	28.782113	12.265344	0.063997871	-0.11937009
1452	2.1132379	0.14390924	0.6031779	458.64057	3.7052373	1.4561425	0.01824101	-0.0084549338
1453	4.317828	0.2079017	2.2608453	2949.0005	13.864069	10.364487	-0.05829857	0.40842254
1454	0.49218252	-0.41024876	2.5562462	3903.4859	60.894424	28.54112	0.12002397	0.020609131
1455	5.2112087	0.087329184	2.0105585	1574.6219	12.004008	9.7449466	0.31416064	0.21515808
1456	2.4104802	-0.38240306	2.6437969	2142.8292	45.995691	5.0186454	0.024337805	0.0030886084
1457	5.065992	0.1265409	2.3061831	185.79071	1.7051045	1.3113748	0.0023923703	0.041422594
1458	2.0999546	-0.39507036	2.5478134	1121.9204	10.790566	2.1145585	0.17005503	0.2241549
1459	1.2054288	0.34158528	1.6696008	3035.1483	62.337142	32.850663	0.62719375	-0.057493427
1460	2.2475212	-0.4652587	0.26305959	964.92658	2.0144857	1.5004661	-0.18895295	0.0003558753
1461	3.2622582	-1.0134002	2.7667358	3109.0428	102.56972	30.466509	0.0045480555	0.065150851
1462	2.5644358	-0.86559344	1.0250332	632.22755	2.6959135	1.4198951	0.18450758	0.004262658
1463	6.1158555	0.0067173199	0.7945968	992.46916	10.013784	8.967244	0.0018923938	0.040700868
1464	6.1656293	0.11676505	2.9414995	436.87336	2.0103845	1.4386345	0.042417045	0.11023338
1465	5.7062019	1.1148787	0.41496866	965.40629	4.0769373	2.6242795	-0.042122275	0.006512662
1466	6.0363677	-0.14456958	2.6697769	4136.071	16.822387	13.825705	0.0065972472	0.12232812
1467	0.091380253	-0.67855215	0.28700078	606.1248	11.573301	1.8797044	0.021962202	0.022814879
1468	2.8255455	-0.20780154	2.7553613	297.10547	3.2342656	1.3437279	0.055831832	-0.031312902
1469	3.2662209	-0.94139983	0.94925636	3433.8029	113.01198	76.263775	0.03135237	-0.0660214
1470	2.1241873	-1.008386	2.5002177	956.36519	10.666686	1.6518346	-0.25302768	0.0044830093
1471	2.4494598	0.81025985	2.1282266	2312.6495	47.875365	27.941387	0.27350409	0.0072897174
1472	0.94616375	-0.47145991	2.2873505	2437.486	13.97544	9.9311921	-0.2382302	0.17274515
1473	4.4499258	0.87690666	1.8816347	3085.9573	59.740595	43.645454	-0.02699431	-0.55229402
1474	5.4788414	-0.64257275	0.61135215	2452.9007	13.004421	11.599146	0.080767153	-0.017790186
1475	2.406787	0.42820768	0.46719112	1127.8659	43.31552	22.358362	0.17249745	-0.089347014
1476	3.3630168	-0.38619047	1.7349884	3014.4857	39.973848	38.434815	-0.020702669	0.062430743
1477	3.7937672	-0.4783565	0.77631848	555.8983	17.505032	2.36914	-0.18905697	5.6547494e-05
1478	2.0411563	-0.22977935	2.3752475	2572.9825	15.502456	12.625787	-0.013937653	-0.15143411
1479	3.5710469	0.35755592	2.4166261	2044.2067	25.389397	11.773364	-0.0031398004	-0.056885342
1480	6.0101215	0.12201606	0.021409176	874.81025	12.439908	10.67866	0.059995619	0.033284223
1481	5.3515827	-0.49355423	2.2706002	2476.3698	12.77018	11.167296	-0.048883775	-0.086483808
1482	1.5401795	-0.23773084	2.8206177	10329.242	62.308855	52.294959	0.037220941	0.012679281
1483	2.4709579	-0.13602478	0.3654783	2457.3187	13.755024	7.8099817	0.25708853	0.077567378
1484	4.337208	-1.2979424	2.3594658	5172.6777	59.636935	58.425386	-0.0067524322	0.078683016
1485	6.1011781	1.1835512	0.85236889	7080.2072	111.55267	76.846968	0.010536237	0.093102109
1486	2.3212263	0.56938515	2.8761081	2945.9813	14.653085	12.202143	0.06206164	0.00083623125
1487	0.99955873	-0.96870518	0.50467513	7183.2181	78.472991	60.125184	0.14217664	0.013846865
1488	4.3000583	-0.49786892	1.7937136	1054.9239	8.7114095	7.556676	0.017344089	0.055793778
1489	4.5398199	0.9237829	2.2036466	459.04127	1.84565	1.7382285	0.071185147	0.11701004
1490	3.8778883	-1.1937248	1.3904293	3600.032	48.091541	41.104189	0.029579951	0.13112714
1491	4.634059	-0.76044596	0.55207248	864.48391	12.169563	9.7972617	0.15962857	0.25442776
1492	2.90084	-0.074617867	0.75579005	1866.8164	12.591293	12.058398	0.0088357015	0.086172312
1493	5.093168	0.59306664	2.4601011	3334.2656	155.2958	73.564003	0.2309623	-0.014233604
1494	2.5585384	1.2494321	0.81437936	3764.2914	15.980294	11.403879	-0.038230613	0.037332428
1495	0.22608854	1.1820938	2.1149186	1972.4116	12.997048	12.130089	0.13847213	0.0093268942
1496	5.0724955	-1.0424388	2.1564441	4176.7141	48.029645	16.760779	-0.10924732	0.055830444
1497	4.9848875	-0.056067986	0.69776719	838.59208	24.971892	18.093037	0.00097416564	0.33048824
1498	0.93307538	0.25264035	2.6955972	6558.7161	71.105477	63.046442	0.11478803	0.28074114
1499	3.5925024	-0.022709121	0.48700704	1878.0544	91.224878	51.086831	0.030071568	0.30173037
1500	0.64076693	-0.89246664	1.97933	1842.7786	12.690222	12.180946	0.034453953	-0.0491179
1501	4.0367777	0.43113797	0.47367526	1649.8027	12.250848	3.2500438	0.1261205	-0.17093758
1502	2.5893758	-0.22713025	0.32904342	845.62598	2.015998	1.4769629	0.083214826	0.11065069
1503	0.87577979	-0.52238063	2.6423315	4686.4109	102.20982	64.796755	-0.00091803828	0.020154122
1504	0.31792818	0.87694474	0.78257499	1209.3852	11.589324	10.1059	0.18969975	0.2910191
1505	0.43874838	0.27794941	0.6280918	4261.8112	16.53229	15.191415	-0.27356892	0.11937215
1506	5.9200305	-1.3217441	0.46841822	7516.223	76.147884	73.814165	0.087696122	-0.0029791516
1507	3.4023229	0.053485732	1.3315317	1331.6384	39.524507	12.906615	-0.063999602	-0.016570708
1508	1.7966189	-0.99518799	2.4607566	4183.3375	16.28598	16.050874	0.37126949	-0.21183363
1509	5.1506035	0.70769619	2.443852	2904.4699	16.759196	13.290236	0.0014478893	-0.030056177
1510	4.7742982	-1.4366691	0.63797012	5884.7582	40.661195	37.111455	-0.14911617	-0.048492487
1511	2.6766043	-0.47800213	2.5003997	2481.7376	12.580342	10.693078	-0.25664037	0.2435781
1512	4.4805956	0.56719741	1.7987207	3242.4112	53.661061	48.919866	0.014463335	-0.0010990922
1513	5.664708	-1.0006687	2.4006631	6593.3023	44.480352	31.618499	-0.036146055	-0.29683581
1514	1.3689321	-0.67708753	2.7162961	4846.625	18.008026	16.829441	0.006021487	-0.048217918
1515	5.4491118	-0.10615648	2.4346109	3133.6855	58.805535	22.907393	0.032514673	0.21258626
1516	3.3783338	-0.49310775	0.58059141	5485.2026	56.900257	17.509281	0.58867807	0.43825705
1517	2.77573	0.81627966	0.74755539	870.60166	6.661108	5.6603946	-0.43520847	-0.0058215264
1518	3.806622	0.16654414	0.40611456	3300.2822	14.153317	13.041886	-0.0028086429	0.11947019
1519	5.4425651	1.2929222	0.4022655	8929.5143	96.91091	67.090478	-0.019598589	0.16082052
1520	5.6149465	-0.76935509	1.6025019	2995.0578	30.960111	29.239916	-0.13607861	0.53453274
1521	2.2247078	-0.93296318	0.71432233	355.94052	1.347017	1.3431721	0.17549058	0.16842005
1522	1.3978631	-0.25470612	2.8799059	1455.0243	16.988328	3.3426576	-0.026529696	0.012767612
1523	3.5957414	0.29386629	2.5141751	2962.7787	18.803921	12.772671	0.072276857	0.17377773
1524	4.7155022	-0.3216577	1.2716636	740.81068	10.101665	9.977964	0.46422614	-0.15994272
1525	5.7912399	0.44697544	2.4317227	6025.997	60.779587	42.163016	-0.023947003	0.016919632
1526	2.1042531	0.4915113	1.2851614	1804.8663	14.171502	10.868646	0.050966906	-0.37294111
1527	3.758324	1.1568703	2.7428007	560.70828	7.8068182	1.5817984	0.087054165	0.012228508
1528	0.57889861	0.58285772	0.67875853	11842.907	79.631454	72.290824	0.031297532	-0.11155919
1529	5.1479973	-0.81331336	0.19670686	1083.4027	10.513282	2.7230229	0.079759933	-0.002145164
1530	1.6290268	-0.65206821	2.5006146	3006.321	74.746923	57.979549	0.0037095244	0.15705634
1531	0.35003558	-0.36817553	2.9710712	246.20335	10.080462	9.1404865	0.15452784	0.009134988
1532	0.72193979	1.4406539	1.0203157	2163.468	34.72853	33.622226	0.051121649	-0.21866093
1533	0.18560984	-0.89610293	1.0621005	665.93425	13.109741	11.729007	0.1469615	-0.018876576
1534	1.558052	0.5771233	0.73504983	602.67567	9.0085063	1.7562187	-0.00071049539	0.04166908
1535	5.5990881	0.45635991	0.87642558	7894.9159	125.12865	83.554613	0.14929932	-0.019560802
1536	4.3717053	0.86202035	2.560967	6837.1806	82.308509	70.651989	-0.040771304	0.21581431
1537	0.70778773	0.15362664	2.4243671	1433.2017	14.946772	10.166966	0.059078393	-0.077293146
1538	0.79573165	-0.87857399	1.1880316	896.44335	27.21061	11.603723	0.014241336	0.12124
1539	1.4021821	0.901153	2.6751276	3270.2855	13.369759	12.254676	0.063213475	-0.085671308
1540	4.8673626	-0.19248344	0.42172776	13351.279	113.55013	95.789777	0.00056353224	0.30388118
1541	2.9799385	-0.028127213	2.6942467	3545.4114	51.918202	48.05909	0.11465676	-0.024925242
1542	2.9947426	-0.0088506947	0.81356634	2317.5314	16.162261	12.535045	0.0064299829	0.18161405
1543	0.18369572	0.34287913	0.77215635	13696.007	210.9503	102.64778	0.0028906267	0.022545732
1544	4.425913	-1.1348996	0.31137699	1254.403	29.249776	22.933878	0.059149456	0.025327076
1545	1.8014129	0.79977267	2.9478945	4970.021	17.577776	16.251417	-0.00040577161	0.0035568202
1546	6.1717865	0.74972366	2.3344918	8252.6581	77.187028	63.099552	0.052000029	-0.15306955
1547	0.68742534	0.98152717	2.5646288	3284.8634	44.710176	39.442845	-0.15876344	-0.021116103
1548	1.0670185	-0.66963777	0.53718995	1622.5208	13.042348	2.3120947	0.15941589	0.060820017
1549	5.5413887	-0.69998943	2.2578087	761.15971	1.6037766	1.3718273	0.077763338	0.054851121
1550	0.68175836	-0.54601978	2.5782301	1179.9972	11.629124	3.9027248	0.0014041582	0.11666585
1551	2.4605954	0.022807205	0.8919721	1403.5158	12.050655	11.731997	-0.020250564	0.18561986
1552	4.6790763	-0.65114072	1.2039284	523.52698	12.32878	10.689831	0.014179701	-0.008655149
1553	3.7094509	0.12628715	0.4582958	2150.0702	49.01251	32.608563	0.026788513	0.029390616
1554	4.8965089	-0.71636026	0.98790432	2122.131	19.297083	13.94825	0.12568382	0.013711064
1555	2.8318043	-1.0946678	1.0660756	2276.8108	42.79419	36.677375	0.22065829	-0.015999086
1556	5.2056334	0.21977524	2.324912	332.99656	1.5750148	1.432471	0.09258775	0.13739198
1557	2.1321843	-0.4800893	0.69070118	9147.4655	82.589802	72.542732	-0.097397352	0.12731187
1558	5.6497464	0.15192377	3.0990542	3730.589	17.32275	14.456002	-0.045453826	0.030111401
1559	6.0797925	0.7372831	0.57149674	2236.0043	13.442642	12.058507	-0.44830136	0.43948463
1560	1.2233969	0.33322751	0.50364811	793.26479	11.344069	9.6306203	-0.18082484	-0.063007559
1561	4.4217582	0.2540903	0.79328856	2699.6524	48.101454	21.831805	0.058430921	0.1230806
1562	5.1346784	-1.2829189	0.065200302	3807.298	40.405205	32.847725	0.034998795	-0.0036139343
1563	1.1010491	0.25125446	1.6984107	1303.9554	30.089507	28.99271	0.054156542	0.27772478
1564	5.3647104	0.32740553	2.2240333	4064.5267	59.994437	24.051194	-0.19894492	-0.072661713
1565	6.1471926	0.6467456	2.5814768	13601.73	77.033096	72.647842	0.010544318	-0.025399244
1566	6.0998384	-0.040720188	0.25737885	7911.4855	94.828793	63.941476	-0.0044546721	-0.13337932
1567	3.5689866	-0.35375896	2.5936085	5109.2771	39.886401	35.68013	0.20180244	0.2022472
1568	0.24576377	-0.26472186	2.2766456	1812.2753	31.872131	11.471389	-0.034008033	-0.36751219
1569	2.1283568	0.058699938	1.7229963	319.50503	19.374625	9.2215529	0.063101013	-0.025968241
1570	5.8674309	-0.003900755	0.80055738	3582.3397	36.410754	21.309046	0.014071937	0.047797662
1571	0.15688496	0.32872497	2.6143511	582.69686	10.877074	9.2824429	0.037574695	-0.055345472
1572	1.2084302	0.932705	1.4816849	3678.4283	94.008307	53.409895	0.022676719	-0.10594402
1573	5.7539681	1.0037419	0.69513829	5421.219	58.026008	38.606093	-0.044720282	0.13512758
1574	4.6230308	-0.43707603	2.539015	1299.8913	22.110932	3.5178827	-0.14593281	0.045657799
1575	0.18996975	-0.33682482	2.9404617	2545.8089	11.931856	11.115758	0.15110338	0.21264071
1576	4.7478919	0.99589083	2.514533	3225.1123	12.389017	7.4635335	-0.071241323	0.12446915
1577	5.2869408	-0.40883567	2.0124066	5573.8821	55.727807	27.603188	0.018109479	-0.022459711
1578	5.7460185	-1.4354567	0.42273211	10228.99	51.001117	42.073612	0.91755546	0.010917326
1579	3.7927699	-0.93146064	0.50551439	1117.1884	10.481428	9.7562401	0.0057510139	0.096664175
1580	4.2632643	-0.076140875	2.6854265	2059.0369	14.840129	13.373627	0.25860693	-0.029927936
1581	6.1688103	0.48777595	1.13925	1479.549	45.321599	37.853118	0.0097758827	0.01943368
1582	0.58040416	0.66729765	1.0341158	223.48764	9.6095744	8.7280377	0.10110608	0.089352608
1583	3.6768133	0.20986315	0.44553196	2464.1779	11.987944	11.162456	-0.0062265116	0.097736143
1584	2.7286697	-0.97552121	0.41201036	1163.5097	22.765686	1.7893558	0.3075679	0.011596628
1585	4.9614621	0.8750043	2.4060986	838.04728	11.351846	11.061961	0.52491192	-0.051860436
1586	2.6953508	0.071130009	2.4232024	1586.1139	11.219204	10.960959	0.0027161219	-0.13445181
1587	4.9800952	-0.24859498	2.4226707	1084.8995	11.185355	10.03928	0.050788452	0.15113882
1588	0.60280421	0.78874863	2.1358101	2644.5961	51.502634	33.623696	0.15465349	0.033092277
1589	0.83071804	-1.2074113	0.55612204	494.46611	1.9196047	1.4980532	0.0022209644	0.14901539
1590	0.75842035	0.053613874	0.23419219	4594.6629	18.27181	16.083007	0.10896369	0.12517744
1591	2.3463036	-0.94533611	0.91311287	1289.3706	10.869672	10.837335	-0.075722677	0.02068723
1592	3.13342	1.2480287	0.64193415	6433.5023	56.210951	54.872911	0.0032998584	-0.002280071
1593	4.3618261	-0.98624053	2.605597	2300.9974	12.604312	10.525847	0.23346514	-0.036106246
1594	1.3558428	0.090188656	2.4303548	1006.4201	11.53685	9.8885393	0.17966008	-0.15338199
1595	1.0520038	1.1929551	2.6459807	2755.4488	13.98655	12.34889	0.27127989	-0.30060152
1596	4.4587835	-1.4543584	2.7831749	1744.0726	35.791392	12.062675	0.0078335248	0.16797183
1597	1.4209281	-0.055972593	0.8248052	606.16657	1.8989368	1.725512	-0.13536924	0.088716241
1598	0.85949273	0.65275067	1.2065691	2174.4822	37.353623	35.730809	0.041790216	-0.082240181
1599	2.607377	-1.4349318	1.9296541	869.63317	10.432505	10.160527	0.090336336	0.22074908
1600	2.4947506	1.0069265	2.7992312	2673.3239	34.802348	14.31011	0.099989355	0.038553664
1601	4.8409897	0.48166102	0.76033117	3225.3056	14.699032	12.34683	0.041818939	0.016075658
1602	4.4678241	0.75068231	2.8647476	17787.557	77.976644	77.202005	0.043948154	0.0015245633
1603	2.9862603	-1.2303229	0.71836567	2926.9241	59.025812	43.543341	0.018389728	-0.058478865
1604	5.1668718	1.0136679	2.6449693	1757.2853	20.082219	9.5613025	-0.11157859	0.044011703
1605	0.23324524	0.22670782	0.48355009	2311.5962	12.766329	3.6298165	0.16933214	0.019471323
1606	0.92854582	0.11956246	0.37808648	5920.2627	43.828673	34.801018	0.13459743	0.087600123
1607	3.1383276	0.055878328	0.71331468	3296.3903	54.987016	53.860516	0.062852529	0.038550968
1608	2.0169643	0.91595411	0.9415094	3756.2484	36.691986	17.005321	0.12357307	0.13245726
1609	4.60777	-0.11857999	1.9499324	2123.7608	12.912787	10.821064	0.049690068	-0.014359804
1610	4.2621913	-0.16697833	2.4136341	1821.5892	41.876419	30.331927	0.5177519	-0.017361633
1611	1.5137705	0.3011701	1.9468224	832.63143	29.876728	9.4021823	-0.037424289	0.048229639
1612	1.446809	0.35935434	1.1414034	2390.3882	41.992277	36.072516	0.10799426	0.17993019
1613	4.6133692	-0.56492848	2.5621747	3371.5827	56.261718	45.858856	-0.030750994	7.20569e-05
1614	2.0992208	-0.64375825	0.94595908	3323.5477	46.79519	21.386308	0.083420108	0.23576475
1615	1.9812128	0.44236248	0.70422402	2153.1878	10.705573	3.4137161	0.10296568	-0.11468427
1616	5.2104537	0.59973847	2.6323533	4538.6834	24.903687	16.710671	0.013950303	0.16150339
1617	2.4159099	-1.0880071	0.62717002	4123.1549	45.436947	21.685939	-0.0086612408	0.36099942
1618	5.9979975	-0.95880985	1.3695409	1646.1716	35.462484	30.851782	0.18235387	0.48697042
1619	4.3200333	1.1891942	0.3403636	3090.1092	12.913501	12.473439	0.046643524	0.16104148
1620	3.3243976	0.75104023	2.2984193	6238.5408	59.639106	48.829804	-0.027183332	0.08648966
1621	0.33198505	-0.51564145	0.51975314	5587.9338	21.103341	18.003514	0.20179962	-0.014128087
1622	6.0351554	0.0029074245	2.1958573	893.73809	10.268366	9.1433017	0.10516606	0.016659224
1623	1.9098958	0.096629103	2.5039015	729.0476	1.6853397	1.5091706	0.085697318	0.16021299
1624	5.6039352	-1.0761669	2.0948012	972.01793	13.185117	2.2357591	0.33635921	-0.26719472
1625	0.083967154	0.02674855	2.2825377	3165.2562	41.870756	21.596924	0.25013502	-0.00076547468
1626	6.0137251	0.98653419	2.763673	3170.5705	15.661709	11.793498	0.0021927295	-0.1014675
1627	1.9710507	0.98621731	2.732929	4613.7218	47.375841	40.016218	0.16619811	0.33245444
1628	1.3631024	0.55488543	2.8232272	1066.8334	11.790116	11.643841	-0.029353601	0.30445732
1629	3.6070132	0.94515906	0.34224119	6461.6501	61.475788	56.47325	-0.056983242	0.48052483
1630	4.1397649	0.16727726	2.4814083	2939.786	59.349617	35.092726	-0.063074693	0.036762665
1631	0.043520491	0.46013623	0.38966861	2977.5499	46.188862	14.819032	0.26757949	0.10376113
1632	5.9620359	0.80628822	2.8985018	2101.3762	11.83715	10.722849	-0.10617475	0.21806835
1633	5.4921146	0.58966975	2.605124	1553.9089	42.096234	12.703581	0.0088514172	0.045699013
1634	3.6647571	-0.21759569	2.4750466	3774.3013	49.993674	48.930179	0.015642966	0.18100637
1635	3.862193	-0.40015537	0.20680652	5107.0798	59.638029	57.243099	0.11309829	-0.0082226839
1636	0.72861136	0.70890908	0.38225432	2439.9218	38.474519	35.45264	-0.20243178	0.017856984
1637	2.9121683	1.3172924	0.55543501	6545.6728	65.850537	62.41723	0.083794123	0.052473436
1638	3.795511	0.6811658	2.3308309	4885.862	86.95248	79.053907	-0.15398657	0.061417566
1639	5.8269006	0.60214568	2.4341764	4422.88	25.247814	16.394252	0.4205596	-0.11518326
1640	5.7410847	-0.17132138	2.9819761	5740.667	69.967933	63.73641	0.047873616	0.02147706
1641	1.0313561	-0.59537757	0.6401417	12807.374	106.10094	94.448057	-0.014195759	0.12139908
1642	5.7553775	-0.63744079	1.3326428	191.26687	1.4552634	1.428943	-0.019025041	0.26176158
1643	1.2644251	-0.42840623	1.2632257	199.07858	1.4003542	1.2637432	-0.039890387	0.059695065
1644	4.0924635	1.3806255	0.10081281	2277.4363	12.12294	7.6398961	0.00098670717	0.47859965
1645	1.1351665	-0.45235501	3.0642285	5087.5264	17.576041	15.808307	0.1209918	0.06333175
1646	4.3983195	-0.25207615	1.60469	2115.7513	38.774942	37.476908	0.14160079	-0.0020187892
1647	1.2879323	-0.038680425	1.6864779	2968.2182	37.462355	34.617883	-0.006037975	-0.39573458
1648	6.2160661	-1.3055411	2.7141792	1729.1728	13.195532	12.368897	-0.0059643259	0.090305624
1649	0.90790906	-0.47149521	2.5364948	5047.4047	51.920037	39.434253	0.41010581	0.024899488
1650	2.9245767	-0.56222239	0.33071084	894.03979	15.460644	1.504072	0.18218182	0.039248166
1651	0.98201355	-1.2131971	1.9963557	3237.687	57.408913	43.935489	0.13200999	0.0073931616
1652	4.9448024	-0.66984061	0.65412884	1662.6461	21.003678	16.105308	-0.00067487552	-0.13723508
1653	0.13396557	0.62319393	2.1058151	1217.3699	40.776897	30.548015	-0.08241734	0.019515593
1654	4.5673187	0.36566109	1.0786915	6117.8891	67.893419	66.723181	0.15633885	-0.012726064
1655	2.4578249	0.13184785	0.46963455	1509.005	12.404184	11.212727	0.23109337	6.189723e-06
1656	3.6193286	-0.70793681	0.18839615	1869.7851	13.087267	11.910151	0.13088349	0.25576225
1657	2.4916297	-1.3031395	0.79798208	3212.479	13.3041	12.493144	0.10389837	0.011710703
1658	0.60503561	0.31380467	1.4250106	574.80253	34.639279	32.817027	-0.035712731	-0.084144855
1659	4.1416559	0.58525973	2.1567731	5181.1076	56.088255	49.079759	0.50977431	0.38437734
1660	5.0513951	0.84505001	0.77901005	573.03572	31.11563	2.5980432	0.0038651384	0.17371216
1661	4.5281254	-0.36552207	0.47366354	2041.1168	44.883528	35.204006	0.14785833	0.019327219
1662	5.3113968	0.99026788	2.9485116	3143.4526	14.74102	14.457544	-0.013470708	-0.019934711
1663	4.3763622	0.61116783	0.36154656	2209.8606	15.057857	11.317717	0.089783888	0.20256258
1664	4.4500924	-0.04560966	2.4702528	197.63399	1.5220681	1.3642548	0.010002924	0.058456123
1665	5.7920502	-0.56163491	2.5475497	4145.1026	15.9702	13.652629	-0.22732456	0.10514594
1666	0.86315713	-1.0819737	2.3977557	3614.045	58.126898	55.041966	-0.092250828	-0.065102664
1667	0.8402803	-1.249975	2.0192013	6194.1067	124.53217	74.777343	-0.001932643	0.080977234
1668	0.6822389	-0.26583929	1.515876	2827.7042	28.949655	22.047817	0.2877192	0.11235852
1669	3.818128	-0.50230962	0.88842419	4737.1967	23.46163	17.495546	0.069112738	0.089475871
1670	4.7718741	-0.014298646	1.9968503	6740.5981	57.213897	55.260145	-0.63103638	0.0647106
1671	5.7780595	-0.11669507	1.7157556	1289.7713	22.323219	13.19109	0.33608668	0.089957756
1672	1.4548092	0.13059623	2.4703336	785.91504	11.869638	10.080312	0.008206067	-0.2051849
1673	1.7499651	-0.61835334	0.86557814	4353.3588	47.085669	25.620847	0.073302468	0.012087729
1674	1.2934078	-0.70233638	2.9356172	3706.8165	28.606672	16.953838	-0.017207037	0.16230892
1675	4.3204246	-0.19750151	2.7697362	2962.6017	18.647704	17.806036	0.0018406938	0.084579121
1676	2.5567118	-0.67392084	1.8298244	3034.7413	104.86067	51.844824	0.00075950375	0.12059247
1677	6.0167988	-0.34337373	2.3996726	407.37225	1.6612435	1.4442166	0.018859494	-0.041456817
1678	4.3533267	-0.91894615	1.5717565	10595.803	130.75605	86.510284	0.22588695	0.16206267
1679	3.8214656	-1.2138486	0.26808843	2159.9423	36.523705	14.259454	0.056299111	0.28559808
1680	5.8883866	-0.83108814	0.60946635	2195.5097	11.868373	9.0539475	0.30163606	0.019059694
1681	3.5201935	0.15051889	0.36960718	1696.6989	21.581341	1.8582968	-0.06846591	0.054065622
1682	0.90988734	0.49588566	0.53688078	732.8357	10.753586	10.057822	0.037098369	-0.053830234
1683	3.2269524	-0.027931017	1.2290448	1739.5349	45.228135	44.665598	0.1006107	-0.015329827
1684	1.2057403	0.2506688	0.90188296	1789.6887	11.86923	10.697097	0.34103803	-0.015144066
1685	5.6520932	-0.34576859	0.56757525	1738.7533	4.9998175	2.4014862	-0.16853584	0.065526812
1686	1.0197461	0.35274485	0.91880581	2159.0959	80.646237	45.597827	0.047023581	0.20711325
1687	0.99848835	-0.11539904	2.6879434	281.67765	11.913633	1.8637014	0.15171482	-0.0037483032
1688	3.6354167	0.60044578	0.92089426	822.41496	10.618171	2.1929975	0.070106723	0.0084784023
1689	1.1646301	-1.2801017	1.7850401	527.56169	7.2516536	1.8159407	-0.015992847	-0.1942992
1690	3.846038	-1.0655006	3.0600462	3156.2892	59.493275	40.214982	0.49912687	0.053456703
1691	6.1731776	-0.42284036	2.6046722	8550.6535	84.298072	83.113808	0.17480575	0.49227957
1692	3.6224638	0.71597478	2.806599	1149.6625	10.533221	10.410749	0.20101364	0.10881249
1693	1.1231062	-0.090861277	2.7216978	5478.5859	66.364501	57.789405	-0.24586406	-0.20269443
1694	5.1835902	-0.55549142	0.6062863	671.1981	29.647448	11.649318	0.29537245	0.022656536
1695	4.4366345	-0.46591441	1.8631581	4705.9382	57.365489	56.808838	0.1362023	0.090076426
1696	3.0228592	0.27098287	0.64095067	3393.8114	48.237722	33.212308	-0.011178851	0.049614403
1697	2.471325	0.27905069	2.5931829	8841.7981	43.492538	38.428398	0.063575522	-0.29796527
1698	1.6830655	-1.1018066	0.31345766	7729.2794	69.639675	68.464533	0.01033681	-0.21007482
1699	1.3605345	-0.67458836	0.44666862	2494.5029	12.874146	11.871184	-0.023747804	0.18977578
1700	1.0416025	0.23414542	2.6701509	5410.6837	41.936642	30.168458	-0.0053520233	0.32723252
1701	0.6080093	0.025194355	0.85978068	5437.1676	44.536673	28.776642	-0.011167938	0.0075913358
1702	2.6838152	1.0842988	0.70615981	1795.2775	31.065954	2.1312283	-0.087469597	0.19306485
1703	1.8044183	0.69058433	0.1609333	2028.336	14.887939	9.6706063	-0.033057807	-0.031126129
1704	1.6001908	-0.21617955	0.77712584	2015.9071	13.938183	13.236079	0.0033582375	0.051098663
1705	3.524257	1.118929	2.6168979	2072.7872	14.88453	10.742557	0.22165138	0.073473328
1706	0.15807887	0.90262835	0.11202778	2615.4589	13.928571	13.331181	0.39272282	0.0854262
1707	2.7654592	-0.23575019	1.106684	1961.122	45.014124	41.705726	0.18957268	0.089725814
1708	4.8171439	-0.37674425	1.9002952	376.02717	2.8577678	2.4881717	0.17313317	0.164553
1709	3.2328885	0.90208913	2.6319157	541.39171	4.6468738	1.9378474	0.11589727	0.27414171
1710	1.5160628	-0.21936999	1.1370349	2671.8069	56.205632	49.833949	0.043646792	-0.094797713
1711	0.86727307	1.0967004	1.8595201	2219.9465	62.268962	50.817195	-0.198692	0.34338345
1712	5.5471253	0.38003005	0.71513675	1840.6439	11.545873	11.233196	0.12419783	0.087993897
1713	1.2896052	-0.75796876	0.24578925	3323.3685	49.456042	38.963367	0.13807027	0.008246369
1714	5.3287859	0.7603054	0.94395055	11119.368	66.668133	58.395129	0.20543758	0.17213064
1715	0.35969645	0.38305588	2.3108736	5297.5546	42.511867	37.550353	0.094002365	0.22486828
1716	0.67204796	-0.6978035	0.96928994	4472.6003	37.668223	15.032513	0.13483104	0.364282
1717	5.9755859	0.010349411	1.2475763	585.10263	10.526395	9.1280813	0.13760734	-0.14366198
1718	0.74422935	0.040393112	0.71801378	2266.1	36.375397	30.391091	-0.099473194	-0.10308863
1719	3.5744138	-0.85443283	0.60407429	2802.4137	21.288301	14.396054	0.0059847153	0.064352567
1720	3.2151128	-0.3474489	0.95898053	1292.8386	32.067393	26.076094	0.033067474	0.089287032
1721	6.0834856	0.95313662	2.3782441	324.55174	9.0509467	2.2173145	0.080119479	0.0061606899
1722	3.2532328	0.29647196	2.1162442	3661.0795	52.17761	43.283074	0.010312043	0.23123822
1723	1.8010134	-0.059272151	0.58517	5158.3929	64.808424	42.826636	-0.26035048	0.0075565475
1724	1.8613068	0.57285709	0.68999803	3389.5057	13.88252	13.541827	0.14765832	-0.038972261
1725	5.263384	0.57348478	2.1779458	2611.4244	45.229714	32.503454	-0.24123641	0.34563647
1726	4.8491779	0.66199556	3.0505486	5398.6923	15.248519	15.196968	0.19576672	-0.22831488
1727	0.96723697	-0.35509632	1.7340016	1984.8491	45.880236	10.437777	0.091814361	0.1433202
1728	1.9134637	0.38679907	2.2008942	4602.9409	61.75109	27.254277	0.07109518	0.16161224
1729	0.66402568	-0.03126359	2.6186771	1129.563	27.411656	21.475097	-0.041764403	-0.005788488
1730	5.1687683	0.57067303	2.681556	747.73585	11.678358	2.0338039	0.0010685462	-0.03549712
1731	4.376446	-0.62188858	0.65351432	235.19216	1.5646368	1.4087056	0.10735647	-0.10173435
1732	3.3371576	-0.33047312	1.9796102	815.69666	12.268957	11.144924	0.010533794	0.36979322
1733	2.6380603	0.13334765	2.7394965	896.29778	10.319268	9.9364139	0.15164638	0.074915982
1734	3.352284	-0.56250257	2.4501721	3486.9185	34.81899	28.648203	0.10345592	-0.35277916
1735	2.6140168	0.1156186	0.65499929	1638.7668	37.328208	28.03574	0.12547067	0.037308278
1736	3.4366939	-1.0236459	1.8425862	2074.1543	63.915517	21.830985	-0.01811362	-0.049003235
1737	3.8813884	-0.3025584	2.4934315	2572.3648	14.821458	11.31581	-0.00032796424	0.034509615
1738	1.038014	-1.1029619	2.7727928	2115.7065	41.526948	1.8782958	-0.0010895987	0.064654103
1739	1.2874128	0.45741446	0.93759472	4355.1597	51.492556	31.6	-0.0012034022	0.082059413
1740	3.807421	0.46045812	0.60916471	625.70893	10.242318	3.1915117	0.00045230283	0.084013956
1741	5.6328655	-0.54628051	0.57472526	13015.245	178.10603	151.96594	0.15461916	0.022069336
1742	1.7703795	0.18056913	0.51244875	1854.3051	19.489871	10.637106	-0.035898471	-0.17520634
1743	1.9613126	-1.2768041	0.85105354	641.10697	11.33752	2.0991684	-0.0039879911	0.068718716
1744	1.1548879	0.92121935	2.7773302	4211.265	56.41151	13.703742	-0.148416	0.088488343
1745	2.8719378	0.67571956	2.4555482	4130.4156	16.785541	15.647318	0.032856868	0.04453692
1746	3.3011302	0.28963618	2.3779097	633.91607	2.6039143	1.7685293	0.11415379	0.040559015
1747	1.1974172	-0.39200056	1.767833	1900.7478	16.488754	12.639212	0.044955865	0.10369262
1748	2.1382814	0.20222551	0.55617585	473.86927	1.7700055	1.4450856	0.14036413	-0.047632041
1749	6.2830171	0.23980462	0.95830311	1862.0574	38.318312	13.459312	0.095997787	0.022987454
1750	5.5853271	0.33229063	2.578137	3512.7253	14.382111	12.799666	0.27509972	0.024370085
1751	5.3838138	0.08770661	2.6226064	3050.8299	15.828245	13.630456	-0.0095459763	-0.005203207
1752	5.0677392	0.31937231	1.5555601	251.1682	1.5975494	1.3481964	0.36871133	0.0014496351
1753	2.3798796	0.51502864	1.1574044	538.03708	1.5008193	1.1785112	0.19742877	-0.02339081
1754	4.5272878	-0.70017707	1.0221919	2132.9686	43.404276	13.063334	-0.049637329	-0.0013519416
1755	5.4781417	-0.70068447	0.69998634	389.39452	1.3739269	1.3730156	-0.0081838566	0.072876034
1756	5.0148369	-1.1579848	2.5393628	8357.1522	74.932252	17.974697	-0.052880374	-0.030940877
1757	1.1148661	0.17816119	0.57071591	1265.0323	10.969336	9.83588	-0.14028882	-0.099912266
1758	2.331265	-0.63030219	2.9560812	3472.4391	15.112526	12.925412	-0.023480401	-0.15134271
1759	3.9913417	0.46151797	0.52644526	1240.531	34.837876	34.575687	0.093421338	0.23431151
1760	2.3823747	0.63486355	2.1766957	1099.5565	12.507467	10.097784	0.36090588	0.2006896
1761	1.5066905	-0.57123152	2.1621343	1084.2791	14.002394	3.7449995	0.33717736	-0.016942499
1762	5.232199	-0.83035227	1.2924998	1032.8163	11.509326	5.3739376	0.15414369	0.1592972
1763	3.6706997	-0.75478511	2.4008168	766.77494	7.6195001	1.65535	0.021034179	-0.027376929
1764	2.0009798	0.17458517	0.91468757	8030.0033	75.024577	73.539972	0.04950036	0.19738825
1765	5.3084193	-1.1656715	2.1328892	4783.5514	51.907334	24.076471	-0.010675965	-0.10975499
1766	2.6555557	-0.25527142	2.4502155	831.69434	39.336543	37.087851	0.18248075	0.00011915003
1767	5.7932296	-0.34905884	0.42144104	8791.1606	76.285171	50.422247	0.013258907	0.11258473
1768	4.2918817	0.061919551	2.4088193	1534.2849	12.606046	9.846433	-0.0077035848	0.14136775
1769	4.3122643	0.86413367	0.54465973	2359.1234	34.339686	25.440442	-0.061714855	-0.025533118
1770	3.5052212	0.17119004	2.6154536	4634.0042	54.287018	16.257863	-0.089353279	0.020976402
1771	1.9803709	0.00015092931	2.2443282	8353.1271	74.211663	65.735063	0.4251456	0.021346122
1772	3.7716904	0.54939578	1.6525209	4077.8764	57.769926	33.832377	-0.074024204	0.45337447
1773	6.252174	-0.049769769	0.32058777	1429.5055	10.198035	3.2660846	0.0059047879	0.30006282
1774	3.9450043	0.56729303	0.92146557	1006.2253	12.682278	8.7332933	0.063906112	-0.17887347
1775	2.9189199	-1.0086219	1.6586699	830.76275	17.349987	10.228777	0.11454486	0.27933997
1776	1.2446854	-0.16739168	2.3340839	2055.0446	40.938038	10.384139	0.035667403	0.11654581
1777	2.3825649	-0.032908102	1.8196526	6729.4757	139.44893	133.07064	0.04996255	-0.0040151353
1778	0.40600998	0.86120785	1.6633488	9574.0607	153.48938	145.95632	0.25703905	-0.0068725977
1779	6.1425388	0.39989545	1.5534827	2477.257	51.225086	44.204626	0.014367534	-0.019938956
1780	4.9310077	-0.64127957	2.6023051	7727.4031	77.132447	60.883461	-0.0087590382	0.014083534
1781	4.8444567	0.83671653	0.92435305	1800.2917	12.432509	11.171661	-0.10478015	0.023727956
1782	2.2110905	-1.1168027	0.19674996	4188.6377	41.174392	38.6155	-0.085484773	0.16207185
1783	4.0194669	0.51143376	1.0997189	4479.6072	60.060659	40.966754	0.018721087	-0.024839185
1784	2.6727869	0.38905856	0.35976592	5114.2328	39.02377	27.971642	-0.018261825	0.052939768
1785	0.7351828	-1.5076736	2.6583751	4084.1497	45.404027	35.810115	0.015573467	0.011519739
1786	1.2069855	-0.59858424	1.0592717	1645.2756	23.272077	12.909763	-0.0050178432	-0.024841874
1787	2.6902438	-0.22693941	2.4290171	1368.9021	46.314188	44.480785	-0.074532925	0.12886567
1788	6.0761927	0.35090151	1.1625242	1603.8109	20.83389	12.123373	0.026489247	-0.065586847
1789	5.2167486	-0.27088557	0.81804988	707.88863	5.1126289	2.1950108	-0.12522241	0.21867204
1790	1.9911226	-0.0057438535	0.87514623	602.63729	10.262622	1.6653562	-0.098916479	0.020667665
1791	4.0082421	0.56756294	2.8022091	1589.7537	39.91568	30.371391	0.059719595	0.073859008
1792	1.7173256	1.4424605	1.0264278	4986.2892	67.419775	52.685791	-0.0017571923	0.24663265
1793	1.4712563	-0.69527787	2.9629163	5126.6322	67.521772	52.311106	0.021479849	0.090452874
1794	5.1036857	-0.07104176	0.936885	2463.7085	71.961231	22.065894	0.0165008	-0.053454772
1795	3.4748199	-0.41959453	2.6126341	3441.7727	18.136498	15.668251	-0.0615387	0.15746528
1796	3.4675163	0.24410182	0.87094122	6897.2184	69.267077	57.713442	0.025976157	-0.012057271
1797	1.4394324	-0.66473232	0.72845343	2865.5558	35.738239	31.556704	-0.046144447	0.10079755
1798	6.2403905	0.6276919	0.90892613	644.84678	11.296008	10.767609	0.082779004	0.0072440163
1799	0.9141404	0.68762725	2.8479898	5570.2632	64.836538	56.829278	0.070447504	-0.26989407
1800	0.045346199	-0.85407527	2.126877	2580.9387	50.803333	35.106752	0.013709551	-0.045644489
1801	3.2824072	-0.92608495	0.60264278	24948.406	136.0191	129.71213	-0.057028707	-0.0036914297
1802	3.4499811	-0.50946308	2.3205592	2625.6874	42.709053	39.945244	0.11634156	-0.062593992
1803	5.1682105	-0.78323996	0.92953241	1655.0244	11.953391	10.916921	0.2331632	0.093099584
1804	3.1255524	-0.25779	0.43663924	1225.2487	10.074526	2.4660854	-0.080295003	-0.099339942
1805	4.7909521	-0.69679882	2.9122539	1735.6184	10.253102	7.7016177	0.1463029	-0.01582303
1806	3.1579445	1.2500437	1.1021346	1461.4763	12.622451	11.388455	0.43599465	-0.15792909
1807	2.6410547	0.52995009	0.088580667	15902.247	84.204349	82.226416	0.0025696639	0.25406471
1808	3.3265044	0.041208781	0.90273121	495.76618	1.800664	1.6446425	-0.14475636	-0.034425015
1809	2.628917	0.71355526	0.87684065	911.58351	4.5185799	1.6004882	0.023585113	0.121305
1810	4.834117	-0.7817484	0.88694027	1765.2281	89.225853	47.626291	0.082262572	0.040322337
1811	3.2754892	-0.34669199	2.4275796	594.70687	8.5177439	4.1763973	0.0827375	-0.052925773
1812	2.4595825	-0.66107946	2.9870213	2536.5803	45.012402	13.245104	-0.24171988	-0.012728781
1813	5.9227338	-0.15699394	2.2451696	5789.4415	19.412811	15.78899	0.17489323	0.62034808
1814	4.0396711	0.38596362	2.5912285	741.68302	11.233747	10.94011	0.0095368586	0.026454742
1815	0.1936469	-0.68329817	0.96028135	2587.4944	14.671387	14.330969	0.034580871	0.070713695
1816	1.9844049	-0.0070413278	2.1466157	2322.8824	14.944625	10.637798	0.0043656421	-0.0037452359
1817	4.0595154	-1.3557635	0.95243491	3104.2022	43.941602	41.750536	0.16592535	-0.36259881
1818	4.2948802	-0.62592223	0.68111776	4745.2065	43.572289	38.989237	0.074018669	0.035280186
1819	5.6765983	-0.2216267	2.144121	376.10533	2.768499	2.1183118	0.020667036	0.006340877
1820	3.3752218	0.38188434	0.75814954	160.99765	10.532677	3.4256438	0.18358226	0.034571302
1821	5.2827389	0.30068045	0.69382352	5147.0345	40.296856	40.277269	-0.18523427	0.0096385066
1822	0.54211705	-0.95410891	1.2148609	389.11199	1.326311	1.2760613	-0.0017426599	-0.073216161
1823	5.2772826	0.75304748	2.3987063	10038.911	77.12619	73.846366	-0.014338779	0.30837646
1824	5.5710083	0.73121978	0.36172997	4409.5969	68.692419	13.719667	0.094911248	0.052279736
1825	2.1453526	0.89647546	2.5558654	2640.4963	11.828922	9.1460706	0.029077533	0.016291578
1826	1.6555864	0.64643577	2.8388616	821.76451	8.8242587	2.2625505	0.0054514517	0.056791241
1827	4.9193741	0.15847059	2.5295939	4491.4393	29.445649	14.891214	0.10497418	0.13248818
1828	1.365202	-0.59823157	0.70947997	755.3711	1.8911357	1.5086295	-0.056203782	0.20838613
1829	0.41535729	0.71273374	0.41873472	1814.0834	13.857296	11.174307	-0.0047957386	-0.42510065
1830	3.6657199	-0.67321927	1.7089981	1338.9186	12.622991	11.721483	0.054849688	-0.15707384
1831	3.4863024	0.71643888	0.28911056	3418.0317	16.309004	13.440893	0.0026566236	0.033297766
1832	0.82030077	0.16715283	0.85012693	343.4182	1.4523479	1.4226609	0.093249383	0.05089702
1833	0.35137615	0.80585446	2.7898926	9173.3361	51.800947	39.669412	0.073947208	-0.01504415
1834	0.74776975	0.91517482	0.5686242	2736.4511	46.954169	38.369577	-0.12249997	-0.13735126
1835	0.45903731	-0.13428036	0.50562761	2666.5641	10.933269	6.5742439	-0.075420708	-0.0044307982
1836	3.0127674	0.30929504	1.014512	1678.7104	13.571666	12.214237	0.046468307	0.54960954
1837	0.31246825	-1.0281513	2.90646	3546.077	30.702929	13.58724	-0.19514674	0.014084567
1838	2.5583917	1.1081446	0.51976712	6535.5405	45.803571	21.38389	-0.068095391	-0.07418471
1839	3.3880441	-0.33040026	2.5209595	7197.8988	52.319339	33.029098	0.15263517	0.030848215
1840	3.6416595	0.36211725	2.2957836	1435.9878	11.669603	2.3479162	0.04916304	0.15437599
1841	3.8173678	-0.55243737	2.2723581	12625.572	89.810652	73.906253	0.034558139	0.13662822
1842	5.7371749	0.39216327	0.92906858	1538.523	8.6963636	8.5636478	0.016779291	0.00093802087
1843	1.1500795	0.16358535	1.1809745	391.84635	10.261457	9.5154903	0.12908468	0.083778182
1844	3.9173532	0.97269694	0.42694452	1756.3863	51.897186	44.995277	-0.040442394	0.11060859
1845	5.5636729	0.59280245	0.3985073	828.43198	1.7830266	1.4998561	0.0037577255	0.090604566
1846	4.2932456	-1.1800732	2.0337007	4195.9709	72.730925	50.385116	0.066538753	-0.22080969
1847	5.0334615	0.51702083	1.7422834	2599.2785	37.76763	33.774967	-0.034851076	0.18532425
1848	5.5602861	0.88925829	1.9745313	868.97047	10.4038	10.201151	-0.032414266	0.11001412
1849	5.5212699	0.6490876	2.6484118	7370.9037	51.742737	38.975821	-0.051229123	-0.052830783
1850	5.2619391	0.12072724	2.5678922	2176.1106	30.829111	6.0942229	0.13260982	-0.0011189514
1851	1.2040445	-0.3305987	0.50974381	1163.8417	3.8364058	2.6515986	0.16795816	-0.014331719
1852	2.667659	0.14177416	1.0725908	354.51578	10.136634	1.4349395	0.19358611	0.26936998
1853	3.8481784	-1.1239819	2.0541093	1610.3572	12.390774	9.9722017	0.13553005	0.02372601
1854	2.7268151	0.88759739	0.41876341	3083.4737	48.663855	14.705466	-0.0011624557	0.14094142
1855	0.95344781	-0.18645957	2.1173911	870.27983	15.732155	1.5663353	0.0021084154	-0.046859709
1856	5.9858303	-0.69961954	2.500123	247.50103	1.9343892	1.2761586	-0.008090149	0.048882602
1857	4.5208246	0.66301967	2.2339558	2210.5444	47.800975	33.283451	0.50044308	-0.004467918
1858	5.0349469	1.1119281	0.2391197	4854.9316	14.85412	13.473666	0.13710507	-0.074791468
1859	3.6355761	1.0402031	0.39354987	1122.1173	2.3614563	2.0104123	0.073507575	0.079247737
1860	3.0271419	0.29006953	3.0505274	2400.5451	29.064292	2.9249315	-0.17204385	0.16986837
1861	2.4922988	0.0073406923	2.7142045	11762.703	89.109151	69.764506	0.12230964	-0.0015943142
1862	2.0900057	0.21484437	0.79140439	835.63136	9.3396219	9.01911	0.016205274	0.14743205
1863	0.71897292	-0.41245312	1.0276591	4459.9367	65.992571	48.539796	0.02650922	0.061955885
1864	1.5676436	0.31318439	2.2704436	274.44488	1.3612315	1.2960371	0.029928436	-0.1201102
1865	2.580948	-1.2590873	0.75546094	2518.3426	12.84945	12.070514	0.12650895	-0.28520235
1866	3.0796153	0.58794102	0.90862396	1297.3868	12.557839	11.271654	0.46022214	-0.059801114
1867	0.068235076	0.51496069	0.29846409	11582.948	71.561454	58.153325	0.21187431	-0.15449862
1868	0.99621919	0.56265623	2.824655	2102.7879	11.204289	2.8139482	-0.042846986	-0.080125129
1869	1.5741086	0.19841119	1.9616137	649.36383	27.904546	9.5549843	-0.033809531	0.12864433
1870	1.9404278	-0.7020178	0.48467872	1741.4262	28.522607	18.68933	0.20511267	-0.0089048602
1871	3.9411823	-0.20197235	0.50178214	24852.602	129.64837	111.2444	0.057324575	-0.053504852
1872	4.1114751	-0.61538747	0.2889191	4722.3936	20.832005	16.784817	0.018324004	0.065600057
1873	0.070061722	0.65622911	2.7339329	7958.3753	20.743062	17.703048	0.0010061584	0.15464153
1874	1.0059058	-0.45639953	2.674425	1297.5117	2.5305751	1.8861134	0.078779508	0.0076246394
1875	1.1936683	-0.30460392	0.3993014	7700.8241	68.973292	42.723127	-0.0037539334	0.167403
1876	0.67792406	0.87619345	0.081220484	1976.1185	12.033285	11.006432	0.067068644	-0.022116582
1877	1.1917476	0.97008263	1.0098994	8153.0102	83.24199	64.19507	-0.30747014	0.047869417
1878	3.7188006	0.89940283	0.4345362	4245.9739	63.367143	62.290638	0.18552823	0.027496288
1879	4.1908068	0.60944854	3.0845296	2969.2402	31.551814	26.030111	-0.018765803	-0.088350331
1880	4.5573315	-0.92283682	2.5322861	7528.0481	79.26427	39.256928	0.35636818	-0.49422388
1881	4.4056945	-0.75141525	1.785621	7110.1969	39.891985	38.352038	0.025805851	0.0840741
1882	5.6905159	-0.73834811	0.89027251	1000.4998	2.920805	2.4456087	-0.050335239	-0.019049051
1883	3.4204032	-0.021789315	0.89844295	908.84458	10.679289	10.171241	0.0047385459	-0.20488234
1884	6.0940593	-1.0658342	2.0615668	2148.9675	14.67322	13.293835	0.018194499	0.30060963
1885	2.2928931	-0.70678452	2.333684	6223.4805	85.845199	40.523594	0.0058881862	-0.17626432
1886	2.6411743	-0.013386321	2.3357181	983.31739	33.053725	5.0776202	-0.026973954	0.00872933
1887	0.23240218	-0.97255217	2.8753618	1509.4472	11.831153	2.0574805	-0.047360116	0.02289304
1888	2.0891606	-0.468464	2.0023179	4557.9336	67.631359	57.713671	-0.087048383	0.039462015
1889	3.5805459	0.99729466	2.4920764	717.77724	14.88193	12.41327	0.029873169	-0.0020622504
1890	0.31303454	1.1700087	0.7191213	2463.4347	16.480046	13.787986	0.052532851	-0.046614716
1891	4.3559871	-0.73907765	1.6277056	6226.0191	75.811051	60.494242	0.014771845	-0.063189252
1892	5.8914753	-0.84202321	2.7527537	1623.3432	48.209374	2.087603	-0.0096591444	-0.0049170267
1893	2.5974908	-0.074550722	0.92258192	10209.431	82.521663	81.213382	0.48158807	0.071307133
1894	0.18214161	0.1338075	2.352992	1705.9775	31.42302	25.807357	0.050241128	0.42229117
1895	4.3956095	0.66748295	1.1876706	3177.177	52.949985	35.616654	0.14053263	0.010795839
1896	2.1775159	-0.99501175	0.47472004	3359.748	15.399648	13.212726	-0.015518442	0.0045088206
1897	0.84094175	-0.28817037	2.0646883	1374.6537	10.304558	9.547498	0.26289688	0.19190924
1898	2.6375695	-0.25027354	1.1951197	1356.9748	11.676483	10.686404	0.26405657	0.057511731
1899	3.8054009	1.1255879	2.6638479	4465.502	35.93613	33.464487	-0.010821571	-0.053664539
1900	1.965292	-1.1762218	2.8204772	3115.3814	13.94273	13.025306	0.0032002312	-0.11357649
1901	3.7804954	-0.057460882	2.8294942	1132.6683	14.835658	14.132138	-0.067593278	0.23059582
1902	2.8705847	0.81289945	0.6407142	7085.5195	71.267614	49.169757	0.082643361	0.0021889494
1903	0.85860359	0.22066462	0.81914001	2787.3234	16.998388	13.720864	0.01915291	0.040310717
1904	2.0771702	1.1342888	2.2413937	1724.4708	13.060487	10.469146	-0.021025004	-0.35007841
1905	1.9464138	0.49713672	0.84980061	4721.1609	64.077878	55.158593	-0.010704826	-0.1588843
1906	5.7105374	-0.032739735	0.65952547	6728.904	45.938106	31.185929	0.48411589	-0.037642348
1907	4.3051045	-0.40959749	1.93523	497.0888	9.2837459	8.7866475	0.057766091	0.095928234
1908	4.1549459	-0.95114658	0.4888409	4376.0131	17.820856	13.173726	-0.006825556	0.092261424
1909	3.8570369	-0.43728674	0.87689088	12066.337	89.386701	73.725812	0.36861728	-0.23040097
1910	3.1177307	-0.57685072	2.5878992	709.05583	11.963713	11.487163	0.09861825	0.10660183
1911	3.9395289	-0.052314474	0.38231535	1972.6098	12.90593	3.9179962	-0.084213678	0.15686181
1912	0.80081623	-0.9763249	0.45241596	496.09793	1.4222661	1.3138261	-0.018567296	0.09975689
1913	3.7152281	-0.36376186	1.8611346	501.59231	11.643563	4.2211958	-0.14660451	-0.057081201
1914	2.3096417	0.33135267	2.0501721	1078.7938	10.937847	9.4093752	-0.017699902	0.10491505
1915	0.46684668	0.85463136	0.6930335	3334.9889	15.241075	11.679493	-0.11005381	-0.16812086
1916	1.7162266	-0.54758274	2.9363212	993.6321	8.7989798	3.2684457	0.02520952	0.033661824
1917	4.2083816	0.2112992	0.60436412	2798.5972	13.877998	13.763174	0.0091062954	-0.14980104
1918	3.4795614	-1.1455181	2.9822647	2922.5402	28.724336	18.881587	0.0086308831	-0.053188645
1919	5.4165856	0.87652305	0.41166079	508.06471	2.2933261	1.5649422	0.02447699	0.028146096
1920	2.1184172	-0.081171855	1.8425124	2142.9803	38.608653	36.555123	0.035662763	-0.15111565
1921	5.1578518	0.28504765	2.7163429	1919.6156	13.688984	11.041367	0.050039616	-0.048553321
1922	4.3423832	0.54881309	1.0167096	5166.0021	42.683323	42.68128	0.0026065715	0.12965063
1923	3.5141999	1.034033	1.507053	1403.9702	17.350952	11.550462	0.33340341	0.027656094
1924	3.7118439	-0.093274491	0.74885776	1746.6418	12.749425	2.9583814	0.40553426	0.22194323
1925	0.38385749	0.96901346	1.2823672	1166.7943	11.876929	10.858603	0.073825807	-0.07057408
1926	4.731288	1.1149414	0.67306003	4450.6738	48.317875	34.076621	-0.081841767	0.13103138
1927	0.77770824	0.60644139	0.58484283	6013.654	41.090456	37.59123	0.28726218	0.052138878
1928	4.1321354	-0.7213991	2.7913671	2262.0631	32.009977	24.246743	0.42123363	0.0057712398
1929	3.2045522	0.13653469	0.50877523	4561.8702	17.347715	14.917384	-0.16594032	0.41938595
1930	0.056074744	0.59260366	2.5829386	1078.2534	22.705115	10.546709	0.073499721	0.15188447
1931	0.35405476	1.1422277	2.9943939	2385.3767	22.730463	2.9279117	0.0005370495	0.016868418
1932	5.4349013	-0.072489419	0.4377985	3131.4951	56.216124	50.572518	-0.061111527	0.11067929
1933	3.3426648	-0.17573469	0.99258925	1765.9656	26.729416	19.762222	0.20989881	-0.13805302
1934	1.5905923	0.25756725	2.682486	2897.6565	14.036946	13.853772	0.49796374	0.033363551
1935	0.27013973	-0.45205616	2.2212236	1961.4405	25.989869	10.433258	-0.019468783	0.17854938
1936	2.8434342	-0.34307653	0.62191593	3547.209	36.573425	35.778149	0.14681141	0.0013337555
1937	1.12316	0.93675929	2.4097472	7725.1302	72.666604	51.245323	0.18591916	0.21393225
1938	5.4410934	-1.1771166	1.4272685	6284.097	68.604546	44.704466	0.15016382	-0.035253984
1939	2.5866346	-0.39820618	0.74022514	5617.7762	62.579301	55.010917	-0.1006052	0.22734112
1940	2.3016381	0.78600684	2.2657535	1419.4039	11.403264	11.153644	0.011342005	0.17959716
1941	0.66252125	0.42111913	0.80395001	903.43064	10.927313	9.7375429	0.17787928	0.012434222
1942	3.5819714	0.076622946	1.1848326	4459.6215	62.083855	57.367486	-0.0093959294	-0.039649194
1943	0.56119099	0.81555011	0.92899272	1023.9357	10.427301	9.9897721	0.14983226	-0.065041995
1944	4.7840761	-0.50516911	2.88048	12966.168	100.21679	45.925446	-0.089225631	0.1412497
1945	0.60211186	0.008694503	0.41791791	657.17135	88.427265	24.32855	0.067059218	0.13194766
1946	5.4413024	-0.57596612	0.38546681	10782.406	31.409224	23.700147	0.18000811	0.026655354
1947	0.4658856	0.90724728	2.3914575	380.06561	9.8979502	9.6293332	0.37566185	0.045317761
1948	5.1450343	0.11155069	0.97028146	4471.4236	41.178087	30.053523	-0.071561456	0.24690684
1949	2.8570271	1.1176735	2.2449792	1007.6665	24.655997	3.3649454	0.098624996	0.26404478
1950	3.0596787	0.1198321	0.31662521	549.06276	7.942854	1.8169517	-0.50744277	0.05831358
1951	3.0929216	-0.57708624	0.11763416	4792.2715	19.996994	11.921404	-0.01945597	0.14675284
1952	3.6507945	-0.60394955	2.4581232	1389.5165	25.256274	10.972409	0.087129574	4.0231509e-05
1953	0.72198113	-0.79986756	2.8730569	10682.142	98.141461	86.192596	0.32594954	-0.067579647
1954	4.070735	-1.0895341	2.627099	2241.8097	16.404053	13.699309	0.041755999	0.068282727
1955	0.77279287	-0.45830734	0.32816071	5704.4402	61.318859	46.131481	0.097317102	0.082429513
1956	3.2888828	0.208624	0.46431621	1238.1333	11.501364	9.8642031	0.012765008	-0.031509429
1957	6.2380703	0.81037072	0.62885924	7420.0878	86.102693	69.132041	0.22183108	0.012100508
1958	3.198405	-0.32761119	2.0583956	6103.4277	82.181298	71.054309	0.018514308	-0.072212088
1959	5.4190881	-0.12766997	0.10396419	5586.2517	61.704735	58.336679	-0.0028156453	0.026105534
1960	5.8272153	-0.10427357	0.20193741	316.57629	1.4200828	1.2672014	-0.0030693338	0.16214735
1961	0.64420024	-1.5244386	2.9758532	916.47359	11.116678	10.163187	-0.033624467	0.47990445
1962	4.7855098	-0.26717794	0.37773164	1270.376	7.4707368	2.5106861	-0.070486058	0.072869272
1963	3.5300346	0.089691624	0.89448393	5128.3228	124.41904	64.211444	0.13177814	-0.077786104
1964	3.5416147	-0.42054616	2.6815743	4849.4373	61.710228	41.687197	0.11918415	0.55804387
1965	4.9321039	-1.0306936	0.5111442	2295.0058	48.856879	46.479343	-0.19282522	0.0024929458
1966	1.8025028	-0.89318923	2.9398608	933.70137	11.286354	6.6449155	0.22703268	0.57639321
1967	3.1533739	0.2505344	1.6279854	2755.9218	106.12504	71.616267	0.03135237	-0.0660214
1968	1.9006098	-0.12019673	2.4448483	550.35299	2.3009453	1.4494135	0.19621151	0.020175905
1969	1.8467292	-0.69860228	1.0245232	1160.5135	58.827752	11.298207	0.008646233	0.0830093
1970	2.1707392	0.74102697	1.5423299	1219.3079	12.687117	12.267828	0.014004639	0.055506022
1971	2.6592336	0.841449	1.9820994	4049.7344	49.729136	31.454316	0.2442938	0.0027107395
1972	1.3976923	-0.92555677	0.26640584	4085.4249	49.287813	43.150078	-0.16488046	0.016756377
1973	5.6367595	1.123029	2.5924875	6647.4148	65.677401	57.804513	0.13562816	0.033580126
1974	0.092350749	0.26230089	0.51085907	9420.6913	65.94475	62.171922	0.014576941	0.013911899
1975	5.8787031	0.2853603	2.4224349	2658.1874	13.115693	12.839995	-0.57185	-0.0012541506
1976	3.6422273	0.44346695	1.9735462	2175.4215	52.384787	49.617059	-0.0029050652	0.029129946
1977	2.1252217	-1.3224975	2.5339276	2455.0716	46.253418	41.683886	-0.067837105	-0.10303804
1978	6.1403153	-0.52375871	2.3776781	1517.689	18.496925	13.440987	-0.38218309	-0.15046856
1979	4.109205	-0.36611783	2.2476	10050.303	86.742905	84.690094	-0.029378878	0.04148356
1980	5.7053292	-0.8931033	2.2467284	1203.8271	11.246409	11.192312	0.020009296	0.026025896
1981	1.2599117	-1.2343315	0.63798951	1565.3027	10.81148	9.863633	-0.21685093	-0.026474473
1982	3.5276259	0.2491136	0.214622	2428.0799	13.461817	10.580019	-0.1171304	-0.020894392
1983	5.9122125	0.15037319	2.5043303	13364.806	94.037977	78.352596	0.025976157	-0.012057271
1984	0.1624578	-0.061242623	2.6396193	758.60237	10.130654	9.9224229	0.1939968	-0.0037515773
1985	4.7141433	-0.1937504	2.7172028	2908.8756	25.231747	16.536455	-0.049525941	0.1554215
1986	0.8215381	-0.254199	2.3547019	5626.3921	68.860483	65.722457	0.024773981	0.060894224
1987	4.8714791	-0.16052608	0.36419482	2751.644	12.434479	11.829048	0.13641446	0.22242927
1988	2.0507165	1.3690331	0.4076521	2613.6633	14.373417	14.060902	-0.091948118	-0.025422738
1989	5.1465937	-0.4713071	0.54266562	593.12817	1.8785338	1.7788045	0.12706108	0.0019395484
1990	2.0609693	-1.1399578	0.50414087	946.22707	7.6658756	2.3471379	-0.010267741	-0.063498969
1991	0.13108602	-1.2286131	0.69520058	1110.0495	14.671816	3.6190349	-0.0021041981	0.1322568
1992	2.0610747	-1.0720031	2.2226855	16632.592	237.9367	103.50792	-0.0016851835	-0.057281042
1993	2.4848669	1.0692788	3.0636198	2961.7681	17.163589	14.373491	0.075327138	0.15150254
1994	5.8272941	0.10810972	2.1602868	1006.5217	11.589181	11.52837	0.045711458	0.015587701
1995	0.63956473	0.96199271	2.0519938	5560.0345	63.429457	63.196912	0.23962007	0.13457472
1996	1.1258863	-0.58391667	2.2826181	2206.3347	12.802514	11.526293	0.15119154	0.0078126171
1997	3.3235051	-0.87810191	0.65366457	1801.0596	12.994623	6.7381632	0.061945509	-0.011678661
1998	3.0457248	0.87587419	1.0662918	2269.2343	22.475606	12.702375	0.021240852	0.025753082
1999	4.6298103	-0.95963954	0.40706263	2797.5837	29.569229	28.076548	-0.17803709	-0.00040494613
2000	5.1987448	1.1603895	2.9754145	1165.6639	4.1187833	3.6203425	0.094691374	0.22825967
2001	2.0331989	-0.5794582	2.1065088	2329.7303	17.110476	11.902873	0.066678969	0.028119867
2002	0.96710678	-0.2216057	1.3923616	965.37349	10.618624	9.5911053	-0.019782116	-0.11420521
2003	6.2233973	-0.86239737	0.85049905	5142.9333	57.97052	45.993597	0.15338902	0.046574856
2004	0.24232015	0.16874264	2.2009995	2168.1989	12.793366	10.566743	-0.032359279	-0.0044454121
2005	0.41692195	0.081899535	0.80302524	5113.0686	53.593233	16.655463	0.02170851	-0.033210793
2006	3.1447558	-0.6592112	2.6365993	2452.8142	42.837756	9.7385393	0.071381587	0.23187976
2007	3.6486079	0.6780193	2.0501753	7912.149	99.039848	82.513614	0.15475525	0.27264069
2008	5.1487757	-0.078964148	0.8920846	2490.7737	20.389115	19.489535	0.053702829	0.28121781
2009	5.1692159	-1.3548289	1.3351196	457.20147	27.848201	9.4418145	0.1051559	0.090947497
2010	4.2062621	-0.20047065	1.9938808	1875.347	47.119994	42.830377	0.092487893	-0.0034962389
2011	3.2407023	-0.091897737	2.9946266	10029.531	57.131638	22.055066	0.21561754	-0.04627882
2012	5.9564472	0.065650093	1.8460827	1595.0679	34.42569	11.763649	0.048195639	0.019670938
2013	0.5263713	-0.20208217	2.7329687	4716.8517	52.846112	48.035311	0.0015567193	0.11454653
2014	5.407924	0.48460414	0.53475923	681.1062	1.7814364	1.4288837	0.054866808	-0.011688051
2015	0.52316231	0.33092549	1.6296981	4663.6644	58.420037	28.517989	0.10613663	-0.041518486
2016	5.3916105	0.38782822	2.108684	8472.4609	86.213372	76.123336	0.13607512	0.0097177916
2017	5.8213336	1.0831765	2.1622818	3419.5186	56.302039	54.799354	0.084698207	0.064507251
2018	4.5341791	0.68785714	1.5668307	817.68235	46.797647	43.481081	-0.11663999	0.054817638
2019	3.8815958	0.63617902	1.1334202	1579.7756	36.945372	11.143528	-0.16507907	0.020597381
2020	0.42013679	1.031878	0.40184442	2739.0345	13.774857	11.250352	0.13403234	0.26414076
2021	2.4460863	0.74006659	1.9593434	4721.9267	62.238333	39.154367	0.3257236	0.053076159
2022	0.26968108	1.0136092	2.9492356	732.34921	10.139357	1.5867928	0.11600214	0.032897656
2023	3.4529432	1.0188037	2.5195036	455.02481	1.5349523	1.4679959	0.018468348	0.041706662
2024	1.9678394	-0.72459996	0.90531385	6667.3983	77.164344	75.45684	-0.16334077	0.0072788119
2025	2.1963222	-0.21641883	2.3272853	8130.7433	87.971943	69.221786	0.00063817631	0.064292696
2026	3.8800458	0.05895491	2.5211609	560.91445	11.292641	8.6891862	0.021464092	0.086989005
2027	4.4753918	0.31243147	2.1856872	2158.0286	12.25099	11.943391	0.29878696	0.028605955
2028	2.3421137	-0.60997625	2.8023434	19653.355	109.89374	91.78838	0.062320593	-0.0042706776
2029	0.93397664	-0.64833164	0.94195446	692.95413	24.00399	23.668915	0.033866325	-0.012548813
2030	2.3567107	-1.4343857	2.1994987	645.52003	21.583779	9.1754389	0.25843293	0.070909167
2031	2.0883843	0.46162688	0.62692549	1039.2525	10.701185	9.3269103	0.054178371	-0.093135938
2032	2.1317693	-0.71755249	2.8405121	2302.4132	12.606164	11.804913	0.50263542	-0.14820223
2033	1.8581679	0.0157684	0.2773876	159.90907	1.391644	1.2165894	0.32137419	0.10709363
2034	5.3222439	-0.23786251	0.85851624	753.12634	10.701306	9.7081487	-0.041251821	-0.046510762
2035	4.0605861	-0.60386649	2.8324789	10213.374	76.648414	54.832842	-0.012435758	0.13850619
2036	5.3428208	-1.2144652	3.0049171	11386.369	126.24836	73.025493	0.19040429	-0.01559468
2037	3.1752188	0.29988057	0.7233252	5439.7754	55.01314	54.045574	0.00091783758	-0.1046197
2038	4.4145865	0.76286894	0.7833469	700.07223	18.596756	9.2213096	0.20093439	0.20216608
2039	0.42496718	1.0076436	0.149334	1202.3147	11.844774	9.766872	0.28221383	-0.061625702
2040	1.391455	-1.0341367	2.4352861	1754.1193	42.52221	23.964931	-0.08034069	-0.11679489
2041	0.14754811	0.0048833911	2.6925348	3253.7756	12.080474	11.75093	0.24735286	-0.0010185505
2042	0.21492739	-0.55701872	2.3835458	4826.8549	54.057215	51.299342	0.023863723	-0.50867026
2043	3.607121	0.076939416	0.96323087	4230.3352	55.4491	52.807236	-0.13445466	-0.11596507
2044	4.8652804	0.10535178	2.0205594	1513.4185	12.27307	11.188669	0.46165033	-0.0042809923
2045	2.2072112	0.80450978	0.16583384	3856.0634	60.766568	56.133684	0.24507354	0.043088997
2046	1.8770063	-1.0498972	0.77134377	2261.1585	13.044228	3.478117	0.045825805	-0.027648846
2047	1.4961143	-0.50502562	2.6188517	543.56477	10.495885	2.994303	0.037673276	0.0069941151
2048	1.8987406	-1.212922	2.8143073	5593.0916	16.262092	14.919639	0.02912281	-0.36555849
2049	3.9848383	-0.057495518	0.82986499	1597.8306	13.206484	11.558653	0.037384363	0.13630152
2050	5.4540548	-1.4079906	1.1440897	1786.8456	12.563701	12.186928	-0.15622031	0.041759879
2051	4.9434002	-0.53662086	2.6349581	2859.0259	52.610974	47.834692	0.044496104	-0.0051230122
2052	4.3916611	0.69093501	2.1935142	1845.5859	19.879209	14.236485	0.17018792	0.12774504
2053	5.7989731	0.2587195	2.3459881	3805.3036	50.141334	15.061497	0.054130285	0.011671346
2054	4.2233809	0.63426561	0.56127679	1315.2784	33.349477	12.266955	0.299711	0.16861148
2055	1.3055525	-0.88540537	2.3089795	2197.9677	11.483921	9.8059618	0.21033181	0.17983148
2056	4.0626587	-0.96964298	0.40290687	924.64015	2.5914852	1.7541582	-0.086715835	0.025402699
2057	2.7166176	-0.80989505	1.8261846	946.04821	15.91235	4.0365797	-0.21843801	-0.037650599
2058	0.76831096	0.0062537788	2.320374	3481.274	39.955445	36.800695	-0.00071122534	-0.039457525
2059	3.3118911	-0.22579315	0.047306771	1846.6704	14.853145	11.882519	0.23606776	0.0025530424
2060	0.36037569	0.27575188	2.5396342	4570.441	42.765274	39.954043	0.068443284	0.35419863
2061	2.8776189	0.97339141	0.71450272	1264.9898	39.726822	11.39432	-0.067738741	0.10313128
2062	4.6253212	0.88565233	1.9840899	6688.7838	95.203183	67.820115	-0.33443984	0.047669486
2063	1.7060581	0.42864084	0.56431223	882.25767	14.089014	8.5885344	0.059672092	0.35935882
2064	5.61631	-1.192346	0.82060627	293.39289	9.3913122	1.4652141	0.032096378	0.0067617301
2065	1.8787616	-0.67567801	0.51701374	11315.5	146.72708	84.751153	0.0079609191	0.043734391
2066	1.5917569	-1.4859716	0.31444858	3580.7612	20.723438	17.14693	-0.039524753	0.022615123
2067	4.1554716	-0.3728221	0.94375901	999.63444	33.598625	30.221453	0.14299464	0.19052146
2068	1.0793184	-0.3728714	2.8694678	3421.8973	16.120816	14.254282	0.34369999	-0.0013318886
2069	0.2416338	0.82789797	0.545785	545.50555	1.4560381	1.3608487	0.12488588	0.016236178
2070	1.1122273	-0.11344359	2.8904584	7262.017	76.224004	45.781663	0.44051948	0.18045066
2071	6.1393631	-0.32955452	2.7698222	2176.1735	13.660967	11.857621	0.001559001	0.031270539
2072	1.9435836	0.532535	2.9811649	158.19882	1.3943742	1.2363908	-0.0033293072	-0.026148804
2073	2.9532129	-0.80775976	2.1460615	4681.3184	50.011588	31.126659	-0.00088435809	0.063450794
2074	1.4403993	-0.30441959	2.3920074	1598.3896	14.590144	11.665323	0.20874737	0.10648086
2075	5.8897115	-0.047783408	0.23619091	3627.0325	49.26703	40.215798	0.17886828	0.10389743
2076	3.7324651	-0.21561216	0.98312423	1833.376	38.834352	27.392226	0.034654226	-0.57456672
2077	3.0463757	-0.87521758	2.1385501	4448.7549	45.44177	39.416309	0.10428524	0.031226196
2078	2.1333667	0.67093495	1.0785442	4488.2777	16.331215	15.206588	0.011970309	0.1676139
2079	3.5148358	-1.4412443	2.8684969	3310.2749	13.639625	12.999158	0.018075854	-0.027231705
2080	1.5318762	0.88910205	1.0067555	1544.9034	10.59011	9.9103208	-0.21656777	0.035047695
2081	6.1583119	-0.059605964	1.8805489	4310.1803	68.098208	63.273762	0.079358998	0.027406377
2082	1.7242297	-0.31015999	2.5520944	2642.7153	13.741187	12.614529	0.061115829	0.019227571
2083	0.1010766	0.74619007	2.62983	14900.232	81.069551	72.371004	0.012060058	0.0029555725
2084	3.6955542	0.33366149	2.3270954	3721.9771	35.622167	33.67357	0.15995802	0.14516191
2085	2.7732366	-1.038048	1.8881028	2085.9338	12.536614	10.294799	-0.037000742	0.051793298
2086	5.8282295	-0.058044272	1.9676814	4118.5782	47.764106	45.826375	-0.046145951	0.02875524
2087	3.6530254	0.53912697	1.5547471	1398.6856	19.563771	15.191427	-0.059316829	0.28113629
2088	2.2986075	-1.263705	0.47977752	1446.8371	12.240132	11.360369	0.47072873	0.29761946
2089	2.5323115	-1.0504203	0.44726864	2536.3003	11.809127	6.8711156	-0.44227657	0.096778355
2090	4.5861994	-0.34826237	1.0634225	1268.7088	21.009125	12.114009	0.0050625377	-0.043453904
2091	6.1483714	-0.6812842	1.1908489	2011.7549	54.17206	36.730551	-0.032071826	-0.10331048
2092	4.6784404	-1.022391	0.25298209	1804.4827	14.583459	13.573247	0.094662397	-0.058262754
2093	5.8018064	-0.37665511	2.2734345	147.64903	1.2621755	1.2245296	0.14441855	-0.036073946
2094	0.11669767	1.1126319	0.58014687	8184.8146	69.955074	62.426977	0.0019418838	0.078691431
2095	5.7858335	-1.0082371	0.65346307	5376.693	61.618824	44.453573	-0.038261619	0.0082035559
2096	3.1894337	-0.52844247	0.63911493	1195.1825	11.723003	10.024465	0.11059299	0.040944167
2097	0.93200982	0.5310604	2.0562042	7053.5023	90.430798	66.089254	-0.30576085	-0.36738619
2098	4.2176037	1.0256998	2.5155717	1332.9674	18.187507	8.3194563	-0.25644235	-0.036606886
2099	0.21512	0.56688308	0.54083064	15161.827	73.125335	71.86775	0.057038922	0.1648192
2100	3.1236025	-0.97165415	0.32048279	4366.5694	49.011302	41.562473	0.17889336	-0.25987614
2101	0.56077461	0.70468512	0.85242922	1078.5257	9.7027385	1.8622331	0.29162634	0.12845039
2102	0.34573965	-0.60920898	2.6793803	2520.5601	13.620904	11.500829	0.27380639	0.14662846
2103	5.6366846	0.042518473	1.000613	576.19658	3.8343187	2.6074382	0.33265314	-0.10884032
2104	4.1503919	-0.26986597	2.7430002	368.01934	1.6026158	1.2796881	0.017001905	0.051120274
2105	5.679462	0.050816533	2.5103636	4901.9451	90.042523	61.871293	-0.18610767	0.017612184
2106	6.2397008	0.30237357	0.88712535	1983.8445	26.983364	10.894524	0.023883067	0.093000744
2107	1.6268446	-0.48791458	2.2651338	1952.5734	12.068085	10.311941	0.13232152	0.09319613
2108	5.9306284	-0.42338096	0.62720906	2651.6893	54.798498	52.356159	0.27763037	0.043406746
2109	3.8461655	0.98184179	0.94101237	5459.1042	62.113877	49.046076	-0.097013502	0.13641392
2110	0.90959341	0.32927259	0.49255674	4401.312	57.003659	52.561505	0.24863707	0.055732756
2111	0.1805864	0.26869461	0.89065975	3755.0712	54.313881	47.782537	0.13963105	-0.43243872
2112	2.1348968	-0.80313877	2.2267276	284.02719	1.6096836	1.3032464	0.0022911319	0.0054366886
2113	2.84082	0.46589412	2.5688956	5560.9995	29.01889	18.468242	0.0062527465	0.10283218
2114	4.465562	1.3586167	0.57343257	2198.1274	13.162745	11.335407	0.51243754	-0.024294126
2115	3.8047421	0.70641529	0.67104679	2528.5577	16.031806	13.628076	0.21083109	0.28794711
2116	1.4209716	-0.32827346	2.7283353	5844.3386	47.121349	40.353822	0.44545123	0.081825145
2117	3.5569654	0.38712553	2.4078267	2372.1362	12.70556	10.573665	-0.0061901688	-0.00046892309
2118	3.0335009	-0.030720494	0.6179348	710.51176	1.4689906	1.3295512	-0.065136987	-0.006862106
2119	4.9008766	-0.54205238	2.4881662	1076.1208	29.337251	1.4376366	-0.066299046	-0.025003501
2120	5.7845716	0.10119165	2.2898103	2415.3553	53.059116	29.971581	0.060965567	0.22583361
2121	0.84265945	0.47435658	2.5224721	3129.6251	14.304817	12.629795	-0.0061216064	0.24845846
2122	5.6945438	-1.2768718	2.1655746	2130.8946	91.99608	49.617654	-0.090913862	0.063273746
2123	5.8290149	1.5232697	2.6709539	2217.9549	20.480497	13.541603	0.14861899	0.010434034
2124	6.2748242	-0.59773831	2.6976696	618.92628	1.9874374	1.7807782	0.099185845	0.056154776
2125	6.1279168	0.0060135488	0.60875677	1326.9794	30.681941	8.0878385	0.15320095	-0.0055422996
2126	0.96688469	0.58426042	2.63326	738.67652	1.9474767	1.8190068	0.18785909	0.068576037
2127	0.91778752	-0.79007556	0.33625262	5544.5687	17.064545	16.49564	0.025179283	0.027037315
2128	1.6463823	1.2629028	0.2586849	12956.485	184.93263	91.723223	0.012993036	0.33657688
2129	1.7557372	0.015634669	0.62930289	3792.9641	51.816083	29.259104	0.07648387	-0.22366846
2130	0.30110871	1.2237468	1.2134436	2545.3018	46.908587	29.996961	0.08582451	0.13727176
2131	6.2678323	-0.29661043	2.6582702	1969.476	15.068373	3.0346864	-0.00069275209	-0.041699167
2132	3.5217256	-0.64126233	3.0652733	3685.2373	17.397572	16.855705	0.070771611	-0.0058005089
2133	4.1112437	0.74574888	1.3997309	1026.3919	13.475507	9.0679038	-0.23593341	-0.017616094
2134	0.41721391	0.9502489	2.5171633	3006.0576	32.063103	14.05223	0.16112926	0.010675522
2135	5.0245689	0.41500095	2.3264252	917.81934	9.3545485	8.8676244	-0.11875212	-0.060356633
2136	3.5532823	-0.43960937	1.2228163	285.75045	2.2506638	1.8252252	0.08736664	-0.018814966
2137	5.415995	0.67150607	0.6713553	4388.4899	119.64124	17.500663	0.31533541	-0.18234323
2138	5.8843016	0.10928516	2.3826383	4983.5868	49.261202	33.53203	-0.058366133	0.070115323
2139	4.9437302	0.7539296	2.1166271	287.52748	31.259922	29.941536	-0.047969375	-0.24260362
2140	1.9265394	-0.34034098	2.7091638	1581.7983	46.016079	18.150962	-0.074123829	0.019224165
2141	5.2214588	-1.1974292	0.24221316	6163.7187	71.204303	23.000837	0.048032126	-0.064511027
2142	0.29414522	-1.1455735	2.5342535	1845.2291	11.681529	10.605345	0.14369658	-0.0028584926
2143	2.5149222	1.5389254	2.4342575	1289.4525	23.350998	22.34611	0.3193217	-0.32758648
2144	5.4862968	-0.32821988	2.0689265	3660.3236	58.91262	58.578225	0.21429584	-0.41745715
2145	5.0824147	0.40063234	2.7438841	4425.9205	16.928566	13.72139	0.025214847	0.20468494
2146	0.21343267	0.63731397	2.2786723	774.46788	10.895688	10.045098	0.11306268	-0.12622516
2147	0.33121164	-0.56450075	2.2064438	3080.3062	49.317559	22.087436	0.27391087	0.06971601
2148	4.6606582	1.1778498	2.9110846	2598.4131	29.007766	13.110689	-0.0061636426	-0.069060001
2149	0.61741429	0.43288056	0.84211894	8020.7133	46.477099	33.717427	-0.13764898	0.41894549
2150	5.0020584	0.97376133	0.20980313	1571.8666	12.720442	4.5221756	0.39256658	-0.10734886
2151	5.1681034	-0.38011901	2.5895066	204.87528	1.7840822	1.557834	0.049126667	0.32284937
2152	1.301015	-0.65200137	1.21018	4190.6986	52.316036	51.474702	0.09958389	0.11690797
2153	2.7194143	-0.81970139	2.8765124	19436.734	90.504212	82.468218	0.045692741	-0.047576995
2154	4.4328786	-0.4584991	2.6650453	430.76715	16.618324	9.3151656	-0.014474552	0.27730015
2155	2.5083437	-0.29288562	0.84589516	514.5109	2.0008767	1.5723734	0.029802684	0.0094261989
2156	3.1649107	-0.95846034	0.76990285	3931.3758	18.534982	14.556046	-0.00043708399	-0.03152807
2157	4.2094646	-0.13739856	2.0963134	2017.7848	32.49311	20.744908	0.014391742	0.11158337
2158	5.1558381	0.16612815	0.65128667	8190.3131	71.531256	50.108488	0.14669969	0.09859148
2159	5.3891982	1.267562	0.28038235	3042.1654	14.94322	13.700295	0.032067333	0.16461819
2160	0.47712433	-0.28894306	2.3828984	1650.1228	9.4144807	8.3007434	-0.002953818	0.2187588
2161	0.15880168	-1.2628067	2.0189501	471.0628	34.353082	25.917643	-0.04691838	0.16720493
2162	3.2673527	-0.10926847	0.49711938	542.77924	1.4451041	1.3549176	-0.039886903	0.028277839
2163	1.2197537	-0.7726405	2.7418597	2830.487	109.44065	49.708045	0.030947154	0.10136422
2164	3.4655891	0.63173807	1.4865277	372.42448	1.5919131	1.5713744	-0.014141644	0.021845933
2165	1.758635	0.24207617	0.55150093	1056.7481	20.213362	1.3967065	-0.37215907	-0.15219488
2166	2.0498682	-0.74872043	2.1010982	2713.535	47.176627	34.401694	-0.56384397	0.11463437
2167	5.7157639	0.16342103	0.70460434	9276.5765	70.047249	54.784329	0.0091818395	0.25573362
2168	0.030192599	0.49025371	0.90818219	1762.321	22.373584	19.196073	-0.099450798	-0.013741305
2169	2.9753347	0.94741167	2.8122106	2881.1663	15.880603	13.642011	0.44336023	0.062704613
2170	2.1920564	-0.28894483	2.5221453	10269.961	69.973873	51.514898	0.21387711	0.032011444
2171	0.35627308	0.10422296	0.58934238	3814.7074	87.468195	46.010343	0.0057786992	-0.64190934
2172	3.6982815	-0.64508225	1.9304751	2648.126	42.781627	39.436923	0.13327874	-0.39668369
2173	4.1838262	0.85154582	0.39258879	9632.9404	74.437142	70.232455	-0.011162868	0.032178466
2174	6.2790365	1.1356495	0.50321323	5928.8779	64.631437	43.657117	-0.29042002	-0.16124403
2175	2.9624464	-0.5445537	2.7082556	6672.02	65.169979	63.873345	0.12015957	0.23582174
2176	4.7234899	-0.047538898	0.13008599	8258.5475	47.358343	35.062667	-0.089765127	-0.0049453954
2177	2.7029426	1.0249807	0.4843517	2528.3181	15.974561	14.202566	-0.1160225	-0.11725947
2178	2.0753351	0.84447228	1.843622	727.19559	10.803713	9.8102323	0.263151	-0.052778126
2179	5.4994317	-0.074374072	0.50080668	4368.3887	51.952768	36.218176	-0.5305118	0.035423826
2180	3.4499954	0.59759952	0.19205677	1705.9265	12.5715	4.9373582	-0.41473404	0.32372011
2181	5.7556686	-0.19544385	1.1173097	3119.5951	55.588108	50.802232	0.027066508	0.014819721
2182	5.8778842	1.2963226	0.46159082	7311.9085	58.992166	44.478016	0.094897658	-0.073878797
2183	4.3381174	-0.25723184	0.29159039	3492.3484	13.756688	12.287785	-0.012065991	0.23048803
2184	1.350073	0.33184431	0.43527702	6939.7544	38.107751	32.616664	-0.044611331	-0.010301378
2185	4.7303411	1.0925135	1.9430172	1934.8045	26.639412	13.405707	0.53859624	0.12379806
2186	3.4604577	0.73168799	1.0161052	3009.2007	23.610107	22.782849	-0.019858088	0.047174699
2187	5.4097452	-0.6336695	0.81786959	677.66368	1.6135442	1.5066026	0.20941736	0.035587719
2188	5.7268043	-0.54296914	1.1237255	7824.5637	67.893264	43.303696	-0.17107576	0.037208338
2189	0.91575104	-0.78709387	2.764047	4710.0171	49.467731	38.242306	0.014413482	0.36624465
2190	0.82506628	-1.3219118	1.4291853	5094.473	61.254245	46.043241	0.17152254	-0.040798992
2191	4.7303677	-0.89853223	2.1403706	6822.4683	45.947772	35.914751	0.31305856	0.13240978
2192	3.1992418	-0.64872317	0.46205076	8613.8605	67.152276	55.49513	0.068413792	0.14018217
2193	0.39225174	0.24640448	2.3011528	3918.837	22.343085	19.73418	0.15901336	0.32330002
2194	5.4658373	-0.4193895	2.6506929	5515.9015	56.959272	52.096473	0.17543251	-0.014086669
2195	1.7042475	0.43219619	1.0278989	1455.2683	32.645582	9.752362	0.044173968	-0.12571683
2196	1.6900358	-0.55741663	2.0726771	3534.5081	44.245148	22.883736	0.15179321	0.4606707
2197	1.1611656	-1.0445231	0.90215882	305.51805	8.6605528	4.6007171	0.21724577	-0.083103034
2198	4.3843457	-0.43443976	0.28289689	2440.7921	40.450069	36.165956	-0.11971578	-0.76593728
2199	1.2669314	-0.2951084	1.8645825	4290.845	54.531937	48.433001	0.081064432	0.19333119
2200	4.6667119	-0.75842996	2.9596073	2518.8169	8.3299579	6.2616347	0.026968345	0.065768337
2201	3.9586446	0.88185069	1.8393926	2325.5375	22.870379	19.950575	0.062503949	-0.015894163
2202	1.2114305	-0.6324195	2.4411443	183.76936	1.3134084	1.2927615	-0.056039023	-0.059703085
2203	5.2861879	0.6880659	2.3658789	2504.3966	19.935261	13.146167	-0.067750591	0.0014734079
2204	2.7359246	-0.3761973	2.1242496	4271.5195	65.637447	62.813764	0.013891678	-0.071983506
2205	3.4539027	-0.68864628	0.19108912	9535.9659	77.720449	77.499464	0.16240933	-0.010880822
2206	2.0523644	0.38120439	0.43539999	2743.2594	41.778341	27.432467	0.27751684	0.23095149
2207	1.0916832	-1.4605199	1.3781399	1751.8958	13.476088	10.814075	0.14328034	0.11015432
2208	3.222478	-0.43012507	0.58361148	576.82532	1.6406756	1.4027025	-0.03041584	0.032113374
2209	1.3674682	-0.26250672	2.4183089	1126.1374	11.723621	10.740309	0.013208398	0.042074989
2210	1.3761451	0.85463459	0.53580575	311.06352	1.3245908	1.2086687	-0.078109467	0.12653002
2211	1.4743777	-0.29370139	1.0077924	293.8228	2.4189983	1.719062	-0.30848342	-0.048085297
2212	2.4094487	1.1408207	1.6364421	3202.0491	54.819043	45.457763	0.091362376	0.70662408
2213	5.9212935	1.0561752	0.27483812	712.00436	1.9240873	1.3154302	-0.018205723	0.11741438
2214	4.7987268	0.84911102	0.28611911	9434.8985	74.619164	72.852367	0.17993916	0.020349938
2215	3.5410837	0.16224379	0.80046265	3088.3598	22.551043	16.055817	0.39901862	0.45519928
2216	5.799064	-1.1390495	0.72612575	2834.5976	14.136409	13.002724	0.07555364	-0.013833136
2217	3.7332927	-0.67291371	2.1011636	731.7425	28.31089	18.713901	-0.092106149	0.20353662
2218	6.0005411	-0.93171201	0.60573855	8617.6723	72.644674	58.001407	0.0080881824	0.062951262
2219	5.2586311	0.33955527	1.4063794	114.11893	7.9476249	5.5240888	-0.070109686	-0.029935839
2220	1.9839225	-0.29534019	2.1747057	999.48787	25.552183	11.026245	0.11382852	-0.16886873
2221	5.0818994	0.63345718	2.4231166	3109.5381	15.922755	14.420887	0.14167485	0.38588232
2222	5.1229311	0.88310109	0.92504627	5515.4853	69.691124	67.327229	0.038424038	-0.25871644
2223	0.31973442	-0.3337483	0.31928525	18828.6	227.57393	203.26593	0.0038139162	0.18699308
2224	4.6643226	0.13888506	2.07181	987.70919	9.7076037	9.064461	0.0042360261	0.063551493
2225	3.8086038	-0.30658133	0.60487674	4407.1417	62.990425	52.223873	0.03301414	0.46006733
2226	3.7790512	0.19458882	1.2134034	2230.1786	15.066625	14.888295	0.020567255	-0.26069373
2227	0.48148695	-0.034129965	2.6194491	11187.389	84.731331	76.866297	-0.24299425	0.051903276
2228	0.44048847	0.1311769	2.8411655	10735.391	64.651606	49.456707	0.24832964	-0.0600651
2229	6.0564235	-0.98752005	0.50854195	514.90576	1.506068	1.3497526	-0.048471528	-0.13372318
2230	1.3236342	0.54499077	2.5391706	1137.7963	27.486634	10.288903	-0.025521698	0.094384408
2231	2.6532576	-0.91927458	0.89115629	335.43888	1.908422	1.3636441	0.072334524	-0.059037214
2232	2.7639561	-0.28092931	0.047589582	1770.6988	11.900817	11.563713	-0.13075837	-0.12498205
2233	2.8973615	-0.86192941	2.3952374	1227.8033	3.262386	2.0256319	-6.7904063e-05	0.010672958
2234	1.8243598	-0.75538914	0.38845301	5101.5256	117.80501	98.052351	0.35602033	-0.00043261863
2235	0.42398278	-0.96300041	2.0158864	1841.9557	35.303458	13.28256	0.068256297	0.10233439
2236	5.4095573	-0.41964135	0.39930014	6900.8409	57.140078	39.612181	0.0046903149	-0.03074494
2237	1.0324714	-0.40112174	2.5698146	3563.5229	44.905609	42.164838	-0.015641869	-0.18128653
2238	4.0599658	0.38180186	1.4868828	1442.4028	46.47761	38.655158	-0.025124398	-0.009760763
2239	4.2781135	-0.38760916	0.88942783	1453.5478	11.815237	1.7440813	0.60364818	0.013839314
2240	0.62066559	0.3458257	0.89951696	672.09762	9.1513405	8.7989062	-0.01401669	0.014881806
2241	6.2378179	-0.65177964	1.1462515	9287.9398	76.921393	63.022433	-0.02662199	-0.26063546
2242	5.9032739	-0.88202706	1.7565143	854.48307	4.8554541	1.4602837	-0.018491122	0.0044093529
2243	5.9236103	0.038183589	0.51789134	1370.547	13.108949	12.39199	0.020039875	0.20856636
2244	2.8847797	0.55224464	0.88916119	5229.6329	19.314545	17.309119	-0.11197362	0.4354702
2245	4.3284344	0.89201628	2.2505998	409.15653	9.2809024	2.5698951	0.24409987	0.03390644
2246	6.0325702	0.47748139	0.97904135	1865.0998	31.421309	16.196729	0.2889513	0.0066233501
2247	5.759292	0.35036054	2.3347669	4556.5244	48.489428	46.838957	0.10975782	0.2222513
2248	2.8231158	0.57213369	2.0162027	3049.5936	14.333922	13.087734	0.089039712	0.010938686
2249	4.2661523	-0.53926795	2.4802936	333.12504	11.130837	9.4221675	0.29033701	0.16884057
2250	1.9401771	-0.31619531	1.6824204	2589.443	50.979344	41.762912	-0.040463516	-0.042311179
2251	1.6092302	0.42258192	2.6280283	2603.0524	15.31143	12.551397	-0.039370118	0.29890441
2252	5.0321666	0.4328882	2.4528294	922.31632	10.197594	1.6067533	0.027788163	-0.0033677357
2253	4.5143866	-0.27347487	1.1244164	4538.7318	48.050421	42.592112	0.0036876445	0.17467894
2254	5.6310758	-0.10365978	1.4394869	5095.714	55.520836	47.129362	0.0079100565	-0.13984705
2255	3.2689618	0.12197653	1.5460239	113.49467	1.2327942	1.1804643	-0.001992353	0.066404803
2256	0.48246137	0.099323027	0.6273165	6674.178	47.648319	47.110804	0.036689088	0.0039872745
2257	5.6131157	0.40729689	0.37027685	2427.2744	13.043469	11.326121	0.37551392	0.30805272
2258	2.9114535	-0.28042862	1.333291	1308.7942	60.754979	46.733856	0.074444224	0.10743675
2259	3.675371	-0.83801851	2.3267028	594.91766	9.4655248	6.969471	0.070459402	0.01497126
2260	1.8774657	0.33945331	0.65472934	1379.5087	14.077431	13.744614	0.0062277437	-0.12902737
2261	5.0845983	0.3505952	0.80166415	3568.3739	30.228378	25.137645	0.030464953	0.12750482
2262	4.4871791	-1.3652988	2.7547575	9260.2736	65.387861	47.719069	-0.093546681	0.23150739
2263	0.13968931	-0.3890999	0.70175156	3242.6272	19.880477	12.809903	0.076070175	0.0022453617
2264	1.9280495	-1.0996305	2.3903714	3933.5596	47.46471	46.066838	0.078739208	0.025962849
2265	4.8453869	-0.089600787	0.46099963	419.69935	1.865694	1.3227765	0.067448052	0.30630169
2266	6.2199656	-0.67138955	0.80754575	8210.9343	100.08625	73.909229	0.074100215	-0.00059241531
2267	1.0249906	-0.61580932	2.0272071	756.0932	10.552353	6.221252	0.40446082	-0.044123292
2268	5.8223641	0.11018796	2.9791489	3360.2342	36.845676	36.339634	-0.084435904	0.031044259
2269	3.5250028	-0.7994264	2.2905016	307.40082	1.9095372	1.5073759	0.0060147668	0.16589697
2270	4.497373	0.62225186	2.2474325	1799.1065	28.752265	13.648912	0.11391626	0.31215239
2271	3.1776504	-0.2482469	2.3597823	1641.8845	12.054995	11.311479	0.17725153	-0.010900174
2272	2.821759	-0.75591988	2.2979802	3670.741	25.344999	13.536784	0.0071087098	0.019769177
2273	6.228711	-0.56079929	1.6716893	5405.9657	65.978915	45.516366	-0.042776933	0.14084413
2274	3.4941081	-0.82103711	2.1879599	1314.6601	28.011571	11.119276	-0.05365401	-0.050750207
2275	4.8487645	-0.15003355	2.1664583	6401.3282	84.143653	79.421452	0.3431294	0.064789346
2276	4.2827693	0.33826076	0.76744332	3878.0858	59.75342	38.413446	0.1171643	-0.030507692
2277	0.81171212	-0.2981464	0.96303519	8787.9731	82.995023	74.206924	0.0031715761	0.31372894
2278	2.9455072	-1.4551142	2.7086527	6265.2228	49.206505	43.293746	-0.08538289	0.12935551
2279	2.5758675	0.80562808	0.58462824	2682.4074	13.86763	13.781848	0.14881521	0.047890909
2280	2.7526901	-0.6475734	2.8611875	8190.4921	63.58055	60.722141	0.21141767	-0.089644814
2281	1.7585009	1.4631232	2.1060377	815.33278	8.7814587	2.9574531	-0.60634477	0.24641979
2282	0.28269089	0.66756321	2.8275884	443.52845	3.6662059	1.5575467	0.031050112	0.028710625
2283	2.7675512	-0.21121977	0.051709285	12003.241	72.821151	65.63834	0.050260624	-0.16258365
2284	3.0227801	-0.83566304	2.214727	1168.9587	12.885474	11.760881	0.088321651	-0.060508577
2285	4.0615844	-0.9003617	1.1655227	3859.4544	61.050538	59.50841	0.242047	0.30231134
2286	5.2976316	0.42292282	2.0989353	1289.7321	11.775678	10.788662	-0.22795134	0.21067761
2287	1.7219383	0.38039366	3.1207701	3695.8092	14.98637	13.951377	-0.046506342	0.075993885
2288	3.6163832	-0.76738994	2.1309358	3818.1983	43.70206	34.71573	-0.078086875	0.0025013101
2289	1.8125799	-1.1665359	0.89973533	4295.8312	58.706647	46.214333	0.012760602	0.1061797
2290	5.1015375	0.75003569	1.0871495	4537.0009	60.233854	38.282711	-0.11719268	-0.053850074
2291	2.337894	0.26716082	0.8910952	3475.5102	49.384976	46.973683	-0.0037469313	-0.49352022
2292	3.2849468	-0.41501979	1.1323037	1174.4146	45.438576	33.032726	0.13466452	0.010023017
2293	6.2181415	1.3727117	2.4459191	1950.2531	17.352713	12.34586	-0.11937019	0.2351963
2294	2.7886657	-0.57052756	0.75811146	751.28293	11.889965	1.9207764	0.02614894	0.021640561
2295	1.101262	0.45844419	0.42587515	1180.4949	47.116483	12.633347	-0.00059171855	0.14267419
2296	3.052002	0.023301493	2.2866505	2175.5046	41.805212	34.692716	0.018546706	0.20137841
2297	6.1451418	0.071894154	2.610545	1769.4995	11.223153	11.052483	0.0038670178	0.45270245
2298	3.0337098	0.51136082	0.25625207	6224.3628	30.421195	19.096454	0.037163174	-0.041012491
2299	3.3523832	0.94462556	1.0055557	3145.4465	52.902368	33.47296	-0.01203772	0.01438891
2300	3.6134095	-0.95034377	1.2495861	2807.462	13.68357	13.582106	0.57612694	0.10297956
2301	6.04789	0.98992755	2.93625	2494.0835	14.737371	6.7132802	0.39681582	0.11923181
2302	2.0960127	0.64972563	2.0900645	914.88897	9.7979759	5.4186662	0.14491767	0.18317503
2303	5.0942757	-0.43362143	1.3960243	943.56295	11.706562	1.7320352	-0.010506935	0.005850052
2304	4.79393	0.10216466	0.7601479	331.9784	35.150605	19.549938	0.039989914	-0.074782701
2305	6.0361075	-0.8949389	0.57671369	374.84135	11.046884	1.529696	-0.0186549	0.11428809
2306	2.4323978	-0.73659843	2.4686013	1917.3948	13.06568	11.789993	-0.13471459	-0.036566822
2307	2.8080842	-0.51454108	2.2154455	6183.3127	65.392273	64.044509	0.089595004	0.52707979
2308	5.3948408	0.89264275	2.5770803	1262.1698	13.844182	4.890517	-0.13286325	0.0082186635
2309	1.8447614	0.052511302	0.67383594	485.0814	1.4242327	1.2740216	0.0041587912	-0.013532329
2310	0.074894297	-0.76195943	0.6529433	2955.2979	56.703363	32.675275	0.28566354	0.16718619
2311	2.1521227	0.73395987	0.48387333	5349.7828	66.990871	47.331955	0.27388801	0.13151458
2312	1.9742208	0.40602946	0.88665181	1754.1734	13.139545	9.32623	-0.40163898	0.30834753
2313	4.5829807	-0.45784112	0.67932697	7460.3235	63.383149	38.478867	-0.061908031	0.16453176
2314	5.5805642	0.36869314	0.57494975	1959.4555	31.816259	23.3585	-0.028841467	0.1908962
2315	1.7794831	0.11859132	0.77448952	1295.552	31.814777	11.671249	0.186807	0.25474054
2316	1.5445427	-1.3529519	0.25235539	991.02471	8.6815236	8.3378803	-0.0003230986	0.030310917
2317	4.2818523	-0.958457	2.6368733	6474.2993	49.571095	48.238815	0.30537466	0.0054430001
2318	1.0115006	-0.59709106	2.7436797	1811.8385	13.630108	1.9516876	-0.046288586	0.012434674
2319	5.4017437	0.53536611	1.4569234	7192.5888	87.788959	57.295591	0.15595987	-0.0063670775
2320	4.0092406	0.85994177	2.3820179	637.29633	11.310306	2.7053394	0.16806662	-0.044943584
2321	1.5420083	-0.39449412	2.0290995	5226.1428	94.854816	55.063213	0.35566484	0.29133123
2322	3.2344146	-0.88380955	0.11143503	2107.2138	11.994438	11.442731	0.0074703733	0.0062377836
2323	4.5793979	-0.39292843	0.87834446	2533.2471	15.220677	12.241545	0.065759049	0.038575785
2324	0.97745746	0.19685435	0.96539058	1615.7425	14.460955	12.092242	0.049489329	-0.025501968
2325	3.1506326	0.89044684	0.96238883	2995.7093	22.793231	14.899919	-0.056132264	0.018557865
2326	4.4374088	-1.016525	0.53954658	318.78067	1.3592762	1.2857253	-0.050068564	0.015757093
2327	0.80804184	0.56181936	2.8289356	948.45207	2.557716	2.177714	-0.11404608	-0.18049569
2328	3.6179784	-0.72799099	2.3699849	4792.367	52.632019	40.78397	0.23880497	0.017810233
2329	4.5786619	-0.58252575	2.2066076	3442.1418	32.161261	14.535206	-0.059377372	0.042289016
2330	0.061494416	0.22416757	2.8235525	921.26435	10.829263	2.5426721	0.071290276	-0.010380243
2331	4.8090345	-0.55669088	0.90324487	464.78618	1.7012469	1.2850103	0.0044816325	0.055718107
2332	4.8323917	-0.006827013	0.63478151	2622.1974	20.69416	13.046081	0.26405853	0.1305865
2333	2.1232994	-0.45727477	1.5728933	1201.3406	10.292118	10.179989	0.16430635	-0.1983949
2334	1.9254838	0.93047319	0.3500639	2374.7568	11.603975	6.4311717	-0.029178432	0.027766806
2335	2.6687212	0.26541345	0.57765721	1142.2638	10.394739	2.6576791	-0.0079697852	0.086287394
2336	1.1705738	0.22709127	2.0146153	2011.0131	26.046884	13.144402	-0.01469991	-0.06608509
2337	3.2894915	0.80785532	2.6876093	5394.2566	41.444506	32.932997	-0.033204722	0.34485145
2338	0.89921197	-0.39581828	0.61094085	2140.638	12.570799	10.691996	-0.084733182	-0.022393893
2339	3.5619406	-1.2633527	0.081680276	14676.89	89.864643	88.390576	0.0015829734	-0.066178898
2340	0.81086791	-0.83182005	2.5006263	12595.224	44.497703	42.833098	0.031663969	0.16191906
2341	1.0368334	0.2706401	1.4224049	1866.0005	29.762009	13.955307	0.10173997	0.0044874527
2342	5.6170386	-0.063512365	1.9525154	2629.7731	44.826707	31.720498	-0.12162421	-0.32766485
2343	5.6866756	0.11653507	1.4569727	505.76511	16.820986	7.1026454	0.0021016766	0.066678748
2344	4.2201791	-0.76627153	1.6205695	3534.6901	35.859487	26.109133	-0.038513339	0.19975591
2345	4.2076796	-0.57630865	2.7357495	5365.9035	26.078365	14.285521	-0.045666345	-0.11173083
2346	2.8051296	-0.50559892	2.8109542	859.19997	11.383723	11.010449	-0.0058206624	-0.035295656
2347	2.0142042	-0.097335137	1.2994407	952.34079	34.513529	27.712234	0.76314323	0.33865235
2348	4.6351448	-0.022642976	1.7755463	313.78671	9.2022484	8.8739682	0.044745453	0.097991007
2349	2.4692523	-0.090908021	0.62242973	3764.0449	48.930122	40.932484	-0.0034569642	-0.0050627639
2350	4.5266647	-0.39995548	2.2121836	4818.2049	59.054371	55.519352	0.16649145	0.3267011
2351	0.61667859	-1.0166696	1.8710863	404.78476	3.7149245	2.9549932	0.062706203	0.015900314
2352	1.1881253	-0.9910996	0.91892992	935.70721	16.382505	11.856243	-0.15008409	-0.097968991
2353	3.6914415	-0.77407501	0.99527638	4420.2135	54.313305	44.383248	-0.12249997	-0.13735126
2354	6.2477066	-0.70394598	2.3246144	8673.2915	67.511709	65.735773	-0.00060377183	-0.26077928
2355	1.3024772	0.041461504	0.94614169	896.67255	35.992961	1.5875063	-0.042758021	-0.0063297088
2356	0.13115898	-0.12302051	0.7472796	1747.0947	30.71874	12.817513	-0.013877388	0.24727027
2357	4.0311207	1.1425313	0.28040214	2328.8122	53.911407	25.325617	-0.23161566	-0.065012921
2358	3.9021516	0.45157179	2.4867727	2087.6488	13.294396	12.726143	0.014279936	-0.12849249
2359	1.9859445	-0.042412461	2.7486009	2995.051	16.067565	12.812408	0.025860197	0.15993349
2360	1.5898125	-0.95934835	2.5404403	1159.3289	1.9654722	1.6325745	0.11178979	-0.03305214
2361	5.1947966	-1.0817128	0.72000775	1225.9238	13.262249	12.037428	-0.05071087	-0.085389312
2362	5.073119	-1.1172797	2.2885199	1936.9032	13.646047	11.256632	-0.37248825	0.032955104
2363	4.9627045	-0.64840491	0.44767802	7538.9829	75.637257	41.773886	-0.091591787	0.11897948
2364	6.091518	-1.1976416	2.4605951	2316.8857	14.041614	13.633111	-0.14028688	0.078717184
2365	0.47778306	-0.22697304	1.0860995	3174.6835	54.432072	44.339155	-0.069748615	0.097117542
2366	0.61741481	-1.0145451	0.51013566	1934.9662	17.597036	3.4061188	0.01296262	0.23568083
2367	5.4699522	-0.77350518	0.15015354	949.87048	10.619921	9.4460769	-0.018047339	-0.070281954
2368	4.2804788	0.81394916	2.1271352	896.73065	10.817173	8.8476988	-0.0087312509	0.0068659218
2369	4.9685713	0.78575074	2.1462612	2285.6154	27.161867	14.091391	0.076199665	0.15167259
2370	3.7106966	-0.65398183	2.9367688	1521.37	2.3336424	1.7963647	0.20906561	-0.07798097
2371	0.16013136	-0.35039129	2.5019513	2075.1535	12.903824	12.416293	-0.018089863	0.31123114
2372	2.1349772	-0.074407647	1.090905	2665.8255	13.616888	11.672749	0.11333736	0.030787134
2373	4.3273617	1.3183775	2.2236852	1234.0605	38.28426	26.207573	-0.12149395	-0.18507918
2374	4.6007849	-1.1749432	2.4920938	4209.3407	39.465613	17.078849	0.076546071	0.27870555
2375	4.4797808	0.086190211	2.4145539	3422.5791	15.590813	14.788207	0.042977415	-0.030929872
2376	1.3828295	-1.087678	1.9027524	3938.038	66.355459	56.220652	-0.25041087	-0.24082396
2377	0.84947005	-0.44184091	1.9627549	5234.9334	52.713594	49.318152	0.10479951	0.076172827
2378	3.6621546	-1.0376368	0.85611227	393.51507	1.4290613	1.4162585	0.043375284	0.0067875988
2379	1.9498944	-0.46919327	0.73437839	5436.9876	52.607431	29.992884	0.028458058	0.07219585
2380	0.50065336	-0.74481705	0.62051221	1746.9508	11.575851	11.430053	0.01161887	-0.028089581
2381	5.0109302	-0.26137633	0.71686998	1119.5941	18.168801	11.122555	-0.0049235773	0.075533983
2382	1.4129498	-1.1380042	1.9042855	3707.4281	37.922302	29.241204	0.043491283	0.02865625
2383	0.41564253	0.60033459	2.0527887	2690.9942	27.493915	14.532015	-0.15072649	-0.013430941
2384	2.0861949	-0.72865397	1.6296469	4451.6572	43.362307	38.171247	0.12264504	-0.00030836574
2385	1.9312205	0.96749552	0.57924365	4404.4219	18.229394	14.629893	0.18790361	0.0081252304
2386	3.1990924	0.024212955	0.47042659	6767.1981	88.017996	56.116804	0.083770697	0.17207518
2387	1.1971601	0.65193378	0.39412742	3468.57	63.276719	43.498755	0.45650902	0.022516068
2388	0.92100623	0.75430823	2.60021	821.85291	10.968088	10.383485	-0.13348488	-0.021525181
2389	4.5574566	0.86596667	0.7508997	2213.468	13.885331	11.693261	0.074882856	-0.043773047
2390	3.3536058	0.59962858	2.4402572	691.82566	9.6233753	2.7624701	0.049020829	-0.0029735285
2391	5.0029981	-0.41280127	2.8044797	6896.7749	64.55183	38.763309	0.070399887	-0.28827204
2392	0.18906974	-0.11536412	2.3711724	638.01794	9.1935877	8.6421012	0.013673061	0.30959904
2393	0.8107445	-0.98905543	0.76066329	8224.433	83.752361	64.628981	0.021448202	-0.0014038744
2394	4.9587138	0.70167242	2.9052148	10680.706	86.823942	59.60068	-0.11863217	0.15744961
2395	0.52702717	0.41069886	2.280337	6664.7452	56.214517	43.347212	-0.037026924	0.00081867584
2396	5.1233791	-0.98466592	2.8269126	4152.3517	15.702797	14.229861	0.0065651606	0.16355016
2397	0.85803598	0.6681523	1.5683589	2924.8939	51.31499	40.281925	0.007382908	-0.19760976
2398	5.7227539	-0.12869128	2.6105816	329.41197	10.617185	8.7805508	0.017563511	0.10246148
2399	1.0877215	-1.1760569	2.3066799	1770.135	37.276696	32.425235	0.01206764	0.26552643
2400	1.5157338	-0.80087606	0.4241036	991.28004	8.8670089	3.6559615	0.1441378	0.24727906
2401	0.074186862	-0.16503889	2.4247015	1491.508	11.70973	9.8235863	0.2253787	0.13117386
2402	6.1969716	1.1984896	2.2778176	4540.9277	54.994243	48.602165	0.0035179524	-0.067456874
2403	3.9540334	-0.038634898	0.40095893	697.03019	2.4347177	1.3975605	0.052541053	0.17536166
2404	5.1320541	-0.56336384	2.8334207	6932.9123	22.609208	16.728816	0.19018011	0.34819063
2405	0.15206759	0.98037397	2.4927327	4846.4867	48.160469	44.855166	0.23100751	0.12298346
2406	5.2612168	-0.81721192	0.74512563	2771.1386	19.725063	19.418124	0.057093377	0.0019712644
2407	1.1678993	0.72864821	2.5722992	1284.1712	40.767443	39.021676	-0.11750856	0.010386409
2408	3.8165182	0.47597387	0.84422886	2780.6576	15.348098	11.561043	-0.012944573	-0.0060786788
2409	1.5439858	-0.33982887	0.86866054	1043.2549	9.4407344	1.4471629	0.49747664	0.135425
2410	5.6663166	0.76607326	1.3349938	126.77387	1.5872131	1.3666707	-0.17702182	0.014901542
2411	0.10045104	-1.1796483	2.6783927	7110.7119	84.989881	64.208495	-0.021935763	0.3411541
2412	4.7931345	-1.1259713	1.0681755	803.13391	21.68327	1.4265914	-0.1008142	-0.074815296
2413	5.212781	-0.077109522	0.90614782	1347.9461	16.315097	2.4579527	0.018357943	0.097835437
2414	3.2088749	-0.38650157	2.5761701	3992.8113	45.621271	30.829436	0.03345954	0.15532908
2415	5.5428622	0.17001681	0.61018577	1925.5718	10.547116	10.070324	0.37152806	-0.15859815
2416	1.8455855	-0.028277058	0.81085298	300.79062	2.4409372	1.3571594	0.25090803	0.0027312232
2417	2.0240046	-0.45390275	2.4441112	9574.7607	83.707621	60.127579	0.0076813616	0.042359204
2418	2.1642942	-0.55976792	2.2571865	1737.9748	11.074612	9.0010187	-0.15390008	-0.11722078
2419	3.5958588	0.61610456	2.0428126	2381.1538	25.801516	13.626627	0.2708761	0.5773718
2420	1.9434352	-1.2734998	1.3142918	4780.2693	66.215073	59.073705	-0.056671161	-0.13595805
2421	4.5784431	0.16456453	2.9096965	349.72049	1.6562617	1.4483462	-0.007956683	-0.10541469
2422	2.8901925	1.0312108	0.2777619	595.96197	1.5155455	1.4813276	0.033824556	0.10264355
2423	0.13572287	0.16746376	0.2216995	3012.0833	15.96198	14.272172	-0.18337767	-0.14941359
2424	0.82232172	-0.31387063	0.53434065	726.52611	39.331222	27.007808	-0.014311719	-0.074049216
2425	5.6367735	-1.1740165	2.1338516	4099.0863	56.946046	48.195212	-0.0076456406	0.017188411
2426	5.0707971	-0.9601564	1.2324084	1884.8028	40.28371	35.922245	0.13901252	0.15500064
2427	2.3820362	-0.15777166	2.4424316	4374.0017	55.943763	37.794178	-0.19663256	-0.044108719
2428	3.5745119	-1.388954	0.20851994	342.13142	2.5550595	1.5367039	0.060163956	0.011165971
2429	0.87924035	0.76983639	0.93172757	2121.9853	11.873971	11.006902	-0.30059998	-0.067794545
2430	1.5031215	-1.2294749	2.7372445	5894.1199	45.519869	37.808725	0.009996563	0.39447646
2431	0.97558485	-0.78355151	1.8139986	1184.6757	12.966233	11.195725	0.31347867	0.17225558
2432	6.0435981	0.39291389	1.1709989	464.49548	9.6502363	9.3108156	-0.022891655	0.41172889
2433	2.7577184	-0.7771484	1.923249	2470.19	57.407308	30.512835	-0.00057678416	-0.25759831
2434	3.9908341	0.20417957	3.0832564	1802.9961	18.171025	14.68978	0.46844783	-0.22977995
2435	0.39776669	0.028130451	2.088035	2025.2308	13.241289	12.46996	-0.0020693194	0.11135879
2436	0.33404951	0.29754034	0.81945525	2228.7742	12.309908	9.1253306	-0.12307827	-0.1935095
2437	4.6605849	-1.2968143	0.71012957	349.2005	1.5646804	1.369839	0.013039154	-0.00095406376
2438	0.49846052	0.94145698	0.71464761	4098.4288	53.386641	47.677705	0.084993201	0.012936468
2439	3.3564616	-0.79552101	0.55382622	4845.6772	17.117686	12.139149	0.12455583	0.25266208
2440	4.4044507	-1.2438625	2.5430356	446.7452	2.0611199	1.6719849	0.011376506	-0.11027644
2441	5.5922611	-1.1503478	2.5513966	4569.1874	22.468117	15.518115	0.05952778	0.01153198
2442	1.782748	0.98588395	0.63653687	2206.2971	39.0036	38.86641	-0.081524392	0.01557767
2443	1.4919124	-1.3774908	1.3330711	3315.1031	37.400336	29.496419	0.28054606	-0.026978343
2444	1.7384256	0.023120001	0.6082507	1838.4857	10.575355	10.553021	-0.025780508	-0.050438657
2445	3.9056854	-0.087002972	0.72027694	2417.0228	13.462645	11.89369	0.040197799	0.028873022
2446	0.19428324	-0.45352854	0.9434012	616.44722	10.015744	3.4529399	0.00036258783	-0.21221587
2447	6.0853385	0.46978639	0.3743544	878.55782	2.8541595	2.5374254	-0.025378303	-0.0047028691
2448	1.4294651	0.25793589	2.053627	345.27586	11.135632	1.3680469	-0.014371147	0.0073672294
2449	0.96853118	1.502542	0.65200064	1756.4688	16.878393	11.995934	0.038163764	0.21792504
2450	0.58232798	-0.67145395	2.3526701	1592.5788	42.865414	39.150158	0.15582633	0.1837302
2451	1.0310745	0.63986894	1.3920111	209.11826	2.0108634	1.6253707	0.15953073	0.040231982
2452	1.7995927	-0.91535973	2.5385344	14111.295	199.46148	124.11577	-0.026752816	-0.016925034
2453	2.261605	0.016977255	2.1868017	2996.1737	115.02053	40.661537	0.0018195247	-0.0017605371
2454	3.8999475	-1.1766869	3.0137351	2546.2068	13.011237	11.937574	0.061077477	0.074987844
2455	3.3833204	0.39969932	2.0521682	1237.2228	11.880741	11.322753	0.49109372	0.054589306
2456	1.8189055	-1.0457331	0.29902162	775.14107	1.7647554	1.4169792	0.03131341	-0.070550665
2457	0.44373402	-0.73310016	2.0308254	400.81181	10.151051	1.3321465	0.1511393	-0.01491043
2458	0.77864239	-1.0251324	1.7583542	1925.9685	128.31478	44.471842	0.058484895	-0.025670025
2459	0.21093772	-0.93594514	0.26293335	11731.594	67.205623	65.663853	0.049595557	0.24319891
2460	4.741807	0.011419914	0.72254647	4010.0866	15.664026	15.357999	-0.0076703713	0.093189651
2461	3.6444136	1.29195	1.253861	704.56547	8.9564782	7.0550358	0.081522758	0.18377757
2462	4.1669709	0.41070352	0.56188636	2368.6035	22.684631	14.709495	0.14429153	0.098906405
2463	4.6992461	0.2693705	0.89061798	6105.0228	73.905989	50.222685	0.050023836	-0.24552239
2464	1.3120088	-0.57928716	0.56049269	3502.6845	50.279853	45.286945	0.25089186	-0.007985014
2465	0.45763993	1.1862593	1.9566541	1326.0159	13.577184	12.696104	-0.50877595	0.040635789
2466	5.9942174	-0.60886428	1.6849809	623.66678	37.684135	10.260315	0.0065800004	-0.012000009
2467	1.9685275	0.38051857	1.1617348	5439.9678	86.594627	50.07076	-0.028327316	-0.052705289
2468	1.4693262	0.97993796	2.3383646	1798.0591	10.65046	5.116255	0.020561232	0.21216608
2469	2.0394542	-0.89513006	0.80774796	3476.2307	26.883479	13.944161	0.094987913	-0.17992193
2470	3.8011563	-0.58816954	0.55755237	5622.5721	48.126575	40.209022	-0.099473194	-0.10308863
2471	1.7615561	0.97853191	0.16612692	4570.0025	16.676812	15.139718	0.068648415	0.0077697341
2472	2.7913004	-1.175816	2.1952996	2256.838	50.207027	41.52776	-0.037793586	0.022915471
2473	3.8539612	-0.11090825	2.2133582	3524.4565	21.709601	15.643753	-0.030217106	-0.19896296
2474	1.0570268	-1.0330705	2.5319878	2121.7547	14.929913	14.755337	0.016335551	-0.0064193479
2475	5.6400211	-1.2632702	1.665977	3291.2243	68.827955	27.913502	0.18400454	0.30958002
2476	3.0308978	-0.35637528	0.46149307	6719.1274	64.466909	59.020317	0.038646862	0.035829175
2477	3.2863088	-0.34478848	1.5442047	158.4342	3.4725128	2.2027533	0.099022908	0.058430089
2478	1.8051808	0.43547487	0.12402151	18571.96	110.91779	108.63173	0.089595004	0.52707979
2479	2.4332049	-0.40653684	2.4235642	3549.5974	12.634135	12.201303	0.0040765549	0.059630504
2480	4.0483409	0.54896795	0.41194145	7124.5304	72.355645	45.258885	0.06852941	0.085385152
2481	0.70857453	0.876189	2.4767367	1097.957	10.962506	9.8108634	0.347708	0.2378172
2482	3.3432552	0.086931381	2.0190024	278.24259	10.116058	1.4515765	0.052622456	0.23141844
2483	5.5789414	-1.0471449	2.2986898	653.14035	8.6220243	8.1845785	0.073650376	-0.016930862
2484	4.5009145	-0.349692	1.8871802	2189.8104	38.647483	37.667868	-0.042709917	-0.017211348
2485	5.3485983	1.4512587	2.6173337	449.0581	1.4645183	1.4415651	0.026283716	-0.1364054
2486	5.658737	0.53747282	1.3703683	3155.5527	33.388807	28.928112	-0.046281993	0.057427635
2487	1.4685235	0.28055267	1.8728721	5147.0509	65.726163	45.269527	-0.042173118	0.1157635
2488	1.6882162	-1.4217147	2.4693708	2785.7064	13.922618	12.279585	0.14549299	0.069039849
2489	0.8029483	0.38118089	0.8728001	1531.6366	13.421715	11.154374	0.043707058	0.11763196
2490	0.21135241	-0.046058146	2.1835172	3004.9944	15.115482	14.981638	-0.13945669	0.027248052
2491	2.9322824	0.70891059	2.5420783	6134.8192	18.965908	17.454728	0.0098738346	-0.029083152
2492	3.0586475	0.87589648	0.36049582	4488.5684	14.934668	11.454683	0.021658844	-0.1135502
2493	5.8435708	-0.82299243	2.4959119	6078.4115	62.846242	48.973947	0.37711038	0.10991013
2494	2.6298302	0.40047205	2.9013671	5697.4827	68.559963	42.722579	0.0015120682	0.02005528
2495	2.625973	0.18620061	2.7365746	2985.8779	17.715186	10.912829	0.08743582	0.0087267743
2496	2.8628627	1.0629365	1.1641831	4452.6339	54.73987	42.624195	0.048849347	0.022722297
2497	3.1817124	-0.26690745	2.9217542	2527.6398	48.85667	6.3687352	-0.048048592	0.48028659
2498	2.2731895	-0.41587688	0.42414954	7844.9681	81.678898	80.902048	0.18403731	-0.12293831
2499	5.7468843	0.31400754	1.7619428	1679.3479	39.249671	37.567518	0.18728103	-0.14063393
2500	4.3727235	0.42286784	0.48725116	775.27019	9.0865249	1.3312134	0.061791459	0.0044243881
2501	1.5243058	0.31974618	2.6820286	1044.0847	17.942643	1.6731995	0.0022431784	0.025123846
2502	6.1542626	0.08344888	0.96659279	2042.17	13.361734	11.432861	-0.01093434	0.0720244
2503	2.2304307	-0.30642157	2.9286401	1858.6759	11.571951	1.653259	0.18418634	-0.15286623
2504	0.75930473	0.35246945	1.5660027	348.28052	1.829806	1.5260914	-0.0019263357	0.04434848
2505	3.4699979	1.2710232	0.72480221	9657.2898	72.985129	72.226004	0.34307615	-0.029645972
2506	4.253033	-0.85424165	2.8050953	6469.8173	51.316436	37.950705	-0.22868624	0.13556292
2507	3.7700144	0.77645815	1.9128858	10228.999	92.783136	78.274529	0.59524278	0.025311708
2508	3.4763135	-0.61609973	0.43612985	342.96106	26.727284	2.4148422	0.014141799	0.024662421
2509	1.5383272	0.66095415	0.31268987	482.55706	2.1393456	1.8773273	-0.0091945437	-0.017654061
2510	3.336533	0.38217204	0.80206724	1127.3321	13.670402	11.044642	-0.030838185	0.012141364
2511	3.2363104	-0.28684899	2.2070165	3167.7234	13.51801	13.130869	-0.060933443	0.42719509
2512	3.7882731	0.83891833	1.0977361	4034.4851	53.361819	48.572015	0.055805071	-0.029642074
2513	5.5727528	1.1360702	2.9001023	5704.0652	40.839454	18.040968	0.06607949	-0.14492051
2514	0.91216985	0.96704101	2.3356608	625.68529	12.708273	10.86222	0.0024164555	0.012521522
2515	4.5718233	-0.48431878	0.22837053	1691.824	12.053561	11.065508	0.025427401	-0.10118182
2516	3.8482118	-0.13028978	1.3869807	5265.9821	119.67617	118.13848	0.037988659	-0.17027847
2517	4.3385618	0.50965007	0.31682154	2798.274	16.277998	14.424764	0.078032886	-0.1816011
2518	0.88071199	0.69373723	0.75571341	94.773162	1.7636676	1.1281969	-0.0092805514	0.0045297965
2519	5.236858	0.46219618	0.2468298	2009.8977	15.363694	13.430274	0.32112189	0.27661151
2520	5.2865805	-0.28843712	1.8958564	2094.586	40.034387	24.253404	-0.027582804	-0.23730851
2521	1.588951	-1.08059	1.4412177	1597.0731	12.221619	10.75543	-0.02371454	0.084711854
2522	3.0162663	0.89768578	0.9802146	3208.4702	14.124927	11.868636	-0.3399771	0.012415387
2523	4.3286589	0.43890001	1.5989124	1785.708	13.72796	9.0431571	0.49795271	0.011178559
2524	4.178157	-1.1177777	2.5009564	11509.769	97.139756	63.422196	0.3432326	0.10793864
2525	4.6811563	-1.0258674	2.0894943	4872.8448	57.652574	56.140477	-0.16774174	0.19749342
2526	2.410344	-0.27991358	1.9646261	1698.5214	58.747882	52.451534	0.038357202	0.024189788
2527	0.88203688	1.4189209	1.525789	1212.1458	11.932603	10.696605	-0.0056252763	-0.084770262
2528	5.4505629	-0.55182962	0.61267077	1209.8145	29.570293	1.9218143	-0.022370047	0.14233437
2529	6.0073116	-0.73901686	2.2722636	1578.7823	36.512214	2.3329086	0.13724359	-0.1106998
2530	0.44245052	0.86479662	0.28377874	2061.8823	52.460548	49.619527	-0.00066203285	-0.35877273
2531	2.1132551	0.32920077	2.6388281	3246.2207	12.390244	12.303926	0.77769142	0.086321452
2532	1.7480481	-0.80768868	0.99731084	1048.3971	12.109954	9.8795152	0.11516246	0.36124039
2533	1.7447704	-0.41843567	0.30795067	413.82592	2.2556248	1.4743312	0.03584272	0.022604007
2534	3.3414077	-0.84674136	0.34876496	3047.4206	13.93611	11.350675	0.073754486	0.43321081
2535	5.4041327	-0.86218028	0.52020889	316.19208	11.84592	8.683267	0.067805368	-0.024426748
2536	3.8409581	1.2202146	0.070385003	2415.6818	14.597611	12.624231	0.23885969	0.050391672
2537	1.558654	-0.91694196	0.51581503	3425.7385	31.634608	20.017331	0.26329444	-0.049131713
2538	3.7752867	-0.37621158	1.4596415	1963.152	21.46845	13.218897	0.026830382	0.1602853
2539	4.5437565	0.068170388	2.7055504	4475.5874	27.347711	16.843843	-0.065082824	-0.12760948
2540	5.5654626	1.1823884	0.93753141	9802.7201	87.515436	83.949433	-0.035030019	0.034441085
2541	0.14653097	0.87931153	0.6532381	162.46131	42.50001	17.473599	0.04793962	0.1649146
2542	1.7168782	0.31300446	1.8729158	1320.3758	23.512312	21.719591	0.053031823	-0.061667728
2543	2.6660635	-0.40494467	2.3536101	2168.1973	42.437472	12.705536	0.036386436	0.061225597
2544	4.7281974	0.25562566	0.9024686	2610.1415	13.826858	13.588311	-0.13517835	0.085486599
2545	5.1238706	0.56635221	2.0422302	8080.9189	72.70705	62.191165	-0.05493378	-0.095105934
2546	2.1170105	-1.4358862	1.0884014	12558.973	81.245866	68.153389	0.0024372121	0.023645525
2547	2.4847838	-0.94646462	0.59096192	964.38901	1.6572241	1.3743722	-0.022329194	0.018832892
2548	1.5823481	-0.87278183	1.7098557	3976.3275	153.06441	50.18173	-0.38726155	-0.063074218
2549	0.65496955	-0.3166065	0.56846151	4377.4429	15.784808	13.445663	0.049422318	0.00011249036
2550	5.7728591	0.22072948	2.6157276	3718.7776	49.603367	37.117254	0.059631725	0.045799506
2551	0.10621238	0.43565475	2.0858029	1117.4551	48.176818	30.993757	-0.044393722	-0.018568031
2552	1.1255863	-1.09365	0.7917722	3548.9169	38.169999	28.687605	0.093930341	0.080025241
2553	4.6516951	-0.89313315	0.38886469	2180.8279	15.283701	15.068598	0.10884139	-0.023784666
2554	2.0456216	0.72183734	0.80858013	6195.8963	39.478194	38.42914	0.015360856	0.041277179
2555	1.8192401	-0.042032355	0.88495495	2538.6541	50.548666	12.605893	-0.022416418	0.13904602
2556	1.8064319	1.1957479	2.6673016	1485.3555	29.840353	10.497585	0.21965056	0.092983303
2557	5.443189	1.0010533	2.8434574	411.83332	3.6731323	1.3450006	-0.25328894	0.068799239
2558	0.89063957	1.0428818	3.0778276	2064.9077	11.793519	2.7269371	0.23243822	-0.01303883
2559	5.5276236	-0.50219392	2.711283	6668.237	43.758671	39.412939	-0.0020848422	0.13218095
2560	0.17898703	0.22430509	2.1157797	383.42654	9.9186276	1.6810317	0.20835501	-0.0067150401
2561	3.2514867	0.25912952	3.0901258	3330.4229	51.024848	45.622173	0.19741602	-0.021596169
2562	1.1715957	0.18276978	1.488772	1985.027	44.636292	43.916056	-0.023970549	0.003698652
2563	1.0243659	-0.099353415	0.74547761	2777.1597	14.721408	13.417344	0.13642636	0.15968957
2564	3.5022977	-0.85082384	2.924749	7123.3919	82.684104	51.452065	0.035770693	0.15708563
2565	0.2690003	0.26187805	1.8064988	1490.896	12.719377	11.072053	0.0028829106	0.18445003
2566	2.3357893	-1.0638081	0.66294281	6216.768	129.83979	73.021887	-0.66656632	0.031139828
2567	1.3211268	0.3617917	0.77781281	942.66277	18.858794	11.105542	-0.034789454	-0.23696698
2568	3.4645917	-0.4287836	0.56172314	2959.7813	30.211927	17.64755	0.41184638	0.093055918
2569	3.9623529	0.48022642	2.5389474	657.69601	1.8292631	1.5422237	0.043881137	0.020465417
2570	2.3348715	0.61765001	0.54336905	1342.1313	13.809207	11.466887	-0.33771254	-0.47842476
2571	6.2253526	0.2724948	2.3117379	5149.7742	43.423779	35.976785	0.016384609	0.0042315584
2572	1.0264674	-0.40345223	0.55840026	1682.9055	11.910058	1.7344274	-0.0054403885	-0.044008889
2573	2.0056454	-0.54787901	0.34871754	1914.2278	7.3237576	2.1041453	0.11518973	-0.051346297
2574	2.0623998	-0.81831566	0.71691203	1125.9086	22.809759	12.901297	-0.027236952	0.04023162
2575	1.7299559	-1.078102	2.5139566	5103.3958	18.291472	17.221907	0.108357	0.0043056336
2576	4.2482921	0.33036215	0.45162714	3279.7536	39.526506	32.795602	-0.05577331	0.053128388
2577	3.0010437	0.0066323141	0.75428388	924.61897	9.8557001	2.386741	-0.070702531	0.34378739
2578	4.668398	-0.69356082	1.3004442	10086.055	86.474914	79.029829	0.027066508	0.014819721
2579	0.56123731	0.28159833	1.0181938	487.14955	14.023376	1.5226982	0.24091029	0.024077183
2580	6.089796	0.82677507	1.4622742	1525.0532	11.305053	9.4108478	-0.00716522	0.083214199
2581	4.9729957	0.10450954	2.1412436	1191.7313	40.970704	40.013416	0.049451377	0.024305463
2582	4.3537463	0.9798874	2.3708448	2762.9508	60.842898	51.122734	-0.26373592	-0.12538677
2583	5.7509448	0.12305481	0.57674109	1172.2682	28.180164	14.833448	-0.031530502	-0.10932144
2584	5.6794623	-0.18059299	2.6547704	962.10621	10.225777	5.8775669	-0.070057788	0.0091291443
2585	0.19571711	0.6645423	2.5527674	3905.4233	59.664594	50.996962	0.12954276	-0.14495241
2586	0.36774035	-0.5831052	2.1229437	845.15854	11.295551	2.7333033	0.69186589	0.12885333
2587	5.5875246	-0.25732914	2.3451785	10292.194	102.4627	72.657235	0.023279097	0.30120917
2588	2.6577165	0.81635032	0.80172943	452.0221	1.4840738	1.3963017	-0.032447756	0.042076119
2589	0.11500047	0.87490865	2.7704302	787.5962	2.6770141	1.7169458	0.098353768	-0.02785229
2590	2.9055084	0.59790468	2.4109204	13762.329	80.157299	71.136727	-0.017509066	0.023716002
2591	2.2837933	-0.94080988	1.1459008	403.5218	2.3234793	1.5806241	-0.080567732	0.011238858
2592	2.1359386	-0.17034402	2.4261413	8756.351	78.765929	78.353068	0.065858649	-0.001894948
2593	1.9915936	-0.68938676	2.6159638	4635.832	16.665192	16.610288	-0.045569444	0.070789704
2594	4.0660346	0.10069731	2.8577433	300.88039	2.1523889	1.3532047	0.00022328319	0.017794719
2595	6.2221051	0.098285612	2.9034559	1349.1717	12.810932	2.8620493	-0.093758569	0.033537902
2596	3.8169755	1.1769166	2.8665444	1936.0779	28.968472	19.29795	0.44241456	0.012069555
2597	2.3138404	-0.21525219	1.2574531	138.36442	1.4104761	1.2959065	0.13731387	0.070463615
2598	3.2222602	1.0297566	2.987372	4403.454	72.328446	67.768167	-0.025374337	0.017225083
2599	1.6113439	0.55941425	0.55120157	4687.5802	14.666861	13.885239	0.16083842	0.0034133371
2600	0.9876326	1.4220944	2.4578971	1581.9298	10.540927	9.9546215	0.0040922457	0.16542914
2601	5.2432695	-0.29301618	1.1132419	3576.2225	60.690443	37.153247	0.0091739117	-0.12609415
2602	2.1067536	-0.88920378	0.94271044	1682.8492	10.01114	4.7564978	0.38578257	0.0076135413
2603	3.9718099	-0.20281427	2.8906114	1378.7378	12.916488	12.06799	-0.013513688	0.064441882
2604	3.9450957	-1.0162062	0.20467836	3670.111	51.667511	41.423868	0.0320572	-0.048787992
2605	3.699854	1.1882829	1.1735094	489.62804	3.5998636	2.1271291	0.064102288	-0.011986304
2606	1.7078765	-1.2019994	2.5603071	5133.2653	60.177489	42.190646	0.66583852	0.18636541
2607	0.68080779	1.1141771	0.90100934	1661.2985	48.918596	46.930162	6.8200205e-05	0.025179731
2608	4.5013048	0.32385154	2.3963747	4194.7361	15.319828	12.159997	0.0021960846	-0.03506172
2609	5.6766608	0.57362519	2.6665884	438.95355	8.3612338	1.347744	0.051073648	-0.1856426
2610	3.9575667	-0.40500685	2.9175496	376.22089	2.5684269	2.0366894	0.021089993	0.040082086
2611	6.0527178	-1.1354365	0.52933804	3630.2433	17.189894	14.729665	-0.27327457	0.055799217
2612	1.6478675	0.62908598	2.7302202	434.05446	2.0252224	1.634278	0.029178937	0.11647808
2613	2.1935426	1.1138786	2.0492633	1905.3	41.573157	36.656383	0.30897848	0.0033733371
2614	4.0328478	0.78615779	1.2879007	6205.9248	63.998111	49.018289	0.10860254	0.32474897
2615	4.1044443	1.0805543	0.33129378	4358.213	69.176394	57.341697	0.24502476	-0.12865985
2616	6.0821678	-0.1375673	2.3895377	272.83034	10.618109	10.244363	0.2035511	0.0062646312
2617	3.6764017	1.2849612	2.0350223	2740.026	47.698589	42.545104	0.059776806	0.05259275
2618	2.9898972	0.3268747	1.6333093	397.3645	9.7413408	4.0089653	-0.011557285	0.028385088
2619	2.1083996	0.041498549	2.6555642	8088.6166	59.631669	48.381986	0.13002322	0.014277807
2620	4.5868511	-0.48293804	2.3723241	3612.8382	36.137572	14.643319	0.14137208	-0.050870977
2621	4.1805214	0.0038228264	2.4469735	948.78688	11.368363	1.4165076	0.016132836	0.14783779
2622	3.885055	-0.32529495	2.8881226	2466.295	28.572731	9.7531167	-0.0049152758	-0.0091452469
2623	5.8985133	-0.87412163	1.293115	853.51896	11.679235	1.8993115	-0.16020906	-0.11913926
2624	1.9414384	-1.2373821	2.6242732	2494.4864	43.311442	41.68062	-3.6308533e-05	0.2216698
2625	1.8443116	-1.105009	0.46365979	7438.9683	35.386474	21.114374	0.38992948	0.089795265
2626	1.4750112	-0.5921541	1.3261853	3276.9989	49.727747	47.019849	-0.087197878	0.028390208
2627	0.19612488	-0.56251788	2.3497362	4368.3806	51.86374	17.086717	0.036568981	-0.074210586
2628	1.7684942	0.88570272	0.96062842	6853.8792	42.301128	40.937039	0.064132482	-0.52573016
2629	1.6602261	0.01663593	0.13002978	6250.2412	110.90761	16.46954	0.2359534	0.0092999941
2630	2.4854091	-0.54774669	2.3922601	2443.9214	11.280396	10.407602	0.06157497	0.17389485
2631	4.3759868	0.99549644	0.92675039	2614.8854	19.208076	14.864198	0.023330464	0.0072727038
2632	4.6212849	-0.54816707	2.7865196	2654.348	12.352103	2.0554112	0.16827089	0.050898341
2633	5.5887305	0.35227095	2.5854928	638.62315	9.0943562	1.7621242	0.1302434	-0.011251168
2634	0.51564089	0.46597548	0.83508883	7160.9003	62.3297	61.80441	-0.019140031	0.061930452
2635	4.1820537	-0.84970169	1.7113091	1334.0493	33.943089	11.308523	0.20582365	0.00090623663
2636	4.494166	-0.074148157	1.3819392	3956.5797	106.93329	66.276679	-0.021968776	0.16864494
2637	1.5033999	0.19206263	0.46866671	5875.7816	79.416957	59.01136	-0.12078057	0.33553593
2638	0.43815527	1.2143315	1.967493	2435.4713	39.928051	23.822227	-0.062533913	0.089253333
2639	1.7134195	1.4339702	2.6828984	9298.8937	63.409941	59.370071	-0.049017956	-0.19212661
2640	3.6089594	-0.96065968	0.83673731	2068.3556	67.315016	36.82792	0.062238191	0.37913525
2641	3.9194096	0.93005171	1.9369113	2920.9249	13.920495	12.771731	0.067593438	-0.16036885
2642	3.3438702	0.65298785	2.3668036	1572.5035	11.231654	4.8577747	0.22652365	-0.093997144
2643	4.2515674	-0.22525744	2.1171973	1822.231	31.885134	28.608434	0.052507081	-0.072079503
2644	0.4473579	-1.1971566	1.0350462	253.97661	1.5303157	1.2396152	0.10228735	0.10332631
2645	3.3624846	1.1490192	0.085949656	4101.3301	40.077073	15.395341	0.10183652	0.13496112
2646	1.1289132	-1.0102844	0.6313491	3290.9881	29.004297	14.976602	-0.015373192	0.016337497
2647	4.5563014	0.011401717	2.4302534	3448.3499	156.64491	114.58105	0.20575718	-0.19544674
2648	0.29080141	-0.88123387	1.7007144	1879.0953	39.729877	34.150359	0.18026736	0.2990157
2649	5.4027172	0.91964275	1.6842277	3200.6237	110.03296	83.795491	-0.044182055	0.25826145
2650	2.8531572	0.70500266	1.9002009	379.5216	10.799607	1.9750531	-0.12888965	-0.0020375249
2651	3.9015518	0.72200515	0.83282342	9255.7854	66.419631	49.884643	-0.01546215	0.3232605
2652	1.4115676	-0.11149401	0.73845284	4401.7151	138.84667	127.48182	0.029531358	0.17077488
2653	1.062938	1.1155154	0.8122797	9864.3282	75.604183	70.5078	-0.099972307	0.25100533
2654	4.0370561	-0.43470722	2.6483528	4329.9659	33.656037	24.455182	0.10031546	0.04244134
2655	1.0375153	0.3141499	0.85973344	1376.5686	40.487882	34.605333	0.02131228	-0.092484823
2656	3.784395	-0.27096342	2.7295755	1394.9085	8.2402769	5.6114781	-0.4200052	0.040262918
2657	1.4357777	-0.29326188	2.2476861	2101.4285	53.133745	38.757816	0.39319046	-0.025911899
2658	5.1199821	-0.09466664	2.8385482	1337.2677	9.612206	3.6011385	-0.23472666	0.00073810913
2659	0.27971086	0.27447462	0.7852154	8504.2331	62.539788	59.709299	-0.03249973	-0.044702512
2660	1.0285218	0.88012909	2.8299982	552.9175	1.4915677	1.3515357	-0.031545165	0.13376359
2661	5.3434934	1.023886	0.50177963	6145.6121	41.659051	30.22211	-0.13764898	0.41894549
2662	2.1194976	-1.4270469	1.0883731	256.4953	5.6007074	1.5563808	0.15288846	0.07905847
2663	0.98256255	0.66031868	2.2063513	9795.3732	77.1864	65.604072	0.14793594	0.2082597
2664	2.17171	1.1657698	0.25615086	15651.161	124.40922	95.087762	0.10019008	-0.13863433
2665	4.651776	-0.7265923	2.3598186	610.87233	2.9382908	1.7948428	-0.022715537	0.056366353
2666	1.9424423	0.21487371	2.451649	3186.2934	36.539326	12.358967	0.033443102	0.0086815432
2667	4.435375	-0.7835318	2.6268225	3741.0948	73.577524	36.858493	0.056580154	0.07103585
2668	4.5999543	-0.22818959	1.8702339	6885.7263	66.901092	61.975156	0.011227921	0.030297627
2669	2.11952	0.18742662	2.2249129	1511.4172	12.599028	9.5765079	-0.0045711131	0.15691318
2670	1.6677703	0.42436834	2.3674167	5341.3755	60.402657	52.844587	0.041926263	-0.067180082
2671	3.5732865	0.17604787	0.51307528	1678.0069	30.901979	12.133716	0.15421675	-0.28167122
2672	4.7794155	0.606171	0.79262554	551.38419	1.5865663	1.478387	0.034719085	0.10159638
2673	5.054781	-0.24759294	0.36162288	4870.4106	66.05927	64.770678	-0.031683909	-0.0028872748
2674	3.6706876	-0.51836502	0.34944409	3812.4317	26.365588	16.569337	0.11102301	0.13797501
2675	3.1628796	-0.038499892	0.84817853	3998.1133	17.007295	16.609816	-0.010095916	0.028845625
2676	0.50028555	-0.926385	2.8255326	1924.1772	12.862032	3.7732024	0.21095265	0.14300819
2677	0.57033187	-0.46266349	0.56520908	693.35816	12.766807	1.4841045	-0.033350158	0.064037509
2678	4.9983923	0.93868922	0.89187055	3078.8544	46.660541	43.358822	0.065384958	0.28855701
2679	4.2816339	0.070660452	2.4422526	4783.8531	36.566533	29.175792	0.17905505	0.053548216
2680	0.58511492	-1.1539744	0.82074334	6875.7158	100.99526	79.115462	-0.13734899	0.020437742
2681	5.5933823	0.6704102	2.8896927	2217.5042	30.503752	30.208744	0.33800815	0.12362407
2682	3.2541632	0.47104899	1.2831261	755.96599	29.044855	11.685369	0.36221584	-0.040245753
2683	5.1264769	-0.51284208	0.6067907	5604.0603	18.175714	16.818375	-0.027802317	0.18175764
2684	2.3107276	-0.87346908	1.782285	1347.5877	40.494285	33.115908	-0.26933609	-0.09996977
2685	1.1068669	0.31927398	2.4417225	1702.9221	11.007789	10.160398	0.0078676482	0.053993909
2686	1.3522189	0.35867453	0.90553641	420.82145	9.1607998	1.5758181	0.00058285982	0.031428399
2687	5.0733802	-0.4604357	1.7293578	1245.7777	17.664283	11.927525	0.052812445	-0.14243095
2688	5.045461	-0.40708295	0.85815724	7130.7254	55.385813	54.968064	0.013051959	-0.042204545
2689	4.8133522	-0.82483442	1.3694374	359.41293	5.3226744	1.6161306	-0.010088933	0.017589237
2690	5.1744236	-0.78597838	1.8531374	4211.0158	48.9073	46.898763	0.036098727	0.063119987
2691	1.1234081	0.60039587	0.78585531	681.06502	17.813724	1.4360405	0.1532302	0.019886797
2692	1.2666978	0.92356811	0.76166219	2068.0097	13.971847	13.331739	0.21771457	-0.10207946
2693	3.2148891	0.7634969	1.8280356	755.94115	11.536142	10.401308	0.18171268	-0.019985731
2694	5.4955555	-0.98136688	2.7179933	20616.482	116.40246	99.045183	0.24624378	0.44193417
2695	5.2350897	0.51230462	1.4104861	427.30936	25.719252	25.552077	0.0017458755	0.0050242579
2696	3.0420788	0.29835246	0.1433039	471.95936	1.6834926	1.6309735	-0.045507465	0.026915758
2697	3.9421231	0.36472354	2.4480728	11719.256	105.36055	101.50347	-0.14122061	-0.36504868
2698	3.2968632	0.64556997	1.9532454	2511.8291	12.816752	11.735656	0.11400858	0.62430338
2699	0.89474659	0.4312663	0.19807554	2071.0159	12.621864	12.261787	-0.28431626	-0.0079257176
2700	4.9700913	0.82463169	2.8329858	1322.4945	38.711979	1.4651219	0.020671482	0.30159152
2701	5.6560045	-1.0898129	2.2009714	2166.7825	53.475364	20.245217	0.20156378	0.39308233
2702	0.085786151	-0.29014725	2.1226402	3284.6	47.270483	42.863017	0.05319183	-0.16922962
2703	2.7969481	-1.4129408	2.3766874	2510.9406	36.963905	12.73289	0.49124544	-0.0011683463
2704	4.3328473	-0.53621259	0.47016833	790.56659	1.8935881	1.4997759	0.019706153	0.25794693
2705	4.6780472	0.19083885	2.2568214	1262.7563	37.586334	19.991708	0.15201166	0.10912092
2706	2.0634143	-0.85631494	0.80855763	3039.0159	15.181824	13.352992	0.002685974	0.10127589
2707	2.3463031	-1.3766114	0.36528315	1438.603	14.169872	2.5499848	-0.10237965	0.028581974
2708	2.8269987	0.5688123	1.1770458	573.72367	8.0691143	1.3439883	0.11064593	0.0075546803
2709	1.493768	0.42432299	2.4398616	5014.0756	53.189428	15.247235	-0.13510123	-0.15478889
2710	2.1407466	1.4010827	2.3197823	306.4418	1.421875	1.3304246	0.26617176	-0.041073112
2711	1.0645807	0.16911509	2.4057078	942.19078	41.310964	37.546022	0.0084661179	-0.30434836
2712	3.3112459	0.71250309	2.3725937	1370.5757	12.550104	4.9133222	-0.076298479	0.040990331
2713	0.90343163	-1.0784388	2.0266412	419.94328	2.1534921	1.4993585	-0.033996288	-0.095481312
2714	2.4538203	0.71702663	2.1461658	1272.1841	38.498029	38.332669	0.085623024	0.12997699
2715	1.525906	0.15579801	0.087757923	7283.3988	56.024226	43.963888	0.031618658	-0.054800599
2716	1.4461258	0.60089037	2.5541859	3065.0237	44.278357	37.074328	0.071174021	-0.085148979
2717	4.8260397	-0.20637106	0.097856989	3507.5704	13.52296	12.735934	0.042893467	0.037987315
2718	5.9808447	-0.51281701	1.4862771	6911.4727	72.776833	72.050109	0.48452857	0.083310993
2719	3.5339908	-0.30508695	0.7510251	2960.0875	133.0047	46.898022	-0.22863935	0.32171326
2720	4.1042717	1.3265523	0.51175587	9676.0614	174.4326	81.75887	-0.0078449917	0.157604
2721	5.7330155	-0.24145716	0.74185415	6134.8191	61.377611	57.13378	-0.036148679	0.14066124
2722	5.7430238	0.31555991	1.9544866	1952.192	57.563767	48.226115	-0.0081770186	0.50980023
2723	2.7988723	-0.1496211	2.0503035	5033.9916	39.981631	31.654815	0.15925527	0.0086651178
2724	3.5365591	-0.16906938	2.0995369	1916.8726	12.860207	10.802261	0.041818939	0.016075658
2725	2.986541	-0.21234735	2.618304	10165.911	74.982213	46.844967	-0.00340189	0.24794017
2726	6.1839771	0.49250989	2.2226322	7788.0226	55.462781	27.977229	0.034660558	0.14335905
2727	3.7112762	0.28636864	1.2522396	3573.3495	31.489915	22.090016	0.17901001	-0.010501566
2728	4.0116434	-0.088268955	0.4413302	2792.2323	12.948138	11.387992	0.00094858118	0.44430229
2729	2.7037097	-0.00080555498	0.80872068	3376.77	126.15445	112.43315	-0.06837644	0.039616376
2730	1.6468128	-0.70060436	1.1332178	558.68997	11.521959	5.4837535	0.029424512	0.21180963
2731	0.67179044	0.29586757	2.4798798	4242.6152	74.862491	54.711517	-0.30576085	-0.36738619
2732	0.37754895	0.38061692	1.0152823	4278.3462	75.55814	54.229364	0.068644294	0.0027942678
2733	4.9955642	0.33296845	1.2334835	2040.2546	42.092391	17.572123	0.027106494	0.096348768
2734	0.25224301	0.70674303	1.9388852	11032.102	197.75306	73.984254	0.3082948	0.23547199
2735	3.6159588	1.0557596	1.3616179	628.59352	17.198497	10.961585	0.32571505	0.06159787
2736	5.3531061	0.61126057	0.4004503	7582.564	189.90004	45.718768	0.17250541	0.045194467
2737	2.3239742	-0.96422008	1.0086644	2209.4022	13.836171	10.618261	-0.13145086	-0.045920159
2738	4.8515322	0.42379903	0.49998797	1357.4018	11.33065	11.309126	0.060276604	-0.10208864
2739	5.2874295	0.57317131	0.8060941	1285.5705	10.359637	2.9511272	0.047137196	0.095468297
2740	4.5694469	1.2613974	2.0352584	782.36325	11.461746	11.101453	0.038843282	0.013838968
2741	3.6904358	0.22227376	1.2953826	8228.8251	70.928164	59.054994	0.15020624	0.25281034
2742	4.4826345	-0.50766612	2.580558	548.0005	1.5981038	1.536725	0.050367446	-0.10633804
2743	3.5275114	0.24419203	2.8581823	9679.8258	62.354556	52.88585	-0.15208031	-0.50109094
2744	1.8137874	0.15356158	0.70794918	9340.2639	183.01481	110.96625	0.041176259	-0.14287347
2745	5.2471318	0.25753143	0.53493521	10743.221	66.850325	65.416348	0.11062856	0.040680072
2746	0.36022499	-0.49499165	0.4398383	11601.4	190.04484	143.64895	-0.043531489	-0.04475907
2747	0.50365015	0.9432458	0.48420231	3365.9363	34.497758	26.424666	-0.17973254	0.036570167
2748	5.2268859	-0.43541128	1.7123353	1090.7581	41.213923	32.615403	-0.0031835016	-0.012288179
2749	1.7349817	-0.23123963	2.81952	3125.0979	46.88444	44.412499	-0.10017053	-0.056622104
2750	5.8903613	-0.75625488	0.86076216	1098.299	12.652543	10.785972	0.0607233	-0.042602981
2751	1.2082427	-0.75957298	0.7707461	2205.5037	11.591069	11.05207	-0.015344511	-0.024062897
2752	2.0749065	0.098175764	2.3458203	1547.9158	12.242857	11.30669	-0.15777029	0.031121909
2753	5.1200911	-0.73167787	2.5382588	4298.0513	16.132789	14.379007	0.06074793	0.0050513358
2754	2.7704602	0.69265167	0.59505444	7391.5399	143.59861	133.40262	-0.026460206	0.20012151
2755	0.3000301	0.96963701	0.29598938	13848.118	56.206462	44.540389	-0.0022984645	0.095047042
2756	4.6833761	0.41157363	0.39829828	3551.8367	43.895064	15.574749	-0.0095012951	-0.049442281
2757	1.3537014	1.3933537	2.095852	2723.2547	12.250907	11.463897	0.0073386067	0.098696347
2758	3.1455772	-0.67135782	0.095672116	2539.5585	12.937563	11.640811	0.056124616	0.1128212
2759	1.4289458	0.40482866	2.4401832	253.81912	1.5193825	1.4362987	0.032048985	0.0036824236
2760	5.7820782	-1.2872446	2.4579535	928.33286	27.148738	26.57203	0.017767523	0.033259326
2761	1.7077979	0.17262899	0.79502199	2949.2786	48.372762	42.380858	0.018769712	0.027112469
2762	0.51779904	0.098592719	0.31663574	2327.3945	9.2009663	4.4367683	0.036329945	0.025607854
2763	1.2178331	0.62136881	2.4726858	1543.4087	40.715045	28.136606	0.0095072263	0.10135646
2764	5.0590121	-0.13295316	2.3143848	302.13201	9.7650667	1.9510364	-0.065107422	-0.027595901
2765	3.274828	0.87295445	0.98968352	5863.1626	70.117602	56.063451	-0.09656594	0.063232012
2766	3.0063112	0.67254097	0.50841364	1099.283	10.581726	2.2532055	0.087529502	0.032525477
2767	0.8374043	0.37575344	1.2752794	5136.6107	63.490655	42.623832	0.052126293	0.072589911
2768	4.392463	-0.74730639	1.1580127	2375.9015	49.38386	15.553514	-0.16199056	0.06713419
2769	2.3106872	0.35995372	2.9745547	5095.9519	54.105586	46.493992	0.16956778	0.28646627
2770	2.0528184	-0.93151495	2.6380027	2997.0124	48.73107	41.821085	-0.053219439	0.052985846
2771	3.310639	-1.0141747	1.8372822	2055.4915	40.437901	38.345434	0.14239172	0.040165633
2772	0.29981139	-0.52377578	2.4460202	3807.326	16.126655	15.020374	-0.10151848	0.044806366
2773	0.56605201	0.50795684	2.6431021	1735.5645	12.073496	2.4250759	-0.610575	0.0039235157
2774	1.3740462	-0.22991921	0.69094381	7085.5128	77.825547	73.922902	0.080847574	0.064395576
2775	5.4015811	0.28942088	1.7095914	1641.3553	44.334249	38.525629	-0.17379508	0.039294206
2776	5.4232513	-0.073160912	0.33658824	5443.1593	19.000219	14.946073	0.020284584	0.18675671
2777	3.8256465	-0.98835213	2.7559847	958.77408	1.8033602	1.6644057	0.19665075	0.074492662
2778	4.2337477	-0.10157736	0.59750083	3158.1437	21.761553	21.056845	0.0047881202	0.011004703
2779	6.2114074	1.2288884	1.1919806	3044.2465	82.728513	62.240856	0.11270565	0.046695505
2780	4.3744552	-0.39003189	1.1461333	7530.0647	72.214327	54.881093	0.50711181	0.56708125
2781	1.2915197	0.45050231	0.93772787	1096.6491	11.031893	9.3036477	0.14352823	0.0018633898
2782	4.1247083	0.12411767	1.793205	359.14412	22.69734	10.479734	0.071658245	0.33297168
2783	4.4686938	-1.3085337	1.1473674	4537.4679	57.969935	43.960202	-0.50255182	0.17202577
2784	1.0863171	-1.3747837	0.29317299	998.14443	3.0265802	1.441023	0.14738877	0.076508118
2785	0.68378579	0.49673822	2.1834622	1052.7966	25.156959	24.267084	0.024226948	-0.017443116
2786	5.6801541	-0.026683619	0.32033318	2359.9055	12.628809	12.538136	0.18568352	0.083332354
2787	0.050479291	-0.49306008	1.7264341	2033.9149	13.489305	12.894155	0.016500555	0.10977138
2788	0.58579986	0.66012057	2.8935043	11254.189	65.88736	45.572848	-0.0093644264	-0.10047538
2789	1.6413592	-1.1124256	2.8146364	3480.7809	32.385278	15.404913	-0.25513857	-0.11487322
2790	2.6419232	-0.084123662	0.49747721	7310.4123	49.364523	43.830219	0.0051847366	0.14971065
2791	3.645572	-0.39805497	2.8787971	9997.399	110.91482	58.787057	-0.34010411	0.0045447146
2792	4.6618006	-0.27383717	2.5316025	1241.3741	40.447376	38.142809	-0.11151208	-0.054318336
2793	1.0449098	0.91278209	1.2310914	651.92039	9.496412	2.4339094	0.044446449	-0.032667182
2794	3.0010196	0.45313055	2.2754879	9375.8419	75.24879	67.562628	0.10005413	0.2638712
2795	4.1402625	1.0969076	2.0936568	1528.6684	12.773775	11.205657	0.23597417	0.092302451
2796	3.9132974	-0.77078356	2.2333218	5131.5856	65.708042	59.091565	0.011878732	0.23129477
2797	3.282189	0.38862352	2.3804121	4153.6019	51.234579	42.69498	-0.0056944862	0.029580735
2798	5.0210293	-0.88377584	1.5225326	393.25809	10.809599	10.70832	0.20316993	0.055191841
2799	5.5264609	0.1981633	1.340778	1450.5415	11.591362	11.438577	0.13936282	-0.075953685
2800	3.8863079	0.9198891	2.2069249	418.47054	8.5253411	2.0290212	0.07080568	-0.11132914
2801	6.2087991	0.75019432	0.46950285	6695.6402	20.000703	18.927383	0.09088504	-0.017074762
2802	0.20243004	0.52395574	1.2011677	192.09787	1.6241515	1.5761303	-0.0068097902	-0.055949643
2803	1.974713	-0.77902276	1.0851037	2824.5039	40.003858	34.490826	0.066130205	0.044830733
2804	1.0029492	-0.34510686	0.68268155	7770.8991	132.83149	84.135582	0.039713122	0.013057218
2805	2.9057564	-1.0163599	0.88845139	5375.1317	64.26055	63.352832	-0.13532103	-0.090868647
2806	0.58324423	-1.360267	0.36054073	4447.6077	52.586529	47.717626	-0.16760917	-0.0017781408
2807	2.2655607	0.80343057	0.57221402	5781.3271	84.896777	76.096345	-0.0077691063	0.063089517
2808	3.8158105	0.067201117	2.900882	621.50502	1.9546598	1.5521207	-0.10498962	0.18076128
2809	2.7132581	1.1198584	2.268045	2145.033	12.424167	12.364721	0.30330012	0.10348857
2810	4.3377997	0.21755169	0.23463771	4320.4378	84.59498	43.150265	-0.017415334	0.041690092
2811	5.7046533	0.11298125	1.5241304	739.18562	10.286616	10.03164	-0.12186724	-0.045526886
2812	4.7394133	-0.51755571	1.0153009	6542.0473	68.128198	58.834575	0.055816502	-0.18182568
2813	3.5326469	0.74531918	2.381343	964.4493	25.289786	10.457676	0.28494604	0.13381308
2814	0.63628622	0.16856465	2.5276661	3101.0413	25.168537	16.915333	-0.051557307	-0.54278614
2815	1.8661807	0.72651166	2.3985004	4125.6585	29.30487	12.85101	0.16331456	0.099059727
2816	4.7818589	-0.8813726	2.5805065	2583.652	12.168866	12.156302	-0.13616966	0.3157276
2817	5.4052429	1.320446	1.084741	2817.1511	13.877359	13.580968	-0.0090625748	-0.025222748
2818	3.5807386	-0.26539747	1.6072316	2382.849	14.707464	11.418315	0.045142335	0.19796668
2819	0.80604085	0.43582806	2.1955311	3685.7354	34.757714	11.678312	0.2278881	-0.041985933
2820	1.1057722	-1.0967589	0.61431595	2343.1007	21.993441	11.617903	0.11757437	0.038295274
2821	2.6309451	-0.181391	2.661415	3846.1842	14.324738	13.793994	-0.37735551	0.011630694
2822	2.9470927	-0.17745246	2.790605	2048.5679	11.255119	8.4622227	0.059713866	0.28465647
2823	2.195114	-0.33288669	1.2230525	2831.4232	56.475525	53.613943	0.031447849	0.083325542
2824	0.018219994	0.35469167	1.1335908	1730.8944	18.377222	12.042846	0.15611786	0.0056904183
2825	0.18253947	0.48581258	2.1912933	529.83094	9.7355678	1.317113	0.026795548	-0.032065232
2826	1.4001808	0.6716376	2.0817718	605.47136	9.6693373	8.9470154	0.0083894332	0.073067906
2827	2.3154069	0.096853009	1.2876598	976.00114	16.423679	9.3044722	-0.0020011653	0.099754704
2828	3.34086	-0.17813282	1.5071223	2320.64	27.762896	27.688745	0.1085891	-0.031157513
2829	5.8188629	1.053997	2.5684239	7331.1194	47.16645	33.266295	-0.15726082	-0.12993149
2830	0.80421912	-1.0271053	0.59674579	2326.8032	30.704889	28.983095	-0.033666453	-0.031188738
2831	4.4280497	0.056015908	2.4895426	1808.1562	14.430222	13.264686	-0.13234182	0.011959074
2832	0.47952344	-0.36996291	2.3407064	1516.4436	13.798876	9.7053691	0.021393103	-0.00062412988
2833	3.0328347	1.2674505	0.091690376	470.38147	8.9901368	1.5959732	0.014450048	0.10890262
2834	4.4256537	0.98229761	1.0017132	1804.9844	12.565537	11.617518	0.024529766	0.40276648
2835	3.04344	-0.26061755	0.12700497	287.80147	1.7297374	1.2971769	-0.00040320945	0.26812527
2836	2.0900463	-0.10022717	0.9799608	624.45866	10.069466	9.664527	0.069495125	0.05117853
2837	3.7324127	0.34366227	0.64418071	4602.2227	52.945778	47.396253	-0.017154881	-0.66226131
2838	2.1523066	0.56011971	2.8177867	1645.0139	14.168667	11.65414	-0.01934443	0.15989045
2839	6.1101848	-0.93277694	0.30912731	1017.6596	8.051905	6.8655472	0.26017346	0.27734218
2840	0.58406268	1.0245722	1.8418679	1840.1153	13.34062	9.5412089	0.35157408	-0.023783792
2841	3.8332573	0.67333035	0.34291713	2301.1034	15.439898	13.132998	-0.10517948	0.034596056
2842	4.1202761	0.99355261	2.5868044	139.32607	1.2076494	1.126978	0.027588512	0.036814756
2843	3.0975068	-0.13093716	2.2195736	2898.8319	41.9358	40.860617	0.16300293	-0.064262058
2844	1.091807	-0.32711823	0.65140238	241.94568	1.4799137	1.3557293	0.26573366	0.17159672
2845	2.0323028	-0.11181874	0.48454904	3263.595	51.299728	47.409292	0.23183622	0.087097786
2846	2.8029942	-0.7564259	1.6272295	1342.9436	31.886224	31.683592	-0.23251241	0.12611479
2847	5.2861531	-0.36010625	2.2779827	10994.821	79.016324	53.045968	-0.09301087	0.1008269
2848	1.827616	0.8935919	2.2778731	325.23666	2.038842	1.2525142	0.19402046	-0.0056842288
2849	2.0278255	1.2075781	0.81750116	426.90049	27.444668	2.0208879	-0.041516992	0.10705429
2850	3.3338266	0.48807526	2.7954029	5110.2298	55.879632	51.036085	0.053599543	0.0016451542
2851	0.026026133	0.0054726367	2.1566824	2125.1078	11.959915	11.699134	-0.051107467	0.31392957
2852	1.7329899	-0.87362157	0.8543684	612.66419	21.854605	10.788614	-0.10278375	-0.045425316
2853	2.5181451	0.97621845	0.28158798	5074.9583	57.922859	15.498687	0.41354069	0.2734365
2854	2.0485269	-0.56411724	2.2450037	4569.233	56.883239	55.718981	-0.058239854	0.0060220731
2855	5.1102264	0.23851781	2.7163346	1174.8461	9.757083	3.3573191	0.31472908	-0.16973714
2856	6.153735	0.35832496	0.4775853	2106.8583	36.279096	29.350802	-0.029485422	0.093853019
2857	3.1941028	0.64109707	0.65646792	893.62331	10.60496	3.19304	0.095558212	-0.099204396
2858	3.6150273	0.27312618	2.31215	2090.1901	29.736315	13.035032	0.077289609	0.021290063
2859	3.2898281	0.65510903	0.65636371	5813.6414	34.348472	19.851816	0.020440849	0.0019314928
2860	2.104023	-1.2435191	2.8194823	1171.4051	1.8200921	1.7944529	-0.032424104	0.23129869
2861	6.1082016	1.1970168	0.50343594	5981.6786	63.281275	19.09442	0.018892619	0.0093018061
2862	5.0580388	-0.63776159	0.6655725	1352.4034	12.659682	11.381379	-0.055252856	0.0083470302
2863	3.3124171	0.96149206	0.42731321	640.83821	1.8382239	1.5329656	0.053663095	-0.17460985
2864	3.1273278	-1.2746012	2.3986994	9183.9036	89.75511	76.198243	-0.1012327	-0.19459744
2865	1.1905625	-0.12341677	0.86710039	3552.7586	67.456855	61.281978	0.60670755	0.0053592888
2866	4.3944039	-0.63164839	0.45863738	4539.1492	15.374036	14.908861	-0.073647899	0.2719922
2867	3.457684	0.77622268	1.1362161	1559.8561	22.092145	11.979762	0.26915704	0.11542938
2868	2.3399324	-0.02140408	2.5246235	1284.5414	14.588233	11.628576	0.036268865	-0.053679447
2869	3.1646851	-0.76104632	0.32336658	2118.3757	13.58804	5.4762299	0.04524441	0.21189202
2870	5.6193424	0.48516247	0.46352365	3576.4543	34.939373	23.931906	0.043515458	0.0092197491
2871	3.4677237	-0.7231927	2.5448395	5720.7768	35.140387	27.346905	0.17692538	0.016355257
2872	1.4858892	-1.3137501	1.8567365	1978.1871	48.057702	31.186496	-0.032491842	0.082408624
2873	3.6425144	-0.34886972	2.6301309	5256.7367	27.599476	26.570131	0.040159954	-0.35458087
2874	1.5374986	-1.3715273	1.4764365	1245.1512	10.885043	9.8282985	0.21121737	-0.32919433
2875	4.4978932	1.1651201	1.8360235	2042.5447	46.244735	37.826384	0.044781176	0.068082655
2876	1.6522802	-0.29208395	0.95100588	4172.7609	55.096222	54.700858	0.0887604	0.013017207
2877	5.9454565	0.61839618	0.32930476	4011.2123	16.324166	14.763819	0.044959572	0.099318174
2878	2.6734946	-0.13751465	0.94860759	2224.0259	105.26107	42.95339	0.021237005	0.00081077736
2879	4.6717393	-0.084714135	2.2422877	1907.4899	44.624883	26.448006	0.31781825	0.0062322174
2880	5.1377578	-0.46510946	2.1443658	206.9363	1.833768	1.5429284	0.15669257	0.066511341
2881	0.22685561	0.79164998	0.95394214	2098.9963	15.441189	13.570799	0.1185188	0.15757386
2882	4.5648875	0.074849831	0.91247018	5905.1588	58.280118	49.480793	0.11131126	-0.0034068171
2883	0.2010914	0.37145013	1.0836948	1616.1236	41.053743	37.83508	0.17141462	0.51362322
2884	0.93152383	-0.541146	2.484733	2885.4953	62.816736	53.300171	0.31059622	-0.043007394
2885	5.1489077	0.36270442	0.062265546	4165.316	40.946019	35.073683	0.29592684	-0.27060011
2886	2.5508063	0.077895089	0.23690039	4477.1092	15.050847	14.771405	0.15017923	0.015220457
2887	4.4147963	0.7660383	0.34358909	3931.9714	11.632633	10.712257	0.0012559528	-0.31163407
2888	5.0677934	0.36763363	2.0739237	3472.0542	47.807729	42.017356	0.010282996	0.13482511
2889	4.3387404	0.18850231	2.6369007	3946.4131	67.41794	41.037484	0.0043244489	0.0095435612
2890	2.3139156	-0.42454032	2.4823763	823.4242	11.555891	3.2899562	-0.0064067981	-0.053192177
2891	1.2739749	0.951561	0.79538862	561.58738	16.150869	8.6584186	-0.14801843	0.34009179
2892	0.44243126	0.97399331	0.24544293	1734.3694	22.755377	1.6393166	0.022333929	-0.035931991
2893	2.7443823	-0.35033801	2.7549409	1086.0747	9.2191358	2.6662645	0.034560457	-0.23337627
2894	5.1026024	-0.9784138	2.8609963	5218.0354	45.935424	31.96773	0.14133029	0.019298029
2895	4.2954803	1.4231173	2.9031552	971.07738	12.951613	11.53707	0.32182569	0.069467839
2896	1.1921995	0.64081096	0.45625468	4386.4746	29.652205	15.630136	-0.026527815	-0.061354617
2897	1.1749546	-0.038621541	0.81046	9118.2859	79.141755	76.342295	0.039987788	0.069427137
2898	4.0736193	-0.01840807	1.9657807	5219.1702	94.124955	51.067344	0.090473692	0.17842525
2899	5.0172506	-0.50125922	0.65056248	2567.1765	25.628415	18.627943	0.018339045	-0.21384507
2900	3.1299126	0.19523241	0.4108245	4700.8477	72.399141	61.075204	0.00056353224	0.30388118
2901	0.27323478	-0.52040591	2.0895913	740.33607	23.980613	10.304936	-0.025458662	0.00014995066
2902	1.9388592	0.91197754	1.8562934	942.42433	35.405985	11.327179	0.033804211	-0.037152566
2903	0.24136918	1.3174976	0.57472626	1928.8184	14.582075	11.632616	0.45054677	-0.043740108
2904	5.0200071	-0.73069027	2.3464154	310.7136	38.446099	37.223861	-0.097362191	0.08573479
2905	6.0339394	0.50359277	0.86984856	3886.8642	47.492394	24.44319	-0.0054622056	-0.20139287
2906	6.2174784	0.68551425	0.077317561	1465.3432	11.641434	10.541827	0.079973857	0.035371778
2907	3.7446316	-0.34716992	0.27070376	4207.5502	17.87383	16.351572	-0.019162322	0.014459722
2908	5.8643851	0.5496224	0.43650551	2488.8132	14.542042	11.127731	0.143986	0.1399557
2909	3.7596296	0.14254345	1.8909838	1963.2824	28.286185	11.503244	0.093227687	0.058062652
2910	3.9136007	1.0422756	1.7727127	1776.8465	12.544015	11.220161	0.040573252	0.0098615049
2911	5.8452778	-1.0385607	1.0171125	893.74478	11.260312	1.7802594	-0.028385622	0.042197791
2912	2.1769298	-0.44730669	1.9350935	2490.9001	41.296299	33.116449	0.27387304	-0.0093810292
2913	3.1841896	0.49448319	1.1328943	4197.2194	165.60695	124.76644	0.17321775	0.39352024
2914	2.8728019	0.63078619	0.2547484	1416.3834	9.4570892	2.8221352	-0.14644845	0.17335443
2915	1.662956	-0.96768216	0.32123764	4387.9562	26.948472	8.9408756	0.077036925	0.13484885
2916	1.0619494	0.13136653	1.8705179	2425.7511	43.660239	36.631482	0.0027215827	-0.36429365
2917	4.3598098	0.88041451	0.1708826	5490.291	69.679167	23.806234	0.080220174	-0.011945428
2918	4.6296461	0.45152746	2.4071381	4432.0082	50.164826	48.515125	-0.066489171	0.045282303
2919	4.1611817	0.72146741	1.0551974	2505.5796	124.51538	113.99543	-0.093026729	-0.047417497
2920	1.0212189	0.42876275	2.6727438	1059.3738	9.6116581	1.4865689	0.14666485	0.095630798
2921	4.3690179	0.74991023	0.86024679	778.05645	4.5458776	3.8381024	0.092111742	0.004392265
2922	1.3751025	-0.46228992	1.1074625	537.42733	2.0649458	1.7625198	0.22995131	0.010427633
2923	6.1021241	-0.21436798	0.84310333	799.68232	11.248483	2.1676772	0.051504861	0.15235669
2924	3.5371697	-0.81161456	2.7105449	3655.7331	47.114867	43.493974	-0.095957818	-0.25268163
2925	0.55006822	0.1472636	2.1445217	2323.3041	33.212558	23.463271	0.35034813	0.091533661
2926	6.0464499	-0.2930513	0.42925278	9736.1576	90.98278	84.246937	0.095743868	-0.037143841
2927	0.30337783	0.59570296	2.5254714	7589.1701	49.512233	46.762613	0.11002005	-0.063585882
2928	2.2780894	0.76648325	2.292502	3657.786	32.855493	14.737343	0.16235971	0.05575855
2929	4.8979724	-0.32872568	2.1866596	5952.0835	53.404152	51.49934	0.43999363	0.36047464
2930	1.3238888	-0.69665817	2.4718647	6643.9111	54.150022	42.096982	0.19919405	0.0014499167
2931	4.4583561	0.15323104	2.6387543	5021.3697	17.092167	16.478428	0.40895927	0.22655901
2932	1.6933043	-0.65798111	2.6794823	389.39378	2.5753693	1.4013499	-0.018706476	0.06647801
2933	3.1893429	1.0250452	0.10056196	12613.257	111.28482	94.876338	0.10424933	-0.0041125028
2934	5.0014401	-0.37020302	1.2504769	5445.014	90.051889	71.837323	-0.0029756203	0.40521311
2935	1.7156366	-0.6998355	0.96041065	1448.5984	11.124625	10.967832	-0.0012101371	-0.26175897
2936	0.83956327	-1.4772431	2.0782198	4111.2221	57.866477	50.391877	-0.03708603	0.097343298
2937	5.9307573	0.7060067	0.98281429	1935.205	46.5484	25.479646	0.054267999	-0.00047885122
2938	2.8348272	0.99450789	2.9119188	6736.7776	52.505527	31.096956	0.0003045085	0.050007921
2939	4.8130636	1.1776276	2.5005102	1704.816	11.206466	7.733937	-0.018739721	-0.10986696
2940	5.935824	-1.220242	0.80926614	899.89304	11.582411	11.276192	0.038554846	-0.095427867
2941	4.9384303	-0.1203003	0.88125613	2709.376	15.513485	11.622929	0.14946129	0.3068741
2942	4.5197371	1.4544074	3.0501999	950.58894	9.3183711	6.8688087	0.01821478	-0.08242806
2943	3.5396155	-0.97962216	2.3354286	6591.1521	79.680663	69.245825	0.23630845	0.27930341
2944	1.2280911	0.25153707	0.39504749	3080.6455	12.280749	6.2830863	0.036646754	0.46861823
2945	1.5034134	-0.16326447	0.52976371	5152.6242	36.682888	15.283772	0.048242164	-0.096602575
2946	0.089743483	-0.40036109	1.1134604	7100.4807	117.95267	62.841831	0.31822168	-0.061696375
2947	5.9805571	0.022157892	2.7719663	13632.86	236.7484	130.33114	0.070348107	0.50846219
2948	1.2663995	0.18586042	0.70316707	1460.641	9.8306469	1.7435205	0.035673556	0.011207458
2949	5.889794	-0.17115382	2.6493936	5004.4691	86.858841	70.761155	-0.27555435	0.18765309
2950	4.2387357	-0.77504665	1.9544956	1064.9466	11.733656	10.008144	-0.13629293	-0.0034928579
2951	4.0313119	0.68824421	2.4749567	3015.1405	13.435143	12.747104	0.31525487	0.43314703
2952	4.3146548	-0.7964455	1.0499331	2513.6547	35.012091	14.77363	-0.04075428	0.36982621
2953	1.3469926	-0.98758915	2.6809403	2705.3732	26.081193	13.971323	0.034006797	-0.35988702
2954	0.48884081	-0.59430622	2.7272904	2488.1929	45.562846	41.396874	-0.091841222	-0.10096955
2955	2.3130106	-0.88891314	1.4323319	391.76651	13.129496	8.2701445	0.26712749	-0.024010008
2956	0.20451145	0.11168057	2.5639947	2934.4069	17.007506	11.974882	-0.046865892	0.074469383
2957	5.2796196	-0.85274211	1.8503319	3224.304	54.083918	40.407468	-0.019175526	0.0036119821
2958	3.1402668	-0.67884795	0.52952477	2751.9111	17.875901	13.59967	-0.070689669	0.3187968
2959	6.169275	0.44775865	0.55279698	161.89622	15.546924	1.5317879	0.054281129	0.088496578
2960	0.73001198	0.35041274	0.87958815	2269.5103	12.627079	11.059173	-0.36928963	0.39762818
2961	2.4770311	0.24316133	2.926745	6462.5728	98.923864	53.728352	0.60497768	0.10252159
2962	5.6218918	-0.72773425	0.30783918	1613.4308	11.533535	9.9315621	0.59234463	0.22446879
2963	0.72449459	-1.1197404	2.4745977	436.40311	2.2294035	1.2738242	-0.12974454	-0.049435582
2964	1.8333272	0.85860919	1.5179793	609.25451	19.824322	13.214612	0.042614641	0.078373548
2965	3.1465148	0.040346073	0.79356259	8951.5188	50.908518	46.065264	0.029458208	0.013039775
2966	1.4716592	-0.35806935	2.517351	3891.8608	17.213465	13.208506	-0.10495185	0.094880307
2967	5.8472804	-0.43392382	2.5873052	3656.4896	12.795994	12.324344	0.035741328	0.056235107
2968	1.734791	-1.1510576	1.8890882	1195.1087	11.998183	3.1905062	0.22623122	0.011357798
2969	5.7508772	-0.93970344	0.88924075	4081.5623	51.612024	18.996669	-0.10099858	-0.012714819
2970	2.8992951	0.18721493	1.881937	1269.4838	8.963992	8.7940937	0.038926431	0.032929305
2971	0.74013458	0.58890539	0.65414802	10751.662	94.488339	44.406091	-0.011257246	0.026494592
2972	4.8453858	0.8303618	0.50073082	839.94142	10.420757	9.7569769	0.038641951	-0.087619396
2973	4.7315724	0.89226833	2.5931851	721.72878	11.758002	1.5010247	-0.21258513	0.13996545
2974	3.6134593	-0.75036455	0.69448107	1296.9368	38.209075	35.722079	0.051011521	0.095375368
2975	5.4966434	-0.14597419	0.89778783	3779.0561	71.6852	56.927239	0.37552575	-0.25736915
2976	5.7097058	0.98180629	2.7227313	815.70039	1.9760952	1.9100739	0.11119444	0.056996575
2977	0.015597052	0.82415387	0.5718458	1767.7935	28.28743	7.1261489	0.10316635	0.087305272
2978	6.0455641	0.27367184	2.4387865	992.34235	18.336097	9.8639992	-0.0032370029	0.17920997
2979	0.85994265	0.85896485	2.0919872	440.44595	10.514952	2.0750435	-0.11169733	0.067708693
2980	1.3573901	0.67606791	0.54440136	5606.7956	86.143252	62.375759	0.15737135	-0.17727225
2981	5.9953524	-0.14256201	1.65146	1691.5936	13.447964	10.503881	-0.078283879	0.05225884
2982	2.3808462	-1.3068501	0.48687153	6674.6172	40.09389	33.814495	-0.018659025	0.059400996
2983	2.9319171	-0.61498494	3.0078841	8083.3295	23.000004	18.635086	0.006339303	0.02994672
2984	1.3585217	-0.32924522	2.9299166	1358.3915	23.596851	14.274121	0.00084432533	-0.1295143
2985	4.1524878	-1.225116	2.7972433	6420.9464	64.527553	59.924907	0.023705169	-0.21778339
2986	4.4932925	-0.63941375	2.6544246	3173.4134	13.674006	11.756153	0.006413236	0.070732787
2987	4.4050381	-0.17450386	0.96017821	1867.2385	44.653298	42.860121	0.11309829	-0.0082226839
2988	4.7692657	-0.69722691	0.25430111	3494.8248	13.429205	12.954939	-0.068659233	0.017337959
2989	1.8364613	0.2219765	0.62004454	1870.2781	108.304	67.786084	0.22949066	0.11440145
2990	4.9483805	-0.86574926	0.076874384	1180.3293	3.719563	1.9893298	0.34465311	-0.010686567
2991	2.1620467	0.32961174	0.54136186	2164.3586	17.645981	13.589123	0.27892317	-0.010442929
2992	0.1960967	-0.79759978	0.54206	623.7941	29.771885	19.895012	0.025624569	0.47900725
2993	2.3938747	0.42650096	2.2308062	3163.6757	12.953924	12.94113	0.068455097	0.016562979
2994	2.7823212	0.10828335	0.55534172	7023.1473	57.272748	53.701784	0.010404256	-0.26002526
2995	0.2162043	0.0060016662	0.78199784	4300.8831	17.494283	14.929253	-0.10188417	0.12045363
2996	0.097731427	-0.95388076	2.7651639	7704.7531	44.860992	42.316927	0.40659393	0.040853541
2997	3.4541895	-0.98781815	0.84940881	4755.0465	52.53522	51.373505	-0.0068520706	0.029249964
2998	1.543237	1.1490285	2.4848574	2245.7018	31.689453	31.32695	0.013399145	-0.0068302637
2999	5.3027388	-0.2787989	0.8757807	545.96062	1.4417903	1.3970223	0.11398709	-0.019662946
3000	3.5240518	0.1381211	0.18598031	2225.9247	11.611823	11.162967	0.34498237	-0.32852944
3001	3.7775401	0.50438437	0.84150821	12854.28	186.22105	184.36144	0.009996102	0.038831492
3002	0.95496946	-0.68141048	0.32938639	2578.3798	50.01209	14.366107	0.31393376	-0.16670164
3003	5.0483908	1.1588557	1.645505	2399.9473	41.920581	40.903336	0.068916323	0.03588021
3004	1.715975	0.55286691	1.9883647	1522.8564	11.822493	11.107619	-0.045332197	0.046548108
3005	4.7077599	-0.81955829	2.0917197	879.03341	15.387143	6.5363623	-0.055347872	0.045638169
3006	4.8562224	0.58998873	2.3668128	1242.8666	8.8615529	1.6594462	0.3881937	-0.1298581
3007	1.9516652	0.71847059	0.704419	14234.247	120.04158	116.55369	-0.25394885	0.04606072
3008	3.878714	-0.42127298	2.2566588	3235.4559	42.200816	28.623373	0.027517491	0.074501008
3009	1.4717404	-0.34926587	2.6868871	1758.6041	17.952671	14.064515	-0.00099068096	-0.13412016
3010	3.2937431	-0.87252027	1.3210494	579.86214	2.1210988	1.8632892	0.065214099	-0.22446543
3011	3.7348201	1.0422059	0.89939678	834.96598	11.653426	11.463162	0.44942477	0.038768939
3012	2.1788599	-0.77474507	0.80125905	2068.4105	26.362917	26.316652	0.14558257	0.080817803
3013	2.9295216	-0.47268886	1.1079822	3878.8137	107.60073	92.580784	0.64127334	0.033919939
3014	6.1594856	0.70284875	0.71740085	3094.9524	64.69095	35.345915	-0.09148215	-0.062378733
3015	5.604978	0.4003862	2.3704318	640.85359	10.648983	5.1172617	0.11269798	0.18081516
3016	0.33165808	-0.81189277	0.87224799	893.06221	10.68023	10.576327	0.05851974	0.19890694
3017	3.8459918	-0.2423583	3.0013055	8084.0656	82.623049	70.875484	-0.058161445	-0.016451348
3018	5.7248001	-0.19256394	0.15776068	12843.395	71.409381	66.230912	0.033638298	0.022243744
3019	5.1701403	0.10160672	0.66100265	7629.3846	64.598364	42.37281	0.063285184	-0.077573583
3020	6.2220974	-1.2854904	2.2742731	1107.5657	10.484995	10.173369	0.18283743	0.015146366
3021	0.90764398	0.10643579	2.0119016	416.04219	9.271678	1.4320134	0.051902472	0.053438694
3022	5.6781295	-0.61783497	2.432043	312.93083	9.873636	9.4188905	0.16220481	-0.055900476
3023	5.0681791	-1.012972	2.4786083	14948.671	90.380771	86.650576	0.1267265	-0.10574681
3024	2.327159	0.68918955	2.9332854	2834.3538	14.3293	13.476527	0.00094863576	0.14019149
3025	0.26493531	-0.237319	0.5308827	3008.6524	16.3062	13.567976	-0.19560978	0.097857706
3026	1.0602798	1.0175133	2.6937057	3097.5244	19.208881	10.940789	0.16773461	-0.0013532468
3027	3.5402067	0.51370123	2.0392866	2251.7541	11.740804	10.514559	0.14442089	-0.32177405
3028	3.4415769	-1.0926402	0.18099593	4430.9229	15.702614	13.095215	-0.57399941	0.085733589
3029	5.5915718	-0.73521524	3.0333346	3151.6147	32.089573	18.680018	-0.066429606	0.1967516
3030	1.9384519	0.34602178	0.79760421	2169.1733	23.448829	12.288486	-0.00035077107	0.29681491
3031	2.2670452	1.4566294	1.5017124	3825.1588	63.927947	41.186725	0.076537096	0.044889097
3032	0.96014176	-0.30637672	2.4757891	1252.0923	95.83858	46.572325	-0.026391484	-0.1239137
3033	2.6799977	0.91583666	2.8689696	714.68016	1.9368985	1.5820644	0.019327784	0.0035968047
3034	0.7444343	0.26744914	2.3736164	1793.0129	11.690888	9.650022	0.237696	0.46258068
3035	5.1174402	0.18765557	2.3268763	9819.3926	148.81528	79.996996	-0.032023095	-0.28959769
3036	5.5942748	0.50653818	2.2386952	622.12916	11.432414	9.9992526	0.012599412	0.00078358821
3037	0.81627302	0.0028419731	1.8742788	1161.1076	40.027786	19.483071	0.51540925	0.11438094
3038	3.3259733	-0.64009611	0.66572489	2161.1159	22.432162	19.16966	-0.07383935	0.023351157
3039	4.1605545	-0.2628333	2.9383325	7615.7042	74.901195	41.257793	-0.0047360029	0.37740311
3040	2.1792108	-0.30519257	2.4626301	9363.4136	87.725288	70.590201	0.079159297	-0.17795568
3041	4.8045451	-0.54132345	0.23496898	3667.748	54.382736	41.657296	0.13673212	0.023811491
3042	3.8094433	-1.0271117	0.82403765	1867.7537	24.703753	13.442874	0.080957013	-0.080502431
3043	2.8600804	-0.36717921	0.84973547	1731.2992	12.304979	11.884014	0.13245518	0.39340002
3044	1.0635711	0.11237556	0.81747414	1477.3174	12.779057	12.225009	0.0080918454	0.19671223
3045	0.39539817	0.16510673	0.70407333	2394.8929	12.618717	12.559351	-0.21455544	0.013071521
3046	1.6085529	0.69773601	2.5013517	4112.464	79.32771	74.772731	-0.096728987	-0.063519037
3047	6.2686808	0.45801242	0.25447868	1408.2431	4.0830153	1.5490186	0.051291597	0.056984728
3048	5.0563216	0.15686286	1.2953072	836.66018	12.551104	12.158039	0.045698158	0.014650562
3049	3.9916148	-0.099271742	2.6457039	2078.1987	13.870635	2.3469616	0.17973174	-0.13479914
3050	5.6467952	-0.41655079	2.2517887	923.22513	9.8756243	1.4417894	0.0011560352	-0.0015243521
3051	4.9339658	0.31833387	0.63934434	1292.8699	30.192182	25.068119	0.00099060849	0.0023496249
3052	1.2838264	-0.38283641	2.6345589	6712.3658	71.405443	42.395448	0.25394	-0.37919159
3053	4.3192815	0.44050435	0.30278773	3824.7882	15.911936	15.196858	-0.0065897466	0.16276496
3054	0.029667204	-0.18919856	2.9607155	1851.2236	28.653039	9.1849131	0.0039446435	0.001477022
3055	4.7463974	-0.3835526	1.0666687	3029.6067	78.648416	55.59442	0.033176234	0.019597882
3056	4.0865299	-0.18593273	2.3730825	631.40912	10.45702	9.1083781	-0.0032565335	0.16590742
3057	4.4331882	-0.76380272	0.32740266	1996.8089	13.644295	11.972635	-0.0073789025	0.11153242
3058	3.8221945	1.2424594	0.45932025	2524.854	13.626588	10.907276	-0.0010560547	0.092846943
3059	6.1233013	-0.519516	2.2172081	4533.4247	54.558361	41.556808	0.068313122	-0.079994256
3060	2.9261878	0.46491005	2.2277577	1426.9695	11.923553	11.702118	0.19419354	-0.028350358
3061	3.1293443	1.1547093	2.3550117	6733.6434	68.678005	61.422304	-0.045009504	0.06529631
3062	2.759653	0.20518455	1.5098555	3407.9227	90.414587	55.704726	0.078899397	0.090412293
3063	1.1575599	0.73737674	2.2627191	787.08909	11.969583	11.484405	0.046879934	-0.070925063
3064	3.5717813	-0.7112162	0.79972999	10810.009	78.917625	67.236915	0.20218272	-0.044844317
3065	5.794462	-0.11442131	1.0033803	595.61105	9.4723308	2.0760209	-0.045554621	0.10266441
3066	1.740771	-1.0595337	2.5139904	1728.6443	15.056542	13.793067	0.031409012	0.0024342815
3067	2.9636886	0.01648612	1.3134754	1120.0102	11.027637	9.7755602	0.044169734	0.072442493
3068	3.990939	0.71188999	2.2404065	2897.1953	14.179249	13.105356	-0.55080478	0.039626976
3069	3.027624	-1.2805176	2.3405412	4626.2357	43.763247	40.254255	0.0087115356	0.038018333
3070	1.2880272	1.0456438	2.8626611	789.08135	11.684229	4.0085828	0.0260416	0.13637407
3071	4.6941615	0.22125918	2.5043594	675.16605	1.7143635	1.4751528	0.0021966429	0.058644829
3072	5.9428373	0.86413655	1.9711271	3211.0785	49.42132	33.38245	-0.026942836	0.0037363888
3073	4.4040803	-0.47719363	0.16236343	5174.9857	46.985143	17.779809	-0.01998362	0.087444092
3074	3.8422015	-0.9504567	2.3984426	1853.61	24.586689	13.833169	-0.32388028	0.095508081
3075	1.6585804	-0.78389629	2.7490815	797.31072	2.1598144	1.7573039	0.25301669	-0.046317662
3076	4.296858	1.0455879	1.3084733	425.73931	2.6220661	1.4170888	0.25002687	-0.035793659
3077	1.3191979	-0.3520564	2.6976439	14484.163	104.1299	101.66562	-0.029378878	0.04148356
3078	5.1708029	-0.36516988	1.1806804	4465.3284	48.896082	42.378918	-0.048588405	0.090359379
3079	5.9310598	-0.83469086	1.7152647	2997.727	55.178038	52.933881	-0.055965967	0.1423627
3080	0.69944577	-0.34401519	0.89970634	1858.5941	88.391305	29.524636	0.17745973	-0.0021148216
3081	0.3603589	0.23690539	2.2797495	117.83901	18.584707	17.458038	0.034403258	0.049640459
3082	2.3540264	0.82760429	0.87724798	3149.2053	45.075261	12.568411	0.54821922	0.016981819
3083	3.1304934	-1.1651044	0.77540554	2784.7809	73.317193	54.005998	0.066765435	-0.12101855
3084	0.94823927	0.20685414	0.56761808	488.30924	1.9723896	1.7254289	-0.045001089	0.15280901
3085	5.6803826	0.37132614	1.7783512	1563.2688	13.147467	12.382636	0.16245706	0.0013848015
3086	4.0772326	-0.010805315	0.11634543	2531.3521	15.769643	13.025307	-0.0014132898	-0.043422885
3087	5.8537463	0.1673543	1.9387548	696.64324	45.090757	32.955632	0.13823786	-0.020580686
3088	4.3329293	0.51066568	0.24241055	3028.8379	40.383331	13.661345	0.11387558	0.0024694042
3089	4.5585745	0.072845463	0.54674102	496.92787	2.049841	1.3445844	0.08664981	0.046763328
3090	3.2174434	-0.18676943	0.35480467	2722.2493	51.672846	47.385257	-0.086258951	-0.052936766
3091	0.36000189	-0.40030164	0.74750062	3144.524	57.359071	36.534919	-0.14349334	0.016875101
3092	0.97308633	0.77977814	0.88767337	2315.429	52.129999	28.402361	-0.007776804	0.0047866248
3093	0.57414379	-1.1922487	0.83588369	1193.6118	9.2290306	5.750874	0.24408409	0.026654298
3094	0.22889381	-0.74212665	2.7667387	1823.4285	12.621538	11.623119	0.36810816	0.16028629
3095	6.1426097	0.18495483	0.071701127	6862.1751	30.137984	21.220305	0.061666801	0.003900391
3096	4.3335355	0.49477622	1.3934856	422.24065	10.680599	10.070312	-0.039285397	0.10062087
3097	0.0034038988	0.71178088	1.719626	261.77284	9.1547158	1.8175716	0.15034921	0.19172953
3098	0.96570185	1.319302	2.7252776	5878.5205	72.257771	68.634327	0.080847574	0.064395576
3099	1.5839908	1.0828779	0.33514259	16422.869	92.411026	79.188895	0.0064341126	0.029239394
3100	5.6872941	-0.43065824	1.4395843	380.74623	9.6630393	8.4621673	-0.021352667	0.0097535071
3101	5.3336145	-0.64246078	0.95247871	268.5151	1.2954301	1.2148484	0.041390874	0.11509452
3102	5.106272	-0.78128849	0.9407694	10682.08	208.88873	69.176131	0.20600217	-0.17612794
3103	4.2201668	0.85220366	2.5399843	4445.3632	48.988375	34.645162	-0.13805601	-0.21913158
3104	2.1492623	-0.41103914	1.9775568	465.30977	1.958029	1.705655	-0.05933807	-0.052991077
3105	1.4875475	0.24235883	2.5139059	956.65549	8.8155436	1.450245	-0.031143649	0.030589756
3106	5.8692422	-0.53210438	0.38584388	3450.4494	33.930021	16.473332	-0.010235932	0.014368922
3107	0.0251977	-0.85344091	2.3070993	207.53776	1.7403211	1.3447751	0.011508002	0.022401803
3108	4.9502494	-0.20684146	1.1123748	5767.8429	124.99449	110.95785	0.15776399	0.017374674
3109	2.5012346	-0.50682855	1.6739511	1724.4308	11.988436	11.722793	0.096349301	0.015482822
3110	2.2572397	0.15474541	2.4540244	837.99961	23.272572	14.721879	0.06112938	-0.0029755013
3111	2.93474	-0.83165761	0.43257582	2091.2533	40.571105	37.820878	-0.0087900798	0.091422138
3112	2.0191771	0.71022041	1.4088096	940.49321	10.30187	8.873302	-0.034394683	0.060555157
3113	1.0415433	0.024935184	2.7702347	17947.912	123.47872	112.75063	0.1581174	0.14040892
3114	1.1889772	1.170249	0.52469198	7356.2755	133.23584	69.563797	-0.093877153	0.0040789684
3115	5.2597365	-0.23106002	1.7903436	1240.1323	12.477838	11.306072	-0.10013602	0.310157
3116	6.1634011	-1.1987298	0.70658953	1809.1805	14.724685	10.406612	0.011157443	-0.011091436
3117	1.7200887	0.42122924	2.6445701	1283.0922	11.318144	10.552961	0.011314807	0.077799935
3118	5.696018	-0.64629143	2.4951474	1380.2488	11.801553	6.1366197	0.016809697	0.068605585
3119	1.2760293	-0.69532365	0.51851798	2969.1011	32.17201	12.185346	0.16417148	0.011820554
3120	0.72932518	0.76853439	2.5919435	1375.1786	12.143742	8.6777976	0.031349521	0.085966795
3121	3.6845846	-0.40360489	2.5388099	1139.8099	8.5292514	2.0042783	-0.02754064	-0.020265748
3122	0.45591533	-1.1548914	2.3323687	10750.799	85.587147	66.728048	0.0065382949	0.21651728
3123	6.2646257	0.020900471	0.60896443	9171.642	82.158993	76.692389	0.00069758783	0.020076824
3124	0.53116174	-0.78271637	0.91586656	4437.4044	51.799776	50.992237	0.063019366	0.017265493
3125	1.2655156	1.2229228	1.816124	1545.1442	34.26211	29.797855	0.1114684	0.064036463
3126	1.9453998	0.94628319	2.7739849	3157.0925	14.766119	13.124793	0.27288665	-0.28279015
3127	6.2042665	-0.25769511	0.4031933	13250.73	35.741442	29.646744	0.00069489965	0.05371379
3128	2.1676802	0.31491608	2.1286706	732.01394	43.822575	32.413461	0.049081576	0.11854051
3129	4.3730244	-0.94008424	2.4523159	4950.6086	59.340889	39.556641	0.11763208	0.080270914
3130	5.9723356	1.3147616	2.6114605	2025.0032	15.392368	13.13298	0.30985878	0.4413649
3131	1.5233432	-1.1206565	0.41020803	5612.0371	17.798563	15.760985	0.00048232129	0.050772063
3132	4.1386094	-0.064657974	2.3812182	529.71221	11.312522	9.8017654	-0.0023428216	-0.013612903
3133	3.0529751	1.000633	0.86254711	5958.6143	18.675841	18.415914	0.50598753	0.14726771
3134	2.110974	-0.3606824	0.65702184	403.44309	3.1859788	2.0111613	-0.032771034	0.017982202
3135	4.6213889	0.55833951	1.8399395	548.42812	15.474055	1.8560776	0.17656501	-0.27430483
3136	4.5485228	0.52111534	2.96505	1925.6795	12.990932	3.1427065	0.2232804	0.047416327
3137	0.61773257	-0.48817685	2.4299579	2512.0535	14.212083	11.811371	0.032178596	-0.09006385
3138	4.1433718	-0.11226671	1.6499705	5050.0903	57.196595	48.252072	0.067856704	0.16793283
3139	5.9598588	0.44966949	2.1227225	569.20204	3.5287036	1.6356398	-0.27554086	0.062574632
3140	0.079022692	-0.65947842	2.8584099	4316.7181	17.862958	15.247757	0.041496923	0.0019993241
3141	1.918482	0.9206249	2.4987432	2060.2288	14.238308	12.401628	-0.027936752	-0.00068125548
3142	3.0539675	-1.2644571	2.7019156	941.10389	9.8913681	1.5865626	0.18795716	-0.033611528
3143	5.1872354	0.31055497	0.68941104	2801.6758	12.471493	11.659855	0.058590553	0.14515579
3144	1.3528551	-0.3477651	1.6634655	5205.7418	61.296502	50.033326	0.12935733	0.0070780839
3145	3.8735592	-0.56475605	2.771088	1444.9604	11.26906	9.5933827	-0.0032660498	-0.034397314
3146	1.4221659	0.58749235	0.7332041	4554.5505	97.599498	49.386479	-0.037827218	0.0096620117
3147	5.3075635	0.17114471	0.99014558	1188.1365	39.874173	33.588016	0.010856348	-0.0014198677
3148	3.4999306	-0.58717061	2.4863021	716.56561	9.8472487	9.6904185	0.010222634	0.0030562401
3149	3.4956884	1.0079202	2.5281895	2628.9662	32.914962	24.790394	0.0242017	0.034146129
3150	5.2141887	-0.29566725	0.62265667	2504.7825	15.690823	15.046459	-0.11342138	0.1740535
3151	4.4447498	-0.70131201	1.9051226	1802.7383	47.962663	11.421424	0.064702049	0.3626423
3152	0.87525922	-0.30906218	0.7722395	3080.2064	32.923657	10.522095	0.17920547	-0.17806355
3153	3.7849978	0.56076529	0.50927981	10047.29	87.762301	73.253033	-0.010688322	0.031608516
3154	1.4064555	-0.59868091	1.1322622	3250.584	49.366046	48.463445	0.41137302	0.041237509
3155	4.2950747	-0.3256911	2.5567588	8211.1192	71.531923	70.877729	0.095450934	0.060356286
3156	5.6403935	-0.33201931	2.4650854	934.4326	24.233225	2.2963293	0.011273803	-0.025263696
3157	4.6295015	-0.41880633	2.3601398	3250.6533	12.004284	11.766593	0.21373267	0.014397272
3158	5.3163884	-0.20417934	0.24859589	1942.7948	12.136515	2.7979496	0.073800804	-0.12187458
3159	0.8514313	0.53769054	0.68768939	1479.7724	45.3958	44.706392	-0.045935126	0.24342224
3160	3.9918656	-0.73431124	2.5808931	766.76297	10.226359	2.6657948	0.067094149	-0.016589009
3161	0.5953019	0.10006353	1.187396	1554.607	11.395409	10.217927	-0.14028882	-0.099912266
3162	4.4547143	-0.28796535	1.0485284	3943.528	53.526518	44.631216	-0.040769392	-0.021895147
3163	2.7120898	-0.95254617	0.29911148	1659.72	10.725102	4.0847253	0.0078855929	0.042828233
3164	1.2368691	0.8500759	0.16058179	6889.4286	108.21445	106.08994	0.0010028452	0.0023057649
3165	2.5429303	0.083002508	2.3311315	7433.3462	91.602319	72.581624	0.071007181	0.0091611774
3166	4.5602805	-0.22872828	1.1740322	1343.0911	20.042864	12.260403	0.013641187	-0.13214994
3167	0.60003055	-1.022193	1.3569611	1072.4482	12.388307	11.460678	-0.017614351	0.17244969
3168	0.48665282	1.0730163	2.5479933	1006.564	4.1613786	2.3225076	0.27379534	-0.0946634
3169	5.994873	-0.14253484	2.8328177	8380.0326	76.257746	59.578052	0.00056760923	0.037619087
3170	5.2723694	0.77298136	0.61072193	5690.6701	50.875625	47.283698	0.028747793	0.03501353
3171	4.6812636	0.62292408	2.1297867	1768.2602	12.500777	10.43921	0.20875579	0.16770993
3172	5.9630003	-0.24194148	2.4668197	2962.9416	34.275638	28.653829	-0.051461735	-0.10331332
3173	3.9194969	0.0086594669	3.0494968	2770.8972	13.160187	3.9318549	0.002048235	0.033753984
3174	4.2244181	-0.29590894	2.5758911	4147.8048	31.676833	23.967895	-0.044961702	0.49339113
3175	3.7489164	0.47096074	0.59796997	3393.1135	52.377272	13.340317	0.0032159718	0.068893749
3176	3.0347388	0.39602618	1.4341836	991.68051	12.531051	8.4202174	0.07842443	0.11316842
3177	3.3020448	0.16186917	0.3291999	6405.6533	70.568867	70.473833	0.05912434	-0.0029008426
3178	5.9876987	0.92165377	1.1358687	1171.9515	14.751769	9.9545897	-0.015135343	-0.044067052
3179	1.9507471	0.24957307	2.4503283	2323.4474	11.687929	11.41763	0.10998997	0.00283539
3180	0.098707255	0.23252475	2.3764523	9614.6032	82.141728	40.589809	0.60095029	0.00081890289
3181	1.0923481	1.1909274	2.5863447	779.04648	10.543769	1.3965872	0.036287146	0.088059489
3182	3.6680469	-0.86856247	2.7552299	3717.9566	26.627676	13.027295	0.074548866	-0.1828398
3183	0.48184477	0.0055885511	0.61813511	3471.3481	43.909499	37.538295	0.12748247	0.02397615
3184	1.9674458	-0.62321734	2.8099733	752.16956	1.6258156	1.5269681	-0.0044548562	0.14233661
3185	2.0777613	-0.59447055	0.23179542	2436.1414	12.708077	12.464725	0.13732851	0.021368868
3186	1.999405	-1.1511067	0.67521684	980.0809	7.1286152	4.42601	0.35941796	-0.33593715
3187	0.35679276	-0.94907246	0.61924696	3469.6305	18.574096	13.424363	0.15371992	0.05202576
3188	2.1364086	-0.62042463	0.87490626	3325.0263	80.852591	59.304972	0.19704629	0.28956717
3189	1.5073073	-0.68877629	0.69475132	2518.6919	54.776338	29.130038	-0.2122854	0.45298712
3190	5.4166689	-0.51655236	2.6364924	5468.6452	27.050976	13.469509	0.28405062	0.19697653
3191	0.75106833	-0.5886024	2.8596788	4706.9308	55.391341	50.954462	0.0072825172	0.019909385
3192	1.3674485	0.61950785	0.81743664	1403.4524	11.171495	1.6578469	0.24219629	-0.069426176
3193	2.4416925	0.82738619	2.5306822	2773.6857	29.422294	22.437004	0.074901625	0.019201207
3194	3.075022	0.39375269	0.31703824	5261.9337	65.558944	59.420933	0.0058408558	-0.031354516
3195	0.47888579	0.25042696	1.8563386	4633.3671	123.02469	95.266696	0.0014687558	-0.011020048
3196	3.7104841	-0.74691902	1.9614005	1846.0912	12.026314	10.342316	0.133847	0.027969371
3197	2.2219351	-0.067900077	0.64276892	6479.4315	108.117	58.060974	-0.049506563	-0.16737934
3198	1.450573	0.30272779	2.5975659	267.85757	1.6246311	1.285841	0.11282296	0.0282526
3199	4.2349281	0.67711001	2.84835	3336.9575	24.918854	16.677878	-0.10901663	0.15911404
3200	3.7764691	0.38571303	2.3766748	1542.7665	11.485121	6.6648783	0.013453825	-0.09634638
3201	1.0462151	1.1903587	0.25160777	1921.2631	17.643939	2.350773	0.041618705	0.016846792
3202	3.0292448	0.98308207	2.4729979	558.56031	9.260826	9.2563324	0.3156843	-0.015865679
3203	6.0960818	-0.33809851	1.6925333	1826.1418	39.310453	30.357564	0.0868749	0.25556815
3204	1.443126	1.2018991	2.6136137	1726.5944	87.765911	85.484245	0.50815321	0.17305774
3205	0.15814684	0.67936802	0.45027797	649.74747	3.3289555	1.3476092	0.20177734	0.10189645
3206	0.37430816	-0.83238987	2.1418347	3230.5631	49.682364	43.855507	-0.027949233	0.42511696
3207	5.0979256	0.68267848	0.50936063	349.90508	1.735044	1.4055056	5.4761946e-05	0.011487268
3208	5.81752	0.88829227	0.42496996	751.60444	11.016962	10.648121	-0.16107639	0.03915311
3209	4.9914301	0.50666639	0.2167517	418.57866	1.8370039	1.4300893	-0.0084061455	0.0087110328
3210	5.0905493	-0.048504577	2.6274032	675.13161	3.8293271	1.7308012	0.31327949	0.0045910105
3211	0.41176836	-1.4031601	1.124565	4274.0076	100.95384	51.200017	0.0090047344	-0.077406876
3212	3.1269291	0.02708304	2.1276619	3958.0818	61.445072	50.25386	0.0018289699	0.32151754
3213	6.0232181	0.30598299	1.0876504	739.74325	1.8066065	1.6451219	0.0088760237	0.053895777
3214	1.5462561	-0.64265322	2.7789799	4860.0137	26.26619	23.262349	0.172244	0.014869635
3215	2.8742165	-0.25804313	0.083478013	2971.4918	15.314341	13.60092	0.11270487	0.10570089
3216	1.6391883	-0.01158	2.3856433	1631.3874	53.104337	10.725246	0.59787719	0.020996738
3217	0.45352153	-1.1590645	2.7069893	23802.424	360.11048	249.65437	0.27567025	0.24775904
3218	4.0542013	-0.76078035	2.1693114	412.84045	3.0685411	2.253705	0.093744525	0.001392355
3219	5.236917	0.84923673	2.1052533	253.23629	1.688196	1.3686507	-0.35095858	-0.0022384268
3220	5.7360274	0.54280474	0.87452938	5604.1301	87.236783	68.004983	-0.066337323	-0.054581134
3221	1.1333525	0.033138476	0.41119464	2394.5858	42.276768	31.095106	0.39584347	0.065785578
3222	3.9044948	-1.3075991	1.1456968	2425.937	37.433573	37.099135	-0.15992025	0.22380076
3223	1.8020813	-0.30608691	0.71698691	1700.4566	41.288131	21.149738	0.20687739	0.0097539716
3224	3.1168622	-0.058091387	2.0803578	5296.1432	58.272514	53.488383	0.069439964	-0.18257511
3225	5.8933185	-0.79506351	2.2434885	5746.1755	55.786108	33.17442	0.22989174	0.010569998
3226	1.0984751	0.51182575	0.43067897	3078.8701	25.140269	14.457232	0.10954345	0.27767502
3227	5.276121	0.48565502	0.37397887	2495.6052	14.015402	12.769784	0.15738508	-0.04861601
3228	1.4754612	-1.3648307	2.4117414	1609.7535	10.587902	10.514484	-0.010063192	0.029291214
3229	4.5967324	-1.1987779	2.5225362	850.40662	10.116864	1.828517	-0.37600903	0.061155486
3230	4.1110091	0.28205368	2.984701	456.69475	1.7392744	1.6671877	-0.0054659315	0.097674382
3231	6.1957621	-0.36117238	2.699282	729.31292	1.9217743	1.878984	-0.15897174	-0.30275781
3232	2.209728	0.089274377	2.6922054	1967.6359	14.29326	14.145818	0.019153723	-0.14768784
3233	2.9800818	-0.48202381	1.0737173	5423.5358	65.058294	63.289089	-0.032544073	0.056073121
3234	1.4720627	0.74758208	2.2901474	3061.296	13.425701	12.570853	-0.021386541	0.11673666
3235	1.9331326	-0.17240483	1.5758598	7772.5414	62.714893	57.846566	-0.021348457	0.038837385
3236	5.0292793	-0.029626562	0.58096898	1881.6985	13.91109	11.007946	0.097718955	0.0010330098
3237	0.3268699	0.031794913	0.34461994	15502.499	156.70895	139.6782	0.013748909	-0.010590199
3238	3.6789994	0.41744377	2.7603153	12191.858	85.920619	76.811621	-0.18134436	-0.048132128
3239	1.153141	-0.68742532	0.77734171	2791.7506	12.57806	12.344349	0.040205737	0.080157333
3240	0.97055042	1.1647784	2.4035373	2025.2288	12.097436	11.503511	-0.0050575778	-0.00031586906
3241	4.8880535	0.0922545	0.89904803	1061.884	11.33807	10.429468	0.22025848	0.097498401
3242	4.3725423	0.60322899	0.17555773	2181.5432	42.197263	38.475786	-0.0106822	-0.083849286
3243	1.1668954	-0.21667133	2.2890359	8045.3644	77.049545	47.889104	0.00091657848	0.20705239
3244	0.39534003	0.097020653	2.5264119	2678.5769	34.70063	30.686925	-0.095976936	-0.043370008
3245	2.8998567	-0.65837	0.85357019	6178.1078	30.963131	29.667856	0.035094869	-0.13393982
3246	5.0805601	0.61581588	2.070229	1049.2381	39.424006	12.675864	-0.066735545	0.0063769134
3247	5.4320295	-1.0539314	2.7708373	5996.1992	44.789356	17.276558	-0.11442956	-0.0095155248
3248	2.4758747	0.64088617	1.809926	645.05198	27.953872	1.9938688	0.010168638	0.0046729709
3249	4.6069029	-0.25667519	2.3516191	388.21498	3.0255123	2.4823304	0.054334461	0.054235488
3250	2.7362472	-0.17344114	0.88009905	3780.7069	69.526853	36.710681	0.0010527977	0.24865403
3251	3.341039	-1.2039693	2.0229882	555.89924	8.9897239	2.1622311	0.0053550243	0.060640741
3252	1.2296977	-0.17990193	0.12021365	3536.4797	16.563979	14.302576	0.036837395	-0.018715051
3253	5.1165249	-0.54243524	0.3862468	6757.1173	70.014586	19.912638	-0.017955529	0.0051201258
3254	1.6000574	-0.71533108	1.4000535	5911.7904	72.114451	53.768241	-0.025922806	0.058878423
3255	2.0539093	0.23559468	2.8495591	2196.6643	12.496813	11.29453	0.35533399	0.13485634
3256	3.1635247	-0.23812163	0.14957851	2948.2804	14.271285	13.272519	0.067382258	0.08244207
3257	5.3386905	-0.074982256	1.9812318	1273.8846	10.976554	9.6875613	0.014144119	0.22058102
3258	1.3382788	-0.13862763	1.0892785	1180.3078	11.164075	9.4815839	0.025003354	-0.059678643
3259	3.1101992	-0.14704423	2.4758335	1015.1168	9.9514859	4.8835974	0.055575551	-0.23099906
3260	0.83987145	-0.76208181	2.2578759	3154.1823	13.660665	13.630631	-0.030572482	-0.14745233
3261	1.0951815	0.020808775	2.5653583	12519.753	94.218527	76.361539	0.040560803	-0.42849813
3262	5.4559905	-1.2801117	1.0667666	4985.5896	83.044576	58.088747	0.0020098856	0.099156293
3263	5.6554212	1.2107909	0.55200841	3088.7712	15.41863	12.388019	0.045117599	-0.051387656
3264	2.0630476	1.0229869	1.7714611	1469.8855	12.809669	10.590153	-0.10308796	-0.5509407
3265	5.1280018	-0.71565143	2.4769231	824.46931	33.696747	22.493855	0.023833551	0.00079631375
3266	4.2575262	0.015663086	2.8870224	1355.2513	30.707192	20.763315	0.038604216	0.085449088
3267	4.8962664	-0.40234894	0.34873474	2603.5341	31.454812	15.78326	-0.14811096	0.0023263748
3268	4.5308407	-0.82721229	0.37396833	797.21146	2.4648968	1.3151325	-0.010394842	-0.00080182846
3269	3.1518523	0.35279663	2.2756322	2559.5189	53.047819	51.556756	0.11088983	-0.093621251
3270	2.2782251	-0.50724162	1.9524286	2673.0873	23.435694	22.529889	-0.0067283491	-0.25376701
3271	5.1270666	-0.10561248	2.8626858	2665.8081	39.373015	31.037839	-0.23977636	0.032379081
3272	1.6666761	0.99539603	2.4355145	9140.2938	124.59694	85.832966	0.010536237	0.093102109
3273	2.1757635	-0.60594481	2.7612863	697.08255	2.4509466	1.6417814	0.10350647	0.1015658
3274	0.29290551	-0.32046352	2.464705	2218.1415	42.289319	29.148207	-0.11140322	-0.011504094
3275	5.0215179	0.026251985	1.3067582	567.1464	27.189568	2.3869812	0.13135223	0.0065380712
3276	2.0218078	-0.70993714	0.38917456	3277.4632	69.327551	31.82642	1.216486e-05	0.11707182
3277	5.9551675	0.75228354	1.2852799	2705.8345	44.686171	40.402712	0.025437291	-0.0010375961
3278	1.0532328	-0.64811359	0.57128376	1562.2111	13.985877	3.9119121	-0.0091010909	-0.2103629
3279	0.95859885	0.39293924	1.128352	4723.6656	56.400798	50.331322	0.0019418838	0.078691431
3280	1.8192926	-0.5444438	2.8035459	6807.0478	73.474064	51.83368	0.10183288	0.36527808
3281	2.0872232	0.071357949	2.8794485	526.21953	2.0730486	1.3446334	0.01772184	0.00030583857
3282	4.0596426	-1.300949	2.3934692	2051.2008	12.831367	12.826886	-0.053218947	-0.088136864
3283	0.94745486	0.55132029	2.2291099	1106.0701	11.14295	5.8779936	0.035613011	0.0061763237
3284	6.0263997	-0.14322746	0.70733978	9295.4493	85.748585	78.617614	-0.014214157	0.14199227
3285	1.1213028	-0.87968434	2.7309938	459.10297	10.097879	6.0529096	0.054445798	0.0024532899
3286	5.6936121	-0.88133607	1.6083904	297.25573	1.7321884	1.554634	0.11839844	0.16358032
3287	0.17887615	-1.0487863	0.11103187	5848.5005	69.167357	46.6827	0.005293407	0.19988606
3288	1.3450398	0.51972594	1.9919417	2654.3135	19.845733	11.164532	-0.16276439	0.12708253
3289	5.0591714	-0.89193371	2.4501126	3162.808	14.911845	11.607188	0.04858891	0.051568068
3290	3.3412339	-0.33268766	0.61796081	2865.2814	32.989175	22.705983	0.30691113	-0.011018504
3291	3.149845	0.79634757	0.73065083	2700.2827	46.919834	26.331302	0.1758639	0.034199321
3292	3.2057237	-0.55280179	2.2902011	2824.3321	29.273592	24.429537	0.061784446	-0.019292469
3293	3.5251681	0.38607024	0.47071708	3490.546	37.916823	13.79301	0.0054211188	0.08778311
3294	4.2226955	-0.6907429	3.0462005	10974.612	92.527405	83.169052	-0.095373894	0.084273584
3295	0.07709918	-0.47410519	0.044307788	8959.3222	86.56453	69.912781	-0.0092228228	-0.0034318171
3296	2.6016037	0.98141359	0.96559303	4423.4629	57.59807	47.776551	-0.11096601	0.41994726
3297	3.5574112	1.2425881	2.5601717	3902.2395	47.497111	45.077746	-0.14218753	0.56910014
3298	4.8510001	0.45235317	2.2507022	3803.3192	42.449919	32.588825	0.00013045172	0.050508803
3299	1.0308862	0.025878546	2.2450868	817.25765	10.962596	4.0079083	-0.00060375368	-0.16987609
3300	4.1033411	0.10232949	2.925086	11029.417	95.251915	84.676214	0.024338577	-0.015463564
3301	0.61470378	-0.0047447481	0.71492992	2449.8131	13.783489	12.499778	-0.012204716	0.2671451
3302	2.7563908	0.85389304	2.5223556	1488.6349	10.117387	1.5617364	-0.17853614	-0.11443921
3303	4.1559248	0.93768251	0.88283191	1708.3558	22.262051	3.5487379	0.089369474	0.016318101
3304	0.37793269	0.23613983	2.0529847	1903.9791	10.678686	9.8856888	0.076482476	-0.064276948
3305	5.4328175	0.14855388	2.9705038	10326.866	89.420182	61.374375	-0.0012314738	0.049729879
3306	1.4639253	-0.49109733	1.1018925	4549.6782	53.560871	25.140916	-0.5643664	-0.016312167
3307	1.5955636	0.71383847	1.0859622	3218.4024	98.233477	90.891367	0.08470991	0.10695202
3308	3.565971	0.47263702	0.49180888	1326.8415	36.738397	1.760547	-0.073767424	-0.031650884
3309	6.1495755	-1.1547325	2.0261023	568.71563	9.5052391	8.7258884	-0.040132981	0.1491959
3310	4.428162	0.71518352	0.87402528	399.94162	9.1188223	1.4444187	0.015067309	-0.022261458
3311	5.8845097	1.1232085	1.9059116	679.86128	28.82569	11.648322	0.00437365	0.018517145
3312	0.23227603	-0.87577222	2.1364187	901.31775	22.653172	11.907209	0.13352296	-0.027695812
3313	1.118021	-0.23780935	3.0615044	2597.1394	11.513127	9.361565	-0.42018823	-0.023866606
3314	4.8183261	-0.69515236	0.92218661	5115.2867	155.2209	70.1384	-0.096750504	-0.061886574
3315	5.5042522	0.97247163	0.50613254	1580.0221	23.602615	16.395032	-0.03609286	-0.026768418
3316	3.3903664	-0.52777188	2.4987637	943.55877	8.8450757	3.8297479	0.0085140184	-0.29108868
3317	3.4557492	0.30107582	2.7900415	1821.8135	11.95884	10.414869	0.026596531	0.0052353393
3318	2.2109131	0.12253653	0.31323376	4558.9958	48.075651	47.391957	-0.049445512	-0.088474191
3319	3.9801213	-0.99151438	2.1973362	235.84067	2.3373964	1.4369047	-0.029748308	-0.055179032
3320	4.3510716	-1.1704411	0.6091469	2698.843	19.245663	14.125336	-0.008331532	0.056080222
3321	5.4691115	-0.92266931	2.7503005	5989.6403	54.656847	50.342646	0.014623544	0.049641983
3322	2.131356	-0.47229601	2.5101193	1082.4642	24.528923	3.669918	0.19641004	0.12775124
3323	3.4870796	0.38264662	2.8827613	3379.4102	17.013819	15.864946	-0.073240479	-0.023959956
3324	5.6814124	-0.7105586	2.342342	1570.8451	38.189162	3.6694602	0.0059953671	0.11676076
3325	1.1663444	-0.17268877	0.17786558	1028.8042	10.18615	2.4652272	-0.071806066	0.065279747
3326	0.73814688	-0.12427867	0.35073583	2256.6767	13.338312	12.700943	0.25603091	-0.099222295
3327	3.5199209	-0.41244725	0.44529498	1958.5264	11.123568	10.680663	-0.16222968	-0.23349356
3328	4.7392061	-0.1114674	2.1576623	5741.2023	58.705051	49.199296	0.093089257	0.12831762
3329	1.4061036	-0.7447065	0.54139554	5587.4955	49.200712	40.562656	0.0018270135	0.010210587
3330	5.5327467	0.090660944	2.8739402	1116.9479	10.24824	10.134335	-0.18492881	0.017130164
3331	5.8310238	1.0333073	1.2205533	3277.8909	54.496996	51.488354	0.087217985	0.27043264
3332	3.7245335	0.43996804	0.42088503	3523.0129	14.722834	14.249014	0.055267517	0.093591845
3333	5.4114461	-1.0524192	0.39164774	1191.8542	8.1702138	2.8072731	0.073471937	0.25044907
3334	3.13083	-0.019590453	0.6770777	1336.8619	9.7005782	1.7831217	0.13779206	0.23465414
3335	3.9273605	1.1272602	0.9508913	2957.5522	13.884759	12.468602	0.032501299	-0.053991089
3336	6.2026295	0.32511512	2.4392028	4299.8708	29.856866	27.606619	0.06235486	0.18172738
3337	4.2711684	-0.41488755	2.0320292	986.19583	12.293513	10.508233	-0.0018733303	0.27449442
3338	5.9641257	0.25676362	2.2361463	747.51211	10.456495	9.9248968	0.0053872164	-0.11963349
3339	0.30710396	-0.79716181	0.78270698	419.84289	6.9832847	1.830178	0.0011744589	0.0018719638
3340	1.7260442	-0.25819902	2.6363712	889.92302	12.592186	1.4257251	-0.34981384	0.14428324
3341	3.7150732	0.10753077	2.2673162	1270.9606	11.361199	10.008126	-0.0068349236	-0.02449107
3342	4.1455073	-1.1057636	2.8671827	6608.1492	56.489907	46.892669	0.0040026764	0.16762304
3343	3.5967975	-0.48193982	2.7953885	1493.3029	11.319574	1.503242	0.19097931	0.12674161
3344	5.918546	-0.58897918	1.1606623	2357.0284	94.21744	34.358021	0.052460116	0.011620637
3345	0.20064497	0.38147848	2.3402884	954.14455	11.434457	9.8999466	0.19739546	0.11696265
3346	0.70686486	-0.26958573	1.6165151	1288.0977	38.81798	36.459974	-0.044488288	0.042747795
3347	6.0393427	-0.5612013	0.41422339	2473.4373	13.410704	2.3778058	0.11346449	-0.010003276
3348	6.0483553	0.46803034	2.8553769	504.36299	1.8237131	1.6442307	0.034548616	0.045527979
3349	2.2818453	0.80597658	1.5453624	5497.5976	87.646728	65.777812	0.092552637	0.041019256
3350	1.3164101	-0.0644138	2.655085	483.47223	1.4052054	1.2912613	0.025578524	0.13736881
3351	4.218334	1.0457051	1.8253143	1300.9613	33.571089	32.373065	0.0070975686	0.1277857
3352	3.2128046	-0.4195874	2.7580439	1941.135	12.934825	9.9136575	0.34969981	0.096382711
3353	5.8873758	0.76013408	1.1296629	248.4511	10.600802	2.0989334	0.00031867116	0.26409885
3354	4.1062846	-0.58690618	2.6024677	1238.8124	25.580742	19.714028	0.12575825	0.070891391
3355	0.64881806	0.78418061	2.5583712	1597.2741	11.29792	3.5056994	0.017983831	0.11922218
3356	1.3874533	-0.10214306	2.4433958	1989.7523	17.441529	14.240426	0.064236727	0.18084928
3357	4.1180785	-0.017242802	2.8269416	1888.4044	13.21078	11.882088	0.1209918	0.06333175
3358	6.1776412	-0.14543319	0.52230419	14490.375	137.024	88.686899	0.29911532	-0.092187691
3359	4.7880711	-0.46636718	1.6868296	1492.9603	13.17607	11.077223	-0.0019087187	-0.0030287333
3360	2.5294167	-0.050876977	2.0987233	7660.6325	66.86148	62.066968	0.19510689	0.040172796
3361	4.7709488	-1.3098973	3.029658	1519.0498	9.4266459	8.579495	-0.23028094	0.00681963
3362	1.2071063	0.24375541	0.12085572	1103.2293	13.021127	10.465299	0.037739948	0.13069473
3363	1.0997269	-0.68776555	0.49381793	3778.2291	41.264977	14.830544	0.11998676	0.053067817
3364	3.8790098	-0.031811702	1.1183448	3917.521	30.391826	23.032598	0.055444898	0.075307663
3365	1.3676128	0.38317766	1.4251644	873.37313	37.421662	32.592032	-0.044618863	-0.043595116
3366	3.4765893	1.0482559	1.0041425	1197.1601	11.033729	9.2119156	-0.053348036	0.074669044
3367	0.39731516	0.32092738	1.353421	483.63623	9.1494595	6.4448509	0.12906806	0.14358694
3368	5.7329373	1.4623043	1.1852796	288.12621	1.6590768	1.3855006	0.032147461	-0.020415987
3369	4.6393535	-0.49844263	1.2967681	5489.264	40.028305	35.550755	-0.0078550181	0.0058721943
3370	3.4253403	-0.77541581	2.3792424	1691.3635	11.665447	9.4813471	0.056508417	-0.22052143
3371	4.7261579	-1.4565613	0.50342535	559.67301	10.678526	1.6286347	-0.11533852	-0.057368119
3372	0.90067229	0.18089411	1.9948673	2576.8557	49.550583	29.880795	0.045692458	-0.023044501
3373	5.0432116	0.97666784	2.581632	8151.9953	17.647816	15.935429	0.01674543	-0.070925688
3374	3.7830439	0.43184016	1.8695202	2845.1648	49.414295	33.072501	-0.016043518	0.035742588
3375	0.11159166	1.0737754	0.85038233	490.69117	2.0177357	1.9271397	-0.10022999	0.14197655
3376	1.2493913	-1.1065631	2.5496994	3603.6308	66.573831	56.279787	0.22364647	0.5014561
3377	2.3628821	0.74805495	2.4432546	926.10275	7.0424466	3.0445962	0.16283986	0.088268179
3378	5.3476641	0.16929233	2.5373469	1844.5251	44.538304	27.163813	0.036797523	0.0020737665
3379	4.3891753	0.4266884	1.5368323	4839.5295	38.794123	37.138132	0.16030241	-0.20963597
3380	0.14063192	-0.22116013	2.7836798	583.52864	8.5254036	1.4021066	0.06697395	0.026328102
3381	5.0156588	0.1646126	0.77654474	1754.1308	14.542923	12.500465	0.017289556	0.17673583
3382	6.0719671	0.95990034	1.6193403	134.15754	1.9658742	1.4992714	0.028304872	0.0099817803
3383	2.3285712	-0.48283946	0.86896912	4095.8941	37.643258	34.411377	0.030017763	0.21561897
3384	3.7179035	-0.33279463	0.68009575	6600.5446	62.777543	58.576936	0.054046602	-0.074964464
3385	1.0067845	-0.88738302	1.9116926	6864.7687	55.858568	53.194867	0.21650703	0.44344205
3386	5.9067891	0.81745227	0.21493333	1181.4214	12.932023	3.2764707	0.16995245	0.16784681
3387	4.2663504	-0.76216019	2.177487	7277.6159	55.214728	42.330449	-0.051167841	0.12170493
3388	4.0810632	-0.22131535	1.940102	2981.4992	25.265712	20.886118	-0.068160251	0.019793928
3389	1.0823769	1.3963046	1.1890621	809.84907	33.251403	1.4379909	-0.046037548	0.063573469
3390	1.431066	-0.76131891	2.7733023	15294.579	84.156802	62.084984	0.066146982	-0.167011
3391	2.3604525	0.29229232	2.3046328	21137.252	82.928952	73.927197	0.44303149	0.0001478681
3392	3.1523261	0.33925665	1.9890369	533.08189	9.551906	8.0596047	0.035735991	0.06642288
3393	3.7093035	1.2434407	0.44144168	3580.1363	12.688804	10.988434	0.023067836	-0.020657106
3394	3.1390268	1.3186283	2.3003163	6069.1996	80.654379	66.669292	0.020194395	0.35450321
3395	5.5807908	-1.1018395	2.1244703	3449.9098	71.892874	49.496178	0.067038966	0.0024704556
3396	1.0570884	-1.094998	0.59622978	3795.0802	61.40348	56.910628	0.19132196	-0.15734612
3397	3.8943074	1.2544718	1.7633127	2478.1529	48.32521	12.158422	0.076443036	0.24960349
3398	5.1861638	-1.0056435	1.1270074	2225.6468	44.970229	43.206605	-0.0036774827	0.24163431
3399	5.5657736	0.56839348	1.1244662	2226.0726	47.811905	38.035467	0.35952891	-0.25027305
3400	2.9817153	-0.57056434	0.62302256	5029.5182	15.421494	13.869713	0.0081578061	0.62927301
3401	2.7051946	0.08362054	0.78404546	3984.079	30.986046	20.630972	-0.0040551562	0.032916283
3402	5.5098806	1.2953886	0.56342772	701.74678	2.8506856	2.1879568	-0.10666353	0.28730939
3403	4.7615035	-0.17486174	0.33276933	3408.4489	20.38401	12.864349	0.011698325	-0.034844012
3404	3.1698221	0.39351802	2.1183268	1389.3726	12.09684	11.343489	-0.02655731	-0.11108437
3405	5.7051738	-1.1084971	1.5927553	6344.7682	75.170229	71.661872	0.46795837	0.10887752
3406	4.6642829	1.3629448	2.6144456	2003.9169	14.081929	13.725963	0.074176263	-0.040375907
3407	1.419134	-0.85152466	0.64289112	1125.2283	10.481162	1.4403852	0.031899621	0.010858622
3408	3.0301562	0.3993964	2.8488343	1972.4894	10.61827	3.8941366	0.044538713	-0.15461264
3409	4.073958	-0.43265966	0.86310892	2737.7875	52.622391	47.065247	0.19819614	-0.050610918
3410	2.2794525	-0.60290433	2.0324634	3114.685	37.873414	28.20696	0.054957613	-0.027988894
3411	5.346916	0.34060871	0.82154706	4052.7025	61.250303	45.077846	0.013248325	-0.07464083
3412	0.32374204	0.35591789	2.7703116	8325.454	74.106285	72.163801	0.31762963	0.0057002533
3413	2.6983295	-1.1164698	2.3878304	3767.7466	51.686578	44.421456	0.022558313	-0.055229197
3414	1.0164389	0.34860752	1.4350986	683.45874	9.8877096	8.2249374	0.16632571	-0.041320052
3415	4.4889384	-0.11290547	2.9756907	3691.3938	56.434218	45.62369	0.24164596	-0.19464497
3416	3.4525099	0.70856383	0.9971093	942.18882	12.022347	11.931366	0.1894932	0.13569288
3417	4.4980386	-0.58297895	0.52489205	1986.3255	34.378373	13.68172	0.014758772	0.034463038
3418	1.3411298	0.19092511	1.9445994	378.35151	10.602983	2.5189547	-0.033701909	0.017634496
3419	5.4440755	0.88736663	0.45356784	4602.0926	58.062128	48.978838	0.29083584	0.17637721
3420	1.6810049	-0.31085991	1.8395778	1415.8122	35.349628	11.374992	0.020450245	0.0048677226
3421	4.6415484	0.45635652	2.6637138	549.73062	1.9156168	1.2849571	0.097342899	0.0090418475
3422	3.1385063	0.65462499	0.84067553	1422.9793	84.292072	71.009485	0.20284119	-0.1115749
3423	0.35143097	-0.30079467	0.65558362	1023.929	1.86643	1.8243737	-0.021414864	0.041306738
3424	1.2214842	-0.10583765	0.66612157	1520.2165	11.216507	11.215457	-0.075215669	0.12420401
3425	4.9698066	0.025225398	2.3847161	4663.4401	48.636632	28.390308	0.038087222	-0.056412214
3426	5.3437527	0.60272824	2.4519283	2119.7356	10.384347	9.5044038	0.22827864	-0.071851426
3427	5.1909362	0.55333177	0.43619766	1323.0093	22.833649	13.435761	0.02546188	0.086832765
3428	4.1888137	1.1886477	0.30894933	6987.4351	92.376341	63.598457	0.067038966	0.0024704556
3429	2.9525745	0.051687833	0.93585997	847.99784	39.002008	1.7174975	0.075350836	0.0010237704
3430	2.8351908	0.027691797	2.5109079	5477.637	97.774499	60.991954	0.013185168	0.15335534
3431	4.8216061	-0.48510272	1.4096036	2319.6648	87.96328	37.037872	-0.0027128321	-0.27607935
3432	0.36235169	-0.20953004	0.25962688	2882.2121	15.358385	12.585186	-0.31083667	0.016769316
3433	2.3570219	-0.64945098	0.38599956	13712.235	89.634946	78.592369	0.016561206	0.01474726
3434	4.1725099	1.0341204	2.9532698	12101.269	100.00481	97.720901	-0.22589447	0.11120172
3435	4.2045822	0.23447145	0.98799366	3316.3841	27.70811	27.625306	0.22236742	0.25705367
3436	3.5750406	0.66018492	0.76646095	7645.7077	49.218261	47.571684	-0.018627415	0.061725146
3437	4.352725	-0.20932182	2.475205	465.81969	10.5705	9.792551	-0.11320389	0.0061448098
3438	0.095498525	-0.42714959	0.62407417	1602.0563	31.411856	11.88167	0.18507085	0.012714604
3439	2.0883911	-0.66510048	2.7003503	3629.8131	17.547505	16.581287	-0.050893269	0.0036925772
3440	4.1609319	0.71050291	2.5608919	4887.9672	66.395051	35.99881	0.25658459	-0.0075544735
3441	2.4724741	0.89307425	2.8656156	8464.477	67.716407	51.130564	-0.17575186	0.13390499
3442	1.2443698	0.10124449	1.1155995	450.74038	2.5416422	1.6661566	-0.1134625	0.007098358
3443	2.3432113	0.67106656	0.74227566	3723.3855	48.071892	40.984909	-0.03679521	0.15080147
3444	0.83245585	0.32870027	2.5219435	3357.3325	15.32596	13.356745	0.026020196	-0.053772294
3445	1.4064912	-0.70876056	1.1918454	452.61452	1.8924242	1.2983424	0.126198	0.17550041
3446	5.690734	0.58654597	2.2280707	6286.3248	76.098436	60.723564	0.014771845	-0.063189252
3447	1.6571743	0.71795555	1.2887802	1486.8925	36.904461	32.02867	0.016000425	-0.33308078
3448	5.6733491	0.54824203	0.92828996	481.83485	1.6391482	1.552901	-0.042414952	0.059520645
3449	4.4270728	0.15505466	0.8354689	5363.3192	38.226164	35.806023	-0.042274721	0.1576558
3450	1.2307725	0.062652442	2.5242199	5451.4066	46.516713	39.991453	0.050417491	0.017064526
3451	1.9076286	-0.0074163921	0.83628885	409.72358	3.283667	1.9082452	-0.0092488163	0.051889941
3452	0.61940387	-0.88768105	1.3006504	6781.7671	72.980036	71.798171	0.38971087	0.12968961
3453	2.1858186	-0.035852139	1.1768797	2454.0851	41.251019	26.873377	-0.027458414	-8.8824425e-05
3454	3.9830045	0.93337109	1.0709029	10292.142	176.93851	163.30395	0.017482807	0.045604037
3455	2.2615472	-0.077132141	0.48124925	4047.2549	49.896752	44.700512	-0.44112117	0.018917616
3456	2.6269729	0.72952797	2.6414537	8488.8285	61.612327	59.540416	-0.089417315	0.031783367
3457	4.0857436	-0.46997433	0.627703	15164.09	113.36225	92.743861	0.1126002	-0.092305286
3458	2.1716302	-0.34022488	3.0920399	1230.6753	11.144653	10.972846	-0.0044600832	0.057811163
3459	3.8320708	0.68401357	0.36579579	13658.152	95.39492	93.828399	0.24928992	-0.0014589552
3460	5.263594	1.1146029	2.7197207	4132.4245	28.412017	24.68266	0.079802711	0.082643136
3461	2.2165994	0.63516109	2.6577153	19535.948	115.39624	65.84626	0.01322994	-0.13185332
3462	0.45538472	1.3634436	2.4179599	5485.1021	70.044383	51.745077	0.14646417	-0.29356539
3463	1.3304512	0.41467573	0.54186043	5586.473	25.08641	15.034528	0.12828387	0.13640645
3464	5.4516978	-1.3275621	0.79256364	1027.948	11.669472	9.9514783	0.048593585	0.31627011
3465	3.3619788	-0.4968657	0.11631878	5046.0257	57.106114	18.413314	0.10251751	0.024355007
3466	3.8095691	-0.28367252	0.52304735	5287.7296	69.273922	67.37806	-0.043418416	0.066507285
3467	1.2394249	0.58389925	2.4009296	1498.8565	25.954193	12.699758	-0.17757131	0.3250578
3468	3.9961841	-0.83002474	1.6856568	528.67839	11.57283	10.19618	-0.0058815734	0.06660643
3469	4.3236694	-0.062290185	0.59880959	2514.0532	15.122072	14.398558	0.003501853	-0.32415186
3470	0.14988197	-0.91477584	0.51387064	4183.6392	17.423452	14.328023	0.10589516	0.019300019
3471	1.8114149	0.99457929	2.5010117	2867.4251	33.639408	30.701562	0.015104745	-0.22823583
3472	3.8925258	0.57274759	0.73167692	719.86179	1.8850813	1.4970882	-0.00037699654	0.28073282
3473	4.1647573	0.76636642	1.1648164	5327.1851	61.186968	57.531358	-0.0070293035	0.45691859
3474	1.316626	0.40326659	2.6246973	4308.8538	14.645597	14.33969	-0.20619271	0.13133795
3475	5.6581802	0.50721785	2.7512809	968.91703	1.6182765	1.4706806	0.030145679	0.15828431
3476	6.0361076	-0.10706625	0.77777043	1623.4723	13.201072	12.188141	-0.049293519	0.08431999
3477	1.370701	-0.74452511	2.2704369	6827.1426	69.609432	61.199622	0.46123445	0.10570181
3478	4.8263947	-0.21472496	1.9436013	2015.5705	51.189388	49.091183	0.10945921	-0.021358178
3479	5.1468147	-1.139756	0.76739559	1333.3331	12.60942	1.6783479	0.10722761	0.18719746
3480	4.8343546	-0.39437513	2.5321755	6756.0288	20.652262	17.716198	0.020880643	0.19400432
3481	0.16403785	-0.25889117	0.61223917	812.34314	10.617422	10.099659	0.016600661	0.22100553
3482	4.6512092	-0.93786515	1.3821671	550.9129	9.7871097	9.5490466	0.30056394	0.060312868
3483	0.27928042	-0.068510297	1.4678825	3016.2317	46.083055	45.645049	0.044259374	-0.11905069
3484	3.4387213	0.31639326	1.3976368	6065.9226	60.936216	60.219323	-0.064027244	0.13980707
3485	0.55047684	-1.2529544	2.7121242	929.22629	17.970108	8.8640014	0.20683656	0.057193861
3486	2.6824689	-0.12711436	0.75281352	4797.2292	25.068201	24.998407	-0.074537694	0.04476197
3487	0.59751082	0.62714478	0.95260865	9120.5452	68.519077	59.928836	-0.061256779	-0.12841493
3488	3.3468179	-0.084316326	2.5417959	3577.9157	57.944888	32.801395	-0.11960762	0.0019717976
3489	4.4190527	0.75458947	1.2513629	2177.9432	46.944367	35.211242	-0.12028441	0.063682008
3490	0.61972608	0.99192976	2.0617904	2010.3722	39.593905	31.253747	0.0031959042	0.0081125005
3491	2.9403158	-0.8117018	0.030009461	2292.5917	57.185011	48.457411	-0.037642243	0.23407782
3492	2.3600956	-0.10212196	2.3242887	391.83148	2.793412	1.3916113	-0.06588695	0.21111898
3493	4.2033787	-0.50674139	2.0783421	2205.9371	11.97309	9.1220334	0.10972755	0.0031714411
3494	0.1670388	-0.18027806	0.42605951	935.21123	42.142054	41.812602	0.057382239	0.013440834
3495	0.37552506	0.54203613	2.4063805	7344.7813	50.809137	20.159721	0.026036219	-0.22642696
3496	4.4972343	-1.0322817	0.85636602	5801.7088	60.90005	51.983307	0.21306824	-0.018203009
3497	1.1237531	-0.301374	0.022640352	4025.0688	13.697064	12.975452	0.1728786	0.21317857
3498	0.74217184	0.32661909	2.1932527	735.5217	2.4256093	1.4849071	0.011782407	0.19597242
3499	1.757478	0.97085557	1.5758709	5117.3025	63.428149	63.214545	0.40591264	0.0037739772
3500	5.9838213	0.099468564	2.2366795	13337.941	139.33269	96.938273	0.12313946	0.13840333
3501	3.7811419	0.45776072	1.82312	1979.1478	84.717443	35.671178	-0.0027128321	-0.27607935
3502	3.5940285	0.79539683	1.6814787	287.75098	2.4598978	1.6896538	0.14260013	-0.00053246916
3503	4.5822373	-0.83613132	1.0775197	2110.2553	12.159736	8.914924	0.061573841	0.0008298619
3504	3.3067192	-0.74279307	2.7847321	547.84746	1.3889074	1.2970726	0.084668944	-0.061563766
3505	3.6674516	-0.70840931	2.9903969	8359.8846	123.78174	106.02338	-0.065774875	-0.018108059
3506	0.91565244	0.56112478	2.7063822	2159.3944	13.252443	12.589056	0.16474789	-0.33901642
3507	4.1557386	-0.86617623	2.2876541	1369.7515	18.707293	11.486479	-0.053906926	0.013678528
3508	1.7796605	0.14372078	0.45740542	3522.813	26.8269	16.094774	0.05470562	0.13271603
3509	4.2953951	-1.3334299	0.67857204	711.06674	11.236941	3.071947	0.070013891	0.21346227
3510	3.2141361	-0.19905869	2.6024729	6673.7164	113.9603	60.022042	-0.032106934	-0.066877155
3511	6.112376	1.3769221	2.2501767	4027.7993	66.462881	54.754681	-0.008366	0.13339885
3512	0.89434172	0.32708267	2.4474755	5706.726	34.008952	23.623562	-0.03609286	-0.026768418
3513	5.9945279	0.41501643	1.3134353	11297.822	107.77921	102.14909	-0.14690255	0.010717893
3514	5.7848771	0.32373763	2.585375	630.44479	9.9409983	2.6156354	-0.1388002	0.037712506
3515	4.2110006	-0.88696544	2.701662	5468.4341	28.744249	27.002819	-0.1482591	0.23729619
3516	2.2872583	-0.53785304	0.74376693	1074.7311	13.924182	10.763603	0.3820248	0.20725164
3517	1.6617054	-0.21834124	2.2508657	2806.7409	15.45153	13.229294	0.019206845	-0.15836557
3518	1.7863301	0.3299858	2.4241541	1783.654	12.210796	9.9693667	-0.0040668849	0.20845496
3519	4.5531764	-0.87800543	2.4566816	2902.3838	13.883081	11.819198	0.03163115	-0.072162048
3520	2.4949744	-0.12370405	0.77294546	1618.3466	38.68475	10.707858	0.12410537	0.23615228
3521	3.6373616	0.2993278	2.8295041	6119.4006	54.707092	50.312843	-0.10910409	-0.0032542554
3522	2.975694	-0.25308818	0.69205935	946.83805	11.823598	1.9291448	-0.044667878	0.03418922
3523	3.9733508	0.7470468	2.8375454	485.29145	1.5466263	1.3704248	0.19580309	-0.12260325
3524	0.44624161	-0.74577464	2.636318	5571.0822	21.146957	16.710842	-0.054073342	0.052780449
3525	6.0102096	0.52157612	2.3647622	3465.5043	15.101324	15.008085	0.013712426	0.41067677
3526	4.0889459	0.062258103	1.0692121	1581.3926	30.140366	25.622284	0.19636527	-0.0059898193
3527	2.8472935	-0.7922379	0.54591223	2540.0376	95.58638	62.259421	0.10580812	-0.04515653
3528	4.1413497	-0.25296475	0.17961236	1206.2954	1.6780358	1.465719	0.11952454	0.001395943
3529	5.4115525	1.4095443	0.3555383	16714.227	103.03327	96.887377	0.28221116	-0.21812892
3530	3.066247	0.81502026	2.6586064	980.58797	2.1261214	1.8916206	-0.13639164	0.12501522
3531	0.28299007	-0.91650467	2.0835598	1527.7952	45.866956	26.962636	-0.10578627	-0.14664698
3532	1.7973982	1.4008841	0.7574623	4484.5757	70.994505	42.528242	0.063081911	-0.10106694
3533	0.077548815	-0.45927487	0.076843292	449.3548	1.6234293	1.4440558	-0.15221858	0.017268888
3534	2.3561005	-0.29403818	2.5933597	2143.4152	14.949733	13.125061	0.0039079477	0.0038678434
3535	4.7848584	0.28860312	0.96122603	2201.2387	19.067047	18.997509	-0.10968074	0.52975033
3536	1.4503778	0.610582	0.83198682	2785.8568	24.588934	16.337379	0.0065967161	0.42244473
3537	6.0894067	-0.57253996	2.0929443	325.60227	33.85939	26.092894	0.16744259	0.22876358
3538	5.5835629	0.57195858	0.95702347	3093.4222	17.199529	11.015085	-0.027877857	0.073214373
3539	1.3837906	-0.81107298	0.55725633	809.33053	11.506544	7.5810564	-0.037796069	0.071292282
3540	5.0118625	-0.83744755	0.80220968	7230.7022	34.057176	33.591499	0.3692297	0.197475
3541	0.70408297	0.28714385	2.9062115	3564.402	52.634516	48.678304	0.022788678	0.12679442
3542	3.4377225	-1.0890106	0.54900796	2322.5312	12.666245	11.592302	0.23381182	-0.4909329
3543	6.2711918	-0.39189243	2.2603681	2137.4643	13.642002	11.585991	0.0051511686	0.091629746
3544	5.618555	0.61664613	0.54588764	403.13797	1.5461318	1.3858954	-0.037285744	0.019109395
3545	5.7945745	0.72718247	0.53876548	15182.296	106.73869	62.425674	0.13501048	0.017283308
3546	1.9804101	1.0652082	1.8262741	693.33953	10.849748	10.374551	0.31168079	-0.1539093
3547	2.2242494	-0.74318186	2.9498412	4400.7617	13.261216	12.988084	0.4565445	-0.52269735
3548	3.4804794	-0.87452998	2.6211591	3264.2238	26.97266	13.352154	0.090151375	-0.025627895
3549	5.2875358	0.091639686	2.6791434	849.75786	10.259923	10.222333	-0.12153027	0.045498372
3550	6.0836128	-0.28766308	0.39019758	4589.9386	37.411324	7.5491612	0.45392609	0.068603368
3551	5.0430019	-0.92853496	2.4960437	1506.2361	27.755148	1.8765818	0.13995721	0.025736951
3552	5.2443203	1.0905255	2.8561994	2858.1418	14.576001	10.772159	0.059576985	-0.010897768
3553	5.9953196	1.1477781	1.8667036	453.35014	41.83953	36.592536	0.3427461	0.15239877
3554	0.20547019	-0.73650157	0.56935592	5105.3544	17.227034	16.57142	-0.014696343	-0.053677793
3555	5.5002318	0.14436005	0.24371651	1776.1486	11.229119	3.0617035	0.21470492	-0.16156888
3556	5.4310448	0.49778476	0.28090073	3828.7224	56.890804	51.202537	0.00051350937	0.11712039
3557	3.1432971	0.73983956	0.94146388	6796.614	73.031437	68.87929	0.047470404	0.098772295
3558	4.165913	-1.4601092	1.8368776	4668.7456	64.361828	50.84867	-0.0057080573	0.19445988
3559	4.7658221	0.90961017	0.86144146	267.65564	24.86175	9.4907854	-0.00010986473	-0.062073768
3560	2.5221868	1.0558466	0.94665279	1264.9803	14.627485	11.967026	0.26631575	0.033690067
3561	3.2630706	0.53286011	2.0315102	180.40473	1.590745	1.4543244	0.047598247	0.049169031
3562	5.5447179	-0.2406874	0.83019161	4583.057	47.884303	43.968479	0.099328166	0.31298947
3563	5.8936209	0.27254979	2.3343793	4116.9645	17.242981	16.180929	-0.034520013	0.028777897
3564	4.417673	-0.72792978	2.8106445	7255.4024	21.792017	17.770872	0.055595035	0.29739615
3565	0.78503863	-0.089348515	0.65022327	1850.2776	15.941594	9.6861182	-0.23679912	-0.1353891
3566	5.3569463	-1.2817719	1.0484587	1672.1248	65.043977	43.180637	0.088273268	-0.016918601
3567	4.2202525	-0.8280502	1.2709412	2841.036	49.360727	38.528352	0.012640525	0.029887427
3568	1.4518982	0.71454263	2.3525424	1515.148	10.443962	8.3434218	0.26104813	0.012944397
3569	2.1392383	0.84871474	0.46180597	3941.3027	51.021524	43.869775	-0.0476783	0.13850182
3570	1.8755226	0.020803106	2.5344034	8638.4911	70.661995	61.082609	0.071018031	0.030239122
3571	4.5574553	0.27322547	0.68223138	1679.7141	47.395548	12.067766	0.010996505	0.019693971
3572	0.3197097	-1.0326576	2.9084691	1677.1135	12.738515	11.412233	0.038674766	-0.032603064
3573	4.628964	-0.32538728	0.59439424	3300.998	52.194544	46.610902	0.14203387	-0.019552361
3574	5.6785473	-1.322571	0.82937404	1837.8169	30.33092	22.883305	-0.0067306608	0.051918405
3575	3.7592734	-1.2083861	2.4122334	1477.597	10.490322	9.1014138	0.02768008	0.038926237
3576	4.195732	1.376305	0.28819974	2360.9052	5.3503787	3.9706626	0.30622234	-0.030860783
3577	5.4949914	-1.3545255	2.4379886	4209.7794	65.798709	49.384391	0.0038778103	-0.027447546
3578	0.1646144	0.93297551	2.0710647	2645.9909	31.629548	14.481569	0.00024148098	0.044371586
3579	3.4630535	-1.0010816	2.3519633	6217.1732	131.90281	54.176541	0.18738136	0.099921972
3580	2.8233281	1.2268171	2.1196208	3176.6852	16.195624	14.182712	0.022030214	-0.010342658
3581	6.1005144	-0.84514363	0.48313919	1758.8222	11.576817	10.353262	0.046863239	-0.0081491526
3582	5.9939757	-0.25219546	0.88303247	305.73541	1.8835389	1.7335513	-0.0045573781	0.054559019
3583	5.8315751	-0.85885323	2.4779801	1990.1683	14.098989	12.068424	0.070194189	1.1332638e-05
3584	3.252497	-0.044675446	0.25375978	9747.6259	55.63336	50.879361	0.29522777	-0.11315897
3585	1.7565512	-1.2359889	0.21932583	3943.2475	64.205949	16.340513	0.093695813	0.29519255
3586	0.71523952	0.20186047	0.36665032	904.83691	23.319545	1.8894467	-0.091561427	0.078325771
3587	0.20874364	-0.32996247	0.26616995	5365.8607	16.892001	15.461068	0.11872071	0.0044113846
3588	2.5370047	-0.19843913	0.39629633	4439.1289	48.463442	39.632757	-0.0020889821	0.14397303
3589	1.3637744	-0.39944072	0.29070263	463.16593	2.2110313	1.8020067	-0.040478931	0.01403302
3590	0.60785992	-0.71437837	2.8171748	6615.797	62.205323	54.767104	0.19777245	0.10874914
3591	5.098917	-0.80014794	1.2870638	1255.6865	39.391766	3.0325838	0.23292255	-0.27290927
3592	0.0074357655	-1.4447934	1.8431073	1025.2644	25.706028	9.5756758	-0.2710837	0.33735823
3593	3.1259537	-0.72964632	2.4426045	356.58284	8.763652	1.3641572	-0.0092313895	0.096339507
3594	2.3879956	0.61326999	0.89160004	1038.0491	4.3993002	3.833733	0.011890551	-0.056893305
3595	6.2045219	0.38499223	1.2580985	5211.9216	70.262793	65.06094	0.095743868	-0.037143841
3596	2.4435086	0.56302952	1.1362373	394.89273	10.044509	9.7857322	0.081845583	-0.14720657
3597	3.9248401	0.86229004	2.0793082	1316.8409	11.14486	10.260474	0.030969105	-0.02515467
3598	4.3369819	-0.94960754	0.13049664	9434.8156	29.999161	21.580539	0.1339217	-0.088681843
3599	2.0212484	-0.061188043	0.76836852	1761.1165	33.621025	12.177458	0.041675326	-0.21201265
3600	3.6723522	0.36063983	2.5097935	1864.044	11.384391	10.688026	-0.070287438	0.12571792
3601	4.0412368	-1.1126112	2.8002949	1357.2421	11.001152	10.591306	0.086989912	-0.012509843
3602	3.6245977	0.90728988	2.4835798	1110.6075	10.199771	9.8419292	0.014650949	0.023882624
3603	4.5754328	-0.0031597928	1.8469245	535.90137	21.214035	1.3276712	0.060446961	-0.14267508
3604	3.9151774	0.75474102	1.9451485	4653.0872	60.102047	44.300932	0.13568842	0.028342384
3605	0.77096243	-0.90602323	2.3844194	4179.0458	52.745895	51.512656	0.0056768812	-0.028366956
3606	2.4113929	0.97971407	0.13469715	2815.7158	13.743154	12.700297	-0.041168394	0.27042117
3607	4.0489254	1.2914076	2.3818643	2007.4856	44.200609	18.45568	0.073940008	-0.021845923
3608	1.8325832	1.1408107	1.5128762	404.30016	9.8429676	1.8987619	0.31610871	0.0083233954
3609	2.7454714	-0.37653637	2.8606326	4306.3531	15.375183	14.471257	0.0056603171	0.019399169
3610	5.6668552	-0.090546085	2.4039732	955.90822	11.002321	9.9749137	0.10695989	0.062804422
3611	4.5425496	-0.59238146	2.5236165	3147.3194	54.132974	45.707874	-0.50054997	0.011267653
3612	1.4337296	1.3857169	2.8307305	5105.3444	33.300825	23.396492	0.11230854	0.027155693
3613	1.8597445	0.70429418	0.47316281	456.71824	1.4235786	1.3796225	0.0023223653	0.038569348
3614	3.638519	0.55777901	0.33864158	1890.5904	15.175432	12.366118	0.107322	-0.013666667
3615	3.0121827	-1.378215	0.91107775	2136.3483	12.756899	11.83887	-0.074108499	-0.2656264
3616	3.0128995	-0.97839648	0.50587703	944.03704	2.2666516	1.5618869	0.22421449	0.24573421
3617	0.11167902	0.64656025	0.93543435	1164.5518	11.174697	3.3795141	0.26032104	0.082734199
3618	3.2318498	-0.61963497	2.2736231	3274.4425	15.500769	12.550716	0.19704814	0.13904201
3619	6.1865339	-0.13236599	2.4679693	4013.4796	19.302041	18.247882	-0.042491016	-0.02836469
3620	5.9528087	0.29497699	0.53248937	6274.9867	61.852657	48.415824	0.024898648	0.20322228
3621	5.7780318	-0.41580468	2.8531308	3196.0716	15.672395	12.036986	0.59727115	0.37792477
3622	1.2255392	-0.46317626	0.66481241	1598.0372	11.515261	10.91491	0.087675571	0.33952822
3623	0.80982434	0.12011835	0.49566862	459.83316	10.325225	9.2468084	0.092963081	0.012242188
3624	6.0993134	-0.67771531	0.41012753	1894.7552	13.318424	2.0031052	-0.11851947	-0.11683897
3625	3.9061883	1.1798609	1.8576986	3638.1071	50.416163	45.16145	-0.21817099	-0.15630308
3626	2.4960165	0.79136232	2.0896927	1048.6201	13.376546	11.681411	-0.0082975135	-0.16864466
3627	5.251067	-1.3814743	1.2641941	3018.831	61.835337	53.820714	0.31475231	0.34865622
3628	0.12828413	-0.27984956	2.5249835	4285.7987	13.557137	10.690037	-0.2125008	-0.02227817
3629	1.2871998	-0.056990934	0.92131486	619.50745	10.653064	9.9685544	0.12054663	-0.0042329592
3630	3.4855981	0.62557694	2.038511	1076.0522	11.949827	11.768854	0.13416552	-0.058908404
3631	4.1564511	0.99927558	1.8858454	1821.2361	47.270531	32.149285	-0.0088163878	0.10454947
3632	4.8889433	-0.19346817	0.84651196	2619.0344	14.453353	12.581457	0.0028829106	0.18445003
3633	2.9435171	-0.44717413	2.781547	1280.9171	53.647818	28.596752	-0.0071920008	1.5255009e-05
3634	4.4871582	-0.87112911	0.5709266	538.51103	33.963739	11.240214	0.13792443	-0.017364977
3635	2.0165385	0.11476864	2.576865	6014.5498	75.546236	41.782353	0.02861834	0.21128711
3636	1.722505	0.64820504	1.9078241	2684.4642	41.460023	29.240059	-0.081841767	0.13103138
3637	4.1621538	0.59041995	0.56475627	356.93241	1.800822	1.4862441	0.26282939	0.19686476
3638	1.7652417	-0.11925018	1.9996572	4457.4926	36.411258	29.08387	0.27579259	0.25399063
3639	5.5059258	-0.22903363	0.762007	1870.1915	33.367739	13.334736	0.011989981	-0.11363764
3640	3.6359297	-0.7695293	0.68174112	1088.8777	18.554719	13.517323	0.26559537	0.38540092
3641	3.3542268	0.089158554	0.57008078	8028.8795	99.056333	85.546666	0.39543573	0.22787003
3642	1.5379387	0.97906952	0.48353659	11083.875	89.554002	22.739584	0.24906908	0.0060455569
3643	3.0277366	-0.063183261	2.9658156	4503.2658	47.311781	42.803987	-0.013952456	0.010776143
3644	6.111403	0.8771417	0.58393834	326.47558	1.746332	1.7141931	-0.012936152	0.1299646
3645	2.7299219	-0.12009367	2.1540056	2326.7663	44.816467	42.348463	0.077861794	0.0013389904
3646	3.0286106	-0.70118708	1.6587963	3437.0669	59.108547	37.961416	-0.21815466	0.14565066
3647	2.6242964	-1.2196953	1.6853734	3427.9561	44.449517	43.900458	0.27476602	0.29807709
3648	5.3460293	-0.43041394	2.5466928	9036.2927	89.209029	85.540849	0.10196578	0.02836751
3649	5.9489255	-0.39108458	0.77584894	1776.1967	11.639043	8.9788925	-0.21784345	-0.13041349
3650	1.2095586	0.87510043	2.3347803	1309.4664	20.507553	10.813755	0.0053599973	0.60316104
3651	2.0160364	-0.46232934	0.83540133	4499.3753	62.415749	35.332257	-0.11960762	0.0019717976
3652	4.9764232	0.4219977	2.6757629	767.55562	10.117149	8.780647	-0.0010096561	0.41077154
3653	0.1798977	0.3489212	0.85288862	6180.7556	107.51682	60.413738	0.0084106143	0.017921535
3654	1.0679859	-0.95319689	2.6548691	831.38103	8.5944316	2.2561832	0.0089046103	0.25205552
3655	4.6340165	0.20400417	2.3230796	721.1712	2.255861	1.704753	-0.1721718	0.026922718
3656	1.5063995	0.50440793	1.1932189	4041.1567	51.815446	50.965508	0.0015829734	-0.066178898
3657	3.4783887	0.64468337	0.89662066	2037.5322	13.631861	13.576785	0.14961349	0.1293457
3658	0.15782765	0.76694127	2.0373091	1106.8441	11.774028	9.286755	0.17819961	0.16118908
3659	4.2758334	1.0553298	2.4002933	2649.2973	45.505619	33.371637	-0.018999808	-0.046702611
3660	3.9349974	-1.0120891	2.5092153	829.50272	15.278174	1.8209645	-0.032626741	-0.064677022
3661	3.3433079	-0.40868786	2.9075634	2029.4247	55.114749	9.7626669	0.35351364	0.14942026
3662	3.0038373	-0.25981797	2.2298961	5258.5435	67.420677	42.01949	0.042035627	0.081843879
3663	0.10767097	0.34811269	0.26814585	10448.726	81.530409	60.953706	0.08319842	0.21840273
3664	2.6940123	-0.29516627	2.1491927	1716.9739	31.822965	13.036335	-0.060850155	0.064743353
3665	1.9392886	-1.3637591	0.88276113	4878.9604	67.902519	65.001392	0.0074652448	-0.17236826
3666	2.734299	0.77368795	2.1699061	9585.0317	79.944005	73.737556	-0.090527759	0.022454893
3667	5.4868468	-0.42776283	2.9022198	589.65764	2.8175091	1.4846687	-0.19637641	0.28775691
3668	6.1161199	0.25967526	0.4539339	595.5958	12.674712	11.287377	0.10068758	0.20284971
3669	3.1009511	-1.0767296	1.1395132	1567.1157	9.981142	8.4069695	0.2849852	0.13019662
3670	3.1462578	-0.6631685	2.61374	3209.8271	37.46818	32.853614	-0.35632575	0.32400742
3671	3.5318476	1.0271291	2.26081	2499.963	48.050597	11.83925	0.077282965	0.093124651
3672	5.5325268	0.22112619	0.20566526	3182.8461	52.75207	24.246199	0.1623627	0.34778163
3673	3.2719223	-0.41298837	0.45914908	826.81265	10.052533	1.5685819	0.32023373	0.0061205123
3674	4.1248998	0.049853353	0.7900163	2444.9237	12.724729	11.91393	0.18912738	-0.054720233
3675	6.2684386	1.2407986	0.75265868	1810.3255	11.132981	10.953219	0.1642927	-0.026095277
3676	0.85360697	0.097867226	1.9090601	3347.0553	139.42255	86.871783	0.089538285	0.17863474
3677	0.53924521	0.46793406	0.23827607	6839.7474	66.257984	57.148045	-0.01710452	0.019885005
3678	4.8315971	0.37076052	0.48345173	116.66261	6.0331146	1.5075668	0.19054178	0.038517821
3679	6.276506	1.1573003	0.12684605	3191.1472	15.065094	12.570351	-0.10067699	0.041546364
3680	2.1632579	-0.35939239	0.79532334	6040.0511	92.862403	69.756994	0.069174031	0.12090349
3681	0.5517389	-0.31945383	2.3674391	516.29898	1.7713691	1.2993894	-0.19974433	-0.0030997711
3682	2.602259	-0.027067084	0.25168223	798.54964	2.5902581	1.9810095	0.079211028	0.23287493
3683	1.5939354	-0.45274796	0.94666245	9208.3821	163.91704	158.04926	-0.026391266	0.035047019
3684	6.0054722	-1.1187989	1.6741015	10989.4	119.17434	91.093022	0.057111765	0.6652906
3685	1.2176255	0.47774108	2.4158976	627.60049	9.7276589	8.555031	0.13584545	0.021587141
3686	6.2046733	0.082684426	2.3204369	3280.5915	65.628125	40.156668	0.15182354	-0.14368881
3687	6.0879232	-0.36286909	1.1164283	2026.2176	35.23303	32.418434	0.090090992	0.013100497
3688	1.6093593	-0.44245072	1.3480696	543.05452	12.944213	9.2463961	0.2683117	-0.082220937
3689	1.4893544	-1.1021522	2.9252829	4171.7026	62.790375	44.693746	0.16204427	0.1163153
3690	0.62829978	-0.42116604	1.2381921	8107.6567	67.12548	52.219203	0.29798597	0.12174782
3691	1.9633394	-1.0301213	0.39838135	2422.32	34.576066	29.616234	0.0089298092	0.11805386
3692	3.7335718	-0.39911246	2.5588724	4715.052	17.610142	14.107025	0.016640562	0.065526217
3693	0.26480618	0.74882639	0.50257012	1743.1969	27.809674	16.855693	0.0082559121	-0.22847518
3694	2.2048198	-0.65960295	2.3970731	9730.3276	67.8105	49.661198	0.15234761	0.045290554
3695	2.6507004	0.30305059	1.1933895	539.68629	10.010433	9.3685027	0.00039534854	-0.026373974
3696	1.8791273	0.67411855	2.3066148	5937.9223	63.268966	34.691723	-0.65167214	0.15334757
3697	4.326387	-0.28621393	2.47073	3309.2653	116.24258	60.482536	0.077177031	0.050287941
3698	5.2129948	-0.031394651	2.0461053	1053.3579	15.484281	10.721169	0.19047021	-0.015070234
3699	0.49048824	-0.074033892	1.5509532	2543.0465	37.491264	33.054789	0.086233433	0.023053012
3700	4.9774431	0.77694829	0.65885175	8412.4747	70.116853	61.648616	0.19366753	0.073177355
3701	2.7450231	1.0313352	0.90941589	4118.2533	55.439797	13.298284	0.030029783	0.10439102
3702	5.379071	0.20460205	1.2245833	1327.243	41.017969	22.640793	0.035147298	0.058683889
3703	3.8085556	0.52344601	0.78067081	818.93736	12.213869	11.807736	0.23650085	-0.013763331
3704	5.7280731	1.3257479	1.042242	1099.6765	10.643468	8.1602346	-0.022238981	0.22993719
3705	4.0644843	-0.42109496	0.30750556	1466.8024	11.335041	11.041336	-0.12789568	-0.041701538
3706	5.2975343	0.46288873	0.59797198	7354.7187	67.426099	63.34537	0.024278072	-0.15421055
3707	2.7834784	-0.069828012	0.90647538	10936.871	81.828218	81.792724	0.48966154	-0.25470015
3708	4.953772	-0.74149643	2.9158863	8096.7303	86.706881	78.446833	0.27658962	0.067908706
3709	3.8520992	0.84057859	1.9804113	2087.9934	14.059608	12.342942	-0.15254318	0.13693641
3710	4.2812162	0.004751748	2.1996745	5510.3848	56.285078	52.820966	0.4068882	-0.021529008
3711	5.4045672	0.78104141	2.1344898	426.39002	2.9332652	1.4632881	-0.00020245726	0.088979362
3712	5.1812815	-0.07169631	1.921423	2568.8798	21.613885	14.437938	0.080781394	0.13708099
3713	4.8730996	1.5254018	2.3967695	2576.4068	26.416207	10.078441	0.0015532237	0.012203003
3714	0.30096786	-0.40205972	2.3960423	1688.18	20.158359	13.593045	-0.001176261	0.04928067
3715	3.2785937	0.44270834	1.3176663	5820.6562	72.406378	67.326567	0.15933904	-0.098968047
3716	0.53015851	0.20821811	0.83971269	199.88575	1.9074854	1.4908856	-0.11294718	-0.013547178
3717	4.6911298	0.80984639	2.5632211	690.46231	1.6859495	1.3622413	-0.27951465	-0.063142661
3718	5.3448289	0.58867258	2.171905	1781.7674	11.109522	7.8953505	0.02763335	0.049773637
3719	0.25298953	0.50849815	3.0000411	2251.4459	12.993133	12.733126	-0.0081329532	0.16081284
3720	3.7088502	0.67210428	0.31699039	1666.1063	11.938397	5.9021905	0.38150917	0.19091242
3721	0.6359507	-0.72155773	2.2079896	1782.7557	18.872617	18.109524	0.20350904	-0.02586764
3722	0.82965143	0.93190282	0.74122476	3117.5528	29.185514	14.229782	0.40265678	0.13990333
3723	0.16311973	0.79033107	0.68675788	3040.553	54.201637	15.595349	0.039909087	0.4462854
3724	4.8983821	1.1915101	1.5887834	3134.1713	39.294982	30.267158	0.024018828	0.0053043208
3725	0.36642254	0.67292716	1.9466002	688.18088	12.37635	3.7435183	0.11733191	-0.057472246
3726	1.8451718	0.51687502	2.2968051	2916.3116	13.122165	11.329177	-0.16820844	0.32136315
3727	1.0162901	-1.2102599	2.4739863	5561.8717	59.937651	51.161818	0.21306824	-0.018203009
3728	5.1070303	0.67885771	0.72043835	10521.954	76.084185	67.185346	-0.087573661	-0.03851257
3729	4.1965158	0.1273318	2.0270114	1919.2125	46.454012	41.415727	0.004321507	0.25028459
3730	5.0498295	-0.46372359	0.96029421	1488.6836	12.158411	10.711047	0.19874393	0.037819348
3731	3.6493158	-0.79926976	2.0053097	2864.0993	25.35906	13.619491	0.23570067	0.27897822
3732	1.0937909	-0.50579018	2.1287271	2001.3158	14.945685	13.894979	0.44177519	-0.39277718
3733	2.4715656	-0.021269593	0.78624558	2027.1908	29.377752	16.472228	0.09073872	-0.06866013
3734	1.7421813	0.98088931	2.2845165	4764.3422	75.001282	72.606547	-0.15543757	-0.24229818
3735	3.8232906	0.44561906	2.7945513	2563.6657	29.317818	11.00005	0.056336961	-0.044057917
3736	3.6483261	0.95491279	2.3812323	893.94362	9.7679575	2.1761875	0.045844027	0.042875106
3737	2.1611544	-0.075599331	0.58435411	8386.0972	90.298214	85.75643	0.064016308	0.24935517
3738	5.7377178	0.5329339	0.43026534	2936.0009	16.300543	13.729462	-0.1336844	0.14360493
3739	6.1077823	-0.72705829	1.817069	288.56806	2.3351298	1.5200982	0.027484008	-0.13119322
3740	3.1784812	0.41780562	0.93689284	1461.5463	44.195397	40.681618	0.074132254	-0.31391322
3741	5.2541707	0.96497178	0.57106362	2806.1393	36.429361	33.671094	-0.071245956	0.046181478
3742	2.2692954	-0.70023374	0.84947873	943.27756	11.805175	3.071077	0.0034412457	0.086618629
3743	4.2441812	-0.84228158	2.7374094	5751.8255	36.60714	33.711	0.040559353	-0.6861288
3744	4.6507882	-0.11465455	0.62810946	1532.8266	11.565506	6.0011209	-0.074335645	0.17853342
3745	3.4732477	1.2902223	1.8070199	277.72425	10.492706	8.4319837	0.12459864	0.45974977
3746	1.352825	-0.12292101	0.20078386	918.02985	4.2844057	1.7754906	0.025146958	0.24632539
3747	1.8668004	-0.057135649	1.2010457	1600.9557	104.44005	97.314592	0.11130984	-0.052072319
3748	3.8064512	-0.83601798	0.7592044	2133.9851	13.034879	8.3361064	-0.52750499	0.65220388
3749	5.9617404	-0.65621181	0.19112165	3048.7928	15.912081	12.548972	0.11490405	0.076082448
3750	5.5692634	1.0879338	2.6855163	2412.959	12.637442	9.5089674	-0.01898204	-0.089367357
3751	2.0248144	-0.074526657	0.29510512	808.05703	2.1380404	1.6454382	-0.032527881	0.0090468192
3752	3.1332593	-0.22161039	2.2465369	3331.4217	42.63306	39.856578	0.12754192	-0.0048283684
3753	1.500303	0.038975569	2.3526515	6796.2634	66.565201	63.995321	0.097831054	-0.4856495
3754	2.9381198	0.11069597	0.57740544	2573.9682	86.942261	36.097622	0.13721039	0.09258748
3755	6.016183	-1.0902382	0.22902942	5787.7413	58.233425	51.729857	0.030975464	0.0087669044
3756	0.36181391	0.27686223	2.4037625	1114.3506	11.139147	10.838948	0.021750255	-0.018657065
3757	4.7230291	0.82785624	1.5318395	337.05044	12.12878	10.832957	0.66721299	0.0049467198
3758	1.9289037	-0.51527831	0.75445212	1296.9522	10.678247	9.737181	0.066459967	0.057978879
3759	5.0151678	-0.22987059	1.5671011	319.92406	10.003306	2.0924291	0.085196598	-0.040655951
3760	4.9047572	1.2244642	0.36481128	1054.3237	11.355847	3.6920753	0.032006507	0.11304109
3761	0.32796647	-0.71823035	2.4786755	3232.096	25.455199	14.033626	0.025741496	-0.021049121
3762	1.9276666	-0.16194275	1.1638997	3726.0023	104.19979	49.868298	-0.023173408	0.23326859
3763	2.7444983	0.58983229	1.530085	3294.3	80.579667	56.959568	0.033176234	0.019597882
3764	5.4925069	-0.59631812	2.3850136	2816.8113	53.16242	48.829526	0.36033432	0.16961478
3765	0.84317552	-0.19733388	0.65997081	6185.0755	61.703496	59.608325	0.055802009	0.053007824
3766	3.8335491	0.47781848	0.91233435	530.73398	9.2336493	8.702614	0.12990385	0.2318433
3767	3.524876	-0.36688773	1.8496071	1100.739	40.390509	11.174438	0.0653206	0.01783162
3768	0.36909223	0.36784577	2.5035834	5221.1299	26.958802	17.274826	0.16595857	0.015752422
3769	4.3349129	-1.1650741	2.0301271	5710.6139	57.57662	46.998768	0.17886828	0.10389743
3770	5.0446111	-0.72059222	1.465264	1812.7521	39.971735	27.066367	0.026454642	-0.13619584
3771	3.4463539	0.34749947	0.76731574	9710.7223	62.243508	30.16844	0.17327636	0.15450669
3772	2.2597025	-0.44226242	1.9317498	146.70084	1.4901534	1.3946909	0.032847194	0.021771732
3773	3.2453441	0.77523211	0.76010111	2444.898	13.704061	13.703889	0.034637259	-0.11621903
3774	3.5344933	1.285941	1.2644796	2899.0897	44.862378	43.469339	-0.091457288	0.0040129241
3775	5.0491254	0.53162311	0.51171677	1762.0617	12.489083	11.05235	0.043367191	-0.054972257
3776	1.4371601	0.60961914	0.86842375	4902.8407	88.291289	60.546176	-0.054864896	-0.46613633
3777	2.7742716	0.73657976	2.9470969	1207.6815	2.1374719	1.5929101	-0.011458182	-0.19919463
3778	4.9566209	-0.031296897	2.5299302	2724.9948	30.125014	17.01125	0.0016725476	0.015279742
3779	4.745882	-0.41807144	0.40172923	4970.2724	19.656837	15.315557	-0.042563376	0.29381352
3780	3.5214037	-1.1923494	0.31204451	14031.264	96.905751	53.604983	0.2030201	0.0067243771
3781	3.7274915	0.24440162	0.4518769	3605.9169	39.802858	30.440729	0.19290231	-0.10744576
3782	0.11872806	0.67742329	1.0169301	934.82461	8.4142329	6.6780752	-0.00051565747	0.14099823
3783	3.7851281	-0.98436024	0.41366292	1299.9513	25.908292	14.59157	0.10568347	0.15535104
3784	5.259609	0.84438703	0.52681903	409.40103	1.8462226	1.3652334	-0.10185878	0.0497559
3785	1.9497666	1.0254092	2.1074626	1803.083	26.903827	26.274218	0.15871379	-0.1307369
3786	1.9528207	-0.19139042	0.56358141	793.48736	2.1407274	1.7303949	0.048083205	0.060893692
3787	4.379512	-0.44035277	2.0121723	4008.1375	33.924739	13.42393	0.062815258	0.32929258
3788	6.2609659	-1.169761	2.2013461	3767.5245	43.527549	40.108793	-0.20243178	0.017856984
3789	2.513297	-0.64721512	1.5063842	2414.1236	40.728096	35.404017	0.28249843	0.017107887
3790	3.7198671	-0.019783232	0.7554301	879.92486	34.134247	16.888059	-0.065025532	-0.11085445
3791	1.8827553	1.0535885	0.17313122	4484.5832	37.493382	36.752385	0.031907145	0.12444626
3792	6.0080528	-0.55823937	1.0240676	2310.5025	13.048748	12.345913	-0.071703575	0.062438422
3793	1.532547	-0.11724554	1.0268746	6102.6319	71.414983	57.31193	0.13437366	-0.11671543
3794	1.1229373	0.087094739	0.43590192	3542.3143	98.020755	24.055954	-0.17241121	0.23932346
3795	5.7393157	0.16448662	2.6793364	285.21471	20.756938	4.5204974	0.04486097	-0.3755421
3796	4.3363748	-0.52345434	2.6099622	1594.1693	10.181344	2.2349857	-0.031615032	0.017270427
3797	3.2349983	-0.12954315	0.41161795	8367.5583	99.810303	64.366802	0.21909495	0.11699079
3798	3.7546985	-0.36094647	2.3696059	4043.4216	85.199392	77.613108	0.020155697	0.16747322
3799	4.2320023	1.1869366	2.6018652	1676.8193	37.95461	18.761422	0.45313993	0.10106355
3800	2.0743979	0.79180399	0.86985775	192.92999	1.3697158	1.3100193	0.013341799	0.00090248754
3801	2.3051219	-0.18242489	0.2018483	1710.4426	46.12798	38.219735	0.064264376	-0.012826138
3802	5.4960548	0.64450642	0.36132492	3738.3619	33.454905	31.615532	-0.21192657	-0.022079385
3803	0.54163843	-0.40505506	1.5612904	924.34759	9.2306797	4.8521499	-0.0053743737	-0.20755858
3804	5.1446671	0.044515275	1.8686918	2911.6483	44.460944	23.595341	0.010545132	-0.23532561
3805	0.20191416	1.3732595	2.2198468	4261.8043	52.052934	48.661526	-0.1066244	-0.053381015
3806	4.8674356	-0.36955937	0.80446737	6024.2529	70.542131	51.282391	0.13466452	0.010023017
3807	4.1196888	-0.040707458	1.2586129	2302.0237	49.222803	46.940424	-0.057028707	-0.0036914297
3808	5.0672004	0.003693391	1.8273568	1506.7696	38.189862	24.586773	-0.1268437	-0.0083804019
3809	0.69039867	0.76676013	1.4883727	2068.9278	109.14442	102.96166	0.57882719	-0.0029882964
3810	1.1766675	-0.88652163	2.3922629	497.98569	1.7114472	1.4286677	0.023337078	-0.20859969
3811	5.3211133	1.084329	1.5360927	7280.0777	79.311791	41.753918	0.28855235	0.020767531
3812	1.4341143	-0.77522372	0.92066772	1509.2022	11.623434	10.350887	-0.12275399	0.033315054
3813	5.1351704	0.036381865	0.50239838	738.60446	9.2652726	1.9452914	0.02571675	0.17080343
3814	3.5131595	-1.2806815	2.4507689	2257.6923	12.814852	12.574236	0.28728895	0.072466436
3815	3.6342688	0.31874254	2.3118307	4726.9919	43.453266	32.99394	0.23287332	0.31457857
3816	4.4205815	0.37606994	0.67457596	7006.421	65.907457	54.672441	0.010312043	0.23123822
3817	3.9738702	0.77512138	2.4364531	1139.4306	23.174828	21.413429	-0.014771421	0.19886763
3818	2.3939327	0.16797156	2.4973627	1257.835	4.9175076	1.8385516	-0.13008214	0.07621865
3819	0.72482725	0.69197415	1.2481028	804.93737	11.451934	10.068126	0.024778995	0.099797739
3820	2.1043396	0.39561321	2.50917	2045.1761	19.649069	9.9070763	0.30139524	0.14582159
3821	6.0636713	-0.70811941	0.15407743	208.67296	2.0781893	1.511086	-0.0077665005	-0.1068106
3822	2.6183705	0.47679043	0.56744234	3111.2134	33.257283	13.406244	-0.015771796	-0.072002353
3823	4.0383822	-0.048508875	0.49141203	1114.0643	10.295853	10.21155	0.04591407	-0.055994206
3824	0.16038135	0.023084181	1.5289453	2673.504	45.468558	38.931673	0.2772094	0.4251062
3825	2.9893205	0.40991237	2.6903185	6446.6737	73.78104	69.389591	-0.041559709	-0.034662209
3826	4.0501979	0.63152129	2.6133313	607.73189	8.8228285	1.4563674	-0.10564656	-0.052054963
3827	2.6061672	1.0586278	2.22294	2496.6889	14.610939	14.052274	0.082384911	0.048513196
3828	4.1517334	0.56404763	1.2949248	3109.734	117.53425	50.499868	0.22569926	0.0011717279
3829	6.2309669	0.668783	1.1196922	1131.0723	12.468239	11.899139	0.25613467	0.29123354
3830	3.2070273	-0.40606044	0.68407818	4397.2817	22.441438	16.200565	0.14906709	0.019506629
3831	0.94708588	-0.90353623	2.4797155	6134.7569	44.590626	39.193279	0.051985294	-0.0095189695
3832	6.1039854	0.37229371	0.75275562	337.80618	19.977695	1.4106532	0.070579383	-2.495495e-06
3833	3.8235475	-0.46404661	1.264451	661.29914	14.341415	11.506964	0.25605475	0.10430875
3834	4.5819882	0.53843197	0.19405926	219.04484	1.5760354	1.5477088	-0.015154219	-0.0083398787
3835	2.1929693	-0.11261516	0.90135518	4568.5586	44.733685	42.559495	0.0052787272	-0.062402418
3836	3.6033537	0.3889134	2.8861618	1691.6712	11.854154	11.682427	0.2372884	0.038026895
3837	0.50573288	-0.92209756	0.16644321	2606.2696	12.857383	12.093955	0.018008533	0.0095470781
3838	5.6941557	-0.38092669	2.7874789	1926.0206	14.837779	14.339524	0.12364225	-0.082234533
3839	0.28274857	-0.96289021	0.56747443	8507.787	77.873814	66.185698	0.0013727446	0.12621296
3840	3.4408129	0.15051952	2.7653747	1450.6175	23.034989	8.887241	0.037466955	-0.04065708
3841	5.8908108	0.34180674	2.7707797	3942.5784	36.109442	35.47002	0.087856582	0.12077398
3842	5.4092726	-0.8270873	2.0004622	767.62464	10.529574	8.3002483	0.07270422	0.17627465
3843	4.8953678	0.29239959	2.5687888	2023.1109	29.955177	20.771429	-0.26808981	-0.024280145
3844	3.6917481	-0.22861968	1.9521216	1860.0935	11.58996	11.049608	0.096555266	0.035035769
3845	0.088820175	-0.25873689	2.2839695	1984.2546	12.099011	11.257613	-0.073057548	-0.040185386
3846	5.9479075	-1.2599208	0.67579077	3501.0428	14.098744	13.133153	0.048788182	-0.020963098
3847	4.4644862	0.72715531	0.73723096	1864.4125	22.600169	4.8861967	0.12474929	0.23919259
3848	5.4198079	0.69262984	0.86576372	6257.6244	71.678815	58.3504	0.0030302963	0.0059851248
3849	4.9269447	-0.2607703	2.4328921	1386.4224	10.941967	10.782315	0.0086645134	0.40407829
3850	5.9846342	-1.3269434	2.3378311	522.69041	9.5307794	1.378336	0.13889602	-0.11217581
3851	0.63797294	0.3285602	2.5618287	6920.5437	64.047142	49.033179	-0.24123235	0.043884981
3852	3.3384139	-1.15117	1.4775213	3890.8722	62.331402	59.755582	0.18297975	0.38784181
3853	6.0579587	0.45204027	2.1336474	2669.8088	13.787769	13.613565	-0.029636859	0.042363186
3854	2.6985222	0.70801119	2.3972954	717.24826	11.555363	8.0884937	0.11640102	0.036949926
3855	6.2204673	1.4262691	0.47363496	2983.7142	49.145503	41.105555	0.095508702	-0.13271269
3856	4.2415526	0.066746748	0.65989366	2211.0232	11.541566	10.475795	-0.17106616	0.24238623
3857	3.5604966	0.53392145	0.59803969	15850.611	140.66022	123.2367	0.082730639	-0.046348797
3858	5.1556484	0.15656823	1.6297271	3333.5527	52.399849	52.007528	0.16519809	0.012156198
3859	1.2221123	1.0706151	2.80204	2211.3264	29.150192	11.567706	0.27703132	0.18619794
3860	1.4033178	0.83359705	2.7002314	5509.4427	18.73358	16.779212	0.1239794	0.014139912
3861	5.2413776	0.59456349	1.6162808	553.69221	8.9702254	8.9064894	0.19481391	0.13390309
3862	2.8530988	0.19525536	2.2673923	3815.2732	53.690745	49.352892	0.089847459	0.051041985
3863	5.1490061	-1.0435121	1.1134402	1530.3604	41.591681	30.473299	0.042633401	0.23750076
3864	4.4875069	-0.48568382	2.9421173	1707.4615	65.85299	13.921395	-0.087225194	0.049938342
3865	1.4929938	0.34424171	0.071201504	5033.9302	53.619505	40.378196	0.019532077	0.048355496
3866	5.7595314	-1.3975387	0.68612162	7413.2659	112.03747	44.795144	0.036356043	-0.010790813
3867	5.1371812	0.95630777	0.98308317	5233.22	88.393239	60.813333	-0.11546667	0.0020412356
3868	4.5240803	0.68379398	0.4111019	7312.9308	44.225759	21.679205	0.32133542	0.027692589
3869	0.34852094	0.45435521	1.5333252	2536.3031	51.516441	31.780573	0.011507573	0.068326837
3870	2.4005858	-0.22227024	0.87225389	5380.9145	62.45945	44.149095	0.05785446	-0.0018423229
3871	3.9289417	-0.28107778	3.0172387	3448.6096	12.417498	4.5748506	0.0064236258	0.2845505
3872	1.9347508	-0.61689138	0.85151211	1269.1982	10.72739	10.670026	0.17815274	0.01949224
3873	3.2910017	-0.97770819	0.47412019	9962.7498	44.749929	21.702332	0.40173308	0.14193729
3874	0.25219339	0.38111167	0.67783788	1165.1359	8.4488409	7.5471112	0.03768067	0.097069934
3875	5.4501094	-0.1761201	0.53622608	1470.9742	11.343424	10.297739	5.3339219e-05	-0.006069431
3876	5.5421174	-0.65394778	0.27181903	1757.034	12.416365	3.6941726	-0.59671456	0.0015640213
3877	0.49806785	0.50085819	2.288104	2057.5242	45.774418	38.25066	-0.073852345	-0.26630985
3878	0.9280204	0.33876059	1.8751112	5308.2365	77.602634	64.378918	0.060007764	-0.12360691
3879	4.0643478	0.69031302	1.1434347	6157.8763	74.925761	57.597624	-0.033505222	0.08900566
3880	4.892786	-0.09630195	0.57159216	1826.5739	12.649507	11.712149	-0.0010611431	0.084320581
3881	1.2661226	0.45370038	1.8714769	1978.7265	13.921321	12.811739	0.11185475	0.10361645
3882	2.7943257	-0.8872537	1.1111339	1469.9077	45.054224	8.8779421	0.0096835484	0.00041070335
3883	2.6545204	0.74196296	2.7686412	2422.306	14.421428	13.456925	0.028573002	0.0031130554
3884	3.1471678	-1.4225493	0.83545635	3782.6209	62.026998	45.580726	0.10748427	-0.043208868
3885	3.1805196	1.313545	0.91661378	3270.1778	46.794805	33.89672	0.062539736	-0.0041562585
3886	5.8824541	0.3156393	1.2249666	5006.4598	28.482444	16.836402	0.19153449	-0.0022482939
3887	1.0066939	0.76790559	1.5652688	216.44536	5.4897266	1.6110765	-0.13144033	-0.035090274
3888	5.7565885	0.58955923	2.3742785	1528.1901	14.319821	11.406773	0.39028117	0.1803952
3889	5.7409697	-1.3091697	2.9633144	8610.4191	82.835606	78.420108	0.24585696	0.024098561
3890	3.8413555	0.89034623	0.42458992	3373.8031	13.05151	12.643636	0.011876346	0.099213951
3891	2.754659	0.41067798	1.1140399	1036.4035	9.709852	8.7474021	0.011144663	-0.28898665
3892	3.6694544	0.89831325	0.38504698	1611.4803	20.490228	2.1776248	0.18575054	0.031295317
3893	5.6252081	-0.59098453	2.3739871	2097.6403	14.688679	11.013434	0.13224846	-0.2731493
3894	2.1827197	-0.27695825	2.3720127	5513.1611	61.031657	56.444284	0.022788678	0.12679442
3895	4.3160803	0.66961673	2.6283954	6651.726	47.97335	42.020963	0.0088630681	-0.0015982797
3896	2.9596834	-0.58996181	0.53132202	1164.8489	2.4456043	1.742343	0.034321789	0.0087175318
3897	5.596462	1.0625525	2.5042049	7038.5143	94.827993	93.822406	-0.036344465	0.079648506
3898	1.521299	-0.3419864	2.1941861	196.56782	1.7217377	1.3803844	0.14625354	0.0023731086
3899	2.2287019	0.029920134	2.6975248	2313.9142	13.491809	10.414673	0.021116837	0.012944161
3900	3.2567552	0.70729657	1.0906287	8437.5566	58.116759	42.131837	0.15764768	0.04664735
3901	5.3510406	0.68574052	0.93929308	1682.0971	13.380503	2.330814	-0.030735835	0.28920201
3902	5.6403838	0.16321503	0.63114016	5845.664	41.625717	20.437189	0.18301692	0.071705869
3903	3.9930368	0.62372914	0.32787876	8893.2517	42.801688	41.683249	0.28719455	-0.019319053
3904	3.3801739	0.27641867	2.3107786	237.4782	1.36614	1.3658385	-0.21054727	-0.13006723
3905	2.5804445	0.031340715	2.8299704	488.29842	1.8048395	1.5668941	0.11831326	-0.03902428
3906	3.1328036	0.51924869	2.8322652	4654.1356	16.16834	15.051718	-0.046506342	0.075993885
3907	5.7148836	-0.98057484	2.3498118	8818.3699	74.550424	58.975315	0.04071652	0.012651984
3908	0.0011989433	-0.46836033	2.1925235	5823.0128	87.501714	40.187232	0.043048786	0.065925031
3909	4.690972	0.79516412	1.5242776	3316.0937	78.068111	58.09848	-0.13678	0.013256626
3910	2.3956942	1.2112369	0.30654475	151.32618	10.397421	8.427952	0.0950446	0.053302566
3911	5.9139896	-0.7803485	2.9746603	998.76535	6.1115878	1.9839688	-0.088303327	-0.001834619
3912	2.3645138	-0.8184012	2.0608271	1376.9958	26.161562	3.8895938	-0.016244306	0.0083149437
3913	2.6042335	-1.2879452	0.7757728	6093.2598	76.922949	58.216827	0.75993829	0.043189832
3914	0.84338422	0.73070732	0.44940431	11307.226	88.374122	84.033618	0.05666286	0.096282974
3915	5.7951117	0.054496059	1.8554182	1091.2549	9.5547186	9.5210844	-0.011757159	0.15570521
3916	5.0434481	0.28609579	2.7872379	945.12464	17.749605	4.3598929	0.038282017	-0.010449133
3917	5.2391451	-1.3762359	0.52012663	442.10414	1.7803513	1.6136274	-0.02449785	-0.016003894
3918	3.4607829	-0.65042496	0.71415192	1405.1261	4.9626067	3.4672641	-0.0070300573	-0.12505923
3919	2.3366033	-0.81055899	2.2128625	3678.7818	15.033837	13.823568	0.0079219852	0.0022877167
3920	0.082541707	-0.75667565	2.8474283	1081.4525	12.500712	1.7634192	-0.21348004	0.15598919
3921	5.424395	-0.16726686	0.84208032	6868.9153	89.901921	69.987308	-0.2722687	-0.088440545
3922	2.7566072	-0.75763835	0.95822264	1471.5481	41.940648	34.646637	0.056769037	0.18232067
3923	4.0214566	1.2009641	0.60575842	4058.7104	40.201332	38.334333	0.031821066	-0.39865075
3924	1.8453185	-0.50978732	0.19901627	13952.695	80.90308	75.817764	0.0013514378	0.13688734
3925	2.8030512	0.10707151	0.62446678	4029.9815	17.268046	15.223918	0.10999924	-0.033594312
3926	1.5105828	0.4590145	2.2341198	740.20621	1.7586738	1.5280773	0.24390086	-0.085744563
3927	6.0097715	1.4263165	0.66619656	6762.1313	57.264332	42.476884	0.39063051	0.079679069
3928	0.11675246	0.64598108	2.2634497	5179.4634	63.214533	14.4855	-0.027226807	-0.022010058
3929	5.2488027	0.7114115	1.7554469	1627.3913	11.448166	10.113432	-0.032469183	-0.070561181
3930	5.3720794	1.3670739	2.4967898	2928.029	51.430647	39.08549	0.35374321	-0.040016042
3931	1.0754961	-0.87320116	0.75822258	2850.7624	12.709424	12.354865	0.052534622	-0.055220182
3932	5.4198652	0.37582941	0.40276116	4664.1572	14.00961	13.678329	0.26202706	-0.126619
3933	3.1075341	0.099222349	1.1532133	2395.6621	50.480835	48.629293	-0.23293939	0.0071929769
3934	5.5262749	0.29359639	0.56983896	784.56878	8.9770255	1.6565884	-0.053606115	0.1051784
3935	5.1565785	0.2545501	1.1326173	1243.4619	14.71673	11.08784	0.1192793	-0.065725641
3936	1.0737606	-0.28696742	3.0716698	12864.22	92.343148	75.689352	0.066274098	-0.016470553
3937	4.4513908	-1.062545	2.2073511	3522.6859	51.848634	47.168817	0.10627986	-0.17692511
3938	2.3284479	-0.76302438	1.2604598	2358.2094	13.445303	13.079118	0.08029722	-0.040098424
3939	0.40850054	0.97889554	0.29124552	4001.1147	46.826421	34.732664	-0.073961563	0.31981708
3940	6.0072567	0.2400307	2.9435402	2281.0627	12.887027	11.704833	0.10110608	0.089352608
3941	3.9043442	0.22508527	2.5628904	1607.9783	12.206157	6.6975144	-0.029247749	0.11001056
3942	4.8423536	0.99750372	0.82134546	2926.552	57.109551	29.345128	-0.00084614616	-0.023532391
3943	5.4698306	-1.2554534	2.7751791	3632.9335	55.461163	53.116431	0.060080707	-0.085088603
3944	3.438092	0.55018474	0.65636468	9841.4697	165.28592	81.317531	0.022274108	-0.044542853
3945	3.868923	-0.51051495	2.7159078	1440.9661	16.715121	2.2830665	0.048267795	-0.29247259
3946	3.7206019	-1.0777567	2.2311567	1207.5118	11.463566	11.390433	-0.14021227	0.12046708
3947	1.7552059	-0.27320038	0.89630236	8868.8858	77.875053	66.635799	-0.14824922	0.03857196
3948	5.6445105	-0.42795534	2.2767784	2620.5831	15.552779	15.087011	0.0018269312	0.060813431
3949	1.0834064	-0.67477206	0.42143315	5828.0634	66.991558	57.066985	-0.0031690015	0.0015775276
3950	5.3440715	-0.89329148	0.45686234	575.8887	1.4445173	1.2646002	0.027332494	0.054249604
3951	0.043165355	0.93920174	1.7349164	6138.7035	45.810187	45.750944	0.033951867	0.24588183
3952	0.4151896	1.4701627	2.6254877	5726.0109	45.247375	39.633219	0.0088630681	-0.0015982797
3953	2.1686524	0.91724297	0.59367445	10478.925	83.500327	76.648509	-0.11059198	-0.25300917
3954	6.0711429	0.77738617	0.40027327	1737.1414	13.364633	12.257491	-0.010597653	0.022364163
3955	4.8481793	-0.97888501	0.4712837	5788.6596	39.505907	15.80933	-0.00029069202	0.181575
3956	0.9654514	-0.28699296	0.23375257	687.35011	1.816107	1.4405177	0.026765664	-0.031035898
3957	3.5188918	0.42398728	2.4996203	1596.7142	41.61511	32.404362	0.048849347	0.022722297
3958	0.31909545	1.0504814	2.8055617	3048.3219	14.876349	14.332159	-0.083646554	0.28112598
3959	4.2604994	-1.397823	1.7807312	268.79844	1.3869607	1.3269753	0.052027649	0.14817683
3960	0.38040081	-0.89353286	2.4545684	616.5537	18.787695	1.8907065	0.030505569	0.056666747
3961	0.19786205	-0.035630893	0.60651395	2136.3024	14.27555	11.332485	0.06103408	0.14024399
3962	4.3194088	0.4612702	2.1725567	778.53724	19.310401	11.987896	0.021086546	0.32570937
3963	5.3186981	-0.050151554	0.50342795	2083.4352	11.598401	10.657814	0.051884448	0.15990047
3964	1.6290975	-0.76093166	0.60840075	743.92946	16.552165	1.4627745	-0.12295993	-0.011863762
3965	3.3422776	-1.3624195	2.5460079	2618.9154	49.355882	34.993074	0.020266373	0.45320813
3966	3.5525899	-0.38981753	2.5334156	355.1544	8.5248109	3.3473099	-0.0080463364	-0.033803646
3967	1.7224036	0.6745089	1.1150657	650.7882	41.939611	40.96881	0.055924835	-0.049993482
3968	1.8392361	-1.2318198	2.5658417	1721.9077	13.05389	11.243197	-0.15336365	0.0023311759
3969	3.0749396	-0.5739024	0.2811022	8940.6817	56.13413	49.698401	-0.014915336	-0.17526354
3970	5.2621895	1.0838793	2.8528107	5071.1839	56.634233	49.105528	0.10964309	0.010087534
3971	5.4206611	-0.82585603	3.0052009	2799.6326	14.463853	13.826601	-0.21905722	-0.18485968
3972	5.7249535	-0.37088871	0.54104054	1737.5531	13.200299	2.468047	-0.0017099956	0.027896575
3973	1.5017608	-0.89068855	1.9365319	1440.095	24.957805	12.711964	0.18081553	0.29655821
3974	6.2014284	1.1608157	1.4418088	7676.3651	152.83412	127.44013	0.085408046	-0.00042755436
3975	0.69988479	-1.0493852	0.83008665	744.63456	11.823635	10.66353	0.2221764	-0.23508851
3976	2.4057579	0.53025809	1.1007585	1338.1975	8.9796412	8.4054352	0.57793407	0.037233434
3977	0.35347757	0.042376103	0.89667313	8200.5171	75.103969	48.227388	-0.016620438	0.20930809
3978	3.0981112	0.95509801	2.2014062	891.32594	11.680805	9.9675982	0.16486392	-0.073814626
3979	2.1452351	-0.90251424	2.8946532	1751.2635	37.45058	36.987975	0.27476602	0.29807709
3980	0.8751472	1.0235188	0.73408759	4386.8892	42.130604	40.069635	-0.038396983	0.40685918
3981	3.1755346	1.0719204	2.4501357	350.89654	1.8475315	1.2884686	-0.0080544227	-0.0099851194
3982	3.2616627	0.16852786	1.4833517	2967.3185	54.958966	53.235483	0.17851554	-0.12466627
3983	1.3799334	0.7595849	0.60287938	1467.4297	13.075154	11.454702	0.18175529	6.8681838e-05
3984	4.5465067	0.50315662	1.1363331	598.45386	27.137109	22.48321	0.016384609	0.0042315584
3985	4.2091146	0.34015652	0.58839907	1185.1912	10.076573	9.8633754	0.076616708	0.14608219
3986	2.9339202	-1.357728	2.4875688	2198.3898	13.656208	13.5113	0.052414373	0.21354319
3987	2.4492133	-0.74253561	2.8678688	291.81844	1.781292	1.4841618	0.19635791	-0.19516876
3988	2.2906083	-0.16957015	2.0816352	1850.972	12.168601	8.0049732	0.011773396	0.13822103
3989	0.67779487	-0.22437289	0.45544175	10950.449	83.538027	69.445575	-0.0019602547	0.082032979
3990	3.3752669	-0.67386655	2.6841626	5981.7845	146.3812	62.894271	0.22569926	0.0011717279
3991	1.3619222	-1.4144636	0.6290206	535.18681	9.0666009	1.3833669	0.028772275	-0.062919387
3992	5.4150573	-0.36413244	2.9460239	1789.6978	13.615228	10.976298	0.062230506	0.039712919
3993	0.73769311	0.14762016	2.3795449	1531.363	13.096052	12.46941	0.0083314437	0.34215435
3994	3.6230046	-0.86207397	0.88444089	7790.2088	77.681074	59.058951	-0.0012220519	0.16899258
3995	2.061561	1.2144171	1.8213186	598.92805	49.001867	45.321132	-0.021349915	0.02999488
3996	0.56478314	-0.48163461	1.5671049	853.25913	10.41515	9.4349352	-0.0068913786	0.043001346
3997	3.3693255	-1.0873534	2.537713	2575.9685	12.037524	11.749304	0.050277671	-0.020155506
3998	2.9903622	-0.8139228	1.0813837	1854.0357	44.554906	36.607573	0.38225503	0.049605027
3999	3.2243054	1.4484682	0.42337886	9923.7704	69.796617	51.776624	0.20027515	0.0044596712
4000	2.3118228	0.27958155	1.6100898	311.15188	1.5959541	1.3118518	-0.16530158	-0.026396152
4001	1.794747	-0.70216923	0.69355161	1615.9537	10.293167	5.1642089	0.031365961	-0.042090446
4002	0.68556256	0.12443707	2.5905541	2061.2975	45.80212	43.778652	0.14575175	0.20034002
4003	5.5898625	1.0285345	1.2341857	2481.0376	34.490058	26.546911	0.29329276	-0.092993326
4004	0.89777059	-0.58294252	1.2034929	265.30687	1.9254893	1.5871222	0.14869582	0.015149832
4005	2.2850273	-0.65342386	0.83476374	6462.4997	69.195836	55.672907	-0.013767946	0.053280646
4006	3.8652793	-1.3329067	2.8433033	5562.9997	19.881102	17.722461	-0.16962689	0.14112994
4007	1.9028951	0.5544923	2.1630306	467.0339	9.3149707	8.1067974	0.00035134405	0.33324661
4008	3.4194032	0.00099822322	2.5450362	730.60069	11.076393	1.4899638	0.051950042	-0.068651897
4009	5.6166516	0.88957209	1.6283623	3107.5143	55.02847	50.574939	0.017924476	0.028395083
4010	5.1852529	-0.82919999	0.22081054	2719.4131	40.735157	38.043741	0.061919155	0.039490803
4011	2.0875639	-1.2068765	2.5633063	787.41831	11.187816	11.003156	0.12908917	0.0086454375
4012	5.8523902	-0.1183466	2.6694599	2668.7823	34.168752	28.71543	-0.034673559	0.033792563
4013	4.7544334	-0.86875205	0.16683278	8870.7528	76.851568	68.264591	-0.051024431	-0.1114768
4014	3.0170646	0.24828365	2.1754553	2617.1469	62.476164	50.508985	-0.27639209	-0.0045557926
4015	3.8341351	-0.74788733	0.25724543	7281.7477	203.02185	148.30541	0.078688945	-0.31970269
4016	5.3509403	0.63667998	2.2703354	1046.8137	42.218887	25.006441	0.0010520942	0.24345576
4017	2.1379276	0.94138515	2.3390101	8014.629	87.400818	72.448287	0.24502476	-0.12865985
4018	1.8810142	1.308504	1.0153842	1420.4717	10.343232	9.4368558	0.025991966	0.050528246
4019	3.5134298	-1.165837	1.061472	7643.1464	70.477526	68.369716	0.15840312	0.026225767
4020	0.24469977	-0.47856937	2.5383818	10055.59	82.038837	79.01231	0.052775665	-0.071069356
4021	4.8871316	-0.40462526	1.0094302	2761.4436	42.923756	26.003825	-0.027582804	-0.23730851
4022	6.2177699	-0.16659598	0.12258643	3221.3313	47.183125	27.16607	0.21041831	-0.021290518
4023	2.0583765	0.68164104	2.6066826	15691.159	95.963692	63.866957	0.2629043	0.021239453
4024	4.5152578	-0.37778456	0.14519821	582.21258	3.0737739	1.4407378	-0.025978554	0.16098228
4025	2.9625252	0.063337801	2.0246745	2495.9889	11.602227	9.639931	-0.095492442	0.34347533
4026	0.89187706	-0.92334828	1.3120982	2493.7247	13.756537	12.176025	0.18878396	0.0044051668
4027	2.4622729	0.097478584	2.9270664	345.55716	3.3518688	2.286017	-0.017155501	0.17448876
4028	3.023096	0.63865526	1.1109787	1398.6204	11.904181	11.189042	0.27677767	0.0097832606
4029	5.8792959	-0.55728301	0.64891106	11871.535	86.809458	56.346515	0.17141031	-0.0015676961
4030	2.1532635	0.14661747	0.26976957	5984.8365	57.788163	48.090459	0.012238038	0.20643559
4031	0.87649709	0.45839187	3.0775703	10485.966	41.220129	40.201465	0.082346026	0.47555373
4032	0.42894311	0.4328318	1.0942295	2599.5752	22.851018	12.590708	0.069384234	0.032281186
4033	3.7547616	-0.38887193	2.2175406	1870.2251	38.802358	11.460849	0.089563074	-0.095230539
4034	3.1049641	0.48716601	2.8270653	4507.2778	43.151466	40.752043	0.0031843626	0.045679753
4035	2.3211757	-1.4569711	2.8627643	1052.9131	2.9870319	1.9883909	-0.011690356	-0.077717505
4036	2.3813202	0.72379391	2.4882509	3720.882	62.054742	54.290182	0.12750732	-0.045767533
4037	3.9351416	-1.3230958	2.5298946	2202.4894	17.719059	10.28359	0.0028650237	0.073977517
4038	1.1029267	-0.58080906	0.60167026	3875.9427	16.868903	13.407809	0.070774483	-0.16635462
4039	4.5332398	0.86742792	2.4675874	1621.7818	3.8165107	2.5227508	0.23757993	0.058196318
4040	3.3741265	-0.45106584	0.39799071	14480.724	74.918334	60.611024	-0.029485422	0.093853019
4041	5.4725643	-0.13924752	2.2079003	2354.2754	39.466079	31.821154	0.11042696	0.10063951
4042	3.6315984	-0.43850462	1.6117728	953.21656	9.2408454	8.7120532	-0.20306998	0.10178551
4043	1.061299	-0.35023361	1.9901309	958.9242	12.59155	12.337302	0.020515561	-0.013139246
4044	1.8374244	-0.93969764	2.7584362	20858.117	162.87769	89.439552	0.030912985	0.16369228
4045	2.6965606	1.0024395	2.428581	2468.3281	44.93379	39.56582	0.012066705	0.18241199
4046	1.8822023	0.70483715	0.16390953	3246.045	36.006361	2.6722608	0.23835865	-0.1164091
4047	1.1253066	-0.70833249	1.315447	2430.7663	55.095862	40.384973	0.43991185	-0.011186908
4048	2.2619436	1.0643626	1.0823087	913.60808	17.377404	8.8216429	-0.023906726	-0.26203733
4049	4.4394303	0.056306813	2.0785395	3964.9435	40.61965	32.511004	0.076482025	0.16969679
4050	3.8077927	0.25417457	0.54984129	1911.1962	23.02883	12.81799	0.33979028	-0.026822901
4051	4.5847667	-0.3348203	0.54151236	2026.2968	18.085004	12.345895	0.090090721	0.077839446
4052	4.1197344	0.029151224	1.6572971	3949.9607	47.682835	45.25401	-0.14218753	0.56910014
4053	4.0498041	0.16835522	1.9252424	157.40633	9.7023062	1.368946	-0.35360627	-0.019314897
4054	2.2195735	-0.17564019	0.52396464	3457.122	131.3599	92.823511	0.56374515	0.1590644
4055	6.2309341	1.1623229	0.81410956	1098.4957	9.3964567	8.7552593	-0.0060721195	-0.0097160637
4056	1.2357353	-0.51542665	0.91508461	2413.1676	17.071375	13.072309	0.061516026	0.36326573
4057	3.3659356	-0.51532543	2.9140695	1124.4177	10.629535	9.7837097	0.17622208	-0.16714342
4058	3.9865885	-0.58058308	2.364304	2401.2837	13.161217	10.456327	0.069834032	0.02957615
4059	5.2883322	-0.042959273	0.37761218	4052.4008	43.067474	35.18471	0.087855198	-0.028029172
4060	4.6369339	-0.68720388	2.3804259	739.68663	35.022716	26.076521	-0.047623532	-0.036986594
4061	2.6840369	0.24556823	0.64881954	2192.1833	47.872666	22.656648	0.089446145	0.1364721
4062	0.70923892	1.3032592	2.1562495	5021.3809	66.257142	54.662667	0.041783989	-0.0058389997
4063	0.45022313	-1.0809572	1.459409	673.39248	11.321148	2.7020248	0.024165408	0.029680825
4064	3.8958274	0.94548256	2.9049571	6257.5969	45.850136	14.452973	0.35526935	0.41175268
4065	5.9307927	-0.85431821	2.4324244	1163.4105	20.987989	10.108386	0.12201511	-0.10065123
4066	3.5557488	0.32737677	2.1803484	3265.2555	15.907244	13.553522	0.011760728	0.46137773
4067	6.0654371	-0.017447118	2.0001402	5898.0325	54.560761	53.572124	0.05838449	0.080815897
4068	2.9164511	0.86012758	2.7699642	3224.5637	16.115546	14.290925	-0.030814914	0.25019079
4069	4.5400592	0.9798869	2.3504623	1087.5739	24.156992	1.8700236	0.37145431	0.048612618
4070	3.5851893	-0.88726958	2.0316997	4513.5398	53.927959	45.786536	-0.39943354	-0.07187329
4071	2.1192492	-0.085693563	0.90905211	5834.403	79.607571	63.801289	-0.084257083	0.042965353
4072	3.50867	0.72579001	2.0823202	1216.6744	11.509961	11.411405	0.12172187	0.037194298
4073	0.10981579	-0.53539419	2.8279495	163.81028	9.6378121	2.042983	-0.085467472	0.27644439
4074	1.8657191	-0.77191166	1.6985597	714.22403	37.634316	20.466976	-0.23345198	0.0033143274
4075	5.3313428	0.056405	1.7040322	640.06908	10.163943	1.4080815	0.065501741	-0.057716611
4076	0.092095214	0.81449047	2.1714205	1279.3377	34.41692	30.941957	0.066233759	-0.007483837
4077	3.3651556	0.62090146	2.4421735	1953.1932	17.022828	10.325611	0.052270675	0.064223043
4078	1.1354816	-0.055676888	2.5416227	7724.3023	58.730998	58.173199	-0.077450154	0.0016724641
4079	2.2751609	-0.69264583	1.520528	1308.8208	25.288629	12.202239	-0.047502181	0.22890017
4080	1.8571069	-0.39768169	0.86430584	2505.3061	12.986083	11.35834	-0.049242477	0.22698011
4081	2.733299	-0.54625121	0.51361783	4033.5177	15.256578	14.262616	-0.15356335	-0.23130194
4082	1.4807363	-0.068247133	2.8345595	1608.5444	44.846581	3.5954375	0.61659467	-0.12747806
4083	5.5462417	-0.62193789	2.9096067	15926.749	108.16836	106.12658	-0.059473235	0.051748206
4084	5.4790583	0.43461341	0.55800617	1065.843	10.340769	9.3238614	-0.23339037	0.099983662
4085	1.0351946	-0.52505448	2.5940963	388.26258	9.4412173	8.7921124	-0.034925734	0.28462194
4086	4.506751	-0.95053634	2.5098773	2547.6443	55.854954	52.210328	0.059240184	-0.42598417
4087	4.5483751	1.3921488	2.4814447	871.00445	44.854752	1.9039528	0.1095337	0.061903408
4088	3.9021262	0.096948784	0.21041537	4900.4033	56.485083	56.195198	-0.0032032213	0.092306063
4089	3.0708333	0.44918554	0.63457373	3252.5278	44.515276	23.153847	0.2416579	-0.014287094
4090	5.7966581	-0.17617896	0.60827664	907.37201	4.3436188	1.8888719	0.13385383	-0.059685591
4091	5.0236894	-0.013764244	0.16083587	2978.4237	20.623813	8.3182365	0.0059633541	-0.00065426623
4092	3.7212217	-0.71304373	0.7524858	3372.4563	56.158955	52.310175	0.15085732	0.0030939762
4093	5.077671	-1.3440595	2.9938505	4965.5209	24.406609	18.052944	-0.0088848795	-0.013834729
4094	4.3140167	0.54304834	0.96083533	385.25676	1.4203455	1.3001318	0.06616033	0.031648119
4095	3.896186	-0.82819688	2.5547232	4168.3426	14.603914	11.495724	-0.20768316	0.030363068
4096	5.3569097	0.71907085	2.30411	7102.925	143.5081	129.71162	0.15292156	0.0031076443
4097	4.9776766	1.2330458	0.45735612	5304.2223	70.178821	65.015608	-0.1038062	0.010067614
4098	5.7502638	-0.10245211	2.2569876	7940.1907	69.38685	67.160037	-0.0020839192	-0.036613544
4099	4.4431838	1.2313342	0.57947632	7893.0936	132.39189	103.62423	0.0042533002	0.030040103
4100	5.482349	-0.82936866	0.19628492	807.86671	7.8622256	1.4184704	0.075028044	-0.071650005
4101	1.0334248	-0.19423854	0.18115168	521.58722	9.5865867	2.8092979	-0.0057317965	0.044975778
4102	1.299284	-0.13598925	0.80326161	2027.1798	40.172772	31.368033	-0.11010616	-0.040076242
4103	2.3348669	-0.54057036	2.4176198	3281.8906	105.97742	58.231782	0.17545596	0.092775488
4104	4.4334054	-0.41157917	2.558718	2561.4612	51.447572	36.233707	-0.22583591	-0.001942849
4105	3.3205302	-1.0114831	0.88246485	804.09739	14.016482	8.6822962	0.033756936	-0.02914217
4106	5.4283174	0.11726768	2.0956383	1603.6136	45.792479	31.731336	0.044380837	0.16350852
4107	1.7216019	-1.0887058	1.1778074	124.33204	1.5090098	1.3919491	0.15211535	0.2865471
4108	5.189383	-0.93967466	1.4170514	1657.1793	12.137178	10.695465	-0.1335797	0.12285006
4109	1.9779037	0.74542796	0.11153681	839.54523	14.785012	10.822212	-0.034213974	-0.14261086
4110	3.615794	-0.30794619	0.393939	2831.1261	35.462935	15.042125	0.16121189	-0.11414357
4111	5.6554906	-0.8200183	0.39778565	1363.452	11.939236	11.239949	-0.066724153	-0.21848747
4112	1.9452875	0.79773721	0.92811706	426.69569	1.6410592	1.528217	0.088916563	0.043578274
4113	0.36288974	0.098272585	1.2390525	5604.451	43.485255	38.033648	0.09622454	-0.1492751
4114	0.70668971	0.11196922	0.76959584	3017.5258	43.001218	40.859324	-0.074314452	-0.021891294
4115	5.0621489	1.0150458	2.2661842	1720.2827	12.074192	9.6978549	0.0057655917	-0.040664113
4116	2.8969106	0.084174588	1.1532224	3607.4499	44.596648	42.0579	0.010544318	-0.025399244
4117	5.820439	-0.68183829	2.3370851	18271.344	117.78274	111.29447	0.192528	0.034926965
4118	5.4162411	0.30065943	2.5410133	1560.6315	3.8923347	2.6776982	0.01690298	-0.043600035
4119	5.1353301	0.9810237	2.3169166	1560.3116	45.096784	35.27323	0.32989223	0.20642892
4120	3.8128285	0.22838677	2.4836306	6320.7328	87.601733	58.655837	-0.021622878	-0.10731041
4121	4.8875917	1.4132206	0.77644661	4845.865	62.965035	29.582246	-0.22195122	0.34403287
4122	2.3464219	0.19515941	2.6540725	1713.519	17.651137	12.170384	0.0022765136	0.19252205
4123	3.0708414	-0.71688941	1.2465662	701.64302	16.490123	9.8528079	-0.038037894	0.15530342
4124	3.3929633	-1.2949641	2.5524914	737.25631	40.703856	1.3579819	-0.017616403	0.14238366
4125	0.47246194	-0.38408002	1.2031296	3057.8139	14.916852	13.165657	0.041097978	0.029634833
4126	0.98711172	-0.0017642774	0.50587488	2242.409	58.728245	32.685641	0.078913715	0.12709135
4127	1.940421	-0.0078531704	2.2446587	8887.2519	61.433261	61.393182	0.03166534	0.29541246
4128	2.4695748	-1.0287059	0.7481757	3116.52	14.669734	14.543308	0.17954813	0.1049875
4129	3.1603759	0.62183686	0.81919398	2674.0432	55.353621	49.537837	0.043717306	0.013713819
4130	2.0360017	-0.39345087	2.7690876	3968.7699	59.021138	56.764087	-0.064401716	-0.045335128
4131	5.3465799	0.53807122	2.6634071	6769.1518	70.844898	65.809866	-0.051157061	0.047836696
4132	4.4830492	-0.63672825	0.97074255	7122.6941	76.078453	61.141368	0.12548997	0.21617202
4133	2.4344118	0.25288609	1.7370242	595.60789	7.9983267	1.9829049	-0.031616734	-0.0039377406
4134	1.3591361	1.2977512	0.57959134	2536.7654	13.552251	7.436116	-0.029247749	0.11001056
4135	5.1729049	-0.51203016	2.931593	2853.0178	58.98609	50.737513	0.17665611	-0.21348254
4136	3.7700649	-0.018138615	2.0508018	439.9902	1.3418369	1.3223415	0.04135969	0.012997467
4137	1.9868288	-0.050486867	0.30384674	4893.5503	49.509238	45.640587	-0.19321149	0.20185222
4138	4.6455995	0.0070525321	1.4949859	2367.1339	44.564789	34.323834	-0.049124358	0.038189365
4139	1.3699795	0.29393171	0.75158336	5553.3559	55.742782	47.709764	0.00090298195	0.21178211
4140	5.157732	-1.0342912	2.3433541	3121.5755	55.175088	42.125127	0.14614576	0.013084944
4141	5.1345303	0.28801032	2.844414	279.45941	11.223658	9.2806603	-0.00050511019	0.10728766
4142	1.1916737	-0.42421207	2.3322235	6977.317	46.125899	41.701446	-0.017954923	-0.023806396
4143	6.0186538	-0.13571159	0.45022608	774.86376	11.59853	9.4907751	0.0052099285	-0.083464041
4144	3.5378575	-1.3338856	1.3797931	4341.0316	60.075521	42.298847	0.028794534	0.025278443
4145	0.60284784	-0.079455128	3.104023	1465.1796	10.580892	1.9762013	-0.036236796	-0.0048533438
4146	1.3902603	-0.00025498958	0.28410965	1867.8641	14.433222	11.069241	0.046279757	0.0067626058
4147	1.6454465	0.39224009	0.31376802	1202.3645	10.184268	9.7656693	0.1377059	-0.11421517
4148	5.8440701	-0.87026517	2.6209895	3262.3375	15.133649	13.647877	-0.047819163	0.17037039
4149	4.5709679	0.59616547	1.8607057	477.00913	10.3664	9.6198401	-0.0027592062	-0.12332679
4150	0.44434416	0.99210119	2.3308653	1847.5815	16.142963	11.210984	-0.019935956	0.10363782
4151	1.4393176	-1.1810368	1.9144855	1524.4925	12.148477	11.745182	-0.082221802	0.071729429
4152	3.2405073	-0.15980399	2.4386899	2493.9866	47.554792	11.888142	0.19413642	-0.076841465
4153	5.4145392	-0.27808344	2.4701886	6102.4549	67.265066	66.655037	-0.12070043	0.28282093
4154	2.0085974	-0.087882729	2.745818	2665.52	12.635625	12.549757	-0.033446117	-0.060842951
4155	3.108803	-0.27194577	0.28694057	129.54824	1.5802345	1.4767877	-0.03510548	-0.050179354
4156	2.9688824	-0.062555842	1.1638153	3199.222	77.706248	62.374448	0.037757957	0.18900345
4157	1.6280151	0.13848754	0.59353847	638.62466	2.4722729	1.6114414	0.088316793	0.18028564
4158	1.8116586	-0.56722455	2.4993174	16661.834	117.39144	97.863049	0.060455187	0.21044616
4159	2.0529265	1.1887651	2.7051479	4127.5207	15.66723	15.011415	0.035560601	-0.0091388463
4160	2.4117206	0.92347383	1.9250326	2619.3582	14.958715	12.248701	0.033499899	0.07002568
4161	3.3994118	-0.17524203	1.0647667	1426.1621	13.248823	4.2917215	-0.019874179	0.10639542
4162	4.2897468	-1.3184212	0.96427807	2048.9486	38.538132	32.551765	-0.12262392	-0.07809336
4163	2.4645209	1.0972644	2.021739	3415.8201	56.342481	43.075605	0.20094972	0.00038507105
4164	2.6577648	0.3417275	2.632744	2679.09	67.835531	64.169502	0.019037678	0.091956401
4165	5.8754208	-1.2331653	2.3651113	614.93757	11.616075	10.862994	-0.079852394	0.033436202
4166	5.415534	0.42053177	0.43822878	579.77503	1.8128041	1.781955	0.25033073	-0.1088091
4167	6.2586226	0.28240705	0.31602006	11820.671	197.07739	192.80215	-0.020316559	-0.12336699
4168	4.8380024	-1.0227342	1.0938563	4023.4069	63.357688	54.28032	-0.12596538	0.33448135
4169	5.5316993	-0.58082754	0.58239979	699.69243	2.6860358	1.5097838	0.01951224	-0.016413702
4170	3.8191729	-0.6111868	0.39667689	5685.785	28.355283	17.846965	-0.15699584	0.17072869
4171	5.43806	0.20445816	1.6104933	5994.6082	72.586155	69.586562	0.18297975	0.38784181
4172	0.0080134468	-0.034185299	0.61000808	544.28099	32.960615	1.5530378	0.0097395326	0.15409539
4173	5.360535	-0.38321662	1.8587141	1874.387	49.88228	12.013004	0.020891588	0.21177864
4174	3.2030315	-0.29701452	0.6591825	608.62311	34.6005	16.736528	0.40434494	0.13665797
4175	5.5518159	0.1551498	1.7422552	246.82902	2.7822512	1.3293975	0.043861755	0.052355436
4176	0.99956058	0.45529769	2.3980358	9151.3608	71.432954	48.626824	0.025454031	0.16790916
4177	3.7964415	0.63465644	0.24485705	12484.593	94.791268	80.80687	0.2500021	0.031500859
4178	2.0699957	-0.29025034	2.662384	8264.8003	191.74791	79.62301	0.0021288724	-0.20053669
4179	4.1250562	0.2671249	1.331629	1892.0056	27.300037	25.671208	-0.035164957	0.036237138
4180	0.82147369	-0.10918585	1.1165216	1097.637	19.176667	12.064819	0.033956502	0.0096142155
4181	3.3864537	-0.49771376	2.450581	823.06451	12.810856	9.6065517	0.0024326182	0.10945145
4182	0.19487152	0.65356332	0.78275129	2777.6501	42.719139	38.9693	-0.099888508	0.0039092318
4183	5.1553618	-0.13882353	2.8736142	6764.1304	53.313933	50.443209	0.15167314	0.0096730223
4184	1.0339502	0.90496776	1.5911145	738.35174	8.8548424	7.8358314	-0.037289402	0.23724928
4185	5.1449426	0.29399797	2.5934348	3277.8	13.745021	13.342071	0.14458618	0.21110971
4186	1.06281	0.37364181	2.1027413	3689.5684	39.472667	30.525225	0.10628232	0.113225
4187	2.7979205	-0.76978557	2.8939369	9382.2043	26.582693	21.693578	0.18068529	0.3343672
4188	5.4537721	0.7534396	0.61465207	627.44626	2.1999652	1.8147788	0.00034319142	-0.21998905
4189	5.3886552	0.088517642	0.24182677	2992.687	12.539093	11.955896	0.20135855	0.35317869
4190	3.68716	-0.68023747	2.7415062	2301.3681	12.534114	11.489299	-0.092306425	0.014176135
4191	1.4899957	1.2730672	2.7092232	2200.8805	27.27555	4.3562932	0.10858424	0.042941707
4192	2.3988614	0.6805201	2.0310087	4123.0027	62.364719	27.717722	-0.099918489	-0.12553049
4193	1.6049988	-0.44713871	0.74491629	832.83293	10.052916	9.7773929	0.10663342	0.060633032
4194	1.8788582	-0.70049301	0.24073653	3144.8682	35.739793	34.382856	0.22205785	0.12081309
4195	5.5068192	0.60871531	1.2435541	1738.4999	17.277065	7.9523983	0.14594145	-0.17741077
4196	1.6430805	1.0693568	0.43092632	6009.4253	58.065408	55.242306	0.17098829	-0.028534676
4197	3.2196897	0.40742569	0.61563782	3344.2314	63.04325	46.395477	-0.38935783	-0.13570393
4198	1.8544593	0.81031875	0.4482801	5052.3493	61.774049	59.878264	0.015596553	-0.12700678
4199	1.1665583	-1.039319	2.2355774	1566.8701	26.644896	16.440812	-0.17615334	0.031707053
4200	6.0011795	0.90584316	1.3793904	962.37738	12.499905	10.995896	0.15541049	0.38083729
4201	3.5340655	0.096060368	0.80196531	982.06597	11.47595	1.8458332	0.0082899106	-0.076378175
4202	0.60176154	-1.5405524	1.3077581	467.28065	11.495173	9.9596123	-0.13987214	-0.30289246
4203	4.2884792	-0.19893112	0.64646809	2980.751	41.150986	39.661173	-0.037521824	0.11795858
4204	1.518362	-0.33499741	0.77106536	2522.161	13.574165	12.832613	-0.10116706	0.10165145
4205	1.827885	0.91648939	0.75298894	5373.8347	58.666418	49.416201	0.39975422	0.0072754531
4206	1.735943	-0.25359982	0.41976235	5983.2675	67.795558	64.761547	0.10475635	0.053172994
4207	5.2280449	1.376343	0.44490892	2324.8792	12.605561	10.273111	0.33306628	0.12271727
4208	0.32000721	-0.63491096	2.8971106	936.36297	16.048392	9.9208076	-0.20397819	-0.22012634
4209	5.9125921	0.8837983	2.5521915	572.09572	2.8674589	2.1146889	-0.027596466	-0.00045566618
4210	5.4097766	0.2373031	1.4336442	2291.543	39.319551	23.410532	0.07178135	0.25146348
4211	3.1255974	-0.63571806	2.1051124	2092.969	14.497436	10.431284	0.10009217	-0.029187147
4212	1.7050174	-0.36718097	0.19789071	1296.9668	35.305958	26.078072	-0.0023723086	-0.070794775
4213	1.0213451	-1.239735	0.42261987	561.7	2.4195207	1.8730266	-0.047451671	-0.072212134
4214	2.6610797	-0.7810515	0.41683996	4109.3832	16.97829	14.830194	0.0044843526	0.067803934
4215	0.060834241	-1.0583643	0.94584069	547.4544	1.3887711	1.3432467	0.085795478	0.1443903
4216	1.4371143	1.0602839	2.627903	1805.7781	13.422562	11.98034	-0.0037821104	-0.037436065
4217	1.3581821	-1.0393737	0.39795117	14273.411	92.324669	66.299722	0.27766254	0.17297566
4218	1.4888278	-0.19215972	0.55370391	9166.1694	80.875078	66.840716	0.15952027	-0.063241462
4219	0.8398711	0.7224336	0.40981131	3999.347	64.828407	38.18482	0.042411018	0.33545503
4220	0.1008578	0.58844969	0.39326315	2851.1304	13.960872	12.662067	0.11982868	-0.022524523
4221	4.8021565	0.022645542	2.5679551	1503.5995	14.574824	9.7276733	-0.42945128	0.36701837
4222	5.1149497	1.5275942	0.72926084	5356.4766	73.483137	46.019721	0.027730407	-0.074320681
4223	6.0955736	0.0024292799	0.59812669	1696.4393	30.73485	2.1566711	0.62165521	-0.21594026
4224	0.01837808	0.43171406	2.5736962	1838.3011	23.365925	12.4928	-0.00031157088	-0.11573736
4225	0.80354595	1.162966	1.8447489	507.00492	9.7750877	4.0761823	0.089005807	0.02335807
4226	6.1407757	-0.14510876	2.88556	1648.363	12.080864	10.433632	-0.23816009	0.04423854
4227	4.2644342	1.194071	0.94135031	285.65836	1.9190276	1.7261726	0.038163238	-0.13544444
4228	3.7273332	-0.32378396	0.43437642	2200.7626	12.773287	11.244604	-0.076325205	-0.14756004
4229	3.8198996	-0.028017	2.6486057	4860.6864	63.522138	38.899278	0.01037629	0.31542924
4230	4.4986764	-1.0076797	0.6487214	387.84964	7.5506877	1.9229085	0.28344715	0.015567973
4231	2.2025368	0.39742	2.7077447	10974.475	106.80307	65.009777	0.16050031	0.34950452
4232	3.696679	-0.25459676	0.60887624	4164.967	63.929128	45.25081	0.05002404	0.087184233
4233	0.50234426	0.5728949	1.9500569	1965.7937	45.600906	34.014336	0.036668802	0.023358589
4234	1.6402241	-0.70106354	2.3965289	1205.4342	31.162576	27.224573	0.56712688	0.17978
4235	4.0166293	1.1182646	2.9810156	2190.4891	39.874923	12.618517	0.11168575	0.036388819
4236	5.5196754	-1.0768105	1.953857	514.70745	14.53366	1.6796087	-0.21555147	0.062773414
4237	0.052513982	-0.0018346981	1.357672	2275.2795	47.584282	30.630876	0.007626975	0.32276958
4238	2.5829484	0.90270819	0.92637579	5726.0296	98.448611	44.464478	0.01670194	0.14093585
4239	1.5272665	1.0584148	0.6956806	1212.8678	3.1680819	2.2851299	0.088930318	0.040588398
4240	1.400642	-0.39896224	0.47499642	537.21092	3.8930327	3.6287083	0.13421391	0.20584207
4241	3.0516512	0.71416832	0.20465482	1175.7126	10.177699	8.5686059	-0.002192613	0.112042
4242	4.1098469	-0.441573	2.5437211	9306.1708	138.31547	131.43077	0.23607918	-0.11042597
4243	5.9590956	-0.52285902	2.089465	1005.5389	2.0490591	1.4464902	0.029228538	0.039696733
4244	5.4509752	-0.57349956	2.8758977	12711.956	131.30115	105.36255	-0.088509642	-0.06366766
4245	0.91090111	0.60713383	2.7461689	4867.3554	19.966794	13.017671	0.072214979	-0.062649792
4246	2.6448013	-0.86865056	2.5769357	1393.4788	12.281779	10.565927	0.2975497	0.095726029
4247	4.5605338	-0.80905369	2.8433522	507.94347	2.6959121	2.4448912	0.0078130474	-0.047791249
4248	5.0103884	0.98546047	2.1880919	2239.9163	44.183996	18.016911	0.07456349	0.14166996
4249	2.1536995	-0.63322876	1.2717868	3565.9308	62.67115	52.650592	0.039945028	0.042881346
4250	5.3936143	-0.18004711	2.6288006	4133.0376	16.903737	16.002723	0.13750166	-0.083404832
4251	1.3348021	0.65353586	0.40390285	3459.1126	11.767065	11.457223	0.15137274	0.22843652
4252	0.60101997	0.29099154	2.4411076	8841.8793	60.828025	46.807544	0.09094407	0.17347619
4253	5.6821363	0.19887398	0.3333029	13195.806	103.06768	94.087389	0.17186002	0.023761529
4254	4.1732067	0.78523107	1.772372	1605.7941	19.458436	19.294221	0.0019903092	0.14886561
4255	6.0010163	-1.2271263	0.90727761	11812.236	86.610714	76.883808	0.24061486	-0.042197586
4256	5.9476564	0.49531122	2.4078713	4135.2838	42.226077	18.130525	0.010557028	0.45349091
4257	6.1378942	-0.27573627	2.5897068	5648.7658	58.812423	30.627858	0.0032225317	0.048420797
4258	2.6604664	0.76734	0.83173159	8708.6411	114.10805	51.493464	0.16865961	-0.12853632
4259	5.958218	-0.7489052	1.479166	6644.5984	60.632601	59.496804	0.067770628	-0.18764211
4260	5.918939	-0.38145963	1.0885886	3996.5863	64.988775	42.264698	-0.03887959	-0.0087851935
4261	6.0214156	0.85624891	2.4180556	1135.1715	10.135141	2.0145106	-0.24028234	0.12522875
4262	4.3915907	-0.59084218	0.6015131	3584.1326	47.968089	42.749565	-0.0079144297	-0.025763263
4263	1.4521773	0.37948827	0.21536503	8932.4704	22.881832	18.848591	0.047696971	-0.0062021343
4264	1.3040181	-1.4196166	2.4877856	2841.561	24.602815	12.830006	-0.1416518	0.2100722
4265	0.11118229	0.87582529	0.033611852	9246.5653	58.182663	24.897982	0.00627491	0.015545861
4266	2.9510761	0.0098707793	1.3724987	814.70789	10.000388	8.5433551	0.07996944	-0.081549724
4267	5.8369597	0.32669479	0.56820835	3167.5063	23.936089	12.937108	-0.17839385	-0.021460854
4268	2.2358721	-0.83653228	0.85437624	4089.84	24.785115	22.888631	-0.072945966	-0.042671509
4269	0.42318192	1.2521404	1.1408033	5710.0197	58.507872	49.594059	0.18205479	0.0068075342
4270	2.8409174	0.23579701	2.279222	1145.2699	21.020003	11.145343	0.025511699	0.074505799
4271	2.565628	0.33961562	0.68833078	4901.3049	75.444614	22.873374	-0.0080914115	-0.10271336
4272	0.24294356	0.66172387	0.98676063	2288.3246	43.096614	24.352879	0.0062530765	0.042947623
4273	4.0901318	1.0542624	0.48365769	3057.4658	35.443576	11.158272	0.027640607	0.015249076
4274	3.6314625	0.68460683	0.71114113	4994.8957	64.391885	48.53736	-0.094553662	-0.022165235
4275	3.4073187	-0.55722638	1.6313434	823.20926	10.543712	1.7048208	0.1221284	0.073452322
4276	1.2662445	0.26512942	0.27785471	5183.4743	15.361621	13.251354	0.054721613	0.11763022
4277	5.1321599	-0.60202745	1.3859576	229.51109	29.379302	26.541274	0.042050405	0.25690531
4278	3.3198334	-0.99810445	0.90411417	3095.3102	14.680573	13.806761	-0.080068139	0.32919664
4279	0.043135753	-0.73731494	2.3952712	748.53201	9.9339822	2.1658626	-0.088318645	-0.067718676
4280	2.5824851	-0.47787647	1.021401	442.97665	10.364351	1.7361923	0.30173053	0.048617553
4281	5.6902184	-0.55849706	0.44552662	7428.7396	51.353858	20.023255	0.0025474417	0.0027719213
4282	2.393399	1.3455288	2.6874426	1380.6398	11.433134	1.7209659	0.12603265	-0.044584247
4283	4.0934421	-0.81330717	0.81236017	1575.2034	14.087404	12.796567	-0.087156211	0.033530446
4284	2.6896803	0.82936434	2.5959511	2371.5546	39.223945	34.672894	0.20149058	-0.068501199
4285	0.69097005	0.50215527	0.83267992	3191.8026	14.857252	13.228476	-0.013580713	0.1346167
4286	0.12709749	1.1568001	1.6034962	3139.1291	48.580228	33.442505	-0.030655622	-0.0044786916
4287	0.15492668	-0.61885666	2.1493041	8103.9511	61.030823	60.066497	0.26792245	0.11574352
4288	1.9159718	-0.82228744	1.1077869	594.15218	9.9271168	9.2003437	-0.033387693	0.058682977
4289	2.329484	0.24432549	0.13551504	2725.4809	15.368631	13.240363	0.24505038	-0.073228694
4290	6.189937	0.38887559	1.9129449	5927.7389	54.027456	32.186155	0.29003768	0.19499778
4291	4.2845909	-0.87310191	0.4850247	4218.736	17.751862	16.411123	0.67409217	-0.011116537
4292	3.0284374	0.88916162	0.49033075	2342.1812	9.237937	4.238046	0.074014546	0.18486629
4293	4.65582	-0.43340078	0.44922406	8086.7177	81.892883	48.6206	-0.002560969	-0.09058448
4294	3.5354911	0.27408218	0.3431232	7071.7952	82.975723	42.291701	-0.09364806	0.070310542
4295	1.6296784	0.34444356	1.4638324	826.02938	22.442559	21.947365	-0.12915651	0.048179851
4296	6.199683	-1.0253706	0.28014989	886.24204	39.003367	38.795256	0.037621203	0.6133309
4297	0.097817565	-0.20829717	2.957114	907.09419	11.926733	1.8886577	0.00012867688	0.063388594
4298	5.5155893	-0.75967889	0.61537738	6856.4085	48.269215	37.886101	-0.048178466	0.0086279494
4299	0.63831926	-0.36846994	1.1737649	254.11215	8.7683538	1.416797	-0.13362388	-0.012343382
4300	1.4307079	0.96796501	2.7073554	137.12047	1.6637436	1.2950287	-0.091199162	0.067462248
4301	0.33330824	-1.0218405	0.52942198	1144.2698	2.5841001	1.9091944	0.07040197	-0.078817226
4302	1.3410217	-1.5313733	0.22837881	2996.6843	41.145954	39.215645	-0.079190538	-0.11279757
4303	4.8052546	-0.26678564	0.79107417	3312.4145	52.692843	28.571151	0.18720322	-0.28400939
4304	3.3725102	-0.65981103	2.4003071	3219.9115	27.742103	27.191244	-0.0065658613	-0.0044874473
4305	3.0046281	0.073505845	0.45134284	1638.9553	12.535465	11.250735	0.27451	0.034036227
4306	1.5120543	-0.80337522	2.5581341	2627.4909	18.329549	12.564233	-0.12024241	-0.016737829
4307	6.0915112	0.52251729	0.31100046	6728.3371	64.041221	58.683752	0.073454454	0.004010291
4308	0.62203159	0.20180766	1.0451369	2280.5115	49.049102	41.971361	0.10637009	0.012141584
4309	2.2590226	0.78350919	0.7146048	2310.1964	20.203229	19.658852	0.28550219	0.053545524
4310	3.5177141	0.22753073	2.5616548	9511.0798	74.495447	59.725919	0.0320572	-0.048787992
4311	2.5876279	-0.22435453	1.0745169	3556.7088	58.585071	50.808385	0.031960888	0.048949552
4312	4.6326496	-0.43168708	1.9919914	2858.4598	15.591841	12.632785	0.084706655	0.053687736
4313	2.0504311	0.26926387	0.54588447	800.69913	8.701365	2.0907937	-0.073577834	-0.017317771
4314	0.02877855	1.2914788	2.7299433	2927.7774	12.968242	11.187014	0.0067382511	-0.045592625
4315	5.4199119	1.0488212	0.77419413	7095.0052	77.940269	71.87384	0.014985469	0.21791043
4316	2.9814667	-0.60238869	0.52485239	1629.5586	10.462262	2.3958771	-0.021601662	0.20676229
4317	3.0662221	-0.6059409	0.32975325	3401.9343	42.986561	34.130838	0.11797342	0.15239374
4318	4.124788	-1.002988	2.7897369	2376.943	11.628307	11.553525	0.05829984	0.12817854
4319	0.96716018	0.6918372	2.9044564	9264.2597	63.949266	53.050982	0.0090666888	0.072526209
4320	2.8952523	-0.60391357	1.7458687	4431.8539	54.276762	53.002002	0.0059338449	-0.055076274
4321	4.0296704	1.3025381	0.51947282	3487.0602	57.030026	12.001063	-0.035783302	0.54436131
4322	3.133087	-1.169251	2.7747349	530.25543	2.8405824	1.5801473	-0.069990842	0.072262271
4323	5.0738504	0.3680866	2.23728	1664.7487	101.58549	97.519511	-0.00096593994	-0.51895255
4324	3.7876098	0.8848883	0.74187539	945.58327	10.112991	1.4955695	-0.0035868441	-0.053843341
4325	1.7918558	-0.35996664	1.2407094	1404.6804	39.224756	13.86376	0.30687182	-0.15154288
4326	0.28595993	-1.1675081	2.6145465	6850.5836	68.704136	54.170495	0.47936554	-0.013998818
4327	2.4918914	-1.4557486	0.31223859	2762.008	30.136568	13.349284	0.19395348	-0.030571628
4328	5.3962822	-0.81476329	1.0887747	715.57561	23.57604	10.177652	0.0076581393	0.011648793
4329	4.1381801	0.63912266	1.1840972	555.95427	2.5655927	1.4309444	-0.02552803	0.15662039
4330	2.4499647	-1.3870153	1.7831305	289.94273	2.1052488	1.9088638	0.0475829	0.021208602
4331	1.1844375	0.075727926	2.8193605	786.59293	1.9217248	1.7233597	0.1583155	-0.0047992543
4332	3.8215964	-0.15329268	0.50055293	6192.3346	37.140467	26.305427	0.039700962	0.023752665
4333	3.5844865	-1.0890907	1.2636512	5889.0087	65.022485	57.97031	0.004321507	0.25028459
4334	2.8276071	0.52097287	0.16839409	1978.0719	31.399304	20.933872	-0.055569605	0.10166567
4335	4.1695265	-0.32611452	2.947926	477.59475	2.1827922	1.3385996	0.057744227	0.054510184
4336	4.2977307	0.88675022	1.816353	333.50782	34.486322	32.679323	0.064762559	0.30618556
4337	4.9900567	0.074708905	1.3843039	929.15644	9.0603958	8.2966583	0.023849291	0.1311904
4338	5.5348928	-0.14513569	0.44193034	5194.3847	49.114037	37.117191	0.25625742	-0.16738187
4339	0.12676681	-0.35124388	2.1698847	6519.3094	66.134613	47.19811	0.021304502	0.15226813
4340	3.4908387	-0.83182766	2.2481655	381.7606	1.6828275	1.5485781	-0.17147889	-0.057744006
4341	3.287733	-1.183093	2.1144365	1329.8146	14.844446	11.085524	0.28231645	0.089866324
4342	0.95474722	1.0452486	0.62797683	1658.9232	19.777424	11.936981	0.14025394	0.18127776
4343	1.306777	-0.6437971	0.6219213	1319.4837	11.663182	11.581395	0.25897434	0.19615173
4344	1.7323204	-0.19576588	2.6291269	2593.3366	47.38458	30.319319	0.022999839	0.21911574
4345	4.7017522	-0.12400582	2.7516283	3304.8868	24.24092	21.200042	-0.16752352	-0.036064057
4346	2.6667663	-0.1647957	0.86666836	628.54808	10.517777	1.9521908	0.059631017	0.0016088571
4347	2.962774	-0.4483797	2.7869461	2855.571	13.54095	12.439727	0.070095908	0.087138189
4348	4.8155738	-0.87912469	0.83504133	467.365	10.009374	8.4143756	0.22815349	0.0085240274
4349	5.783789	0.61017808	2.3860048	2435.356	13.16012	12.12901	0.058495889	0.071786216
4350	2.6097381	-0.99065552	2.6220831	2538.1343	19.589864	13.157324	0.34192171	-0.020333271
4351	0.19926084	0.14040756	1.2955326	2084.0157	13.797599	11.164027	0.53498332	0.0021806411
4352	4.9830636	-1.1322356	2.1048215	292.28936	1.8926405	1.302722	0.12436673	0.12786715
4353	3.3882199	-0.39512057	0.69455147	898.01325	10.610464	9.6266699	0.0081523348	0.091913436
4354	5.4731059	1.4791469	1.8368957	1420.9743	10.327098	9.9390652	0.21729791	-0.093007964
4355	5.2344276	-0.64774712	1.9662282	1790.3393	14.928048	10.736845	-0.0084867988	0.18293018
4356	1.9926201	-0.53958284	0.4051814	435.80112	1.7971568	1.6308772	0.0022406199	0.11167873
4357	4.8863735	0.66770047	2.7607227	1693.0936	13.090175	12.21284	0.0059100069	0.088708846
4358	1.4584453	0.15918384	2.4257777	645.38779	4.1343706	1.5334326	0.13432561	-0.040713098
4359	1.8737281	-1.0444464	2.6689277	5269.4295	37.161441	35.09669	-0.13607861	0.53453274
4360	0.25991749	0.51388583	0.34157543	4561.6695	17.758983	13.818739	0.13332319	-0.0044545873
4361	3.9556137	0.85113918	2.3214931	2064.4514	32.983384	26.378898	0.0014005046	0.073499779
4362	0.40740179	1.2109705	1.8157222	4588.3464	44.403983	30.710164	0.064735239	0.054394873
4363	3.2242311	1.2125035	0.27115192	5297.6295	18.475723	15.936898	0.027708004	0.12353373
4364	6.242357	-0.36302397	0.78492416	3513.3735	54.143282	51.529907	0.10353132	0.033033318
4365	4.0928085	-1.0566474	2.9087141	1410.6603	12.74011	11.531395	-0.025665767	-0.013654927
4366	2.9559826	0.016478225	1.4019672	3266.9328	47.959197	42.297092	0.24714702	0.30340443
4367	0.53591828	-0.90562684	2.2945179	603.15497	1.8280248	1.3647946	0.048723813	0.017939428
4368	1.9393382	-0.17650478	2.4215582	3954.8728	33.033206	20.886775	0.040743121	0.038636508
4369	2.9639815	0.70475967	1.3852113	990.14089	37.320566	26.481828	0.0029947741	-0.18077773
4370	5.3807447	0.40768312	3.0863056	1267.1226	12.107987	11.729356	0.16557087	0.19735449
4371	1.4033741	0.39025677	0.90721157	3378.8851	48.760277	41.712646	0.039762436	-0.055566359
4372	0.68420531	0.85173639	1.1379719	1614.0084	12.002983	9.5783338	-0.19346746	0.055320158
4373	5.6106768	-0.60922579	0.6209888	478.85487	3.7020845	1.3531064	-0.0036648481	-0.049756112
4374	2.4874594	0.48111732	1.3274231	5173.1754	69.380255	56.011032	-0.077246704	-0.14752898
4375	1.1114767	0.48082969	0.56706997	9430.5234	156.15711	66.404582	0.16902858	0.049609792
4376	4.8859282	0.96387597	0.9566316	6905.6481	79.421541	63.858604	-0.046313363	-0.053131486
4377	5.1133483	-0.43231088	2.005067	3623.5474	51.793607	45.262683	0.07525187	0.31793552
4378	0.55350962	1.0842268	2.8258852	2145.1365	53.416884	39.37194	-0.2313516	-0.0060479658
4379	1.3591422	0.37334596	0.4808467	4416.6547	17.206256	14.923986	-0.014552394	0.2628263
4380	2.0736466	-0.12277602	1.8054595	4624.8207	109.53722	55.807347	0.09475799	-0.13414311
4381	1.7556217	0.35082189	2.5475655	7989.5711	89.132215	77.764281	-0.071712605	0.13798614
4382	2.1877269	1.1688497	0.86114086	9783.4028	147.60572	70.347298	0.084465716	0.3468167
4383	4.3684962	0.44385042	0.075387004	6309.3321	57.252508	48.907178	0.035714038	0.016112843
4384	4.6215035	0.85302981	0.13770723	549.22459	10.838958	3.0907273	0.0078384941	0.019503917
4385	3.7213116	0.88393158	2.9371775	2530.9072	41.296359	29.831132	0.0044591219	-0.0060036542
4386	5.7578426	-0.12256261	2.744567	5834.465	63.260739	48.686825	0.0076593339	0.02772407
4387	1.4348462	1.0448317	1.0234261	1478.3592	12.737602	12.007696	0.34224002	0.0073952974
4388	3.7221077	-0.5658419	0.60862137	6546.0754	27.762119	20.001487	-0.22907706	0.12710178
4389	5.9496867	-0.94827925	1.1728092	2475.5352	15.034143	14.12659	0.13181771	0.056611699
4390	1.2467416	-0.88299514	2.1671157	1808.5861	12.123766	10.99345	0.0052975075	-0.078331029
4391	1.6324491	0.36686597	2.1007764	6230.7992	69.059098	55.977201	-0.25223253	0.015827819
4392	0.76895096	0.36258127	0.41576038	14539.808	87.313586	82.876887	0.18827131	0.14037383
4393	0.86916298	0.08328223	1.0744824	1024.2185	10.672878	10.274269	-0.31695732	0.17434561
4394	6.1725077	-1.4232079	2.5974116	3239.54	57.870683	42.747365	0.14168934	-0.054802239
4395	2.933521	-0.88109771	2.6966428	1107.9483	10.571017	10.460859	-0.011845295	0.010069691
4396	0.87974167	0.38861722	0.67409306	1255.1873	11.194614	8.9190512	0.014641148	0.5391743
4397	5.2108253	-0.56529191	2.0324542	2284.4729	49.738507	46.857287	0.0069283346	0.26573353
4398	3.3538445	-0.47935508	2.1091578	1532.5364	11.745142	10.97835	0.212708	0.067844062
4399	3.0210491	0.11696089	1.829708	143.52223	1.506697	1.2480811	-0.01903981	0.17474102
4400	5.2996303	-0.57427541	0.83789036	1921.3058	11.334498	10.330309	0.15073429	0.017250116
4401	1.9059248	0.025787934	2.5958626	1717.7998	11.739741	7.9085543	0.025219294	0.2676308
4402	3.9763703	-0.067823114	2.7222376	4815.5219	25.586127	21.341073	-0.024247975	-0.016110647
4403	4.6708882	-0.6023828	1.1691819	1069.6199	13.157086	11.702338	-0.00088491277	-0.014234947
4404	4.6374984	-0.90766427	1.9740092	5361.2026	65.189733	42.955637	0.014953534	0.012653384
4405	6.0318627	1.2201185	0.65089004	2104.1038	12.896099	12.189568	0.029333936	0.067290412
4406	4.8579251	0.21458341	2.5823603	15238.394	102.82215	81.677301	0.014426339	0.047612374
4407	4.8820954	0.7598857	2.79911	1868.7312	19.877676	16.67173	0.041179474	0.06058187
4408	3.3271236	1.4093137	0.54703898	2957.5087	13.986632	10.407917	-0.028551077	0.010313359
4409	2.716775	0.8478156	0.56159683	6542.3446	49.461847	40.062922	0.15884598	-0.0051525188
4410	4.3139402	-0.13293074	0.74204501	1751.209	13.573648	12.062019	-0.026784023	-0.035716804
4411	0.46563402	-0.74231419	2.4581028	361.62788	21.107463	10.043028	0.28191514	0.090013144
4412	6.269045	1.2987625	0.53323273	5757.7841	55.847694	32.414626	0.35748699	-0.039554034
4413	5.8628323	1.0486295	0.70780865	4484.2146	33.95266	14.756494	-0.049643065	0.13419578
4414	5.8002328	0.32242924	2.2059959	1176.3809	13.428095	12.668322	0.22996487	-0.03277154
4415	4.2381278	1.2813894	0.34495783	3087.909	15.480178	14.054899	0.12872508	0.01434258
4416	1.8441134	0.99919289	0.58889988	3471.5816	67.917456	26.001066	0.011486633	0.096468386
4417	4.4606704	0.57852419	2.0564084	1199.5424	24.063562	10.582494	0.065485575	-0.0021004599
4418	4.5670144	0.50655009	2.1109101	1036.3057	10.418535	10.052931	-0.17043995	0.19488409
4419	2.0338288	-0.96231065	0.62734227	4085.1764	13.965268	12.096121	-0.0069218026	0.50729603
4420	0.16184964	-0.15914462	2.208609	6392.5532	128.99138	110.0597	0.15461916	0.022069336
4421	4.9437108	1.0440083	0.58152756	326.86275	8.3296785	3.8060789	-0.18035062	0.038760609
4422	1.3446667	-0.80361723	2.1419118	480.15552	21.950449	2.4778517	0.039114017	0.2852981
4423	3.8266562	0.36137244	2.6174578	1256.9579	3.1505134	1.862307	-0.10414171	1.7747424e-05
4424	4.4500804	0.7895246	1.5236814	739.84648	9.456578	9.4292706	0.25869729	0.064599653
4425	4.4681175	-0.38833149	0.64977923	1936.6519	12.517841	10.942305	0.3734629	0.0048320555
4426	5.095742	1.0712069	0.13356455	14443.486	98.07728	77.420433	0.055922627	0.010937467
4427	3.5040546	0.82918503	0.31884647	2619.026	51.372417	28.775613	0.26592313	0.2357346
4428	4.8104635	0.19388821	0.36169899	808.20945	3.7705177	2.4889077	0.065677619	-0.18601023
4429	2.4518878	-0.035657285	1.0245745	2923.3773	45.387732	45.013338	-0.14067362	-0.0065407089
4430	2.3054096	-1.4654211	0.19216484	7137.6774	59.042062	50.854901	-0.12817367	1.8590471e-05
4431	5.3603424	0.84937099	1.2058893	478.15198	24.699023	1.4458146	-0.29430621	0.062763784
4432	1.2637339	0.45259602	2.5998973	1805.5622	49.210718	42.38887	0.036698222	0.24033396
4433	5.7373327	0.59606119	1.9196051	1259.6606	11.516514	10.425332	0.0071801696	0.10149138
4434	0.07525838	0.70020247	2.6150187	9128.8695	80.171196	50.358044	0.12322601	-0.15746752
4435	3.6050581	0.20801684	0.85832187	190.26004	2.6576061	1.3192051	0.0093218215	-0.0019584487
4436	2.022897	-1.1678378	0.2328935	1575.85	11.338411	10.422704	0.022703259	0.027104199
4437	4.8225711	0.84388553	3.0613675	3352.0881	14.04005	13.903793	-0.052000605	0.14829202
4438	6.1902719	-0.90675955	0.33355326	3806.4968	15.103026	14.75293	-0.0093760679	0.062436529
4439	2.4084659	-0.51364694	2.5370232	8304.4504	72.029682	59.286163	-0.056797276	-0.091219071
4440	1.7640308	-0.036344719	1.3520537	1080.4656	49.820979	43.74957	0.075541236	-0.22465414
4441	4.8295172	0.11392524	0.56265654	1772.9504	13.219105	12.908573	0.027563081	0.0045961883
4442	4.2075464	-0.89323042	2.4511614	4514.0795	65.760664	54.981466	-0.039416358	0.042936661
4443	0.70897316	-0.14720553	0.063483249	2925.9242	13.041909	8.5264493	0.060420598	0.013738475
4444	4.053079	0.64357889	1.6251579	643.68029	3.7877197	1.7824118	0.2830287	-0.096298197
4445	5.4755276	-0.50646261	0.96503845	10418.296	86.938092	75.114237	-0.22297674	0.34363623
4446	4.753324	-1.038312	2.4205579	299.96395	9.99422	1.7388993	0.25999434	0.017647578
4447	6.1673015	-0.16806296	2.5615218	5024.3247	52.210313	14.078643	-0.01726079	-0.1298742
4448	2.4264359	1.0532068	0.61268114	3485.5108	15.583275	14.942265	-3.6005859e-05	-0.12552534
4449	4.9635336	0.51398966	0.99324305	224.84822	35.609951	34.342424	0.022523019	-0.047358383
4450	5.9885184	0.74223178	0.99392555	353.34833	1.5862824	1.3065484	0.08305661	0.0025446752
4451	3.8257153	1.0675249	2.0657776	3825.1914	52.713643	31.146128	-0.01893678	0.21880787
4452	1.6601948	-0.11043728	2.39292	4936.3938	49.233091	28.055771	0.31639436	-0.0063696264
4453	1.2714794	-0.23075124	0.48589612	845.40863	7.501683	1.6802854	0.018072195	-0.067039862
4454	1.5256355	-0.42430669	0.97409419	734.20969	34.272451	11.16398	-0.014374333	0.013267584
4455	6.0242335	1.3527178	2.7412932	982.14547	31.809773	1.9843012	-0.048595363	-0.15719451
4456	1.8418589	0.70344952	1.791062	1102.8293	12.929314	10.571912	0.23549799	0.030152415
4457	1.7996583	0.7508456	1.1870727	2492.5257	25.344235	24.388493	0.046109664	-0.00013600012
4458	4.8072428	-0.97152599	1.5501805	518.77073	2.6368504	1.6050859	0.093578194	-0.11750787
4459	1.2685792	-0.11916567	1.0043432	5369.7805	77.12188	69.057616	-0.00030078458	-0.3449397
4460	3.309404	0.59430689	0.74957427	1712.5118	32.844643	10.519111	0.30712994	-0.091128748
4461	1.7141417	-1.1128998	2.8898585	13786.691	85.422006	63.326037	0.17202408	-0.099845317
4462	1.3316691	-0.69065609	2.1650754	3426.8618	59.241149	48.693196	0.048718278	0.093663472
4463	3.529844	0.013944878	1.5925356	2214.9422	47.815064	41.696261	-0.044203474	-0.017900708
4464	5.8727221	0.41425323	1.182494	240.27313	38.823991	23.727251	0.41393338	0.035090685
4465	3.2617651	-0.75696282	1.9272882	643.01874	28.296114	10.14205	0.2181626	0.049873475
4466	5.5304778	-0.2579641	1.9638918	8594.158	125.11212	65.42834	0.72500702	-0.18676985
4467	3.7776562	-0.86170714	0.71536916	2314.4782	39.191336	12.913182	0.059657128	0.02958587
4468	1.9900912	-0.64068998	0.77647082	624.82173	1.5549562	1.3948609	0.13715787	0.023915553
4469	5.799425	-0.68471613	2.1307265	1393.6069	13.610254	8.8636228	-0.053382829	0.27348671
4470	1.0880268	0.72434752	1.7491159	845.74989	17.538759	9.6762655	0.026148844	-0.047363662
4471	1.4435131	-0.38887743	0.81143061	1999.4445	32.633771	27.030753	0.014907305	0.0053793749
4472	5.8748115	0.35998659	0.61801081	4184.798	60.964005	50.821848	0.053894252	0.011548547
4473	2.7190973	-0.63633385	2.334279	4867.3834	64.981267	63.072031	-0.030272166	-0.018455397
4474	4.0562324	-0.45680935	0.90423589	354.83158	10.047201	8.530145	-0.0016623255	0.012885952
4475	0.52582606	0.40492003	1.8274847	1465.6811	21.258992	6.5914735	-0.043131799	-0.05063457
4476	4.5270677	-0.38705379	2.5114384	1193.5634	8.3319106	1.6763179	0.095037004	0.09814364
4477	3.6913491	0.82096264	0.68915608	1398.4264	46.84246	38.261304	0.0073863722	0.031166251
4478	1.920258	-1.2363486	0.49888323	5878.8109	37.443975	36.978927	0.061822706	0.22062372
4479	0.45252094	-0.2266254	2.069721	4065.242	99.299385	50.36094	0.0090047344	-0.077406876
4480	4.4672216	-0.16072273	1.9933862	1323.1225	10.240582	4.9691167	0.0142424	0.023058402
4481	2.8860116	-0.95921813	0.57186498	407.08524	18.279239	8.148184	0.23392518	0.0495283
4482	1.8466285	-0.091313096	2.780274	2067.2329	44.05307	3.7930382	0.35511342	0.0037803541
4483	5.2816405	-0.80435292	0.31897754	2261.1188	12.22157	12.053222	0.058711059	0.0057185062
4484	0.8074853	0.26948537	2.4503465	2490.1645	13.042127	12.323419	0.31278546	0.1387341
4485	3.2710516	-0.1752072	2.7774203	1216.7503	11.706788	4.7099027	0.05859117	-0.016102698
4486	0.84132576	0.88329222	2.653958	8961.2463	172.41058	142.71584	0.42867797	0.012918126
4487	1.8699536	-0.37865378	0.95775381	8918.8936	83.085979	82.93118	0.2685544	0.13547326
4488	5.2458212	0.97546698	3.0029379	264.42369	2.005001	1.7714637	0.028060484	0.019390237
4489	0.030392891	0.93707243	1.4594145	1866.2529	28.02859	18.911322	0.15630686	0.008785844
4490	4.1643343	0.92085273	0.88175119	1193.0083	11.903907	1.7525067	0.079056099	0.028074485
4491	3.227325	0.4820482	0.75705578	4818.6222	61.728883	59.828096	0.052785368	0.075515189
4492	5.0803294	0.64247155	2.7654483	2413.4678	11.362467	11.263382	0.13335213	-0.18481561
4493	4.0019032	0.13233918	1.0743879	1363.9841	11.63889	7.6989021	0.013004643	0.11072044
4494	0.01894872	0.41906298	2.5105138	6020.2794	63.380421	58.878534	-0.12002646	0.25392016
4495	2.3836073	0.74136199	0.43706331	6732.6605	52.786591	52.358839	0.02170632	0.1233021
4496	0.11733451	-1.2037738	1.8025005	2013.2184	45.659624	23.998119	0.20165869	-0.011632629
4497	0.30161152	-0.64953801	0.99125944	1670.6765	10.32385	9.7348115	0.12144574	0.067302393
4498	4.816228	0.54622541	0.47211671	4925.756	68.149495	52.659215	-0.44410134	0.014876308
4499	4.9825042	-1.0886194	2.7933913	865.29715	2.7020696	1.5864842	0.001688008	0.1176051
4500	4.9779841	-0.34806268	2.1229422	3358.1364	35.212716	32.565856	-0.017086927	0.018732527
4501	1.6098437	0.14625536	2.7088828	307.47744	1.9413875	1.7407723	0.084390358	0.1196799
4502	1.6335483	-0.85855199	2.6162658	4187.9045	16.758333	16.029535	0.067452991	0.13893039
4503	1.367173	1.1724078	2.6619053	1960.3933	10.539711	9.7911779	0.0063064163	-0.24986249
4504	5.8800753	-0.43799511	0.51338033	449.54787	2.8349202	1.4400448	0.11288024	0.044126884
4505	0.61620336	0.95953534	0.4586797	6164.5679	49.211055	32.732063	0.063293213	-0.13705624
4506	1.8318576	-0.069701183	1.0885711	432.11046	9.5759523	1.4810208	-0.13356036	0.20043525
4507	3.7527646	0.90240246	0.74780735	8911.7258	98.514021	79.766465	-0.079725293	0.17876903
4508	2.3751255	0.45185143	2.0478241	2343.5565	35.833349	26.48766	-0.017857388	0.016332921
4509	3.9207468	0.16933839	1.5251317	1197.5832	45.478019	41.157338	0.13311879	0.23709128
4510	1.802854	-1.1762062	2.9568387	3992.0033	16.324169	13.423305	0.025058629	-0.17592363
4511	6.2215539	0.63205901	2.7312977	5356.2385	70.283774	27.830893	-0.063537555	0.051195633
4512	0.66978089	-0.064132858	2.7586261	1622.7309	12.332105	11.562244	0.31021243	0.035507383
4513	2.0585484	-0.30693859	2.1544066	1434.6307	33.757758	30.738617	-0.10810582	-0.092633081
4514	6.0598265	0.073302044	2.1246946	3475.9527	18.905858	15.323304	-0.067410687	0.26132065
4515	0.035950804	0.57456074	0.6594465	3492.6315	29.999049	22.69842	-0.044961702	0.49339113
4516	0.29247081	-0.047132345	2.9129596	3238.5936	14.10718	13.15277	-0.10465611	-0.017867531
4517	0.31505011	-1.1226555	0.95404494	951.43492	11.786645	11.691714	0.078474654	-0.0325538
4518	2.3922531	0.61983318	0.46527058	12995.732	96.814867	90.264032	0.19144206	-0.12936384
4519	3.4718186	-0.42848621	0.36066136	7572.9672	65.364549	64.313372	0.09958389	0.11690797
4520	4.067984	0.59104271	0.75495994	7530.8168	88.264204	79.317569	-0.0075132346	0.00034003068
4521	1.0420287	-1.2885092	0.73609042	2664.121	130.63973	67.099274	0.0079601869	0.016944253
4522	3.1678977	-0.83334225	0.44729944	1976.9677	27.031857	18.335625	0.072030496	0.013320735
4523	2.5290522	0.76210545	2.6341752	4672.6893	42.243422	31.601972	0.54480075	0.0021317217
4524	3.0783316	0.1478944	1.845443	838.41215	42.062662	20.982545	0.033585448	0.048656901
4525	1.4133604	0.57669498	2.4830921	3696.1921	38.311157	37.678443	0.14981779	-0.0099555606
4526	5.2149085	-0.48232104	0.31624673	662.50275	10.764341	1.7437021	-0.22920808	-0.32839506
4527	5.6772491	1.3683224	0.53251828	1230.5531	11.768202	10.920498	-0.081101896	0.33925638
4528	6.2066404	0.74045424	0.22549025	870.54971	2.110254	1.7649805	-0.25618863	0.030669269
4529	1.0150294	0.1172008	2.44644	4076.5486	51.471661	17.063105	-0.0032964899	-0.017754921
4530	1.889993	-0.94893169	0.87151313	775.06573	11.819633	3.7103515	0.53646854	0.033253023
4531	1.1712407	-0.11587156	2.1670707	550.61783	10.814722	9.4696881	-0.61415315	-0.057015302
4532	1.7013657	-0.73463805	2.6917726	10472.296	76.43139	72.018186	-0.011959245	0.015181534
4533	5.8734359	-1.1494878	0.28143912	1981.6471	12.163932	11.272384	-0.59484099	0.021621381
4534	3.5389917	-0.24353522	2.8287025	1040.2898	2.9735526	1.9780285	0.057625262	0.1635049
4535	1.0380135	0.98108054	1.0140844	397.73051	3.4345275	1.3681757	-0.0253446	-0.0028436815
4536	1.9523441	0.48009621	0.59991814	675.33117	2.0936977	2.0266407	0.076625942	0.1972116
4537	4.0333204	-0.88451857	1.4616924	2027.3468	39.555418	12.637417	-0.066411928	-0.075182887
4538	2.0110554	-0.68535224	2.313396	1528.2948	10.948903	9.4038416	0.01981227	-0.066886265
4539	1.118026	0.66969574	0.58077247	5755.8	43.940117	23.843092	0.36126872	0.090828134
4540	5.0816161	-0.84425787	0.28798476	1457.4072	12.643599	10.201661	-0.084073846	0.13002705
4541	1.3844564	1.1717914	2.4564252	3298.1497	33.122999	24.636121	0.0099379221	0.37834597
4542	0.59138598	-1.0100148	1.3665066	1398.9158	11.36705	9.6838675	-0.066597997	0.29543846
4543	5.6647089	-0.22897996	1.8134412	3598.937	47.098153	45.633852	0.055865864	0.048987981
4544	0.14008266	0.0084800624	2.4573046	4429.5404	60.719172	54.541583	0.016545569	0.10308016
4545	0.81302122	-0.96058877	2.2770261	1481.5555	13.110627	11.27609	-0.0025086218	-0.10642308
4546	0.99059137	-0.19889024	0.2997512	2787.0259	43.064156	36.671828	-0.014014719	-0.022610157
4547	6.0390215	0.85137456	2.3095154	969.73663	23.748269	22.568548	-0.13224409	-0.34745138
4548	5.5256967	-0.027744651	2.2200613	876.23047	24.960637	24.031163	-0.013996425	0.3984875
4549	1.8444118	0.38148264	2.9458264	1416.8244	13.137098	11.717661	0.08218311	-0.081537627
4550	4.3616535	-0.030173705	2.0529608	1408.5862	12.165612	11.675359	0.081982218	0.12450215
4551	1.9887374	-1.2029098	2.3364845	1359.1945	11.824988	2.3798521	0.086703477	0.12526943
4552	0.82759042	0.10031148	0.98531209	396.96763	1.3921586	1.292985	0.096163354	0.065237438
4553	5.4752009	0.15098688	2.5913464	5074.173	17.673002	17.495303	0.36831817	0.13591722
4554	3.9290222	0.14518304	0.66591366	1886.636	12.445138	12.320014	0.026533082	-0.0077448468
4555	3.4748501	0.33137602	1.663548	3164.0675	34.099991	13.56128	0.054066781	0.42271253
4556	5.2301372	1.5436654	2.1279669	2318.4768	43.131829	42.622677	-0.068363509	-0.36199595
4557	0.14827979	-0.13858932	2.374758	1529.6856	32.153445	30.384884	0.034384871	0.20692677
4558	1.8031874	0.83806726	2.5317573	860.6848	1.8212168	1.5591089	-0.0075570371	-0.12275388
4559	6.0005315	-0.26479146	0.93860694	568.58351	45.128591	31.051276	-0.065006837	0.22717107
4560	3.1764094	0.41073718	0.68873366	2275.5557	79.994494	37.160231	0.23392505	-0.044090229
4561	4.9732466	0.18390544	2.5004265	2501.1848	38.774951	23.647578	0.011700263	0.12676407
4562	1.6181569	0.45173565	2.3026392	155.339	1.7815305	1.2591088	0.15974462	0.042600418
4563	1.1234485	-0.25720344	2.2060769	6671.5383	55.173132	45.457642	0.0085595013	0.18178627
4564	0.23136686	-0.64659059	2.2327039	4410.2315	19.382237	17.106315	-0.0028144811	-0.15719386
4565	0.41895091	0.11510315	0.45553059	15967.289	128.91784	122.18349	-0.14690255	0.010717893
4566	4.9635078	0.60425556	0.9327461	650.35521	3.4255082	1.9934653	-0.02318299	0.0088675241
4567	1.7213643	0.015829375	3.0302649	10948.207	85.788102	49.80732	0.16442629	0.46717039
4568	4.45389	0.32984237	2.8493925	6876.6361	166.5369	75.567745	0.10210637	0.0080300303
4569	1.2769437	0.13449795	1.652128	1980.5984	47.28197	16.907074	0.11882792	0.14934826
4570	1.3394001	0.33501386	2.4252564	1162.5184	10.156325	9.9060788	0.018035578	0.015436137
4571	5.5657247	1.2231481	2.3419311	2165.102	11.772036	10.776573	0.063471157	-0.090988424
4572	2.5671905	0.81497242	2.5755542	2370.516	23.076933	12.893986	0.017799036	0.17590268
4573	2.7134697	0.44987529	0.17624505	6255.9726	61.286736	53.139548	0.10964309	0.010087534
4574	1.8897305	1.2154018	1.5002326	992.9554	38.192394	33.700695	0.0012191318	0.086445194
4575	2.6259046	0.93986643	2.3493584	5458.7974	63.8275	18.165098	0.14896326	-0.18071184
4576	6.0215215	0.59982914	0.70039051	843.51206	10.106905	1.7786562	0.052890788	0.0063553008
4577	4.5208321	-0.32371587	2.3299437	2352.6168	46.434267	37.777153	-0.010417773	-0.043526726
4578	4.8439091	-0.068247854	0.96902414	2212.3951	18.802292	14.530768	0.0044717014	-0.014250451
4579	2.8048412	-0.45122312	1.5058974	3203.4075	16.430061	15.067965	-0.08254156	-0.034691158
4580	0.089054464	-0.84125664	2.4962302	3832.6991	48.255843	15.236583	0.039762028	0.0056860562
4581	3.8133683	-0.083689393	0.40249975	1784.2782	65.467122	49.219212	0.21536921	0.17928064
4582	2.0594522	0.36207664	2.8089139	3178.9584	13.880362	12.236783	-0.13969706	0.016293306
4583	3.3011889	0.010066612	0.48269156	8075.0744	28.803606	21.963121	-0.17244279	0.16940515
4584	4.9603155	0.8420773	0.94785987	3636.0432	57.721424	34.994852	0.069195304	0.19277166
4585	3.2188393	-0.85337471	2.1846713	2234.1427	13.830809	13.369229	-5.2101082e-05	0.23705889
4586	0.48635845	0.32978236	1.5269771	3072.9744	44.796995	42.907683	-0.047969375	-0.24260362
4587	6.0242594	0.98071963	0.40595924	2409.045	12.152603	11.840144	-0.1548078	-0.0083437705
4588	1.3490779	0.018395972	1.2530066	2045.9594	67.213229	30.537921	0.060374297	-0.041048
4589	0.65643276	0.68604887	2.3220672	2434.7434	23.803078	3.612684	0.045959539	0.22020399
4590	2.0976614	-0.85389545	0.63702579	3013.5392	40.352236	37.00698	0.088679697	0.27183752
4591	4.5477625	0.74970881	2.1996918	3779.5947	38.968057	34.156323	-0.012249147	-0.014281863
4592	1.5528751	0.7396389	0.51718436	3923.2391	39.934178	14.860625	0.014668748	0.16652622
4593	5.700264	-0.55914911	2.316621	744.74498	11.398933	2.2603758	-0.054387349	0.095055185
4594	3.1855782	-0.29879165	0.75743676	6321.9729	80.810492	68.170937	0.00056353224	0.30388118
4595	5.4924688	0.072732934	2.279301	2316.0657	80.793916	49.480482	0.014478304	0.1183903
4596	0.3001112	-0.54797172	0.068041869	2023.575	13.715071	10.375395	-0.059995496	0.27459794
4597	2.6180209	-0.77113084	0.87746506	290.70669	2.1268476	1.6550121	0.041330975	-0.23753996
4598	4.0199301	-0.75419236	0.92985233	1600.0498	15.855605	12.517773	0.026268729	0.27719415
4599	3.956308	0.51270041	0.71763164	1750.4855	27.882882	25.473846	0.093845439	-0.026835616
4600	4.2100215	0.34571651	0.91332436	3761.9776	34.324837	34.184039	0.26685351	0.0046529384
4601	0.31203199	0.95699057	2.1454144	2469.6682	14.524626	14.053978	0.0038568232	-0.027596886
4602	5.5709767	-0.60087552	0.45287553	922.7313	9.1495936	5.842014	0.015730362	0.058466519
4603	0.30029941	-0.51871706	0.98719243	1826.2121	47.23219	44.333368	-0.050927321	0.0029379911
4604	4.5712396	-0.71441405	2.5733274	4286.7775	117.96598	60.2013	0.046736404	0.0035637623
4605	0.32539005	0.75550999	2.5177853	1904.4869	12.602283	10.704359	0.086884862	0.0095025714
4606	0.46159999	0.44353591	0.75089947	3326.2669	14.53241	12.97261	-0.095798173	0.0023371558
4607	0.46417693	0.60105768	2.6923145	7514.1706	65.190945	56.790937	-0.028763191	0.1301212
4608	5.7481528	0.59884247	2.6530063	1782.066	12.255279	11.533198	-0.13754058	0.018246215
4609	0.41623167	1.099961	0.61123553	7223.5926	58.581911	48.629256	0.0040026764	0.16762304
4610	4.5566224	-0.92494992	1.6837839	3764.2148	48.589875	37.393165	0.0031463079	0.11477161
4611	0.66096142	-1.0720886	0.50632456	6288.8266	18.552089	18.497122	-0.0016551821	0.096251058
4612	0.7034117	-1.2579589	2.8431721	4037.1774	14.825146	12.190636	-0.066020074	0.060314674
4613	4.6986458	-0.25225507	1.3068959	1210.4724	11.601967	11.131047	0.0071180637	0.017820196
4614	3.122777	-1.3564144	2.4029881	560.6549	14.796653	1.3436845	0.0067301241	0.15334585
4615	4.8095315	-0.86976094	0.79251099	5720.2735	56.9624	33.816055	-0.0099465202	0.16486267
4616	0.46222346	0.73775599	2.3721084	2628.7505	12.669323	9.111359	-0.16697867	0.015929505
4617	1.7767873	-0.13920037	0.47439683	1015.639	11.732358	9.1557217	-0.019768281	0.030499203
4618	5.9716504	-0.17726373	2.631878	2285.9647	15.699469	14.496968	-0.17577022	-0.040519338
4619	3.1591331	0.67932334	0.65456904	5941.0537	76.638454	61.704363	0.39723542	-0.10661333
4620	6.0814031	0.4482558	0.87730684	1779.5961	31.069215	31.044928	-0.074830875	0.30443084
4621	3.7262809	-0.80231502	0.81919735	2970.7487	12.416394	12.270057	-0.070298561	0.029010622
4622	2.4929635	0.22021064	1.1279637	2115.3997	49.65357	43.196279	0.65010898	-0.0084322249
4623	1.0975072	0.77832446	1.106745	5721.6269	59.120765	31.745615	0.079634362	-0.051429146
4624	1.8439086	1.3103602	2.3044461	200.42398	2.2955362	1.4503973	0.088656679	0.0037177829
4625	5.3796107	-1.490252	1.0608951	5293.3541	66.383082	65.563428	-0.28446226	0.15711487
4626	4.8711233	0.67738598	0.31460209	2416.2266	14.307804	13.014609	0.056460903	-0.12461375
4627	0.50167923	-0.047361094	2.2877503	382.15145	6.256113	1.8421884	-0.0032699107	0.22018335
4628	1.2047028	0.24250041	0.36672929	11976.634	100.71429	62.255346	0.13443406	0.089951836
4629	0.47428084	-0.23676828	2.5327988	1366.4139	46.949226	33.982615	-0.14450735	-0.066995073
4630	3.5346405	-0.03865754	2.6575798	256.07322	6.9353524	1.5166492	0.011166746	-0.010074691
4631	4.9759399	-0.25868659	2.8079467	4479.1854	65.748319	47.540875	0.19807594	0.080783153
4632	2.815282	0.29789491	1.5050928	2954.8338	42.665941	37.495146	0.089386588	-0.053346884
4633	5.5163733	-0.45548671	2.5133458	5882.2881	61.313336	56.432789	0.10485709	0.0057871273
4634	2.4543378	-0.19864454	0.77200594	3995.7933	50.26971	48.586615	0.13954764	0.13467653
4635	0.65294425	-0.031348266	0.49980979	5442.4569	62.205212	47.64933	0.13673212	0.023811491
4636	0.33022072	-0.09570695	1.017055	76.75731	1.9744107	1.696259	0.054781752	-0.0289207
4637	3.68389	-0.31246822	0.23279341	5575.1605	62.725502	19.060134	0.21392391	-0.17705779
4638	4.8962859	0.20698268	1.2025936	3808.3342	66.730227	39.839525	0.019799984	0.064250035
4639	5.8630478	0.40061976	0.78226241	855.82366	84.028938	38.908053	-0.0016189387	0.31814903
4640	4.8463831	0.68310934	2.4611651	1139.7824	3.5777414	1.9685955	0.16684912	0.079380912
4641	6.1405432	0.10626306	2.7112264	235.49469	9.0321073	1.6522929	8.6943589e-05	0.049417866
4642	3.2327274	-0.5754425	2.187905	4860.9356	67.985256	58.003567	0.057563136	-0.16244526
4643	0.85864864	0.37936613	0.17094914	3142.9222	16.233455	4.1188627	0.014733873	0.021677099
4644	0.026841343	0.55720826	2.5689904	1196.5118	11.224271	2.3452376	-0.04491517	-0.023909211
4645	3.7593123	-0.19226914	1.6707569	954.73887	10.092212	9.5399312	0.018115884	0.060810403
4646	0.18542315	0.68253567	0.37999434	1724.2912	5.0117759	3.6373565	0.023439392	0.11562413
4647	3.6185631	-0.95052133	1.0604518	769.08142	8.4423192	3.2900924	0.011948101	0.039309031
4648	2.5716586	-0.11594465	0.6323688	7838.5554	74.427099	58.728388	0.050269036	0.022821808
4649	1.8942921	-1.1478324	2.4891514	1354.3745	13.432231	11.525412	0.026673994	0.1473196
4650	6.2615388	0.061375404	2.7602759	299.04599	2.2505643	2.1231241	-0.077941401	0.25931061
4651	4.3895054	0.23434631	2.0733252	547.17569	20.653636	1.5987582	0.21613211	0.045847693
4652	3.4192877	1.0712697	0.96461029	591.18926	10.115014	8.7385031	-0.0026290012	0.06199632
4653	5.6313983	0.52083192	2.3027719	3919.8299	47.198778	16.029647	-0.10384276	0.045003421
4654	0.032712879	-0.24164007	2.8124848	1075.5164	3.0948578	2.3248785	-0.023495598	-0.0056389451
4655	4.6967543	0.34294336	2.0973913	1377.3554	28.946866	23.854158	-0.066659504	0.10307729
4656	4.6867179	0.46295992	1.0771612	3182.8426	33.797112	27.916682	0.31909971	0.0054359762
4657	1.7336584	1.2229658	2.339303	1402.9705	21.444674	10.241148	0.017053222	0.009667984
4658	4.6833475	-0.39041642	2.5286352	312.96959	1.9647525	1.4820075	0.059080387	0.03011254
4659	2.4804834	-0.098091907	1.293665	414.0772	1.5011419	1.3442576	0.065787648	0.013455489
4660	3.7940692	-0.58610303	0.42553374	5358.5306	56.774404	56.539513	-0.076773285	0.21136131
4661	1.0353444	0.23886152	2.658849	8440.7329	66.757963	52.863543	0.17866897	-0.17450172
4662	1.6856538	-0.75665823	1.5436333	1328.5724	11.83037	11.757341	-0.052841089	0.094416405
4663	4.7654671	-1.1212024	1.2352677	1379.602	13.964087	12.016554	-0.059801135	-0.054860209
4664	3.207303	0.22306287	2.0747352	2083.8887	15.92702	13.130147	0.0046632836	-0.22351008
4665	0.50621395	0.10718405	1.3685907	1678.3838	46.288236	39.143055	0.015867984	0.0058851755
4666	5.0203165	-0.35447687	2.9691185	3004.7106	14.063255	13.03239	0.0049749516	-0.20097027
4667	4.8828278	-0.2621647	2.3962955	3100.763	41.968159	23.025296	0.28962581	0.067514921
4668	5.7045932	-0.67271755	1.101001	2466.759	35.888489	22.727609	0.22633312	-0.26182066
4669	4.211061	0.11249215	2.3022633	2526.8985	47.686235	44.010682	0.0087701846	-0.081983456
4670	4.5708733	0.98661396	0.56975152	524.16372	13.873936	5.3631348	-0.018286327	-0.17824778
4671	5.3408331	0.36613492	0.70483759	1072.7452	11.512411	11.278859	0.30749853	0.45582653
4672	6.2509993	0.487521	0.52010585	5294.4394	44.424065	43.982746	0.043948154	0.0015245633
4673	4.4782546	0.78086299	1.1380102	1017.9083	32.202086	28.318001	-0.21175237	0.12965885
4674	4.461239	-0.17754183	0.80686374	2452.4819	19.308941	12.393628	-0.041327334	-0.15132496
4675	2.6160146	0.98192893	0.92297125	5059.3525	47.016465	35.246526	-0.024129753	-0.013985047
4676	3.5585942	1.4054017	0.24468464	539.67308	25.402407	2.4466365	0.24948015	-0.059324629
4677	5.9819126	-0.94563402	0.63656755	5803.1239	41.65592	39.882165	-0.030236568	0.015570467
4678	5.8520785	-0.53168965	0.23129676	7750.3247	97.383902	65.837237	0.25820506	-0.080417415
4679	2.1840546	0.86366723	0.40695325	650.77445	11.871397	11.608473	-0.056861793	-0.041171761
4680	6.0997657	1.139045	2.1706719	1630.3423	22.497901	22.446246	-0.3107413	-0.21127401
4681	5.5390144	-1.1743093	0.44194767	2754.1154	115.26531	47.544854	-0.20407073	0.032923474
4682	4.9289585	0.86827529	0.30128973	7262.7842	76.359156	54.964101	-0.17702103	0.10419621
4683	6.2018874	-0.70180915	0.71982061	8563.9789	81.138393	81.071445	0.14451788	0.030916171
4684	0.26757631	-0.11332656	0.57022835	640.28671	6.2245111	2.0180891	-0.14345163	-0.069982101
4685	4.3012262	-0.96010403	2.6102056	7662.3175	70.790032	68.228942	-0.14243019	-0.07631575
4686	4.0363574	0.28150789	2.7428346	3282.8055	16.644912	13.495911	0.14433221	0.027635627
4687	3.839573	-0.60575849	3.0499143	854.5684	11.85826	1.4083114	0.015811384	0.009187564
4688	0.42029211	0.86229999	2.6452459	1376.3953	7.4097061	2.2427024	0.0083779192	0.15432446
4689	0.45751955	-0.56203846	2.7767165	805.94791	2.2278412	1.6838595	-0.25263418	-0.02716864
4690	4.9840009	0.91474847	0.091442037	3056.2569	14.255771	13.359165	0.068633283	0.04182148
4691	4.9295819	0.11638586	0.81449271	7791.4764	46.09506	38.797187	0.38058992	0.16679512
4692	2.23153	0.40469331	2.7055079	3159.7981	13.626665	11.412421	0.031413416	0.010364918
4693	4.7973708	-0.58887095	2.3752737	1421.4898	13.011679	3.006734	0.093022031	0.11945108
4694	2.2859188	-0.21881064	0.49687678	4521.1348	16.627589	14.344531	-0.037071694	-0.033820189
4695	2.2622714	0.4046276	1.9797921	5887.3104	154.74193	60.421559	0.42762466	-0.10193364
4696	2.6909974	0.32580921	1.6816985	1337.1166	12.01148	11.015697	-0.11830362	0.0032564516
4697	1.2001339	1.0690465	2.6046992	8239.5839	37.856747	24.827288	0.1603663	-0.034399053
4698	0.37223558	-0.40869603	2.4632593	1717.4296	13.396489	10.397948	0.064204756	0.28674567
4699	5.3079965	0.093096146	0.60269618	2366.9503	12.915247	12.522894	-0.10892419	0.068937705
4700	4.4905265	-0.30444877	2.488111	462.01534	9.6180551	1.3380168	-0.067003804	0.079755289
4701	3.7474964	0.17524359	2.3412865	2629.4079	43.285116	40.644631	-0.091844217	-0.0074453952
4702	5.1615477	0.30134418	1.3639452	2669.3214	47.761335	47.545596	0.010486299	0.06579116
4703	2.8898936	-1.1822299	0.58194311	3607.467	16.28325	15.145846	0.21308673	0.074972526
4704	4.9495742	0.58962332	2.4272403	823.1542	11.174751	1.599588	-0.055034127	0.11182034
4705	5.0946155	-0.90276477	0.90230643	3599.7539	62.185549	53.604195	-0.069076367	0.0037674216
4706	0.047295267	0.38069702	1.5826864	355.01602	29.053439	18.785638	-0.15904208	-0.010116653
4707	5.5298916	-0.13671158	1.9380115	1778.3084	14.443456	11.501411	0.071463272	0.10300419
4708	5.4580617	-0.13803672	1.0322212	2952.9311	47.570634	47.097528	0.0059999565	0.094839216
4709	3.8246073	0.22267788	2.6487751	17749.842	86.663464	78.822271	-0.47527795	-0.16998021
4710	4.5820576	0.024401557	2.5833614	576.16774	37.777785	29.798242	-0.26538564	0.43096158
4711	4.8635467	0.91558843	1.0755395	1064.1189	12.470967	8.9549553	0.017985996	0.012022728
4712	1.2211001	0.1651385	0.92195873	1765.5104	10.815748	8.5840233	-0.010036133	0.20451297
4713	0.28625923	0.43456178	3.064698	2355.4382	28.574717	2.7956268	-0.0097863185	0.095269431
4714	3.6563494	0.78905431	2.5063055	494.6452	1.6009642	1.3314803	0.050920682	-0.14565354
4715	5.8580859	-0.33450307	2.3336606	1684.1624	14.228695	10.848624	0.015267275	-0.25945134
4716	1.0045023	-0.24854718	0.69962187	486.26361	1.5868245	1.4049456	0.067059392	-0.017255099
4717	0.443351	-0.42525145	2.3093035	11884.957	153.33088	118.27077	0.065475353	0.15259116
4718	2.534779	1.1956186	0.8057994	971.10544	10.821998	1.6170653	0.11828065	-0.00069745551
4719	0.063775445	-0.62131114	1.1969777	2179.5727	33.978331	12.782489	-0.0058348014	0.66357091
4720	1.2875262	-0.011102046	1.9829257	596.12775	9.0375751	8.3603165	0.18580254	0.17374738
4721	0.045345768	0.094732064	0.94232398	461.31601	1.8746898	1.7719823	0.12854944	-0.10638048
4722	2.7749415	1.2954889	2.9654599	3608.301	44.306104	13.342456	-0.021802991	0.0012475024
4723	2.5584945	0.30972096	2.3382882	1056.6609	12.080158	10.987418	0.044774451	0.025576728
4724	2.2737384	-0.39057971	1.2878146	7168.5638	73.527527	66.046796	0.056373095	0.076293164
4725	5.4713501	-0.013860131	2.4892268	10262.725	80.090259	72.115254	0.060577285	0.32218007
4726	3.6471536	0.2708517	0.44892132	9268.8988	80.117504	49.112421	-0.087654362	-0.045611119
4727	3.4405249	0.06006459	2.4112528	1931.1399	13.04795	11.95792	-0.016515708	0.074786751
4728	0.88222866	0.080150383	0.96004798	4406.9438	47.419228	38.233708	0.11042696	0.10063951
4729	1.4117851	-1.2128363	0.67163484	2746.2749	46.725362	24.659487	-0.036952385	0.053457667
4730	3.2411039	1.4194705	1.7045972	564.63649	11.031672	2.6981485	0.083289255	0.06146855
4731	4.7682849	-0.47600639	2.2531665	3993.0557	65.918849	47.20699	0.046718243	0.07747301
4732	4.7808542	-0.69551872	0.55574926	3063.1571	39.704724	19.232568	0.089345778	0.10854069
4733	0.27958949	1.1367715	3.0949481	6736.3122	20.148841	18.93622	0.061293847	0.081587883
4734	4.6650862	0.9167228	0.12695262	6311.4253	58.187679	57.135977	-0.014321753	0.29581668
4735	3.1154386	-0.079173316	2.5828834	2007.5227	40.078849	27.023712	-0.23383073	0.36915108
4736	4.3724675	1.223732	1.2861337	1764.967	77.361323	61.22986	-0.032950455	-0.002286759
4737	6.1021635	0.24500387	1.1386186	1675.0697	45.82448	31.194249	0.023308234	-0.41684695
4738	1.455414	-0.55519859	2.9143837	9358.8979	52.702149	46.404584	-0.064369054	-0.15358478
4739	0.5562673	0.39724456	0.93447577	2603.4438	11.803876	10.960409	0.03296636	0.027865507
4740	1.9951582	-0.84918925	0.36451661	1599.8913	17.142186	5.2839701	0.19485101	0.28566078
4741	0.45329503	-0.20081831	1.3599013	1673.2371	49.928335	13.140204	0.20961584	0.21740207
4742	4.5896218	-0.70149669	2.6440317	6721.7023	19.823886	14.692585	0.021492808	0.039945665
4743	4.9565586	0.20310555	0.55933338	2861.0354	146.93747	62.101287	0.43827445	0.058682149
4744	3.8763032	0.85038876	2.1425219	2487.387	52.790486	48.644046	-0.17096361	-0.01072046
4745	3.5962893	0.6675237	0.37787778	7346.1003	65.809631	49.676046	-0.1182666	-0.40030998
4746	1.1610924	0.1425464	1.0333984	5398.1223	73.059304	50.983884	0.0041453283	-0.013064692
4747	5.3930429	0.21470598	0.42968243	1738.2197	10.685359	1.711259	0.35214926	0.17789904
4748	4.7528813	0.51228861	1.676455	2304.5818	45.967407	39.525217	-0.02222514	0.10026487
4749	1.6115849	-0.40569137	2.7207508	4045.0766	30.981084	15.771397	0.05339699	-0.12605519
4750	3.3004701	-0.51702545	0.81236856	107.06147	2.0650034	1.3516148	-0.010258561	0.27037944
4751	5.0101982	0.61432552	2.1617696	846.98436	27.361354	1.4371827	0.083714989	0.025348657
4752	5.5009509	1.11302	0.33649867	11646.421	89.410422	37.262972	0.0035153157	0.19582252
4753	2.7901468	0.94287256	0.74616858	521.32847	1.7456589	1.3619201	-0.16491361	0.036307441
4754	0.34747945	1.0379489	1.8996172	2687.2114	50.949288	41.872296	0.29280399	0.27822752
4755	2.4887368	1.0746288	0.80701408	6331.1585	60.132502	52.917784	0.12694613	0.062216449
4756	4.0289593	0.22333301	0.49316033	1869.3479	16.324267	11.726217	-0.17534407	-0.033121667
4757	3.0831284	-1.0203678	1.8152721	967.21733	10.761175	8.8637809	0.090423623	-0.027119686
4758	5.9056122	-0.75235164	2.3078218	1319.1194	11.88279	11.387777	0.099454284	0.16986095
4759	3.8374593	0.84740933	2.4454035	563.90003	42.926974	16.721981	0.032514673	0.21258626
4760	4.8932156	-0.11101226	2.1749337	531.00353	9.3900291	7.6510694	-0.15057512	0.31987463
4761	4.8701218	0.94276526	0.44699926	10133.362	54.817117	25.300477	0.068337833	-0.048740948
4762	3.9793389	-0.86720571	2.8269248	15394.206	105.1685	84.190801	0.05669464	0.065237447
4763	1.3446864	0.68305538	0.46303572	6972.8628	84.89362	65.702391	0.13788332	0.10202548
4764	1.6186732	0.98147135	0.06128511	11001.357	92.722983	85.579607	0.021430516	0.092481978
4765	2.6534921	1.0540894	2.7370865	2550.9252	20.749936	14.730407	0.27516698	-0.10462909
4766	2.2991294	-0.73906573	0.34382267	5674.1908	63.682271	61.87939	0.16590918	-0.051205774
4767	0.17661082	0.0046172672	1.7878385	4559.5481	64.239628	63.842308	0.17785744	0.14145485
4768	5.1174082	-0.80396508	0.56326359	1765.5145	13.099121	8.1455099	-0.0012939522	0.0072552985
4769	1.1578529	-0.3500332	2.4450463	4074.5958	54.203681	51.876209	-0.022860453	0.044121515
4770	5.6861656	0.021775986	0.97049998	3114.2464	25.04586	18.070984	-0.027861914	0.0054577927
4771	2.5933691	-0.49356423	2.4999613	3793.7344	70.332283	63.611288	0.34355016	0.11486439
4772	0.12028456	-0.25230182	0.74000548	388.62863	1.6382298	1.3292944	0.15271158	-0.00076922686
4773	3.2096624	0.75696734	2.818669	822.71309	1.8860887	1.472185	0.21969755	0.019322204
4774	0.43179446	-0.39732538	0.63386664	1690.9132	8.8467661	4.9301096	0.03738129	0.024012551
4775	1.2019952	-0.52090971	2.3314379	1123.8549	11.69523	9.0233391	0.23237182	0.15568764
4776	6.041696	1.110274	2.4171169	5893.2136	60.564458	53.249894	0.19366753	0.073177355
4777	3.7901859	0.67220136	1.5186477	617.61157	13.234429	3.4263849	0.38547417	0.089792488
4778	1.3605463	0.5871027	0.43325098	9201.6836	71.530414	54.259979	0.088294594	0.016835585
4779	1.9981448	0.42354382	0.41768381	948.0926	2.4417755	2.3074321	0.029800751	0.048394347
4780	6.0705261	-1.0172735	2.2941002	4366.0768	24.50743	14.974572	-0.045045623	0.16228578
4781	4.5768059	-0.13295074	2.7258245	6058.2964	59.874943	52.722044	0.012066705	0.18241199
4782	4.2450386	0.1578805	0.53792063	1775.4575	30.77118	19.595829	0.13042284	-0.052456107
4783	0.91555365	0.14069836	0.5206599	424.60986	10.27643	3.0181607	0.026278609	0.018557206
4784	0.68681903	0.56448937	2.9413593	675.92673	10.551671	9.7430048	-0.13731351	0.21517213
4785	3.2203335	1.1816222	0.15246465	303.50599	1.4771559	1.4431866	-0.16352281	-0.014090606
4786	3.7534635	0.015834561	0.18372573	3243.9635	14.272866	13.675099	0.0070360301	0.071046507
4787	0.74436908	-1.1615646	0.95725987	3255.0117	42.216062	31.917011	-0.010377217	0.059765772
4788	0.20556735	0.1048809	2.8849233	2302.662	45.894587	40.853587	-0.07843065	0.071261949
4789	0.61894832	-0.35256991	2.6597989	2092.4848	12.999767	11.833782	0.10364413	-0.014947649
4790	3.4525393	-0.6592221	1.8934891	1991.253	24.155706	11.560233	0.096937446	0.11378179
4791	2.5510566	-0.37183119	0.60890132	313.68492	67.745947	32.824663	0.22870628	0.18012366
4792	5.6659701	0.54256915	0.64246875	4937.4801	32.234858	22.117149	0.11117594	-0.078566395
4793	5.8845212	-0.32263459	0.436822	7391.0188	110.6576	78.707233	-0.19373158	0.033950118
4794	6.2129887	-0.58004346	2.0472292	2581.0022	14.053684	12.388776	0.0074585071	0.099367872
4795	5.0700949	0.76847587	2.2571738	1796.5015	71.528132	50.842195	-0.21736727	0.26488125
4796	3.6724698	0.82011457	2.5426727	1158.1704	11.627294	11.141841	0.41492664	-0.32850473
4797	2.2488288	-0.5112125	2.3530331	482.86889	1.4723132	1.415289	0.027735832	0.03968665
4798	1.8525213	-0.054801325	2.5869233	2065.2871	20.934755	13.929298	0.018006185	-0.029393946
4799	5.4191128	1.4122264	2.5020165	1951.7005	32.864543	14.062255	0.06381313	-0.013309052
4800	1.2371675	-0.14269607	2.0825741	421.87065	2.0826104	1.3833775	0.015674255	-0.15784942
4801	5.2292727	-0.3529511	2.6028769	3307.506	29.804707	23.895466	0.063889275	0.017302588
4802	1.4178483	0.40057204	2.4869657	731.17568	13.134048	10.386966	-0.33771788	0.025828388
4803	6.1796016	-0.44460656	2.2583294	1395.0703	28.828068	11.542015	0.13795067	-0.077828552
4804	4.7388127	0.28606021	2.3096765	2332.0122	13.082715	12.91598	-0.017409327	0.024929065
4805	0.19900031	-0.60795398	0.87689227	7388.9317	62.924133	56.941237	-0.064652527	-0.0443708
4806	1.1665296	0.15906853	0.97840627	666.79637	1.8037703	1.394132	-0.015667769	-0.048834134
4807	2.2252912	1.2345543	0.27256356	1686.9856	14.930508	11.707403	0.42247153	0.01256269
4808	0.58647257	-0.90171335	2.3478154	2530.3887	21.171478	18.660328	-0.070812077	0.075343806
4809	1.2521946	-0.33185477	0.22397615	12693.379	186.23393	177.71572	0.04996255	-0.0040151353
4810	5.2463435	1.0619872	0.67082382	3595.9497	20.639014	17.884603	-0.15366701	0.1353513
4811	3.229972	-0.54111362	0.3948827	969.6909	11.42332	10.334719	0.36903618	0.070417594
4812	2.8643287	-0.65694241	0.92552331	9420.1	92.038159	75.659185	0.28811347	-0.26078842
4813	5.6793715	-1.0937095	0.42560323	501.44333	2.2758633	1.5296875	0.18706956	0.016380644
4814	0.12692526	-0.92535465	1.4064272	214.15295	3.2888955	1.582322	-0.043519745	0.053992579
4815	1.5552979	-0.59548845	0.32768706	3095.331	55.993761	55.070738	-1.5324269e-05	0.19264261
4816	5.8406545	0.98663666	2.5144636	5645.8158	119.81742	55.79728	-0.012469018	-0.32978044
4817	6.1599071	-0.63943822	0.33550838	603.97565	2.1096627	1.5085359	0.036504623	0.0078727429
4818	4.726994	-0.071244445	2.3340511	6823.2959	59.114796	49.277459	0.097330939	-0.018537185
4819	1.7900293	1.3425113	0.95040738	2888.2071	43.196956	42.298625	-0.0038920063	0.13248741
4820	5.6562788	0.76555351	0.63699209	1985.6848	13.436737	11.980905	0.0097347449	0.33421819
4821	2.9918318	0.20229223	2.6106828	588.14076	1.6070252	1.5467925	0.049805254	-0.060001239
4822	5.2168421	0.40823691	2.5235208	9404.1338	63.354433	54.702091	0.1639397	0.02679984
4823	4.5035734	0.13480635	0.94023738	5722.1905	63.477547	50.061138	0.15410691	-0.10930351
4824	4.0682118	1.2767921	2.3019287	3896.6957	81.916756	47.382885	0.19040429	-0.01559468
4825	3.9277959	0.028739021	0.86458842	4725.5508	63.440363	57.877903	-0.1221714	0.076504986
4826	5.5905414	-0.75090351	0.30424203	925.50835	17.843342	1.4953479	0.1374063	0.1113982
4827	0.36695137	-0.11917947	2.2163807	1882.0654	23.655236	20.283372	0.11872705	0.0071058398
4828	2.2661382	-0.043771615	2.6971994	830.09464	26.931935	1.3989889	0.018383044	-0.031468746
4829	2.6809111	0.26689834	2.7383634	5474.3474	73.878799	68.642982	-0.11663999	0.054817638
4830	3.8913132	0.64461505	1.948433	2515.4439	55.818626	47.371555	-0.10097268	0.07776725
4831	4.4754621	-0.27163311	2.4190827	3094.5347	35.121876	13.234356	-0.13220862	0.023459974
4832	4.6888494	-1.1862241	1.8828389	362.64496	3.8154134	1.816598	0.21471335	0.0084769894
4833	2.5285436	-0.72169792	2.8948507	2005.1012	11.52365	3.7935014	-0.068132534	0.087226374
4834	4.1977792	-0.30962042	2.5237424	245.74595	3.3790456	2.0294206	0.34243867	-0.11306297
4835	0.17066428	0.11156085	1.5775371	886.41006	10.885141	1.9670484	0.45949491	-0.013496814
4836	1.4232236	-0.62736495	2.5986563	832.35227	3.4160566	1.4291048	-0.041067973	0.25368975
4837	1.6875252	-0.48172919	0.66689284	5255.2104	67.426458	50.681518	0.0075635257	-0.014082455
4838	4.1716213	-0.51360035	1.491884	495.74559	10.650777	9.633813	-0.34075269	-0.077823411
4839	5.7045722	-0.60718946	2.9487405	771.48747	12.776975	12.356289	0.35148416	-0.24527345
4840	2.6204918	0.29765043	0.92920637	1384.535	11.30409	10.994783	0.10187519	0.091472982
4841	1.2057398	0.61243012	0.41643877	6157.2121	52.255588	50.790591	0.094098675	0.011779604
4842	1.3222171	0.34065467	2.7819202	4916.2441	67.675384	51.949614	0.086656722	-0.053894409
4843	1.552868	-1.1563215	2.7613387	1480.9123	14.059436	13.25972	0.22461265	-0.10407176
4844	1.7502254	0.53977984	2.9593793	585.18456	11.119665	2.208896	0.0041344	0.029189216
4845	2.1113281	0.64534924	0.42564027	4434.3894	41.550356	40.795787	-0.0067785486	0.031843414
4846	1.2595094	-1.0087962	0.59337007	4138.1323	48.574629	43.872047	-0.028601245	0.093253765
4847	1.9386847	-0.05691982	2.2395183	1947.3788	45.174606	42.713176	-0.013682442	0.02920803
4848	0.23231107	0.096060443	0.49618672	7476.0595	137.44777	69.816044	0.031453905	0.0013168444
4849	4.9022648	-1.173625	1.0249794	2299.2714	54.646168	50.618071	-0.0071001386	0.065414503
4850	5.8507462	0.38931984	2.2724166	6918.2118	72.710108	65.839323	0.10914455	0.034565056
4851	1.830271	0.28483628	0.82173035	4405.9242	53.320034	33.63258	0.13767401	-0.080322348
4852	1.1212624	-0.19133555	2.2323743	7043.3441	88.73634	83.994145	0.10509147	0.018294806
4853	4.9960536	-0.26096486	0.23365433	1166.6501	10.445544	1.8835241	0.12875498	-0.00098643069
4854	4.5168933	-0.095975113	0.41768599	14976.841	103.2847	96.680831	-0.00023471287	0.38554109
4855	4.3951618	0.12628948	2.5350011	341.8461	12.936638	1.7645595	0.033707471	0.18681574
4856	1.4752815	0.61430699	0.78496119	2041.9965	12.247232	11.943658	-0.12186724	-0.045526886
4857	1.779936	0.094111656	0.19745487	5592.8592	61.690683	59.308993	0.097831054	-0.4856495
4858	2.3784859	0.25351372	0.68841728	107.19398	8.9860097	1.3770754	-0.044838022	-0.14913437
4859	2.4782691	0.30452358	0.37953143	3405.4962	16.392337	12.403849	0.048171793	-0.01007629
4860	0.82685198	-0.44526649	2.2415256	1346.6032	11.594436	8.5995699	0.064031917	0.044366311
4861	5.7163746	0.17015359	2.5722528	547.25618	2.0205208	1.9409021	0.057567604	0.099187921
4862	5.405265	0.7376776	2.4657623	6327.851	68.95558	51.163468	0.022186341	-0.16206523
4863	0.8273909	0.43122881	2.4948921	4836.1126	38.541544	14.825053	-0.03908451	-0.29694252
4864	5.238048	-0.32804008	0.9678171	959.20179	12.023791	9.9600001	0.13553912	-0.11866569
4865	3.9235655	1.193116	1.2444798	263.89413	1.4020865	1.2845442	0.077814341	0.19675634
4866	4.660551	-0.94582322	0.48929235	13684.455	85.221541	74.572836	0.087808894	0.12464379
4867	1.838126	1.0853045	2.8310369	1598.0431	18.408793	12.272286	0.017801381	-0.12069074
4868	3.526138	0.8656971	2.5214117	7170.8725	59.225341	36.889814	0.057064825	0.053447714
4869	4.8087947	-0.83845942	0.52703508	4884.3703	67.535184	55.708365	0.028467818	0.045934447
4870	2.1918206	0.061467233	1.4261459	4773.7635	79.640424	60.971268	0.089165775	0.0013415218
4871	2.4326809	0.017997453	2.2316588	3379.7224	51.367893	30.962035	0.1793065	-0.19106982
4872	0.71088857	0.61805076	1.2813113	2128.627	13.873702	12.597177	-0.002158163	-0.02673031
4873	4.9376827	0.63962113	1.9969658	468.17674	10.396775	9.4268962	0.11759778	0.10768754
4874	1.4641092	0.17469363	1.1976161	1192.064	10.836176	10.448311	0.063934352	0.19332489
4875	5.9876662	-0.75574424	0.88030302	1217.4225	14.806451	11.498749	-0.15872191	0.59682527
4876	3.2628229	-1.2024924	1.7703251	408.72854	9.6531219	1.2574243	-0.03237084	0.13717298
4877	3.8222164	-0.8601537	0.86313093	1735.7147	12.437967	11.148231	-0.0036556206	-0.13935931
4878	2.2358939	0.42629635	2.8310685	552.33545	10.720872	9.6371933	-0.17532104	0.050570665
4879	0.25686717	0.055818594	2.4458706	3025.9133	13.893699	13.759728	-0.24612422	-0.27791185
4880	1.7326398	0.36117182	1.9213363	797.35155	16.234011	8.5680341	-0.0027577407	-0.23458232
4881	2.3319125	-0.64775425	0.75221028	1326.391	24.719526	12.232612	0.015829478	0.03519182
4882	4.861083	0.055856749	1.0677925	704.70259	41.913062	31.786983	-0.01836627	-0.012581823
4883	5.0167188	-0.28361626	2.3374287	1112.6324	10.034397	3.9546693	0.24236852	-0.05230154
4884	4.151204	0.38101165	2.3478945	359.37502	25.426892	3.0186045	0.33930125	-0.026657708
4885	0.8027608	1.285539	2.8965431	2055.3059	17.809129	12.087681	0.30214488	0.15881853
4886	6.1939148	-0.60819577	0.80228519	587.42019	1.407749	1.2903328	0.045921192	0.17549564
4887	4.1975356	-0.25226527	2.6771664	405.36212	2.0862319	1.7516589	-0.20889676	0.0090374641
4888	1.5032767	-0.86281851	2.7485141	5471.4005	64.233146	61.026142	0.014655205	0.048943453
4889	5.2881245	-0.40794671	0.95376107	2503.9893	37.401046	12.136745	0.0011480307	0.43977854
4890	2.9173982	-0.40417085	3.1103022	879.04416	2.1689634	1.740941	0.023680268	-0.018255248
4891	1.7783242	-0.079363194	1.0219352	458.89799	1.90791	1.8611165	0.03296232	-0.026466403
4892	4.6568435	0.27925298	0.63525913	1367.7711	11.159334	9.9065613	0.017499279	0.064666222
4893	5.0712295	-0.55123336	1.901755	385.69922	1.7035489	1.4059613	0.093913988	0.19244681
4894	3.4981795	0.36333855	2.1957679	3309.713	51.783003	48.956509	-0.0028156453	0.026105534
4895	3.0165552	1.3719798	0.53194699	2386.7621	13.135425	12.572289	0.19642172	0.27602057
4896	0.65975183	-0.038735352	0.22631577	11984.96	100.25239	92.289334	0.18112278	0.024234435
4897	5.3702589	-0.27263697	2.5903125	3109.5941	107.82448	35.441846	-0.28654928	-0.0012257104
4898	1.4838424	-1.1296369	0.52322795	3124.4012	23.901182	18.895089	0.18679902	-0.046883763
4899	4.7607281	0.94943246	2.2622632	5512.5261	52.26187	46.511648	0.16751914	0.044339445
4900	1.0694651	0.74341214	2.8136108	3746.4206	17.200586	10.413915	0.058382991	-0.21632363
4901	0.16871451	0.45081007	1.9120578	291.03086	8.8805938	8.7313528	-0.049780276	0.17626281
4902	1.8438093	-0.16224629	0.13752528	3758.1887	15.864669	13.536802	0.10579011	0.083235672
4903	1.3141772	-0.24964338	2.3065229	1709.0413	12.270531	10.057302	-5.1236275e-05	0.014805915
4904	3.7317402	0.49333243	2.0732924	364.01086	10.844862	7.9495396	-0.077650815	0.10135909
4905	1.4730647	-0.57609194	2.2218503	4812.2447	14.972269	13.329828	-0.0042196064	0.08112692
4906	3.5569119	-1.0994222	1.5008267	2653.5731	14.780217	11.240445	0.024811917	0.126924
4907	5.490347	-0.98473742	1.3166957	3316.5066	87.086924	43.985583	-0.13733395	0.15681622
4908	0.90774744	-0.093933857	0.89213624	144.02261	1.6970301	1.3949834	0.0058571425	-0.047381258
4909	2.0741383	-0.79075149	2.5709069	1749.9265	11.595399	9.3708815	0.29802781	0.14463115
4910	5.5272626	-0.94533089	0.51153143	1011.8637	12.14864	2.0485946	0.0048294015	0.014969078
4911	4.565478	0.9749696	2.1865593	6341.1374	73.850755	62.446258	0.010895647	0.029220807
4912	2.9792992	-0.41272852	1.430057	1903.988	45.163439	35.128196	-0.35245072	0.0045244745
4913	4.6398763	-0.42159763	2.7949955	1947.2325	14.932035	10.693112	-0.20608504	-0.15408925
4914	0.47470506	0.81249924	2.3821407	2399.1191	48.696971	46.346476	0.10353132	0.033033318
4915	3.12264	-0.91899854	0.16919561	1463.5297	9.7830187	8.7160305	-0.0054709522	0.017635084
4916	2.1345744	-1.1553311	0.54833236	5567.9879	104.28351	57.631376	0.17484174	-0.10166244
4917	1.1159522	0.19343599	0.24213848	9889.9781	66.924651	65.358235	0.025175189	0.006038641
4918	5.716608	-0.74371473	1.259811	828.39575	10.823578	9.4615593	0.053144314	-0.0025444368
4919	4.867667	-0.83861681	2.575569	1494.7937	11.937817	3.7528443	0.026325798	-0.0041169495
4920	2.1699057	0.61540462	2.2310741	6600.1784	65.883098	56.635461	-0.0045323533	0.29155098
4921	3.4991405	-1.016968	2.2560101	805.99453	9.6423913	1.9940409	-0.0072498863	-0.017039809
4922	5.673079	-1.1216911	2.2269047	1343.4186	20.321408	13.380386	0.0051853454	0.31854713
4923	4.6779208	-0.40311221	0.097908623	3437.1326	16.305377	12.628489	-0.0061189294	0.12185445
4924	6.0957792	-0.95382385	1.7086335	8537.5321	82.51983	77.922073	-0.049256434	0.18595639
4925	4.0950527	-0.13803115	2.8340825	4273.5383	37.522535	20.680664	0.04555167	0.015688654
4926	4.3568185	-0.92064652	0.90203782	4622.6492	60.82173	55.245314	-0.00029224667	-0.00022404128
4927	0.92889445	0.34382757	0.67177148	3511.3095	44.667658	44.638054	-0.01283029	-0.063902937
4928	4.5415415	-0.70716833	1.1042445	2174.6362	38.970663	33.841805	-0.11212695	-0.053357056
4929	3.261873	0.81415423	2.5447603	9066.4221	94.445882	79.842095	0.22364647	0.5014561
4930	1.9315632	-0.46626489	1.632007	169.02699	38.483206	34.056478	-0.29730381	0.054237215
4931	3.7069246	-0.57844839	0.48548426	1814.4731	12.643699	8.7841618	-0.080015011	-0.024718373
4932	5.5307051	0.72117799	2.792307	3336.3055	47.139923	42.383755	0.07529776	-0.11780973
4933	6.0578648	0.88103411	1.4157438	1564.8497	45.815918	36.494923	0.26976419	-0.015011584
4934	2.7198321	-0.74733088	1.3835898	758.77406	10.062704	9.9131981	-0.033328684	-0.38719197
4935	2.8253689	-0.25948006	3.1202682	4763.8301	44.821683	23.881134	0.034566611	0.11248599
4936	4.4676419	0.74155163	0.54204222	793.6914	11.01468	9.9843407	0.097784007	-0.020079653
4937	3.6600178	-0.6112594	0.30837238	2033.599	17.010945	10.16257	-0.036283628	0.01511991
4938	4.8835076	0.59882809	0.7386373	4777.0513	56.355992	55.8012	-0.015478176	0.37260231
4939	4.1176103	0.59362241	2.9268279	1023.484	35.969309	4.9120008	0.080047192	-0.33546782
4940	2.5649093	0.91573812	0.86809256	933.79268	11.394637	11.322611	-0.063389529	0.34511687
4941	2.7652487	-0.33077205	1.8109314	739.18472	11.27168	9.3016862	-0.1350103	0.16322382
4942	0.39246557	0.093916636	1.111763	683.64461	54.097562	1.3788096	0.2698546	0.11165099
4943	1.610382	0.75152479	2.2382359	6138.6576	51.073508	41.22946	0.012963596	0.007453777
4944	4.53423	-0.86637189	0.36456598	9702.6849	83.586635	39.343505	0.055476995	0.075754877
4945	1.362019	0.51018093	2.3408041	979.39337	42.475023	35.68347	0.00050252521	0.38248333
4946	2.5939406	0.16079607	2.0330739	1083.8136	12.295201	6.5792255	0.34892104	-0.12458578
4947	1.9160627	-0.76759184	1.9744785	6029.762	61.735741	44.336489	0.024381061	0.0089169355
4948	5.9070516	1.2128248	2.2157591	2316.0891	15.898691	15.611311	0.0043889106	-0.0061877172
4949	3.0474803	-0.53194767	0.93126802	3021.6347	13.301166	11.84393	0.16720705	-0.014332096
4950	1.5469973	0.09483482	0.52577582	8692.897	142.56525	59.095631	0.27134072	0.06726513
4951	2.839672	0.92624922	2.8159834	4759.2607	34.985229	28.621965	-0.268852	-0.010693536
4952	0.47498042	-1.0550863	1.9131215	882.48598	13.113451	11.960396	-0.051643353	-0.13006
4953	5.5323296	0.12480698	1.1275016	184.5344	1.8738441	1.5520561	0.16342129	0.015444943
4954	4.9789727	0.84037062	1.5251537	8573.3466	80.751863	66.12435	-0.090510082	-0.034719972
4955	6.2537941	1.0603364	0.81862435	2800.48	13.895336	13.429218	0.044348091	0.012359192
4956	3.4547307	-1.5204451	1.2837833	347.5217	8.1477143	1.4536265	0.039886378	-0.017236139
4957	1.4410858	0.39229981	2.3992522	3288.707	19.556739	13.207112	0.011333525	0.16067797
4958	1.4357269	1.1981939	2.5733461	9742.8952	82.471663	81.181531	0.017350417	0.28302095
4959	2.4943125	0.083053042	1.5384601	3623.2155	54.109269	47.987073	0.10263926	-0.05355255
4960	0.038321677	1.0469616	2.737101	2237.5574	12.442987	12.234286	0.16401966	0.20620707
4961	0.27758517	0.79065031	2.8169996	2074.1398	11.482887	11.263446	0.15845908	-0.010691134
4962	4.1940266	0.65059022	2.8442692	2988.9493	15.412018	11.975705	0.065443175	0.065510387
4963	3.6417705	0.016034997	1.0507495	4452.176	49.034621	33.570531	0.1741602	-0.0056028599
4964	4.0012856	0.73679935	2.1643434	874.22996	28.582555	8.6912333	-0.15034091	-0.028785834
4965	5.244504	0.12264558	2.2238969	2888.0866	41.837287	12.954677	0.19706829	-0.11018536
4966	5.5183166	-0.32147653	2.5285886	339.84633	2.5817273	1.7608427	0.1120373	0.11912808
4967	2.3941408	-0.66087685	0.61217323	9192.8515	83.776495	64.629218	-0.011755329	-0.12307977
4968	3.874783	-1.0125848	0.5017938	1845.1934	13.123912	12.503191	-0.086590846	0.46325014
4969	4.3766587	-1.0150304	2.1313724	1831.1274	36.675021	35.54206	0.50314341	0.11673438
4970	0.91462905	-0.76316301	0.34691258	1950.5172	12.527036	11.190687	0.13549107	-0.094572377
4971	0.91825878	0.2120375	0.55935371	1733.5151	20.827225	5.788444	-0.0038908974	0.037420898
4972	5.3865871	-0.37734929	2.0859418	720.29989	10.439773	8.9833821	0.02311034	0.083949077
4973	5.3169077	-0.33192549	2.9976825	722.44814	15.911093	1.6692431	0.0029626133	-0.095184961
4974	6.2481572	-0.13647976	0.44709024	4776.6667	61.169393	31.657915	-0.18098637	0.0047178403
4975	1.4464351	-0.92270286	2.6111923	333.16893	1.3036902	1.2826384	0.00025906858	0.030712919
4976	0.44707671	1.0205269	0.3840174	4200.9055	61.254699	59.466876	-0.066124408	0.20153974
4977	2.7290092	0.76915867	1.3231971	1016.9788	29.718776	20.258743	0.010536657	-0.042706614
4978	0.30826153	-0.53688645	3.0321268	1910.4022	13.135818	2.1216834	-0.13423281	0.046170518
4979	6.2389883	-1.2182015	2.7506996	2406.2182	18.753512	5.0716952	0.0075096835	0.030258261
4980	0.16372155	-0.74447947	2.1150386	1291.3331	10.551182	9.7384786	0.078428766	0.030937384
4981	2.5750418	0.26811065	0.22634264	2696.3475	41.460028	11.745931	0.10630537	0.099782925
4982	0.81420855	0.32648231	2.8213411	1962.2623	39.792787	35.767042	0.072290032	-0.027996464
4983	1.4917374	0.26944984	2.2407679	1281.093	15.394498	13.631987	0.14595986	0.24033112
4984	5.2117356	0.96777955	2.0632211	6193.3874	159.7097	155.47583	-0.18718709	0.19817659
4985	6.0312303	-0.040960744	1.1053986	7141.7946	73.801777	66.53799	0.060698929	0.24592974
4986	3.6890062	-0.20078038	0.93916921	2131.4863	14.15304	12.6831	0.034837147	0.028753132
4987	0.54235702	-0.35457356	0.94768479	5343.4218	92.435232	46.889228	0.041217543	-0.015154569
4988	2.2324037	0.82917292	0.74474294	6237.4234	53.215865	29.941431	0.10106409	0.53054942
4989	1.2349547	-0.095534458	2.3725664	1339.2962	9.8294292	9.0090189	0.017191296	0.47383477
4990	2.1624566	1.2283186	2.9825015	990.60161	10.817031	10.443087	0.10975302	0.33477121
4991	4.8709068	-0.85797769	2.1182053	644.86627	11.186656	2.0149528	0.16247079	0.022461792
4992	1.4839583	0.57711767	2.8653746	5340.2345	72.173443	66.551734	0.19738401	-0.016414912
4993	5.1409237	0.62428999	2.8049775	3493.2521	15.256198	9.6515009	0.044977843	0.016598325
4994	4.6835698	-0.22726359	0.93838631	934.35342	10.686268	10.392527	0.0045080924	-0.10651769
4995	2.047126	-0.28116387	0.28001035	5306.6976	40.394698	37.253284	0.049728554	0.12437412
4996	1.7271615	-0.66216415	2.1955755	8174.6441	66.796089	61.285075	0.013773972	0.087252652
4997	3.5957684	0.29788115	2.5328921	4009.5598	20.505019	12.999209	0.090228047	0.11328527
4998	4.7143989	0.39673647	1.4874734	638.09816	35.583074	28.875565	0.17438359	-0.017573537
4999	5.2291955	-0.54230918	1.2219337	2205.8553	37.914529	36.503137	-0.020983693	0.017713016
5000	6.2571303	-0.9877427	0.91356795	2706.7093	97.698691	48.330106	0.023577528	0.064207152
5001	2.2701919	-1.3423033	2.0886784	1845.0152	14.402378	11.61379	-0.10006211	0.10942756
5002	6.0354659	-0.15009968	0.8136457	1622.4595	11.947798	9.9752063	0.36374408	0.10924091
5003	6.0629373	0.58507051	0.91303087	8016.4038	96.850198	76.648138	0.028549068	0.13088735
5004	2.4990223	-1.4092069	0.95609435	215.25916	24.300233	1.7639928	-0.15184906	0.027810727
5005	0.42125278	1.0445947	2.7255684	4765.4805	17.132969	14.125459	0.008679397	-0.078032971
5006	1.6970604	-0.52109122	2.485849	1529.9544	11.349434	2.5639559	0.065330586	0.10284809
5007	4.941328	0.18640105	2.7196221	4648.9689	17.510201	14.190965	0.0035782639	-0.012295207
5008	0.8376642	0.02550049	0.24795414	1297.2792	3.2987023	2.1370716	-0.14066465	-0.049166906
5009	4.3464337	-0.56938995	0.86821132	5221.3937	78.09992	51.386162	0.11514213	-0.17929875
5010	4.539576	-1.0000836	1.6456088	457.76462	25.314095	18.645759	0.0069632856	-0.15934362
5011	3.1639655	-1.2192804	2.3175319	3217.6875	24.275594	14.242993	-0.17596082	-0.0035069402
5012	0.70019393	-0.90897804	2.2202536	1285.3262	12.124806	9.2142477	0.0002406008	-0.070854767
5013	4.1047669	-0.20704189	0.14775579	4599.5182	18.42292	14.384433	-0.0081390046	0.029664662
5014	4.1876312	0.47911753	2.8469712	1228.316	1.6653475	1.5134968	0.33113412	-0.19877025
5015	6.1504518	0.59891131	0.45832812	833.14397	8.0131216	1.9623362	0.056643769	0.15915561
5016	1.4812117	0.67671589	2.8525178	614.54815	26.466193	10.806661	0.0070733618	0.065700936
5017	4.9197314	-0.56875214	2.7979524	1314.7695	13.233421	12.32176	0.00074811791	0.15244736
5018	3.904842	0.9060967	0.2505245	1673.1712	12.573849	10.968806	0.17122224	0.17037538
5019	0.044847945	0.32844801	1.1836895	1993.7257	33.520271	21.862536	0.18006188	-0.21467832
5020	1.8951004	0.2055759	1.3848397	1505.0941	11.276981	9.1785142	0.089498651	-0.051819615
5021	1.6273289	-0.051764672	2.3030393	2883.839	17.376865	14.076965	-0.0092105954	0.029921866
5022	4.9450263	-0.83502483	0.93882772	514.63574	19.473613	1.7680877	0.40260023	-0.086145212
5023	3.4954209	0.093729958	0.98748916	67.331216	1.8772724	1.464153	-0.0062461912	-0.096980139
5024	4.5161078	-0.12967173	2.2015222	3551.6148	42.879515	33.00435	0.37353995	0.087463803
5025	4.1686651	-0.35754995	0.45956954	2766.9786	13.926733	13.425682	0.019559953	0.1181378
5026	2.9382757	0.017553817	0.70874407	2323.7336	33.752053	13.204476	0.032895212	-0.023711892
5027	0.69831382	-0.15914891	2.7692385	606.35807	4.1084975	2.2554291	-0.59260969	-0.12206869
5028	4.6796278	-0.54336795	0.74862981	4403.7304	35.370666	34.92743	0.073307796	0.013999005
5029	5.8247627	0.47441034	0.56897003	2402.7562	40.02806	29.418999	0.0024160485	-0.048842068
5030	5.6683937	1.019363	2.5694084	4120.5939	41.718737	33.884018	-0.00040743806	0.12085321
5031	1.0927617	1.1588428	2.2180743	1183.8601	40.152143	2.5272674	0.13374992	-0.0075303609
5032	3.9032352	0.24173203	0.78444483	1187.034	15.54256	12.703927	0.11436983	-0.063077248
5033	2.3900103	-0.47048445	2.7051196	3672.3327	12.361291	6.8451202	0.10994636	0.030563169
5034	0.63782983	0.30967071	2.9681207	3523.7374	14.61458	14.376846	0.1125534	0.0055722779
5035	2.1137093	0.58579413	2.4202324	473.33192	8.0503253	2.6390687	-0.052927555	-0.037715348
5036	5.1798823	0.490185	2.3364326	241.83254	10.660472	4.1985839	0.36821862	0.20040822
5037	3.0619526	0.32851537	1.1663963	2088.158	23.911141	10.748008	-0.34448307	0.027756052
5038	3.4779294	-0.58413099	0.1604878	906.85727	2.2634021	1.3600893	0.00021017206	-0.02729193
5039	0.92088574	0.53883783	2.5490138	809.19173	1.74231	1.4018576	0.16155832	0.04694176
5040	3.7644862	-0.13570968	0.56600961	2178.4113	12.758801	11.87208	-0.076006112	-0.0014036274
5041	1.0511093	-0.56939133	0.84025595	930.25285	4.0763163	1.5801818	0.12002089	0.13778045
5042	6.1477338	-0.74608752	1.9120577	4165.604	47.66704	16.766953	-0.15961007	-7.0262531e-05
5043	0.35023152	0.50094567	2.5684346	3282.0827	13.299697	13.275766	-0.0063411776	0.40270076
5044	0.4943548	0.57919391	1.1903525	2277.7182	48.751815	13.802301	0.28959496	-0.1039127
5045	3.5990231	-0.85964842	2.3973398	7311.5943	71.741818	56.329035	0.0098816107	0.20958752
5046	4.0355752	-0.45265451	0.1469732	392.33802	1.7551528	1.4851998	0.025530748	0.0069129913
5047	0.43656238	0.95555674	2.6742428	393.59887	28.268916	18.840119	-0.042488345	0.031995669
5048	3.7875931	-1.3228535	0.57487239	3931.6426	14.613284	13.416858	0.46192582	0.045962617
5049	5.0983352	0.33591369	2.6342062	2092.9501	66.835807	37.020734	0.065441321	0.025545962
5050	4.3040216	-1.14166	1.0532983	2406.4238	13.796645	11.473167	0.088527455	-0.068982809
5051	1.7807325	0.52451	2.4799574	9741.3354	66.090105	57.415993	0.32630765	0.35683648
5052	1.8452366	1.0283326	2.3702936	7111.0986	56.899429	52.228413	-0.047306214	0.15895832
5053	2.1347553	-0.30074357	2.77946	10584.809	112.78491	89.321193	-0.1089546	-0.077591823
5054	2.0936843	-1.0750693	0.37636152	2658.2064	13.601288	13.570085	0.43613048	-0.15055614
5055	6.1465032	0.28722252	0.53471116	509.26209	1.6257635	1.4813243	0.3211127	0.05423719
5056	4.572333	-0.17090385	2.6539057	798.96776	10.816534	10.428457	0.063175477	0.18046011
5057	6.2289951	-0.68606491	1.455176	1084.7021	10.759057	10.258039	0.035956525	0.0029038842
5058	5.500394	0.18497563	2.4859422	561.09954	3.2634618	1.3731213	0.086085393	0.044215401
5059	6.0845681	-1.0255965	1.6576567	351.20208	1.7530375	1.4617449	0.19005684	0.13885679
5060	0.87613389	-1.0846645	2.2017306	3098.0293	50.052453	40.113726	-0.13612027	-0.0072867108
5061	4.6974258	-1.3637231	2.0439212	1961.2773	13.526062	12.625839	0.021402922	0.095734767
5062	3.4850299	0.76008869	0.7039318	8452.4663	141.78307	116.18826	0.038176486	-0.087542435
5063	2.204287	0.53183198	2.9052356	2587.5717	14.555564	11.683134	0.0044677778	0.32427957
5064	5.6324961	-0.25254006	2.0357902	754.3916	10.683309	10.267502	0.053399776	0.29713032
5065	3.8619213	0.64475424	0.41385703	1944.3844	7.9629508	2.388953	0.081235792	0.17839037
5066	4.0231135	0.086176199	0.19157886	2039.0954	15.817998	14.51451	0.13370527	0.352654
5067	4.9408212	0.93126992	0.63122757	368.81002	1.3867741	1.2763142	0.24894251	0.04060538
5068	3.4487915	0.063431421	1.2581999	833.91833	13.88464	9.3987504	-0.015475076	0.050858839
5069	5.1506606	1.3026755	2.434352	5652.9504	167.17957	79.950477	0.012302328	0.065785253
5070	5.2595039	-1.3671431	3.0170602	1237.5583	11.06383	10.752126	0.079756954	5.074587e-05
5071	6.1890789	0.83698733	0.56396163	960.29221	10.595402	7.8623323	0.091400523	-0.04778387
5072	3.3657989	-0.84725053	2.9728665	2226.1835	13.593221	3.5806802	0.055813709	0.23881828
5073	5.4127432	-0.27871018	0.58665177	10320.2	48.14969	46.180244	0.018857829	0.047247035
5074	6.2720376	-0.24899324	2.637326	1721.4373	24.990728	12.571379	-0.17483386	0.01081769
5075	3.9388474	0.52202109	2.0380969	2395.7484	30.20677	26.726023	0.075477022	0.00093638577
5076	1.9071321	-0.39072988	0.99891393	569.69455	10.241242	3.0378246	0.24219115	-0.0075295708
5077	1.4421846	-0.18332865	2.8706738	4591.2446	44.799356	44.071007	0.0515625	0.00842447
5078	0.32917666	0.37519507	2.563525	15589.082	116.97593	99.750216	0.20126618	0.17475493
5079	5.4819265	0.60227657	1.9845601	1077.916	37.965509	36.605055	0.33684566	0.026427791
5080	2.776215	0.1408743	0.42263818	4671.7649	55.717134	52.683088	-0.087197878	0.028390208
5081	5.2481835	-0.18735227	2.4002404	9556.7903	73.036214	65.600491	-0.022351447	0.34512188
5082	4.5027511	0.36078209	0.9125611	1942.5276	13.806328	12.555554	0.11231714	0.0015383837
5083	3.5191348	-0.12449283	1.1546998	473.97136	10.659312	1.6764016	-0.182955	-0.091180306
5084	4.5566272	-0.55189384	0.59452937	1598.8635	10.400317	1.8523476	0.04049251	-0.2617473
5085	3.1440324	-0.30935365	0.37171474	2097.4677	11.917176	11.262886	0.0011953868	-0.010176782
5086	2.8453014	0.050711152	1.040396	2352.5076	32.81068	30.842236	0.14066588	-0.16819577
5087	0.54753452	-0.074738218	2.322936	4900.6709	63.537345	62.679663	0.020618347	-0.024738609
5088	5.3527813	-0.71891585	2.7965477	2262.5563	12.371484	11.930259	0.012712104	-0.026443939
5089	5.8192482	0.65864785	1.759698	945.70065	41.750306	37.922446	-0.00029224667	-0.00022404128
5090	4.3420372	0.59241884	2.5538987	1169.4473	47.06346	30.727564	0.3432326	0.10793864
5091	0.48774322	-0.54379211	2.7046211	4698.8424	59.083078	57.766876	0.32204839	-0.14539261
5092	5.5255711	1.3644735	0.44586579	2520.8235	14.134579	11.582631	0.14849198	0.021776263
5093	2.4871665	0.056670743	1.2121105	1023.7916	32.781916	23.902063	0.1332041	0.058689967
5094	1.5926825	-0.35353597	2.0305234	577.10926	20.578416	2.1736254	0.0039318268	-0.066604182
5095	2.6296936	0.89058342	0.90130885	2470.5379	13.510219	13.040241	0.0013946202	-0.060479836
5096	2.9444682	0.51702523	1.076839	2977.5725	35.38865	12.593667	0.058471584	0.16714786
5097	4.5208467	0.44816934	2.1531671	1371.6817	11.180876	7.084841	-0.25367809	0.032779434
5098	5.7152086	-0.59142236	1.9883555	5377.6505	44.522301	37.408657	-0.14952276	-0.0076926292
5099	2.150127	-0.14716472	2.137025	1131.2754	60.04695	27.452974	-0.066046497	0.55722661
5100	2.450482	0.26787946	0.84431222	2778.224	50.372593	28.192241	0.046131175	-0.040330525
5101	5.8813955	0.57092818	1.9822007	5892.6318	153.73844	58.558591	0.047107601	0.019773137
5102	3.6732934	-0.96105833	2.9558627	2095.4603	13.08925	12.809902	-0.0083829023	0.22697874
5103	4.3106621	0.43464901	2.0487537	5437.7598	64.457617	59.881198	0.18484487	0.14260495
5104	5.6123065	0.74010631	1.7567138	3015.5757	53.775265	47.527832	-0.0011701317	-0.08578561
5105	2.1691059	0.05535635	0.55965475	1755.1213	12.761025	12.033427	0.14587375	0.018388314
5106	2.1940194	0.58859658	1.416251	1511.7557	41.066203	27.998487	0.25154108	0.0061775439
5107	0.13557456	-0.1645995	0.6491046	3574.0174	17.394539	12.799175	0.013770343	0.033139387
5108	0.10215036	-0.39854009	0.61573338	13035.239	90.576439	69.709575	0.0076593339	0.02772407
5109	3.8993759	0.033510586	2.353167	4674.1871	61.443769	55.692176	-0.15431219	-0.019709583
5110	5.8610712	0.15080878	2.6199171	3794.3349	50.670746	29.070077	-0.049523293	0.068375042
5111	4.292964	-0.40984109	1.6149677	2117.9016	50.644931	38.969108	0.17551023	0.18842571
5112	3.0525567	1.0034372	0.49296806	331.18496	9.5504498	1.456519	-0.073717653	0.0507214
5113	6.1001064	-0.4602847	0.30578501	3110.8182	33.844266	15.332141	0.2834586	-0.2034226
5114	5.1493982	0.49091774	2.7524982	10389.79	120.41338	58.591081	-0.090548404	0.019624634
5115	1.9017163	-0.027257642	0.8876339	1276.0485	13.17816	9.0668614	0.058802367	-0.10135613
5116	3.2194409	0.41566858	1.1254603	2479.7261	76.326272	42.011254	0.15615301	0.099670039
5117	5.940345	0.54206325	0.66418679	3616.1166	12.9645	12.932264	0.064381343	0.11038346
5118	0.65265705	-0.051578997	1.017618	1801.3654	41.782324	12.575178	-0.049637329	-0.0013519416
5119	4.8584327	0.67998054	1.6909131	6268.2094	74.773562	60.459645	0.083685121	0.044227744
5120	2.298828	0.45762185	0.98336847	365.67601	8.1273959	1.5146302	0.22194716	0.00961694
5121	3.2692864	-0.10153331	0.81383323	2616.4242	12.418223	12.053145	-0.05578559	-0.041877238
5122	2.4548627	0.35765337	1.1089534	5556.1047	86.088157	60.986844	-0.28361502	-0.13454641
5123	5.1360585	0.31892457	0.66376227	3566.4698	64.6825	61.153097	0.0055987588	0.0047281723
5124	2.3558659	-0.70164081	1.8325516	104.39618	8.0015815	1.1942192	-0.3534767	-0.023478111
5125	0.7994663	0.0054259481	0.54798281	2568.7032	56.639652	37.382567	0.15826038	0.10862192
5126	1.1415959	0.75565405	0.48262983	9286.2073	114.41072	106.83821	0.10182853	-0.0022777893
5127	4.0748972	0.049576401	0.49764552	1538.2619	10.603595	9.8530511	-0.21192967	0.046898301
5128	5.2191624	0.98761153	2.2990689	9029.5178	69.971606	64.32038	0.011613796	0.05235927
5129	5.4071098	-0.3830741	0.67058238	2796.7006	59.058571	34.947555	0.044353522	0.060972051
5130	1.1599991	0.61665545	0.91145101	878.90403	41.922431	2.2865648	0.0039336425	0.062588749
5131	1.0878333	1.152281	1.1497847	2414.9043	12.728123	12.57301	0.084190015	0.071658278
5132	6.1432739	0.027804375	1.8324359	1228.5335	29.834536	11.460739	0.10183652	0.13496112
5133	1.5470606	1.3104525	2.2470492	797.08564	18.304573	5.0873315	-0.0038908974	0.037420898
5134	2.6929584	0.25531267	2.6046626	815.94814	11.179208	9.1006813	0.022450176	-0.0070687279
5135	2.0493397	0.664212	0.7833428	4902.0055	16.590697	14.960472	-0.32089172	-0.20137213
5136	1.064926	-0.21822693	0.60801065	892.70121	10.933941	10.642447	0.010033479	0.24527885
5137	5.0471785	0.12689573	2.6841151	2869.2663	13.562826	12.734152	-0.15199409	-0.0076062
5138	5.6980588	0.54987081	0.79132747	3356.4775	44.660417	43.230099	0.0069642665	-0.0078752853
5139	0.55612394	0.37823959	2.7347753	837.91247	1.885325	1.4343617	-0.0084885479	-0.099297671
5140	1.3741546	-0.88309072	1.9537159	1440.7197	21.222255	11.468549	-0.087769859	0.037654865
5141	3.3420684	-0.11678783	0.51520153	3484.9801	42.118268	41.43452	0.088472784	-0.32484725
5142	2.0306741	-0.98322762	2.5353264	463.59447	1.3014152	1.3009266	0.082012627	0.15761317
5143	2.6203797	-0.67399071	1.2531067	471.77454	1.7685764	1.3457476	0.33983507	0.0024531468
5144	3.7870816	-0.74272863	0.78429398	3401.3751	59.97946	40.353444	0.083420093	-0.026888731
5145	3.6509859	0.72458489	0.59179117	1682.6108	12.063758	11.951063	-0.022737101	-1.5035719e-05
5146	0.63384123	1.0774082	2.1571968	2025.1782	48.165097	40.962515	0.042924653	-0.16661648
5147	2.9060808	-0.55843486	2.4732339	2765.0639	11.801551	11.345101	0.011158687	-0.057171185
5148	3.3344019	-0.42891111	2.6461937	691.52227	12.623143	3.8989129	0.074359696	-0.020751162
5149	3.4331239	-0.43651765	1.2204613	803.55354	25.164449	1.4530352	0.23236875	0.18464842
5150	0.69142672	-0.32495132	0.78869323	15445.457	115.06325	83.028121	0.1019838	0.15442105
5151	3.9138574	-0.42464307	2.1386013	488.05628	1.412665	1.3861721	-0.12840634	0.041800065
5152	1.6565789	0.48621755	0.80332118	2993.5356	13.161669	12.879106	0.2497799	-0.0073385447
5153	5.0537225	0.07652295	1.4754791	3242.5056	26.652039	13.093013	0.038901526	-0.11673499
5154	3.9591643	0.083318035	0.75852914	8117.2557	88.199225	74.973772	-0.00053352802	0.17021708
5155	0.23809353	-0.78079378	2.7346151	825.11647	10.426428	1.3943805	-0.014631617	0.17770869
5156	4.4517053	-0.61159446	0.51327053	686.7403	1.9823225	1.4442213	0.17321712	-0.18805713
5157	2.8070198	-0.63928733	2.2769959	4696.4002	61.850107	47.475171	-0.070384086	-0.42721067
5158	1.2953936	-0.53935541	0.96877794	1789.9678	34.866964	12.22593	0.031292792	-0.017538538
5159	1.0475005	-1.3241764	2.1475043	4406.5513	60.840282	56.106212	0.3212125	0.036946648
5160	4.6780731	0.17359859	0.72977785	3757.3711	15.713863	11.566298	-0.047814052	-0.17689945
5161	0.82188411	0.57203947	1.2881567	396.02821	35.541314	25.995296	0.077258827	0.03926057
5162	2.341009	0.58901504	1.4840579	1027.7409	37.173762	28.460925	0.069672675	0.13137856
5163	4.4944805	-0.70193822	0.69341604	919.82534	17.565961	10.323537	0.023203155	-0.0040381139
5164	2.8308551	-0.9180392	0.85264901	8819.4259	154.59286	76.43323	0.00075950375	0.12059247
5165	0.6821539	1.051968	2.6852238	7691.0985	92.965981	50.443359	0.031030294	-0.10686638
5166	5.6695891	0.97795237	0.51610546	1583.8288	10.680723	9.9487511	0.087519853	-0.0062147713
5167	6.2738834	1.0277831	2.3885194	6776.4843	62.662504	45.387704	0.5177519	-0.017361633
5168	4.7853183	-0.42393805	0.78279753	5552.0751	103.26301	60.08235	-0.0021465599	-0.15988664
5169	0.95723056	-0.27955442	2.3688017	5398.7462	40.511666	18.416572	0.049189548	0.045116181
5170	1.1528462	1.0906881	2.1435866	1164.9928	3.02774	2.5668327	-0.072293021	0.051232676
5171	5.0781514	-1.020564	3.0701405	5323.6938	39.862258	24.756448	0.00082707718	0.019186668
5172	0.82052025	0.68485915	2.1206724	395.60281	22.500845	1.5947618	-0.054787898	0.06802589
5173	3.8076366	1.0539629	0.16132985	8460.3748	61.251311	54.935211	0.0061058328	-0.011607791
5174	2.2603394	-1.4346784	2.7626681	2173.8653	13.359905	8.1319005	0.1801622	0.11413144
5175	3.3890637	-0.5221767	0.18653745	3050.2663	15.907021	13.214599	0.1755781	0.030494632
5176	2.9265745	1.1756178	2.8120358	2701.8811	45.833252	39.473748	0.22419277	0.062818218
5177	1.9741789	0.35921076	2.2285184	323.84941	9.284189	1.3804384	-0.012048614	0.079831667
5178	6.0177963	-0.25441848	0.91578765	292.97285	9.4546212	9.3073354	0.02852947	0.17939138
5179	5.0378621	-0.051249942	2.4008202	396.77823	1.5634439	1.4410163	0.041727659	-0.10675215
5180	2.943097	-0.23281672	2.6663537	2907.4623	14.558382	12.040568	0.19653008	0.26802361
5181	5.9046428	-0.86779362	2.9351469	7104.4557	25.72031	16.622457	0.15860399	0.032145601
5182	4.9344987	0.43517955	0.34767949	5589.4055	27.401755	27.350266	0.18430676	0.12654504
5183	1.9771271	-1.0576379	2.8173514	1742.3846	23.689218	2.4940228	0.0025783879	0.24805115
5184	5.8408479	0.67042993	2.1948076	3583.2319	27.547224	20.647287	-0.13295884	0.0026932404
5185	6.2564424	0.11700521	1.2130034	6821.0725	79.359695	72.784365	-0.1525538	-0.0031146937
5186	5.5350296	1.1585079	2.7977923	1832.9229	11.893584	10.619189	-0.0075684379	0.00092458319
5187	1.5765456	0.65810909	0.68209296	12845.666	84.728516	53.326888	0.00023208691	-0.028467701
5188	3.6022579	1.0860299	0.51363655	13654.252	191.41955	98.789752	0.13177814	-0.077786104
5189	4.4477172	0.05381474	0.51735002	4119.5647	38.062563	34.833148	0.017004454	-0.0028760476
5190	0.20552296	-0.19852949	0.14192989	1288.2889	11.610898	9.5899095	-0.00018081811	0.0054088366
5191	3.7307022	-0.20156936	0.43884189	2703.2059	31.729969	30.863786	0.38335048	-0.26275282
5192	0.37074268	-0.20293052	2.3064468	3683.9825	38.612127	35.003473	-0.045037646	0.26589569
5193	3.8252449	-1.0401703	0.59847579	931.29349	11.000853	2.4237129	0.26036531	0.014910354
5194	0.66022731	-0.36450231	2.815911	4031.3518	65.744875	56.107648	0.027144986	-0.021403234
5195	2.8028958	1.2497319	2.6654446	535.82565	2.2708609	1.8399772	0.061094408	0.13320106
5196	5.3415175	0.97711074	0.69878625	948.56225	9.3086145	8.4758302	-0.064639082	-0.073568214
5197	1.0509788	0.78075748	1.2108532	994.29605	10.039435	8.8538988	0.31695986	-0.14320534
5198	3.3905993	0.68507224	2.6231829	887.3858	9.7531801	2.3034636	-0.0048904654	-0.072529877
5199	3.2701514	0.65676204	1.0504984	3031.0516	13.698485	10.903249	-0.10896904	0.16211895
5200	4.7871474	0.34659004	0.7817726	5637.6021	51.539619	46.394948	0.097963173	0.10185691
5201	0.11944644	-0.54858761	1.496523	1915.6606	13.648241	13.441035	0.070847381	0.010739369
5202	3.7487273	-0.040767909	2.676142	1110.27	2.7214833	2.2814799	0.063957352	0.045100832
5203	1.8038858	0.36903763	2.3255168	7520.8664	62.871263	48.266781	-0.063831077	0.036983644
5204	5.0261576	-0.29184037	0.46359758	460.44035	1.4157375	1.3240888	-0.00016723373	0.047806029
5205	2.4987319	0.17906576	2.6563635	3845.5081	43.493191	35.571363	-0.017675679	0.19415552
5206	2.3006122	0.74031918	2.2218989	2893.5366	50.282103	33.703785	-0.089328447	0.18602776
5207	1.7439676	0.2917371	1.7489251	341.14949	3.0882147	2.2886665	0.026276969	0.0065578905
5208	3.425955	0.90026505	3.0607674	1024.0104	9.2857667	2.8518671	-0.016597023	0.0059339615
5209	1.4541318	-0.29459257	0.45240965	5942.6969	40.95766	39.848539	0.03498309	0.16756721
5210	2.8346351	-0.92315291	0.63469232	2108.3943	20.696773	10.461793	-0.014992548	-0.12781477
5211	3.4312681	-0.024624764	2.287817	3645.8741	66.241282	50.36676	0.03624505	0.034694047
5212	6.2610018	-0.14061983	2.0832938	326.80668	5.0205065	1.3010467	0.0094076761	0.012904105
5213	0.97572001	-1.2434529	2.811412	10806.229	115.51188	112.95239	0.10804787	-0.040663498
5214	4.362243	-0.62494284	1.4008577	336.80965	1.4466419	1.4169936	0.079253116	-4.4457905e-05
5215	1.11404	-1.2437121	0.16797181	14667.099	111.57639	59.49486	-0.11756999	0.07263362
5216	2.2820748	-0.47187644	0.52117802	431.6714	1.6222995	1.4610969	-0.014746864	-0.0048204728
5217	1.3806061	-0.33367272	2.2605897	1209.898	11.158741	2.347275	0.65446484	-0.033547281
5218	5.0952586	0.53093183	0.65263185	9267.4841	80.563896	61.571623	0.2351859	0.048794246
5219	2.7423468	0.89675995	0.38479497	1922.8191	12.59957	11.876791	0.36385587	0.15373189
5220	1.1432357	0.77569844	2.536477	3870.3899	54.837899	51.561613	-0.0070293035	0.45691859
5221	3.6879275	-0.98746205	0.7525618	5504.8851	16.813776	16.324728	0.55567172	-0.047033543
5222	1.8658316	0.67756591	2.7448092	10932.634	82.455594	62.963107	0.10676386	0.40055505
5223	4.2937474	0.12056823	0.46361029	3421.7984	14.041178	13.869661	0.033529806	-0.003602179
5224	2.6559435	0.69476274	2.4745541	326.96515	1.4530777	1.2337574	0.057704262	-0.046774154
5225	3.9325326	-0.33848176	0.91385225	5154.831	43.24682	18.398436	-0.079816943	-0.0067524604
5226	3.9921563	0.34327147	0.68625125	5993.9597	44.208978	43.143676	-0.12044278	0.049812286
5227	1.8833782	1.2157409	1.6613819	848.90244	38.584926	35.500901	0.2745912	0.0076556031
5228	1.4254903	-0.02323922	0.32512696	533.50648	1.9976611	1.2995898	0.073891751	-0.018631941
5229	6.1015709	-0.72288118	2.1674954	1130.7677	62.594169	11.43084	-0.045922284	-0.0014451441
5230	0.0049889044	-0.4353478	2.2351381	1416.7544	34.934678	21.912271	0.1733827	0.032066137
5231	3.2814186	1.5039757	2.4758104	1214.0704	13.124038	11.59077	0.031435077	0.16323368
5232	2.8144414	0.14400265	2.2467345	471.69327	1.568998	1.3551955	0.11122725	0.010401154
5233	4.3286718	-0.96065623	2.6424947	1581.5152	43.961244	37.701667	0.40831676	-0.013559319
5234	5.1471335	-0.32488881	2.605712	1926.0508	14.989044	12.203545	-0.12749711	0.16214169
5235	0.66675358	0.2081375	2.7953795	6252.9966	55.531278	48.655815	0.075123581	0.093719596
5236	1.4182248	-0.65094033	1.3104965	1543.7702	11.013852	10.703993	0.0026448606	0.19191244
5237	5.4282908	-1.1276311	2.211113	7558.8071	64.622355	60.41201	-0.1066244	-0.053381015
5238	0.4532823	0.66414172	2.2123242	738.60248	11.859268	10.977595	0.12227339	0.051750964
5239	1.5233007	-0.61985886	0.36726896	2292.1806	17.056558	13.325045	-0.17221793	-0.095446814
5240	0.41543889	0.23264418	2.5955172	5955.3146	63.354587	59.922127	0.01211919	0.77415654
5241	3.676284	-0.89713669	0.44465395	1681.6075	8.5903416	8.5795598	-0.040733926	-0.08315691
5242	5.7876876	-0.17187154	2.073374	3449.1402	34.737038	26.505477	-0.012905502	-0.0026064662
5243	6.1404082	-0.10013247	2.5342902	1132.0194	11.342387	6.7066318	-0.058030706	0.13047545
5244	0.76223409	-0.22812668	2.15063	770.80343	9.1556449	2.1408588	-0.011053195	0.0086596982
5245	5.2469949	-0.98808837	2.8745323	5242.3078	15.695844	15.094141	0.2389405	0.25020502
5246	4.0403252	-0.032037471	2.5758361	4081.9649	57.452991	25.142233	-0.052970833	0.058373597
5247	1.9280234	0.5966573	2.1162566	703.68055	11.238819	10.719046	-0.0002488046	0.047639592
5248	3.6780946	-0.72009733	2.3493292	5620.3542	125.84692	53.651665	0.028707433	0.065408433
5249	3.2086975	-0.47200237	2.8463412	1484.7838	11.521865	11.503128	0.32954379	-0.05505927
5250	1.6636544	-0.4065049	2.2852625	1257.7383	36.94162	9.8816629	0.26939162	0.034360755
5251	4.8515578	0.15686147	1.8901253	2172.2342	19.774874	12.52014	-0.018114202	0.50625802
5252	0.11046231	0.73071774	2.7189561	1519.5997	12.59818	2.1741823	0.1815435	0.044875902
5253	1.5318063	0.87569358	1.3138943	1051.485	7.9995151	1.9436278	-0.45846772	0.028760473
5254	4.5820968	-0.3445223	0.21452367	2535.908	38.516866	37.891583	0.088472784	-0.32484725
5255	4.9091356	0.8241653	0.83481448	1657.648	12.325612	12.028456	-0.072568535	-0.06148002
5256	4.8498489	0.76247868	0.93721936	13987.495	91.759028	79.949178	-0.010892578	0.13200268
5257	4.1820131	-1.1680415	0.55098609	3657.0986	15.193085	13.225266	0.026218459	-0.017676547
5258	2.3894353	0.13476124	1.5873044	1140.2632	17.216583	12.850807	0.36874446	-0.20405498
5259	3.0443365	0.90490096	1.024488	1069.554	13.937694	11.921231	-0.087249436	-0.2688516
5260	3.4661303	-0.95995313	2.4825927	2836.3427	12.227187	11.721953	0.053132003	0.27694364
5261	1.3038517	-0.69464578	0.50012573	2347.5377	12.661155	12.506494	0.033529806	-0.003602179
5262	2.7117266	0.46037629	0.44996996	2569.3051	51.487121	32.367346	-0.11338666	-0.092314636
5263	1.7479472	-0.80507016	2.8831222	1765.6552	12.201409	10.261081	0.24441142	0.033307676
5264	3.7497831	-0.056526307	1.1928207	1838.1338	37.047373	34.687071	-0.049017956	-0.19212661
5265	5.2647227	0.29517387	2.056028	4304.5454	36.135427	15.86913	0.012778324	0.024213401
5266	2.8353238	-0.97489169	2.773868	4082.201	16.775159	12.908758	0.0078913728	0.1252874
5267	2.0872831	-0.30361843	2.8842341	625.74448	9.7232218	1.5803057	-0.012755303	0.2196372
5268	4.8873118	0.5145114	0.4656507	3336.7603	47.09096	32.598295	-0.54298354	-0.013131244
5269	2.3949344	0.024075105	0.98658373	2756.073	13.329561	11.163626	0.051197576	0.10981044
5270	5.5493626	0.42743489	1.0709333	839.18508	11.262429	8.2117287	-0.0080635116	0.18297329
5271	4.2253086	-0.57016994	0.42128733	5084.7821	42.8127	30.799232	-0.01649386	0.063597178
5272	2.9605361	-0.16866523	0.7226781	1206.3253	10.252935	1.9309088	-0.00507388	0.11550413
5273	5.8677477	-0.37946886	1.6993444	4606.3712	160.02401	61.789659	0.33822316	0.39609562
5274	0.26471671	-0.58824949	2.5246909	261.00537	3.3945219	1.8369444	0.052230542	0.051909398
5275	5.8689565	-0.58194017	2.4774793	989.13986	3.6131057	1.7791895	0.088898824	-0.16421926
5276	5.6604183	0.85288195	0.13128056	11346.239	45.495851	37.163933	0.017207782	0.045684439
5277	3.9987547	0.45293797	2.1777224	5287.0334	48.232846	45.301591	-0.060059949	0.029940931
5278	4.5921367	0.79647739	2.1128804	9115.9095	92.395643	76.247688	-0.01280629	0.12522728
5279	5.7488731	0.89738963	1.3416476	1777.8064	45.213732	25.468778	-0.0054547045	-0.10710031
5280	5.7037913	0.65053123	2.8067914	1278.1185	12.694407	3.0802234	0.022551567	-0.0079870297
5281	6.0650579	-0.80271019	2.7061669	445.95084	1.735968	1.3514196	0.003144068	0.22935652
5282	2.686568	1.4876172	2.5511282	3074.1251	43.006068	41.69013	0.51733899	-0.035038987
5283	0.20829702	0.64195988	2.7801693	2489.2899	11.465917	11.398944	0.16050349	-0.0096627192
5284	4.792945	0.8862921	1.3143107	2514.4787	35.123191	24.411433	0.024141744	0.21868277
5285	5.0657143	-0.28484577	2.8145789	2491.1134	13.231482	11.570341	-0.046422258	0.45017817
5286	3.4814032	0.61681576	0.57330906	905.9707	11.230916	9.6742959	0.068839782	-0.026945068
5287	2.5599826	0.20624608	1.1997083	335.15326	9.3797729	7.950479	0.050282551	0.0056384582
5288	4.4941004	-0.708275	2.9357514	8655.8935	60.569756	42.8853	0.21505336	0.015610926
5289	6.1667101	1.4869883	2.9487388	2367.2226	45.362761	12.370264	0.1899469	0.074528712
5290	5.6882558	-0.69648326	0.57779547	3292.8344	11.794406	11.515941	0.18185098	0.030564353
5291	6.2357337	-0.47563331	2.0140115	719.81258	10.386972	9.1337716	-0.16593635	0.058206294
5292	2.3143027	0.9320131	2.1821559	2008.834	13.231078	12.275461	0.064772101	0.3553133
5293	4.6708213	-0.57145309	2.7910791	2481.1117	77.251606	72.761557	0.035081553	-0.0034611356
5294	1.0191434	-0.16083321	0.63473026	3971.9453	53.826604	50.363673	-0.14419555	0.079585805
5295	1.8446613	-0.78330831	2.642655	3603.2139	14.350996	13.244254	0.22533946	-0.016152866
5296	2.7497651	1.1244857	0.46252676	16051.908	100.26888	79.990827	-0.085520876	-0.53877946
5297	0.93481748	-0.21189506	2.4995835	2236.4069	11.355275	6.6824275	0.0053455159	-0.089871091
5298	3.2538455	-0.025042159	2.5915797	1926.0076	11.995556	11.940652	-0.057128295	0.0087872231
5299	2.1587435	-0.09862437	0.42814783	3393.8561	42.113283	28.003952	0.056141447	-0.2153707
5300	5.2999094	0.21653745	0.7121919	968.4395	19.906946	13.279052	-0.039604465	0.019302192
5301	1.3571627	-1.040095	0.77065987	8644.9832	51.091737	34.684566	0.48411589	-0.037642348
5302	1.843686	0.91467001	2.0759537	4426.0001	61.310276	50.01292	0.11298256	0.17159096
5303	3.5755592	0.38951778	2.0965702	3113.7592	38.572794	33.380382	0.029048664	0.057015098
5304	1.4257877	0.79342125	2.2834774	963.45849	35.530658	19.368123	0.1967179	-0.06193989
5305	4.6931006	0.9911224	2.7228763	8311.9716	75.552032	72.003386	0.0095932897	0.0082833278
5306	3.9080367	-0.99538477	0.076756665	636.09894	10.53414	9.1554164	0.003362601	0.0016169712
5307	0.1121596	1.089976	2.1868957	677.14071	1.7321815	1.4041095	0.027302209	0.1118064
5308	0.51351237	-0.1307834	0.81882424	1636.4015	12.767403	12.562972	-0.019045209	-0.011292863
5309	3.148435	-0.74851052	2.0482184	1471.3546	10.77293	10.063112	-0.0034225076	0.19408513
5310	2.6443424	-1.0927614	2.4537812	378.45838	1.5353409	1.3716025	0.11861678	0.10587216
5311	1.4777235	1.0509479	0.83864867	2612.8959	18.527344	10.794003	-0.19584564	0.041530203
5312	3.7780298	-0.32770858	0.39089915	427.27546	1.4620344	1.3724041	0.078332596	0.0012937794
5313	3.1192007	0.38861288	0.54367275	8497.2	72.10165	58.865982	0.24356452	-0.20971914
5314	3.8546909	0.50006779	2.5363981	4906.336	66.01098	13.485821	-0.044196313	0.0067328666
5315	1.2452015	0.08388197	2.566043	4866.9276	63.729512	62.982782	-0.017775798	0.014921158
5316	6.202076	0.39679136	0.86807454	367.44105	9.7393602	1.2945309	0.01862304	-0.035646447
5317	0.62183324	-0.9323011	2.451826	1831.5827	12.040975	5.3477063	0.0609442	0.081461972
5318	0.45742439	0.56391056	2.959954	2892.2935	37.025656	25.239709	0.010536657	-0.042706614
5319	2.5710553	0.77233503	0.90610998	2207.351	15.539797	14.222797	0.019673509	0.18437858
5320	4.5868021	0.94035196	0.33101328	11813.878	88.619179	71.330859	-0.072082429	0.39852918
5321	1.3410271	-0.66125992	2.2932871	1034.711	9.8929707	9.6081867	0.078891407	0.026181345
5322	4.7363922	0.69327039	1.1216582	3828.2501	23.031622	14.22685	0.018018544	0.14581217
5323	3.6241045	0.3708053	1.2828998	2804.6957	71.439791	65.477252	-0.0082827378	-0.013278289
5324	4.755643	-0.59777759	2.2207398	8391.8344	68.676854	67.080594	0.050901145	-0.05858233
5325	3.3170629	-0.86507111	2.5139488	2395.324	11.45616	10.88459	-0.039945965	0.13379674
5326	5.7102018	-0.11673967	2.4794226	841.13363	11.145133	10.972411	-0.026877159	0.10341644
5327	0.71039007	0.50974891	0.91218748	724.24657	43.088616	14.281283	0.087757201	-0.0051037312
5328	1.7980421	0.78299995	0.06913186	255.65514	1.4723852	1.3246825	0.03338527	0.0019854322
5329	6.1218538	-0.083807201	0.46256131	6745.549	64.582416	35.387452	0.019673597	0.14612527
5330	5.0036323	-0.30081296	0.099035055	521.25684	1.7330712	1.3215801	-0.08165872	0.0728367
5331	5.6808551	-0.60246872	0.70095329	1205.9338	41.361962	35.583159	0.030250252	0.030595814
5332	3.6578928	-0.11040455	0.47331293	2174.4257	13.259316	11.823387	0.022935174	0.037570987
5333	3.7935749	-0.36991975	1.513864	2878.3501	13.424096	12.571656	0.053300752	0.22797913
5334	3.4072062	0.014282194	0.53655758	5447.2396	74.984659	57.461975	0.047781956	0.026774354
5335	0.14717756	-1.0511181	0.44190028	13396.844	55.131875	44.897479	0.054521426	0.029083961
5336	0.12525638	0.29076092	0.84199142	6084.9943	78.505092	62.767507	0.12676253	-0.027423448
5337	2.9248955	0.44343934	0.77299838	5692.716	63.738005	51.323377	0.13597108	0.12719957
5338	5.8795599	-0.68680363	0.72928788	383.49472	2.3142477	1.4016445	0.045562031	0.19133598
5339	1.5715078	-0.95104991	0.65423503	3920.898	17.540598	17.095851	0.24174622	-0.087539115
5340	2.2717916	1.063457	1.9619353	2285.1538	53.962558	30.209319	0.33288922	0.052059451
5341	4.5901026	0.45769096	0.78935425	4564.0072	18.189482	17.368314	-0.00076187418	0.034542224
5342	3.820137	-0.29386882	0.5185878	3619.713	16.834254	14.446445	-0.0096531282	0.16539059
5343	3.7816534	-0.91800863	0.20510627	1440.83	37.113022	31.660635	0.05428959	-0.0059815647
5344	1.9588447	1.3213339	1.1759979	2968.5213	59.423414	46.777896	-0.24482223	-0.29035099
5345	3.5854535	1.0274818	2.6034895	1097.4753	9.6045914	4.3036858	-0.18362917	-0.03615974
5346	5.6372004	-0.41004998	0.68304164	3935.7198	13.492753	13.339515	-0.012836641	-0.00029744808
5347	4.8083002	0.68413348	0.47560202	7860.0405	65.365204	63.838188	0.093878972	0.040786384
5348	1.4787628	-0.89814718	0.31513314	5744.73	14.445513	12.726386	0.16286837	-0.082895834
5349	0.83787475	-0.5648719	0.51224103	760.63396	2.6989345	1.8109766	0.034806717	-0.081787067
5350	1.2348254	-0.70980705	2.4640787	6328.2956	67.703644	47.808494	0.23189655	0.17913175
5351	5.5835435	-0.36366443	2.5947399	1272.8608	11.443477	1.7558674	0.051495929	-0.071852847
5352	6.2518804	0.43022392	1.4945793	3829.5211	61.68	48.200392	-0.0017571923	0.24663265
5353	2.8914526	0.65024885	2.1051474	4259.3698	34.963129	25.214618	0.033763842	0.031945662
5354	1.7502099	0.37313857	2.7854194	3081.7693	38.688003	35.11165	0.0035275	0.16457795
5355	4.7270439	0.94019697	0.63950271	7311.6598	76.770247	53.265213	-0.048170274	-0.20516035
5356	0.13279912	-1.3633024	2.8075191	2308.6329	13.330781	12.979898	0.078656299	0.030845262
5357	4.8679918	-0.37424368	1.753951	4542.4613	50.208824	47.40875	0.087816959	0.19383395
5358	2.3258043	1.1391201	2.1727031	407.18202	3.3329374	2.02389	0.04918918	0.086816869
5359	4.658136	0.3090102	0.98654687	553.74259	9.2908839	8.8769926	0.072557238	0.038183506
5360	2.4837556	-0.088128896	2.0549471	1819.8124	110.60037	107.66838	-0.18718709	0.19817659
5361	3.9538673	-1.1262988	0.46553797	6301.9051	66.934219	53.137367	0.039809964	-0.0029044109
5362	5.7622795	0.60212483	0.17077725	1400.2107	14.564328	11.258446	0.3820248	0.20725164
5363	4.4552433	-0.98206804	2.4933941	3123.7276	44.468075	42.293788	-0.043639912	0.019995196
5364	1.2016917	0.76010193	2.495237	1668.9894	12.34493	12.054855	0.099792207	0.050094406
5365	5.3309438	-0.26128672	0.59630773	3122.6213	17.124939	14.079377	-0.40325919	0.036596014
5366	1.3482589	0.072457346	1.3569157	3912.6939	61.765174	39.360543	-0.031170503	0.20274962
5367	1.2151084	0.24639683	0.56016814	357.6317	29.958653	1.3710671	0.013145362	-0.066012416
5368	5.1558691	-0.85086941	2.7385046	10355.706	88.734943	44.633549	0.012982341	0.17612741
5369	1.761839	0.12382489	0.78782963	5981.4982	64.057245	42.178242	0.083818324	-0.40807691
5370	2.5037014	-0.13149527	2.302682	6500.4692	101.95412	72.068585	0.033176234	0.019597882
5371	6.1576994	0.22606402	0.69245435	14236.311	97.645441	79.760564	0.27780585	-0.14778932
5372	4.7415463	0.55451249	2.5416714	3555.4868	28.825944	27.851158	-0.27698793	-0.066706953
5373	5.4636732	-1.0435284	2.3561078	596.99988	21.203373	11.015339	0.052871746	0.17072817
5374	4.2778309	1.0441451	2.8508787	412.95928	9.1277593	2.0354401	0.043576083	0.098054044
5375	5.3133437	-0.54068522	0.88377974	4066.0521	40.478543	28.931548	-0.10271108	-0.064699425
5376	2.4334428	0.97173066	0.46389825	5462.6711	74.339038	47.859445	-0.14516802	0.056370336
5377	0.69958241	0.84860257	2.1748166	1401.4892	10.758548	10.383588	0.038580805	0.034479483
5378	4.8864003	1.3306339	2.7457187	1538.8487	10.798909	1.951378	0.084797589	0.0058667723
5379	0.85787504	0.37312407	2.7807112	4331.0773	32.700387	29.919693	0.050050266	-0.0041120623
5380	2.7483757	-1.0617922	2.210065	786.4113	4.9039873	2.1979489	-0.02165385	0.13714667
5381	2.248567	1.515814	2.5445562	2427.7966	12.077552	12.052949	-0.10541651	0.0034984551
5382	3.4810893	0.28019618	0.51336528	7063.2707	78.690523	52.814852	0.12384284	0.07657601
5383	1.1588897	-0.094355025	1.8213895	779.05718	10.486728	9.3503998	0.1019992	0.037316331
5384	2.3173735	-0.33377522	2.7975746	1998.0808	14.505651	11.317139	0.15366933	0.072746207
5385	0.19006971	0.86576012	2.1513204	1345.7346	30.96468	2.9161118	0.19750063	0.020499658
5386	2.217898	0.58272544	2.2336718	2468.7913	23.165321	11.392861	-0.00081319075	-0.080007619
5387	3.3132474	0.45708181	0.64862815	4958.5035	66.848256	63.316357	-0.0029050652	0.029129946
5388	6.0682907	0.061113464	0.10545849	11003.933	83.976931	34.679601	-0.10747236	0.23812502
5389	4.196697	0.74425083	2.5731344	3695.7133	15.492628	12.49866	0.023014205	-0.19643278
5390	1.7007133	0.11107908	0.70709824	472.75885	3.4789643	1.3661025	-0.092316451	0.018543136
5391	0.839169	0.11435556	0.80823836	7989.3202	60.152459	58.739497	0.0025696639	0.25406471
5392	2.4000499	0.88844471	2.5211168	731.19983	1.7385571	1.4681369	0.10253942	0.19126003
5393	4.5147576	0.58918727	2.3573347	3553.7179	103.80416	98.043994	0.099141619	0.27673111
5394	1.0745714	-0.29651089	1.9258047	8602.6271	95.305795	83.628365	0.052623859	-0.36994164
5395	2.0132442	-0.70594407	2.6285618	6694.7251	78.960478	42.061052	0.52182107	0.026312612
5396	4.6876272	0.54004236	2.9161972	2156.2952	15.587599	15.548891	-0.078336949	0.17479697
5397	3.8691082	-0.73686969	1.1207701	4022.2197	40.22808	22.210973	0.006354037	-0.14877658
5398	3.0697605	0.72627139	0.55247374	3567.602	45.739257	25.053146	0.10652323	-0.062451533
5399	0.87871775	-0.4046876	2.1692088	3254.7499	23.068321	16.07534	0.065941334	0.10626787
5400	2.9408596	0.50854621	0.66275003	423.19335	1.486391	1.4631994	0.096761837	0.27479376
5401	3.3329274	0.76703337	0.68450325	2396.8419	12.03057	11.145413	0.14838996	0.030799394
5402	0.62455344	-1.1409014	0.56132442	567.83001	1.7529388	1.5893376	0.2643031	0.012053407
5403	3.7358258	0.42197874	0.87348665	882.37688	48.04956	37.479341	0.078094697	0.10832718
5404	5.5608447	0.74024994	2.6608983	8120.1491	66.271176	46.89514	-0.12162421	-0.32766485
5405	1.5626959	0.10855482	1.363803	4565.5511	48.634274	48.602041	-0.01283029	-0.063902937
5406	2.2945118	0.20661112	1.3992536	2504.3886	28.913096	12.79765	0.26868016	0.10295855
5407	4.7736912	-0.039373238	2.5568911	2115.9015	22.553776	11.497341	0.012392267	-0.0042480375
5408	0.18471208	-0.36403293	0.2016333	753.37009	5.7727118	3.5623136	-0.043450318	0.13724497
5409	4.6427345	-1.126164	0.26000095	12491.962	82.759383	76.681041	0.039616288	0.26402413
5410	6.0849546	0.81458666	2.3260967	3376.446	8.900068	8.7143584	-0.0017401805	0.1753137
5411	0.77371907	-0.45379446	2.9370761	2524.6008	46.680005	12.011293	-0.012469946	0.094905892
5412	2.9083657	-0.57347397	0.23774838	522.23967	1.8785958	1.4779972	0.039377456	0.00056554868
5413	3.3200806	-0.038629819	0.65725016	1985.6737	14.146423	10.978904	0.10789819	0.048488059
5414	3.4193767	0.039925182	2.5495721	4281.622	40.333531	31.286579	0.0045738083	0.16275996
5415	5.2124295	0.50488092	0.82199054	2067.1647	45.071239	21.002637	-0.044906245	0.11607841
5416	5.2224888	-0.59730596	2.6088106	4890.0824	19.52196	16.494341	0.012036993	-0.094388
5417	0.95069433	-1.3460411	0.11931686	4666.3335	48.88414	44.062388	0.050260624	-0.16258365
5418	4.4023573	-0.85121312	0.83895227	1430.4617	11.96809	10.930905	0.075077935	-0.32706907
5419	4.9323663	1.1801732	2.8383185	4120.5107	52.938013	25.91601	0.29171238	-0.11345567
5420	4.8724474	-0.14380242	0.79371007	2766.7834	48.340938	45.701319	0.0067615688	-0.105487
5421	6.2221789	0.070079862	0.14703942	12547.321	73.470961	39.187142	0.00061217404	-0.0019899754
5422	1.1974442	0.33186816	0.78298838	2127.4603	14.379147	13.816029	-0.015784874	-0.04924367
5423	2.4523426	-0.19326564	2.2241925	518.37789	2.7744258	1.4095659	-0.026131259	0.059179618
5424	4.0332794	-0.28660888	2.0502542	529.66967	8.4497585	8.2000741	0.077095645	0.022412107
5425	2.2275708	-0.55267263	2.7687296	3475.2305	17.149443	14.650115	0.0034730202	-0.012486739
5426	5.1595427	0.49890749	0.50916254	575.47323	8.9541675	4.301392	0.020561232	0.21216608
5427	0.79347307	-1.1335422	0.39549378	1447.4487	34.67855	11.744837	0.054291941	0.21031938
5428	6.2726092	-1.1624632	2.5637172	4498.166	15.950191	15.645287	0.021989882	0.30878842
5429	5.4142505	1.2187914	0.75657812	2530.1974	46.161338	44.018346	-0.0089854959	-0.026358162
5430	2.1609915	0.14246079	0.55964303	5265.7637	38.865942	35.656374	0.052616069	0.052185895
5431	4.4464895	1.2929092	0.33211156	1021.7961	40.292315	34.413548	0.16177567	0.052200094
5432	4.6030362	0.79774113	2.5391367	10588.119	156.14981	84.347893	0.21048756	0.019712421
5433	4.9192706	-0.56826814	0.86182439	2975.8541	12.757845	12.344072	-0.016163171	0.28399725
5434	6.0906358	-0.9786818	2.0192198	414.02923	9.0565307	8.0504901	0.10144178	0.0032380838
5435	0.80385917	0.47951846	2.5559372	1583.9044	11.431933	11.063914	0.0083779601	0.15713314
5436	0.29356135	-0.62788262	2.2683191	9457.2102	72.925892	67.750074	0.43204869	0.08144111
5437	4.9632147	0.98081201	2.7875854	598.72612	2.3961653	1.6235705	-0.0042107818	-0.047836503
5438	0.89737053	0.75625064	2.361297	1672.1122	13.423653	9.9825649	0.15740567	0.11657048
5439	5.9692192	-1.076271	0.89272294	5114.9573	102.73938	61.487869	0.0093030524	-0.19082386
5440	2.2617874	1.2907336	2.4098095	2605.2233	14.890718	13.858943	0.12914099	-0.0074844841
5441	0.37166503	-0.59228118	0.91790614	621.13043	4.2294358	2.0914886	0.10612299	-0.014686581
5442	4.0715979	-0.67038101	2.6308354	520.14786	1.9605769	1.3797555	0.024796588	-0.090830426
5443	5.439197	0.63818248	2.3210705	559.4982	8.7114546	1.4712616	0.027785212	0.058269619
5444	2.5033341	0.94651516	0.21022144	3678.6346	40.081044	11.881212	-0.0097708629	-0.030545203
5445	1.2683769	0.71615327	2.01903	5863.4039	65.42072	46.866665	0.1473276	0.083646922
5446	1.328414	-0.46899296	0.40414746	2474.9127	12.042733	9.8956481	-0.0083642829	0.046103529
5447	6.1056994	0.63333212	0.048231766	581.83022	2.2379947	1.3358027	-0.036095289	-0.053144947
5448	5.1748436	0.14703897	0.56114684	5539.097	75.332125	57.115453	0.39961206	-0.014005995
5449	2.3016995	-0.8138806	0.78940281	5097.0555	61.398105	56.465087	0.08169983	0.16391909
5450	1.7163251	0.89132988	0.49851196	1403.3899	36.447278	34.203171	0.14185013	0.080580645
5451	0.047287618	-0.50923547	2.2525114	4550.7742	56.605816	37.488596	0.083837871	0.0082172429
5452	2.4069345	0.36641432	2.6448465	888.07053	1.7344622	1.3788207	-0.038707403	0.20014102
5453	5.7085366	0.87230436	1.0182206	1324.7976	11.718657	10.906419	0.043362228	0.0053318933
5454	1.5142657	0.16690195	1.830161	4861.3482	63.166982	59.156865	0.10561998	-0.032391231
5455	1.6734693	0.4707897	1.3863272	556.45813	42.05089	32.142469	0.032261459	-0.0086511601
5456	1.2049982	-0.63456856	2.8317364	2566.2771	42.378144	12.040103	0.14878135	-0.038255186
5457	0.89455804	0.43073268	2.2061651	3995.87	52.733457	44.920825	-0.0047672894	-0.021738253
5458	2.6166558	0.35883366	0.44061167	1076.7813	27.6272	4.9114977	0.083362727	0.30421744
5459	0.85740393	-0.47615535	1.3498474	382.34261	1.9583248	1.6172668	-0.081646359	0.24827183
5460	1.1371263	0.16005667	2.7026101	533.28034	11.108308	1.3933827	-0.042488138	-0.0050786181
5461	0.68525259	0.25686533	1.0771458	6604.0444	75.505811	62.945208	0.060455187	0.21044616
5462	5.1213562	-0.65289076	0.59469756	16037.049	95.400231	82.754409	-0.13587439	-0.047221657
5463	3.2339533	-0.90461339	1.7729745	1886.4085	46.421324	13.240619	-0.010724787	0.07689206
5464	4.5648384	1.1033871	0.73008657	1348.2967	26.226449	24.411507	-0.33527112	-0.051724535
5465	6.1058893	0.062385821	0.44127345	8377.5582	82.576842	57.830051	0.0081433051	0.088054293
5466	5.9549372	0.58733857	0.55103664	1451.1522	10.824122	4.2601585	0.1544646	0.14853567
5467	3.5636542	-0.13412229	0.52440031	5235.2374	40.25432	40.105277	0.039958418	0.048084146
5468	4.2604369	0.60303677	0.62169308	375.20528	1.6241591	1.2648597	-0.062650223	0.15038395
5469	3.2720955	-0.73428203	0.40413545	3820.2245	45.462955	42.991857	0.39787898	0.087027605
5470	4.4702094	1.3527551	1.6605988	2008.756	11.590179	10.44626	0.046860114	0.0032772107
5471	4.2314764	0.050522518	0.53656041	1646.6389	11.331172	10.736365	0.31939529	-0.068727085
5472	2.3230516	1.0668667	2.6278959	3611.1221	16.901411	14.35058	-0.0566888	0.44569483
5473	3.5771828	-0.77746453	0.67484169	4040.6792	46.725463	45.595448	0.0048375832	0.16379072
5474	4.4442315	0.84937227	2.3042054	3115.783	32.046894	31.189402	-0.060558868	0.098592807
5475	3.3559982	-0.47611545	2.5159263	1604.4096	21.375166	12.585257	-0.048255834	-0.053118984
5476	2.8959789	0.38556044	1.7242303	271.85489	8.5288519	1.4731048	-0.12289318	-0.16708319
5477	5.7392159	-0.5208695	2.2371766	3187.2781	16.182728	13.149364	0.038615922	0.11427764
5478	5.812673	0.14527397	1.1862561	4099.7806	117.99777	51.239184	0.038898504	0.29457212
5479	2.1945492	-0.17082987	0.65412334	418.14669	1.7718917	1.6029042	-0.032043789	0.04683511
5480	3.2110827	-1.0606431	1.1325181	7664.5317	89.429018	68.565093	0.47824456	0.067474645
5481	6.2337527	-0.48132392	0.53160318	520.6816	2.063894	1.5466751	0.015236455	-0.001619762
5482	5.2806905	-0.25478371	2.9021458	16154.598	86.255546	81.822648	-0.048962397	-0.00077566052
5483	2.0014042	-0.25532371	0.64933662	1852.9879	60.431239	3.5393722	0.28998869	0.26919436
5484	1.9283974	-0.21603766	0.28234683	2088.9317	22.168321	21.067503	-0.27467013	0.023650759
5485	3.7240048	0.51891982	0.57599827	6695.9765	87.424521	76.852685	0.010579322	-0.09752836
5486	0.81580398	0.71520153	0.72473474	5372.3437	121.40456	69.404522	0.0041662804	0.023122042
5487	2.648325	0.44703859	2.6342818	6723.3047	81.223105	61.581887	0.39961206	-0.014005995
5488	6.0433722	0.92698548	2.4923601	5705.6459	59.457386	57.264112	0.28091166	-0.016952703
5489	5.5047512	0.83775422	1.2028316	975.59824	36.250468	11.372049	0.0062154914	-0.0076213245
5490	3.4821968	-0.25440828	0.68929762	8248.089	82.626691	54.138019	0.14314041	-0.043609583
5491	4.4260016	0.5740856	0.77719639	1928.9929	11.472909	11.024706	0.22569502	0.38822349
5492	5.4761692	-0.63915706	2.123005	432.98083	2.3927798	1.3138647	0.11493795	-0.072759468
5493	3.7109499	0.3429574	0.38638644	477.23886	1.6417262	1.2608419	0.047651132	0.0080048634
5494	3.2028015	0.76789598	2.8561556	2142.1744	48.191714	47.587341	-0.037165066	0.059479321
5495	2.7888103	-1.1298331	2.7832751	4799.4271	53.912399	15.505548	0.20073431	0.27765256
5496	1.1560485	-0.84893969	0.19726657	5571.8886	39.000013	32.044681	0.0026416263	0.0078526565
5497	5.0843516	1.0859198	0.79797453	1723.4299	14.778295	12.316492	-0.0012139758	-0.10420984
5498	3.7129672	0.13280869	1.0071378	812.95395	41.853703	2.1910037	0.050813786	-0.18772416
5499	0.62864336	-0.29677142	0.59389263	3038.4688	36.514697	27.544267	-0.017084314	0.22676955
5500	0.46527231	0.065531109	2.3684005	3887.4318	43.494094	35.081374	0.025643417	0.23837315
5501	3.632633	-0.70644916	0.25802053	6270.7688	48.046574	44.88817	0.068443284	0.35419863
5502	3.1962647	-1.0273351	0.98228663	640.09306	36.844661	17.203374	-0.097732555	0.041587627
5503	5.5321937	0.6189564	1.2130384	2215.3352	34.129718	32.842945	-0.28724482	0.090779744
5504	3.3605943	-0.0028795811	2.6575576	869.77592	9.4431677	3.1485104	0.12175806	-0.0053988958
5505	2.6441876	0.59619185	0.52100636	322.36073	9.1073295	7.4576459	-0.0072849534	0.030174758
5506	2.4149739	-0.11278327	0.90179382	4106.6955	55.894729	37.465893	-0.089328447	0.18602776
5507	3.2266554	1.0035825	1.5685746	788.98713	10.801972	2.3587441	0.10391619	0.10271381
5508	3.0005598	0.39443917	2.4368233	886.5058	21.103649	1.4346807	0.031340854	0.21361188
5509	6.2538358	0.22890799	0.34476928	6703.5918	69.405363	62.800384	-0.50901027	0.40590523
5510	4.4448606	-0.1593905	1.001429	2635.3154	52.768441	29.452564	-0.19285305	0.057357962
5511	2.9903578	0.75084372	0.84308136	6089.2125	49.771616	45.573566	0.10019541	0.33035572
5512	0.81500332	0.29778256	1.8963789	1431.1219	10.968421	7.9061555	-0.12581673	0.24383234
5513	2.018821	0.94143654	1.657288	2727.2046	13.18606	13.066246	0.00057937472	0.3252085
5514	4.7921025	-0.41020204	3.0998406	3039.886	14.389417	12.984839	-0.004024542	-0.090950249
5515	5.7234702	0.56952313	0.96345124	617.32805	1.7612271	1.3899339	-0.094253103	0.028411936
5516	0.078127286	-0.29617263	1.7720262	810.81815	86.751946	38.869417	0.2542385	0.04879425
5517	2.8357429	-0.75344172	2.0189229	11517.697	91.363645	89.154291	0.08621563	0.22831373
5518	0.75025068	-0.19182276	1.4259026	690.02715	33.395661	22.301756	-0.010748592	0.20910474
5519	0.37394205	-1.1246565	2.0033578	1866.659	12.659627	9.90049	-0.0065236551	-0.23668907
5520	0.76500748	-1.0393409	0.92492883	4268.9871	64.488017	41.053415	-0.15894582	0.051479014
5521	5.6436833	-0.005410517	2.5514259	1407.4463	36.196885	34.142728	0.16983614	0.09856427
5522	1.9759934	0.55262005	1.7352947	1573.4578	46.548544	28.40939	0.013263386	-0.002178497
5523	0.068729926	-1.0238122	1.6457821	1097.3509	11.8673	9.9060341	0.15555108	0.094700972
5524	4.6086594	1.2180663	2.3950203	597.36369	7.7204933	3.46466	0.0095269301	0.00077400168
5525	0.1379533	0.15423417	1.9707889	3427.3693	19.407322	12.423178	0.48006522	0.23524464
5526	4.2169508	-0.013716059	1.0093605	391.78542	7.8035669	7.0974043	0.060320246	0.037845347
5527	0.0055138677	0.3933362	1.1219827	1652.1254	10.625052	9.1306956	-0.0024667586	0.046119752
5528	5.6906516	-0.70966391	1.0825405	607.2968	9.8523106	1.9733474	0.028781389	0.048964731
5529	2.2127214	-1.0506632	2.7722828	13758.322	88.434244	85.565082	0.066492151	0.17388512
5530	4.5241658	-0.33322651	0.73910891	2024.5164	13.484026	11.620296	-0.039836594	-0.15851079
5531	4.816842	-0.79070384	3.002836	580.35693	1.4837602	1.263622	0.28285073	0.020831384
5532	3.851374	1.1350174	0.72238579	751.32716	21.962651	17.014949	-0.16179336	0.13782402
5533	1.8303487	1.2086018	2.5740245	4181.5251	38.743416	13.037865	0.061706534	-0.0065663649
5534	4.2987043	-1.3021743	0.92125887	3165.1859	54.427936	53.620705	-0.075958878	-0.068424602
5535	1.916699	0.014439839	0.29829736	1216.6734	10.580876	1.597172	0.31440813	0.10094694
5536	3.4023012	0.076649092	1.8565517	6479.7099	58.046373	33.1981	0.33881558	0.14786892
5537	2.6983128	-1.2046355	0.71425343	8605.7782	77.01135	54.381071	0.23189655	0.17913175
5538	2.8771989	0.58035174	1.9146458	1117.9445	11.235927	10.021993	0.043005164	0.20635078
5539	3.5123474	-1.0795813	2.4550942	6123.9655	48.217305	20.055152	0.11691714	-0.016944102
5540	1.2136844	-0.96921747	1.5593517	672.83231	12.231888	10.966376	-0.00020661453	-0.013927041
5541	3.893259	0.059668984	2.55175	3711.1983	44.323085	38.269863	0.1639397	0.02679984
5542	2.6584479	-0.40155705	2.3485826	1414.6448	26.74639	25.883896	0.064132482	-0.52573016
5543	5.4843669	0.41639793	0.53425072	2977.504	61.889039	50.790916	0.073986035	-0.054658722
5544	3.3170503	0.47852957	2.7808331	4285.2769	28.188534	16.032723	-0.11188958	0.075595652
5545	3.5641697	0.36491016	0.15567616	5870.0668	108.13466	64.716856	0.0093030524	-0.19082386
5546	4.7246261	-0.63654502	2.9360945	410.90723	2.2888165	1.2607423	-0.02813342	0.087534795
5547	2.369475	-0.39653866	2.3474697	518.10446	2.976753	1.5827099	-0.27800117	-0.088053223
5548	3.5487092	-0.24533258	0.41487637	14080.727	114.71154	68.220578	0.020430024	0.0039348413
5549	2.7900541	-0.090639915	1.0849438	3636.4068	82.296603	49.201256	0.010451767	-0.058822332
5550	1.1825715	0.48387217	0.49545442	1724.4502	32.645226	27.089522	-0.12728993	0.2708295
5551	3.9271452	0.66030139	2.6457227	5762.6602	17.325561	17.07957	0.12339098	-0.027559987
5552	1.820706	0.30448455	2.4452631	7009.0142	181.77717	148.41504	-0.22252611	0.01002639
5553	6.0817247	-0.62371888	0.64265833	13612.084	105.05401	74.983619	0.07186924	0.040934252
5554	1.4769036	-0.10788523	2.582442	1673.3573	12.056666	10.434242	0.39476472	0.2432569
5555	2.0825267	0.23187928	2.3870041	1866.8725	11.517919	10.896019	0.14913777	0.49873405
5556	2.5271705	-0.6866947	2.4946702	2480.1801	39.109117	30.698871	-0.013588938	-0.01908751
5557	2.9754943	0.53534473	0.59704636	11275.157	96.81903	69.136101	0.25856679	0.32570541
5558	0.49887924	-0.25049531	1.897148	1325.9726	47.450622	35.296237	-0.054193068	-0.38907779
5559	1.0149669	-0.95202192	1.4114934	7745.481	81.234107	80.461487	0.18403731	-0.12293831
5560	0.33708684	-0.14948982	0.27478172	790.75997	1.9951453	1.9745646	0.013370593	0.065428525
5561	0.052419579	-0.36673964	1.8823654	9638.541	92.376155	76.457975	0.075229586	-0.2705791
5562	4.9725773	0.56819875	0.43169673	2511.6913	9.5322182	3.0518374	0.050816902	-0.046618001
5563	4.357145	-0.056112481	2.8132558	1564.1186	4.5796858	3.3662164	-0.019167142	0.33619591
5564	4.8604354	0.83122034	1.1591988	3396.4042	52.279193	17.295113	0.0075569748	0.015383145
5565	6.0122475	1.0286858	1.4639352	2858.4729	26.16746	13.193729	-0.049825121	0.061910625
5566	5.0536476	0.73031036	1.2144902	3370.6988	66.158256	40.481046	0.15182354	-0.14368881
5567	3.933035	-0.39764644	0.80997391	2192.4607	15.198794	12.449601	-0.059494677	0.32843203
5568	4.6802038	-1.150349	2.8186714	7141.6276	37.310883	30.41918	0.00096589346	0.023197124
5569	3.5651739	-0.47664754	2.2143559	910.37403	10.941858	8.6644085	-0.011585417	-0.092637334
5570	1.5507582	-0.71361633	0.61987503	6172.1992	43.727098	39.777851	0.16871872	-0.064315977
5571	4.317027	-0.73397025	2.7359713	7049.6711	75.466296	56.139941	0.0070580332	0.063446103
5572	2.5944431	-1.3606068	0.23148826	8868.6853	86.203291	84.761821	0.15696844	-0.088065052
5573	4.1736598	0.30084599	0.19529228	3662.4046	16.570742	15.243364	-0.25635715	0.089177349
5574	1.316539	1.2422249	2.8380946	4295.0106	44.399326	34.294365	0.0058609332	0.085098261
5575	0.27395699	-0.58187005	2.5951836	556.19153	10.246401	8.6445307	-0.050155794	0.28435571
5576	5.7376762	0.740691	2.3445198	4569.3642	42.07545	16.023391	0.0032893192	-0.22398378
5577	3.3661223	-0.38808895	0.99910365	4377.875	18.79493	16.880195	0.13852285	0.025833135
5578	3.083246	-0.69461647	0.70867325	2164.0816	14.09741	10.989661	0.01994066	0.081320075
5579	3.7970444	-0.50224496	2.4730628	2173.6347	10.287763	6.9409969	-0.018998945	-0.082202195
5580	1.3312264	0.61881663	1.1892186	5505.8613	58.820549	50.983701	-0.16173429	0.58039427
5581	1.7544816	-0.96313597	2.3004709	2433.6728	14.045922	13.828816	-0.041415049	-0.011707082
5582	5.1856556	0.74453416	1.0359869	5648.7376	61.236128	50.975644	0.24653668	0.068639181
5583	2.9613194	-0.63487898	2.7963466	1620.0403	11.312773	2.2612872	-0.00019358378	0.10321405
5584	4.3975137	-0.3300981	2.9819429	10465.859	64.942581	55.967322	-0.40477987	0.098286365
5585	1.3090633	0.44423551	2.7964577	2692.2024	17.175184	13.016478	0.026843316	0.16622445
5586	2.1441572	1.4685029	0.74639216	3460.6851	16.305016	16.040816	0.069779862	0.15158861
5587	0.72365806	-0.64150703	0.74612299	1114.4905	37.708118	33.256264	0.24714702	0.30340443
5588	3.0401039	-0.51825933	2.6514204	2131.7583	31.840216	5.9247955	0.14482518	0.18775128
5589	6.180171	-1.232105	0.65117941	1754.3217	12.84097	11.226066	-0.0089072174	0.14736284
5590	3.6387738	0.059898341	2.3874844	942.56362	8.4638535	1.9532882	-0.072714491	0.055573741
5591	2.0125735	0.5405584	2.2292158	1325.2856	41.54939	40.447969	0.03765855	-0.013596393
5592	0.97829293	-0.1908725	0.80322994	3257.0318	45.09446	45.025195	0.15167704	-0.22198119
5593	1.1383608	-0.20357608	2.560112	1014.6888	10.24522	5.0653323	0.011860972	0.048875448
5594	0.67375152	-0.49574256	2.7247054	542.78972	2.025797	1.3742254	0.04664976	-0.040342903
5595	2.7076419	-0.56605677	0.69068595	1105.5543	9.2125684	1.9051793	0.0051516191	0.079574437
5596	4.1666851	-0.3662187	2.004054	2780.8615	104.4274	43.658421	-0.050654957	-0.033396453
5597	0.61344845	-0.53730687	0.78793178	254.06746	1.948233	1.7102149	0.065512437	0.020780052
5598	6.0145138	-0.82120367	2.300153	6992.9171	65.95618	64.616477	0.0058716849	0.33506549
5599	5.0432788	1.064959	1.7012447	2433.445	13.039297	10.997012	0.36195323	-0.18005923
5600	1.8830374	-0.03802473	2.473125	739.96288	10.136725	1.9451295	0.065171878	-0.021549004
5601	2.3424693	0.32857526	1.0483946	2913.3933	29.169766	14.067533	0.26718144	-0.15000883
5602	3.6685212	-0.90934327	2.7595271	4678.7568	43.358532	40.91376	-0.04079534	0.033875303
5603	0.14113795	0.26754423	1.929141	1507.8128	36.378818	32.434548	-0.036490773	0.035964377
5604	4.1010919	0.1622686	1.6946458	4179.968	141.68665	40.35328	0.032183967	0.0017954005
5605	2.6174243	-1.1347867	2.1820519	1031.0275	8.989705	3.5573373	0.2464623	0.0073027056
5606	4.3945756	-0.35501671	0.63869388	2910.1847	103.55938	92.497827	0.0038139162	0.18699308
5607	6.2167535	0.0083272391	0.28134849	5708.093	72.892053	52.653097	0.01220407	0.32009261
5608	1.5588403	-0.010216187	2.3735344	9211.5155	58.674512	36.875202	0.1712408	0.038426769
5609	4.5406989	-0.60367654	0.31242899	1636.5117	41.821926	19.201534	0.29166962	-0.12990037
5610	4.1397207	-1.2824272	2.6464343	9514.3618	53.95247	51.144875	-0.10596966	0.12283005
5611	2.3353998	-0.7293912	2.5548343	1702.0385	12.514036	2.5624936	0.087466318	0.024928431
5612	0.050132413	-0.10023005	2.3234569	3805.0611	23.008491	20.64051	-0.095897173	0.0029572641
5613	5.1071774	-0.93910484	2.7365795	744.02575	1.5797291	1.4023295	0.0073604321	-0.049351813
5614	2.6733958	-1.4300339	2.3607717	6956.8778	74.229434	39.396086	0.14464768	0.16796175
5615	1.7842669	-0.94475643	2.7453218	1791.6057	20.601921	13.201922	0.16121562	-0.017633271
5616	5.1475859	1.0799726	2.4198529	4326.0995	51.322602	40.743919	0.034484845	0.031444348
5617	3.2477466	0.49760529	2.2605824	980.57694	37.598335	1.5576153	-0.017245828	-0.0164479
5618	0.78393184	1.2009766	2.0916592	4807.2858	60.893379	48.643672	0.22402543	0.26907663
5619	0.51424326	0.63086983	0.2462893	15208.597	103.7582	100.47584	0.013062149	0.077241032
5620	2.6562241	-1.003031	2.1654333	1438.8733	10.908792	10.669997	0.11796677	-0.0019097759
5621	5.9565547	0.4157445	2.9778807	2776.5407	21.71444	10.862314	0.012096482	0.067180645
5622	0.053724977	0.49102927	2.7199911	1766.1299	61.576601	44.587209	0.15737135	-0.17727225
5623	0.94053692	0.44862241	0.59542849	389.82818	1.8794955	1.4005449	-0.18108845	-0.042798077
5624	0.88781806	-0.51270267	2.418558	5265.0029	18.069558	15.07296	-0.0011224592	-0.0054175835
5625	4.8114867	-0.36918685	2.3317406	16203.022	167.00943	152.52242	-0.1091604	0.10306642
5626	5.2786403	-0.84014805	2.3309833	1579.2057	12.572232	2.9463479	-0.2251527	0.1873716
5627	2.6986731	0.44045564	0.71611554	611.72859	2.883011	1.3607709	0.063827943	-0.00016521328
5628	0.81065064	0.75519841	2.7921412	305.01144	9.8551245	1.3792718	0.073309041	-0.014553863
5629	1.5277048	1.3900167	0.45650264	378.27706	3.0388924	2.5751574	0.036387135	-0.042262374
5630	1.9207482	1.090129	2.3845288	1416.3326	12.662508	12.411475	0.094335813	-0.15516424
5631	2.094196	-0.44726518	2.6562642	2435.4654	55.437594	51.351159	-0.0071001386	0.065414503
5632	2.6805185	0.2801872	2.6445108	2671.0905	14.538802	12.854109	0.23630254	-0.050893921
5633	2.0845535	0.5827575	2.9000693	3541.6727	21.476154	12.577011	0.058009884	-0.18262376
5634	3.2273721	1.2926812	2.894672	712.93102	9.3494501	7.3049123	-0.090788927	0.10177806
5635	3.8152764	1.0941507	0.67120101	2063.3286	30.918386	25.380902	0.08908502	0.017816673
5636	2.5559373	0.17134726	0.75314618	743.54943	38.003834	36.26393	0.017701187	0.0054907559
5637	4.661556	0.56974168	0.64566741	790.92192	2.0937558	1.918664	-0.0023754471	0.025201877
5638	5.602657	-0.51596394	1.1058298	510.22946	1.4611068	1.3795603	0.13516373	0.10360322
5639	5.9377779	0.60207467	1.8968416	3288.2165	29.122135	27.386879	0.1940905	-0.44346879
5640	1.6578587	0.03356787	2.7706876	2400.1434	13.711001	12.186956	0.27288665	-0.28279015
5641	1.1694775	-0.92904382	0.34483512	3352.5762	36.161247	33.550118	0.050666919	-0.0020497239
5642	5.0782473	-0.34507525	0.79321765	2071.3322	13.62316	12.215544	-0.10595378	0.0034142562
5643	5.8511013	0.55902215	2.8076233	7303.4458	19.573812	17.465277	0.06000546	0.18882303
5644	5.4629401	0.043794509	2.9015198	2512.9136	20.879172	19.991786	0.040833679	0.0013083133
5645	6.175138	-0.099946287	0.4624991	12790.074	154.79547	147.14825	0.022030071	0.030936338
5646	5.6663835	-0.42804095	0.8147328	1235.3715	10.809005	2.5189684	0.14561355	-0.010236451
5647	2.963978	0.48334989	0.9524917	6899.1838	72.39657	68.219035	0.0087872713	0.00060749517
5648	1.9979092	0.039906209	0.9289787	160.02505	1.418546	1.3374675	0.045758951	0.053018049
5649	4.8997938	-0.15159242	2.9282008	684.68451	8.4848542	1.9153258	-0.1367863	0.052166699
5650	5.0585884	0.34377181	0.45254237	1472.3929	42.339271	13.70049	0.15406833	0.11631042
5651	1.9718946	-0.88438018	2.6626824	1247.9731	39.642329	21.446392	-0.1659377	0.18454477
5652	4.2073285	-0.87251543	0.76458723	4512.8508	45.657952	19.889251	0.01646561	0.036470401
5653	3.7972118	0.29221212	0.25271482	11047.543	76.083492	74.158993	0.071037221	0.16876696
5654	1.3420692	0.52715	1.6721583	3475.275	53.580124	40.545369	-0.26050275	0.00042014113
5655	5.6018096	0.31899955	1.0240657	3337.5324	16.20683	12.525733	-0.13506805	-0.031302624
5656	2.5112054	-0.25276326	1.6462743	1677.6718	30.073813	18.553353	0.056697113	-0.018636309
5657	4.1753556	0.11572929	0.68633859	991.87745	35.133537	31.41146	0.25323339	0.58522446
5658	3.5366458	-0.26483718	0.46649357	11213.578	103.41532	82.629325	-0.094451901	0.43218026
5659	4.6211704	0.51123296	2.7334681	4638.4274	69.010089	62.567939	0.17651622	-0.0733373
5660	1.6015507	0.87652726	0.67412485	6103.8892	44.806804	43.854164	-0.24171508	0.035782554
5661	3.3860326	-0.65485907	1.4170001	7023.0318	72.054963	45.635648	-0.11047532	-0.070142024
5662	4.4962813	0.4796487	0.99647564	2869.3154	26.340159	18.94669	0.47922504	0.19188757
5663	4.5855996	0.20262591	2.7468516	3061.2814	54.88584	40.649794	0.37733758	0.064349828
5664	4.7666032	0.45767271	1.6864315	727.33916	21.195332	8.9317689	-0.011302441	0.024090786
5665	4.2617416	1.3291509	2.6383501	2971.8039	108.91362	105.51798	0.01841092	0.16288294
5666	2.2733096	-0.94504148	0.74918657	2597.6363	32.378653	26.6726	0.21951173	0.069678729
5667	3.9911643	0.50999542	2.3559685	4190.4362	53.20578	40.700339	0.043225352	-0.048733106
5668	3.5066111	0.099189267	0.79793682	980.13317	10.370281	10.341073	0.23925178	0.66403753
5669	5.705782	-0.37176977	0.18650055	3838.6479	25.001038	14.978912	0.0018956625	-0.025471138
5670	5.3659351	1.22394	0.34685048	2811.1278	91.635812	46.837728	-0.0467861	0.012447564
5671	1.4044175	-0.22751555	0.81109593	6648.9026	65.736579	50.211347	0.22615924	0.2324568
5672	1.4578427	0.15346252	2.2524599	659.47874	6.3687538	1.8152323	0.25396158	0.15022065
5673	1.9655839	-0.17210305	2.0541002	3847.1933	50.144375	30.594356	0.010701815	0.30593205
5674	3.8206903	0.18469842	0.74429431	2106.7961	44.168017	34.601703	0.049408639	0.016723417
5675	1.3114554	0.73160442	1.1390196	1469.0809	30.83977	30.245612	0.20088299	-0.062813264
5676	5.2576699	1.4085946	0.73698094	300.73989	8.7171173	2.7523099	-0.15472736	-0.11468231
5677	1.5787704	-1.1931067	1.0686541	491.12175	1.5199317	1.335296	-0.010676985	0.097835816
5678	5.8936538	-0.42487593	2.5842859	4219.7006	68.458258	35.56297	0.19150362	-0.17046702
5679	1.7934582	-0.087751624	2.7696372	890.08384	9.7112232	1.9150018	-0.02059649	0.014953974
5680	5.6566502	-1.112869	2.4101217	2716.8119	20.699075	14.343868	0.26420227	0.20905793
5681	5.2493086	0.79799664	1.2673098	534.1217	37.048667	24.568711	0.34660277	-0.0012744441
5682	3.0051625	0.2285479	1.8934457	3651.308	54.589167	39.716163	0.13172868	0.19951808
5683	1.3628046	-0.51767295	1.214256	1558.0476	12.408273	10.018233	0.055257668	-0.13212451
5684	3.8097844	-1.1136727	2.7361947	1031.7611	35.776679	20.374334	0.024509836	-0.018244931
5685	6.2220912	0.035660415	2.5465411	2195.5478	42.836016	14.943842	0.16595355	0.2217149
5686	6.2376608	0.065458365	1.8115909	2984.6282	37.416694	33.317702	0.032829916	0.13717423
5687	2.4623531	0.31609676	2.9185268	278.74583	1.9770997	1.7567439	-0.087346207	0.0011682032
5688	0.96416852	-0.99679862	0.99784352	468.60348	7.9738667	1.9189006	-0.12279638	0.17331711
5689	0.014383503	0.33293133	0.82874278	1097.9694	11.852241	7.7019316	-0.36127263	-0.0055117421
5690	4.8266491	-0.38244146	2.6268569	3103.7746	81.154873	53.187924	0.23412518	-0.0030836406
5691	3.1701543	1.0936372	2.4829998	4375.2374	45.106373	37.374112	-0.13151128	0.031284796
5692	1.7764761	-1.3274156	1.9206609	2894.6759	67.059054	64.902603	-0.032505849	-0.12574895
5693	5.8431833	0.28817808	2.8520048	6366.6535	35.0202	18.03225	0.018723482	-0.043305684
5694	0.66783974	-0.2690842	2.7752122	3919.2776	45.769716	29.817134	0.060702133	0.067325451
5695	2.5266105	-1.1761544	2.8463399	16174.65	108.87265	87.124026	0.2129495	0.049631104
5696	1.5545263	0.21021243	1.9887629	827.73624	84.954373	52.042497	0.10072373	0.060768035
5697	3.2132521	-1.3255915	2.1764688	1024.402	10.557441	8.5928694	0.089498651	-0.051819615
5698	0.38073788	-0.99525128	1.1430954	325.33178	9.7561111	1.9603777	0.23615755	0.0044838901
5699	5.5990165	0.86651767	1.1211779	2594.5088	52.541162	41.048374	-0.031358677	0.22386851
5700	5.0105261	0.25071794	2.5925041	1096.1042	5.7442473	2.9261152	0.038966754	-0.07318488
5701	4.7314608	0.9727619	1.6859692	687.06248	31.195634	27.111417	0.55820132	-0.066292128
5702	2.8587312	0.0088052749	2.4938955	2970.3096	13.800548	13.408332	-0.0055702556	0.17243643
5703	5.4402084	0.075043003	1.6731354	1316.0908	21.019161	14.580671	0.14318013	0.019575028
5704	2.487585	-1.1092998	2.8886807	3693.7076	40.757385	39.123413	0.016713427	0.15130652
5705	4.7229959	0.67931913	0.59408597	11356.317	58.715364	46.460447	0.10445296	-0.011430394
5706	0.98312008	-0.81221707	2.5815516	21294.869	222.51	175.30207	0.50897136	-0.10904317
5707	6.104161	0.18547557	2.5917394	816.86183	1.7033082	1.395383	-0.060144019	-0.00068112586
5708	1.6051483	-0.85668797	2.8247429	587.34018	1.837048	1.6996361	0.049855488	0.059809118
5709	3.7995438	-1.289152	2.9221845	303.9606	2.1175493	1.5194667	-0.0087915892	0.30179406
5710	5.5742162	0.28463824	2.6868127	3044.4586	14.347267	13.824668	0.012637107	0.13101273
5711	3.277071	-0.0090688367	2.2206532	5621.5	22.355562	18.202057	-0.031176214	0.046798307
5712	4.7960387	-1.212862	2.1649607	1542.1282	15.520515	12.076893	0.0074775372	0.12177354
5713	1.9310242	0.64739045	2.5379255	2697.4543	11.926028	11.382966	-0.25185497	0.33359905
5714	4.9409167	-0.32441347	0.77620623	3583.3009	43.506172	33.568641	-0.12118676	0.035951448
5715	1.7669277	0.44625236	2.148969	3206.768	38.93459	14.935653	0.010131317	-0.10782639
5716	2.4053415	0.00061790233	2.3827431	1336.0785	12.347805	11.371782	0.16282572	-0.11041611
5717	0.47907552	0.26411574	0.29351102	6744.6094	74.261892	64.218044	0.0035812082	0.079998185
5718	2.6208903	0.59298305	1.40011	6707.7704	76.016373	65.844994	-0.24628602	0.051771313
5719	5.9486982	0.11164809	1.6489539	716.14217	25.985768	19.605085	-0.0067306608	0.051918405
5720	4.8824521	-0.38478071	0.65756021	1911.1212	47.477695	39.651888	-0.25838477	0.045936076
5721	1.3786664	1.4015103	1.303949	3997.8842	53.426082	33.090475	0.00065445957	0.19298417
5722	1.5345056	0.75616399	1.5576931	743.76382	11.56189	4.7436273	-0.082633922	-0.028733947
5723	4.1051331	0.84893737	1.0872993	712.15108	2.4929222	1.7448117	0.078222037	-0.050971663
5724	4.5640199	0.47631133	1.6950577	802.70371	34.613816	28.144367	0.32026545	-0.25678355
5725	5.5080949	-0.12984214	0.30856698	1028.4265	10.832732	1.619513	0.44741245	0.01221134
5726	2.9260044	-0.65927276	0.33168885	951.03631	11.300993	9.8665374	-0.088658558	-0.057265921
5727	2.8388503	-0.70341754	1.0677561	2612.0351	52.356114	49.334983	0.0087872713	0.00060749517
5728	3.7046471	-0.41635892	0.21733808	7054.7309	81.522708	49.133909	-0.36865152	-0.062727426
5729	0.056584162	-0.087608065	2.8588833	1141.7092	30.20157	25.344786	0.014597007	0.15658829
5730	5.1412364	0.19246527	2.4117749	2074.1859	38.277052	6.2802238	0.12096267	0.093052448
5731	4.6672566	0.32758008	0.80859951	7264.1651	79.638716	62.870614	-0.01290172	-0.40479856
5732	5.0853894	-1.4840963	0.51516951	7385.5075	144.15418	58.557904	0.22786592	0.14803751
5733	3.9433285	0.71780013	0.26980559	2566.8792	13.155918	11.121707	0.30026192	0.12270584
5734	5.0999032	0.97701337	0.54766682	3666.0339	34.039917	30.117474	0.075477022	0.00093638577
5735	2.2977504	1.3370008	2.4588416	1041.4318	10.124955	10.110288	0.17717173	0.030647166
5736	3.1721638	-0.58211019	2.2059572	3414.8447	79.833049	27.276167	-0.062081546	-0.18519443
5737	2.1392185	0.2947246	2.212444	436.1094	9.5590032	2.102642	-0.012555648	0.089501769
5738	0.56284453	0.28789234	1.9382752	1453.201	30.362132	25.879384	0.035074321	0.28313941
5739	5.0865777	-0.87738342	2.3630817	3977.8784	49.297136	33.578984	0.038740689	0.28957178
5740	0.810881	-0.11540054	0.57685673	4846.6032	61.647234	55.845564	0.19869595	-0.05025321
5741	0.32790939	-0.7620829	2.4331109	5805.6258	41.277541	37.659247	-0.26253811	0.26989206
5742	2.9393298	-0.61954703	0.59946807	1221.2641	44.222995	39.613121	0.12471897	-0.058124666
5743	0.10990379	1.1416069	0.73732549	760.01508	29.29188	17.062629	-0.057457677	0.014664872
5744	4.3438604	-0.24506585	0.73450455	393.34049	8.1284711	1.5508152	7.3087132e-05	0.062321884
5745	0.1931146	-0.49943502	1.0274999	4646.9839	60.0857	45.575522	0.079101951	0.027980166
5746	1.6945796	-0.59729059	2.8093375	599.7138	2.5317142	2.0999614	0.032847844	0.067553521
5747	1.415158	1.3246881	1.0251043	1537.2629	13.051716	11.57329	-0.10087178	0.046876929
5748	0.74737125	-0.74591532	1.9326936	4642.0806	52.229858	38.958562	0.039827502	-0.09764117
5749	1.8255257	0.44020861	0.67647765	4146.2918	41.607677	40.617348	0.17658797	-0.035322155
5750	5.9677648	0.05529049	2.0542579	899.26713	2.170313	1.5597726	0.31584684	-0.063241337
5751	0.029542495	-0.67024523	0.44546813	947.54488	6.1041665	2.8807845	0.014599976	0.028855841
5752	3.1964508	0.45481775	2.8637615	2881.3047	11.195046	7.9950982	0.0054294593	0.049453255
5753	0.22976862	-0.6869394	2.2450952	7392.9858	66.910193	44.401777	0.052305939	0.0016634469
5754	4.9683082	-0.0066406543	2.4280308	3020.2491	43.121041	16.685087	-0.091921559	0.00668522
5755	5.9480689	0.56215619	1.135363	1133.6193	44.558029	14.721902	0.00066903141	-0.034528731
5756	0.43363087	0.10774648	2.3349805	721.5082	1.8921341	1.7842199	0.046284888	0.10394533
5757	0.93712389	-0.57253126	2.7364732	3876.6705	46.217433	35.224389	-0.021285057	0.03035802
5758	5.3014407	0.95639806	2.4440291	9466.1761	73.557017	22.579381	0.46123743	0.37078911
5759	3.0854888	0.81511174	2.7448664	11510.93	59.317795	48.143896	0.04119392	0.048920366
5760	1.6557017	0.71795252	2.1858597	785.44546	8.6638422	8.3170022	0.0015727748	-0.019212217
5761	4.7987254	-1.3914338	2.8578101	3291.9314	49.083732	26.377329	0.029960791	0.026160544
5762	2.0730858	-0.82010607	0.71610218	636.46977	1.6138881	1.2830213	0.00014034614	0.080650381
5763	4.7401349	1.2082097	2.1947621	664.46591	9.1863179	4.4841102	0.38471759	0.022420018
5764	4.8725322	-0.88342637	2.4118013	2776.8879	15.259532	11.942676	-0.1930094	0.0057137042
5765	2.9803048	-0.60039692	0.90277024	492.83878	11.302916	1.8465537	-0.010488722	0.11203486
5766	1.9392063	-0.053570513	1.8552088	4858.6057	67.366544	63.988377	0.080847574	0.064395576
5767	4.4038983	-0.14558631	2.8840252	3201.7454	47.245002	15.620063	-0.11569359	0.0021907736
5768	2.3561082	0.064740771	2.485302	1469.3889	8.971252	1.5972751	0.011960678	-0.01238092
5769	3.2140993	0.1453784	2.5683222	4161.0461	17.593901	14.622466	0.15609225	0.017129209
5770	2.8883226	0.95391403	2.9447328	2720.9254	14.673999	14.407708	-0.18158926	0.17890791
5771	1.9770902	0.38348559	2.7303408	6222.1455	66.149085	59.30698	0.090763154	0.01232239
5772	0.22309695	-0.86434344	2.1818567	5524.4317	59.210892	35.951029	0.15295418	-0.020172642
5773	5.4157247	0.2565629	0.25818943	613.94407	2.4198738	1.6794463	0.0039737552	-0.19742844
5774	3.2691004	1.2333418	2.8918981	1168.8297	10.982057	10.399097	0.47331893	0.17135642
5775	0.71740222	1.0885998	0.94785268	5108.7631	16.84027	13.894086	0.28773281	0.090103055
5776	3.3855073	1.1639881	2.7985944	2524.9748	23.192938	14.636276	-0.032659495	0.14399986
5777	5.954763	-0.43953947	2.8228954	2892.3179	13.220921	13.057371	0.041334508	0.10525275
5778	5.6898783	0.39756942	1.9017483	1078.8947	12.83504	11.867818	0.071722399	-0.018807202
5779	2.2175138	-0.072815045	0.3738081	3050.1146	41.882106	12.902071	-0.26681593	0.0030207014
5780	4.363903	0.18213712	1.4538465	329.79565	9.5587496	9.2448479	-0.084722876	-0.054432816
5781	5.1956498	-0.12625414	0.58467589	2403.8338	14.916052	10.446493	0.036145022	0.18389383
5782	0.06456136	-0.26840963	1.8475423	6061.5287	55.677152	52.952833	0.013812374	0.031972451
5783	0.64492872	-0.093502947	2.2617985	1624.9093	10.952219	10.392102	-0.030667436	-0.089333175
5784	4.5138374	-0.39961204	2.3358232	5958.0595	70.671753	42.222138	0.017355324	0.0050480842
5785	0.53706302	0.45390881	0.78577127	2138.8399	12.778528	12.387213	-0.016398773	0.075676988
5786	0.73740375	0.28561188	1.0265627	936.63329	11.952325	9.8724193	0.15743526	-0.21863599
5787	4.7063363	-0.56891276	1.8672078	1237.2092	12.053208	10.161092	-0.0072022117	-0.11373829
5788	1.6214966	-0.91772819	0.31178944	16437.933	107.05675	105.81495	-0.019930203	-0.18859279
5789	1.8523077	-0.85341866	1.2317374	2673.2991	51.360703	50.794423	-0.27117041	0.10264153
5790	4.2493112	1.0515954	3.0599718	6421.8104	65.531577	48.074349	0.17996603	0.052299079
5791	2.5444261	0.13184079	0.50860025	4246.1609	33.117067	28.150778	0.012950377	0.17674209
5792	1.7604357	0.38094595	1.8093989	1282.1864	12.854243	8.6152254	-0.034126651	-0.069882078
5793	3.4412323	-1.1077523	0.46728444	6877.4667	114.16728	67.323398	0.0054773518	-0.082924619
5794	5.5642605	-0.70477258	2.4179599	482.13549	15.915492	10.983623	0.56480403	0.00770943
5795	5.3615592	0.75497015	1.9925098	1556.982	50.574501	17.882744	-0.025045441	0.18430787
5796	1.19738	0.62577162	1.2568945	8513.5477	81.727865	68.084946	0.035263196	0.32599902
5797	0.35638418	0.28456684	0.72798988	1718.895	38.288751	36.338433	-0.14218753	0.56910014
5798	6.0088497	1.1446319	1.4560761	2494.5598	88.931573	68.578505	-0.363872	-0.064323157
5799	0.27405748	-1.4145721	2.2069189	1248.3425	11.716117	10.605284	-0.075648709	-0.13116834
5800	3.759397	0.39295862	2.0546272	1611.9545	44.781238	32.934855	0.016000864	0.13361578
5801	0.95449788	0.13247074	1.6496786	2372.5127	29.155985	25.54508	0.0066833735	0.21791173
5802	0.30899323	0.38977954	0.48718786	1928.2158	29.933058	13.507648	0.13673356	0.17838729
5803	4.9444977	0.10244389	2.4298375	6974.0906	74.419856	42.032786	0.04238309	0.028903094
5804	3.8564223	-0.88455888	1.9995244	1676.9378	31.556912	24.507592	0.089035097	0.015653427
5805	3.6694747	0.29432305	0.56453289	2505.646	45.073599	28.264068	0.044610196	0.13886932
5806	1.4354146	0.13696989	2.7886308	2403.1339	11.969004	10.693277	-0.036419285	0.080260249
5807	3.351428	0.36454566	2.4968765	2529.0751	48.800851	15.192789	0.046337626	-0.044201071
5808	2.4474272	-1.0294232	2.6587162	5750.2228	39.227798	21.915643	0.16096093	0.062166377
5809	2.068916	-0.89419903	2.5956365	1508.0698	8.7334686	1.9514129	-0.15684913	0.070617609
5810	1.8343282	-0.61581753	1.2784257	3216.6487	68.491499	59.638885	0.16450249	0.0073848226
5811	0.91997137	-1.1286263	1.0515809	2573.1362	20.703986	14.149656	0.018567272	0.045852548
5812	5.2772572	-0.72029782	0.9494868	3342.5368	51.773305	50.746422	0.18101005	0.12189541
5813	1.4536732	1.0442396	1.2424866	1277.1086	11.526474	7.5286066	0.023771178	0.16484756
5814	2.5379926	0.26654664	2.4389254	4032.1159	36.584562	29.183783	0.13877385	0.12437991
5815	3.8786954	0.59203354	2.6539605	1810.6421	10.654702	8.6289332	-0.067161218	-0.12578228
5816	3.8448365	-0.40452745	0.52440752	1252.6135	37.474192	37.062549	0.059897984	0.035792355
5817	1.6640952	-1.22115	2.0110962	1002.9072	11.185991	9.5226394	0.36042189	0.031267115
5818	0.50239177	1.30605	1.4687288	802.86341	11.057825	10.977542	-0.048851053	0.23952328
5819	5.1230274	0.67456702	0.30727089	1689.6736	12.234116	9.1397864	0.028702182	0.23387956
5820	4.9184976	-1.113841	2.6863557	8455.763	104.40257	72.888733	-0.044961231	0.1811903
5821	0.79555739	-0.67086128	0.98139193	727.43974	12.365963	8.3556321	0.36534749	0.10681363
5822	1.0615417	1.1584155	0.68447252	1354.1461	12.452658	12.003964	-0.40044332	-0.026901153
5823	1.563286	0.12178092	0.47909561	253.36811	2.9649699	1.4955463	-0.086260134	-0.00022316812
5824	1.4243808	1.3341302	1.4899343	1307.8495	13.351851	12.833346	0.0094199092	-0.016315308
5825	2.5539261	-0.42335269	0.46025154	1178.3236	37.701575	32.391574	0.12175188	0.099543002
5826	5.2079781	-0.10745842	2.4566138	1811.2179	44.351494	11.945665	-0.3108821	0.093958088
5827	1.945821	-0.77014844	1.8074033	724.69572	11.302102	10.338653	0.13123458	0.035371922
5828	1.8094967	-0.71508865	1.3404843	5177.3633	37.681235	33.598799	-0.15529904	-0.0074463177
5829	4.3032233	-0.29635788	0.27193988	5043.031	59.22402	46.066901	-0.04421685	0.056379198
5830	2.8189838	-0.25318468	0.94271781	2601.9159	17.355818	13.99374	-0.042644775	0.327319
5831	2.1500169	0.75047976	0.58712556	13124.206	177.99929	160.10001	0.03517513	0.0027368209
5832	1.6764579	0.72301685	0.70495558	4310.4326	31.199541	19.776756	0.2205877	-0.038013742
5833	1.7422576	-1.1249608	0.97171963	1293.1551	22.64437	9.831592	0.099772786	0.025854094
5834	0.19602281	0.53504955	2.6899584	393.02259	8.925257	2.8090897	-0.08656183	-0.10877377
5835	5.1455469	-0.060761028	0.71330617	6803.9083	63.382812	43.270999	0.61102214	0.031504565
5836	0.095591683	-0.60917904	1.8869614	624.97966	10.129024	9.3305695	0.032562006	0.046916792
5837	4.4090261	-0.62375344	1.4508816	1216.7971	11.3859	9.5399315	0.0085407519	0.14490835
5838	0.59849969	1.2544648	0.44377984	3945.372	32.499731	13.545017	0.011291277	0.17612738
5839	3.9710715	1.1543447	0.72966034	6525.4806	61.664651	51.613517	-0.063615696	0.0024360376
5840	4.2629011	0.22973727	0.41118155	4044.5014	45.334984	37.259899	-0.12864416	0.14153343
5841	0.10233251	1.2291237	2.7253475	4101.4687	29.729773	21.969636	0.028039053	0.076500282
5842	0.64185696	0.81303405	0.65550415	1454.9981	13.084293	6.3410919	0.20385144	0.045709669
5843	0.59921026	-1.0258495	1.1571629	4991.9928	120.69198	67.588699	0.030071568	0.30173037
5844	0.63771698	-1.187899	1.764943	2804.2318	47.739422	40.796116	0.10231832	0.025864257
5845	5.4046164	0.98044496	2.6338744	1981.9754	14.896528	3.0586314	0.13291718	-0.15360695
5846	3.2554286	-0.088323311	2.2730081	2600.2144	112.60152	105.72153	-0.022630093	-0.045708863
5847	3.7026762	0.27298917	1.1951119	2036.7325	16.063896	10.409406	0.17651579	0.072832663
5848	0.10252753	-0.20151704	2.9708923	1577.3313	11.355632	10.006837	0.025404799	0.069692576
5849	5.187835	0.015748031	0.52795792	2151.4431	12.738373	12.472183	-0.056667361	0.0024884344
5850	2.3192986	0.69266284	2.2810535	2231.7381	12.710782	10.271348	0.089810268	-0.22781163
5851	0.21610045	0.067431852	0.64985795	4249.7898	88.496661	31.712485	0.0064945288	-0.010120625
5852	0.56671051	-0.28976005	0.86359671	7787.097	59.163337	48.92998	0.40397232	0.064504502
5853	4.25902	0.35542212	2.6788728	14577.033	92.758263	85.209957	0.10647122	0.29720819
5854	4.2449429	-0.80920141	0.27249182	5925.8036	25.364	18.30165	0.16300466	0.15718776
5855	1.2568067	0.64394442	2.1560523	929.63512	10.793552	10.136229	-0.26417638	-0.023348345
5856	4.6449603	0.20139351	0.73892166	5881.6538	126.47267	108.54377	-0.0341362	0.029317178
5857	2.825071	-0.20948855	1.9487039	324.60105	1.8906385	1.4983005	0.2443657	-0.13245658
5858	1.962742	-0.82227841	2.4614144	2427.3119	9.9912628	7.6499136	-0.039449333	0.28784484
5859	1.4471623	-0.81486943	0.83038092	8823.8752	69.679741	54.206249	0.29798597	0.12174782
5860	1.9864023	0.77443515	2.1790816	3219.5555	48.582565	47.204142	0.25226082	0.036474369
5861	0.10785796	1.2151676	2.8137914	13935.574	102.04256	71.39894	-0.2084701	-0.25120485
5862	2.9587184	-0.71319165	0.68299424	1843.6355	10.584148	4.8499042	0.023069776	0.11188731
5863	3.1244265	-1.3208706	2.1065303	783.53368	7.6402813	2.8165367	0.13944579	-0.1474678
5864	1.8453108	-0.41495129	1.0801366	2602.3599	59.803848	56.000432	0.11017425	0.079107297
5865	5.2129377	0.34273648	0.18940791	11707.334	146.24619	89.565308	0.014478304	0.1183903
5866	2.4108103	0.21188054	2.6888575	1162.4053	11.062598	1.8096906	0.09474241	0.0007132419
5867	3.836971	-0.062690907	2.7106208	18906.134	120.58724	110.49833	0.45478472	0.0013799412
5868	1.1226832	-0.39343101	0.79609051	6086.601	59.82082	57.868912	0.056273414	-0.078750562
5869	4.7234813	0.45734766	2.2202107	23729.996	241.73957	210.65045	0.081484484	0.0037653049
5870	2.1754526	-0.32434553	0.60051284	700.50334	14.264078	8.3369161	-0.03269074	-0.23158685
5871	4.2890093	-0.31364966	0.50745685	8588.7008	168.75622	95.966093	-0.00023451977	0.14403355
5872	1.4496767	0.39321666	2.5765447	3366.4472	15.702063	14.062447	0.42499024	0.089755083
5873	5.4861903	-1.3090372	2.6166836	1393.6794	42.080919	22.559168	0.0072613926	-0.20697926
5874	2.1991609	0.94894606	2.4346869	3251.6966	14.062298	12.422237	0.19134134	0.24446702
5875	3.6614016	1.3307234	1.8139128	350.9944	2.9896032	1.8173684	0.12411502	0.1402399
5876	3.1024508	0.91333967	2.3089315	1109.4168	12.986859	9.2588802	0.13458496	0.18131417
5877	5.1665928	1.0812983	2.3071369	579.60339	5.3352203	2.4419587	0.13506829	0.0024455374
5878	2.5407817	0.82050514	0.40685136	7639.3726	45.650055	43.969511	-0.015276322	0.090870507
5879	2.163952	0.8498581	0.475648	2317.7091	10.067917	9.8714845	-0.028380179	-0.049595573
5880	6.0514723	-0.23255508	2.729184	2111.0407	12.502087	10.993696	-0.16593635	0.058206294
5881	1.8162821	-0.81468603	2.5087716	9265.7234	58.518824	44.293841	0.30419023	0.15569116
5882	1.398829	-0.76319552	0.92138464	3015.2501	35.957286	24.051571	0.00095134575	0.072226768
5883	3.450139	0.76194325	2.7741226	4895.603	33.463766	18.365656	-0.34589812	0.26839655
5884	2.8547344	-0.66528653	2.824245	6354.9398	22.019917	16.092482	-0.11008653	0.011436727
5885	4.2977509	1.3115263	2.7847039	4633.1933	15.918479	14.965127	0.14012742	-0.019999213
5886	4.4116621	0.39772808	2.9899237	2059.3112	56.736449	45.33269	-0.094451901	0.43218026
5887	4.0253622	0.42338013	0.20914507	8356.2352	79.549258	62.261577	0.028308916	-0.079011678
5888	0.84299834	0.76111247	1.3532961	2105.9868	12.593295	10.697331	0.038834379	0.0068144399
5889	3.7110514	-1.1533771	0.67652974	8882.7608	110.84001	99.7936	0.11642441	-0.44661805
5890	0.10886122	-0.20955067	0.25101057	1974.9694	39.095198	18.695139	0.17203552	-0.23972591
5891	0.14789039	0.70909052	1.8235576	4759.9233	62.126412	43.754644	-0.22583591	-0.001942849
5892	3.3622777	-0.36066737	2.8407913	4175.5454	24.751675	23.907398	-0.015943109	0.27491657
5893	3.7439748	-1.0594123	2.9851336	13741.85	57.127293	37.699324	0.084075797	-0.10094518
5894	5.4227721	-0.085509176	2.0136898	1029.7584	25.72575	11.074463	0.048073355	0.013537341
5895	3.2716582	0.62388337	0.66579052	6970.9565	74.320727	74.259405	0.14451788	0.030916171
5896	3.7595457	0.88537245	2.3923315	2794.9113	41.882235	33.713312	0.052488602	-0.60142917
5897	1.6621015	0.27576194	0.69689148	1159.0532	16.888801	10.760354	-0.002608489	-0.0046333168
5898	0.21486722	0.49986801	2.5321467	1675.9352	11.477045	1.8954155	-0.001777975	0.059424267
5899	4.2206562	0.86780244	1.0961632	404.17405	7.0310194	1.3520763	0.12096677	0.12176482
5900	2.8823026	-0.61222655	2.3540686	699.524	3.0603059	1.4543777	0.082004824	-0.030447116
5901	2.6255709	-0.061906017	1.0035783	987.18136	8.9614894	8.8062213	0.019367008	0.11887343
5902	1.0956896	0.81813115	1.7791265	572.91023	10.515281	1.5875352	0.020051661	-0.0091352241
5903	1.0569034	0.31947119	0.60979459	2483.8092	16.798355	15.534973	0.094956368	0.039436225
5904	1.4244787	-0.53131469	0.68653097	1181.5767	10.605879	10.154052	0.068447242	-0.59032483
5905	5.0695109	-1.0693528	0.32068614	7202.8375	60.810002	58.575316	0.37858634	0.21310018
5906	5.4859743	-0.0077896166	2.7156795	1020.8401	11.690689	1.8847148	0.015295472	-0.046794709
5907	4.1602329	-0.6586864	1.9046026	1143.363	11.857254	11.511252	0.18151846	0.29934158
5908	4.1272182	-1.0784028	1.0519882	915.00625	11.128087	9.8206246	0.018212468	0.077468265
5909	5.9834201	-0.73282105	2.0312004	507.15966	9.5374035	9.4730658	0.23583465	0.011255391
5910	3.2472162	0.52116802	2.7008006	582.82017	1.7573997	1.3364353	0.0036248902	0.019588983
5911	4.653086	0.84847654	0.12072854	2681.2993	12.330407	11.768798	0.25285538	0.28616394
5912	0.79890349	-0.47149573	1.1096804	6723.8389	47.218757	47.216497	0.0026065715	0.12965063
5913	4.86001	1.3503493	2.287532	1258.0537	11.943865	11.710226	0.12241235	-0.1021508
5914	4.8390366	-0.94772792	0.38503449	15713.03	154.56561	113.3731	0.19704629	0.28956717
5915	5.8199336	-0.5780757	2.5129424	5528.9677	103.22445	97.239215	0.11730801	0.083632227
5916	3.5608279	0.12790673	2.3326035	2925.367	48.175094	34.817855	0.30628722	0.039301283
5917	3.0675531	0.060333827	2.8139126	2108.3093	25.080913	2.4391477	0.30974401	0.00057207276
5918	1.7180001	0.89690365	0.84505296	3944.0714	15.472616	14.198691	0.092638181	-0.11746297
5919	3.223313	0.18863149	2.0667612	1003.7258	10.31154	9.8748314	-0.0087959552	0.33427586
5920	6.0494167	0.31997885	3.0173201	2668.432	12.409266	11.272338	0.30409491	0.016395577
5921	5.272465	0.036197461	0.53222683	3186.1971	14.995969	11.108235	0.078431252	0.091251414
5922	2.3310489	0.46374923	0.75588321	661.55309	11.631982	5.186645	0.42030981	-0.19732133
5923	4.2327846	-1.2375626	1.0702915	7944.9514	72.271818	62.802958	-0.36297079	0.41854847
5924	3.638562	0.72261201	1.0770927	2623.0037	82.691043	12.779917	0.056194893	0.0025796036
5925	1.6874495	-1.1023137	1.6193913	2268.4309	18.564296	11.493332	0.010388715	0.22062642
5926	5.691572	0.89042788	0.29613425	2478.2351	12.673155	12.263266	-0.048430474	-0.065665922
5927	3.7888348	0.097678869	1.5531812	2483.9276	30.495366	16.549253	0.24377569	0.0082503222
5928	2.1181125	-0.47621237	1.2059628	892.6835	80.35167	2.1266992	-0.025960606	0.0041517897
5929	4.4309816	0.71702667	0.66979058	6759.0344	88.857031	67.469402	0.059555826	-0.029397661
5930	5.7912731	-0.043434739	0.26771249	908.52087	17.825413	11.115481	0.028325367	0.061179875
5931	0.64411029	-1.2064488	2.2016605	863.00079	21.828422	1.3777148	0.4662803	0.19791209
5932	3.9736815	-1.1013385	1.3774248	5060.673	58.369258	54.634296	-0.0039332211	0.058125823
5933	5.3151363	-0.2583994	2.69824	3722.2303	70.363381	20.717189	0.072607984	0.0016932479
5934	3.4430188	-0.61904099	1.8678676	6276.6512	105.77647	70.668084	0.029312392	0.017588296
5935	2.5010411	-0.49117163	2.537083	5705.9094	18.383777	17.528881	-0.063306718	0.13462536
5936	2.1290177	-0.45406915	0.31918547	1079.4739	35.036012	31.23598	0.095203284	-0.012209354
5937	5.4608295	-0.82186188	0.63478015	1586.4269	11.66358	11.547808	0.054740274	0.02899235
5938	2.7168449	0.61070382	2.5903395	843.79798	12.968218	11.247208	0.36970483	-0.01035374
5939	5.9723098	0.15956381	2.8699899	684.45172	37.364907	27.299839	0.17260034	0.34137421
5940	0.044698159	-0.54793667	0.74258226	3419.1121	109.63659	34.051592	0.011130841	0.059528715
5941	2.4618489	-1.0379971	0.38571417	657.93715	32.070822	28.069552	-0.039441342	0.12939126
5942	1.5963815	1.1325505	0.78694966	3412.0728	13.687038	13.238897	0.018111737	-0.014016002
5943	5.7315705	-1.3261574	0.38091697	2892.8178	13.478069	12.067579	-0.039005106	-0.0038448593
5944	1.6698176	0.84940168	1.1289547	9636.2135	164.59434	75.955306	-0.056733136	0.0031962875
5945	0.2007846	-0.94876415	0.43718334	3291.5407	16.187476	12.664951	-0.10316535	-0.049570465
5946	3.3595715	0.3050908	2.7595106	2759.2094	13.099016	11.772394	0.51362408	0.077543513
5947	4.4292003	0.24157442	0.83099588	1360.3027	13.258842	11.549713	0.42575529	0.12876324
5948	0.67878368	-0.44150996	2.8155429	1653.1638	14.804341	11.93845	0.091629169	-0.20867681
5949	4.4257033	0.53160978	0.71539017	3199.0542	40.844508	13.33481	-0.056731217	-0.18332879
5950	0.25747594	0.36572934	0.76949017	1123.92	12.260054	10.505472	0.018366831	0.35670688
5951	6.1445993	0.20910714	1.3050154	215.33335	8.7738207	1.2214964	-0.018943553	0.0042410761
5952	3.3932156	-0.45351169	2.5564663	7000.306	67.248086	26.864087	0.076256672	0.018116812
5953	2.6258015	-0.32241168	1.0920931	1247.6781	11.477187	2.4878815	-0.0026684025	-0.12227407
5954	0.11137948	0.53088265	0.51373425	3057.0219	64.787376	58.12424	0.014889299	0.32485364
5955	4.8042333	-0.79049618	2.7196187	1332.238	10.222554	9.1563595	0.00587647	0.052878777
5956	5.5255535	0.53407893	1.8150782	710.5723	31.568443	30.265378	-0.053445948	-0.064548593
5957	1.8392451	-1.438211	0.86553949	2714.8316	64.708183	4.0358226	0.33519727	-0.056573356
5958	2.8559137	1.0024007	2.6269553	2562.2155	12.679917	4.343808	0.0060620998	0.11290844
5959	5.5355686	-0.31197305	0.93768073	4208.1946	50.63585	36.679055	0.062539736	-0.0041562585
5960	1.5544186	-0.046359144	1.3185608	3876.5183	45.569137	28.403688	0.0025442251	-0.1402518
5961	2.8678622	-0.38849012	2.496718	3246.3022	12.626579	12.452318	-0.0062256715	-0.054937171
5962	2.68761	0.14791689	0.81373024	4178.4726	69.007194	61.897539	0.0024766663	0.0044834877
5963	1.8426366	-0.1397231	2.2097519	3115.4874	43.974744	37.461635	0.077677157	-0.25309706
5964	4.9241876	1.0955089	0.49879269	5789.5234	93.913274	19.85337	-0.087225194	0.049938342
5965	5.2306283	0.57612004	2.1802448	3455.8768	35.882222	23.374614	0.10872278	-0.11211227
5966	1.1278338	-0.69555859	2.0790125	5629.7974	64.117035	50.809643	0.12798713	-0.012578103
5967	0.29066426	-0.40163883	2.058044	2306.8027	16.769714	15.770678	0.040919872	0.00083280765
5968	3.8051487	0.027903368	0.94444887	2098.6324	9.5764552	9.3596691	0.091666736	0.62300981
5969	0.23483458	0.77241612	2.5631681	837.11134	3.2084712	2.6471483	-0.032466789	0.066621907
5970	4.0338632	0.37191607	0.51568228	21665.69	133.02613	129.15683	0.10972066	0.13973652
5971	0.37344432	0.4014215	0.81086456	938.41124	30.803925	10.606207	0.11074019	-0.055410028
5972	3.5812124	-0.30269049	1.1463032	4148.4826	79.404131	27.145399	0.074377988	-0.098088187
5973	1.6384185	0.30801244	2.3376393	2603.5881	14.51002	13.956964	0.011011479	-0.058456464
5974	6.038297	1.3426328	1.6140251	4037.2541	64.617477	61.507085	0.03475692	-0.14895155
5975	3.7505296	0.70090655	0.30836638	590.61321	8.7905673	1.4687752	-0.0094418494	0.0051943685
5976	4.0893366	-1.1094145	0.40329025	3203.8188	18.033871	14.800165	0.097217868	-0.020651322
5977	0.65846667	-0.70985791	1.7445852	1203.4583	28.767563	8.0799481	-0.0068504505	0.022658452
5978	4.6427763	0.66744777	2.1441117	3088.1255	15.064942	13.592162	0.43599465	-0.15792909
5979	1.2717043	0.40217494	0.91915766	532.15796	3.3256036	2.7294159	0.027628083	-0.0070349412
5980	4.8517898	0.27531663	2.3026459	1217.4434	24.576017	10.677052	0.0087511001	0.092859268
5981	1.3246246	-0.88320322	0.52693422	492.80124	1.3426544	1.2794445	-0.10834492	0.020112883
5982	0.75161578	-0.61757104	0.91716077	3496.4801	118.24706	55.423963	-0.0078449917	0.157604
5983	5.7906442	-0.029061714	2.4533985	743.66666	12.520412	10.069861	0.36100871	0.085751148
5984	2.9767779	-0.7855682	0.67194447	1495.7322	12.781169	10.869991	0.20341098	-0.047649029
5985	1.2547244	0.41805441	0.88543697	357.85681	7.7812277	1.3987859	0.015131529	0.18933277
5986	4.395835	-0.014977809	2.7129775	6244.8275	23.2188	19.93103	-0.0047609443	0.051840034
5987	3.9286782	1.1271499	0.94605909	3606.1295	58.251572	48.065928	0.017239328	-0.068859041
5988	0.64437843	-0.3227161	0.59672892	1683.1592	50.188798	31.798077	0.16598083	0.016801634
5989	5.5081461	-1.153342	2.2477114	6109.1033	50.17084	46.869335	-0.01558324	-0.10042835
5990	3.4807626	-0.36409111	2.0915363	1602.4006	35.119269	20.604457	-0.065014058	0.027131226
5991	0.9856533	0.30770032	1.469783	2449.8503	22.646657	20.604988	-0.0075877357	-0.28667386
5992	4.0545445	-0.39045006	2.1673172	3011.5061	80.509268	38.082741	0.12657855	0.12907792
5993	3.7187225	-0.36602446	2.7966243	9148.0781	19.373546	19.263273	0.15165013	-0.057497437
5994	1.3131331	-0.8963951	2.5477366	19581.249	197.30533	137.89696	0.23832152	0.059704066
5995	3.9572228	0.0096340351	2.4312045	1623.93	40.695713	33.201772	0.13990672	0.016223441
5996	4.9219287	-0.46858753	2.6378732	5464.1169	56.443756	41.516218	0.0062342524	0.012882592
5997	3.3372396	0.70860578	1.7224152	1552.6629	10.795448	8.0443298	-0.030864213	0.25431634
5998	2.8597379	-0.86154379	0.3412064	686.84093	1.751314	1.4070506	0.043971234	0.025927392
5999	2.4132185	0.77247091	2.2609642	759.71506	10.197089	2.3417029	0.026050674	0.0078912683
6000	1.3357354	0.21704184	3.0147588	9349.4155	74.846767	64.357224	-0.02222514	0.10026487
6001	2.1903313	-0.20098398	3.0555504	8019.2793	65.867758	46.355604	0.18463553	-0.0032196688
6002	4.187304	0.070109697	0.82025932	1362.5871	15.235876	14.09589	-0.13983363	0.0080194593
6003	4.7867415	0.47620951	0.26191456	1845.024	12.839258	1.7881266	0.42634766	0.14389107
6004	3.3544161	0.28123976	2.591964	1179.4316	30.444031	11.074029	0.025546678	0.19986515
6005	6.0038773	-0.78014524	0.97503885	1179.4801	41.998225	40.809231	0.16590918	-0.051205774
6006	3.1920478	-0.14269436	2.4268276	3445.777	44.815271	39.422071	-0.17178197	-0.11005748
6007	3.7273805	-1.094764	2.2477045	7458.5351	101.21029	69.640768	0.082237973	0.010402575
6008	5.0373305	0.67307714	0.80888102	1761.6482	10.849379	9.706117	0.064455631	0.22038813
6009	0.25332055	-0.64166075	2.2135471	10312.919	98.754668	78.145693	0.093036567	0.26916026
6010	5.756731	1.0650249	1.9588793	1998.6319	42.064657	38.572852	-0.091605849	0.028567101
6011	5.0712637	0.33422142	2.0018125	2560.4484	28.167946	20.833958	0.2127756	0.029014766
6012	0.75730714	-0.73957962	2.220643	7291.9386	35.21687	32.476028	0.19290472	0.275822
6013	1.157823	0.6600563	0.7301676	658.22183	8.7592808	7.6218713	0.0092338366	0.11161068
6014	6.2368875	-1.0465873	2.7493894	13191.268	111.3622	45.785833	0.04793962	0.1649146
6015	1.0301757	-0.63537404	0.90436069	2462.98	13.481832	11.990155	-0.12392789	0.0057462445
6016	1.8135204	-0.025524243	1.175459	4481.7043	122.70603	50.109136	0.03408574	-0.0011324737
6017	1.3734515	-0.54093983	2.4480461	3034.2008	14.499679	13.140396	0.024820562	-0.28693744
6018	2.1218637	-0.9846263	1.211777	4973.2988	53.346706	45.905677	0.40590567	-0.017670087
6019	4.6949466	-0.39765806	1.5919528	2693.9926	55.592218	37.210754	-0.010007237	0.15162058
6020	1.3266747	0.51506401	2.5374589	2027.4967	42.825765	30.15211	-0.0098774502	0.0088090937
6021	1.8080733	-0.29227976	2.2981768	894.43466	10.613227	10.2161	0.02273796	-0.086313049
6022	6.0730056	-1.3196933	2.4017471	4019.8941	51.393198	47.779399	0.054717594	0.11694827
6023	5.499238	-0.11801219	2.7613736	4631.6433	57.214772	44.319461	-0.019083962	0.31383516
6024	4.111761	-0.1330556	0.084378013	1494.8301	8.9928853	1.6244227	0.041149569	-0.026894702
6025	5.4795072	-0.9376281	2.9368999	9465.5618	48.894036	46.967276	0.19395913	0.043309169
6026	0.39770538	-1.0610616	1.1085027	735.42495	10.513724	9.7550011	-0.010745469	0.1923195
6027	5.1003647	0.48501316	0.39066651	2010.3556	12.598495	11.743096	0.11133816	-0.00046685515
6028	1.0965155	-0.12750219	0.060595998	7933.3603	69.929947	56.892343	-0.010417773	-0.043526726
6029	4.9164532	-0.39746491	1.6755915	1837.2102	40.965679	32.039477	0.0091818395	0.25573362
6030	1.587076	0.38105977	1.3097461	6517.4155	63.555184	56.447074	0.081064432	0.19333119
6031	4.7445408	-0.79521627	0.42225779	4603.4709	73.853919	70.495153	0.034892055	-0.065571487
6032	1.8158831	-0.75703964	0.23531718	5720.4294	66.7365	49.340528	-0.095438084	0.11571606
6033	4.343805	0.37878544	1.3089712	7675.4199	81.141674	64.206257	0.22730302	0.42245057
6034	2.2967708	-0.61112852	2.8367865	7560.6459	104.45565	65.060903	0.50244196	0.025309638
6035	4.6966493	-1.2061549	0.97136587	954.96346	17.03805	13.383436	-0.22314642	0.0099916438
6036	4.2320869	1.0515031	0.90116564	8149.2535	120.49573	98.473161	0.08053556	0.05069201
6037	3.8653997	-0.73346013	0.76731967	1947.556	47.84248	30.051363	0.12322601	-0.15746752
6038	3.5068578	0.4793295	0.78810379	2166.747	13.186744	10.355113	0.2699019	0.16344978
6039	2.3399652	0.81737319	2.6289306	2847.9446	13.71638	12.431141	0.096965135	-0.046887672
6040	2.6690988	0.032813792	0.83533594	883.34381	71.699634	46.883749	0.017726742	-0.33753889
6041	1.1893468	0.1397359	1.1193057	1189.1358	13.220527	11.032657	-0.045453826	0.030111401
6042	5.660021	0.69067914	0.75777878	3656.3865	158.12268	115.50701	0.078688945	-0.31970269
6043	2.6539663	1.1669383	0.80137111	1658.519	40.594302	36.060689	0.030975464	0.0087669044
6044	1.4277729	1.1271108	2.2711475	1390.6571	27.168577	14.691342	0.011869627	0.01935393
6045	6.18627	0.49334932	2.2977828	417.97732	8.8431281	2.1570863	0.40500768	0.094013841
6046	3.5087753	1.3306991	1.4585662	522.13277	8.4895065	1.4900277	-0.068281733	0.079423147
6047	4.0737702	-0.60403745	2.5369989	2923.315	21.904014	13.629036	0.20218628	-0.39540739
6048	3.3865446	-1.0309946	0.90038813	3591.1139	37.971354	27.252951	-0.07735037	-0.16855799
6049	2.9450718	-0.27923177	1.3932738	1431.9393	47.051894	39.009614	0.03301414	0.46006733
6050	1.3041221	1.0577735	0.68209369	2198.084	41.988843	39.085124	0.039978831	-0.021031448
6051	1.5366428	0.54572107	1.6011795	960.80732	10.697506	8.1995607	-0.094595827	-0.071804664
6052	5.7873259	-0.072570311	0.62855998	2367.0418	18.454151	13.7351	-0.2364454	0.30437352
6053	0.16313786	-1.1849582	1.1661458	9728.476	92.600759	86.733922	0.27989622	0.20843391
6054	3.4616061	-0.31182612	1.8645644	4949.8692	66.171636	59.002077	0.14918599	0.031181075
6055	2.6725666	0.1070173	2.2304868	1799.1733	13.016973	12.490606	-0.067791253	0.10071517
6056	4.3201781	-0.33146144	0.81228802	3081.8036	46.227918	12.096088	0.025485786	0.069195426
6057	1.1254642	-0.27278147	2.8788003	5375.0124	60.832831	52.359301	-0.14000374	0.15407695
6058	0.5603901	-0.15330282	2.9427336	11138.915	68.367864	52.961024	0.026602891	0.027885522
6059	5.4292322	0.353438	2.794791	2826.6095	52.426364	25.440122	-0.071387197	0.025202812
6060	2.5270942	-1.0712189	2.852461	2454.5978	13.383395	10.835717	0.0070079713	0.10384908
6061	3.0493797	0.24018414	0.59553018	3160.1434	28.166715	14.220114	0.057718949	0.019670266
6062	1.1833009	0.35126224	2.6641291	5631.1462	58.592255	41.826466	-0.067410488	0.077248783
6063	4.5458656	-1.1008008	2.49117	1218.5537	12.092666	8.5334771	0.42788438	-0.12891
6064	5.7145425	0.43051556	0.41388943	3632.2229	35.145611	13.572729	0.62365472	0.2138015
6065	1.8336095	-1.3959196	1.102253	2023.9692	18.341722	9.6260669	-0.32679918	0.015236485
6066	5.3665475	-0.31302408	0.87053295	2175.5133	45.396917	26.16439	0.078741058	-0.064003225
6067	4.0950706	0.88508735	2.6583539	2488.3014	59.81572	52.997557	-0.044092984	-0.18987516
6068	2.3876313	0.10530559	0.89303209	1237.0287	11.923629	11.700583	0.15250544	-0.26451772
6069	3.7209621	-0.35029127	2.5538386	1510.3318	11.75469	11.348931	0.065795886	-0.0062449795
6070	4.7798808	-0.63299993	1.5418385	7022.2638	62.098495	55.455929	0.087246478	0.47091614
6071	6.1787146	-0.48394326	0.83912013	4793.456	57.894927	44.715229	-0.00077834995	0.14249967
6072	0.70348232	-0.2452865	0.8809079	1272.7722	18.692674	11.019596	-0.15486791	-0.31391062
6073	3.1795277	0.45912726	2.1828676	1486.8338	11.931745	10.943614	0.088375469	-0.015161366
6074	4.8181023	0.69894849	1.3491515	763.16813	10.323885	9.58651	-0.077546896	0.23308754
6075	4.4968279	-0.42923635	2.1147732	398.75315	1.3961645	1.3799464	0.012866132	0.079463318
6076	2.0958932	-0.42214851	2.2277497	5055.7121	49.676154	17.808907	-0.0095700453	-0.0014504591
6077	5.2145683	0.72936516	1.9164517	185.41888	1.3347176	1.1908991	0.082533202	-0.1303472
6078	0.87759551	0.83410926	2.2906209	4408.9298	33.76885	15.830374	-0.025007568	0.08704805
6079	4.6098954	-1.3297986	0.8755021	2119.581	11.553093	10.757549	-0.0062265116	0.097736143
6080	0.41308339	0.27840213	0.55672377	1083.9027	13.446141	3.2687267	0.020778559	0.036046817
6081	3.3512371	1.1826491	2.4583241	3963.3726	15.183308	14.108078	0.033786523	0.22567934
6082	3.8364068	0.83776374	0.40803196	3552.2447	10.789702	9.4618753	0.11955282	0.14042472
6083	4.2119404	0.56552799	0.21877151	1100.2443	14.958871	3.6086919	0.016723942	0.08866082
6084	5.3694051	-0.4159333	2.9195623	3880.5732	24.701888	20.547511	0.013055309	0.15350184
6085	0.11022123	-0.0077746466	0.42316556	9740.5946	64.521703	60.059668	0.38153877	-0.034597667
6086	3.9014003	0.2458531	0.53026972	358.25548	2.0026962	1.2475384	0.02645358	0.04128887
6087	4.4055667	0.2244559	1.0852032	5076.2354	72.96927	57.416752	0.00063817631	0.064292696
6088	3.6604761	-0.45905309	1.6914854	2196.9481	44.490771	35.94031	0.18108445	0.010411354
6089	0.51306769	1.1320263	0.71841165	6992.2564	78.83836	66.363584	-0.065436852	0.10848885
6090	5.3611609	-0.14459302	0.8654788	1353.6825	11.314048	10.215641	0.0008573124	0.1198657
6091	4.183847	0.53927272	2.525661	935.12382	10.118354	1.9694383	-0.015120992	0.12292408
6092	1.4294469	0.2052703	2.076484	1946.3653	13.49048	10.724957	0.033339895	-0.082091343
6093	4.4058452	-0.64862661	1.989279	329.76515	10.854794	10.082591	0.199062	0.15731948
6094	1.7632829	1.1330105	0.51507792	10429.84	82.012296	54.581518	-0.33553182	-0.21325028
6095	0.63052029	-0.38476447	2.5831871	569.5937	3.4426615	2.5453977	0.081619525	0.29771927
6096	5.992251	-1.2257924	1.9767673	2524.3169	40.693252	37.980095	0.074079407	-0.018638202
6097	3.7188031	0.68244347	2.3308033	6877.6661	76.775166	64.038752	0.055486246	0.12448229
6098	3.2805118	0.33659898	0.47578022	631.51834	22.844757	1.4473767	0.053484301	0.010669142
6099	4.377838	1.0668421	0.80643423	1892.1425	12.142069	9.6808359	0.20616042	0.13652581
6100	4.4010698	-1.3627223	0.83323273	2711.1853	47.655235	41.564939	0.0015749519	0.025519441
6101	5.0659187	0.37629035	0.38963185	1121.7402	9.6588981	8.907375	0.048544412	-0.057399095
6102	5.041224	-0.74487225	2.2470209	12280.615	92.667661	85.301147	-0.30714287	0.072739342
6103	4.7904363	0.22368081	1.8249443	2572.0234	21.18723	13.453438	0.018533432	0.10316684
6104	1.5522665	0.95307253	2.6398275	8973.6755	93.504738	33.687362	0.10579269	0.067412452
6105	3.107117	0.041185718	2.4902475	580.34837	1.5531051	1.5351984	-0.25355374	0.019341568
6106	1.2022559	-0.67831134	0.73280978	2344.0382	49.089263	48.513874	0.20795977	0.028912492
6107	4.325521	1.2949872	2.0766998	3542.0535	15.907454	14.13333	-0.31113259	0.042777451
6108	6.0647038	0.068524	2.6232857	10752.891	139.44209	114.44222	-0.18135721	-0.050265184
6109	2.6733911	0.62508642	2.5219551	3875.4665	54.675374	48.146951	0.063546752	0.28087343
6110	5.1618074	0.60473125	0.92504554	450.00966	10.694756	10.064942	-0.10657788	0.39802722
6111	2.9787377	-1.3810616	0.83322181	5621.5641	43.360284	42.704212	0.027288374	0.31599403
6112	5.1310586	0.13408297	0.7728958	6342.8603	53.472823	43.886636	0.16710601	0.010067213
6113	5.5479	0.78839524	0.66278759	4660.9188	19.210688	14.029065	0.42050726	-0.014338952
6114	5.9085249	0.45204508	2.7486838	9806.7284	65.599469	56.447923	0.02910778	-0.072074068
6115	4.152721	-0.1501711	0.24106172	4809.06	51.092527	42.61483	0.024892449	0.10846999
6116	1.6376791	-1.4395148	1.3323179	967.96114	10.001071	9.1695996	-0.0081545435	-0.00027875106
6117	0.042903764	-0.50770911	0.35880882	4097.0449	15.792879	15.653386	0.038101079	-0.052653649
6118	4.5781313	-0.50983449	2.3720016	5919.4873	58.130862	56.020068	-0.047580409	-0.008633903
6119	1.3642903	0.98775299	0.18288865	2829.7566	12.620988	11.136484	0.07345418	-0.019193151
6120	4.4362395	-0.19996714	0.52510083	125.16676	1.730092	1.3205812	-0.059240346	-0.046745227
6121	2.4896116	0.41195966	1.8470349	731.34842	31.137441	4.8288812	-0.056354082	-0.074020698
6122	2.5863308	0.49768379	2.7267984	2207.6093	22.137418	13.726145	0.070524994	0.37670017
6123	3.4414446	-0.98834814	2.479144	4389.9591	14.841471	13.173175	0.10440383	0.18175997
6124	1.2142942	-0.21056947	2.7896985	7654.012	92.414854	28.189364	-0.18648333	0.002907166
6125	0.28101593	-0.21432022	0.45785793	1967.7539	27.756407	14.454175	-0.13605804	0.00010464396
6126	5.916214	0.47353337	1.7327325	2292.9797	13.066112	10.671931	-0.0088339723	-0.020395736
6127	1.573279	-0.18411808	0.63033948	1223.6454	11.862636	11.188906	0.052628348	0.05263402
6128	4.5446907	-0.61235926	2.2864058	3243.4561	17.243939	12.62989	0.50401818	0.12207209
6129	0.65691609	-0.34824212	0.71791829	5441.2126	61.451847	56.663056	0.24863707	0.055732756
6130	5.7587698	0.86575488	1.7405008	1775.7343	39.117985	32.527941	0.19215632	0.034226735
6131	5.065719	-0.49078534	0.67146011	6866.8145	75.908404	53.160024	0.0081433051	0.088054293
6132	3.4631854	-0.83470301	1.8702586	1093.4872	28.195926	28.184152	0.0051393227	0.1398954
6133	1.4988023	-0.009103585	1.3541952	368.3896	26.752189	10.486249	0.063097249	-0.26053778
6134	2.238724	0.93086008	0.79754854	9946.6184	86.770523	76.068588	0.0086136274	0.0060119628
6135	3.1067796	1.4497811	1.3551546	49.226431	2.0461377	1.1814041	-0.018550821	0.21805996
6136	4.4729942	0.36209602	2.2520646	614.00827	9.9975712	9.0704034	0.2183515	0.35648535
6137	4.2680886	1.0019226	0.50785757	3692.6262	31.592657	22.32431	-0.074845866	0.013053422
6138	2.6415858	-0.7421934	0.80726529	1619.7966	11.648741	11.36319	-0.26780958	0.29146728
6139	0.8863236	-1.2448075	0.23999906	1785.2436	11.512487	10.71052	0.21452337	0.084630681
6140	4.5617515	0.56289593	2.1472338	453.94358	1.6242207	1.5248224	0.12165886	-0.0074969518
6141	1.8583604	-0.43882063	2.2771466	287.46194	1.4497896	1.2972554	-0.17810272	-0.050964248
6142	3.3848438	-0.24693502	0.65654075	2711.4102	22.187261	13.796593	0.0043762243	0.17034081
6143	3.8747523	-0.17314438	0.66207351	2872.6137	29.853662	16.84498	0.16212853	0.087996998
6144	0.4715505	-1.3852541	2.0132088	494.83213	42.7145	13.909101	0.019114392	0.16741778
6145	5.1260508	0.55587943	2.2351736	488.12045	10.414549	1.3774402	0.0032901511	0.1670797
6146	5.5273165	1.073367	2.5066768	5326.665	44.977911	36.935143	0.014280034	-0.0068537631
6147	2.7429329	0.17326768	1.4538875	2102.632	12.537358	10.757638	0.0524907	-0.043327131
6148	1.64335	-0.59344243	2.201373	4799.3276	51.076957	48.630682	0.083317596	0.031902102
6149	2.2725234	0.5640032	1.5190138	5625.7041	128.80769	79.914007	-0.013688014	0.034587906
6150	2.646945	0.59175266	0.85901179	2674.2866	23.520795	17.829559	0.23855311	-0.017871916
6151	6.1547875	0.28447374	1.1988592	1679.2262	38.789394	33.341954	0.18026736	0.2990157
6152	5.6547858	-0.22956189	2.7224189	11832.424	179.78573	91.994476	0.039622733	0.2860779
6153	2.0917859	-0.90797768	2.5246799	7210.7272	82.671044	58.936693	-0.001729666	-0.16138447
6154	3.5657552	1.2064137	2.2584416	6273.046	55.938208	52.680326	-0.12953919	0.3875026
6155	2.6653332	0.99874389	0.92642679	2274.7334	13.504929	11.173824	-0.0026731105	-0.23641817
6156	0.15493234	0.91375601	2.8138602	14376.082	82.144548	67.211385	-0.23481162	-0.26848564
6157	2.8324814	0.52212257	3.0178468	21285.992	98.057493	88.269419	0.097963173	0.10185691
6158	2.9573194	0.54587827	0.59487178	852.9923	17.121108	10.871538	0.018533432	0.10316684
6159	1.0280519	-0.27697409	2.4019417	9455.759	68.516897	63.522644	0.029180672	-0.0022189571
6160	4.930932	-0.24278807	0.79767016	458.26611	1.7378008	1.6513743	0.10847252	-0.053958979
6161	2.2214642	-0.31766909	0.7596696	7796.1507	45.150193	29.823057	0.10548851	0.15811506
6162	1.868456	-0.64542852	0.40553209	3464.7416	27.125391	26.950029	0.43814916	-0.18304282
6163	5.5794602	-0.14299361	1.1131192	493.9244	10.136464	1.3938592	-0.20460588	0.093948954
6164	5.2403262	-0.245496	0.80116289	1926.1811	31.306656	21.520999	0.24859395	-0.24334137
6165	0.4746862	0.87650876	2.3366781	1940.366	12.990444	11.488297	0.39469607	0.12254404
6166	3.6775557	0.38365337	2.2970007	6063.2716	56.474681	54.634644	0.10311032	0.055927158
6167	5.649699	-1.0580769	1.9281447	656.23406	10.597164	8.2730177	0.29395351	0.042084063
6168	5.7645112	0.080233434	0.27849125	4099.9898	80.492614	57.632134	0.20247104	0.057723824
6169	3.2040413	-0.35212079	2.7629164	7604.2029	55.576729	45.937862	0.0031004261	-0.015408892
6170	4.6206959	0.46013167	2.6183304	1001.5826	1.7654815	1.3631778	-0.23255645	0.1195559
6171	4.8139785	0.8365147	0.48291842	2263.3465	13.387438	12.04283	0.13464062	-0.17272849
6172	0.65198855	0.58377791	0.95295097	6141.7082	48.319463	48.182964	0.081329003	0.07516916
6173	3.407579	0.38155984	0.92092777	6798.1614	61.727399	52.708872	0.0013159531	0.40723113
6174	5.9108191	-1.2515719	1.0735308	3389.1866	127.64868	40.296578	-0.010213838	0.079405678
6175	6.1302298	0.52784799	2.9501229	5674.6455	56.330013	24.708638	-0.46522565	0.47724672
6176	1.1305301	-0.19711236	0.87036905	708.72153	11.130152	7.6635853	0.063096122	0.0077261327
6177	3.9368815	-0.99695967	0.94420571	4512.543	85.603949	33.978878	-0.0003887991	0.14010996
6178	5.516412	0.36182268	2.323279	11836.02	101.18197	45.226362	0.0053306548	0.15704629
6179	3.7461314	0.8257965	0.36850447	10704.936	69.208216	58.861605	0.47164831	0.018191778
6180	6.2601547	0.39659978	2.9124957	3781.7214	14.550219	13.535418	0.16609147	-0.014661723
6181	4.5423326	0.20653751	2.9209269	2205.6552	14.543848	13.384552	-0.057950565	0.022274654
6182	2.6051335	0.51901079	0.95616313	3532.627	15.824487	15.403716	0.28714257	0.32618202
6183	3.0498791	0.96509467	2.1463664	800.30946	11.663533	1.4466126	0.22110034	0.05746143
6184	4.4000219	-0.69639473	0.74686225	6312.5531	30.326571	21.380529	0.045328397	0.36125096
6185	2.9994555	-0.10419662	2.5374227	15320.341	84.008654	81.165436	-0.25782406	0.053022997
6186	5.3265871	0.77973751	0.70002522	1542.0685	10.489969	10.36604	0.090556595	0.0087263999
6187	3.61642	-0.1738719	2.3222327	1240.0302	12.564176	11.126849	0.15541975	0.13893784
6188	5.5233732	1.0025712	2.8326775	3197.0772	14.090528	3.3376757	0.1304196	0.044734718
6189	1.6964548	-1.064598	2.0108934	515.32451	28.283257	20.005328	0.28790568	0.01872345
6190	2.0801908	-0.47118142	0.65738083	2573.8499	13.463593	13.123104	-0.037527165	-0.14765928
6191	2.2028454	-0.24201711	0.73976648	1122.023	10.697145	10.679816	-0.014340865	0.25050928
6192	0.088757403	0.23523569	0.88276968	4629.0802	65.172386	52.233311	0.27141561	0.029338633
6193	3.5101069	-0.26943376	2.8720636	4431.091	63.383591	50.679184	-0.09656594	0.063232012
6194	0.7595211	-0.19965597	2.9090915	10480.31	96.617066	88.672801	0.023127988	-0.065833667
6195	0.71280621	-1.2449393	0.65278427	1187.6886	31.417258	1.7348021	0.041305367	-0.011305337
6196	3.5888472	0.49563555	0.77370356	1144.0357	11.187109	11.019285	0.021857125	0.23681495
6197	3.9812598	0.73701536	0.25124978	437.64612	8.6616609	2.0443012	0.0033408286	0.023332269
6198	5.7180145	-0.69324714	1.1556091	299.86062	29.387718	21.116421	-0.25977933	-0.00016253431
6199	4.0076738	-1.0552252	2.0478526	1638.7617	42.84319	25.202814	0.23329128	0.035661456
6200	5.6791776	-1.2208543	2.1392657	5242.5751	61.526865	42.881596	-0.043778917	0.03022161
6201	2.3549687	0.10144299	2.7812141	2961.8286	36.602251	29.230182	0.2991315	-0.076736502
6202	0.41638595	-0.2529466	1.2221085	1215.9082	12.35813	12.112369	0.064655937	-0.07981924
6203	1.9891748	0.94376364	2.2191354	1072.8145	11.738869	11.55138	-0.065745275	0.75802777
6204	1.3966033	-0.66789093	2.9890953	737.75147	2.245538	1.9314452	-0.18648417	-0.14840353
6205	3.869129	0.79289282	1.2989574	534.51299	10.440303	9.7061132	-0.50717498	-0.038862652
6206	0.088284725	0.42239845	2.5130333	574.37449	2.0009684	1.3578833	0.010358013	-0.031481456
6207	5.9076456	0.28029452	0.31909462	305.18769	10.846615	1.6112735	0.040488452	0.017953003
6208	6.1043789	-0.43956572	2.8224168	11350.131	89.294	73.466871	-0.45289713	0.027707529
6209	2.5828939	0.3792067	3.0439204	6749.981	29.10565	19.003054	0.022709357	-0.019225785
6210	5.0046487	0.12506792	2.5725726	421.42851	1.5917961	1.3190894	0.10455369	0.03234529
6211	4.8238126	0.10213232	2.7144184	1788.86	14.836532	10.866646	0.50401818	0.12207209
6212	4.8017647	-0.69142236	3.0807278	245.98485	1.3054766	1.2715031	-0.041398157	-0.048595415
6213	0.43566532	0.13495783	0.69688116	1175.5012	9.7944565	6.9129712	0.20823729	0.0260234
6214	3.1497866	0.83465439	1.8960155	499.7271	10.722953	9.2308227	0.19311634	-0.30773602
6215	1.2816652	-0.12880081	1.0115768	2170.7626	13.813914	11.562624	0.094068357	-0.011564345
6216	1.2165064	1.2646526	0.59587567	740.25792	7.6420326	1.6638701	-0.0014738834	0.066479078
6217	4.4165287	-0.01468004	1.6197819	547.21713	10.689843	8.8095038	0.402661	0.018185519
6218	3.5206757	-1.1325703	0.65664031	1942.7996	46.68115	29.584602	0.14980202	0.080268141
6219	5.3795053	-0.28679479	0.38260955	7759.7034	85.406501	68.763831	0.39723542	-0.10661333
6220	0.73547321	0.90059226	2.2179226	1101.8548	10.68115	1.7402976	0.058357763	-0.17677918
6221	3.5581548	-0.68694629	0.68576995	1585.1928	12.310135	3.5032979	-0.31430363	-0.022434811
6222	1.0514887	0.22413782	2.7688419	8442.8394	28.43997	19.565839	0.59077674	0.30399597
6223	4.3234565	0.075441853	0.77906963	1459.6057	13.793064	10.62831	0.054806095	-0.076993854
6224	0.41255413	-0.6314772	2.5865961	4355.1432	25.699491	17.065702	0.36855333	0.14121001
6225	2.620875	1.204228	0.79835985	6780.2734	85.504352	65.296807	0.27602425	0.063301795
6226	3.1010314	-0.51076671	0.38340455	23976.154	115.5594	79.947483	0.020060887	0.046801052
6227	6.2095033	-0.42550968	2.5874654	3254.6655	53.793077	32.23825	-0.011690118	0.39794762
6228	2.5953059	-0.41303098	0.59682077	3390.4523	78.517804	45.077218	0.18086856	0.11914268
6229	0.34013815	-0.957423	1.4661409	325.9518	10.109686	7.5821937	0.25118329	-0.07765062
6230	3.9842392	0.52137691	0.6064869	11440.512	65.481406	52.26225	-0.11922648	0.068094007
6231	2.2877748	-1.2157077	0.24815132	3839.855	16.143856	13.549448	-0.021605009	-0.011042543
6232	4.8003623	-1.3567999	0.21237249	5615.8897	70.343355	55.047311	0.48661911	0.016792214
6233	2.0196953	-1.0476412	2.3045078	260.63532	1.5188403	1.264222	-0.037797987	-0.27544492
6234	1.2163767	0.75789138	0.39982933	12206.496	90.329881	58.374206	0.032874851	0.019992342
6235	2.6467952	-1.0319293	0.43479072	1499.954	13.3715	11.681451	-0.088813776	-0.27619785
6236	5.8739935	-1.2680956	2.5297544	6419.34	59.102727	58.249698	0.14957864	0.059417504
6237	1.368815	0.3449008	2.6853485	764.98309	2.394832	2.0088279	0.23531314	-0.17961383
6238	3.1268431	1.257564	2.3538026	1315.4142	13.559881	4.6360482	-0.0033479264	-0.21776996
6239	0.73894162	-0.86065743	2.6461042	3274.737	15.472769	14.528186	0.018398574	-0.11642634
6240	4.3220093	0.17234509	1.9852541	345.88443	1.6519103	1.451928	0.011931667	-0.0024060801
6241	3.2310652	0.25088942	2.0942754	772.43314	10.950131	10.502857	-0.025623554	0.0083943747
6242	2.3555359	0.56859571	2.0985925	867.56288	10.611471	9.1380352	0.034322318	-0.032070813
6243	6.0528092	-0.22927801	0.65309992	1866.1964	15.810547	12.761906	-0.23040999	0.032392775
6244	2.8128185	-0.14599258	2.6306034	3209.454	15.416295	13.489823	0.064873779	0.17124813
6245	6.0393747	-0.7624017	2.6630733	6279.0243	86.996998	65.403928	0.18395264	0.21757004
6246	5.5590159	-1.0665301	2.927877	4773.619	64.532004	13.223456	-0.058899525	0.28641952
6247	3.3193045	-0.48700868	1.5478233	2344.3774	37.532634	30.767457	0.3154459	0.082347931
6248	0.2982628	-0.80532884	2.6268305	581.61893	1.7827391	1.383627	0.097520826	0.068538349
6249	1.1235351	-0.27795247	0.49465311	10514.73	74.562473	54.064408	0.30796705	0.034060131
6250	0.67509281	-0.60571362	2.5114195	1896.7374	19.177976	13.287983	0.062317375	0.11524819
6251	1.9822881	-0.64538811	1.3795245	1488.5079	12.964105	10.350582	0.098969021	0.11276708
6252	1.1453677	-0.22745755	0.86127854	7606.1048	78.641995	57.175297	-0.11691864	0.024971119
6253	0.33236119	-0.16780067	1.2949626	561.44575	9.3074645	8.865813	-0.0023602948	0.0092056208
6254	2.3293729	1.0930943	0.82556737	5660.1047	70.295126	54.942314	-0.029253564	0.086079122
6255	4.8174374	-0.38177077	0.51429227	903.87524	3.6179854	1.9465972	-0.025578827	-0.025655273
6256	3.6560331	0.20004579	1.8089442	1613.6881	36.765852	35.876702	0.0048375832	0.16379072
6257	2.5493194	0.65005973	2.3741321	1641.0935	21.051548	19.517279	0.001116794	-0.052994163
6258	2.3400904	0.45331915	1.6047312	3466.5138	51.720392	42.64058	-0.03666717	0.0069499374
6259	5.3121837	-0.29427763	2.3968425	11138.501	167.4239	102.35622	0.0289269	-0.028049172
6260	5.4661115	-0.32342518	2.5599352	346.70915	2.825723	2.3292238	0.028261742	-0.12331046
6261	4.434364	-0.72422705	0.61696874	2161.7187	12.11191	9.7950449	-0.046001051	0.02302525
6262	4.7461631	0.098812523	2.8116727	3957.9835	14.729456	14.41736	0.012454413	0.12719814
6263	3.3278887	0.4189823	1.0959917	3069.1623	34.844633	13.682192	0.16979221	0.02349973
6264	5.069755	-0.55865089	0.34491435	1325.5849	11.252833	11.148962	-0.12673709	0.011122542
6265	2.0192176	-0.011732445	2.6009093	2352.6293	134.51965	46.622351	0.058484895	-0.025670025
6266	2.5415412	-0.35226127	2.5675779	8053.9358	64.743054	58.000722	-0.44112117	0.018917616
6267	2.0167166	0.92503965	0.61262607	2653.5337	14.035753	13.414189	-0.059350009	0.34466975
6268	0.37073404	0.65935184	0.33339982	7420.5704	64.062946	62.972656	-0.00086963835	-0.067418486
6269	1.858783	0.54369721	1.1545331	505.34869	3.4580261	2.3849565	0.18132315	0.0057383393
6270	2.1096501	-0.094747411	0.71550487	2574.2142	36.151433	33.024755	0.049781349	0.30100447
6271	1.6458959	-0.36030788	0.61171123	4408.7667	44.831601	34.629492	0.17012141	0.16362045
6272	1.5607356	0.49641401	2.3853244	849.05325	39.277897	36.987358	-0.0032008751	0.00080488461
6273	4.4653222	-0.82330914	2.8236956	3166.8711	15.418762	14.38456	0.079346536	-0.10274703
6274	3.8616116	0.53880408	0.48329253	2785.5752	11.21824	10.61857	0.012171038	-0.035523626
6275	2.3186478	0.28836908	1.9615371	644.96019	10.051612	3.4145267	0.15371274	0.19841241
6276	1.1540677	-1.4525284	2.0141806	702.33559	9.7324907	3.9757227	0.35163292	-0.0053589153
6277	0.55427026	0.21034219	3.0884356	802.44151	2.2169888	1.813533	0.20635743	0.081630003
6278	2.8082373	1.1748682	2.1483826	646.45076	9.2053696	1.9614839	0.025007735	-0.031432452
6279	3.8407771	-0.57450652	0.94154443	3209.358	29.79674	14.91697	-0.082707805	0.08092684
6280	5.7041759	0.064716271	0.36501487	2292.0838	15.501991	11.497526	0.0080164245	-0.21819097
6281	1.358932	0.63254912	2.1878062	964.56775	11.914644	11.447242	-0.16595455	0.016824657
6282	1.372232	-0.89989449	2.2367333	1706.8671	21.951671	4.7915628	0.2302472	-0.2130807
6283	5.4925899	0.17096207	0.3507156	9346.9738	109.09968	62.847421	0.12457059	0.024653251
6284	3.5127266	1.011462	2.5088734	334.15559	16.969816	10.81737	-0.0092325646	-0.031386543
6285	4.1376625	0.5866234	0.48528988	1859.3005	23.691907	3.2151515	-0.084924592	-0.10067863
6286	5.7323901	0.51009181	0.60376882	1559.2576	11.789634	11.488996	0.22346187	0.051697507
6287	3.8655926	0.27576502	2.9451613	2739.872	13.602819	13.572444	0.008085616	0.14349245
6288	4.4589024	0.52706417	0.52127804	2144.9245	50.484686	27.521824	-0.062255585	0.13815877
6289	0.43708842	0.20605196	2.1869108	1106.9144	24.281596	10.974594	-0.0061636426	-0.069060001
6290	0.59460897	-0.97043541	2.8264806	10958.721	89.941328	89.435861	0.085540116	-0.15507616
6291	5.9136749	0.086847564	0.94322015	7007.9938	158.45232	70.54804	0.07473256	-0.036877187
6292	4.4037924	-0.17585229	1.2406814	2039.2642	14.070996	12.271347	-0.072020263	0.084511329
6293	4.946858	-0.078160469	2.9148789	1037.5326	11.558905	10.113483	-0.0075769639	0.058265009
6294	3.4763088	-0.84853656	2.6420905	14659.33	106.23272	74.844159	-0.14055852	0.019966144
6295	3.1047484	0.578226	0.38272154	616.4886	2.2997229	1.4120914	0.13335296	-0.009709414
6296	4.7973934	0.12907734	2.6913336	2196.58	33.478344	28.713844	-0.1480612	-0.12497942
6297	3.4602495	0.86506514	0.65763623	3266.0591	15.506894	12.820601	-0.16412245	0.40027598
6298	2.8186	-0.39029038	0.61520055	9496.8245	71.735216	56.159561	0.060028024	0.0019748477
6299	5.6848647	0.38722599	0.96723295	1536.0768	12.678032	12.581853	-0.099069412	-0.17384698
6300	3.1310262	0.57405931	2.4125078	1545.1564	35.582046	24.780583	0.24173066	0.23433939
6301	6.2771208	0.21716653	2.6736487	4796.9338	60.476928	45.529664	0.20584957	-0.041014705
6302	1.4232292	-0.98912912	1.2996627	110.17862	10.387767	1.5816868	-0.12942868	0.00058570235
6303	3.3592741	-0.58533444	0.7686798	1507.1385	12.40708	10.391199	0.069306311	0.017650284
6304	2.8440298	-0.37719404	0.86041865	6164.1857	71.591349	47.131016	-0.077714629	-0.016409296
6305	3.5787129	0.162388	1.8144471	4908.2718	116.65849	95.352702	0.022129955	-0.021139637
6306	5.4742462	-1.0138621	2.155068	743.68168	32.849683	31.03739	-0.064943306	0.093290852
6307	4.5428715	-0.26202751	0.97092426	2633.7356	37.11778	30.734469	0.075685667	0.0010364273
6308	1.3784945	0.35431196	2.5016269	2363.118	121.72204	92.470939	0.10819193	0.048725782
6309	3.9607756	-0.28354428	0.22754171	6034.3112	38.760701	33.613527	-0.08199644	0.13961801
6310	5.4125974	0.33289161	2.5834733	2859.981	25.892836	24.159836	0.0095053655	-0.024116715
6311	0.48177249	0.49276734	1.4103848	1136.9973	22.096129	18.049537	0.017207782	0.045684439
6312	4.2623079	1.0112652	0.35547058	2553.6196	23.497922	10.636909	0.019685196	0.3831431
6313	2.6878882	-1.3367235	1.3879712	1021.4407	43.941562	35.999543	-0.047068015	-0.10533705
6314	0.19864346	-0.24286019	2.0069204	3270.0773	67.248236	51.394882	0.030057315	0.0015060225
6315	5.179253	0.92137819	2.9015835	2856.5082	49.311057	7.3895859	0.048707107	-0.01896277
6316	3.8006999	-0.15137979	2.1784382	2315.3596	34.535738	23.978884	-0.27412547	0.068352922
6317	2.7821227	-0.48241988	0.21096227	419.7958	1.6270427	1.386883	0.037222523	-0.0033122705
6318	5.4258051	-1.0614558	2.1373315	1248.1532	27.492225	20.430069	0.049930424	-0.00041489586
6319	1.0879656	-0.73911611	1.7030223	4672.5263	145.1511	109.4507	0.013432305	0.0154219
6320	1.4250146	0.46319406	2.2630554	4877.3435	55.694322	52.478491	-0.011959245	0.015181534
6321	2.266174	0.93033765	0.57378769	10895.173	22.500093	18.548687	-0.15618043	0.14159695
6322	0.048566497	-0.27318577	2.2845788	1053.484	10.918819	9.872325	-0.020998568	-0.025223781
6323	2.0620463	-0.96005979	2.6444905	2830.0578	18.359269	13.277077	0.086637612	0.0062696835
6324	0.04348889	0.20155547	0.95806433	3818.9278	110.30367	54.894366	-0.20108706	0.00015389264
6325	5.7812354	1.0511635	0.85107409	6768.1057	42.387358	42.213489	0.26685351	0.0046529384
6326	4.0424382	-0.24670009	2.7344457	1186.989	11.695506	11.243315	0.025770861	-0.10959844
6327	5.8233012	0.66723898	2.6006054	416.69476	3.1300242	1.74495	0.14522472	0.081704082
6328	4.7464077	-0.87024633	2.654899	464.16127	1.7221796	1.4126088	0.036804328	-0.059900772
6329	2.5014166	-0.70215122	2.6481902	3984.2466	28.771314	16.197283	-0.039667157	0.31010101
6330	1.536977	-0.86284361	1.3412054	156.18104	2.072865	1.5458944	0.065512446	0.026662914
6331	1.7575775	0.065470387	2.2513422	1320.2259	22.75241	12.347024	-0.083677602	0.028827454
6332	1.8464172	0.7479104	1.5505891	1272.4368	40.237405	35.628577	0.056346806	0.0335715
6333	2.2679808	-0.65074304	2.4968593	301.46679	32.748933	10.78216	-0.0092085255	-0.054479185
6334	6.0555603	0.36345625	0.20536122	2779.8877	16.222613	13.798722	-0.059936683	0.014550777
6335	1.3956588	-0.89942932	0.34811313	1604.5282	11.68617	9.1014906	-0.35759711	0.24697079
6336	2.6746649	0.74335065	1.0005176	3494.33	51.245802	39.654687	-0.13476757	0.0038925805
6337	2.5002115	0.43963865	0.25970528	4402.0234	46.286066	45.251404	0.0040178091	0.0092050515
6338	3.6853421	0.81822261	2.8596491	1657.6827	13.39399	11.187897	-0.16542036	-0.10353174
6339	4.0950941	-0.14104022	0.51584721	2088.1808	17.650862	11.137875	-0.012566161	0.08283325
6340	1.7485683	0.80770647	2.848044	932.21756	10.3206	1.5712553	-0.025109988	-0.17455195
6341	3.5108333	-0.18762344	2.4080669	301.41922	2.0244645	1.679121	0.0031126088	0.20331644
6342	3.4595954	-0.85310271	2.5095073	1356.6445	14.159234	11.904403	0.2512231	0.0062579908
6343	1.3315666	-0.65029375	0.14042475	1318.7287	10.303546	7.8070567	-0.072317313	0.44178183
6344	1.3017277	-0.37705587	2.1043856	8959.6506	86.797869	55.894766	0.068150715	0.35108249
6345	1.9987134	0.21506805	0.62428251	6748.1449	92.106905	79.545027	0.39543573	0.22787003
6346	2.9795971	-0.23072069	2.6154542	2811.3017	59.084036	57.385272	-0.33307607	0.29118465
6347	0.3003712	0.47808649	0.2459772	3326.89	19.592549	12.278959	0.0079713288	-0.0030343783
6348	4.0027323	0.44667263	0.48545622	436.54565	20.520503	1.4695091	0.028764897	-0.094976362
6349	3.3366667	0.83699416	2.8283488	3640.6905	15.788799	14.509729	-0.11260673	0.027654746
6350	5.0566859	0.63551478	0.40024916	2350.3056	13.351882	10.954113	0.00090107857	0.29179489
6351	1.8101235	0.1809774	0.95891429	3240.6233	38.775913	16.541475	-0.0595425	0.017496416
6352	6.2402293	-1.1614282	0.82325368	1382.6883	48.783152	47.141733	0.048235651	0.01411406
6353	0.65728918	0.37047965	2.3880598	271.65011	1.8816116	1.5344188	0.28289494	0.056484475
6354	6.2110003	0.37877089	0.84984948	193.47767	1.9051095	1.5905442	0.0029184026	-0.023264197
6355	4.9601399	1.3054882	0.54108794	1377.6451	10.641367	10.413567	0.078209047	0.11404634
6356	1.0692166	-1.2525971	0.68371118	839.0983	2.1421744	2.0847428	0.016727491	-0.13122054
6357	1.1862671	0.47639298	2.8746522	687.06911	12.261087	11.758446	-0.0076695658	-0.085889102
6358	1.5291331	-0.82859605	2.764216	15869.192	106.96796	105.77227	-0.16339556	-0.12695927
6359	0.29762562	-0.98589079	0.57356691	2326.7104	20.310441	11.787539	0.10306995	0.28007755
6360	5.0298178	0.031030264	2.1797778	298.60992	1.370967	1.3683523	-0.061228706	-0.034364934
6361	3.6439323	-0.39663946	2.5914308	5458.7104	17.895569	16.436776	0.0082666556	0.011921317
6362	0.22972982	-0.17758491	0.14125651	489.52857	11.271722	10.026517	0.050440337	0.051071001
6363	3.6440109	0.058407648	0.60784031	6775.8308	65.03373	57.287615	0.086292082	0.0064603046
6364	1.7871362	-0.897321	1.2429415	2271.3465	43.449575	42.244357	-0.25335866	0.14330876
6365	0.71920725	-0.761412	1.4544918	1547.6295	13.123086	12.327771	0.017021438	0.023521074
6366	1.0560772	0.44766539	3.0167621	618.75823	2.2969669	1.4730542	0.22606132	0.14421075
6367	2.4826584	0.18421489	2.173469	1722.7971	11.754002	11.37539	0.15848328	0.26658427
6368	0.33818855	0.8294048	2.8609006	2764.8025	11.568692	10.623039	-0.16439894	0.23941512
6369	0.3459134	0.86539984	0.75868267	1433.541	52.24474	8.6564224	0.0048434017	-0.19092451
6370	2.8861813	0.52360613	2.7768134	6906.5592	73.699599	69.128494	-0.019933886	0.35442964
6371	4.4228741	-0.25465767	2.7235794	318.99513	1.315598	1.2446223	-0.0051536263	0.015652128
6372	0.25780551	-0.11133453	2.6447731	3125.676	43.469939	39.176258	-0.37012688	0.010558656
6373	6.0965922	0.083847999	2.5792268	7809.6683	59.182713	46.875688	0.14984119	0.078268516
6374	0.87238617	-0.7904585	0.84997612	2244.2314	13.643616	11.406603	0.0025676136	0.23350336
6375	2.4301625	0.56026005	2.5465479	2304.085	19.052134	13.122294	-0.043438711	0.068129608
6376	4.1716094	-0.178199	2.4332735	1595.7934	11.126466	9.980864	-0.014402218	-0.28870809
6377	0.69733394	0.94824141	2.6216768	752.37321	2.6153763	1.3073333	0.10257546	-0.010842814
6378	3.8200415	-0.69558201	2.0149913	555.71968	10.223872	3.0958222	0.20646196	-0.039021222
6379	4.5886181	-0.6354386	0.62126501	1413.7467	34.432836	10.964159	0.18048195	0.00985262
6380	2.5368141	-0.53748717	2.0439603	2306.9939	32.392142	22.19003	0.023530288	-0.012174166
6381	5.9157255	0.70874855	1.3016273	1798.8324	26.12323	11.371018	-0.057628998	-0.29515618
6382	5.1077793	-0.56249885	0.61080321	2549.0751	11.424291	10.837193	-0.019234131	0.12769097
6383	1.0151865	-0.7218057	3.0357484	121.07533	1.8981698	1.6611553	-0.19721031	-0.1018841
6384	1.8926901	-1.1859472	1.032564	498.44172	10.087987	1.387405	-0.20086968	0.096637325
6385	2.2435885	1.0912302	2.0566087	1949.0295	11.426673	10.270434	-0.014694417	0.035468899
6386	4.5230755	0.08575851	0.81737232	2426.703	29.936047	19.465979	0.065056192	0.064627192
6387	0.88755031	0.94399946	0.29091538	6546.9622	70.879605	59.543855	-0.029223168	0.16100428
6388	3.4992578	0.65935832	2.5409122	1261.9286	10.397473	1.6929913	0.40175469	0.17820503
6389	5.1874355	0.43228435	1.1300887	7217.0071	73.656608	71.658514	0.46953043	-0.24758124
6390	3.625657	-1.0480361	0.52598153	982.38254	14.843078	10.82314	0.077942042	0.1157874
6391	2.1184067	-0.38677339	2.5337144	7120.9602	69.881635	53.881873	0.59148116	-0.47140172
6392	6.1496958	-0.43224453	0.50190683	7479.5648	67.018939	47.896298	0.44154197	0.07867407
6393	5.792854	0.2601531	2.2937463	1801.9728	40.083025	38.354968	-0.0036096713	0.18507338
6394	2.7750699	-0.65267703	0.68700466	838.69389	3.054438	2.3034372	0.024876803	0.010558814
6395	1.9051205	-0.27614748	2.7293536	489.34679	2.5480741	1.7851129	-0.16255359	0.039907224
6396	2.2915745	0.65355171	0.96373462	4315.7516	45.787924	39.277139	0.20852562	0.041616692
6397	4.1214333	-1.2638036	0.60124046	3680.6532	51.030699	50.693467	-0.010759026	0.75751859
6398	5.2985604	1.3267049	1.6364375	748.02414	25.598474	10.180298	0.054066781	0.42271253
6399	1.9569983	0.57745458	1.221031	4673.9084	152.40229	140.45686	0.091250875	0.040854825
6400	3.6985178	-0.46395307	1.2228064	2717.8554	44.651447	20.007094	-0.0072863081	-0.18707427
6401	1.3883123	0.99580058	0.66056352	5825.9967	73.203653	66.543711	0.011171474	0.087847579
6402	6.0218913	1.0000625	2.2417427	1985.0051	40.414328	11.186601	0.12410537	0.23615228
6403	5.4151134	-0.57297608	2.953425	4247.9198	55.062773	32.616001	0.0083716105	0.064770113
6404	4.1878546	-0.23903666	2.4054561	1946.1202	11.130173	6.9400008	0.34496711	0.0031293478
6405	0.75055141	0.12505839	2.879826	7513.3725	82.912002	44.855353	-0.064535884	-0.026126207
6406	6.2552702	0.10591425	0.93723342	1772.314	10.780655	10.687857	0.15375811	-0.0075057461
6407	3.4507064	-0.85322865	2.608368	5388.2652	19.833668	16.078913	-0.14362365	-0.0060002557
6408	2.065407	-0.92682091	2.1864247	889.44394	18.818551	10.433176	0.015345705	0.074515646
6409	4.2511963	-0.24300694	0.90888714	683.99284	2.6343965	2.5307047	0.026073175	0.070654048
6410	4.2655445	0.53554684	0.84017301	1472.6483	12.24098	10.123968	0.28413626	0.01481445
6411	2.1208164	-0.03624131	2.2438416	825.83554	11.463855	9.0716668	-0.020639972	0.0018488825
6412	3.1952017	0.070904828	2.8506907	7529.7411	76.654735	53.752917	0.11611944	-0.019699048
6413	4.722122	-0.75834595	1.6384756	2119.2849	15.866752	12.688067	0.12237882	0.12615307
6414	5.4286519	0.31288301	3.0647529	1883.7726	35.894194	11.190225	-0.048031763	0.011072615
6415	0.05150141	1.198962	0.25497352	1441.8083	2.4978882	2.1910543	-0.22508317	0.042058258
6416	3.5995579	0.45752546	2.2823435	2194.7873	101.70404	91.778679	0.0022783883	0.18979978
6417	3.7210609	-0.83849867	2.8533674	1302.6697	12.460583	11.500891	0.19824545	-0.11399713
6418	5.1769843	-0.75447883	0.1519159	1474.8202	10.588759	9.2317138	-0.4550572	0.23369972
6419	1.9669343	-0.71092629	0.50719797	5701.8376	51.954476	47.495835	0.012481244	0.21772816
6420	5.1171961	-0.14346275	0.54179501	3201.527	27.495321	13.975926	0.0025234065	-0.0034501908
6421	3.591652	1.3090779	1.9160333	686.56242	11.876208	11.617454	-0.069285411	0.14960254
6422	0.8029188	0.95993146	1.295435	391.37872	9.1756285	1.5737147	-0.018645817	0.20478261
6423	4.8136462	0.81312182	2.4462196	5876.3444	68.062823	50.935366	0.14525343	-0.046814283
6424	2.8533221	0.53467287	0.72496912	2770.8383	15.713926	14.912958	0.086159077	-0.019334956
6425	3.9382238	-1.239737	0.34636801	1148.2036	32.438072	28.886453	0.26917215	-0.081764762
6426	3.370933	-0.3072048	2.9272215	2921.8393	21.830996	13.296116	0.0019170645	0.10272294
6427	1.8391372	-0.53202975	0.23913401	6378.1124	60.895095	57.591591	0.41454917	0.073424813
6428	2.6778026	0.48468707	0.81627123	1304.6784	10.693339	10.117542	0.0008865891	-0.10860397
6429	3.9005874	-0.040861061	2.835784	7353.4521	74.479108	55.854385	0.13576051	0.12493482
6430	4.0296381	-0.8112694	2.770478	9047.7547	49.31794	42.58954	-0.27336737	-0.26877922
6431	4.5982964	-0.91603518	1.4296843	1734.6317	35.208481	12.282923	0.013534459	0.025581537
6432	0.64912579	-0.010466826	2.4926987	9737.8625	78.873745	58.967532	0.08319842	0.21840273
6433	0.63616472	-0.75105569	2.1690531	4114.2582	149.35169	121.94071	-0.22252611	0.01002639
6434	0.10378861	0.21924421	2.3918483	2775.178	41.88478	41.727338	0.089651308	0.013635137
6435	3.9190565	-0.48677689	2.6764222	758.45132	2.1560549	2.1329898	-0.30851224	0.075775808
6436	4.0468005	-0.1315738	2.5363241	5851.6825	61.072506	52.989002	0.0027359063	-0.095065643
6437	4.7620606	-0.89285216	0.11994304	3082.2459	12.502398	11.032027	-0.090364456	0.06495411
6438	3.4880316	0.51427724	2.5566376	1494.2718	98.506223	36.546998	-0.15564197	0.064206944
6439	1.2617524	0.015950673	1.2800026	1931.0705	47.235042	36.089365	0.04795587	0.042383866
6440	0.9454533	-0.25317699	2.3661445	1252.2818	9.7310013	3.0992869	0.0036919153	-0.044915764
6441	4.7064005	-0.41887419	1.8661903	2739.4567	113.7722	55.287085	-0.026391484	-0.1239137
6442	4.2126389	-0.065350258	2.8150838	11270.227	85.189007	82.675132	0.027039715	0.19276313
6443	5.7427719	0.63591621	0.868346	331.49133	1.4336155	1.4044981	0.0093422949	0.17312715
6444	2.2724575	-0.44436855	0.83023026	4460.8131	127.93728	67.171235	0.046693608	0.020361655
6445	1.9870023	-0.1274435	2.5416311	10885.92	180.28368	176.90562	-0.094402638	0.0082582378
6446	2.9894182	0.38172746	0.6722923	7593.6819	69.618147	51.806324	-0.062134791	0.61625627
6447	2.4037853	-0.03206051	2.2882309	2531.1454	54.926321	54.050066	-0.2695926	-0.17611419
6448	3.9217123	0.087265997	0.49544225	418.86814	1.4632294	1.4083719	-0.02394332	-0.15368075
6449	3.1769305	0.34833224	1.1441398	1275.5156	16.754325	11.594507	0.10376451	0.017426901
6450	2.2392545	1.0096903	1.0624873	302.3221	2.0684105	1.9083715	0.025945192	-0.20169637
6451	4.7131131	-0.20525016	0.66952071	2324.0523	44.067437	37.091949	0.18891604	-0.27182539
6452	5.7275197	1.0278096	0.68009843	7514.4798	72.373367	71.838534	-0.042877311	0.036952999
6453	2.340928	-0.48441025	2.9280996	676.18624	2.6085204	1.3660876	-0.037000344	0.12159522
6454	4.1300775	0.051586413	2.7460766	1251.2637	9.3432482	9.3347267	0.19768499	0.038067383
6455	3.0334611	-0.29503624	0.6253791	9342.8308	63.36241	59.731658	0.016418324	0.35244872
6456	1.563682	0.55070042	2.9290546	4231.7311	25.70316	16.575455	-0.068092296	0.015268775
6457	5.8658282	0.051183561	2.5190119	6576.2124	77.33583	63.63931	0.066357012	-0.13742821
6458	3.1828396	0.49946364	0.82820082	3557.3809	37.954604	14.31736	-0.2409675	-0.092666771
6459	0.34977516	0.74795061	0.30120235	3170.4751	13.992321	13.7914	0.14609096	0.4856738
6460	3.3360681	0.39175396	1.1584438	1535.5337	14.313529	12.094678	0.11674056	0.020896565
6461	3.9177521	-0.46817755	2.6317318	13192.19	62.136727	59.669986	0.023839074	-0.23372751
6462	1.1306015	1.1720222	2.0734594	1447.5727	38.788057	37.937276	0.13666278	0.30330896
6463	0.88123984	0.96471987	1.6074306	220.18871	1.9463909	1.5644552	0.075947546	0.042661338
6464	2.0062824	0.72767389	0.37470287	4499.855	38.909581	37.253003	0.40325637	0.080019686
6465	0.19626506	0.7026236	2.462035	609.49615	1.533072	1.3580886	0.25825623	0.10089827
6466	2.2225799	0.084616182	0.66957086	3158.0196	16.309902	12.346015	-0.088269909	0.21035194
6467	1.7046565	0.71989221	2.8057017	1534.0774	10.625834	6.409043	-0.029579571	0.27126707
6468	2.7908876	-0.014522064	2.6942291	12641.609	136.57461	98.917554	0.021057918	0.027520706
6469	4.2976501	0.620466	1.8509006	628.72184	23.000562	20.451634	0.047142054	0.073505319
6470	4.0281316	0.84698435	2.5943573	8096.7182	30.760641	23.151525	-0.010769618	-0.00054500032
6471	4.0409402	-0.24531808	0.61708115	1644.8258	19.613618	10.386209	0.017778656	-0.0031326863
6472	2.6707477	1.54865	0.28766061	723.3736	1.873283	1.4372382	-0.045481511	-0.090418878
6473	1.6194759	-0.30874389	2.7592581	735.43472	3.4330371	2.348228	0.054792553	-0.0067499772
6474	0.085090974	-0.18648647	2.097233	194.98465	2.2431109	1.3102237	0.20113397	-0.042983245
6475	0.84930326	-0.10483219	2.4698589	1860.2225	31.024773	10.427952	0.34549692	0.11788479
6476	4.8170755	-0.77893525	0.85062203	879.68651	2.0055693	1.4574	0.055675457	0.0031404239
6477	1.4992874	-1.2047649	2.7511792	2536.4186	12.243166	11.95567	0.19456796	0.18791432
6478	2.7486323	-0.24342927	0.80239857	4364.5299	50.117163	18.289125	-0.027043601	-0.13747941
6479	6.0499288	-0.59223671	2.280565	7091.8825	66.527861	64.570838	-0.21631373	-0.53223667
6480	3.0187134	-0.86437267	2.2550019	614.5509	4.0279509	1.6249742	-0.0062549723	-0.0065119589
6481	1.7061646	0.7699048	2.4262582	3519.9424	17.162124	12.650482	0.14481938	0.086221647
6482	3.7052291	-0.65655642	2.4297971	6294.2369	170.42878	112.35532	0.19184345	0.023839776
6483	5.2088155	1.0978147	0.69401728	5453.7424	50.790734	37.477829	-0.061339469	-0.22626923
6484	4.0701524	0.51177048	2.801624	561.07012	9.0344761	3.5757625	-0.12354091	0.018034633
6485	5.499363	0.9239987	2.9195228	9254.7353	58.01351	26.999999	-0.047470675	0.47387898
6486	2.0237799	0.99240086	1.4808021	2143.8454	48.596241	32.032628	0.19433052	0.020669276
6487	5.0596754	-0.12293458	3.085011	1054.3151	10.576158	3.0914657	-0.0095335536	-0.070558036
6488	0.77708383	-0.19784301	2.0430098	4551.9134	67.370548	42.95806	0.27398332	0.18731676
6489	0.72354439	0.54347775	2.3231171	676.85535	11.394354	5.2035006	0.02739843	-0.021846372
6490	0.50752318	0.24190414	0.46482442	1375.8355	10.616643	3.6357848	0.072978312	0.008459403
6491	2.9520228	-0.55073111	2.9499068	1636.1498	13.119689	1.7542707	0.16529292	0.0066759945
6492	1.5027367	0.4095954	2.3447279	4095.0205	37.881068	35.240229	0.0056465687	0.066263434
6493	4.0697257	0.15287068	2.6190327	3418.3977	54.77222	42.653767	-0.0066751152	0.45486217
6494	1.4680342	-0.23390851	2.4873562	7180.832	17.559346	16.549882	0.45330498	0.06311684
6495	3.5092614	1.4187962	0.75371901	1792.8373	11.436305	11.37646	0.05054926	0.058184159
6496	1.7044265	0.20734663	0.69245234	747.22268	9.6704077	7.7456292	0.018623489	0.43921933
6497	4.8173892	0.98779621	1.7387889	798.0466	41.118893	31.174828	-0.0056457067	-0.26984707
6498	4.7053694	0.61731194	1.1657045	506.58269	9.6446765	1.7411059	0.046188243	-0.12110183
6499	5.8067355	1.4060647	2.5475553	354.6085	2.6368853	1.8896678	-0.010437795	-0.041133412
6500	0.34356987	0.81509052	2.3900966	1474.2364	21.323753	10.592345	-0.026954154	0.0021250543
6501	5.4942925	1.1943527	2.7322691	5240.6517	51.088214	16.154732	0.068616265	-0.1719394
6502	1.0557669	-1.048042	0.43963766	13712.335	190.79609	95.680425	0.24267902	-0.32130676
6503	4.2834138	1.0004587	2.1496789	442.48952	2.3000485	1.8997241	-0.04329519	0.049279332
6504	2.8743204	-0.10685151	2.5882623	966.18391	9.0692389	8.3417868	0.044732001	-0.035492635
6505	2.3682274	-1.2815327	2.7285135	4230.0442	50.311741	47.671084	-0.050967678	0.26248045
6506	4.0364763	0.15819493	0.39072669	4381.8418	57.399633	21.547321	0.27219926	-0.01307276
6507	3.6337426	-0.38945404	2.2169106	3097.7789	17.808857	16.799937	0.0071970556	0.035424502
6508	1.7018064	0.79232068	2.5428017	12806.845	70.409141	56.989275	0.010109512	0.49991408
6509	6.1399521	0.48311516	0.77742806	3186.5713	61.083019	51.069963	0.049725496	-0.091002996
6510	1.1025352	-1.0264095	2.5966778	796.97885	9.9110144	1.8378544	0.0099740052	-0.13303253
6511	4.6343246	0.55244618	0.86554525	2338.1141	54.414716	12.394583	-0.056444532	0.039680175
6512	1.7151921	-0.46017001	1.3662661	1374.5586	12.536548	9.1042235	0.058604543	0.11094366
6513	0.86705747	-0.59459698	2.5540069	4936.0799	63.8024	48.943105	0.079124014	0.19448059
6514	5.7276095	-0.326498	1.3701597	2750.5569	49.342711	46.102878	-0.016353751	-0.13330046
6515	5.4327498	-1.0696896	0.73862416	2507.6721	12.584927	11.61109	0.092999358	0.35857591
6516	3.984951	-0.4437802	2.4475368	2021.769	29.729371	18.355728	0.27996187	0.3470733
6517	5.4424872	-1.4817047	2.1092897	697.57517	11.909064	10.860784	0.54064686	0.052475655
6518	3.2994494	-0.64905971	3.0305143	1115.3263	1.7449178	1.5935322	0.18454574	0.076526721
6519	2.2704117	0.36257768	2.8015893	1698.477	34.137682	32.478489	0.0052787272	-0.062402418
6520	0.96625834	-0.89585438	2.4598111	3556.802	33.044842	23.236925	-0.15622721	-0.47475406
6521	0.60938611	0.65711927	1.7418663	2262.3613	18.067657	13.691225	0.020032605	0.14841033
6522	2.8810171	0.62631758	0.4653184	2312.1711	48.317274	43.587249	0.10651349	-0.30239711
6523	5.0469677	-0.96405172	2.0921587	554.56133	9.8098929	9.2885746	0.1745215	0.11646679
6524	0.30233632	0.37485487	1.2890374	2771.8659	61.360127	48.180541	-0.043287515	0.13399069
6525	3.6046525	-0.13907633	2.7363498	6072.4426	17.711258	15.164266	0.48472627	-0.0037849566
6526	5.5821	0.89664674	0.75664841	772.80199	21.327625	2.0792585	0.29742223	0.18447576
6527	1.2711369	-1.0123748	2.7022221	1371.1509	11.686146	1.8682382	0.03180345	0.13714875
6528	6.1804693	0.35045448	1.5526211	1071.9569	14.565449	10.580675	-0.0028531561	0.49149952
6529	5.2965656	-0.80308309	2.2324119	3723.5562	102.30933	49.571516	0.22870628	0.18012366
6530	0.86751839	-0.19708548	1.0982301	855.3212	11.530378	10.463167	0.0099121002	0.059510358
6531	0.70294099	-0.8562148	2.4727876	239.17709	8.8085792	1.5535055	0.09959437	0.0035981309
6532	4.8853402	-0.4153594	0.040253097	8968.6288	22.271121	21.182631	-0.024729568	0.32336188
6533	3.5403192	-0.7861445	0.93875867	1527.811	9.941525	3.0889131	0.1225265	0.29909357
6534	1.2822404	-0.20502767	2.3313362	931.74464	11.355168	11.061444	0.37801636	-0.0018517479
6535	1.9162367	0.39893499	1.1867646	599.00164	25.631923	8.4848917	-0.035058674	-0.069046188
6536	3.4488202	-0.22367376	0.68033749	860.72488	12.136436	11.12293	0.016085289	0.098175282
6537	1.7441694	0.32072217	2.7360268	2333.3153	17.672843	12.868218	0.23120046	-0.040728788
6538	4.1718061	0.1404054	1.7080864	548.43695	2.1199144	1.7477437	0.33996196	0.073141724
6539	4.7873741	0.030452595	0.76300982	1850.1026	11.650262	10.352315	0.017799531	0.044021269
6540	1.1876498	-1.1054465	2.7053697	2578.9175	20.688717	15.672121	-0.074467877	-0.097334393
6541	2.8144547	0.97370081	2.5851244	3232.1023	14.214565	11.651671	-0.071819094	0.087120529
6542	0.14772272	0.41437794	1.7445438	343.43358	10.393579	1.635425	-0.0040211758	0.036468217
6543	2.6412296	0.64936938	2.362651	890.11063	2.9829435	2.6264807	-0.011786819	0.1991042
6544	3.9470724	0.99387605	2.4768013	2634.0882	17.384687	15.508973	0.056850466	-0.035818348
6545	6.1646487	-0.58133208	1.5362224	2273.2188	48.6163	36.94718	0.50711181	0.56708125
6546	1.4637322	-0.2706661	1.7498263	535.13553	10.781457	10.289153	-0.0026299673	0.2809326
6547	4.570797	0.81094552	0.55125999	2981.1287	37.646197	11.551238	0.00056161417	-0.013099605
6548	3.5955631	0.45531287	0.46611846	693.53101	8.1721521	6.9820712	-0.0048533832	0.023529048
6549	3.5814893	-1.3149962	0.50140331	5969.4227	25.210391	24.789939	0.015167711	-0.11078926
6550	1.71527	-0.71887651	0.27503582	5437.6439	65.496241	43.958056	-0.00065339106	0.21613515
6551	5.7934658	0.19437666	0.9890889	1236.5926	20.748016	17.151525	-0.068160251	0.019793928
6552	2.0228191	0.33572397	2.2914236	12191.999	103.84131	83.806007	0.12626536	-0.062129599
6553	1.5374845	-0.59885125	0.73300962	3655.574	22.583847	16.970229	0.064378512	0.18261927
6554	5.661031	0.79688333	0.68029117	952.29305	42.818819	10.196512	0.064702049	0.3626423
6555	3.2889984	0.98194009	0.67223549	3742.3759	14.772417	12.276217	-0.14589894	-0.0472747
6556	5.8941912	0.11653728	0.73909772	7194.2337	156.10589	143.84667	0.016304088	0.019597004
6557	1.8694095	0.63666734	0.14064128	5016.954	23.917363	20.259556	0.025848998	-0.017162856
6558	1.3037337	0.22663707	0.59515882	4249.7712	29.995354	28.946096	-0.050675917	-0.13092896
6559	1.0931556	-0.72916478	2.4301861	4815.1893	55.325182	52.961643	0.16664563	0.024394241
6560	0.49828044	-0.028599414	2.3615956	587.18511	2.0280037	1.733315	0.04187155	-0.0034703378
6561	1.4021567	0.74519866	0.68553228	4289.0376	42.929764	11.625395	-0.015803572	0.077308637
6562	0.21975963	-0.22927974	0.52908701	2272.5139	29.058589	16.06144	0.072312674	-0.0021542917
6563	6.1958153	0.66290415	0.94999698	2770.4055	48.211412	40.199401	-0.040769392	-0.021895147
6564	4.988429	0.37510019	2.6746615	4256.9561	66.426312	55.839496	0.018671242	0.016939754
6565	0.30765559	-0.95288738	3.0394108	526.77375	14.768362	2.1580369	-0.15853558	-0.017105603
6566	1.4604715	-1.275273	2.9274961	8081.2627	27.628406	27.204877	-0.01670235	-0.009696605
6567	4.1811367	0.43791176	2.2921275	9886.0864	86.523336	75.851887	0.0086136274	0.0060119628
6568	2.6252275	-0.54713003	0.45311622	2003.8133	3.6456977	2.9033677	-0.012912589	0.21647862
6569	0.8427312	0.49623513	0.61825455	5675.5209	69.624675	69.037884	-0.22035298	0.22252882
6570	4.3694563	-0.17483049	1.0373914	6653.9649	68.424737	62.133485	0.041146197	0.037387056
6571	1.8785306	0.3037285	0.6029332	4821.5235	58.330197	46.69877	0.16225834	0.19848204
6572	0.52161957	-0.44850341	1.6928941	847.06398	10.827958	9.7135937	0.072695855	-0.046561786
6573	3.2526589	0.064076237	0.73332636	1161.6905	30.143752	11.530237	0.017700917	0.18664845
6574	5.5619687	-0.21063939	2.3961745	5508.8089	67.62375	45.640883	0.005293407	0.19988606
6575	5.4786685	-0.74257983	2.6755227	1859.9886	14.761763	12.769837	0.25459581	0.15398473
6576	2.1920825	0.01191159	0.54599922	5966.5765	74.493885	54.423954	-0.02699431	-0.55229402
6577	0.97937962	-0.63340785	0.58155531	1368.742	25.891176	8.548906	0.0012318332	0.41419117
6578	1.7079571	-0.32016192	0.77363796	1772.638	41.92274	10.373978	0.013233676	-0.0091252749
6579	1.9179347	-0.048000045	0.90367021	526.39622	11.876753	10.926965	-0.076479392	1.370365e-05
6580	2.3429521	0.93296034	0.67080939	14049.631	73.201326	59.191946	0.12104782	0.017459303
6581	3.7216683	-0.28953977	2.6275298	10473.426	87.951904	26.42745	0.0628206	0.14440547
6582	3.068895	1.160815	2.3997097	13218.132	128.88821	90.314707	0.08723862	-0.014737423
6583	1.1839292	-0.38583684	0.84997601	2051.5553	13.223091	11.14038	-0.12903074	-0.0027103092
6584	5.2802141	1.0015545	2.8485323	5446.95	66.073312	7.0890306	0.079375519	0.23576009
6585	4.2407074	0.18659189	1.0263761	7776.0571	71.4044	63.385255	0.24061486	-0.042197586
6586	0.8938141	-0.2638692	0.47763198	2436.5131	12.11893	6.2080314	0.01054649	0.036987036
6587	2.2235307	-0.63569933	0.99471331	2778.5029	20.493364	12.972445	0.062429983	-0.074194259
6588	5.2114699	1.2352941	1.5236942	1061.0063	9.3130135	6.4677929	0.04941615	-0.065414846
6589	1.0663764	-0.56214285	1.0755203	3218.6894	39.200638	27.839642	0.30195731	0.0032166982
6590	3.2286074	0.097667832	1.9009944	3519.3507	51.644871	47.698617	-0.082877285	0.027729566
6591	4.5038039	-0.96990351	1.0227593	956.87384	11.48188	11.001156	-0.0042934602	-0.018724028
6592	3.3167746	1.029456	1.1890384	4139.4624	54.654596	50.091649	0.035521174	0.0059412456
6593	2.4012145	-0.10223357	2.2892025	876.13563	15.995065	9.6409972	0.067372324	0.46700301
6594	3.7704915	0.015582825	0.40472985	2952.1527	28.726358	14.93366	0.0043311122	0.19970602
6595	0.37881816	0.66784865	1.4945895	2524.1138	44.853696	44.318037	0.007128483	-0.14190472
6596	4.1113419	0.53413795	0.70200488	804.71479	11.258901	10.229747	-0.01373028	0.068775984
6597	5.2441658	-0.39910025	0.58741787	204.25623	1.7199006	1.2193366	0.08010341	0.081151685
6598	5.1880508	-0.40357237	2.771177	3084.686	37.068446	34.968183	0.13949878	-0.1681206
6599	4.6454884	0.7962395	2.2906565	1148.5121	11.529953	10.602138	-0.0073359843	0.09747204
6600	2.7016458	-0.77191116	2.2550534	10196.686	94.656692	86.218796	0.24627552	0.29622916
6601	1.8647769	-0.039378199	0.61544547	2294.084	12.43893	11.712639	-0.09870862	-0.052608711
6602	4.1932357	0.30848324	2.7625215	2363.6183	14.769437	13.288915	0.060636921	-0.022801195
6603	3.5885993	-0.66429896	0.47632538	401.74799	1.5742025	1.424593	0.0322168	0.11334009
6604	2.131094	0.38163012	0.24707967	929.21704	8.7397259	1.5170158	-0.11059195	0.073090281
6605	3.2284728	0.3090508	2.8429287	1569.8757	45.194509	37.082796	0.015138458	0.032735375
6606	5.8634981	-0.67788169	2.6976074	1435.3098	10.663949	3.99996	0.46033327	-0.018965999
6607	1.7118437	-0.68966264	0.80551378	2144.1179	53.96434	51.642827	0.013891678	-0.071983506
6608	4.9409274	-1.2942787	0.83015966	3353.8877	36.0186	22.318931	0.11883779	0.34747057
6609	2.1810244	-1.0487935	2.6827656	5200.7196	56.667166	55.159959	-0.040342384	-0.070872872
6610	4.839214	0.37188076	2.965144	1862.7005	46.061545	32.689819	0.26517309	0.16793071
6611	1.8257089	-0.68404379	2.2520638	825.0973	20.03988	11.164941	0.52237916	0.50318886
6612	4.3613326	0.028263201	0.77933343	9136.9479	66.975314	57.956422	-0.054810267	0.050945785
6613	1.4645633	0.2312035	2.1872655	3103.3259	124.79937	50.622352	0.065835749	0.04644976
6614	2.2094292	1.2731557	1.8009651	1393.3213	33.877709	11.501843	0.089029773	0.20587442
6615	6.0601051	0.74468168	2.8536717	1560.5887	38.361464	21.496164	-0.010096016	-0.00090456138
6616	4.9863365	0.78056823	2.6814198	7735.8316	53.49611	43.842483	0.21013038	0.0063899309
6617	0.32382184	-0.61801706	0.37610768	1993.738	32.709337	2.5973051	0.19965691	-0.024947288
6618	5.9819843	-0.033913598	2.2491878	2654.5086	30.415751	21.094828	-0.046045999	-0.54117053
6619	4.8518056	0.54807225	0.68988588	5099.9941	65.125313	51.185641	0.0092441638	0.24899521
6620	5.5188002	-1.2665833	1.1494155	1234.9506	31.147048	6.0502591	-0.0029992374	-0.020575641
6621	4.0597482	0.88539148	2.9953396	2614.7974	12.217344	9.4291622	-0.0026207526	0.24789693
6622	1.7319119	0.56399737	0.65060144	329.25091	1.662211	1.4699848	0.040265229	0.020525088
6623	3.8843484	0.34004212	1.7873899	1182.0343	10.364244	5.8060323	0.030527229	0.10374891
6624	4.2523226	0.24471685	2.917352	1715.1591	14.405379	13.099965	0.14238107	-0.02813951
6625	4.395574	-0.04751672	0.78960261	2793.3641	36.274849	34.343671	-0.049241863	0.093912362
6626	4.5795315	0.49462281	0.84452943	5662.6775	62.507457	28.920436	0.012822068	0.18988533
6627	1.136994	0.6454794	2.4026505	3019.9681	85.282515	50.722099	-0.13506813	0.0034834944
6628	1.8415388	-0.22309117	2.5627015	3158.8981	14.282092	13.78303	0.073214209	0.28772846
6629	5.7599749	1.2095803	0.96606651	579.69869	4.3251632	3.979733	0.018460306	-0.088634598
6630	5.3428856	-1.2256578	2.9155075	3735.0322	56.208276	33.049569	0.0053454768	0.21747852
6631	3.9419727	1.1631754	2.7540555	5249.531	62.025291	46.798478	0.3279451	0.012892547
6632	1.1986391	0.35148759	2.8395593	505.48474	31.46557	1.7566904	0.37058048	-0.0032706342
6633	3.8723039	0.6388647	0.53867708	5176.8627	69.137489	60.159453	-0.2061017	-0.20420009
6634	3.5359973	-0.63842373	2.6292499	667.662	1.9878647	1.4321662	0.015821357	0.046736543
6635	0.5787363	0.37711562	2.589312	7923.5464	137.15182	58.544277	0.14701664	0.059163267
6636	2.4402215	0.4574157	2.7043426	11737.699	79.178346	57.735133	0.02629597	0.097741911
6637	3.3641703	-0.95679821	0.43533118	1794.1357	11.791323	10.831672	0.23301813	0.12436222
6638	0.38088394	1.0798629	0.71491834	2960.8119	52.552582	30.293671	0.14486612	0.031152897
6639	0.35733036	0.17521978	0.80763172	1333.9056	11.080325	10.923384	-0.04238577	0.10922565
6640	2.0187034	0.0081497493	2.152785	8744.2064	85.884815	62.953111	0.43991185	-0.011186908
6641	4.8602511	0.07147093	2.4387675	2014.1845	72.088593	37.767266	-0.0099915385	0.081056738
6642	1.3342971	0.46135958	2.5688534	761.46818	1.5605034	1.3115808	0.0019957081	0.015480066
6643	4.6376301	-0.18983497	0.31451723	10107.23	184.67622	168.44867	-0.018704663	0.021217029
6644	4.3027207	1.1891196	0.35807421	2164.1441	18.553636	13.158063	0.052870843	0.056314199
6645	4.8166154	0.31355663	2.3841193	3712.5079	62.681494	49.413577	0.027977883	0.006296281
6646	4.7287196	-0.53885735	0.084586509	9149.0603	73.599103	52.45042	-0.15396234	0.33898995
6647	6.2632404	0.87825546	0.5182888	695.55607	11.763895	9.4869687	0.011493619	0.091392091
6648	3.7126885	0.88410825	1.9364199	4927.0242	64.669061	49.244749	-0.014937855	0.05029719
6649	3.4565999	0.4040841	2.6651596	6324.0475	31.961262	25.413036	0.052322157	0.37363369
6650	3.6331818	-0.033214109	0.48746926	4313.9134	44.320124	43.924161	-0.15992025	0.22380076
6651	3.1839386	-0.19960601	3.0106072	2668.1642	33.281398	12.996117	-0.17136482	0.11194434
6652	4.1940945	-1.2672085	2.1774088	1718.3556	11.274028	10.7417	0.1298303	0.35396816
6653	0.68549461	-1.2359082	2.2662509	1312.255	11.557598	10.608536	0.0021404732	0.11840618
6654	3.4405838	-0.55013215	2.0473172	3538.2564	15.866967	14.834745	-0.33281557	-0.19062595
6655	0.03307695	1.0081697	2.9039471	1282.3454	11.96604	1.9136228	0.1238392	0.05981008
6656	0.0089220066	-0.40476499	0.34191077	660.95325	3.1695686	2.6388043	0.0019503856	-0.37812165
6657	1.0653599	1.3089932	2.4740396	896.17882	9.4108885	8.152624	0.11549638	0.031033474
6658	0.5113498	-0.56456421	0.32528605	4169.0967	14.997296	11.863781	-0.11215198	0.12018572
6659	0.15651857	0.76147619	2.8023028	2672.764	21.979134	15.126731	0.061373978	0.25211249
6660	4.0691493	0.70189985	0.17126202	15899.702	119.60302	79.729222	0.081831252	-0.13417423
6661	0.093645165	0.55379316	1.6730719	1299.1961	47.399446	37.040724	-0.0017571923	0.24663265
6662	2.0990729	0.28332598	2.7434198	6421.026	68.222186	55.724707	0.19117051	0.33147494
6663	5.2232557	0.33737225	2.8046802	3421.6881	13.692803	13.359669	0.49789344	0.12021491
6664	5.940742	0.19918741	0.20388269	692.39728	2.2562122	1.4723397	-0.018606465	0.051218182
6665	3.3654279	-0.29843154	2.408321	2921.819	14.015805	12.852067	0.029891982	0.36530508
6666	4.1934475	0.39771296	0.50526996	3076.8646	15.529626	12.938258	0.1257067	-0.062706558
6667	3.1481994	-0.81635454	2.249938	3352.0314	16.379365	14.177904	0.10416547	-0.02081217
6668	1.238834	-0.72905599	1.9968888	1286.0552	44.583521	35.803122	0.016129289	-0.22019861
6669	4.4076368	-0.63500158	2.5423575	1762.5076	12.320786	10.384814	0.44247379	-0.038236441
6670	3.4452116	-0.82850388	2.4015497	2059.7412	28.522435	25.616924	0.0061828512	0.064485661
6671	5.2551592	0.47985795	0.47600322	5715.8876	44.553613	40.624819	-0.0011028681	0.23373395
6672	2.144463	0.88656868	1.1043141	3371.33	57.945324	51.583219	0.0019749311	-0.022903559
6673	4.0533691	0.13561091	0.46967051	3792.8985	55.961159	49.569639	-0.017836645	-0.027230962
6674	3.6399489	-0.50216357	0.64525387	2063.2033	13.807857	11.899305	0.11440805	-0.01609425
6675	2.4666605	0.48936009	0.407466	5170.0042	59.86365	49.18567	0.38225503	0.049605027
6676	0.48313492	-1.19066	0.95161647	3432.6057	32.649689	23.546218	0.033763842	0.031945662
6677	5.7043146	-0.60608224	2.1140175	5612.5331	85.08495	55.439469	0.12250217	-0.054586561
6678	3.8022446	-0.014856803	1.9556177	3079.2633	86.679986	45.967267	-0.102672	-0.15838628
6679	0.2921578	-0.36174564	0.60083185	3068.2149	15.051878	13.40672	0.034147379	0.033249006
6680	1.7916534	0.11271149	0.37376728	3387.8624	15.127609	12.461363	0.031755377	0.12690526
6681	4.6452267	-0.12467246	0.3233743	10673.214	98.085568	74.233121	0.75993829	0.043189832
6682	3.3375928	0.46530173	2.5504948	1277.3738	41.450789	38.028528	-0.0018470235	0.073995332
6683	3.7290129	0.26632415	0.1806543	481.96042	1.960486	1.7342261	0.091758702	-0.03471152
6684	1.5433186	0.83803977	1.1102853	5748.4693	58.123183	51.646266	-0.30581927	0.046891618
6685	5.8415386	-0.058343676	0.36305229	338.2838	11.694876	1.6048138	0.037308932	-0.0048747733
6686	4.5076332	0.67187645	2.3799631	8057.0897	74.879684	69.520386	-0.48340399	0.31515613
6687	0.52314016	-0.94703412	2.4071067	7383.1698	58.257002	57.621293	-0.01992632	0.069229168
6688	5.5979823	0.011440396	2.1395201	1483.4483	10.825591	10.019767	0.17060426	-0.24009388
6689	1.8977721	1.2134295	2.5497113	1764.781	34.16278	30.141872	0.034596278	0.18619767
6690	5.1347585	1.1600457	0.4949152	4783.3716	16.61098	14.163741	0.150111	-0.047500146
6691	0.32108591	0.8309588	2.7697164	5561.2786	17.037469	16.517076	0.014927624	-0.66421416
6692	0.18728642	-0.3041382	1.1367064	4245.3325	55.197733	54.099509	0.12015957	0.23582174
6693	2.9548186	-1.0655719	2.4339447	5357.3819	62.664651	54.587962	0.77834222	-0.025551613
6694	0.98069922	1.242507	2.2695813	107.94423	1.3356896	1.3266113	0.14926671	-0.037311773
6695	2.8892981	1.1537648	2.143516	8727.1174	57.931065	42.97037	0.53399375	0.13596551
6696	3.4053988	-0.41542653	2.6766847	6846.8196	47.465537	37.965006	-0.059407769	0.007997395
6697	3.9485898	-0.49949793	1.5521373	4504.2195	78.751511	62.91843	0.47954071	0.10881824
6698	5.8123349	-0.48084998	0.49378251	931.30179	9.3197894	7.666872	-0.028654034	0.0074526675
6699	4.1848782	-0.62012856	1.987947	3371.178	41.26048	31.713004	-0.087950371	-0.00046232101
6700	4.8044754	-1.1489409	0.16646222	5122.2949	64.218138	17.695367	0.12327016	0.41755584
6701	0.90027444	1.007209	2.639741	6274.7117	76.649548	63.263747	0.12668645	0.089138311
6702	5.4475464	0.69735261	2.3752613	741.89943	5.9598772	2.6388274	0.0019007168	-0.018342171
6703	2.9238354	0.068208835	0.68991244	3297.809	42.840781	33.080521	0.21606164	0.077618637
6704	4.0598618	-0.76723839	2.5216765	400.629	1.3683217	1.3345218	0.026503784	-0.040856833
6705	3.8732831	0.12558993	2.3952463	1031.8196	10.631706	1.4525029	0.19440867	-0.012130665
6706	5.4658918	1.4132828	2.5208692	320.08572	3.2016055	1.7289764	0.046842454	0.022673639
6707	5.4983215	-0.20517469	0.75996569	2296.2462	13.328482	6.8420142	-0.077637862	-0.034070908
6708	2.7228284	-0.31560108	0.71872886	3364.8706	34.20067	19.775175	0.037625013	0.0030413677
6709	1.319634	0.80206845	0.084612044	5057.2973	17.024163	15.171677	-0.0094311325	0.039190048
6710	1.7897838	1.3515666	2.320066	6107.6803	61.131649	59.148292	0.066492151	0.17388512
6711	5.9519389	0.98816306	2.2629483	6692.8503	80.393247	56.624944	-0.1166832	0.033377468
6712	1.4206838	0.66267309	1.3680433	1252.7238	31.932842	26.612044	0.0049561033	0.044233102
6713	2.0942734	0.362524	2.4273572	6391.0321	28.134959	17.163488	0.078031202	0.087990579
6714	0.92454283	0.55405515	1.1279887	2266.8099	87.052502	35.156129	-0.036617025	0.4101588
6715	3.7084137	0.49134253	1.9532322	1334.7622	10.865799	10.35452	0.22033918	0.059896821
6716	1.5513769	-0.5099501	2.3930687	10159.25	69.84961	60.698142	0.009545247	-0.03503685
6717	6.1348085	-0.55881895	0.19100929	3232.4355	79.271253	15.2436	-0.017375989	-0.021466999
6718	0.64610953	-0.8677673	0.83014334	527.14932	8.6515365	5.523865	0.049850966	-0.05089118
6719	3.3709311	-1.1457263	0.51026884	431.80119	3.1021484	2.0783489	0.023953364	0.010682998
6720	4.8432245	-0.36284276	2.032573	4887.5617	115.04538	84.157337	0.047208432	-0.082362295
6721	1.4093211	-0.069565667	0.24160973	9053.3938	54.849211	38.634119	-0.12408657	0.013318207
6722	2.8897492	-0.62011313	2.4818131	850.26921	10.706997	1.8696762	0.098420565	0.0037610851
6723	0.38929708	0.17763284	2.2115471	431.58197	11.008963	1.8917791	0.24459121	0.10955016
6724	5.8256111	1.1747899	1.1608392	1715.3929	13.164148	9.242932	0.11800889	-0.03390275
6725	3.0436747	0.13804132	0.99240156	1356.036	12.024369	11.937034	-0.40653948	-0.070356804
6726	4.8606243	-0.27985378	2.5117983	1872.5624	13.621799	12.946846	0.00038519349	0.1134405
6727	2.8463868	-0.95305386	0.91289923	1364.8785	11.162127	2.026214	0.13752158	0.26171814
6728	6.2480434	1.3361637	0.58219333	2299.7791	19.716762	13.842453	0.286908	-0.064896023
6729	3.6915895	-0.7041399	0.28305134	1137.5097	34.128138	2.8800579	0.31286185	-0.02911022
6730	6.2770697	-0.3189076	2.6280349	1540.0537	14.859868	13.401812	0.040455453	-0.15217862
6731	2.5483257	0.91806115	2.0338869	1942.0221	12.767738	11.849479	0.033308531	0.045411206
6732	2.592365	0.92547647	1.2165137	6369.2031	124.94533	69.615051	0.20329921	0.15952124
6733	4.2816889	0.2169748	2.063783	3148.2076	82.985193	67.814389	0.15805962	0.065200771
6734	4.936782	-1.3654938	0.22585556	4762.6642	75.300813	28.827662	0.011486633	0.096468386
6735	0.59246856	-0.24283799	2.5036019	3620.0479	58.567819	30.280417	0.10233874	0.071026695
6736	2.5533093	-1.1517648	2.0240741	3912.8154	88.07776	82.958469	0.035081553	-0.0034611356
6737	5.5799865	-0.17733367	0.72900299	773.21455	10.474066	3.3193559	-0.026280406	0.009068589
6738	1.6604468	0.18196374	3.0565	5414.5888	29.189148	19.786717	0.10360093	0.098555222
6739	4.7664704	0.69975041	2.3998123	4239.672	17.740001	14.77984	-0.10522985	0.18696685
6740	3.1545503	0.071442252	2.6763659	12839.348	90.281811	85.216016	0.34470302	0.23556187
6741	3.8923533	0.37076759	0.26824956	3151.2879	10.189306	3.892316	0.20520964	0.042813466
6742	5.6796971	0.52365634	2.4551154	3450.3897	14.496818	13.360977	0.058495889	0.071786216
6743	3.1790733	-1.1535069	0.092057765	18707.924	176.53768	92.725227	-0.010119233	0.05119841
6744	0.10739828	-0.099634656	2.11721	1642.5034	63.714042	37.614393	0.048123189	0.03096221
6745	4.5861059	0.86456203	0.28390971	6868.8204	43.566521	18.632454	-0.12764542	0.071533242
6746	3.3127648	-0.61975196	0.35814414	6420.7443	39.737097	35.302714	0.39618271	0.49152646
6747	5.2923779	-0.22415472	2.6019532	5479.8188	47.434959	43.42481	0.045630953	0.0307159
6748	4.6837274	-0.71025787	0.36611863	772.80058	1.4058069	1.3776617	0.011140168	-0.042328188
6749	0.34988824	-0.53209782	0.36659595	6542.9646	70.142832	47.239157	0.020770282	-0.079267255
6750	0.62888524	-0.20362371	0.36876677	975.20771	2.1602711	1.8441967	-0.014539717	-0.080083449
6751	3.5127877	-0.046408451	2.8079095	432.29865	1.6400297	1.5268133	0.10875783	-0.026169149
6752	4.340095	0.032438198	0.69060269	613.38465	10.032622	9.9868763	0.0052792216	0.17762934
6753	1.1776014	0.9574247	1.2432458	1696.2709	21.262761	11.222152	0.062798712	0.032277596
6754	2.8295093	0.76597784	2.391161	1452.2942	13.119679	3.1469699	0.33187191	0.061092923
6755	2.4772659	1.2511847	2.719237	2554.6987	51.634358	39.165136	0.26593236	-0.26238281
6756	0.13824325	-1.1757334	2.372645	608.1621	10.411873	3.2550918	0.050101324	-0.15055962
6757	2.6006381	-0.60442119	3.001932	4069.2794	42.376419	12.605038	0.030564313	0.029996501
6758	3.7657985	-1.3541103	2.8900993	4888.3097	69.599116	54.788172	-0.24482223	-0.29035099
6759	0.74812132	0.79800447	2.7803104	4654.6354	84.059911	48.02456	0.083160228	-0.010396632
6760	0.30603609	0.81176111	0.72569061	631.8802	10.771351	2.2991103	0.032803613	-0.001793566
6761	3.153331	0.87391318	2.9885524	1957.578	11.854474	9.1210011	0.074511406	0.017669992
6762	1.3360408	0.60583016	0.31723138	678.06387	2.3452606	1.8553748	0.16999503	-0.25287053
6763	3.4197619	-0.9117973	0.55769279	3613.2204	125.07862	45.288581	-0.11427121	0.056375027
6764	2.5018424	0.12144719	0.78863525	7294.951	65.720818	54.233275	0.15638348	-0.093889346
6765	0.83147134	1.1723689	2.8977874	78.547475	2.0180055	1.2134324	0.0096434472	0.093159785
6766	4.0272293	0.20958816	2.7650996	354.52525	1.3785967	1.2654293	0.090688117	0.033470691
6767	4.0782909	0.51825691	2.9636192	1473.4498	12.204623	12.034331	0.058847028	0.36182179
6768	3.113235	0.93729824	0.1261033	1038.7096	34.924498	18.498113	0.1201715	-0.037575217
6769	1.3903848	0.22926323	2.9513374	5998.8993	67.06973	67.046992	0.079017908	0.00605241
6770	3.7110722	0.90442092	2.0225911	380.48287	8.5495423	1.4931841	0.25948907	0.0016923624
6771	3.5505405	0.16899248	2.6609872	10627.426	82.009499	63.705937	-0.10651155	-0.075810138
6772	0.079402281	0.042754315	0.71164548	2931.1718	62.777469	43.688596	0.03743938	0.28346585
6773	0.87305828	-0.47392752	2.6843886	4130.0371	15.820468	14.649114	0.072827428	-0.027293449
6774	1.7058972	-0.64030386	1.0932252	4077.997	54.676744	49.454473	-0.051030876	-0.030681326
6775	1.1128155	-0.71992803	2.7895	5684.1994	50.313586	44.110144	0.013195574	0.18203693
6776	0.13613188	1.0902262	2.1230886	4021.5429	79.081142	68.204128	0.054305068	-0.16451091
6777	1.2373919	1.5312099	0.49510639	4197.6568	53.296587	40.420561	0.055606094	-0.188405
6778	5.029538	-0.44348146	0.29814201	2235.1196	13.69749	10.97277	0.021488633	0.022211777
6779	2.4915347	0.38789266	2.1523269	3948.8458	57.479259	48.777919	0.074152595	0.020185746
6780	5.9996082	-0.21902933	2.2060816	932.432	14.030896	8.7948579	-0.16535852	0.21700639
6781	2.6249446	-0.36428083	2.757632	7829.9541	58.829861	57.223985	0.0047598713	-0.024497773
6782	4.5466859	-0.049490973	0.94348612	716.5205	8.1297194	8.0587003	-0.052806045	-0.0012690938
6783	5.0206828	0.28631463	2.7921049	4968.5535	64.165292	52.675649	0.01017023	0.12356689
6784	0.88851242	0.03914185	0.68914741	1287.1863	30.184473	11.112148	-0.0036193719	0.0082007981
6785	1.2496966	-0.23590884	2.9873623	7312.7398	85.544245	71.064064	0.11806973	-0.054353285
6786	0.98608688	1.1877388	2.0535693	1833.7071	49.051962	43.083784	-0.2436474	0.01586678
6787	5.2317908	-0.17900244	1.0472644	3654.176	54.329283	20.813093	0.026379368	0.13495497
6788	5.2548378	1.380973	1.4580622	3564.5307	47.648327	43.339835	0.017402944	0.34148416
6789	4.406792	1.038772	1.1851259	1544.9781	38.147267	14.016405	0.022591613	0.019562028
6790	3.0261882	0.2229287	2.564439	1125.0598	10.774443	10.259999	0.052803485	0.017660241
6791	0.5688657	0.55314622	2.2669532	1823.1223	10.62431	10.215614	0.12741133	0.13104658
6792	6.062286	-0.13834093	2.8733161	1764.6015	13.287124	10.764258	0.22439639	0.076905022
6793	2.0979103	0.97515896	0.9196393	6078.2984	69.674917	42.73303	0.22223515	0.13867451
6794	5.7486918	-0.99185381	2.8946031	1079.5783	2.4227645	1.6337289	0.047528013	0.2545986
6795	0.82688897	-0.57213947	2.9387788	745.67605	3.0484389	1.384067	0.078982121	0.0027895751
6796	5.1299799	-1.0109344	1.3773558	2707.3539	53.959003	38.415185	0.016528399	0.006722683
6797	1.0698302	0.73590583	0.52078116	1821.4343	11.835225	11.35745	0.12223847	-0.29356712
6798	2.7667644	-0.95348054	0.60811803	5379.5017	76.807165	67.504126	0.10447549	0.32319817
6799	3.3029963	0.26833034	2.565682	1974.9302	23.722686	14.805787	0.085258749	-0.011496534
6800	2.200161	-0.55924223	0.61459249	2244.8253	43.724728	12.393264	-0.048010016	0.052208833
6801	3.2630544	-1.0251556	2.2835969	1817.8402	18.75885	12.832185	0.0006842746	0.11118668
6802	5.4936816	0.90151351	3.0019718	9855.0017	67.463637	58.32975	0.30292836	-0.086109137
6803	5.1407108	0.46459419	0.78826512	1481.2782	11.517443	9.5888254	0.028856798	0.0049969297
6804	0.3775635	-0.32747754	1.0395641	780.35291	9.6044984	3.9945259	0.012697438	-0.17348853
6805	3.8108006	0.36867476	2.8369204	8735.8746	66.938575	64.622193	0.016111837	0.15397658
6806	1.5955613	0.2759139	0.92279504	2612.3475	62.226062	22.562681	0.16075897	-0.091984615
6807	0.10346248	-0.5287786	1.695378	1109.5989	24.932777	12.070551	0.030352086	0.1472148
6808	5.9742027	-1.3478982	0.3171202	8733.5077	79.208959	75.623793	-0.13940077	0.075842416
6809	5.5914686	0.8659299	2.1143227	2517.7353	17.511556	12.914951	0.00018870089	0.012832974
6810	3.9892729	-0.057275689	0.55899305	6236.204	50.920293	46.356075	-0.10405914	0.068349691
6811	4.2309366	-0.46253797	0.36632398	2639.0439	13.52309	12.835424	0.020387678	0.18083376
6812	2.6362152	0.91135851	0.16058128	10310.466	128.41313	90.487265	0.073564346	-0.062535561
6813	3.6696865	0.79120187	1.0769971	2376.8961	93.753724	46.558856	0.03101279	-0.080032574
6814	0.22183088	-0.80789188	1.1724567	4057.1455	56.978322	43.976822	-0.012728861	0.18603785
6815	0.91348546	0.23271317	2.0164159	2832.9083	33.802145	12.194759	0.085584492	-0.024738858
6816	6.1460185	-0.50440846	2.2114366	182.63434	1.6190089	1.5776525	0.0018013711	0.14435842
6817	5.5045378	-0.8853808	2.6900659	2305.2693	13.022154	11.468556	0.075265726	-0.011745114
6818	3.0532999	-0.22249783	2.8103045	3313.8724	13.130541	11.4575	0.18133992	0.27032784
6819	5.8429663	-0.31907155	0.72318933	1429.7715	10.946427	10.174974	0.020885732	-0.20228903
6820	2.1319609	0.66518777	0.21434328	3946.6651	61.247861	58.487699	-0.0022846735	-0.1741893
6821	2.4242442	0.92796601	0.60876807	2967.6526	47.442553	38.741615	0.16414846	0.037224947
6822	1.7741462	0.11624122	2.8004228	4255.2636	85.369306	33.81366	0.075680281	0.042244654
6823	2.2103367	0.12034112	0.80075954	2159.9006	11.934877	10.732495	0.040830349	0.31208927
6824	1.7115771	0.79620443	0.28947479	5519.2558	55.766011	54.961141	0.14957864	0.059417504
6825	2.2937767	0.4780395	1.1510125	2796.7922	69.115956	60.608672	-0.021584402	0.035375787
6826	2.5418921	0.073742832	0.33674636	2042.0045	12.058066	12.004457	0.041430355	-0.037080615
6827	1.7666106	0.013069411	0.60459553	2041.2221	29.515501	10.523067	0.097630035	0.0092947602
6828	5.0220674	-0.036822618	0.13363272	7188.6962	47.791251	27.925135	0.055887815	0.10214515
6829	2.6615259	-0.95139982	2.0069881	6608.5374	140.33143	78.087476	0.002575	-0.13533115
6830	1.4694355	0.71207922	0.61920055	11113.255	66.792154	59.105395	0.039712357	0.072551507
6831	0.93067964	0.75628565	2.330366	3533.3002	46.205001	27.126226	-0.42589777	0.0030812323
6832	4.710551	-0.0012374803	2.7374037	3640.6895	15.144587	14.18265	0.11577177	-0.48652365
6833	5.3802931	0.030178994	0.60527414	2186.1242	12.912232	12.729548	0.016807616	-0.0054934284
6834	2.4571597	-0.38705548	0.5426355	6610.7368	87.741957	82.111554	0.37478668	0.28749776
6835	4.9220635	-0.19282235	0.62541169	1013.4087	2.2194477	1.6307122	-0.008390629	0.23051098
6836	5.5023067	-0.18174688	2.596248	13684.687	99.432918	92.704937	0.19144206	-0.12936384
6837	0.40242044	-0.85891834	1.5948438	1472.6772	9.8416101	9.1306472	-0.020655335	0.36958779
6838	2.2859063	0.044311945	0.79721735	426.67033	10.770933	10.393671	0.12808256	0.1025766
6839	2.2612974	-0.27267941	2.2370279	271.22001	1.7220961	1.2988206	-0.048256681	0.066001903
6840	1.20768	0.48025564	2.1693223	6828.6477	72.515123	57.083676	0.16279497	0.34992519
6841	0.25840894	-0.35785802	0.83416174	2707.2304	50.625662	45.146988	0.047526798	-0.010953595
6842	4.5408013	-0.33595973	1.78769	1187.392	39.115636	38.845939	0.05206029	0.067127259
6843	6.0074961	-0.33602756	2.9189424	2390.3717	13.176763	1.6414634	0.089505398	-0.11484123
6844	2.5820877	-0.75025895	0.66635239	7693.3559	91.796922	64.203028	0.11268841	0.016909864
6845	3.5766531	1.5183708	0.48187379	1509.2344	10.892471	5.861008	0.10135748	0.17300909
6846	4.8071496	-0.79797125	2.6694601	6700.3012	58.878526	56.260922	0.1475908	-0.087627248
6847	0.14086094	-0.22994484	0.9207028	3545.8449	53.221374	43.754892	-0.15114655	-0.034660752
6848	4.04969	-0.5239463	0.32876067	6271.2262	58.704958	51.594735	0.010282996	0.13482511
6849	2.19848	0.8048947	2.1957005	502.17201	8.6707057	2.3434138	0.048325979	0.051185409
6850	5.4335923	1.3796674	0.56495584	6115.2395	58.600417	37.650393	0.066020514	-0.21159633
6851	1.1749465	0.77784652	2.4038665	12194.018	77.624232	50.174699	0.55272058	0.098971244
6852	1.3763366	0.37462857	1.5636685	3596.7412	49.530295	29.511036	-0.061746621	-0.22698054
6853	3.0913871	-0.33641425	2.3040712	6382.2525	64.693276	56.425156	0.084533029	0.007516409
6854	2.5011968	-0.085591771	2.7613169	8928.6673	37.353726	20.510544	-0.066054921	0.29958925
6855	0.80826094	-0.9748759	1.567288	1029.5739	44.354908	9.0889034	-0.058899525	0.28641952
6856	3.3248663	-0.49459301	2.4901133	4824.9997	66.149783	62.052273	0.0402101	-0.13159164
6857	5.6787038	0.65375793	0.38026247	8289.5009	76.243722	66.605311	0.11171658	-0.0063537084
6858	4.9037983	-0.64422147	0.39136474	5211.3496	83.323121	48.820691	0.11488089	0.056323214
6859	4.6350284	-0.59669788	0.16721471	2651.34	13.229613	12.799057	0.002689235	0.0097743125
6860	6.2339935	-0.53687206	1.473557	2775.871	45.858241	34.285731	0.14341104	0.044331899
6861	4.6889524	-0.090694418	0.5400347	2003.5551	55.045242	52.032225	-0.13577587	0.46187733
6862	5.3003884	0.035035167	0.68804226	6175.6113	49.173008	30.812322	0.27242258	-0.46198797
6863	1.8830383	-0.056755843	2.616044	2441.8512	12.92047	9.6990758	-0.011339886	0.30007777
6864	0.21278421	-0.52313681	1.0141833	1435.5526	11.694953	9.1032205	-0.24917288	-0.024513561
6865	5.0670277	1.071189	0.42373257	2250.3507	12.339121	11.691575	-0.23416841	-0.0016579452
6866	3.317933	0.4518535	0.83509544	4878.4552	53.534509	41.817746	0.041462537	-0.085422083
6867	4.1863633	0.32022184	1.1210703	3094.5201	35.547746	23.502987	0.23853057	0.013096026
6868	3.9608897	1.1092896	2.5987855	1900.9779	11.469407	11.152163	-0.034134927	0.042740352
6869	0.50297473	-0.4395929	2.0168229	1511.7494	29.697369	29.053863	0.051155389	-0.040695473
6870	5.6681861	-0.16598683	2.955287	1991.6022	16.378632	9.1464325	-0.0097860923	-0.16301546
6871	0.30545014	0.35376596	2.633597	1582.0895	11.629247	10.838486	-0.11480171	-0.0026148814
6872	0.06802248	0.47192429	1.081401	1499.972	48.373628	42.970562	0.04525449	-0.026492218
6873	0.21508474	0.8733015	0.86769298	1251.708	34.479692	34.390968	0.062793576	0.17674541
6874	4.0316196	-0.74997976	2.0849698	4395.075	47.952036	46.446584	-0.6730184	-0.033511889
6875	3.2742657	-0.96510629	1.5227433	618.06374	10.138101	10.065101	0.0059305763	-0.02206067
6876	3.7657909	0.99603682	0.99421413	9673.4814	167.02766	115.03577	-0.011549483	0.0012389924
6877	2.3549992	0.53116528	2.6276022	1356.4841	23.528916	12.149345	-0.015373192	0.016337497
6878	5.0539307	0.080948278	2.7605926	717.48721	25.83312	4.1811509	0.0076100935	-0.095965484
6879	0.084617621	-1.4043298	2.9001158	466.35601	10.6372	5.9432973	0.038382287	-0.0025742162
6880	1.0143197	0.73331202	0.30805772	2152.2289	15.181848	10.74382	-0.024987329	0.0092115538
6881	2.4116418	-0.71216162	0.70612458	2533.5354	30.30411	13.53983	0.0076728703	0.044344268
6882	1.9377396	0.49058175	2.4972764	2274.9306	46.485703	14.592125	-0.0092836019	0.067862682
6883	3.2532303	-0.63704969	2.5763074	620.13435	2.7792524	2.2138408	-0.12838384	0.19524655
6884	2.407254	-0.12491447	2.6497071	4333.8031	19.322667	15.782015	0.039592807	-0.12291007
6885	5.2979201	0.29070386	2.6077592	3066.5634	12.996594	12.694485	0.48979341	-0.044509943
6886	3.8714596	-0.70203673	0.71564408	993.2357	11.715757	1.7343242	-0.094738156	-0.044695818
6887	2.6149954	-0.97266418	0.7732136	4543.6416	31.93789	22.15524	0.19731093	-0.033363524
6888	1.6342603	1.095066	0.35857284	7150.4521	73.538873	69.239741	0.039557857	0.17269394
6889	1.2155499	0.32631178	0.54524001	1708.1955	12.196682	10.655309	0.0040365625	0.0011848354
6890	1.5613077	-0.74310249	0.83431238	17483.448	109.51448	99.320971	0.21149612	0.038082077
6891	0.18127069	0.57988513	2.7986528	354.34768	3.3903203	1.3269188	-0.030940123	-0.01062343
6892	4.9292201	0.78484311	2.0353153	734.02023	11.31881	9.5596751	-0.011705016	-0.027596165
6893	1.3819266	0.066526521	0.62210259	5320.5483	17.608145	16.084597	-0.013618424	0.33011943
6894	2.5414063	-0.33686658	0.88608011	1049.8578	26.41185	23.36032	-0.054471243	-0.068863976
6895	3.1697677	0.2646783	2.5882037	431.18391	1.6769756	1.4476062	0.011751487	0.04031102
6896	4.6935378	-0.71366753	0.32768696	8093.4098	67.776541	55.072406	0.1384909	0.041106061
6897	3.7889561	-0.45006548	2.5965307	2299.002	23.716612	13.891795	0.13793138	0.15834459
6898	0.54931245	-1.3221751	0.8742765	676.49338	9.3006113	2.0186133	0.14339992	0.11123354
6899	2.3630998	-0.94861836	2.1726632	1301.8877	10.782029	3.2025137	0.050615632	-0.037138455
6900	1.2471725	0.71586685	1.1360605	6071.9272	59.593765	35.105637	0.32087227	-0.14235508
6901	4.0861848	-0.29405823	2.1557022	1359.4507	22.26926	12.720927	-0.70447149	-0.00063553463
6902	2.912871	-1.1329221	0.7280486	2115.9242	12.587937	12.052082	0.011097547	0.0012870638
6903	1.9087481	-0.93189565	1.885898	335.69403	10.269259	8.0439522	0.11822781	-0.024829776
6904	4.376374	-1.5135863	0.35977181	145.26841	14.615044	3.9425011	0.19227034	0.40393868
6905	0.62557195	-0.080406202	1.4375766	3431.1458	42.146091	37.062601	-0.21175237	0.12965885
6906	6.2650355	0.63091511	1.0572179	1826.2065	14.489768	13.456195	0.2000931	0.35800578
6907	5.3655799	0.5353731	2.3696693	241.63381	1.2997564	1.2656847	0.17816843	-0.048262196
6908	3.9653908	-0.43864372	2.370087	3112.2466	14.698663	13.35726	-0.0051481254	0.0084108531
6909	3.8541067	0.60662442	0.91116742	3880.6154	89.351102	55.499993	0.01650443	-0.23001891
6910	3.5830907	-0.16863582	0.94091516	1306.6909	44.66927	31.250311	0.10238268	-0.020992743
6911	3.1856224	-0.099007777	0.72378117	4490.411	47.876324	44.887996	0.16223503	-0.14019627
6912	4.9020921	-0.45450729	0.82923284	244.89427	10.815985	9.3724421	0.025033713	-0.0099647028
6913	1.0392997	1.0965601	2.2952982	1346.2178	11.646903	6.2965532	0.30040576	-0.00093262125
6914	1.5986461	-0.29536034	0.85187034	5124.8591	45.649453	44.052326	0.085514362	-0.14416271
6915	4.8782006	1.3431036	2.7674476	997.01376	45.112549	38.110612	0.016705556	0.54198174
6916	2.5077763	0.22696766	2.5980462	2751.3427	47.844287	41.72983	0.0015749519	0.025519441
6917	4.2008401	-0.39064569	2.2402982	4960.6475	69.455945	65.678284	-0.093523542	0.055529081
6918	2.3901888	0.64766996	3.0310752	12945.26	102.50258	100.64803	0.074414532	0.35369674
6919	0.19862484	-0.20101197	2.8727906	2212.2973	15.061398	7.0609252	0.013040806	0.1132637
6920	6.1107872	0.054876344	1.9935976	3152.0052	43.066207	41.189659	0.47362175	0.089719668
6921	3.1528219	-0.43266841	0.33265821	146.87171	1.4912721	1.25265	0.12930267	0.003842694
6922	4.3737186	-0.69461458	0.12477423	2671.2008	15.050513	14.885578	0.22641343	0.13737192
6923	0.024124126	0.86926901	2.2081512	2090.8995	15.217635	2.9857099	0.20748001	0.10266335
6924	5.6385991	0.63389084	2.3027042	7527.4863	109.301	102.46866	0.0033369839	0.0023385112
6925	2.7982967	-0.20138624	2.1688406	552.93133	8.5305913	7.8803203	0.16173458	0.18961837
6926	3.8988994	0.84945232	0.67025562	1064.5292	9.5383247	3.1406667	0.32724026	0.020992462
6927	4.9697333	-0.069317116	2.441879	3062.0384	43.852184	43.057585	0.05838449	0.080815897
6928	2.4262277	-0.49459587	0.61350854	567.70945	12.087952	11.711916	0.0070532518	0.083260921
6929	2.1122414	-0.0099773184	2.5487055	15719.63	226.06147	195.13137	0.37821718	0.098928491
6930	5.7346134	-0.088580517	2.3763607	9865.9314	88.35137	73.964059	0.15673046	0.36422355
6931	6.0882653	-0.98579471	0.15223084	10796.291	89.122201	56.233116	0.25538831	-0.081411443
6932	0.037319162	-0.80096855	2.5797652	418.76757	9.6063399	2.4153045	-0.00028603581	0.050986587
6933	2.2263097	0.044983667	2.741372	16075.155	102.78114	93.274606	0.29467942	0.14505375
6934	4.4868425	-0.96090839	0.53990137	5864.2169	134.2675	57.418886	0.026811415	-0.056839679
6935	1.0110514	1.0326081	1.8985881	1399.2619	12.768798	11.597158	0.10291037	-0.11149206
6936	0.19805593	0.066748942	0.84426837	2204.7854	22.01162	13.848402	0.033956502	0.0096142155
6937	0.9096674	0.44842492	0.92863452	802.25431	5.2404871	1.4345609	0.073367167	0.015597906
6938	2.8643852	-0.87644968	0.7659533	4479.3315	69.083038	47.66204	0.21502727	0.49359599
6939	1.9785176	0.76955393	0.50491519	3725.9011	58.903051	55.306308	0.080358787	-0.084778687
6940	1.8672592	-0.91569898	0.434816	4851.0578	52.281525	16.72951	-0.0044709939	-0.090917996
6941	5.3328933	0.38159727	0.99544911	331.40165	24.52858	2.1587868	0.24152715	-0.0034993585
6942	5.4906411	-0.57005944	1.0629067	1666.5204	39.637235	12.145233	-0.065981398	-0.23193415
6943	1.7080033	-0.285523	0.30011328	1962.4383	12.40844	9.9573641	0.10532625	-0.019386402
6944	4.2753355	0.47761517	2.1303593	759.15553	10.751106	1.8419239	0.10281624	0.072425725
6945	5.5360736	-0.2099511	2.6619454	2934.6592	13.236452	11.977782	0.26201273	0.13179233
6946	3.7632578	-0.068625149	2.2747242	338.23643	1.5105225	1.4682547	0.06255239	0.12065243
6947	3.0274259	0.66593052	2.4266663	5038.6507	41.416928	17.281374	-0.013877388	0.24727027
6948	0.58928039	-0.87635299	2.0504474	8131.3208	54.534531	49.737575	-0.079014273	-0.0045022483
6949	1.1110741	0.31940722	2.4995981	1285.0303	11.407425	2.1213421	0.14703051	0.064588608
6950	1.4605962	0.46141138	0.5918577	7409.9459	153.62489	114.90349	-0.020127153	0.0027850713
6951	1.6749681	0.98696298	0.94074021	1697.0569	34.44686	27.318045	-0.046387925	-0.17046038
6952	0.89197054	-0.03116656	2.2459034	5862.5508	69.816117	42.260483	0.38585845	-0.0045097266
6953	5.8165355	0.62740196	1.591874	1651.1515	12.918427	12.675061	-0.0010030902	-0.1902104
6954	1.918457	0.84194583	1.5219748	3842.0499	57.469143	45.796962	0.025407872	0.13798901
6955	4.9636236	1.1662752	2.5271439	3963.6558	47.189377	41.346745	0.075123581	0.093719596
6956	2.5421232	-1.3221391	1.1136579	4746.637	44.836838	36.459426	0.23303616	0.1298038
6957	3.1567956	-1.2839346	1.9891926	985.99976	11.602629	5.9649945	-0.20611134	0.26974123
6958	3.8075013	-0.62117798	2.0784378	6713.5697	76.844636	71.191004	-0.1038062	0.010067614
6959	3.1146564	-0.77203926	0.44170451	7383.6002	72.594611	71.794215	-0.27117041	0.10264153
6960	0.31951613	0.10193631	1.9182531	1789.9193	91.803323	39.271861	0.072905263	0.63149233
6961	0.91756905	-0.13617453	2.2062101	315.00702	2.0987409	1.2564727	-0.0020376743	0.085941895
6962	1.9100468	0.83156321	1.0466707	7926.0735	119.53927	60.490948	0.0041836889	-0.02260764
6963	2.6000104	0.52130434	0.81523673	10129.238	71.162468	56.799535	0.1411684	0.28518155
6964	4.8575516	-0.027010072	2.4108227	761.09935	41.092977	20.118848	0.0052316221	-0.020238677
6965	0.89560954	-0.15050851	2.3351005	2669.2041	62.704515	53.400234	-0.0095525529	-0.16713012
6966	2.7418638	-0.18486523	0.63589025	8635.0143	60.418191	45.678539	-0.010377217	0.059765772
6967	2.7842975	-0.83015625	1.2107285	341.02932	9.3063174	7.9128294	-0.016310193	0.016850201
6968	5.155338	-0.79245106	1.7404512	1396.3255	12.774795	10.499137	0.0065972472	0.12232812
6969	4.0843627	0.26327411	0.82706804	3047.7621	40.650689	14.049051	0.06281942	0.0076963298
6970	0.5946804	-0.47444448	2.3046033	2414.5482	15.246616	12.926511	-0.085434126	0.15750005
6971	0.86125583	0.10933881	0.24927912	3829.611	24.674205	16.319995	0.02134551	0.11790438
6972	0.36970838	0.34409498	2.4407517	3771.9901	21.485892	15.706436	0.10802755	0.094248476
6973	4.09351	-0.30878854	0.82143527	1474.5387	11.297733	11.064107	-0.071328847	0.46670733
6974	4.5423238	1.3050048	0.74132032	2320.4592	13.788433	6.1676853	-0.12943054	0.036061435
6975	3.4810211	-0.64340604	2.7742149	842.44879	3.0808275	1.7744634	0.060940286	0.063877856
6976	0.9924916	0.82350871	1.5574015	6020.3644	55.398298	48.919481	0.07886308	0.30323967
6977	3.6336739	0.45374563	3.1047708	4405.6704	17.18667	14.95104	-0.05286926	0.004183337
6978	1.5211956	-0.10761551	1.2639993	1042.6275	10.275622	9.5796408	-0.04950349	-0.086183136
6979	4.7967509	-0.64681871	2.4681467	6880.7643	198.04131	83.699687	0.43827445	0.058682149
6980	2.4258141	-0.82746641	1.8945776	5891.771	128.14221	70.580154	-0.034956816	-0.037118764
6981	0.029067293	-1.3738134	2.6122264	2453.172	46.30639	43.729116	0.27681194	0.17079158
6982	4.1585053	-0.49445039	1.2439652	122.73278	10.691966	1.4779091	0.33053489	0.097212016
6983	1.8841696	1.003724	0.54287474	8013.8131	76.599077	54.091589	0.22370087	0.0073409213
6984	1.2509194	-0.45447888	1.3398837	1165.3084	36.649081	34.046836	0.22611888	-0.074174533
6985	4.6351486	-0.79308321	0.67866759	6516.5921	76.530519	66.559457	0.13005978	0.099296711
6986	1.9683986	0.61711818	0.77644141	1744.6328	17.524797	12.056525	-0.00016913408	0.158557
6987	5.8157182	0.50670535	2.3342888	2128.2761	26.614655	11.898161	-0.050492003	0.0067362053
6988	3.4647365	-0.38856982	0.5329761	1502.0058	11.738303	11.502088	-0.0031667827	-0.0010351502
6989	1.2895034	0.22684227	2.3569358	2225.4174	13.604025	12.308561	0.21123805	0.075603014
6990	5.1696105	-0.46643852	0.49494655	7191.3326	75.929614	60.338904	0.0016113264	-0.0086436012
6991	2.0508557	-0.20880093	2.5856192	2983.9337	41.062321	13.906875	0.054291941	0.21031938
6992	4.6440171	-0.93363819	0.15520257	6303.9931	36.344802	34.603491	0.029427122	0.017160502
6993	0.70100644	-0.054756711	0.78571403	2698.5854	18.084314	14.686124	-0.11629177	0.29478718
6994	0.11877658	0.38738248	1.0859749	1206.8069	40.38871	24.313018	0.028430635	0.12662618
6995	0.96178619	0.94284503	2.8782848	900.54786	10.718796	1.7615533	0.10387733	0.021879108
6996	0.57496548	-0.60366163	0.72948289	6963.6529	70.428331	63.317959	0.015561733	0.071786062
6997	4.0190425	0.18331698	0.47987462	327.04841	7.8645207	1.3141831	0.30156808	0.036370332
6998	0.39501623	-0.34427557	2.6300621	986.44809	9.7551977	3.4962173	0.077281926	0.0031788895
6999	0.99570157	0.027541356	0.15709643	5034.5155	15.754706	15.483495	-0.22698027	0.2546102
7000	2.1341635	-0.83710897	2.927213	3010.0168	57.128017	52.182471	0.0022793552	0.00662715
7001	1.2612414	0.10880225	2.1061671	5254.861	59.676732	47.599447	-0.047881634	0.089643067
7002	2.8349682	1.0930752	1.3584925	2926.5534	47.226789	42.354068	0.058907424	0.0025346168
7003	2.0001353	-0.34839224	2.6325265	3081.7743	32.756977	29.933384	-0.35537568	-0.1429997
7004	5.769543	-0.83575826	3.0725422	2325.5597	33.863279	15.329828	0.0250796	0.10256481
7005	4.58641	0.33477404	2.1145081	1207.016	10.611076	8.9077516	0.071754597	-0.21347745
7006	4.8057648	-0.44283684	1.0052822	1595.1615	39.628964	33.175492	0.049416645	0.04621939
7007	2.9348679	-0.020737476	1.861587	1002.0283	9.0737282	8.8125991	0.39218098	0.021096822
7008	0.02656471	0.46795362	2.2894582	3190.7215	14.664492	10.248912	-0.21715005	-0.2485542
7009	3.8010802	-0.54112804	1.5807542	2931.5638	24.478096	14.938752	0.089858729	0.011098407
7010	3.7109105	-1.2997513	1.3581359	2131.4335	12.267035	11.010149	0.17756195	0.075353004
7011	1.8207807	1.0025693	2.7864517	18175.329	86.199538	74.324425	-0.086140154	-0.008044751
7012	1.0719503	0.94194042	0.27976393	4928.3613	160.16321	95.468933	-0.01208618	-0.025823218
7013	0.13802162	-0.13921409	3.0235697	4523.7036	17.940268	16.56883	0.048806805	-0.021988658
7014	3.0287583	0.67432833	0.46012426	19282.353	126.79382	118.77415	0.09064564	0.30036125
7015	1.7258975	-0.050542541	0.87682413	2149.5455	13.676707	13.364706	-0.14118242	-0.0035553875
7016	0.029929278	-0.54843074	0.75792255	2723.4296	15.0655	13.461066	-0.034148466	0.83719306
7017	5.0733658	0.44659372	2.5175714	2151.1458	39.348712	29.55975	-0.40906254	-0.087903513
7018	3.2702371	0.76770812	2.9670945	1389.1908	31.827018	2.4899687	0.11080466	0.0074118493
7019	5.3951413	-0.52901665	0.9510678	308.52618	8.1964857	2.1433313	-0.10780519	0.065759219
7020	5.9843241	0.066683478	2.4788043	2022.604	20.619856	10.935002	0.052547105	-0.0034396162
7021	1.9261738	0.35303212	2.3558226	758.9848	23.277156	22.265263	0.089873529	0.052996576
7022	5.4647689	-0.51557059	0.73316632	1589.5946	12.625541	12.512755	-0.064244235	0.041724213
7023	6.1384992	0.17516476	2.8182228	11044.899	109.21334	100.96246	-0.045014911	0.24039756
7024	2.3365371	0.66780616	0.61405509	1289.5348	10.467496	1.7244864	-0.018989999	0.0077650821
7025	5.5339181	0.61526149	0.58698392	914.44558	12.42093	2.1403022	-0.013458753	0.0081702769
7026	3.6218913	-1.350866	0.1777851	1111.7776	42.893027	35.697355	0.014557361	8.9065883e-05
7027	1.6321068	1.050559	2.7012723	3259.5004	15.953881	14.802983	0.31736723	-0.0018576546
7028	4.6977618	-0.062858742	1.998632	490.52631	9.5955117	9.203994	0.25668988	0.012617979
7029	2.2890597	1.2420252	2.1857828	1146.9286	112.95602	59.895621	0.077599878	0.27985643
7030	3.9767342	-0.2438913	0.6228127	321.60951	1.4558269	1.3970875	-0.14743111	0.047120742
7031	1.8358186	-1.2322185	0.56262206	6924.7781	71.382459	52.181908	0.33819295	0.0033868404
7032	0.96800998	0.52699872	1.2369261	631.87752	2.0023751	1.6983934	-0.10498568	0.027870031
7033	5.3662767	-1.162243	1.0046603	5726.8825	67.354096	46.004222	0.036043346	0.062516578
7034	1.8500758	0.31714699	1.7395327	457.14747	10.438165	9.1898078	0.033438133	0.17367602
7035	2.4801581	1.3440347	1.1819173	1917.3228	29.290518	16.700535	0.017222792	0.090025855
7036	1.4730359	-1.3372591	2.6486561	7328.3403	67.369773	61.702	0.146674	0.037270235
7037	2.7263871	-1.0909262	2.1277567	389.46996	9.4896104	8.4732209	0.058297268	0.24379985
7038	0.042414022	-0.0053877018	2.2337939	3831.8148	45.550113	41.579932	-0.12773082	0.12092333
7039	0.88086336	0.35463534	2.6504707	540.66728	2.2476968	1.4292339	0.015959433	0.10739602
7040	2.9982344	-1.0320445	2.4679785	1676.5861	17.63007	1.602965	0.022887897	-0.13342591
7041	3.2652498	0.24206661	0.68904836	1172.3412	21.404957	12.726789	0.023141771	0.024680125
7042	3.0843205	0.29789596	2.5513076	1095.1514	51.604205	48.350581	-0.025374337	0.017225083
7043	5.9817833	1.2527276	1.9633637	548.1406	1.6669859	1.3960751	0.014853298	0.0069485806
7044	2.4565185	0.23675595	0.52224301	2337.0917	49.675129	45.553302	-0.086258951	-0.052936766
7045	2.8662052	-0.52907909	2.7350391	1561.0673	51.594769	41.063122	0.051201719	0.04691422
7046	4.0657981	0.53454107	0.33012332	5970.4093	66.711877	62.063835	-0.35905462	-0.080508064
7047	1.5148103	0.10769387	0.4350428	3308.6637	57.131172	50.810511	0.0531186	0.027178843
7048	1.6932246	-0.086346142	2.5602366	2917.9502	43.335941	41.350853	0.011356334	0.51474636
7049	3.2087279	-0.46548384	0.72336328	1599.0552	12.768191	10.481655	-0.016396853	0.012224682
7050	0.8014942	0.70661414	2.1755484	10031.36	39.848768	37.129962	0.16921943	0.076552867
7051	4.0374113	0.75569423	0.4689275	6245.7822	51.945498	34.870042	0.087236017	-0.18248671
7052	5.6656849	-0.36631557	1.6537629	2259.962	13.853384	12.25793	-0.00803654	-0.036227281
7053	0.80921941	-0.6600369	0.19929503	4214.3651	15.392176	14.421508	0.19154448	-0.0034797124
7054	2.2947555	-0.16840503	1.4364119	1494.718	11.462304	11.147519	-0.10084022	0.0039000919
7055	0.89732783	0.23070693	1.0908304	2865.0631	45.735676	38.756098	0.014454485	0.0012672685
7056	2.2740237	-0.47367186	2.9051103	2029.1863	27.912435	21.280277	-0.0030964355	0.13998058
7057	2.9783124	-0.47416623	2.7045611	12191.32	86.029691	80.741695	0.025787318	0.063626343
7058	1.5847215	0.64825771	1.0222184	1495.8623	43.920401	9.8060689	0.22680022	-0.081206779
7059	6.1827451	-0.32686747	0.41686984	8806.4609	154.85286	122.47753	0.073904422	0.10194812
7060	1.9495329	0.53241121	2.9757946	4446.9267	73.595881	69.465628	0.3431294	0.064789346
7061	0.37812445	0.071691357	2.5604821	4529.1123	20.340774	19.62877	0.1003709	-0.093383126
7062	0.040965978	1.3863207	1.1813763	4733.8901	88.635544	56.506134	0.1271486	0.14277239
7063	1.4028928	0.96094012	1.0200883	537.19666	15.425681	9.1436085	0.0083331288	-0.15215769
7064	5.9537194	-0.51177781	2.3616544	681.0965	6.3041758	6.0841725	0.0028496577	-0.054829277
7065	5.2235977	0.22553672	1.0912718	1242.1753	11.295483	10.408472	-0.0028086429	0.11947019
7066	4.6691818	-0.83290763	2.2000666	1451.2453	42.944524	34.172367	0.055747105	0.18207351
7067	2.7898994	-0.38374143	3.0717989	888.51331	1.5954308	1.4336362	0.12811322	-0.01406084
7068	4.1316134	-1.309454	2.3663624	671.52677	31.331364	2.1800301	0.12718928	0.15995224
7069	5.9880861	0.65853453	2.030186	2942.3677	57.097851	46.332773	0.027965214	0.0059051853
7070	1.5730175	-0.014039217	2.0185485	1799.728	56.544439	47.372137	-0.0081770186	0.50980023
7071	2.9114802	-0.061287578	2.5339281	1367.3813	12.794467	11.137817	0.041947707	0.012425692
7072	1.8129641	-1.1256422	1.0563922	460.15921	1.6124871	1.503089	-0.0088495705	0.037022139
7073	2.8383365	0.83467455	1.6065153	1401.1027	12.750021	10.807574	0.27692053	0.030937824
7074	0.008419163	-0.67664852	0.76536262	5263.5204	64.608709	38.732672	-0.080838827	0.11911538
7075	1.0618926	-0.98639378	2.129031	1574.4403	12.460938	10.157897	0.34360025	0.30357576
7076	0.68669431	1.0426724	0.64354578	375.76184	2.4506349	1.8827854	-0.082127974	0.12193535
7077	0.3928452	0.47852144	0.66476065	1007.3589	8.2370776	1.74295	0.17534996	0.032663075
7078	3.7881429	-0.16328024	2.1690042	3045.7758	37.408769	25.213393	0.094175362	0.0093324331
7079	4.1851462	-0.67326356	0.34858484	6646.9629	80.866444	42.008824	0.19150362	-0.17046702
7080	2.3564639	1.0434315	0.22293296	4430.0216	14.772654	14.476811	-0.013142961	-0.04393486
7081	2.3656776	-0.16253777	2.8849613	8001.4571	163.29711	79.459881	0.0028906267	0.022545732
7082	0.27680599	0.92381206	0.66333894	4090.8545	51.57911	39.485068	0.12445729	0.26578447
7083	5.4277982	-0.63410997	2.5125692	15174.273	148.98732	99.826846	0.17771195	0.11561759
7084	3.7418858	-0.37591202	0.72469227	529.82331	2.8859755	1.2682067	0.037609682	0.0074228256
7085	3.6845707	-1.1657453	0.60876125	1540.8391	10.618174	10.136168	-0.080925407	0.021287488
7086	5.0361451	0.17502582	1.0033395	2356.3288	15.827419	13.936202	0.012975136	0.09317537
7087	2.6268254	-0.38121328	2.5163904	8439.4257	76.012227	74.337193	0.17618483	0.42688285
7088	5.6456169	-0.64576148	2.6686735	3728.8489	13.408892	11.189581	0.081650852	-0.1371053
7089	3.971846	0.86460848	2.8753761	6098.7382	57.351959	32.933403	0.20891967	-0.078327286
7090	1.2758712	1.1405997	0.53073447	4230.5787	39.123111	39.02151	-0.0057008059	-0.021183599
7091	2.5057197	-0.74911215	0.057351545	2321.0942	11.894664	4.9106531	0.087277969	-0.0024149079
7092	0.71907576	0.63017118	2.3696255	1463.1535	13.678784	11.054726	0.005262578	-0.027855063
7093	1.6896388	0.51610476	2.3194291	1769.7768	13.71882	3.9530929	0.17411581	0.0053395813
7094	5.6828017	0.57224524	2.2967494	3620.7676	55.624264	48.543728	0.063964094	0.0042317435
7095	2.4103318	0.032346073	2.082418	520.51943	10.344362	10.312669	-0.043639221	-0.21500403
7096	3.4780411	1.1842485	2.4818184	1002.7508	11.54845	9.7555322	0.021964813	0.10079575
7097	5.1428245	-0.39206089	0.73656856	412.17032	8.6362406	1.4676171	-0.014616036	0.0032844949
7098	5.5344256	-0.078231737	1.7448181	1359.8268	20.882063	11.854108	-0.00036398199	-0.00069955483
7099	6.1851552	0.66659684	2.3764269	4848.7297	16.357364	13.195187	-0.032456439	-0.10368175
7100	5.1276504	0.44593884	2.2795513	1121.5965	9.3256971	4.6577599	0.033403954	0.092364363
7101	3.8371258	-0.18430965	0.90155416	929.64419	31.979878	23.647287	0.14040862	0.14982667
7102	1.5801111	-0.87706795	0.36525549	736.9452	2.0995723	1.7973734	-0.12415277	-0.0038474754
7103	4.8638262	0.026653395	1.3577879	767.53963	17.039444	5.4578307	0.010882385	-0.2110027
7104	5.6361015	-0.34695767	2.4496372	2452.5518	14.78442	14.086707	0.016056906	0.013285621
7105	1.5421619	0.16939021	1.2174948	3244.3817	55.030014	45.632707	0.091362376	0.70662408
7106	5.5683609	0.52939256	2.6390504	1535.2659	54.821905	42.253364	0.069467801	0.20892896
7107	2.6965166	0.66305312	0.94336429	4257.057	65.375868	52.621477	0.5364958	0.038298074
7108	4.2342113	-0.32116005	2.6717044	1125.4945	10.712672	2.985063	0.084046229	-0.0030004689
7109	4.105048	-0.14546047	0.92591866	3182.1101	15.587439	14.263319	0.021517263	0.14851181
7110	4.9382718	0.32513159	0.4890567	1779.2306	10.994405	8.6431839	-0.087797589	0.088550402
7111	5.1574338	-0.15834501	2.3026093	3739.8588	55.50552	15.980037	0.018148095	0.13304099
7112	2.6981289	0.82491821	2.631621	914.17435	12.101537	1.9212007	0.036544008	0.075615637
7113	4.0116769	-0.68783381	0.35812474	508.26541	1.9084203	1.4969961	0.0009866845	-0.037533515
7114	5.6924605	-0.19970872	2.916891	4882.1657	31.512031	16.703664	0.58712928	0.024664055
7115	1.879723	-0.12879686	2.3879382	973.89579	12.72955	10.652245	-0.0557773	0.15295968
7116	1.2642835	0.62370545	0.47126144	552.81907	1.4939871	1.418348	0.2533121	-0.026012096
7117	3.8284624	-0.84689001	2.1381716	961.54243	7.665416	1.6977011	0.0091343472	0.14580774
7118	0.41104301	-0.88269224	2.4008159	3384.7673	13.875123	4.0029898	0.13667544	0.14329146
7119	1.0702345	-0.42930129	2.4675963	3251.4145	33.812513	28.988322	0.016229249	0.0085208953
7120	0.29893495	0.51516946	1.2020881	920.16518	15.399037	15.197248	0.0097789068	-0.10215919
7121	0.03298257	-0.62490611	0.81698039	3995.0909	52.422368	46.81049	0.0010226959	-0.09028938
7122	3.5877035	-0.21593658	2.7775605	3896.5988	17.80135	16.591116	-0.0071266639	0.14839275
7123	0.53288708	0.43219066	0.44046134	897.64594	9.0954987	1.8979518	0.092032356	-0.041547257
7124	3.1849066	-0.65318379	2.490914	1975.4171	11.643123	1.6735591	0.069047818	-0.12076526
7125	0.23183761	-0.19467037	0.89971108	6996.4502	67.242995	41.570523	0.0045786601	0.33999703
7126	6.0553059	-0.64521635	0.63979286	3158.8551	15.299852	12.867959	0.31905086	0.15303417
7127	1.2595326	-0.96499247	1.1012551	2410.661	13.586442	11.401651	0.10767894	0.14457455
7128	5.2780958	-0.71702521	0.4827141	18198.321	93.377678	63.584458	-0.089224656	0.01158346
7129	4.1584626	0.79659223	1.0959186	331.04276	3.4660432	2.1308095	0.15043207	0.11763942
7130	5.6184745	0.73245844	1.8178396	932.81511	11.073492	9.830406	0.090002711	0.28076199
7131	1.212196	0.3776311	1.4573562	1138.9224	11.090673	10.150674	0.3172994	0.47869838
7132	1.2850512	0.2132088	2.260865	1003.7144	11.100913	10.599184	0.19355906	0.062163598
7133	2.0994328	-0.20885724	0.58035185	1429.1265	13.411311	10.508448	-0.12208745	-0.24071541
7134	5.6490857	1.09556	2.1936306	1020.1312	4.4544321	3.0776053	-0.026189647	0.0064823587
7135	5.06311	0.64903296	2.3790967	3142.4902	55.181152	44.09722	-0.086425367	-0.079831977
7136	5.7714001	-0.57100416	2.7279936	2861.6372	14.557343	13.048417	0.22049629	-0.028004135
7137	1.1786507	-0.65534444	0.60486145	708.90374	1.7963753	1.4827066	-0.015769309	-0.02697495
7138	1.5142187	-1.0696212	1.926423	2420.8158	56.785045	47.943778	0.075333677	-0.0018957343
7139	2.797403	-0.20431637	2.9481262	1705.7458	50.153343	35.797579	0.07186924	0.040934252
7140	4.991512	0.042252163	0.690647	4310.8023	47.733266	46.579206	0.072693792	0.38398654
7141	3.8599491	-0.44444458	2.3118877	915.00691	12.379188	2.0095136	0.026243724	0.0067204964
7142	2.6057289	-0.26667963	1.0414175	2778.9232	31.287563	13.307087	-0.04328086	0.0010701577
7143	3.1228461	0.041783143	0.43451474	764.14319	8.4339811	5.7945347	0.010029167	-0.026860466
7144	1.0263633	-0.16035999	0.66977995	7742.8171	59.328717	56.743554	0.47362175	0.089719668
7145	3.6654508	0.67689181	0.17810438	862.68351	29.941383	1.4654655	-0.05510608	0.045163153
7146	1.8143407	-1.2242709	2.4092471	2508.808	34.962008	27.769409	0.16006244	-0.33258902
7147	4.4848664	-0.95638266	2.3118875	2390.6947	48.083489	42.734691	0.16670665	-0.11302485
7148	5.221127	0.57036202	2.3723384	2269.3257	26.217347	18.628389	-0.043009386	-0.029186074
7149	5.0517237	-0.38351764	2.2331048	10208.044	66.839413	62.182033	-0.10905314	0.023613811
7150	1.6065736	0.067948805	0.6252522	6846.8729	62.214133	58.878726	0.11730035	0.022037444
7151	0.7174529	0.82853881	2.7777781	8599.5676	52.564536	42.465664	0.10822911	0.034729004
7152	5.7369174	-1.071921	1.7715853	359.61271	1.8261944	1.4456794	0.2329335	0.099859234
7153	3.7834481	0.72126824	2.6466691	1556.8036	10.508751	2.5037036	-0.058688925	0.2479976
7154	2.1026534	-0.04366413	0.98046785	5525.2694	57.303052	51.322805	-0.023963616	0.34474078
7155	4.4585291	-0.29141686	2.8451872	2169.9585	14.494461	13.672785	-0.069481383	0.031483433
7156	3.0252105	0.16342306	0.12920596	1090.0183	3.0964255	1.5493971	-0.02986973	-0.0087340756
7157	2.0318391	-0.69860199	0.93734539	5307.2605	58.104894	40.81943	0.02041686	-0.0048403211
7158	2.8645697	-1.1084269	0.62792792	363.08358	20.707012	1.3659039	-0.17214049	0.2503358
7159	5.9482054	-0.50894133	1.9299893	300.13205	2.1341853	1.2529442	0.11607839	0.045809698
7160	6.2713994	0.55567	1.5748236	363.95773	31.720624	30.382808	-0.047969375	-0.24260362
7161	3.241941	-0.89427205	1.5111796	3622.2507	39.715936	30.463724	0.199764	-0.0025553066
7162	5.6190657	0.98999316	2.4580117	3623.8162	61.010912	15.611688	-0.25550706	0.099002319
7163	5.3401992	0.44812151	0.6624278	8176.979	94.933285	66.844913	-0.016903677	0.28223609
7164	2.3167829	0.18881625	2.9701183	6273.3814	77.070139	66.490897	-0.2006597	0.00044754955
7165	1.6193715	-1.2341327	2.9003426	4309.8504	61.958999	51.259855	-0.032182101	0.088973256
7166	3.5235569	-0.16710398	2.5349308	624.24867	8.2801093	7.1999491	0.0025358041	0.01664536
7167	3.7785048	-0.77464384	0.79404637	5597.5301	49.73826	21.08048	0.03565497	0.046253336
7168	5.4151811	-1.2419068	0.50042645	3620.7939	37.547302	28.286756	0.01164386	-0.0029936429
7169	2.17968	0.40809086	2.5143794	2580.6524	15.91542	14.750287	0.015040975	0.11376956
7170	0.55398004	-0.27348038	2.5746071	3569.6172	31.297911	29.211084	-0.00030442621	-0.13312193
7171	4.7213591	-0.1598662	2.1125073	2209.0244	13.512484	11.006972	0.0022695228	0.071073221
7172	4.3540228	0.49367951	0.45032533	1384.2897	41.52025	31.442861	-0.24382437	0.039176996
7173	0.70485626	-0.3014558	2.7195296	2457.1627	15.142689	14.081476	-0.42845701	0.041489772
7174	0.90636011	-0.21709897	0.49483117	4327.8946	18.716089	17.085728	-0.10481563	-0.055580316
7175	5.5695494	-1.0832665	1.9734961	1683.4414	11.603391	10.184784	-0.021907247	-0.029672912
7176	2.4378351	-1.0297269	0.619577	1254.6229	10.597521	9.2889502	-0.014244338	0.032641848
7177	3.1941384	-0.27573026	2.9760205	2544.026	32.067876	12.560742	0.02503601	0.018028739
7178	6.2137325	0.22941668	1.7283778	1511.5127	34.389132	9.8975691	0.23747414	0.36064273
7179	3.3099822	0.21502309	2.2495038	927.27807	2.7937339	1.6085988	0.031405366	0.07395997
7180	4.7522698	0.20316661	0.58656812	1863.7428	14.879017	3.6170558	0.020778559	0.036046817
7181	1.9873954	-0.88857886	1.4398178	4586.7231	52.520225	51.138649	-0.00060377183	-0.26077928
7182	5.3122906	-0.37983255	0.08514154	6330.5781	40.035001	35.44189	0.015803894	-0.18553135
7183	1.9331288	1.3047449	2.8487582	2319.4505	15.268001	13.046753	8.2402651e-05	0.0042753419
7184	6.1422226	-1.1430406	2.3830061	2412.2518	37.487229	3.9774795	0.35722785	-0.03952198
7185	6.0517281	0.31178863	2.2181704	712.62946	9.9129646	1.3625054	0.068683147	0.022471984
7186	5.0645888	-0.91001259	0.76843755	17509.375	93.796139	69.5576	-0.012685268	0.4778333
7187	4.6629069	-0.008206791	0.46515296	563.79766	9.2273464	6.4402674	-0.25295046	-0.14296618
7188	1.5333682	0.99155666	2.138836	3658.6669	32.759972	21.226142	0.36963979	0.01630773
7189	4.2394128	-1.013	1.0806959	1051.8463	8.7515126	1.8660596	0.074359245	0.22669944
7190	2.359603	0.015339626	2.063188	2076.8625	38.091643	37.238305	-0.0012767392	0.012936417
7191	0.9119306	1.15084	0.6761786	1088.4992	46.28668	35.20455	-0.040017515	0.053640674
7192	2.3582948	0.9446162	0.49460576	16723.194	204.29952	182.03632	0.075515207	0.0071186504
7193	5.9155774	-0.19133793	1.6820483	787.58475	11.255697	11.029407	0.080889058	0.0012237472
7194	5.4255658	-0.55387136	2.048018	2877.2463	12.248018	11.659274	0.09862974	0.0077593878
7195	2.2783053	0.41451506	1.9589062	1056.3648	25.698115	23.583508	0.23747274	-0.00054996859
7196	5.2894485	-0.22315087	2.4450748	5332.2157	52.748032	24.489383	-0.0014399062	0.064610012
7197	4.7274524	-0.96463768	0.54313498	7086.14	99.298448	80.89531	-0.27555435	0.18765309
7198	6.1218104	-0.099600215	0.27632789	875.0026	28.566962	22.341496	9.8801889e-05	0.10466611
7199	2.0912099	-1.2694597	2.9135246	6300.752	58.477351	39.257327	-0.0090738473	0.2720214
7200	0.43238861	0.47118245	2.489597	7707.7085	79.401012	67.357109	0.0068944558	0.023084869
7201	6.2723342	-0.29429137	2.6263412	4529.1826	45.657606	21.690253	0.1293052	0.43670208
7202	6.1552672	1.0134499	1.2510599	835.52887	40.20401	39.480444	-0.031748792	0.078400917
7203	5.3949229	-1.005436	0.96987954	1269.6685	12.206217	11.885485	-0.093696186	0.20260408
7204	1.5490238	0.07932166	1.1235872	5650.8397	98.688222	87.963027	0.013748909	-0.010590199
7205	5.5450406	0.2261877	0.79177981	5739.4567	64.78836	46.786122	-0.10761175	-0.028329622
7206	2.1810235	0.0087098187	0.27756803	4788.1699	39.469001	33.135543	0.1867386	0.035590496
7207	2.9087316	0.37028248	2.0734437	414.96008	1.489826	1.2789541	0.025339265	0.031819235
7208	1.3589071	-0.35258493	2.1396024	3364.7785	54.488633	51.865336	0.06213141	0.22884166
7209	1.3788483	0.74995545	0.87193808	8077.121	82.502484	63.70078	-0.11737854	0.092947466
7210	1.2302382	0.0080588765	0.68248573	1023.8899	8.6482706	2.5505744	0.17179112	0.096152704
7211	4.2034186	0.78543734	2.2286594	3784.3494	57.903636	57.256388	-0.16339556	-0.12695927
7212	5.375526	0.94501761	0.19041053	5320.8233	47.593336	31.738804	-0.19706846	-0.10990739
7213	1.3458627	-0.60968787	0.52796174	325.72487	2.0441224	1.4079418	0.015509385	0.0012650004
7214	2.7937684	-0.39957191	0.68265933	1068.249	8.827346	3.2672924	0.011893313	0.21251673
7215	3.5131883	-0.5564516	0.8406104	4818.9831	53.28798	44.21435	0.045342868	0.099614131
7216	2.123841	-1.1092376	2.1227819	2384.9926	53.103183	44.088632	-0.24494749	0.018101548
7217	4.6170335	1.3841362	2.2812081	5287.2068	63.719903	53.817622	0.062455544	-0.19199662
7218	1.4514838	-1.0751742	3.1229155	2388.6646	11.96594	11.847496	-0.001109318	0.20672006
7219	1.86981	0.58516838	2.2072573	1293.3205	33.535175	26.444354	-0.076136125	0.035927757
7220	6.2239715	-0.3391247	2.3816893	8271.8033	104.09194	65.755305	0.022222282	0.0021214743
7221	6.1363053	-0.076325322	1.3061362	716.49318	19.080096	12.579369	0.13349263	0.24362828
7222	1.6540044	-1.1454032	2.7437999	1690.1367	11.155468	10.341083	-0.0050555315	0.051313664
7223	5.3725385	-0.71603313	2.5047944	1802.5967	19.931399	19.763192	0.0019903092	0.14886561
7224	4.9151938	0.19680579	1.2963734	2819.4815	14.142378	11.867338	0.093514518	0.19414259
7225	5.012726	-0.23967854	0.31073432	376.76218	1.9804388	1.2596691	0.044219594	0.0742213
7226	5.8325558	1.0174978	0.16030172	3592.3879	15.117205	13.919699	0.063355726	-0.00037862349
7227	1.3874044	0.8686709	0.94503068	1749.4173	80.649988	41.495256	0.16391703	0.10918114
7228	4.0503305	-0.32175159	0.89126619	2223.2328	24.46393	16.486735	0.32746655	0.0042420624
7229	1.8730212	0.26778145	0.16230815	3696.1826	15.64869	15.348494	0.19376356	0.20849865
7230	4.357376	-0.97216271	0.63061117	432.82453	22.637256	1.5553444	0.071457905	0.025854953
7231	2.610814	-0.42070743	0.77778775	5055.4049	65.296699	41.895588	-0.16530514	0.2361713
7232	3.2851744	0.67198561	0.42320426	1151.6599	2.1721094	1.8772454	-0.034787124	0.096405068
7233	5.9940417	1.1396549	0.51555301	7442.7894	65.938415	39.662547	0.11919551	-0.017413263
7234	5.6832558	0.033173089	3.0300783	1418.1152	30.827513	9.6421742	0.029275358	-0.0027002835
7235	0.85708202	0.90752248	0.9802583	4811.1241	67.487381	46.384979	0.20299811	-0.25097702
7236	5.5651946	1.1747941	2.6656242	3148.5079	62.117319	42.336202	-0.14043208	0.3374928
7237	2.6268413	-0.90814445	0.83300224	1217.94	38.082523	1.6311346	-0.060386504	0.088850474
7238	0.33828048	-0.67376423	2.4064609	1169.0434	13.212884	10.303832	0.045154421	-0.00123869
7239	1.2386894	-1.2862588	1.9581225	1700.9449	35.115248	24.926879	-0.11153467	0.38819645
7240	4.6974295	0.57795604	1.8573421	161.02993	1.5028623	1.2058911	0.14865935	-0.058745719
7241	3.0161928	0.61380261	0.9061427	6086.2939	69.549757	53.085692	0.048791698	-0.087801919
7242	3.6426857	0.3273376	0.63153193	215.03334	1.50318	1.4276281	0.22258197	0.053997059
7243	1.655358	-1.3630557	2.5777441	6053.2173	76.096531	61.414351	0.12626536	-0.062129599
7244	5.4108164	0.01187646	2.6215972	6508.0435	74.631168	21.124587	0.16075648	0.095650917
7245	2.2959064	0.58002919	2.7845711	369.63907	1.893823	1.5883084	0.15466499	0.00041343754
7246	1.4487176	-1.2850926	0.40810311	2677.1149	11.668853	6.1324929	0.020860386	-0.078994763
7247	0.73567473	-1.0712551	0.13437419	2024.6441	3.080631	2.3807758	-0.012833509	-0.015351005
7248	3.7101644	0.59671274	0.36073261	2730.3582	15.435512	11.550814	-0.25874941	-0.00062905877
7249	4.9348832	1.0729529	1.0612726	3572.1236	60.636451	53.445148	-0.043809566	0.0043158629
7250	3.0928735	-0.49521516	2.6965385	3076.6842	15.373706	14.749211	-0.015845398	0.018623692
7251	2.470582	0.070076237	0.4605825	5130.5509	16.110962	15.268054	-0.0085404118	0.20159867
7252	4.0912394	-1.2864618	1.4458357	3323.7739	104.99945	28.806158	0.04888516	0.0650482
7253	1.1465126	0.70626023	2.5211267	660.17081	1.7621502	1.4635509	0.016685953	0.071836202
7254	4.8974562	-0.53160421	0.51626505	227.36609	1.5360149	1.3422178	-0.0095836518	0.10936598
7255	5.3334571	0.23434021	2.6671946	3557.4341	51.828829	37.592421	-0.052317132	0.090342584
7256	0.55389176	-0.65611139	1.7499818	539.99816	1.8769257	1.8200885	0.077827871	0.18695736
7257	2.4197034	-0.86584723	1.0120544	9575.7403	78.885807	58.906951	0.088967501	0.38711078
7258	3.6986021	-0.39782894	1.1516032	1073.0978	10.987536	10.57661	-0.25025025	-0.22440139
7259	2.682553	0.83370574	2.9585579	22796.331	109.34525	64.037737	0.62073215	2.9967164e-05
7260	0.27561339	0.58395796	2.7292007	10011.062	89.057338	61.083989	0.09078499	0.026311133
7261	4.258033	0.23164551	0.72345308	4255.712	63.271495	42.655504	0.034383138	-0.19511075
7262	3.2122707	0.82825329	2.6636915	3244.8628	41.578879	36.749822	0.083657812	0.19527916
7263	6.1238151	-0.52633463	2.5355937	406.95392	9.1192808	8.2754466	-0.011652672	0.045500811
7264	1.8629006	-0.87357141	2.6909771	1147.7534	12.155189	1.5945475	0.02649421	0.012477923
7265	0.98046952	-1.1727823	0.97011199	4490.22	40.611532	38.835064	-0.040087768	0.12538293
7266	2.2756309	-0.7640209	0.77559543	368.25061	11.476503	1.993122	-0.0023019869	0.26172727
7267	0.036015526	-0.88703154	1.0460133	1979.7061	118.95295	76.045973	0.0086304537	-0.049022496
7268	5.0363144	0.29176963	2.272353	7066.1421	54.684736	43.108104	-0.23977636	0.032379081
7269	2.1454784	0.25490347	0.58961018	2393.9142	40.805375	27.485807	0.090023285	-0.034887526
7270	5.5895288	-0.38630725	2.5206701	522.32144	2.7836826	1.4061546	0.0062909179	0.074093317
7271	2.6199418	0.27971847	2.3527233	1656.9883	12.066408	12.053365	0.020684005	0.054467754
7272	0.037188506	0.30901866	1.8879508	3052.0593	76.164345	54.181928	0.29687246	0.039821685
7273	0.68267413	-0.41991397	0.54684077	7202.9111	67.144152	64.867736	0.018018835	0.14210382
7274	0.48400608	0.16602379	0.42525775	4172.7631	63.145824	48.008784	-0.001476626	-0.10721188
7275	5.8884883	-0.94026838	2.3694552	2783.2015	40.982374	32.690064	0.23971114	0.0098739259
7276	5.4342195	-0.56756985	0.38292764	9025.1702	174.72428	147.08915	0.35381254	0.045682041
7277	1.5311376	0.97310992	0.51856806	11048.225	112.91313	106.35534	0.0064639807	-0.0098868446
7278	5.197689	-0.021971249	0.92042073	2021.9834	38.847438	12.438146	0.028200541	0.039673088
7279	1.3214947	0.39200267	2.4942018	781.92954	48.506066	2.4269763	0.08193428	0.043217604
7280	1.7727688	-0.35797008	1.0197359	1492.6581	38.216312	13.720222	0.09777235	0.041686122
7281	1.7710517	1.0075315	0.16379357	7403.8877	57.258638	45.705813	0.11852558	0.069720576
7282	1.9813424	0.5207114	0.50282259	5680.5595	63.385304	60.704305	0.055413019	-0.041506178
7283	3.4069549	-0.30196418	2.3614456	6368.0002	40.971364	40.39944	0.033866325	-0.012548813
7284	0.78568167	0.20771605	2.3928136	406.40439	11.510478	8.2911974	0.056849096	0.035039402
7285	3.4941482	0.28021317	0.62174524	6255.1506	149.46147	114.34439	0.16344004	0.070142889
7286	1.569163	-0.17683447	3.0308808	2948.4831	52.470338	40.861181	-0.0066751152	0.45486217
7287	2.2407996	-0.37522976	0.58931311	5315.2155	17.675652	16.94904	0.50711149	0.22857994
7288	4.0032552	-0.53149358	2.7068087	770.26328	8.9960335	1.7936519	0.019783083	0.048110142
7289	5.7446608	-1.2190541	2.4183069	541.86431	2.0965241	1.5307556	0.10320935	0.0075430849
7290	2.4768046	-0.84350829	0.08038919	457.72007	1.9509997	1.5200694	-0.032779215	0.14380296
7291	0.95544999	-0.96557484	2.8742071	1826.428	21.195897	13.278077	0.11478678	0.032198898
7292	1.9161963	-0.66311667	2.9140832	3248.2695	26.879253	26.069732	-0.11162648	0.70785858
7293	4.7874668	-0.32608662	0.34499803	8139.6912	74.002002	65.358095	0.087605878	-0.016968466
7294	5.016593	-0.33800245	0.95796311	3243.4743	69.145538	44.8533	-0.030425161	0.092574686
7295	1.946093	-0.56735955	2.6362929	14091.483	86.716055	73.15661	-0.051582035	0.041971787
7296	3.8544304	0.72047662	2.3020331	732.34191	11.007378	10.20247	0.33413291	0.25311575
7297	0.30558689	-1.3799694	2.9308401	7668.402	58.745781	48.206645	0.037340196	0.0027533778
7298	1.9642672	0.67754293	1.1607337	5973.3423	120.94454	81.564613	0.19758827	0.25266071
7299	4.4475561	-0.87656353	0.72517034	851.84464	8.8994598	1.9769108	-0.023910938	0.051961371
7300	0.97417654	-0.50904527	0.926433	2331.4332	13.685114	11.188618	0.049483955	-0.034863403
7301	5.5835441	0.79559117	1.0713166	5451.026	69.131735	64.849514	0.0402101	-0.13159164
7302	6.2243244	0.15972146	0.21657428	6203.2722	69.509511	60.358491	-0.13995121	-0.072392517
7303	0.36285143	-0.82498681	2.9174729	6162.1396	73.153112	58.314343	0.4538971	-0.13326748
7304	5.8760712	-0.41187518	2.2931745	2559.4876	69.731992	32.508629	-0.25423189	-0.00029794604
7305	4.0080529	0.40731599	0.97326042	1641.7966	14.707812	11.455328	-0.043105135	-0.047863018
7306	1.4144699	-0.35876482	2.7519537	2969.113	63.734405	57.274159	-0.0075132346	0.00034003068
7307	6.2369412	-0.023973467	2.7380864	4123.2802	15.367652	11.017706	0.00033840529	-0.11576243
7308	4.46637	0.12368119	0.60947897	3360.3951	47.478024	15.405032	0.40634375	0.010452762
7309	1.6591274	0.84249889	2.3073953	795.16744	10.893714	9.1121795	-0.00030366172	0.11612583
7310	4.9659631	-0.32507446	0.7255962	1439.6231	9.2529897	3.1070674	0.22378584	-0.062449599
7311	3.582308	-0.60197528	2.5900281	5017.7616	19.301236	14.227256	0.14481938	0.086221647
7312	2.5493787	0.65612952	2.8382356	402.15164	2.0068571	1.6820481	0.032032326	-0.16525164
7313	5.1280483	1.3786822	2.4783826	5526.4286	62.03527	41.291652	0.012416445	0.03002846
7314	5.6490992	1.0799596	2.724112	6835.4474	53.501165	18.24242	0.17568615	0.031032095
7315	2.5705258	-0.097667116	0.29743694	1909.6064	11.866367	6.9138186	0.27193559	-0.017724278
7316	5.8611064	-0.22038395	2.0887532	503.2391	11.429805	1.605386	0.090923936	0.032313552
7317	4.6530625	-0.22840742	2.129614	6760.7901	53.766651	45.392548	0.0060461817	0.18802784
7318	5.986284	-0.11811026	0.21111501	583.59156	9.3771915	2.3625989	0.029075176	0.0054017377
7319	1.4218626	0.43591552	0.48256013	1227.1441	9.7737966	3.0454672	0.10985594	-0.007281001
7320	5.6511147	0.6494832	0.6217244	3736.2768	53.73337	50.800419	-0.0028156453	0.026105534
7321	0.42295865	-0.36607917	2.861524	888.31222	8.9037775	6.5925747	0.10244494	0.1621874
7322	3.6464114	-0.13018815	2.4375466	1105.2571	13.059629	1.7567141	0.14590988	-0.016614348
7323	5.5987852	1.2189171	0.54085993	1523.4616	10.384952	9.9580166	0.0035235903	0.07316552
7324	3.5218369	-0.3441541	2.5337143	856.64996	13.890794	11.189717	-0.004998261	-0.022178788
7325	2.9567612	-0.70979479	2.6931391	2230.7617	25.906628	12.145474	-0.021645045	0.052900586
7326	5.944731	0.24245275	2.8422012	8934.188	78.272146	68.805144	0.048320724	-0.38644979
7327	3.8955906	0.13750851	2.3091768	9246.6521	87.176556	75.617908	-0.05903066	0.22311765
7328	6.2357873	0.87976766	0.97693364	464.80193	1.4972638	1.4609204	-0.019924274	0.0075296999
7329	2.4303813	0.71756205	0.40009818	3492.6512	16.651551	14.424228	0.023532085	0.14362949
7330	2.2547435	-0.18406735	2.2943835	2554.2879	13.46181	13.052864	0.039916411	0.039423825
7331	6.0545841	1.1484745	2.3740435	2458.1463	54.596034	48.121107	-0.043809566	0.0043158629
7332	3.0587691	-0.22663909	0.64641072	1684.9694	13.239268	2.846349	0.34648937	-0.0035017157
7333	1.012111	0.60312667	0.87619918	1514.4017	21.739978	17.88868	0.014019883	0.055206887
7334	2.183764	0.51834317	1.7589889	1624.9482	10.642386	9.4550871	-0.15688666	0.043956867
7335	5.225307	0.49619209	0.36012559	4987.0361	46.740124	32.329124	-0.0093644264	-0.10047538
7336	5.755618	-0.018152033	0.52257939	2599.5952	14.642864	12.270656	0.0098684539	0.073045934
7337	3.195571	0.24485017	2.0528679	726.21561	10.875368	4.6182314	0.019336257	0.036649595
7338	2.4900804	0.43304533	2.6756175	1794.111	14.940354	11.053809	-0.10866043	0.23533186
7339	6.1015459	0.96890125	2.6458485	697.81433	8.655691	1.5669818	-0.022402497	0.025358957
7340	4.7538028	1.1208014	1.5156969	1744.5732	39.572227	29.723367	-0.084415401	0.011817299
7341	5.7216626	0.64000287	2.0044062	636.25603	12.601336	9.5525019	0.03679185	0.26033532
7342	3.4317309	-0.84220647	2.9032713	17676.995	186.69623	124.66634	0.14929932	-0.019560802
7343	4.9911345	-1.2422623	2.7980672	270.63341	3.0300678	2.1722839	-0.10852415	0.045088804
7344	4.9055141	0.92219365	2.5386539	5823.0879	45.33296	38.525369	0.0026051555	0.15204691
7345	5.3882498	-0.96146017	2.0971387	2434.3026	13.634579	10.972996	0.040892063	0.082010286
7346	2.5991981	-1.1490955	0.80492768	4451.9536	19.773296	15.367217	0.11086297	-0.13217431
7347	3.373607	-0.60820274	0.29770232	1200.3418	22.337358	3.3378447	-0.0015861164	0.099704768
7348	0.27146626	0.49650976	2.1284449	6058.5274	73.951985	55.776123	-0.51578466	-0.03166279
7349	1.3403382	1.2418992	0.13649309	10629.746	93.580198	63.55102	0.17104949	0.10890436
7350	4.3918173	-0.18938468	1.8170177	149.08335	1.3135257	1.2350045	0.15394436	-0.086300235
7351	3.029376	-1.2658334	0.78637578	3610.5744	49.67896	36.884637	-0.0051670287	0.036507518
7352	6.2018357	0.797348	0.86784045	2915.6112	15.4826	15.091228	0.074176263	-0.040375907
7353	2.4059183	-1.05939	2.5761533	2010.3975	10.335864	9.1755345	0.13279519	0.35620052
7354	0.34447285	-0.045136423	1.0781002	1336.8902	32.560788	11.497706	0.2202931	0.00018288878
7355	3.2297849	-0.078617894	2.054167	570.02486	9.0246136	8.6971289	0.0068599045	0.08861914
7356	3.8506241	-0.06274242	0.50536241	701.19188	3.6440776	1.4227846	0.23035743	0.016399091
7357	3.4691075	-0.35246818	0.7173864	17038.094	91.157286	84.030531	0.13327874	-0.39668369
7358	0.061618905	-0.076485347	2.4528978	1051.7515	10.973309	9.3216022	0.099527345	0.28491052
7359	2.2434608	-1.2346005	0.73803441	9283.1488	72.305999	62.921012	0.15975923	0.098973837
7360	1.5400401	-0.51227531	2.6301165	7133.8755	20.289975	19.349306	0.012484886	0.16114105
7361	6.2527352	1.0232675	0.57697449	5909.4771	64.824452	58.478454	0.10651349	-0.30239711
7362	5.927792	-0.11390725	0.94203708	1434.8362	28.870249	27.641096	0.40325637	0.080019686
7363	1.6701656	-0.32912519	3.0381424	2658.5033	15.583692	12.436221	-0.021915053	0.00029746245
7364	2.0964513	0.84949957	0.93000569	3309.4722	13.709502	12.158852	0.30997995	0.12486277
7365	2.9314038	0.85157297	0.71267416	559.66278	11.339452	9.9025841	0.086739417	-0.028345088
7366	5.2917216	-1.0151331	2.8000395	1521.9141	11.290953	9.7620302	-0.058532251	0.059860106
7367	3.1214195	-0.91839876	0.80056101	2066.8787	20.341599	12.131574	0.39282367	-0.20639065
7368	6.0408442	-0.90708535	2.6417283	6151.541	51.982625	16.670847	0.17242688	0.020762504
7369	1.6511574	0.71329414	2.0629904	6788.5688	75.90355	51.49467	0.010985694	0.15647698
7370	4.4616587	1.0305576	0.32546345	806.14068	2.7774598	2.2857583	0.30975593	0.020118435
7371	4.0279221	0.084315419	2.640686	2558.7136	12.273082	11.762868	-0.055288964	0.056230431
7372	2.6827352	0.1767356	0.27478866	1032.3603	6.2437088	1.4815352	-0.0099307588	0.0861868
7373	5.0427961	-0.82632486	2.5886102	2979.5081	29.058809	17.735583	0.083779298	-0.16426401
7374	0.30834602	-0.73169112	1.0465984	1671.3035	50.9006	41.642772	0.1126002	-0.092305286
7375	2.517973	0.24166258	0.56362449	1060.4908	2.7077383	2.6156796	0.18009594	0.041126434
7376	5.1625931	-0.10917721	2.7402735	15920.05	114.09207	94.788406	0.066420037	0.0094757987
7377	3.9974119	-0.81875927	2.8992113	1912.869	13.945408	12.630012	-0.15196783	0.097846194
7378	0.56922025	-0.44446687	2.5974175	2886.9539	12.137729	10.836452	-0.0077103948	-0.15501624
7379	2.438345	-0.90048463	0.49017359	2347.6974	49.122051	38.749401	-0.043079587	0.20579324
7380	5.1444282	0.46518794	1.0851672	2834.1546	39.271335	38.74322	0.29950398	-0.15613499
7381	1.9860535	1.3218438	0.78039239	329.91203	9.9915655	1.3114651	0.1479836	0.11242973
7382	5.0541405	-0.11070484	2.0269478	1639.5899	19.552734	11.782304	0.18574906	0.095253232
7383	1.6418009	-0.12188555	0.69987135	3756.0588	13.422154	12.662028	0.0044706909	0.041449782
7384	3.6498929	-0.21346581	2.1881725	816.78782	9.7895341	1.4774804	0.072570073	0.060635351
7385	1.7144283	-0.13098853	1.6165545	1899.6525	44.843023	28.558566	0.13294964	0.1344315
7386	2.3930683	0.48286996	1.3696762	1850.8835	11.855108	11.854217	0.41829199	0.22534412
7387	6.2103566	0.93949684	2.2194475	4174.4924	15.723429	13.86788	0.14549299	0.069039849
7388	2.6954056	-0.088267056	0.064278857	9619.7305	177.64905	101.02315	-0.00023451977	0.14403355
7389	2.9974762	0.51922223	2.7660204	1368.3841	30.909448	24.315219	0.030036571	-0.1025019
7390	5.9434766	-1.3597092	0.51418842	4081.4722	33.530909	30.675724	0.041033599	0.36854184
7391	1.9754097	0.9433673	0.2513767	6298.7901	97.682837	62.403843	0.1707181	0.001003693
7392	3.0564212	0.93459956	2.6354502	8670.0613	33.732023	17.628574	0.020619516	0.18671019
7393	3.1969614	0.39556824	2.5960036	1029.295	34.246373	12.015506	-0.30433589	-0.0095377578
7394	3.4595789	0.73039705	2.8164871	6390.315	44.20881	25.724417	0.030874273	-0.0098992574
7395	0.13833559	-0.05712499	0.53837622	2195.3951	12.062565	11.70737	-0.011110454	0.0060275495
7396	4.602894	0.80797445	0.76519631	3261.1058	37.846093	33.865471	-0.13943762	0.11697283
7397	2.6938849	0.34148404	0.59244903	2361.0795	15.1228	12.595778	0.039562984	0.063386753
7398	2.7564764	0.34525559	0.91032921	3658.7512	46.05843	43.622447	-0.024876624	-0.14512317
7399	5.4018985	0.49450594	2.6039679	3619.3397	16.502501	7.6269507	0.046340439	-0.0069025041
7400	3.586514	-0.29736081	0.70751082	1018.2616	12.446409	10.30913	0.0075313772	-0.20668607
7401	1.3905901	-0.32491709	0.30928013	11227.927	92.071254	75.316745	-0.034487445	0.012685713
7402	1.9756267	1.126044	2.4792361	11461.432	89.487813	56.302956	0.0099606554	-0.038664392
7403	2.847508	0.95537691	1.8443208	921.48676	9.5806693	9.5454307	0.13939769	0.16107352
7404	1.3771179	-0.65697588	0.38985907	1705.1519	14.369539	13.210795	-0.078677499	0.15887446
7405	5.6405656	1.4158373	2.9753911	1989.3923	10.755392	10.202669	-0.019234131	0.12769097
7406	0.21538583	-0.31447272	2.5487088	3309.1472	30.668682	5.9512984	0.14879792	0.10374479
7407	5.7882268	-0.52670789	2.5877445	6424.42	58.447028	23.664501	0.26580138	-0.015488194
7408	1.8032901	0.49786878	0.26673736	2832.4309	13.756697	13.082518	-0.30568975	-0.24036232
7409	0.055936171	0.25862441	2.8209076	1133.3335	18.662724	9.4807433	0.035393192	-0.047888488
7410	1.5027054	-0.26526063	3.0154348	2959.2093	40.957898	3.2320166	0.0024962542	0.0070505249
7411	5.0455311	0.94997265	2.0665214	953.59522	10.89446	10.858089	-0.021373021	0.30470092
7412	4.5711252	0.53606398	0.55442459	2556.9806	54.53528	44.31557	-0.0034439096	0.063111496
7413	6.0090723	0.23581467	2.8604112	3928.5714	44.352638	41.398204	0.031302877	0.016024961
7414	3.1742873	0.43777193	0.92169567	1173.909	9.994709	8.7355325	0.05882765	0.21321972
7415	2.8841605	-0.63838764	2.4503707	566.91467	12.285995	2.6583641	0.039456751	0.045065922
7416	5.9109305	0.38716753	0.10377655	1812.0671	4.7506396	4.261009	0.11304171	-0.21891875
7417	0.39979997	1.5069487	1.3748239	1912.5381	42.932532	35.244464	0.055479897	-0.0049063696
7418	3.5932768	-0.61846264	2.6009781	21695.515	135.70293	120.19024	0.27018683	0.0043487313
7419	2.8270295	-0.85552603	0.99929117	3043.6294	38.678315	36.733331	0.0068044357	-0.10647128
7420	3.5525837	-0.046283383	2.5583161	1404.7093	12.345228	11.126332	0.075315586	0.12130264
7421	3.5303023	-0.29255823	1.5410249	461.8989	9.286069	8.6642677	0.029165412	-0.062229287
7422	2.7617588	1.4144122	2.7175863	2904.5681	14.450231	13.909462	0.048431307	0.30081632
7423	0.84003727	0.81384569	0.24837361	1626.0606	14.290542	1.6859826	0.049981946	-0.18449637
7424	5.095508	0.62271835	2.3899712	928.49156	12.517504	4.7065936	0.25211339	0.14608418
7425	4.409323	-0.14034091	0.072401938	11515.502	87.5504	68.954935	0.15538041	0.0068817503
7426	4.2547009	0.50105549	0.54291656	3758.3802	12.856423	12.559304	-0.0035481646	0.00025616618
7427	4.1238126	-0.57464561	2.9388602	1420.1807	12.570516	1.5582447	0.023061371	-0.03258364
7428	0.5866153	0.24583755	1.8605966	969.3842	23.815327	10.456144	0.10858642	0.14264201
7429	6.0523157	0.26847709	0.26790855	1122.9963	47.517821	32.204464	0.073365677	-0.0023441923
7430	5.8930383	0.78819515	1.4386835	3356.6987	125.23519	38.897916	0.095298006	-0.043416286
7431	6.1075088	0.48784815	2.7438831	6584.951	55.433586	50.466787	-0.05240103	-0.0096390268
7432	1.148953	-0.57274262	2.3668111	2034.6193	42.955755	38.526125	-0.018360284	-0.15359651
7433	0.79854135	0.97046563	2.3210161	300.5566	1.8462251	1.4862412	-0.13934264	0.0072097899
7434	1.7759651	0.33777863	2.2692069	1075.6287	11.504923	10.968801	0.044165282	-0.0030073304
7435	3.8897203	-1.3614094	0.72144267	9301.2031	99.575227	96.108644	-0.014112792	-0.0084071764
7436	5.4951191	-0.45966	0.31273795	776.848	4.149646	1.3800792	-0.0015723879	-0.083767191
7437	1.63577	-0.21007221	1.3296234	248.4944	2.2772489	1.8569906	0.070583113	-0.026942356
7438	2.4880995	-0.4848318	2.7057575	3717.4695	13.295456	13.054434	0.26611198	-0.013538295
7439	6.1127249	0.35773112	1.9295425	2085.8908	15.333518	13.080648	-0.078303377	0.22776029
7440	4.886772	0.75560354	0.48203054	2474.4422	14.916677	14.695649	-0.0039273282	-0.033780228
7441	1.6778725	0.62116513	2.5012029	1134.905	2.4408064	1.5504675	0.00023455803	0.067623892
7442	6.2069688	0.18585183	2.9159411	11667.76	71.677853	71.138407	0.093421338	0.23431151
7443	2.6271634	-0.98724469	1.0484885	357.1213	5.2292333	1.3500117	0.045084205	0.17761629
7444	0.69057966	-0.46884729	2.0230744	2403.9336	37.172971	32.581141	0.032527884	-0.037510715
7445	3.6765713	0.44442764	2.1449594	674.51698	1.8254911	1.8215604	-0.0014410991	0.19977474
7446	4.2107471	0.11124928	2.8609742	2685.1777	13.781082	4.6402051	0.088324956	0.068177085
7447	6.0425944	1.0949111	2.1184743	361.18428	2.7258553	2.3734147	0.083889423	0.038826329
7448	0.1901802	0.54779935	0.65226219	468.43252	8.5464708	8.0393462	0.062228617	0.041515931
7449	0.4194017	0.77965421	1.1305385	366.99583	1.7949335	1.5261805	-0.044729941	0.28360791
7450	0.42880828	-0.42614854	2.1002096	701.36193	10.852145	4.119311	0.20545253	0.035879723
7451	3.284438	0.20588145	0.90290317	1214.8703	11.698381	10.989511	0.18040855	0.25496746
7452	5.845004	0.094314255	0.19474919	3074.7759	36.093119	21.483913	0.10232167	0.16261207
7453	4.8613347	1.2036848	0.485859	5485.0862	53.178487	50.742541	0.011356334	0.51474636
7454	4.7334814	-1.0741418	2.9738576	6763.6502	68.451727	55.54281	0.27687409	-0.0048512442
7455	3.3019249	-0.085954329	2.6608674	7306.4754	45.665392	43.72091	-0.030236568	0.015570467
7456	0.35804891	0.34632066	1.1172315	3464.8921	40.344686	26.050506	-0.002897953	0.18718152
7457	2.6127025	-1.0350344	2.1305294	6013.114	60.606044	46.607235	0.25875481	0.047546936
7458	0.90295543	-0.7056721	0.75979888	7639.2685	56.664079	51.341942	-0.22223803	-0.011493598
7459	1.006282	0.28668791	0.5681962	1047.0271	19.771033	10.833735	0.0016362526	0.27674954
7460	1.375664	0.56795787	2.7717871	4044.6075	14.771906	12.279416	0.24713974	-0.094729225
7461	1.0720862	-0.10705711	0.63482462	4745.3659	67.168638	46.819682	-0.02056674	0.0043370619
7462	5.0498227	0.12499338	0.70995094	12498.741	61.806087	53.794245	0.042398732	0.07727907
7463	3.3855892	-0.11390749	0.50672103	251.41507	2.1823049	1.2439989	0.14563054	0.016583711
7464	4.9467863	-0.5189855	0.30080887	5690.0346	17.514994	17.347758	0.030758134	0.0086144404
7465	6.1805979	0.36964277	2.3049006	6996.135	146.0233	112.51471	0.038144201	0.15384568
7466	0.053353036	0.46481449	2.1166484	107.5475	11.334005	8.8308511	-0.042563376	0.29381352
7467	0.7459264	-0.14878077	1.7134051	220.4274	4.092453	2.003588	0.07811119	0.045328274
7468	3.9272206	1.297791	0.14523166	293.6893	9.1099723	8.5296808	0.011262549	-0.09458398
7469	3.2251661	0.42650602	2.7485734	9707.7082	58.930257	46.697218	0.094185924	0.048944059
7470	1.896242	0.4239258	2.3822617	769.06479	8.6032176	8.4190587	0.16634128	0.008550579
7471	3.0397233	1.2057181	2.0493998	2460.3871	24.938921	12.466916	0.0039795803	-0.017961907
7472	4.2551104	0.78384222	2.9107618	1889.4507	12.146459	10.165386	-0.208364	0.0061397263
7473	1.5528954	0.69659544	2.2472911	3542.4821	56.259793	32.798328	0.0089701889	0.2056172
7474	1.6739295	0.95907586	1.5316885	1775.3923	15.174415	12.603687	0.24973572	0.099026342
7475	1.4144336	0.89870484	2.5938434	19416.906	193.21266	119.03896	0.078899397	0.090412293
7476	5.088851	-0.28182675	2.7406901	6342.7213	71.721229	67.739046	-0.11009867	-0.00075976469
7477	4.2398507	0.1106756	2.4863446	1556.8933	19.957464	9.6712563	0.043412435	0.040235371
7478	4.5581846	1.091489	0.33585195	686.2678	9.1468819	1.9220246	0.10934988	0.0013493114
7479	3.3764304	0.35941436	2.9032248	3321.2128	27.142424	23.881037	0.050061575	-0.0082467236
7480	4.2266395	-0.43721595	1.2063485	2096.4401	46.919722	45.040721	-0.092854799	0.21315793
7481	3.7373543	0.96256892	0.94106803	550.99831	6.7766599	2.264474	0.03128191	0.024938718
7482	1.9736808	1.0147638	0.17373711	2756.7894	12.764841	3.7593066	0.014206293	0.013043163
7483	2.4106437	1.0301004	0.76893111	5225.0077	67.496637	59.088503	-0.039175459	0.0091481518
7484	2.8192832	1.2579055	1.2977287	1373.176	12.592756	12.146499	-0.0032484862	0.0021709016
7485	5.4227771	-0.82533578	0.70426527	1412.2983	14.539011	12.171859	0.1372729	-0.046150251
7486	2.90494	-1.3080475	0.28851414	647.37293	10.817844	9.7385069	0.12232076	-0.14912219
7487	1.803403	0.72755717	0.98237826	619.12552	10.076682	1.7029418	0.020262267	0.070701299
7488	6.1690662	0.41432625	2.135479	1182.9545	12.157824	12.099488	-0.012437244	0.12055519
7489	2.5098499	0.94825825	2.8215942	1003.098	8.3430311	3.3639226	0.19073004	0.037093698
7490	3.5981492	-0.66491178	0.87183795	2770.931	28.259891	10.214411	0.024400467	-0.045013682
7491	0.76536378	-0.14341535	0.45323539	3782.3168	16.653374	14.562214	-0.041508996	0.024193384
7492	2.3466732	0.37362074	1.6636844	396.40234	26.151525	14.897214	0.0013108846	0.013629742
7493	6.1708519	-0.54532398	2.7384903	5654.7571	66.881856	53.564304	0.4283164	0.17152055
7494	5.6093901	-1.4764781	1.1212853	676.00848	10.400225	9.717185	0.018871221	0.21321856
7495	0.65349948	-0.23183491	2.1661613	1982.9705	13.353926	11.119527	0.032963268	-0.017548521
7496	0.038339031	0.83175006	0.87710042	498.61609	12.769507	11.540922	-0.075325874	0.30761824
7497	2.2472332	0.84447643	0.60619074	358.93441	1.7315189	1.5005983	0.12736927	0.081375438
7498	3.7222003	-0.021718808	2.254533	5538.4493	66.669026	54.90784	-0.0036556149	0.039305878
7499	2.3115142	0.66811672	0.64734708	321.96843	1.5572589	1.4791381	-0.005317027	-0.022766185
7500	4.0009228	-0.34861677	0.72745225	1965.1192	11.780283	9.1648784	-0.0047164244	0.21938839
7501	5.609847	-1.1121185	2.9561131	5013.1292	30.841013	15.74405	0.22366567	0.16823927
7502	3.4566064	-0.01356621	0.35614785	2258.7907	12.779072	11.383539	0.02683463	0.12616615
7503	4.8914732	0.20035298	0.329136	2294.7483	33.05141	26.867388	-0.0048203524	0.054049531
7504	0.58268392	-0.27304824	0.44173627	2421.1836	42.113203	32.095064	0.11410175	0.051414163
7505	2.7489768	0.72758721	2.404448	1802.9552	13.568237	12.785816	-0.063381053	0.25382621
7506	1.6691284	0.66563875	0.94358169	1364.9075	12.262526	10.708825	-0.021773519	0.034278536
7507	3.4059314	-1.0915391	1.2016478	167.7223	1.485545	1.4463832	-0.21393006	-0.021705042
7508	5.4827423	-0.79799648	2.89188	2192.3655	12.444679	10.351383	-0.47339104	0.050839666
7509	2.7609962	-0.81681298	2.3104875	1714.5527	11.895326	10.541544	0.028837503	-0.065868371
7510	1.9619461	-0.039561043	2.4616518	882.98165	20.846872	18.706058	-0.21919436	-0.17101021
7511	4.2396552	0.57041475	0.76007275	796.57729	2.7677719	1.5149006	0.13912455	0.15928531
7512	3.0798478	-0.04590889	2.1522762	257.53096	1.4505043	1.2522586	-0.010381372	-0.1772095
7513	2.9810013	0.21983372	0.21001845	2144.9871	13.638453	13.264341	0.50640615	-0.32689998
7514	3.3602038	0.46356363	0.39631686	16362.626	160.94142	95.253674	-0.053285162	-0.16641232
7515	5.5045583	-0.81026145	1.2180622	1596.4984	42.250055	26.044652	0.038221048	0.16144248
7516	5.7443397	0.80962207	2.2140445	2422.4917	44.624502	24.366929	0.32985742	-0.16768299
7517	6.2565401	-0.44206119	2.2152011	2225.0221	32.119145	28.289782	0.45658733	-0.047250965
7518	4.97644	-1.1944409	2.4241517	3559.4338	15.811511	14.316755	0.014129502	0.038921426
7519	3.6188814	0.13230411	2.8556013	634.8906	3.4884698	2.9458673	-0.002974932	0.29640153
7520	3.6590992	-0.45114109	2.7294124	716.62171	6.593664	2.1638426	0.03289889	-0.04908098
7521	2.2243901	0.61621994	1.7204952	7241.8148	188.05688	69.956079	0.29578606	-0.020314798
7522	3.4172753	-0.53766546	0.58939246	2467.6866	40.59675	14.222359	0.007906858	-0.030881833
7523	4.9531666	-0.66684251	1.0488458	1650.8758	9.9419293	9.3197039	0.025972459	0.010760578
7524	4.6925823	-0.10364445	1.8423937	735.68508	3.7935914	2.5751302	-0.02833456	0.010530802
7525	3.2524531	-0.1925897	1.8887143	1252.3086	12.252482	10.056124	0.3593595	0.015640483
7526	0.96827081	-1.1533706	0.5167609	4326.0569	31.519108	17.259564	0.027309961	0.11487654
7527	2.6650837	-0.64009735	1.1751385	6733.6608	73.588673	63.387425	0.036698222	0.24033396
7528	5.7201738	0.34432066	1.265192	2615.6072	54.11083	29.166083	0.076054933	0.29131491
7529	4.6592004	-1.3242278	0.40501608	10531.158	109.45908	102.11409	-0.091765807	0.018415891
7530	1.0442922	-0.16567555	2.7222661	1818.03	13.028413	3.925103	0.26744098	-0.00048396623
7531	4.0777518	-0.6641718	1.93676	8023.7454	69.764293	67.367618	0.0099543484	0.19228792
7532	4.0106608	0.78938192	2.7763618	1427.265	29.50265	3.6072897	-0.083467554	0.2086486
7533	3.1465474	-0.64736533	0.63140487	2902.6505	14.163591	12.592451	0.017965963	0.13036888
7534	2.9303969	-0.2882152	1.4218387	1884.4493	48.678872	35.99166	0.29730092	0.14531354
7535	4.1012929	1.0688357	0.39825922	12902.818	91.179129	86.3501	0.60742601	0.22596328
7536	4.3132428	0.16423604	0.58567711	5169.1079	43.690834	41.661778	0.031821066	-0.39865075
7537	1.7322726	-0.29168771	2.4243485	1558.828	11.859063	3.7632674	0.23756641	0.096653934
7538	0.49883955	0.92109943	0.46547664	1030.5207	39.772808	36.559432	0.089847459	0.051041985
7539	0.031088855	-0.13371572	2.4277526	8491.3198	65.828279	60.7307	-0.0059053012	0.045272246
7540	2.2902897	-0.20863632	0.34939578	268.22625	1.5295103	1.2747171	0.097227664	0.097792001
7541	0.89790359	0.61928386	2.6911604	799.24207	1.517645	1.3727951	0.0087647229	0.055853723
7542	0.69103993	0.40426896	1.9889024	6903.6625	148.08401	139.91545	0.089775146	0.07629148
7543	1.8607362	-0.16313051	0.92734934	4122.4857	36.001288	19.222941	0.32141396	0.0058581055
7544	2.7155949	0.85758712	0.56657069	8584.8643	73.598534	53.921531	0.056042574	0.28222126
7545	5.0804463	-0.44055429	0.79871521	4073.9523	15.42032	13.418438	0.16412954	0.0080797718
7546	1.3688427	-1.1680432	1.0069595	1760.0614	20.412557	10.735095	0.15724353	-0.15977684
7547	6.1223518	1.2505585	0.61489652	2655.0375	12.743938	6.8749141	0.0018950909	0.069235826
7548	2.0289702	0.24796403	1.2304504	6727.6966	72.220615	66.256594	-0.27895863	0.044979626
7549	1.380633	-1.2755556	0.24607332	3723.5451	64.016946	34.100859	0.52182107	0.026312612
7550	2.0398881	0.78676147	1.9789252	5739.5104	52.675151	36.835163	0.052809774	0.49777233
7551	5.2897056	-0.88779724	1.9826877	664.68585	1.7925671	1.6638865	0.056602677	0.21726139
7552	1.4591833	-0.055238936	2.5865216	2134.5592	48.874041	48.659532	0.59306548	0.10702566
7553	0.18594971	1.0075985	2.6993527	13013.926	99.994895	69.206997	-0.31338999	-0.29998788
7554	3.7221414	1.2686127	0.4727636	2038.7488	12.660142	10.422307	0.32171173	0.015669986
7555	6.1754871	-0.013835887	2.1504048	265.09062	1.5665136	1.5149422	0.090004741	-0.0013812853
7556	5.053408	0.68080427	3.0737931	644.63784	17.63422	1.5729905	0.085748365	0.01391024
7557	5.8174177	-0.96565703	0.53867297	3563.5421	57.547879	50.286414	0.045455479	0.17092418
7558	1.3425917	0.24393438	1.0077002	2439.0313	27.703126	15.951347	0.2951079	-0.049226246
7559	3.900447	-0.65572147	1.0915544	5967.556	75.063916	60.262313	0.13092844	0.080353729
7560	5.4661652	0.4490433	0.70649752	8715.0714	81.926054	65.897757	0.010449291	0.12086633
7561	3.0253069	-0.67846897	2.5530137	3334.7152	15.225294	10.313163	-0.0082722054	-0.19177922
7562	2.7303841	-0.64047986	2.5080163	1769.6934	13.155115	9.2733262	-0.26020238	0.21252759
7563	0.60956261	-1.4034361	2.0830946	867.2104	11.084396	8.5891515	-0.02441813	-0.077038485
7564	2.8444154	-0.98968586	2.8781087	954.5385	30.329288	10.084973	0.013159561	0.080532011
7565	1.9368316	0.46482788	2.8568757	7915.4321	114.84491	96.482795	0.015683336	-0.009542675
7566	0.30279064	0.08153525	2.8548064	5247.7918	91.359234	55.561099	0.38662975	-0.063759409
7567	4.7943433	-1.2812647	0.4922307	6768.9523	70.984215	39.665768	0.075988069	-0.048194825
7568	2.0526706	0.66339178	1.2891931	652.36811	4.0453271	3.5844156	-0.050616653	-0.015310475
7569	0.69763714	-0.22088446	0.42775033	1178.356	12.005144	11.505748	0.14881835	0.011190213
7570	5.312736	1.0208527	2.7786566	1674.7037	44.851255	1.673299	0.014146126	0.080444063
7571	4.6952697	-0.6246919	2.5430329	10470.382	103.0295	84.367055	0.033662441	-0.0014265575
7572	3.8181319	0.24808667	0.21655147	2224.2192	12.974736	11.376141	-0.36844422	0.14234037
7573	4.6632797	0.46172173	2.6407296	2513.4563	46.538273	41.769456	0.0019292392	0.059446641
7574	3.4789455	-0.72245487	2.0367617	900.62264	17.071976	2.2017294	0.18234109	0.074537231
7575	3.2720819	-0.59699367	1.0981338	408.98255	11.190788	8.895833	0.027968027	0.0084016325
7576	5.9501626	0.73847052	2.350906	2242.1254	13.661382	11.71992	0.057000016	0.016241528
7577	6.2809468	1.1628442	2.2767616	695.88893	10.430658	9.4247337	0.071796733	-0.09916666
7578	2.5836921	0.84112585	2.7532165	8457.341	46.132438	45.48847	0.033866325	-0.012548813
7579	5.3936683	0.86405284	2.8679286	1043.6653	12.011256	10.394068	-0.052096769	0.011677336
7580	4.5199594	-1.0707889	0.098358568	3539.9428	12.517205	7.1708734	0.022996525	0.019994863
7581	4.4357532	-0.60225459	2.7511378	23872.847	108.90171	107.05171	0.044336944	-0.10264291
7582	1.6815213	-1.1192751	0.62321498	1233.9475	12.660848	10.808385	0.071473797	0.057907738
7583	0.6720214	0.078484537	2.251448	8110.298	63.932012	52.233527	0.1258706	0.055619691
7584	0.40961155	0.69089819	2.7920318	408.29861	1.8040389	1.779481	0.22020879	-0.00038846076
7585	6.0009556	1.2097369	2.765145	5480.2916	71.067408	67.750538	0.46795837	0.10887752
7586	3.575479	-0.90411638	1.7946079	1504.4673	40.528907	30.606924	0.0230073	-0.012614265
7587	5.9926334	-0.013539229	2.8447481	1489.0661	36.166411	34.731344	0.11963796	-0.27785996
7588	4.0862406	-0.3657607	2.7264874	2139.2019	54.965325	34.957145	0.22249012	0.038603972
7589	1.8120471	-1.300612	0.74288015	3252.9676	30.198485	24.215417	0.010366908	-0.20618024
7590	3.7451369	0.39323381	2.0750787	2044.6262	16.203456	13.574594	0.0012161828	0.050798235
7591	6.1844283	-0.72093209	0.49080313	675.72781	2.1908843	1.414867	-0.066761408	0.11610521
7592	0.14214969	1.1482037	2.0356035	825.93396	10.558208	10.152571	-0.0015692613	0.056992902
7593	5.9874475	-0.14871165	2.724661	1306.4027	4.0197708	2.3161963	0.016276947	0.022130278
7594	3.8704106	0.07109971	2.3126835	3681.3309	52.85945	43.453342	0.023299135	0.081535682
7595	2.5313055	-0.88249482	1.9799924	2200.1183	40.512219	13.161864	-0.0035458228	-0.025593454
7596	1.2740655	-0.55159739	2.8916652	11424.23	100.39787	87.487432	0.31452871	0.035494736
