   1.0000000e+01	   3.2481724e-21
   1.0023060e+01	   3.2185352e-21
   1.0046173e+01	   3.1891686e-21
   1.0069340e+01	   3.1600699e-21
   1.0092560e+01	   3.1312368e-21
   1.0115833e+01	   3.1026668e-21
   1.0139161e+01	   3.0743575e-21
   1.0162542e+01	   3.0463066e-21
   1.0185976e+01	   3.0185116e-21
   1.0209465e+01	   2.9909703e-21
   1.0233008e+01	   2.9636804e-21
   1.0256606e+01	   2.9366394e-21
   1.0280258e+01	   2.9098453e-21
   1.0303964e+01	   2.8832956e-21
   1.0327725e+01	   2.8569882e-21
   1.0351541e+01	   2.8309209e-21
   1.0375412e+01	   2.8050914e-21
   1.0399337e+01	   2.7794977e-21
   1.0423318e+01	   2.7541374e-21
   1.0447355e+01	   2.7290086e-21
   1.0471446e+01	   2.7041092e-21
   1.0495594e+01	   2.6794369e-21
   1.0519796e+01	   2.6549898e-21
   1.0544055e+01	   2.6307658e-21
   1.0568370e+01	   2.6067630e-21
   1.0592741e+01	   2.5829791e-21
   1.0617168e+01	   2.5594124e-21
   1.0641651e+01	   2.5360608e-21
   1.0666191e+01	   2.5129222e-21
   1.0690787e+01	   2.4899949e-21
   1.0715440e+01	   2.4672768e-21
   1.0740150e+01	   2.4447661e-21
   1.0764917e+01	   2.4224608e-21
   1.0789741e+01	   2.4003591e-21
   1.0814622e+01	   2.3784591e-21
   1.0839560e+01	   2.3567589e-21
   1.0864557e+01	   2.3352568e-21
   1.0889610e+01	   2.3139508e-21
   1.0914722e+01	   2.2928394e-21
   1.0939891e+01	   2.2719205e-21
   1.0965119e+01	   2.2511926e-21
   1.0990404e+01	   2.2306538e-21
   1.1015748e+01	   2.2103024e-21
   1.1041151e+01	   2.1901367e-21
   1.1066612e+01	   2.1701550e-21
   1.1092131e+01	   2.1503557e-21
   1.1117710e+01	   2.1307371e-21
   1.1143347e+01	   2.1112975e-21
   1.1169044e+01	   2.0920353e-21
   1.1194800e+01	   2.0729490e-21
   1.1220615e+01	   2.0540368e-21
   1.1246490e+01	   2.0352973e-21
   1.1272425e+01	   2.0167289e-21
   1.1298419e+01	   1.9983300e-21
   1.1324473e+01	   1.9800991e-21
   1.1350587e+01	   1.9620348e-21
   1.1376762e+01	   1.9441354e-21
   1.1402997e+01	   1.9263995e-21
   1.1429292e+01	   1.9088257e-21
   1.1455648e+01	   1.8914124e-21
   1.1482065e+01	   1.8741582e-21
   1.1508543e+01	   1.8570616e-21
   1.1535082e+01	   1.8401211e-21
   1.1561682e+01	   1.8233352e-21
   1.1588343e+01	   1.8067026e-21
   1.1615066e+01	   1.7902219e-21
   1.1641850e+01	   1.7738915e-21
   1.1668696e+01	   1.7577103e-21
   1.1695605e+01	   1.7416767e-21
   1.1722575e+01	   1.7257895e-21
   1.1749607e+01	   1.7100473e-21
   1.1776702e+01	   1.6944488e-21
   1.1803859e+01	   1.6789926e-21
   1.1831079e+01	   1.6636776e-21
   1.1858361e+01	   1.6485024e-21
   1.1885707e+01	   1.6334656e-21
   1.1913115e+01	   1.6185661e-21
   1.1940587e+01	   1.6038025e-21
   1.1968122e+01	   1.5891737e-21
   1.1995721e+01	   1.5746783e-21
   1.2023383e+01	   1.5603152e-21
   1.2051109e+01	   1.5460831e-21
   1.2078899e+01	   1.5319809e-21
   1.2106753e+01	   1.5180074e-21
   1.2134671e+01	   1.5041613e-21
   1.2162654e+01	   1.4904417e-21
   1.2190701e+01	   1.4768473e-21
   1.2218813e+01	   1.4633769e-21
   1.2246989e+01	   1.4500296e-21
   1.2275231e+01	   1.4368041e-21
   1.2303538e+01	   1.4236994e-21
   1.2331910e+01	   1.4107143e-21
   1.2360347e+01	   1.3978479e-21
   1.2388850e+01	   1.3850989e-21
   1.2417419e+01	   1.3724663e-21
   1.2446054e+01	   1.3599492e-21
   1.2474755e+01	   1.3475463e-21
   1.2503521e+01	   1.3352567e-21
   1.2532355e+01	   1.3230794e-21
   1.2561254e+01	   1.3110131e-21
   1.2590221e+01	   1.2990571e-21
   1.2619254e+01	   1.2872101e-21
   1.2648354e+01	   1.2754713e-21
   1.2677521e+01	   1.2638396e-21
   1.2706756e+01	   1.2523141e-21
   1.2736058e+01	   1.2408937e-21
   1.2765427e+01	   1.2295775e-21
   1.2794864e+01	   1.2183645e-21
   1.2824369e+01	   1.2072538e-21
   1.2853942e+01	   1.1962445e-21
   1.2883584e+01	   1.1853356e-21
   1.2913293e+01	   1.1745261e-21
   1.2943071e+01	   1.1638152e-21
   1.2972918e+01	   1.1532020e-21
   1.3002834e+01	   1.1426855e-21
   1.3032818e+01	   1.1322649e-21
   1.3062872e+01	   1.1219393e-21
   1.3092995e+01	   1.1117078e-21
   1.3123188e+01	   1.1015694e-21
   1.3153450e+01	   1.0915234e-21
   1.3183782e+01	   1.0815689e-21
   1.3214184e+01	   1.0717050e-21
   1.3244656e+01	   1.0619310e-21
   1.3275198e+01	   1.0522459e-21
   1.3305811e+01	   1.0426491e-21
   1.3336494e+01	   1.0331397e-21
   1.3367248e+01	   1.0237170e-21
   1.3398073e+01	   1.0143802e-21
   1.3428969e+01	   1.0051285e-21
   1.3459937e+01	   9.9596123e-22
   1.3490975e+01	   9.8687758e-22
   1.3522086e+01	   9.7787680e-22
   1.3553268e+01	   9.6895814e-22
   1.3584522e+01	   9.6012085e-22
   1.3615848e+01	   9.5136420e-22
   1.3647246e+01	   9.4268746e-22
   1.3678716e+01	   9.3408989e-22
   1.3710260e+01	   9.2557078e-22
   1.3741876e+01	   9.1712940e-22
   1.3773565e+01	   9.0876504e-22
   1.3805326e+01	   9.0047701e-22
   1.3837162e+01	   8.9226460e-22
   1.3869070e+01	   8.8412713e-22
   1.3901052e+01	   8.7606390e-22
   1.3933108e+01	   8.6807425e-22
   1.3965238e+01	   8.6015751e-22
   1.3997442e+01	   8.5231301e-22
   1.4029720e+01	   8.4454010e-22
   1.4062073e+01	   8.3683811e-22
   1.4094500e+01	   8.2920641e-22
   1.4127002e+01	   8.2164434e-22
   1.4159579e+01	   8.1415128e-22
   1.4192231e+01	   8.0672660e-22
   1.4224959e+01	   7.9936966e-22
   1.4257762e+01	   7.9207986e-22
   1.4290640e+01	   7.8485659e-22
   1.4323594e+01	   7.7769924e-22
   1.4356625e+01	   7.7060721e-22
   1.4389731e+01	   7.6357992e-22
   1.4422914e+01	   7.5661678e-22
   1.4456173e+01	   7.4971719e-22
   1.4489510e+01	   7.4288056e-22
   1.4522922e+01	   7.3610631e-22
   1.4556412e+01	   7.2939384e-22
   1.4589980e+01	   7.2274259e-22
   1.4623624e+01	   7.1615198e-22
   1.4657346e+01	   7.0962145e-22
   1.4691146e+01	   7.0315043e-22
   1.4725024e+01	   6.9673838e-22
   1.4758980e+01	   6.9038473e-22
   1.4793015e+01	   6.8408895e-22
   1.4827127e+01	   6.7785051e-22
   1.4861319e+01	   6.7166887e-22
   1.4895589e+01	   6.6554355e-22
   1.4929939e+01	   6.5947405e-22
   1.4964367e+01	   6.5345986e-22
   1.4998875e+01	   6.4750051e-22
   1.5033463e+01	   6.4159550e-22
   1.5068130e+01	   6.3574434e-22
   1.5102877e+01	   6.2994656e-22
   1.5137704e+01	   6.2420168e-22
   1.5172612e+01	   6.1850920e-22
   1.5207600e+01	   6.1286868e-22
   1.5242669e+01	   6.0727963e-22
   1.5277819e+01	   6.0174159e-22
   1.5313050e+01	   5.9625412e-22
   1.5348362e+01	   5.9081675e-22
   1.5383755e+01	   5.8542904e-22
   1.5419230e+01	   5.8009055e-22
   1.5454787e+01	   5.7480082e-22
   1.5490426e+01	   5.6955941e-22
   1.5526147e+01	   5.6436589e-22
   1.5561950e+01	   5.5921981e-22
   1.5597836e+01	   5.5412074e-22
   1.5633805e+01	   5.4906826e-22
   1.5669857e+01	   5.4406196e-22
   1.5705991e+01	   5.3910143e-22
   1.5742210e+01	   5.3418629e-22
   1.5778511e+01	   5.2931614e-22
   1.5814897e+01	   5.2449058e-22
   1.5851366e+01	   5.1970920e-22
   1.5887919e+01	   5.1497158e-22
   1.5924557e+01	   5.1027730e-22
   1.5961279e+01	   5.0562593e-22
   1.5998086e+01	   5.0101705e-22
   1.6034978e+01	   4.9645026e-22
   1.6071954e+01	   4.9192515e-22
   1.6109016e+01	   4.8744134e-22
   1.6146164e+01	   4.8299844e-22
   1.6183397e+01	   4.7859605e-22
   1.6220716e+01	   4.7423380e-22
   1.6258121e+01	   4.6991133e-22
   1.6295613e+01	   4.6562831e-22
   1.6333190e+01	   4.6138441e-22
   1.6370855e+01	   4.5717929e-22
   1.6408606e+01	   4.5301264e-22
   1.6446445e+01	   4.4888410e-22
   1.6484370e+01	   4.4479332e-22
   1.6522383e+01	   4.4073993e-22
   1.6560484e+01	   4.3672358e-22
   1.6598673e+01	   4.3274391e-22
   1.6636949e+01	   4.2880057e-22
   1.6675314e+01	   4.2489324e-22
   1.6713768e+01	   4.2102159e-22
   1.6752310e+01	   4.1718531e-22
   1.6790941e+01	   4.1338408e-22
   1.6829661e+01	   4.0961759e-22
   1.6868470e+01	   4.0588551e-22
   1.6907369e+01	   4.0218752e-22
   1.6946357e+01	   3.9852329e-22
   1.6985436e+01	   3.9489250e-22
   1.7024604e+01	   3.9129483e-22
   1.7063863e+01	   3.8773001e-22
   1.7103213e+01	   3.8419778e-22
   1.7142653e+01	   3.8069789e-22
   1.7182184e+01	   3.7723011e-22
   1.7221806e+01	   3.7379418e-22
   1.7261520e+01	   3.7038985e-22
   1.7301325e+01	   3.6701685e-22
   1.7341222e+01	   3.6367492e-22
   1.7381211e+01	   3.6036382e-22
   1.7421292e+01	   3.5708329e-22
   1.7461466e+01	   3.5383306e-22
   1.7501732e+01	   3.5061278e-22
   1.7542091e+01	   3.4742211e-22
   1.7582543e+01	   3.4426071e-22
   1.7623089e+01	   3.4112822e-22
   1.7663728e+01	   3.3802433e-22
   1.7704460e+01	   3.3494877e-22
   1.7745287e+01	   3.3190130e-22
   1.7786208e+01	   3.2888165e-22
   1.7827223e+01	   3.2588958e-22
   1.7868333e+01	   3.2292482e-22
   1.7909537e+01	   3.1998709e-22
   1.7950837e+01	   3.1707611e-22
   1.7992231e+01	   3.1419162e-22
   1.8033722e+01	   3.1133332e-22
   1.8075308e+01	   3.0850096e-22
   1.8116989e+01	   3.0569428e-22
   1.8158767e+01	   3.0291301e-22
   1.8200642e+01	   3.0015690e-22
   1.8242612e+01	   2.9742570e-22
   1.8284680e+01	   2.9471915e-22
   1.8326845e+01	   2.9203703e-22
   1.8369106e+01	   2.8937911e-22
   1.8411466e+01	   2.8674515e-22
   1.8453923e+01	   2.8413496e-22
   1.8496478e+01	   2.8154832e-22
   1.8539131e+01	   2.7898508e-22
   1.8581882e+01	   2.7644504e-22
   1.8624732e+01	   2.7392803e-22
   1.8667681e+01	   2.7143386e-22
   1.8710728e+01	   2.6896235e-22
   1.8753876e+01	   2.6651331e-22
   1.8797122e+01	   2.6408656e-22
   1.8840468e+01	   2.6168192e-22
   1.8883915e+01	   2.5929923e-22
   1.8927461e+01	   2.5693832e-22
   1.8971108e+01	   2.5459904e-22
   1.9014856e+01	   2.5228122e-22
   1.9058704e+01	   2.4998466e-22
   1.9102653e+01	   2.4770916e-22
   1.9146704e+01	   2.4545449e-22
   1.9190857e+01	   2.4322045e-22
   1.9235111e+01	   2.4100684e-22
   1.9279467e+01	   2.3881358e-22
   1.9323926e+01	   2.3664058e-22
   1.9368487e+01	   2.3448776e-22
   1.9413151e+01	   2.3235500e-22
   1.9457918e+01	   2.3024213e-22
   1.9502788e+01	   2.2814884e-22
   1.9547762e+01	   2.2607485e-22
   1.9592839e+01	   2.2401987e-22
   1.9638020e+01	   2.2198363e-22
   1.9683305e+01	   2.1996594e-22
   1.9728695e+01	   2.1796667e-22
   1.9774190e+01	   2.1598566e-22
   1.9819789e+01	   2.1402276e-22
   1.9865494e+01	   2.1207783e-22
   1.9911304e+01	   2.1015070e-22
   1.9957219e+01	   2.0824119e-22
   2.0003241e+01	   2.0634914e-22
   2.0049369e+01	   2.0447438e-22
   2.0095603e+01	   2.0261677e-22
   2.0141943e+01	   2.0077614e-22
   2.0188391e+01	   1.9895234e-22
   2.0234945e+01	   1.9714521e-22
   2.0281607e+01	   1.9535462e-22
   2.0328377e+01	   1.9358040e-22
   2.0375254e+01	   1.9182241e-22
   2.0422240e+01	   1.9008049e-22
   2.0469333e+01	   1.8835451e-22
   2.0516536e+01	   1.8664431e-22
   2.0563847e+01	   1.8494976e-22
   2.0611268e+01	   1.8327071e-22
   2.0658797e+01	   1.8160701e-22
   2.0706437e+01	   1.7995853e-22
   2.0754186e+01	   1.7832514e-22
   2.0802045e+01	   1.7670668e-22
   2.0850015e+01	   1.7510304e-22
   2.0898095e+01	   1.7351406e-22
   2.0946286e+01	   1.7193962e-22
   2.0994589e+01	   1.7037959e-22
   2.1043002e+01	   1.6883383e-22
   2.1091528e+01	   1.6730222e-22
   2.1140165e+01	   1.6578462e-22
   2.1188914e+01	   1.6428092e-22
   2.1237776e+01	   1.6279097e-22
   2.1286750e+01	   1.6131467e-22
   2.1335838e+01	   1.5985187e-22
   2.1385039e+01	   1.5840247e-22
   2.1434353e+01	   1.5696633e-22
   2.1483780e+01	   1.5554335e-22
   2.1533322e+01	   1.5413339e-22
   2.1582978e+01	   1.5273634e-22
   2.1632749e+01	   1.5135208e-22
   2.1682634e+01	   1.4998049e-22
   2.1732634e+01	   1.4862147e-22
   2.1782750e+01	   1.4727489e-22
   2.1832981e+01	   1.4594065e-22
   2.1883328e+01	   1.4461862e-22
   2.1933791e+01	   1.4330871e-22
   2.1984371e+01	   1.4201079e-22
   2.2035067e+01	   1.4072477e-22
   2.2085880e+01	   1.3945052e-22
   2.2136810e+01	   1.3818795e-22
   2.2187858e+01	   1.3693695e-22
   2.2239023e+01	   1.3569741e-22
   2.2290306e+01	   1.3446923e-22
   2.2341708e+01	   1.3325231e-22
   2.2393228e+01	   1.3204653e-22
   2.2444867e+01	   1.3085181e-22
   2.2496625e+01	   1.2966805e-22
   2.2548503e+01	   1.2849513e-22
   2.2600500e+01	   1.2733297e-22
   2.2652617e+01	   1.2618146e-22
   2.2704854e+01	   1.2504051e-22
   2.2757211e+01	   1.2391002e-22
   2.2809689e+01	   1.2278990e-22
   2.2862289e+01	   1.2168006e-22
   2.2915009e+01	   1.2058039e-22
   2.2967852e+01	   1.1949081e-22
   2.3020816e+01	   1.1841122e-22
   2.3073902e+01	   1.1734152e-22
   2.3127110e+01	   1.1628164e-22
   2.3180442e+01	   1.1523148e-22
   2.3233896e+01	   1.1419095e-22
   2.3287474e+01	   1.1315996e-22
   2.3341175e+01	   1.1213843e-22
   2.3395000e+01	   1.1112628e-22
   2.3448949e+01	   1.1012342e-22
   2.3503022e+01	   1.0912976e-22
   2.3557220e+01	   1.0814522e-22
   2.3611543e+01	   1.0716972e-22
   2.3665992e+01	   1.0620318e-22
   2.3720566e+01	   1.0524552e-22
   2.3775265e+01	   1.0429665e-22
   2.3830091e+01	   1.0335650e-22
   2.3885044e+01	   1.0242499e-22
   2.3940123e+01	   1.0150204e-22
   2.3995329e+01	   1.0058757e-22
   2.4050662e+01	   9.9681524e-23
   2.4106123e+01	   9.8783811e-23
   2.4161712e+01	   9.7894364e-23
   2.4217429e+01	   9.7013108e-23
   2.4273275e+01	   9.6139968e-23
   2.4329249e+01	   9.5274867e-23
   2.4385353e+01	   9.4417725e-23
   2.4441586e+01	   9.3568466e-23
   2.4497948e+01	   9.2727017e-23
   2.4554441e+01	   9.1893309e-23
   2.4611063e+01	   9.1067273e-23
   2.4667817e+01	   9.0248840e-23
   2.4724701e+01	   8.9437941e-23
   2.4781716e+01	   8.8634509e-23
   2.4838863e+01	   8.7838474e-23
   2.4896142e+01	   8.7049769e-23
   2.4953552e+01	   8.6268328e-23
   2.5011095e+01	   8.5494085e-23
   2.5068771e+01	   8.4726974e-23
   2.5126580e+01	   8.3966934e-23
   2.5184522e+01	   8.3213902e-23
   2.5242598e+01	   8.2467818e-23
   2.5300807e+01	   8.1728618e-23
   2.5359151e+01	   8.0996241e-23
   2.5417630e+01	   8.0270623e-23
   2.5476243e+01	   7.9551704e-23
   2.5534991e+01	   7.8839421e-23
   2.5593875e+01	   7.8133716e-23
   2.5652895e+01	   7.7434527e-23
   2.5712050e+01	   7.6741796e-23
   2.5771343e+01	   7.6055464e-23
   2.5830772e+01	   7.5375471e-23
   2.5890338e+01	   7.4701762e-23
   2.5950041e+01	   7.4034278e-23
   2.6009882e+01	   7.3372963e-23
   2.6069861e+01	   7.2717761e-23
   2.6129978e+01	   7.2068615e-23
   2.6190234e+01	   7.1425472e-23
   2.6250629e+01	   7.0788275e-23
   2.6311163e+01	   7.0156972e-23
   2.6371837e+01	   6.9531508e-23
   2.6432650e+01	   6.8911829e-23
   2.6493604e+01	   6.8297884e-23
   2.6554699e+01	   6.7689620e-23
   2.6615934e+01	   6.7086985e-23
   2.6677311e+01	   6.6489928e-23
   2.6738829e+01	   6.5898398e-23
   2.6800489e+01	   6.5312344e-23
   2.6862291e+01	   6.4731717e-23
   2.6924236e+01	   6.4156467e-23
   2.6986323e+01	   6.3586545e-23
   2.7048554e+01	   6.3021902e-23
   2.7110928e+01	   6.2462491e-23
   2.7173446e+01	   6.1908263e-23
   2.7236108e+01	   6.1359172e-23
   2.7298915e+01	   6.0815170e-23
   2.7361866e+01	   6.0276212e-23
   2.7424963e+01	   5.9742251e-23
   2.7488205e+01	   5.9213242e-23
   2.7551593e+01	   5.8689141e-23
   2.7615127e+01	   5.8169905e-23
   2.7678808e+01	   5.7655489e-23
   2.7742636e+01	   5.7145852e-23
   2.7806610e+01	   5.6640951e-23
   2.7870732e+01	   5.6140743e-23
   2.7935003e+01	   5.5645188e-23
   2.7999421e+01	   5.5154242e-23
   2.8063988e+01	   5.4667866e-23
   2.8128704e+01	   5.4186019e-23
   2.8193569e+01	   5.3708661e-23
   2.8258583e+01	   5.3235751e-23
   2.8323748e+01	   5.2767251e-23
   2.8389062e+01	   5.2303120e-23
   2.8454528e+01	   5.1843320e-23
   2.8520144e+01	   5.1387812e-23
   2.8585912e+01	   5.0936558e-23
   2.8651831e+01	   5.0489521e-23
   2.8717903e+01	   5.0046662e-23
   2.8784126e+01	   4.9607945e-23
   2.8850503e+01	   4.9173332e-23
   2.8917032e+01	   4.8742787e-23
   2.8983715e+01	   4.8316274e-23
   2.9050552e+01	   4.7893756e-23
   2.9117543e+01	   4.7475198e-23
   2.9184688e+01	   4.7060564e-23
   2.9251988e+01	   4.6649820e-23
   2.9319443e+01	   4.6242931e-23
   2.9387054e+01	   4.5839862e-23
   2.9454821e+01	   4.5440580e-23
   2.9522744e+01	   4.5045049e-23
   2.9590824e+01	   4.4653237e-23
   2.9659060e+01	   4.4265111e-23
   2.9727454e+01	   4.3880638e-23
   2.9796006e+01	   4.3499784e-23
   2.9864716e+01	   4.3122518e-23
   2.9933584e+01	   4.2748808e-23
   3.0002611e+01	   4.2378622e-23
   3.0071797e+01	   4.2011928e-23
   3.0141143e+01	   4.1648694e-23
   3.0210649e+01	   4.1288889e-23
   3.0280315e+01	   4.0932482e-23
   3.0350142e+01	   4.0579440e-23
   3.0420129e+01	   4.0229736e-23
   3.0490278e+01	   3.9883338e-23
   3.0560589e+01	   3.9540217e-23
   3.0631062e+01	   3.9200344e-23
   3.0701697e+01	   3.8863689e-23
   3.0772496e+01	   3.8530224e-23
   3.0843457e+01	   3.8199921e-23
   3.0914583e+01	   3.7872750e-23
   3.0985872e+01	   3.7548684e-23
   3.1057326e+01	   3.7227695e-23
   3.1128944e+01	   3.6909755e-23
   3.1200728e+01	   3.6594838e-23
   3.1272677e+01	   3.6282918e-23
   3.1344792e+01	   3.5973964e-23
   3.1417073e+01	   3.5667951e-23
   3.1489521e+01	   3.5364853e-23
   3.1562136e+01	   3.5064652e-23
   3.1634919e+01	   3.4767332e-23
   3.1707869e+01	   3.4472867e-23
   3.1780988e+01	   3.4181221e-23
   3.1854275e+01	   3.3892361e-23
   3.1927731e+01	   3.3606258e-23
   3.2001357e+01	   3.3322891e-23
   3.2075152e+01	   3.3042238e-23
   3.2149118e+01	   3.2764273e-23
   3.2223254e+01	   3.2488972e-23
   3.2297561e+01	   3.2216310e-23
   3.2372039e+01	   3.1946263e-23
   3.2446689e+01	   3.1678808e-23
   3.2521512e+01	   3.1413922e-23
   3.2596506e+01	   3.1151581e-23
   3.2671674e+01	   3.0891762e-23
   3.2747015e+01	   3.0634442e-23
   3.2822530e+01	   3.0379599e-23
   3.2898219e+01	   3.0127211e-23
   3.2974083e+01	   2.9877257e-23
   3.3050121e+01	   2.9629716e-23
   3.3126335e+01	   2.9384567e-23
   3.3202725e+01	   2.9141791e-23
   3.3279290e+01	   2.8901366e-23
   3.3356033e+01	   2.8663271e-23
   3.3432952e+01	   2.8427486e-23
   3.3510049e+01	   2.8193990e-23
   3.3587323e+01	   2.7962765e-23
   3.3664776e+01	   2.7733789e-23
   3.3742407e+01	   2.7507042e-23
   3.3820217e+01	   2.7282506e-23
   3.3898207e+01	   2.7060161e-23
   3.3976376e+01	   2.6839987e-23
   3.4054726e+01	   2.6621966e-23
   3.4133257e+01	   2.6406079e-23
   3.4211968e+01	   2.6192306e-23
   3.4290861e+01	   2.5980629e-23
   3.4369936e+01	   2.5771030e-23
   3.4449194e+01	   2.5563490e-23
   3.4528634e+01	   2.5357992e-23
   3.4608257e+01	   2.5154517e-23
   3.4688064e+01	   2.4953047e-23
   3.4768055e+01	   2.4753565e-23
   3.4848230e+01	   2.4556053e-23
   3.4928590e+01	   2.4360494e-23
   3.5009136e+01	   2.4166870e-23
   3.5089867e+01	   2.3975165e-23
   3.5170785e+01	   2.3785361e-23
   3.5251889e+01	   2.3597441e-23
   3.5333180e+01	   2.3411389e-23
   3.5414659e+01	   2.3227189e-23
   3.5496325e+01	   2.3044823e-23
   3.5578180e+01	   2.2864276e-23
   3.5660224e+01	   2.2685532e-23
   3.5742456e+01	   2.2508573e-23
   3.5824879e+01	   2.2333385e-23
   3.5907491e+01	   2.2159952e-23
   3.5990294e+01	   2.1988258e-23
   3.6073288e+01	   2.1818289e-23
   3.6156473e+01	   2.1650028e-23
   3.6239850e+01	   2.1483459e-23
   3.6323420e+01	   2.1318567e-23
   3.6407182e+01	   2.1155336e-23
   3.6491137e+01	   2.0993753e-23
   3.6575286e+01	   2.0833803e-23
   3.6659629e+01	   2.0675471e-23
   3.6744166e+01	   2.0518742e-23
   3.6828898e+01	   2.0363603e-23
   3.6913826e+01	   2.0210038e-23
   3.6998950e+01	   2.0058036e-23
   3.7084270e+01	   1.9907585e-23
   3.7169786e+01	   1.9758669e-23
   3.7255500e+01	   1.9611273e-23
   3.7341412e+01	   1.9465382e-23
   3.7427521e+01	   1.9320983e-23
   3.7513829e+01	   1.9178063e-23
   3.7600336e+01	   1.9036609e-23
   3.7687043e+01	   1.8896608e-23
   3.7773950e+01	   1.8758046e-23
   3.7861057e+01	   1.8620910e-23
   3.7948365e+01	   1.8485188e-23
   3.8035874e+01	   1.8350867e-23
   3.8123585e+01	   1.8217934e-23
   3.8211498e+01	   1.8086377e-23
   3.8299614e+01	   1.7956183e-23
   3.8387933e+01	   1.7827340e-23
   3.8476456e+01	   1.7699836e-23
   3.8565183e+01	   1.7573659e-23
   3.8654115e+01	   1.7448796e-23
   3.8743251e+01	   1.7325235e-23
   3.8832594e+01	   1.7202965e-23
   3.8922142e+01	   1.7081975e-23
   3.9011897e+01	   1.6962251e-23
   3.9101858e+01	   1.6843784e-23
   3.9192028e+01	   1.6726560e-23
   3.9282405e+01	   1.6610570e-23
   3.9372990e+01	   1.6495801e-23
   3.9463785e+01	   1.6382243e-23
   3.9554788e+01	   1.6269884e-23
   3.9646002e+01	   1.6158713e-23
   3.9737426e+01	   1.6048720e-23
   3.9829061e+01	   1.5939893e-23
   3.9920907e+01	   1.5832222e-23
   4.0012965e+01	   1.5725696e-23
   4.0105235e+01	   1.5620305e-23
   4.0197718e+01	   1.5516037e-23
   4.0290414e+01	   1.5412883e-23
   4.0383324e+01	   1.5310832e-23
   4.0476449e+01	   1.5209874e-23
   4.0569788e+01	   1.5109998e-23
   4.0663342e+01	   1.5011195e-23
   4.0757112e+01	   1.4913454e-23
   4.0851098e+01	   1.4816766e-23
   4.0945301e+01	   1.4721120e-23
   4.1039721e+01	   1.4626507e-23
   4.1134359e+01	   1.4532917e-23
   4.1229215e+01	   1.4440340e-23
   4.1324290e+01	   1.4348767e-23
   4.1419584e+01	   1.4258188e-23
   4.1515098e+01	   1.4168593e-23
   4.1610832e+01	   1.4079974e-23
   4.1706787e+01	   1.3992321e-23
   4.1802963e+01	   1.3905626e-23
   4.1899361e+01	   1.3819879e-23
   4.1995982e+01	   1.3735070e-23
   4.2092825e+01	   1.3651191e-23
   4.2189891e+01	   1.3568232e-23
   4.2287181e+01	   1.3486184e-23
   4.2384696e+01	   1.3405038e-23
   4.2482435e+01	   1.3324786e-23
   4.2580400e+01	   1.3245419e-23
   4.2678591e+01	   1.3166928e-23
   4.2777008e+01	   1.3089305e-23
   4.2875652e+01	   1.3012540e-23
   4.2974524e+01	   1.2936626e-23
   4.3073623e+01	   1.2861555e-23
   4.3172951e+01	   1.2787316e-23
   4.3272508e+01	   1.2713904e-23
   4.3372295e+01	   1.2641308e-23
   4.3472312e+01	   1.2569522e-23
   4.3572559e+01	   1.2498537e-23
   4.3673038e+01	   1.2428345e-23
   4.3773748e+01	   1.2358938e-23
   4.3874691e+01	   1.2290308e-23
   4.3975866e+01	   1.2222447e-23
   4.4077275e+01	   1.2155347e-23
   4.4178918e+01	   1.2089001e-23
   4.4280795e+01	   1.2023402e-23
   4.4382906e+01	   1.1958540e-23
   4.4485254e+01	   1.1894409e-23
   4.4587837e+01	   1.1831002e-23
   4.4690657e+01	   1.1768310e-23
   4.4793714e+01	   1.1706326e-23
   4.4897009e+01	   1.1645044e-23
   4.5000541e+01	   1.1584455e-23
   4.5104313e+01	   1.1524552e-23
   4.5208324e+01	   1.1465329e-23
   4.5312575e+01	   1.1406777e-23
   4.5417066e+01	   1.1348891e-23
   4.5521798e+01	   1.1291663e-23
   4.5626772e+01	   1.1235085e-23
   4.5731987e+01	   1.1179151e-23
   4.5837446e+01	   1.1123855e-23
   4.5943147e+01	   1.1069189e-23
   4.6049092e+01	   1.1015146e-23
   4.6155282e+01	   1.0961720e-23
   4.6261716e+01	   1.0908904e-23
   4.6368396e+01	   1.0856692e-23
   4.6475322e+01	   1.0805076e-23
   4.6582494e+01	   1.0754051e-23
   4.6689914e+01	   1.0703610e-23
   4.6797581e+01	   1.0653746e-23
   4.6905497e+01	   1.0604453e-23
   4.7013661e+01	   1.0555725e-23
   4.7122075e+01	   1.0507556e-23
   4.7230739e+01	   1.0459939e-23
   4.7339654e+01	   1.0412868e-23
   4.7448819e+01	   1.0366337e-23
   4.7558236e+01	   1.0320340e-23
   4.7667906e+01	   1.0274871e-23
   4.7777829e+01	   1.0229924e-23
   4.7888005e+01	   1.0185492e-23
   4.7998435e+01	   1.0141571e-23
   4.8109120e+01	   1.0098154e-23
   4.8220060e+01	   1.0055236e-23
   4.8331255e+01	   1.0012811e-23
   4.8442708e+01	   9.9708725e-24
   4.8554417e+01	   9.9294157e-24
   4.8666384e+01	   9.8884347e-24
   4.8778609e+01	   9.8479242e-24
   4.8891093e+01	   9.8078786e-24
   4.9003836e+01	   9.7682924e-24
   4.9116839e+01	   9.7291603e-24
   4.9230103e+01	   9.6904769e-24
   4.9343628e+01	   9.6522369e-24
   4.9457415e+01	   9.6144351e-24
   4.9571464e+01	   9.5770662e-24
   4.9685776e+01	   9.5401252e-24
   4.9800352e+01	   9.5036068e-24
   4.9915192e+01	   9.4675061e-24
   5.0030297e+01	   9.4318180e-24
   5.0145667e+01	   9.3965375e-24
   5.0261303e+01	   9.3616598e-24
   5.0377206e+01	   9.3271799e-24
   5.0493376e+01	   9.2930929e-24
   5.0609814e+01	   9.2593942e-24
   5.0726521e+01	   9.2260790e-24
   5.0843497e+01	   9.1931425e-24
   5.0960742e+01	   9.1605802e-24
   5.1078258e+01	   9.1283873e-24
   5.1196045e+01	   9.0965594e-24
   5.1314103e+01	   9.0650919e-24
   5.1432434e+01	   9.0339804e-24
   5.1551038e+01	   9.0032203e-24
   5.1669915e+01	   8.9728074e-24
   5.1789066e+01	   8.9427372e-24
   5.1908492e+01	   8.9130055e-24
   5.2028193e+01	   8.8836080e-24
   5.2148171e+01	   8.8545405e-24
   5.2268425e+01	   8.8257989e-24
   5.2388956e+01	   8.7973789e-24
   5.2509766e+01	   8.7692766e-24
   5.2630854e+01	   8.7414878e-24
   5.2752221e+01	   8.7140085e-24
   5.2873868e+01	   8.6868349e-24
   5.2995795e+01	   8.6599629e-24
   5.3118004e+01	   8.6333887e-24
   5.3240495e+01	   8.6071085e-24
   5.3363268e+01	   8.5811185e-24
   5.3486324e+01	   8.5554148e-24
   5.3609663e+01	   8.5299939e-24
   5.3733288e+01	   8.5048520e-24
   5.3857197e+01	   8.4799855e-24
   5.3981392e+01	   8.4553907e-24
   5.4105874e+01	   8.4310642e-24
   5.4230642e+01	   8.4070024e-24
   5.4355699e+01	   8.3832019e-24
   5.4481043e+01	   8.3596592e-24
   5.4606677e+01	   8.3363708e-24
   5.4732600e+01	   8.3133336e-24
   5.4858814e+01	   8.2905440e-24
   5.4985319e+01	   8.2679989e-24
   5.5112116e+01	   8.2456950e-24
   5.5239205e+01	   8.2236291e-24
   5.5366587e+01	   8.2017980e-24
   5.5494262e+01	   8.1801986e-24
   5.5622233e+01	   8.1588277e-24
   5.5750498e+01	   8.1376824e-24
   5.5879059e+01	   8.1167596e-24
   5.6007916e+01	   8.0960562e-24
   5.6137071e+01	   8.0755694e-24
   5.6266524e+01	   8.0552962e-24
   5.6396275e+01	   8.0352338e-24
   5.6526325e+01	   8.0153792e-24
   5.6656675e+01	   7.9957298e-24
   5.6787326e+01	   7.9762826e-24
   5.6918278e+01	   7.9570350e-24
   5.7049532e+01	   7.9379842e-24
   5.7181088e+01	   7.9191275e-24
   5.7312948e+01	   7.9004624e-24
   5.7445113e+01	   7.8819862e-24
   5.7577581e+01	   7.8636963e-24
   5.7710356e+01	   7.8455901e-24
   5.7843436e+01	   7.8276652e-24
   5.7976824e+01	   7.8099191e-24
   5.8110519e+01	   7.7923493e-24
   5.8244522e+01	   7.7749534e-24
   5.8378834e+01	   7.7577290e-24
   5.8513456e+01	   7.7406737e-24
   5.8648389e+01	   7.7237852e-24
   5.8783632e+01	   7.7070612e-24
   5.8919188e+01	   7.6904995e-24
   5.9055056e+01	   7.6740978e-24
   5.9191237e+01	   7.6578538e-24
   5.9327733e+01	   7.6417655e-24
   5.9464543e+01	   7.6258306e-24
   5.9601669e+01	   7.6100470e-24
   5.9739111e+01	   7.5944127e-24
   5.9876870e+01	   7.5789255e-24
   6.0014946e+01	   7.5635834e-24
   6.0153341e+01	   7.5483845e-24
   6.0292055e+01	   7.5333266e-24
   6.0431089e+01	   7.5184079e-24
   6.0570443e+01	   7.5036264e-24
   6.0710119e+01	   7.4889801e-24
   6.0850117e+01	   7.4744674e-24
   6.0990438e+01	   7.4600861e-24
   6.1131083e+01	   7.4458346e-24
   6.1272051e+01	   7.4317111e-24
   6.1413345e+01	   7.4177136e-24
   6.1554965e+01	   7.4038406e-24
   6.1696911e+01	   7.3900902e-24
   6.1839185e+01	   7.3764607e-24
   6.1981786e+01	   7.3629505e-24
   6.2124717e+01	   7.3495579e-24
   6.2267977e+01	   7.3362812e-24
   6.2411567e+01	   7.3231189e-24
   6.2555489e+01	   7.3100693e-24
   6.2699742e+01	   7.2971309e-24
   6.2844328e+01	   7.2843021e-24
   6.2989248e+01	   7.2715813e-24
   6.3134501e+01	   7.2589672e-24
   6.3280090e+01	   7.2464581e-24
   6.3426014e+01	   7.2340527e-24
   6.3572275e+01	   7.2217495e-24
   6.3718874e+01	   7.2095470e-24
   6.3865810e+01	   7.1974440e-24
   6.4013085e+01	   7.1854389e-24
   6.4160699e+01	   7.1735304e-24
   6.4308655e+01	   7.1617172e-24
   6.4456951e+01	   7.1499979e-24
   6.4605589e+01	   7.1383713e-24
   6.4754570e+01	   7.1268361e-24
   6.4903894e+01	   7.1153909e-24
   6.5053563e+01	   7.1040346e-24
   6.5203577e+01	   7.0927659e-24
   6.5353937e+01	   7.0815837e-24
   6.5504644e+01	   7.0704866e-24
   6.5655698e+01	   7.0594736e-24
   6.5807101e+01	   7.0485434e-24
   6.5958852e+01	   7.0376950e-24
   6.6110954e+01	   7.0269271e-24
   6.6263406e+01	   7.0162388e-24
   6.6416210e+01	   7.0056289e-24
   6.6569367e+01	   6.9950963e-24
   6.6722876e+01	   6.9846399e-24
   6.6876740e+01	   6.9742588e-24
   6.7030958e+01	   6.9639518e-24
   6.7185532e+01	   6.9537180e-24
   6.7340462e+01	   6.9435564e-24
   6.7495750e+01	   6.9334660e-24
   6.7651395e+01	   6.9234458e-24
   6.7807400e+01	   6.9134948e-24
   6.7963764e+01	   6.9036122e-24
   6.8120489e+01	   6.8937969e-24
   6.8277576e+01	   6.8840482e-24
   6.8435024e+01	   6.8743650e-24
   6.8592836e+01	   6.8647465e-24
   6.8751012e+01	   6.8551918e-24
   6.8909552e+01	   6.8457001e-24
   6.9068458e+01	   6.8362705e-24
   6.9227730e+01	   6.8269021e-24
   6.9387370e+01	   6.8175943e-24
   6.9547378e+01	   6.8083460e-24
   6.9707755e+01	   6.7991566e-24
   6.9868501e+01	   6.7900253e-24
   7.0029619e+01	   6.7809513e-24
   7.0191107e+01	   6.7719338e-24
   7.0352969e+01	   6.7629721e-24
   7.0515203e+01	   6.7540655e-24
   7.0677812e+01	   6.7452131e-24
   7.0840795e+01	   6.7364144e-24
   7.1004155e+01	   6.7276686e-24
   7.1167891e+01	   6.7189750e-24
   7.1332004e+01	   6.7103329e-24
   7.1496497e+01	   6.7017416e-24
   7.1661368e+01	   6.6932006e-24
   7.1826620e+01	   6.6847090e-24
   7.1992252e+01	   6.6762664e-24
   7.2158267e+01	   6.6678720e-24
   7.2324665e+01	   6.6595253e-24
   7.2491446e+01	   6.6512256e-24
   7.2658612e+01	   6.6429723e-24
   7.2826163e+01	   6.6347648e-24
   7.2994101e+01	   6.6266026e-24
   7.3162426e+01	   6.6184851e-24
   7.3331139e+01	   6.6104116e-24
   7.3500241e+01	   6.6023817e-24
   7.3669733e+01	   6.5943948e-24
   7.3839616e+01	   6.5864503e-24
   7.4009891e+01	   6.5785478e-24
   7.4180558e+01	   6.5706866e-24
   7.4351619e+01	   6.5628663e-24
   7.4523074e+01	   6.5550864e-24
   7.4694925e+01	   6.5473464e-24
   7.4867172e+01	   6.5396457e-24
   7.5039817e+01	   6.5319839e-24
   7.5212859e+01	   6.5243605e-24
   7.5386300e+01	   6.5167751e-24
   7.5560142e+01	   6.5092272e-24
   7.5734384e+01	   6.5017162e-24
   7.5909028e+01	   6.4942419e-24
   7.6084075e+01	   6.4868037e-24
   7.6259525e+01	   6.4794011e-24
   7.6435380e+01	   6.4720339e-24
   7.6611641e+01	   6.4647015e-24
   7.6788308e+01	   6.4574035e-24
   7.6965382e+01	   6.4501396e-24
   7.7142865e+01	   6.4429093e-24
   7.7320757e+01	   6.4357122e-24
   7.7499060e+01	   6.4285480e-24
   7.7677773e+01	   6.4214162e-24
   7.7856898e+01	   6.4143165e-24
   7.8036437e+01	   6.4072485e-24
   7.8216390e+01	   6.4002118e-24
   7.8396757e+01	   6.3932062e-24
   7.8577541e+01	   6.3862311e-24
   7.8758741e+01	   6.3792864e-24
   7.8940359e+01	   6.3723716e-24
   7.9122397e+01	   6.3654863e-24
   7.9304853e+01	   6.3586304e-24
   7.9487731e+01	   6.3518034e-24
   7.9671030e+01	   6.3450050e-24
   7.9854752e+01	   6.3382349e-24
   8.0038898e+01	   6.3314928e-24
   8.0223468e+01	   6.3247784e-24
   8.0408464e+01	   6.3180913e-24
   8.0593887e+01	   6.3114314e-24
   8.0779737e+01	   6.3047982e-24
   8.0966016e+01	   6.2981915e-24
   8.1152724e+01	   6.2916111e-24
   8.1339863e+01	   6.2850566e-24
   8.1527433e+01	   6.2785277e-24
   8.1715436e+01	   6.2720242e-24
   8.1903872e+01	   6.2655459e-24
   8.2092743e+01	   6.2590924e-24
   8.2282050e+01	   6.2526635e-24
   8.2471793e+01	   6.2462590e-24
   8.2661973e+01	   6.2398786e-24
   8.2852592e+01	   6.2335220e-24
   8.3043651e+01	   6.2271891e-24
   8.3235150e+01	   6.2208795e-24
   8.3427091e+01	   6.2145930e-24
   8.3619475e+01	   6.2083295e-24
   8.3812302e+01	   6.2020886e-24
   8.4005574e+01	   6.1958702e-24
   8.4199291e+01	   6.1896741e-24
   8.4393456e+01	   6.1834999e-24
   8.4588067e+01	   6.1773476e-24
   8.4783128e+01	   6.1712168e-24
   8.4978639e+01	   6.1651074e-24
   8.5174600e+01	   6.1590193e-24
   8.5371013e+01	   6.1529521e-24
   8.5567880e+01	   6.1469056e-24
   8.5765200e+01	   6.1408798e-24
   8.5962975e+01	   6.1348744e-24
   8.6161206e+01	   6.1288892e-24
   8.6359895e+01	   6.1229240e-24
   8.6559041e+01	   6.1169787e-24
   8.6758647e+01	   6.1110530e-24
   8.6958713e+01	   6.1051468e-24
   8.7159241e+01	   6.0992599e-24
   8.7360231e+01	   6.0933922e-24
   8.7561684e+01	   6.0875435e-24
   8.7763602e+01	   6.0817135e-24
   8.7965985e+01	   6.0759022e-24
   8.8168836e+01	   6.0701094e-24
   8.8372154e+01	   6.0643349e-24
   8.8575940e+01	   6.0585786e-24
   8.8780197e+01	   6.0528403e-24
   8.8984925e+01	   6.0471199e-24
   8.9190125e+01	   6.0414172e-24
   8.9395798e+01	   6.0357320e-24
   8.9601945e+01	   6.0300643e-24
   8.9808568e+01	   6.0244139e-24
   9.0015667e+01	   6.0187806e-24
   9.0223244e+01	   6.0131643e-24
   9.0431300e+01	   6.0075649e-24
   9.0639835e+01	   6.0019823e-24
   9.0848851e+01	   5.9964162e-24
   9.1058349e+01	   5.9908666e-24
   9.1268331e+01	   5.9853334e-24
   9.1478796e+01	   5.9798164e-24
   9.1689747e+01	   5.9743156e-24
   9.1901184e+01	   5.9688307e-24
   9.2113109e+01	   5.9633616e-24
   9.2325522e+01	   5.9579084e-24
   9.2538426e+01	   5.9524707e-24
   9.2751820e+01	   5.9470486e-24
   9.2965707e+01	   5.9416419e-24
   9.3180086e+01	   5.9362504e-24
   9.3394960e+01	   5.9308742e-24
   9.3610330e+01	   5.9255130e-24
   9.3826196e+01	   5.9201669e-24
   9.4042560e+01	   5.9148356e-24
   9.4259423e+01	   5.9095190e-24
   9.4476786e+01	   5.9042172e-24
   9.4694650e+01	   5.8989299e-24
   9.4913016e+01	   5.8936570e-24
   9.5131886e+01	   5.8883986e-24
   9.5351261e+01	   5.8831545e-24
   9.5571142e+01	   5.8779245e-24
   9.5791530e+01	   5.8727086e-24
   9.6012426e+01	   5.8675068e-24
   9.6233831e+01	   5.8623188e-24
   9.6455747e+01	   5.8571447e-24
   9.6678175e+01	   5.8519844e-24
   9.6901115e+01	   5.8468377e-24
   9.7124570e+01	   5.8417046e-24
   9.7348540e+01	   5.8365850e-24
   9.7573027e+01	   5.8314788e-24
   9.7798031e+01	   5.8263860e-24
   9.8023554e+01	   5.8213064e-24
   9.8249597e+01	   5.8162400e-24
   9.8476161e+01	   5.8111867e-24
   9.8703248e+01	   5.8061464e-24
   9.8930858e+01	   5.8011191e-24
   9.9158994e+01	   5.7961047e-24
   9.9387655e+01	   5.7911031e-24
   9.9616844e+01	   5.7861143e-24
   9.9846561e+01	   5.7811381e-24
   1.0007681e+02	   5.7761745e-24
   1.0030759e+02	   5.7712235e-24
   1.0053890e+02	   5.7662850e-24
   1.0077074e+02	   5.7613588e-24
   1.0100312e+02	   5.7564450e-24
   1.0123603e+02	   5.7515435e-24
   1.0146948e+02	   5.7466543e-24
   1.0170347e+02	   5.7417772e-24
   1.0193800e+02	   5.7369122e-24
   1.0217307e+02	   5.7320592e-24
   1.0240868e+02	   5.7272182e-24
   1.0264484e+02	   5.7223892e-24
   1.0288154e+02	   5.7175720e-24
   1.0311878e+02	   5.7127666e-24
   1.0335658e+02	   5.7079730e-24
   1.0359492e+02	   5.7031911e-24
   1.0383381e+02	   5.6984209e-24
   1.0407325e+02	   5.6936623e-24
   1.0431324e+02	   5.6889152e-24
   1.0455379e+02	   5.6841796e-24
   1.0479489e+02	   5.6794555e-24
   1.0503655e+02	   5.6747427e-24
   1.0527876e+02	   5.6700414e-24
   1.0552154e+02	   5.6653513e-24
   1.0576487e+02	   5.6606725e-24
   1.0600877e+02	   5.6560049e-24
   1.0625322e+02	   5.6513485e-24
   1.0649824e+02	   5.6467032e-24
   1.0674383e+02	   5.6420690e-24
   1.0698998e+02	   5.6374458e-24
   1.0723670e+02	   5.6328336e-24
   1.0748399e+02	   5.6282324e-24
   1.0773185e+02	   5.6236420e-24
   1.0798028e+02	   5.6190626e-24
   1.0822928e+02	   5.6144940e-24
   1.0847886e+02	   5.6099361e-24
   1.0872901e+02	   5.6053891e-24
   1.0897974e+02	   5.6008527e-24
   1.0923105e+02	   5.5963270e-24
   1.0948294e+02	   5.5918120e-24
   1.0973541e+02	   5.5873075e-24
   1.0998846e+02	   5.5828137e-24
   1.1024209e+02	   5.5783303e-24
   1.1049631e+02	   5.5738575e-24
   1.1075112e+02	   5.5693951e-24
   1.1100651e+02	   5.5649432e-24
   1.1126249e+02	   5.5605016e-24
   1.1151906e+02	   5.5560705e-24
   1.1177623e+02	   5.5516496e-24
   1.1203398e+02	   5.5472391e-24
   1.1229234e+02	   5.5428388e-24
   1.1255128e+02	   5.5384488e-24
   1.1281083e+02	   5.5340690e-24
   1.1307097e+02	   5.5296993e-24
   1.1333171e+02	   5.5253398e-24
   1.1359306e+02	   5.5209905e-24
   1.1385500e+02	   5.5166512e-24
   1.1411755e+02	   5.5123220e-24
   1.1438071e+02	   5.5080028e-24
   1.1464447e+02	   5.5036937e-24
   1.1490884e+02	   5.4993945e-24
   1.1517382e+02	   5.4951053e-24
   1.1543942e+02	   5.4908261e-24
   1.1570562e+02	   5.4865567e-24
   1.1597244e+02	   5.4822973e-24
   1.1623987e+02	   5.4780477e-24
   1.1650792e+02	   5.4738079e-24
   1.1677659e+02	   5.4695779e-24
   1.1704588e+02	   5.4653578e-24
   1.1731579e+02	   5.4611474e-24
   1.1758632e+02	   5.4569467e-24
   1.1785747e+02	   5.4527558e-24
   1.1812925e+02	   5.4485746e-24
   1.1840166e+02	   5.4444031e-24
   1.1867469e+02	   5.4402412e-24
   1.1894836e+02	   5.4360890e-24
   1.1922265e+02	   5.4319464e-24
   1.1949758e+02	   5.4278133e-24
   1.1977314e+02	   5.4236899e-24
   1.2004934e+02	   5.4195760e-24
   1.2032618e+02	   5.4154717e-24
   1.2060365e+02	   5.4113769e-24
   1.2088176e+02	   5.4072916e-24
   1.2116052e+02	   5.4032158e-24
   1.2143991e+02	   5.3991495e-24
   1.2171996e+02	   5.3950926e-24
   1.2200064e+02	   5.3910451e-24
   1.2228198e+02	   5.3870071e-24
   1.2256396e+02	   5.3829785e-24
   1.2284659e+02	   5.3789592e-24
   1.2312988e+02	   5.3749494e-24
   1.2341382e+02	   5.3709489e-24
   1.2369841e+02	   5.3669577e-24
   1.2398366e+02	   5.3629759e-24
   1.2426957e+02	   5.3590033e-24
   1.2455613e+02	   5.3550401e-24
   1.2484336e+02	   5.3510862e-24
   1.2513125e+02	   5.3471415e-24
   1.2541981e+02	   5.3432061e-24
   1.2570902e+02	   5.3392799e-24
   1.2599891e+02	   5.3353629e-24
   1.2628946e+02	   5.3314552e-24
   1.2658069e+02	   5.3275567e-24
   1.2687259e+02	   5.3236673e-24
   1.2716515e+02	   5.3197872e-24
   1.2745840e+02	   5.3159162e-24
   1.2775232e+02	   5.3120543e-24
   1.2804692e+02	   5.3082017e-24
   1.2834219e+02	   5.3043581e-24
   1.2863815e+02	   5.3005237e-24
   1.2893479e+02	   5.2966984e-24
   1.2923212e+02	   5.2928821e-24
   1.2953013e+02	   5.2890750e-24
   1.2982882e+02	   5.2852770e-24
   1.3012821e+02	   5.2814880e-24
   1.3042829e+02	   5.2777081e-24
   1.3072906e+02	   5.2739373e-24
   1.3103052e+02	   5.2701755e-24
   1.3133268e+02	   5.2664227e-24
   1.3163553e+02	   5.2626789e-24
   1.3193908e+02	   5.2589442e-24
   1.3224333e+02	   5.2552185e-24
   1.3254829e+02	   5.2515018e-24
   1.3285395e+02	   5.2477941e-24
   1.3316031e+02	   5.2440954e-24
   1.3346738e+02	   5.2404056e-24
   1.3377515e+02	   5.2367248e-24
   1.3408364e+02	   5.2330530e-24
   1.3439284e+02	   5.2293902e-24
   1.3470275e+02	   5.2257362e-24
   1.3501337e+02	   5.2220913e-24
   1.3532472e+02	   5.2184553e-24
   1.3563678e+02	   5.2148282e-24
   1.3594956e+02	   5.2112100e-24
   1.3626306e+02	   5.2076008e-24
   1.3657728e+02	   5.2040004e-24
   1.3689223e+02	   5.2004090e-24
   1.3720790e+02	   5.1968265e-24
   1.3752431e+02	   5.1932529e-24
   1.3784144e+02	   5.1896882e-24
   1.3815930e+02	   5.1861323e-24
   1.3847790e+02	   5.1825854e-24
   1.3879723e+02	   5.1790473e-24
   1.3911730e+02	   5.1755181e-24
   1.3943810e+02	   5.1719978e-24
   1.3975965e+02	   5.1684863e-24
   1.4008193e+02	   5.1649837e-24
   1.4040496e+02	   5.1614900e-24
   1.4072874e+02	   5.1580051e-24
   1.4105326e+02	   5.1545291e-24
   1.4137853e+02	   5.1510619e-24
   1.4170455e+02	   5.1476036e-24
   1.4203132e+02	   5.1441541e-24
   1.4235885e+02	   5.1407135e-24
   1.4268713e+02	   5.1372816e-24
   1.4301617e+02	   5.1338587e-24
   1.4334596e+02	   5.1304445e-24
   1.4367652e+02	   5.1270392e-24
   1.4400784e+02	   5.1236428e-24
   1.4433992e+02	   5.1202551e-24
   1.4467277e+02	   5.1168763e-24
   1.4500639e+02	   5.1135063e-24
   1.4534077e+02	   5.1101451e-24
   1.4567593e+02	   5.1067928e-24
   1.4601186e+02	   5.1034493e-24
   1.4634856e+02	   5.1001146e-24
   1.4668604e+02	   5.0967887e-24
   1.4702430e+02	   5.0934716e-24
   1.4736334e+02	   5.0901633e-24
   1.4770316e+02	   5.0868639e-24
   1.4804377e+02	   5.0835733e-24
   1.4838516e+02	   5.0802915e-24
   1.4872734e+02	   5.0770185e-24
   1.4907030e+02	   5.0737543e-24
   1.4941406e+02	   5.0704990e-24
   1.4975861e+02	   5.0672524e-24
   1.5010395e+02	   5.0640147e-24
   1.5045009e+02	   5.0607858e-24
   1.5079703e+02	   5.0575657e-24
   1.5114477e+02	   5.0543544e-24
   1.5149331e+02	   5.0511520e-24
   1.5184266e+02	   5.0479584e-24
   1.5219281e+02	   5.0447736e-24
   1.5254377e+02	   5.0415976e-24
   1.5289553e+02	   5.0384304e-24
   1.5324811e+02	   5.0352721e-24
   1.5360150e+02	   5.0321226e-24
   1.5395571e+02	   5.0289819e-24
   1.5431073e+02	   5.0258501e-24
   1.5466657e+02	   5.0227271e-24
   1.5502324e+02	   5.0196129e-24
   1.5538072e+02	   5.0165076e-24
   1.5573903e+02	   5.0134111e-24
   1.5609817e+02	   5.0103235e-24
   1.5645813e+02	   5.0072447e-24
   1.5681892e+02	   5.0041747e-24
   1.5718055e+02	   5.0011136e-24
   1.5754301e+02	   4.9980614e-24
   1.5790630e+02	   4.9950180e-24
   1.5827044e+02	   4.9919835e-24
   1.5863541e+02	   4.9889578e-24
   1.5900122e+02	   4.9859410e-24
   1.5936788e+02	   4.9829331e-24
   1.5973539e+02	   4.9799340e-24
   1.6010374e+02	   4.9769439e-24
   1.6047294e+02	   4.9739626e-24
   1.6084299e+02	   4.9709902e-24
   1.6121389e+02	   4.9680267e-24
   1.6158565e+02	   4.9650721e-24
   1.6195827e+02	   4.9621263e-24
   1.6233175e+02	   4.9591895e-24
   1.6270609e+02	   4.9562616e-24
   1.6308129e+02	   4.9533426e-24
   1.6345736e+02	   4.9504326e-24
   1.6383429e+02	   4.9475314e-24
   1.6421209e+02	   4.9446392e-24
   1.6459077e+02	   4.9417559e-24
   1.6497031e+02	   4.9388815e-24
   1.6535074e+02	   4.9360161e-24
   1.6573204e+02	   4.9331597e-24
   1.6611422e+02	   4.9303122e-24
   1.6649728e+02	   4.9274736e-24
   1.6688122e+02	   4.9246440e-24
   1.6726605e+02	   4.9218234e-24
   1.6765177e+02	   4.9190118e-24
   1.6803837e+02	   4.9162091e-24
   1.6842587e+02	   4.9134154e-24
   1.6881426e+02	   4.9106308e-24
   1.6920355e+02	   4.9078551e-24
   1.6959373e+02	   4.9050884e-24
   1.6998482e+02	   4.9023308e-24
   1.7037681e+02	   4.8995821e-24
   1.7076970e+02	   4.8968425e-24
   1.7116349e+02	   4.8941120e-24
   1.7155820e+02	   4.8913904e-24
   1.7195381e+02	   4.8886780e-24
   1.7235034e+02	   4.8859745e-24
   1.7274778e+02	   4.8832802e-24
   1.7314614e+02	   4.8805949e-24
   1.7354541e+02	   4.8779187e-24
   1.7394561e+02	   4.8752515e-24
   1.7434673e+02	   4.8725935e-24
   1.7474877e+02	   4.8699446e-24
   1.7515175e+02	   4.8673048e-24
   1.7555565e+02	   4.8646740e-24
   1.7596048e+02	   4.8620525e-24
   1.7636625e+02	   4.8594400e-24
   1.7677295e+02	   4.8568367e-24
   1.7718059e+02	   4.8542425e-24
   1.7758917e+02	   4.8516575e-24
   1.7799869e+02	   4.8490817e-24
   1.7840916e+02	   4.8465151e-24
   1.7882057e+02	   4.8439576e-24
   1.7923293e+02	   4.8414093e-24
   1.7964624e+02	   4.8388702e-24
   1.8006051e+02	   4.8363403e-24
   1.8047573e+02	   4.8338197e-24
   1.8089191e+02	   4.8313083e-24
   1.8130905e+02	   4.8288061e-24
   1.8172715e+02	   4.8263132e-24
   1.8214621e+02	   4.8238295e-24
   1.8256624e+02	   4.8213551e-24
   1.8298724e+02	   4.8188899e-24
   1.8340921e+02	   4.8164341e-24
   1.8383215e+02	   4.8139875e-24
   1.8425607e+02	   4.8115503e-24
   1.8468097e+02	   4.8091224e-24
   1.8510684e+02	   4.8067038e-24
   1.8553370e+02	   4.8042945e-24
   1.8596154e+02	   4.8018946e-24
   1.8639037e+02	   4.7995041e-24
   1.8682019e+02	   4.7971229e-24
   1.8725100e+02	   4.7947511e-24
   1.8768280e+02	   4.7923887e-24
   1.8811560e+02	   4.7900357e-24
   1.8854939e+02	   4.7876921e-24
   1.8898419e+02	   4.7853579e-24
   1.8941999e+02	   4.7830332e-24
   1.8985679e+02	   4.7807179e-24
   1.9029460e+02	   4.7784121e-24
   1.9073343e+02	   4.7761157e-24
   1.9117326e+02	   4.7738288e-24
   1.9161411e+02	   4.7715515e-24
   1.9205597e+02	   4.7692836e-24
   1.9249885e+02	   4.7670252e-24
   1.9294276e+02	   4.7647764e-24
   1.9338768e+02	   4.7625371e-24
   1.9383364e+02	   4.7603074e-24
   1.9428062e+02	   4.7580872e-24
   1.9472863e+02	   4.7558766e-24
   1.9517768e+02	   4.7536756e-24
   1.9562776e+02	   4.7514842e-24
   1.9607888e+02	   4.7493024e-24
   1.9653104e+02	   4.7471303e-24
   1.9698424e+02	   4.7449678e-24
   1.9743849e+02	   4.7428149e-24
   1.9789378e+02	   4.7406717e-24
   1.9835012e+02	   4.7385382e-24
   1.9880752e+02	   4.7364144e-24
   1.9926597e+02	   4.7343003e-24
   1.9972548e+02	   4.7321959e-24
   2.0018605e+02	   4.7301013e-24
   2.0064768e+02	   4.7280164e-24
   2.0111038e+02	   4.7259413e-24
   2.0157414e+02	   4.7238759e-24
   2.0203897e+02	   4.7218204e-24
   2.0250487e+02	   4.7197746e-24
   2.0297185e+02	   4.7177387e-24
   2.0343991e+02	   4.7157126e-24
   2.0390904e+02	   4.7136963e-24
   2.0437926e+02	   4.7116899e-24
   2.0485056e+02	   4.7096934e-24
   2.0532294e+02	   4.7077068e-24
   2.0579642e+02	   4.7057301e-24
   2.0627099e+02	   4.7037633e-24
   2.0674665e+02	   4.7018064e-24
   2.0722341e+02	   4.6998595e-24
   2.0770127e+02	   4.6979226e-24
   2.0818023e+02	   4.6959956e-24
   2.0866029e+02	   4.6940786e-24
   2.0914147e+02	   4.6921717e-24
   2.0962375e+02	   4.6902748e-24
   2.1010714e+02	   4.6883879e-24
   2.1059165e+02	   4.6865111e-24
   2.1107728e+02	   4.6846444e-24
   2.1156402e+02	   4.6827877e-24
   2.1205189e+02	   4.6809412e-24
   2.1254088e+02	   4.6791048e-24
   2.1303100e+02	   4.6772785e-24
   2.1352226e+02	   4.6754624e-24
   2.1401464e+02	   4.6736564e-24
   2.1450816e+02	   4.6718607e-24
   2.1500282e+02	   4.6700752e-24
   2.1549861e+02	   4.6682998e-24
   2.1599556e+02	   4.6665348e-24
   2.1649364e+02	   4.6647799e-24
   2.1699288e+02	   4.6630354e-24
   2.1749327e+02	   4.6613011e-24
   2.1799481e+02	   4.6595772e-24
   2.1849750e+02	   4.6578636e-24
   2.1900136e+02	   4.6561603e-24
   2.1950638e+02	   4.6544674e-24
   2.2001256e+02	   4.6527849e-24
   2.2051991e+02	   4.6511127e-24
   2.2102844e+02	   4.6494510e-24
   2.2153813e+02	   4.6477997e-24
   2.2204900e+02	   4.6461589e-24
   2.2256104e+02	   4.6445286e-24
   2.2307427e+02	   4.6429087e-24
   2.2358868e+02	   4.6412993e-24
   2.2410428e+02	   4.6397005e-24
   2.2462107e+02	   4.6381122e-24
   2.2513904e+02	   4.6365344e-24
   2.2565822e+02	   4.6349673e-24
   2.2617859e+02	   4.6334107e-24
   2.2670016e+02	   4.6318648e-24
   2.2722293e+02	   4.6303295e-24
   2.2774691e+02	   4.6288049e-24
   2.2827209e+02	   4.6272909e-24
   2.2879849e+02	   4.6257877e-24
   2.2932610e+02	   4.6242951e-24
   2.2985493e+02	   4.6228133e-24
   2.3038497e+02	   4.6213422e-24
   2.3091624e+02	   4.6198820e-24
   2.3144874e+02	   4.6184325e-24
   2.3198246e+02	   4.6169938e-24
   2.3251741e+02	   4.6155660e-24
   2.3305360e+02	   4.6141490e-24
   2.3359102e+02	   4.6127429e-24
   2.3412969e+02	   4.6113477e-24
   2.3466959e+02	   4.6099634e-24
   2.3521074e+02	   4.6085900e-24
   2.3575314e+02	   4.6072276e-24
   2.3629679e+02	   4.6058762e-24
   2.3684169e+02	   4.6045358e-24
   2.3738785e+02	   4.6032064e-24
   2.3793527e+02	   4.6018880e-24
   2.3848395e+02	   4.6005808e-24
   2.3903389e+02	   4.5992846e-24
   2.3958511e+02	   4.5979995e-24
   2.4013759e+02	   4.5967255e-24
   2.4069135e+02	   4.5954627e-24
   2.4124639e+02	   4.5942110e-24
   2.4180270e+02	   4.5929706e-24
   2.4236030e+02	   4.5917413e-24
   2.4291919e+02	   4.5905233e-24
   2.4347936e+02	   4.5893166e-24
   2.4404083e+02	   4.5881211e-24
   2.4460359e+02	   4.5869370e-24
   2.4516764e+02	   4.5857642e-24
   2.4573300e+02	   4.5846027e-24
   2.4629967e+02	   4.5834526e-24
   2.4686763e+02	   4.5823139e-24
   2.4743691e+02	   4.5811866e-24
   2.4800750e+02	   4.5800707e-24
   2.4857941e+02	   4.5789663e-24
   2.4915264e+02	   4.5778734e-24
   2.4972719e+02	   4.5767920e-24
   2.5030306e+02	   4.5757222e-24
   2.5088026e+02	   4.5746639e-24
   2.5145879e+02	   4.5736172e-24
   2.5203866e+02	   4.5725821e-24
   2.5261986e+02	   4.5715586e-24
   2.5320240e+02	   4.5705468e-24
   2.5378629e+02	   4.5695466e-24
   2.5437152e+02	   4.5685582e-24
   2.5495811e+02	   4.5675814e-24
   2.5554604e+02	   4.5666165e-24
   2.5613533e+02	   4.5656633e-24
   2.5672598e+02	   4.5647219e-24
   2.5731799e+02	   4.5637923e-24
   2.5791137e+02	   4.5628746e-24
   2.5850612e+02	   4.5619687e-24
   2.5910223e+02	   4.5610747e-24
   2.5969973e+02	   4.5601927e-24
   2.6029859e+02	   4.5593226e-24
   2.6089885e+02	   4.5584645e-24
   2.6150048e+02	   4.5576184e-24
   2.6210350e+02	   4.5567843e-24
   2.6270792e+02	   4.5559623e-24
   2.6331372e+02	   4.5551523e-24
   2.6392092e+02	   4.5543544e-24
   2.6452953e+02	   4.5535687e-24
   2.6513954e+02	   4.5527951e-24
   2.6575095e+02	   4.5520337e-24
   2.6636377e+02	   4.5512845e-24
   2.6697801e+02	   4.5505476e-24
   2.6759366e+02	   4.5498228e-24
   2.6821074e+02	   4.5491104e-24
   2.6882923e+02	   4.5484103e-24
   2.6944915e+02	   4.5477225e-24
   2.7007051e+02	   4.5470471e-24
   2.7069329e+02	   4.5463841e-24
   2.7131751e+02	   4.5457335e-24
   2.7194317e+02	   4.5450954e-24
   2.7257028e+02	   4.5444697e-24
   2.7319882e+02	   4.5438565e-24
   2.7382882e+02	   4.5432559e-24
   2.7446027e+02	   4.5426678e-24
   2.7509318e+02	   4.5420923e-24
   2.7572755e+02	   4.5415294e-24
   2.7636338e+02	   4.5409791e-24
   2.7700067e+02	   4.5404416e-24
   2.7763944e+02	   4.5399167e-24
   2.7827968e+02	   4.5394045e-24
   2.7892139e+02	   4.5389051e-24
   2.7956459e+02	   4.5384184e-24
   2.8020927e+02	   4.5379446e-24
   2.8085543e+02	   4.5374836e-24
   2.8150309e+02	   4.5370355e-24
   2.8215223e+02	   4.5366003e-24
   2.8280288e+02	   4.5361779e-24
   2.8345503e+02	   4.5357686e-24
   2.8410868e+02	   4.5353722e-24
   2.8476383e+02	   4.5349888e-24
   2.8542050e+02	   4.5346185e-24
   2.8607868e+02	   4.5342613e-24
   2.8673838e+02	   4.5339171e-24
   2.8739960e+02	   4.5335861e-24
   2.8806235e+02	   4.5332682e-24
   2.8872662e+02	   4.5329635e-24
   2.8939243e+02	   4.5326720e-24
   2.9005977e+02	   4.5323938e-24
   2.9072865e+02	   4.5321289e-24
   2.9139907e+02	   4.5318772e-24
   2.9207104e+02	   4.5316389e-24
   2.9274456e+02	   4.5314140e-24
   2.9341963e+02	   4.5312025e-24
   2.9409626e+02	   4.5310044e-24
   2.9477444e+02	   4.5308197e-24
   2.9545420e+02	   4.5306486e-24
   2.9613552e+02	   4.5304910e-24
   2.9681841e+02	   4.5303469e-24
   2.9750287e+02	   4.5302164e-24
   2.9818892e+02	   4.5300995e-24
   2.9887654e+02	   4.5299963e-24
   2.9956575e+02	   4.5299067e-24
   3.0025656e+02	   4.5298309e-24
   3.0094895e+02	   4.5297688e-24
   3.0164294e+02	   4.5297205e-24
   3.0233853e+02	   4.5296859e-24
   3.0303573e+02	   4.5296653e-24
   3.0373453e+02	   4.5296584e-24
   3.0443494e+02	   4.5296655e-24
   3.0513697e+02	   4.5296865e-24
   3.0584062e+02	   4.5297215e-24
   3.0654589e+02	   4.5297705e-24
   3.0725279e+02	   4.5298335e-24
   3.0796131e+02	   4.5299105e-24
   3.0867148e+02	   4.5300017e-24
   3.0938327e+02	   4.5301070e-24
   3.1009672e+02	   4.5302264e-24
   3.1081180e+02	   4.5303601e-24
   3.1152853e+02	   4.5305079e-24
   3.1224692e+02	   4.5306701e-24
   3.1296697e+02	   4.5308465e-24
   3.1368867e+02	   4.5310372e-24
   3.1441204e+02	   4.5312423e-24
   3.1513708e+02	   4.5314618e-24
   3.1586378e+02	   4.5316957e-24
   3.1659217e+02	   4.5319441e-24
   3.1732223e+02	   4.5322070e-24
   3.1805398e+02	   4.5324844e-24
   3.1878741e+02	   4.5327764e-24
   3.1952254e+02	   4.5330829e-24
   3.2025936e+02	   4.5334041e-24
   3.2099788e+02	   4.5337400e-24
   3.2173811e+02	   4.5340906e-24
   3.2248004e+02	   4.5344558e-24
   3.2322368e+02	   4.5348359e-24
   3.2396903e+02	   4.5352308e-24
   3.2471611e+02	   4.5356405e-24
   3.2546491e+02	   4.5360650e-24
   3.2621543e+02	   4.5365045e-24
   3.2696769e+02	   4.5369589e-24
   3.2772168e+02	   4.5374283e-24
   3.2847741e+02	   4.5379128e-24
   3.2923488e+02	   4.5384122e-24
   3.2999410e+02	   4.5389268e-24
   3.3075506e+02	   4.5394564e-24
   3.3151779e+02	   4.5400013e-24
   3.3228227e+02	   4.5405613e-24
   3.3304852e+02	   4.5411365e-24
   3.3381653e+02	   4.5417270e-24
   3.3458631e+02	   4.5423328e-24
   3.3535787e+02	   4.5429539e-24
   3.3613121e+02	   4.5435904e-24
   3.3690633e+02	   4.5442424e-24
   3.3768324e+02	   4.5449097e-24
   3.3846194e+02	   4.5455926e-24
   3.3924243e+02	   4.5462909e-24
   3.4002473e+02	   4.5470048e-24
   3.4080883e+02	   4.5477343e-24
   3.4159474e+02	   4.5484794e-24
   3.4238246e+02	   4.5492402e-24
   3.4317199e+02	   4.5500167e-24
   3.4396335e+02	   4.5508090e-24
   3.4475653e+02	   4.5516170e-24
   3.4555154e+02	   4.5524408e-24
   3.4634839e+02	   4.5532805e-24
   3.4714707e+02	   4.5541360e-24
   3.4794759e+02	   4.5550075e-24
   3.4874996e+02	   4.5558950e-24
   3.4955418e+02	   4.5567984e-24
   3.5036026e+02	   4.5577179e-24
   3.5116819e+02	   4.5586535e-24
   3.5197799e+02	   4.5596052e-24
   3.5278965e+02	   4.5605730e-24
   3.5360319e+02	   4.5615570e-24
   3.5441860e+02	   4.5625573e-24
   3.5523589e+02	   4.5635739e-24
   3.5605507e+02	   4.5646067e-24
   3.5687613e+02	   4.5656559e-24
   3.5769909e+02	   4.5667215e-24
   3.5852395e+02	   4.5678035e-24
   3.5935071e+02	   4.5689020e-24
   3.6017937e+02	   4.5700170e-24
   3.6100995e+02	   4.5711485e-24
   3.6184244e+02	   4.5722966e-24
   3.6267685e+02	   4.5734613e-24
   3.6351319e+02	   4.5746427e-24
   3.6435145e+02	   4.5758408e-24
   3.6519165e+02	   4.5770557e-24
   3.6603379e+02	   4.5782873e-24
   3.6687786e+02	   4.5795358e-24
   3.6772389e+02	   4.5808011e-24
   3.6857186e+02	   4.5820833e-24
   3.6942179e+02	   4.5833825e-24
   3.7027368e+02	   4.5846987e-24
   3.7112753e+02	   4.5860319e-24
   3.7198336e+02	   4.5873821e-24
   3.7284115e+02	   4.5887495e-24
   3.7370093e+02	   4.5901341e-24
   3.7456268e+02	   4.5915358e-24
   3.7542643e+02	   4.5929548e-24
   3.7629216e+02	   4.5943910e-24
   3.7715990e+02	   4.5958446e-24
   3.7802963e+02	   4.5973156e-24
   3.7890137e+02	   4.5988040e-24
   3.7977512e+02	   4.6003098e-24
   3.8065088e+02	   4.6018331e-24
   3.8152867e+02	   4.6033740e-24
   3.8240848e+02	   4.6049325e-24
   3.8329031e+02	   4.6065086e-24
   3.8417418e+02	   4.6081023e-24
   3.8506009e+02	   4.6097139e-24
   3.8594804e+02	   4.6113432e-24
   3.8683804e+02	   4.6129903e-24
   3.8773009e+02	   4.6146553e-24
   3.8862420e+02	   4.6163382e-24
   3.8952037e+02	   4.6180391e-24
   3.9041861e+02	   4.6197580e-24
   3.9131892e+02	   4.6214950e-24
   3.9222130e+02	   4.6232501e-24
   3.9312577e+02	   4.6250234e-24
   3.9403232e+02	   4.6268150e-24
   3.9494096e+02	   4.6286248e-24
   3.9585170e+02	   4.6304530e-24
   3.9676453e+02	   4.6322997e-24
   3.9767948e+02	   4.6341648e-24
   3.9859653e+02	   4.6360485e-24
   3.9951569e+02	   4.6379508e-24
   4.0043698e+02	   4.6398718e-24
   4.0136039e+02	   4.6418116e-24
   4.0228593e+02	   4.6437702e-24
   4.0321361e+02	   4.6457478e-24
   4.0414342e+02	   4.6477444e-24
   4.0507538e+02	   4.6497602e-24
   4.0600948e+02	   4.6517953e-24
   4.0694575e+02	   4.6538498e-24
   4.0788417e+02	   4.6559238e-24
   4.0882475e+02	   4.6580174e-24
   4.0976750e+02	   4.6601310e-24
   4.1071243e+02	   4.6622645e-24
   4.1165954e+02	   4.6644184e-24
   4.1260883e+02	   4.6665928e-24
   4.1356030e+02	   4.6687881e-24
   4.1451398e+02	   4.6710046e-24
   4.1546985e+02	   4.6732427e-24
   4.1642793e+02	   4.6755030e-24
   4.1738821e+02	   4.6777861e-24
   4.1835071e+02	   4.6800928e-24
   4.1931543e+02	   4.6824241e-24
   4.2028238e+02	   4.6847811e-24
   4.2125155e+02	   4.6871657e-24
   4.2222296e+02	   4.6895798e-24
   4.2319661e+02	   4.6920263e-24
   4.2417251e+02	   4.6945090e-24
   4.2515065e+02	   4.6970334e-24
   4.2613105e+02	   4.6996071e-24
   4.2711371e+02	   4.7022414e-24
   4.2809864e+02	   4.7049535e-24
   4.2908584e+02	   4.7077708e-24
   4.3007531e+02	   4.7107386e-24
   4.3106707e+02	   4.7139373e-24
   4.3206111e+02	   4.7175201e-24
   4.3305745e+02	   4.7218100e-24
   4.3405608e+02	   4.7275897e-24
   4.3505702e+02	   4.7371893e-24
   4.3606027e+02	   4.7604107e-24
   4.3706582e+02	   4.8848513e-24
   4.3807370e+02	   1.2244518e-23
   4.3908390e+02	   4.8367424e-24
   4.4009643e+02	   4.7631939e-24
   4.4111130e+02	   4.7502999e-24
   4.4212851e+02	   4.7473994e-24
   4.4314806e+02	   4.7475152e-24
   4.4416996e+02	   4.7488527e-24
   4.4519422e+02	   4.7507836e-24
   4.4622084e+02	   4.7530422e-24
   4.4724983e+02	   4.7555004e-24
   4.4828119e+02	   4.7580905e-24
   4.4931493e+02	   4.7607739e-24
   4.5035105e+02	   4.7635275e-24
   4.5138957e+02	   4.7663366e-24
   4.5243047e+02	   4.7691915e-24
   4.5347378e+02	   4.7720859e-24
   4.5451950e+02	   4.7750151e-24
   4.5556762e+02	   4.7779760e-24
   4.5661816e+02	   4.7809663e-24
   4.5767113e+02	   4.7839841e-24
   4.5872652e+02	   4.7870283e-24
   4.5978435e+02	   4.7900979e-24
   4.6084462e+02	   4.7931921e-24
   4.6190733e+02	   4.7963103e-24
   4.6297249e+02	   4.7994521e-24
   4.6404011e+02	   4.8026172e-24
   4.6511019e+02	   4.8058052e-24
   4.6618273e+02	   4.8090159e-24
   4.6725776e+02	   4.8122493e-24
   4.6833526e+02	   4.8155051e-24
   4.6941524e+02	   4.8187832e-24
   4.7049772e+02	   4.8220836e-24
   4.7158269e+02	   4.8254062e-24
   4.7267016e+02	   4.8287509e-24
   4.7376014e+02	   4.8321178e-24
   4.7485264e+02	   4.8355068e-24
   4.7594765e+02	   4.8389178e-24
   4.7704519e+02	   4.8423510e-24
   4.7814526e+02	   4.8458063e-24
   4.7924786e+02	   4.8492837e-24
   4.8035301e+02	   4.8527832e-24
   4.8146071e+02	   4.8563049e-24
   4.8257096e+02	   4.8598487e-24
   4.8368378e+02	   4.8634147e-24
   4.8479915e+02	   4.8670030e-24
   4.8591711e+02	   4.8706135e-24
   4.8703763e+02	   4.8742462e-24
   4.8816075e+02	   4.8779013e-24
   4.8928645e+02	   4.8815787e-24
   4.9041475e+02	   4.8852785e-24
   4.9154565e+02	   4.8890007e-24
   4.9267916e+02	   4.8927454e-24
   4.9381528e+02	   4.8965126e-24
   4.9495402e+02	   4.9003023e-24
   4.9609539e+02	   4.9041146e-24
   4.9723939e+02	   4.9079495e-24
   4.9838602e+02	   4.9118071e-24
   4.9953531e+02	   4.9156873e-24
   5.0068724e+02	   4.9195904e-24
   5.0184183e+02	   4.9235162e-24
   5.0299908e+02	   4.9274648e-24
   5.0415900e+02	   4.9314363e-24
   5.0532159e+02	   4.9354307e-24
   5.0648687e+02	   4.9394481e-24
   5.0765483e+02	   4.9434885e-24
   5.0882549e+02	   4.9475520e-24
   5.0999884e+02	   4.9516385e-24
   5.1117490e+02	   4.9557482e-24
   5.1235368e+02	   4.9598811e-24
   5.1353517e+02	   4.9640372e-24
   5.1471938e+02	   4.9682166e-24
   5.1590633e+02	   4.9724194e-24
   5.1709601e+02	   4.9766455e-24
   5.1828844e+02	   4.9808950e-24
   5.1948362e+02	   4.9851680e-24
   5.2068155e+02	   4.9894645e-24
   5.2188225e+02	   4.9937846e-24
   5.2308571e+02	   4.9981283e-24
   5.2429195e+02	   5.0024956e-24
   5.2550097e+02	   5.0068867e-24
   5.2671278e+02	   5.0113015e-24
   5.2792739e+02	   5.0157401e-24
   5.2914479e+02	   5.0202025e-24
   5.3036500e+02	   5.0246888e-24
   5.3158803e+02	   5.0291991e-24
   5.3281387e+02	   5.0337334e-24
   5.3404255e+02	   5.0382917e-24
   5.3527405e+02	   5.0428741e-24
   5.3650840e+02	   5.0474806e-24
   5.3774559e+02	   5.0521113e-24
   5.3898564e+02	   5.0567662e-24
   5.4022854e+02	   5.0614454e-24
   5.4147431e+02	   5.0661489e-24
   5.4272296e+02	   5.0708768e-24
   5.4397448e+02	   5.0756292e-24
   5.4522889e+02	   5.0804060e-24
   5.4648619e+02	   5.0852073e-24
   5.4774639e+02	   5.0900332e-24
   5.4900950e+02	   5.0948837e-24
   5.5027552e+02	   5.0997588e-24
   5.5154446e+02	   5.1046587e-24
   5.5281633e+02	   5.1095833e-24
   5.5409112e+02	   5.1145328e-24
   5.5536886e+02	   5.1195071e-24
   5.5664955e+02	   5.1245063e-24
   5.5793319e+02	   5.1295305e-24
   5.5921978e+02	   5.1345797e-24
   5.6050935e+02	   5.1396539e-24
   5.6180189e+02	   5.1447532e-24
   5.6309741e+02	   5.1498777e-24
   5.6439591e+02	   5.1550274e-24
   5.6569742e+02	   5.1602024e-24
   5.6700192e+02	   5.1654027e-24
   5.6830943e+02	   5.1706283e-24
   5.6961995e+02	   5.1758793e-24
   5.7093350e+02	   5.1811557e-24
   5.7225008e+02	   5.1864577e-24
   5.7356969e+02	   5.1917852e-24
   5.7489235e+02	   5.1971383e-24
   5.7621806e+02	   5.2025171e-24
   5.7754682e+02	   5.2079215e-24
   5.7887865e+02	   5.2133517e-24
   5.8021354e+02	   5.2188078e-24
   5.8155152e+02	   5.2242896e-24
   5.8289258e+02	   5.2297974e-24
   5.8423674e+02	   5.2353311e-24
   5.8558399e+02	   5.2408908e-24
   5.8693435e+02	   5.2464765e-24
   5.8828783e+02	   5.2520883e-24
   5.8964443e+02	   5.2577263e-24
   5.9100415e+02	   5.2633905e-24
   5.9236701e+02	   5.2690810e-24
   5.9373301e+02	   5.2747977e-24
   5.9510217e+02	   5.2805408e-24
   5.9647448e+02	   5.2863103e-24
   5.9784995e+02	   5.2921062e-24
   5.9922860e+02	   5.2979287e-24
   6.0061042e+02	   5.3037777e-24
   6.0199543e+02	   5.3096533e-24
   6.0338364e+02	   5.3155555e-24
   6.0477505e+02	   5.3214845e-24
   6.0616966e+02	   5.3274402e-24
   6.0756750e+02	   5.3334227e-24
   6.0896855e+02	   5.3394321e-24
   6.1037284e+02	   5.3454684e-24
   6.1178036e+02	   5.3515316e-24
   6.1319113e+02	   5.3576218e-24
   6.1460516e+02	   5.3637391e-24
   6.1602244e+02	   5.3698836e-24
   6.1744299e+02	   5.3760551e-24
   6.1886682e+02	   5.3822539e-24
   6.2029393e+02	   5.3884800e-24
   6.2172433e+02	   5.3947333e-24
   6.2315804e+02	   5.4010141e-24
   6.2459504e+02	   5.4073222e-24
   6.2603536e+02	   5.4136579e-24
   6.2747901e+02	   5.4200210e-24
   6.2892598e+02	   5.4264117e-24
   6.3037629e+02	   5.4328301e-24
   6.3182994e+02	   5.4392761e-24
   6.3328694e+02	   5.4457499e-24
   6.3474731e+02	   5.4522514e-24
   6.3621104e+02	   5.4587808e-24
   6.3767815e+02	   5.4653380e-24
   6.3914864e+02	   5.4719232e-24
   6.4062252e+02	   5.4785364e-24
   6.4209980e+02	   5.4851776e-24
   6.4358049e+02	   5.4918469e-24
   6.4506459e+02	   5.4985444e-24
   6.4655211e+02	   5.5052700e-24
   6.4804307e+02	   5.5120239e-24
   6.4953746e+02	   5.5188061e-24
   6.5103530e+02	   5.5256166e-24
   6.5253659e+02	   5.5324556e-24
   6.5404134e+02	   5.5393230e-24
   6.5554957e+02	   5.5462189e-24
   6.5706127e+02	   5.5531434e-24
   6.5857646e+02	   5.5600965e-24
   6.6009514e+02	   5.5670783e-24
   6.6161732e+02	   5.5740888e-24
   6.6314302e+02	   5.5811281e-24
   6.6467223e+02	   5.5881962e-24
   6.6620497e+02	   5.5952931e-24
   6.6774125e+02	   5.6024191e-24
   6.6928106e+02	   5.6095740e-24
   6.7082443e+02	   5.6167579e-24
   6.7237136e+02	   5.6239709e-24
   6.7392185e+02	   5.6312131e-24
   6.7547592e+02	   5.6384845e-24
   6.7703357e+02	   5.6457851e-24
   6.7859481e+02	   5.6531151e-24
   6.8015966e+02	   5.6604744e-24
   6.8172811e+02	   5.6678631e-24
   6.8330018e+02	   5.6752813e-24
   6.8487588e+02	   5.6827290e-24
   6.8645521e+02	   5.6902062e-24
   6.8803818e+02	   5.6977132e-24
   6.8962480e+02	   5.7052497e-24
   6.9121508e+02	   5.7128161e-24
   6.9280903e+02	   5.7204122e-24
   6.9440665e+02	   5.7280382e-24
   6.9600796e+02	   5.7356940e-24
   6.9761296e+02	   5.7433798e-24
   6.9922166e+02	   5.7510957e-24
   7.0083407e+02	   5.7588416e-24
   7.0245020e+02	   5.7666176e-24
   7.0407005e+02	   5.7744238e-24
   7.0569364e+02	   5.7822602e-24
   7.0732098e+02	   5.7901269e-24
   7.0895207e+02	   5.7980239e-24
   7.1058691e+02	   5.8059513e-24
   7.1222553e+02	   5.8139092e-24
   7.1386793e+02	   5.8218975e-24
   7.1551412e+02	   5.8299164e-24
   7.1716410e+02	   5.8379660e-24
   7.1881788e+02	   5.8460462e-24
   7.2047548e+02	   5.8541571e-24
   7.2213690e+02	   5.8622988e-24
   7.2380216e+02	   5.8704713e-24
   7.2547125e+02	   5.8786748e-24
   7.2714419e+02	   5.8869091e-24
   7.2882099e+02	   5.8951745e-24
   7.3050166e+02	   5.9034709e-24
   7.3218620e+02	   5.9117984e-24
   7.3387463e+02	   5.9201571e-24
   7.3556695e+02	   5.9285471e-24
   7.3726317e+02	   5.9369683e-24
   7.3896331e+02	   5.9454208e-24
   7.4066736e+02	   5.9539048e-24
   7.4237535e+02	   5.9624202e-24
   7.4408727e+02	   5.9709670e-24
   7.4580314e+02	   5.9795455e-24
   7.4752297e+02	   5.9881556e-24
   7.4924676e+02	   5.9967973e-24
   7.5097453e+02	   6.0054708e-24
   7.5270628e+02	   6.0141761e-24
   7.5444203e+02	   6.0229132e-24
   7.5618178e+02	   6.0316823e-24
   7.5792554e+02	   6.0404833e-24
   7.5967332e+02	   6.0493163e-24
   7.6142514e+02	   6.0581814e-24
   7.6318099e+02	   6.0670786e-24
   7.6494089e+02	   6.0760080e-24
   7.6670485e+02	   6.0849697e-24
   7.6847288e+02	   6.0939637e-24
   7.7024498e+02	   6.1029900e-24
   7.7202117e+02	   6.1120488e-24
   7.7380146e+02	   6.1211401e-24
   7.7558585e+02	   6.1302639e-24
   7.7737436e+02	   6.1394203e-24
   7.7916699e+02	   6.1486094e-24
   7.8096375e+02	   6.1578312e-24
   7.8276466e+02	   6.1670858e-24
   7.8456972e+02	   6.1763732e-24
   7.8637895e+02	   6.1856935e-24
   7.8819234e+02	   6.1950468e-24
   7.9000992e+02	   6.2044331e-24
   7.9183169e+02	   6.2138525e-24
   7.9365766e+02	   6.2233051e-24
   7.9548784e+02	   6.2327908e-24
   7.9732224e+02	   6.2423099e-24
   7.9916087e+02	   6.2518622e-24
   8.0100374e+02	   6.2614480e-24
   8.0285086e+02	   6.2710673e-24
   8.0470224e+02	   6.2807200e-24
   8.0655789e+02	   6.2904064e-24
   8.0841782e+02	   6.3001264e-24
   8.1028204e+02	   6.3098802e-24
   8.1215056e+02	   6.3196678e-24
   8.1402338e+02	   6.3294894e-24
   8.1590052e+02	   6.3393448e-24
   8.1778200e+02	   6.3492344e-24
   8.1966781e+02	   6.3591581e-24
   8.2155797e+02	   6.3691161e-24
   8.2345249e+02	   6.3791085e-24
   8.2535138e+02	   6.3891353e-24
   8.2725464e+02	   6.3991969e-24
   8.2916230e+02	   6.4092933e-24
   8.3107435e+02	   6.4194247e-24
   8.3299082e+02	   6.4295916e-24
   8.3491170e+02	   6.4397942e-24
   8.3683701e+02	   6.4500331e-24
   8.3876676e+02	   6.4603092e-24
   8.4070097e+02	   6.4706236e-24
   8.4263963e+02	   6.4809783e-24
   8.4458276e+02	   6.4913767e-24
   8.4653038e+02	   6.5018249e-24
   8.4848248e+02	   6.5123358e-24
   8.5043909e+02	   6.5229388e-24
   8.5240021e+02	   6.5337165e-24
   8.5436585e+02	   6.5449820e-24
   8.5633603e+02	   6.5589042e-24
   8.5831074e+02	   6.8345008e-24
   8.6029001e+02	   6.5837620e-24
   8.6227385e+02	   6.5878643e-24
   8.6426226e+02	   6.5975729e-24
   8.6625525e+02	   6.6079982e-24
   8.6825285e+02	   6.6186424e-24
   8.7025504e+02	   6.6293914e-24
   8.7226186e+02	   6.6402079e-24
   8.7427330e+02	   6.6510766e-24
   8.7628938e+02	   6.6619906e-24
   8.7831011e+02	   6.6729461e-24
   8.8033550e+02	   6.6839413e-24
   8.8236556e+02	   6.6949750e-24
   8.8440030e+02	   6.7060464e-24
   8.8643974e+02	   6.7171552e-24
   8.8848387e+02	   6.7283010e-24
   8.9053272e+02	   6.7394837e-24
   8.9258630e+02	   6.7507033e-24
   8.9464461e+02	   6.7619595e-24
   8.9670767e+02	   6.7732526e-24
   8.9877548e+02	   6.7845823e-24
   9.0084807e+02	   6.7959488e-24
   9.0292543e+02	   6.8073520e-24
   9.0500758e+02	   6.8187921e-24
   9.0709454e+02	   6.8302690e-24
   9.0918630e+02	   6.8417828e-24
   9.1128289e+02	   6.8533336e-24
   9.1338432e+02	   6.8649213e-24
   9.1549059e+02	   6.8765461e-24
   9.1760172e+02	   6.8882080e-24
   9.1971771e+02	   6.8999071e-24
   9.2183859e+02	   6.9116434e-24
   9.2396436e+02	   6.9234170e-24
   9.2609503e+02	   6.9352280e-24
   9.2823061e+02	   6.9470764e-24
   9.3037112e+02	   6.9589623e-24
   9.3251656e+02	   6.9708857e-24
   9.3466695e+02	   6.9828468e-24
   9.3682230e+02	   6.9948455e-24
   9.3898262e+02	   7.0068820e-24
   9.4114792e+02	   7.0189562e-24
   9.4331821e+02	   7.0310684e-24
   9.4549351e+02	   7.0432185e-24
   9.4767383e+02	   7.0554067e-24
   9.4985917e+02	   7.0676329e-24
   9.5204955e+02	   7.0798973e-24
   9.5424499e+02	   7.0921999e-24
   9.5644548e+02	   7.1045407e-24
   9.5865105e+02	   7.1169200e-24
   9.6086171e+02	   7.1293376e-24
   9.6307746e+02	   7.1417938e-24
   9.6529833e+02	   7.1542885e-24
   9.6752431e+02	   7.1668219e-24
   9.6975543e+02	   7.1793939e-24
   9.7199169e+02	   7.1920048e-24
   9.7423312e+02	   7.2046545e-24
   9.7647970e+02	   7.2173431e-24
   9.7873147e+02	   7.2300706e-24
   9.8098844e+02	   7.2428373e-24
   9.8325060e+02	   7.2556430e-24
   9.8551799e+02	   7.2684880e-24
   9.8779060e+02	   7.2813722e-24
   9.9006845e+02	   7.2942958e-24
   9.9235156e+02	   7.3072588e-24
   9.9463993e+02	   7.3202612e-24
   9.9693357e+02	   7.3333033e-24
   9.9923251e+02	   7.3463849e-24
   1.0015367e+03	   7.3595063e-24
   1.0038463e+03	   7.3726674e-24
   1.0061612e+03	   7.3858683e-24
   1.0084814e+03	   7.3991092e-24
   1.0108070e+03	   7.4123901e-24
   1.0131379e+03	   7.4257110e-24
   1.0154742e+03	   7.4390721e-24
   1.0178159e+03	   7.4524734e-24
   1.0201630e+03	   7.4659149e-24
   1.0225155e+03	   7.4793968e-24
   1.0248734e+03	   7.4929192e-24
   1.0272368e+03	   7.5064820e-24
   1.0296056e+03	   7.5200855e-24
   1.0319799e+03	   7.5337296e-24
   1.0343596e+03	   7.5474144e-24
   1.0367449e+03	   7.5611400e-24
   1.0391356e+03	   7.5749065e-24
   1.0415319e+03	   7.5887140e-24
   1.0439336e+03	   7.6025624e-24
   1.0463410e+03	   7.6164520e-24
   1.0487538e+03	   7.6303828e-24
   1.0511723e+03	   7.6443548e-24
   1.0535963e+03	   7.6583682e-24
   1.0560259e+03	   7.6724229e-24
   1.0584611e+03	   7.6865192e-24
   1.0609019e+03	   7.7006570e-24
   1.0633483e+03	   7.7148365e-24
   1.0658004e+03	   7.7290576e-24
   1.0682582e+03	   7.7433206e-24
   1.0707216e+03	   7.7576254e-24
   1.0731907e+03	   7.7719722e-24
   1.0756655e+03	   7.7863610e-24
   1.0781460e+03	   7.8007919e-24
   1.0806322e+03	   7.8152650e-24
   1.0831241e+03	   7.8297804e-24
   1.0856218e+03	   7.8443381e-24
   1.0881253e+03	   7.8589382e-24
   1.0906345e+03	   7.8735808e-24
   1.0931495e+03	   7.8882660e-24
   1.0956703e+03	   7.9029938e-24
   1.0981969e+03	   7.9177644e-24
   1.1007294e+03	   7.9325778e-24
   1.1032677e+03	   7.9474341e-24
   1.1058118e+03	   7.9623333e-24
   1.1083618e+03	   7.9772756e-24
   1.1109177e+03	   7.9922611e-24
   1.1134795e+03	   8.0072898e-24
   1.1160472e+03	   8.0223617e-24
   1.1186208e+03	   8.0374771e-24
   1.1212004e+03	   8.0526359e-24
   1.1237859e+03	   8.0678382e-24
   1.1263773e+03	   8.0830842e-24
   1.1289747e+03	   8.0983739e-24
   1.1315782e+03	   8.1137074e-24
   1.1341876e+03	   8.1290847e-24
   1.1368030e+03	   8.1445060e-24
   1.1394245e+03	   8.1599714e-24
   1.1420520e+03	   8.1754808e-24
   1.1446856e+03	   8.1910345e-24
   1.1473253e+03	   8.2066324e-24
   1.1499710e+03	   8.2222748e-24
   1.1526229e+03	   8.2379616e-24
   1.1552808e+03	   8.2536929e-24
   1.1579449e+03	   8.2694689e-24
   1.1606151e+03	   8.2852895e-24
   1.1632915e+03	   8.3011550e-24
   1.1659741e+03	   8.3170654e-24
   1.1686628e+03	   8.3330207e-24
   1.1713578e+03	   8.3490211e-24
   1.1740589e+03	   8.3650667e-24
   1.1767663e+03	   8.3811575e-24
   1.1794800e+03	   8.3972937e-24
   1.1821998e+03	   8.4134752e-24
   1.1849260e+03	   8.4297023e-24
   1.1876585e+03	   8.4459751e-24
   1.1903972e+03	   8.4622935e-24
   1.1931423e+03	   8.4786578e-24
   1.1958937e+03	   8.4950680e-24
   1.1986514e+03	   8.5115243e-24
   1.2014155e+03	   8.5280269e-24
   1.2041860e+03	   8.5445757e-24
   1.2069628e+03	   8.5611711e-24
   1.2097461e+03	   8.5778133e-24
   1.2125358e+03	   8.5945025e-24
   1.2153319e+03	   8.6112392e-24
   1.2181345e+03	   8.6280241e-24
   1.2209435e+03	   8.6448581e-24
   1.2237590e+03	   8.6617433e-24
   1.2265810e+03	   8.6786835e-24
   1.2294095e+03	   8.6956879e-24
   1.2322445e+03	   8.7127836e-24
   1.2350861e+03	   8.7300792e-24
   1.2379342e+03	   8.7484722e-24
   1.2407889e+03	   1.2831286e-23
   1.2436502e+03	   8.7826573e-24
   1.2465180e+03	   8.7987504e-24
   1.2493925e+03	   8.8158310e-24
   1.2522736e+03	   8.8330998e-24
   1.2551614e+03	   8.8504571e-24
   1.2580558e+03	   8.8678782e-24
   1.2609569e+03	   8.8853547e-24
   1.2638646e+03	   8.9028832e-24
   1.2667791e+03	   8.9204621e-24
   1.2697003e+03	   8.9380906e-24
   1.2726283e+03	   8.9557683e-24
   1.2755630e+03	   8.9734949e-24
   1.2785044e+03	   8.9912704e-24
   1.2814527e+03	   9.0090948e-24
   1.2844077e+03	   9.0269680e-24
   1.2873696e+03	   9.0448902e-24
   1.2903382e+03	   9.0628613e-24
   1.2933138e+03	   9.0808814e-24
   1.2962962e+03	   9.0989506e-24
   1.2992854e+03	   9.1170690e-24
   1.3022816e+03	   9.1352366e-24
   1.3052847e+03	   9.1534536e-24
   1.3082947e+03	   9.1717200e-24
   1.3113116e+03	   9.1900360e-24
   1.3143355e+03	   9.2084015e-24
   1.3173664e+03	   9.2268168e-24
   1.3204042e+03	   9.2452818e-24
   1.3234491e+03	   9.2637967e-24
   1.3265010e+03	   9.2823617e-24
   1.3295599e+03	   9.3009767e-24
   1.3326259e+03	   9.3196419e-24
   1.3356989e+03	   9.3383574e-24
   1.3387790e+03	   9.3571232e-24
   1.3418663e+03	   9.3759395e-24
   1.3449606e+03	   9.3948064e-24
   1.3480621e+03	   9.4137240e-24
   1.3511708e+03	   9.4326923e-24
   1.3542866e+03	   9.4517116e-24
   1.3574096e+03	   9.4707817e-24
   1.3605398e+03	   9.4899030e-24
   1.3636772e+03	   9.5090754e-24
   1.3668218e+03	   9.5282991e-24
   1.3699737e+03	   9.5475742e-24
   1.3731329e+03	   9.5669007e-24
   1.3762993e+03	   9.5862788e-24
   1.3794731e+03	   9.6057086e-24
   1.3826542e+03	   9.6251902e-24
   1.3858426e+03	   9.6447236e-24
   1.3890384e+03	   9.6643091e-24
   1.3922415e+03	   9.6839466e-24
   1.3954520e+03	   9.7036363e-24
   1.3986699e+03	   9.7233783e-24
   1.4018953e+03	   9.7431727e-24
   1.4051281e+03	   9.7630197e-24
   1.4083683e+03	   9.7829192e-24
   1.4116160e+03	   9.8028714e-24
   1.4148712e+03	   9.8228765e-24
   1.4181339e+03	   9.8429344e-24
   1.4214041e+03	   9.8630454e-24
   1.4246819e+03	   9.8832095e-24
   1.4279672e+03	   9.9034269e-24
   1.4312601e+03	   9.9236976e-24
   1.4345606e+03	   9.9440218e-24
   1.4378687e+03	   9.9643995e-24
   1.4411845e+03	   9.9848309e-24
   1.4445079e+03	   1.0005316e-23
   1.4478389e+03	   1.0025855e-23
   1.4511776e+03	   1.0046448e-23
   1.4545241e+03	   1.0067095e-23
   1.4578782e+03	   1.0087797e-23
   1.4612401e+03	   1.0108552e-23
   1.4646097e+03	   1.0129362e-23
   1.4679871e+03	   1.0150227e-23
   1.4713723e+03	   1.0171146e-23
   1.4747653e+03	   1.0192120e-23
   1.4781661e+03	   1.0213149e-23
   1.4815748e+03	   1.0234233e-23
   1.4849913e+03	   1.0255372e-23
   1.4884157e+03	   1.0276566e-23
   1.4918480e+03	   1.0297816e-23
   1.4952882e+03	   1.0319121e-23
   1.4987364e+03	   1.0340481e-23
   1.5021925e+03	   1.0361897e-23
   1.5056565e+03	   1.0383369e-23
   1.5091286e+03	   1.0404897e-23
   1.5126086e+03	   1.0426481e-23
   1.5160967e+03	   1.0448121e-23
   1.5195929e+03	   1.0469817e-23
   1.5230970e+03	   1.0491569e-23
   1.5266093e+03	   1.0513379e-23
   1.5301297e+03	   1.0535244e-23
   1.5336582e+03	   1.0557167e-23
   1.5371948e+03	   1.0579147e-23
   1.5407396e+03	   1.0601183e-23
   1.5442926e+03	   1.0623278e-23
   1.5478537e+03	   1.0645430e-23
   1.5514231e+03	   1.0667640e-23
   1.5550007e+03	   1.0689910e-23
   1.5585865e+03	   1.0712242e-23
   1.5621806e+03	   1.0734639e-23
   1.5657830e+03	   1.0757117e-23
   1.5693937e+03	   1.0779739e-23
   1.5730128e+03	   1.0803211e-23
   1.5766401e+03	   1.0837265e-23
   1.5802759e+03	   1.0847789e-23
   1.5839200e+03	   1.0870213e-23
   1.5875725e+03	   1.0892929e-23
   1.5912335e+03	   1.0915747e-23
   1.5949029e+03	   1.0938638e-23
   1.5985807e+03	   1.0961593e-23
   1.6022671e+03	   1.0984609e-23
   1.6059619e+03	   1.1007686e-23
   1.6096653e+03	   1.1030823e-23
   1.6133772e+03	   1.1054020e-23
   1.6170976e+03	   1.1077276e-23
   1.6208267e+03	   1.1100593e-23
   1.6245643e+03	   1.1123969e-23
   1.6283106e+03	   1.1147405e-23
   1.6320655e+03	   1.1170901e-23
   1.6358290e+03	   1.1194457e-23
   1.6396013e+03	   1.1218073e-23
   1.6433822e+03	   1.1241749e-23
   1.6471719e+03	   1.1265486e-23
   1.6509702e+03	   1.1289283e-23
   1.6547774e+03	   1.1313141e-23
   1.6585933e+03	   1.1337060e-23
   1.6624181e+03	   1.1361040e-23
   1.6662516e+03	   1.1385081e-23
   1.6700940e+03	   1.1409183e-23
   1.6739452e+03	   1.1433346e-23
   1.6778054e+03	   1.1457570e-23
   1.6816744e+03	   1.1481856e-23
   1.6855524e+03	   1.1506204e-23
   1.6894393e+03	   1.1530613e-23
   1.6933351e+03	   1.1555085e-23
   1.6972400e+03	   1.1579618e-23
   1.7011538e+03	   1.1604213e-23
   1.7050767e+03	   1.1628871e-23
   1.7090086e+03	   1.1653591e-23
   1.7129496e+03	   1.1678374e-23
   1.7168997e+03	   1.1703219e-23
   1.7208588e+03	   1.1728128e-23
   1.7248272e+03	   1.1753099e-23
   1.7288046e+03	   1.1778133e-23
   1.7327913e+03	   1.1803230e-23
   1.7367871e+03	   1.1828391e-23
   1.7407921e+03	   1.1853615e-23
   1.7448064e+03	   1.1878903e-23
   1.7488300e+03	   1.1904254e-23
   1.7528628e+03	   1.1929670e-23
   1.7569049e+03	   1.1955149e-23
   1.7609563e+03	   1.1980693e-23
   1.7650171e+03	   1.2006300e-23
   1.7690872e+03	   1.2031972e-23
   1.7731668e+03	   1.2057709e-23
   1.7772557e+03	   1.2083510e-23
   1.7813541e+03	   1.2109376e-23
   1.7854619e+03	   1.2135307e-23
   1.7895792e+03	   1.2161303e-23
   1.7937060e+03	   1.2187365e-23
   1.7978423e+03	   1.2213491e-23
   1.8019881e+03	   1.2239683e-23
   1.8061435e+03	   1.2265941e-23
   1.8103085e+03	   1.2292265e-23
   1.8144831e+03	   1.2318654e-23
   1.8186673e+03	   1.2345110e-23
   1.8228611e+03	   1.2371631e-23
   1.8270647e+03	   1.2398219e-23
   1.8312779e+03	   1.2424874e-23
   1.8355008e+03	   1.2451595e-23
   1.8397335e+03	   1.2478382e-23
   1.8439759e+03	   1.2505237e-23
   1.8482282e+03	   1.2532159e-23
   1.8524902e+03	   1.2559148e-23
   1.8567621e+03	   1.2586204e-23
   1.8610438e+03	   1.2613328e-23
   1.8653353e+03	   1.2640520e-23
   1.8696368e+03	   1.2667780e-23
   1.8739482e+03	   1.2695108e-23
   1.8782696e+03	   1.2722506e-23
   1.8826009e+03	   1.2749976e-23
   1.8869422e+03	   1.2777522e-23
   1.8912935e+03	   1.2805177e-23
   1.8956548e+03	   1.2833449e-23
   1.9000262e+03	   1.2861514e-23
   1.9044077e+03	   1.2888398e-23
   1.9087992e+03	   1.2916209e-23
   1.9132009e+03	   1.2944136e-23
   1.9176128e+03	   1.2972142e-23
   1.9220348e+03	   1.3000221e-23
   1.9264671e+03	   1.3028371e-23
   1.9309095e+03	   1.3056592e-23
   1.9353622e+03	   1.3084883e-23
   1.9398252e+03	   1.3113245e-23
   1.9442984e+03	   1.3141677e-23
   1.9487820e+03	   1.3170179e-23
   1.9532759e+03	   1.3198752e-23
   1.9577802e+03	   1.3227395e-23
   1.9622948e+03	   1.3256110e-23
   1.9668199e+03	   1.3284895e-23
   1.9713554e+03	   1.3313752e-23
   1.9759013e+03	   1.3342680e-23
   1.9804578e+03	   1.3371679e-23
   1.9850247e+03	   1.3400750e-23
   1.9896022e+03	   1.3429892e-23
   1.9941903e+03	   1.3459107e-23
   1.9987889e+03	   1.3488393e-23
   2.0033981e+03	   1.3517752e-23
   2.0080179e+03	   1.3547183e-23
   2.0126484e+03	   1.3576687e-23
   2.0172896e+03	   1.3606263e-23
   2.0219415e+03	   1.3635912e-23
   2.0266041e+03	   1.3665634e-23
   2.0312775e+03	   1.3695429e-23
   2.0359616e+03	   1.3725297e-23
   2.0406566e+03	   1.3755239e-23
   2.0453623e+03	   1.3785254e-23
   2.0500790e+03	   1.3815343e-23
   2.0548065e+03	   1.3845506e-23
   2.0595449e+03	   1.3875744e-23
   2.0642942e+03	   1.3906055e-23
   2.0690545e+03	   1.3936441e-23
   2.0738257e+03	   1.3966901e-23
   2.0786080e+03	   1.3997436e-23
   2.0834013e+03	   1.4028046e-23
   2.0882056e+03	   1.4058730e-23
   2.0930210e+03	   1.4089490e-23
   2.0978475e+03	   1.4120326e-23
   2.1026852e+03	   1.4151237e-23
   2.1075340e+03	   1.4182223e-23
   2.1123940e+03	   1.4213286e-23
   2.1172652e+03	   1.4244424e-23
   2.1221476e+03	   1.4275639e-23
   2.1270413e+03	   1.4306930e-23
   2.1319463e+03	   1.4338297e-23
   2.1368626e+03	   1.4369741e-23
   2.1417902e+03	   1.4401262e-23
   2.1467292e+03	   1.4432860e-23
   2.1516796e+03	   1.4464535e-23
   2.1566413e+03	   1.4496287e-23
   2.1616146e+03	   1.4528117e-23
   2.1665993e+03	   1.4560025e-23
   2.1715955e+03	   1.4592010e-23
   2.1766032e+03	   1.4624074e-23
   2.1816224e+03	   1.4656215e-23
   2.1866533e+03	   1.4688435e-23
   2.1916957e+03	   1.4720733e-23
   2.1967498e+03	   1.4753110e-23
   2.2018155e+03	   1.4785566e-23
   2.2068929e+03	   1.4818101e-23
   2.2119820e+03	   1.4850716e-23
   2.2170829e+03	   1.4883409e-23
   2.2221955e+03	   1.4916183e-23
   2.2273199e+03	   1.4949036e-23
   2.2324561e+03	   1.4981969e-23
   2.2376042e+03	   1.5014983e-23
   2.2427641e+03	   1.5048078e-23
   2.2479359e+03	   1.5081260e-23
   2.2531197e+03	   1.5114581e-23
   2.2583154e+03	   1.5148441e-23
   2.2635231e+03	   1.5181277e-23
   2.2687428e+03	   1.5214755e-23
   2.2739745e+03	   1.5248329e-23
   2.2792183e+03	   1.5281986e-23
   2.2844742e+03	   1.5315726e-23
   2.2897422e+03	   1.5349549e-23
   2.2950224e+03	   1.5383453e-23
   2.3003147e+03	   1.5417440e-23
   2.3056193e+03	   1.5451509e-23
   2.3109361e+03	   1.5485661e-23
   2.3162651e+03	   1.5519896e-23
   2.3216064e+03	   1.5554213e-23
   2.3269601e+03	   1.5588614e-23
   2.3323261e+03	   1.5623098e-23
   2.3377044e+03	   1.5657665e-23
   2.3430952e+03	   1.5692316e-23
   2.3484984e+03	   1.5727051e-23
   2.3539140e+03	   1.5761869e-23
   2.3593422e+03	   1.5796772e-23
   2.3647828e+03	   1.5831759e-23
   2.3702360e+03	   1.5866831e-23
   2.3757018e+03	   1.5901988e-23
   2.3811802e+03	   1.5937229e-23
   2.3866712e+03	   1.5972556e-23
   2.3921749e+03	   1.6007967e-23
   2.3976913e+03	   1.6043465e-23
   2.4032204e+03	   1.6079048e-23
   2.4087622e+03	   1.6114716e-23
   2.4143168e+03	   1.6150471e-23
   2.4198843e+03	   1.6186312e-23
   2.4254646e+03	   1.6222240e-23
   2.4310577e+03	   1.6258254e-23
   2.4366637e+03	   1.6294355e-23
   2.4422827e+03	   1.6330542e-23
   2.4479146e+03	   1.6366817e-23
   2.4535595e+03	   1.6403180e-23
   2.4592175e+03	   1.6439630e-23
   2.4648884e+03	   1.6476167e-23
   2.4705725e+03	   1.6512793e-23
   2.4762696e+03	   1.6549507e-23
   2.4819799e+03	   1.6586309e-23
   2.4877034e+03	   1.6623200e-23
   2.4934401e+03	   1.6660179e-23
   2.4991900e+03	   1.6697247e-23
   2.5049531e+03	   1.6734405e-23
   2.5107295e+03	   1.6771651e-23
   2.5165193e+03	   1.6808987e-23
   2.5223224e+03	   1.6846413e-23
   2.5281389e+03	   1.6883929e-23
   2.5339688e+03	   1.6921535e-23
   2.5398122e+03	   1.6959231e-23
   2.5456690e+03	   1.6997018e-23
   2.5515393e+03	   1.7034896e-23
   2.5574232e+03	   1.7072864e-23
   2.5633206e+03	   1.7110923e-23
   2.5692317e+03	   1.7149074e-23
   2.5751563e+03	   1.7187316e-23
   2.5810947e+03	   1.7225650e-23
   2.5870467e+03	   1.7264076e-23
   2.5930124e+03	   1.7302594e-23
   2.5989920e+03	   1.7341204e-23
   2.6049852e+03	   1.7379907e-23
   2.6109924e+03	   1.7418703e-23
   2.6170133e+03	   1.7457591e-23
   2.6230482e+03	   1.7496573e-23
   2.6290970e+03	   1.7535648e-23
   2.6351597e+03	   1.7574817e-23
   2.6412364e+03	   1.7614079e-23
   2.6473271e+03	   1.7653436e-23
   2.6534318e+03	   1.7692889e-23
   2.6595507e+03	   1.7732465e-23
   2.6656836e+03	   1.7772107e-23
   2.6718307e+03	   1.7811807e-23
   2.6779920e+03	   1.7851634e-23
   2.6841674e+03	   1.7891558e-23
   2.6903571e+03	   1.7931577e-23
   2.6965611e+03	   1.7971692e-23
   2.7027794e+03	   1.8011904e-23
   2.7090121e+03	   1.8052211e-23
   2.7152591e+03	   1.8092615e-23
   2.7215205e+03	   1.8133115e-23
   2.7277963e+03	   1.8173712e-23
   2.7340866e+03	   1.8214406e-23
   2.7403915e+03	   1.8255196e-23
   2.7467108e+03	   1.8296085e-23
   2.7530448e+03	   1.8337071e-23
   2.7593933e+03	   1.8378154e-23
   2.7657565e+03	   1.8419336e-23
   2.7721343e+03	   1.8460616e-23
   2.7785269e+03	   1.8501994e-23
   2.7849342e+03	   1.8543471e-23
   2.7913563e+03	   1.8585047e-23
   2.7977932e+03	   1.8626722e-23
   2.8042449e+03	   1.8668497e-23
   2.8107115e+03	   1.8710371e-23
   2.8171930e+03	   1.8752346e-23
   2.8236895e+03	   1.8794423e-23
   2.8302010e+03	   1.8836602e-23
   2.8367274e+03	   1.8878880e-23
   2.8432689e+03	   1.8921259e-23
   2.8498255e+03	   1.8963739e-23
   2.8563972e+03	   1.9006320e-23
   2.8629841e+03	   1.9049003e-23
   2.8695862e+03	   1.9091787e-23
   2.8762035e+03	   1.9134673e-23
   2.8828360e+03	   1.9177661e-23
   2.8894839e+03	   1.9220751e-23
   2.8961470e+03	   1.9263943e-23
   2.9028256e+03	   1.9307238e-23
   2.9095195e+03	   1.9350637e-23
   2.9162289e+03	   1.9394138e-23
   2.9229537e+03	   1.9437743e-23
   2.9296941e+03	   1.9481451e-23
   2.9364500e+03	   1.9525263e-23
   2.9432215e+03	   1.9569179e-23
   2.9500085e+03	   1.9613200e-23
   2.9568113e+03	   1.9657325e-23
   2.9636297e+03	   1.9701555e-23
   2.9704639e+03	   1.9745890e-23
   2.9773138e+03	   1.9790330e-23
   2.9841795e+03	   1.9834876e-23
   2.9910610e+03	   1.9879531e-23
   2.9979584e+03	   1.9924306e-23
   3.0048718e+03	   1.9969187e-23
   3.0118010e+03	   2.0014175e-23
   3.0187463e+03	   2.0059269e-23
   3.0257075e+03	   2.0104471e-23
   3.0326848e+03	   2.0149779e-23
   3.0396782e+03	   2.0195195e-23
   3.0466877e+03	   2.0240718e-23
   3.0537134e+03	   2.0286349e-23
   3.0607553e+03	   2.0332089e-23
   3.0678134e+03	   2.0377936e-23
   3.0748878e+03	   2.0423892e-23
   3.0819785e+03	   2.0469958e-23
   3.0890856e+03	   2.0516134e-23
   3.0962091e+03	   2.0564563e-23
   3.1033489e+03	   2.0608810e-23
   3.1105053e+03	   2.0655311e-23
   3.1176781e+03	   2.0701923e-23
   3.1248675e+03	   2.0748646e-23
   3.1320735e+03	   2.0795479e-23
   3.1392961e+03	   2.0842423e-23
   3.1465353e+03	   2.0889479e-23
   3.1537913e+03	   2.0936645e-23
   3.1610639e+03	   2.0983923e-23
   3.1683534e+03	   2.1031313e-23
   3.1756596e+03	   2.1078815e-23
   3.1829827e+03	   2.1126429e-23
   3.1903227e+03	   2.1174156e-23
   3.1976796e+03	   2.1221996e-23
   3.2050535e+03	   2.1269948e-23
   3.2124443e+03	   2.1318014e-23
   3.2198523e+03	   2.1366194e-23
   3.2272773e+03	   2.1414487e-23
   3.2347194e+03	   2.1462894e-23
   3.2421787e+03	   2.1511416e-23
   3.2496552e+03	   2.1560052e-23
   3.2571489e+03	   2.1608803e-23
   3.2646599e+03	   2.1657670e-23
   3.2721882e+03	   2.1706651e-23
   3.2797339e+03	   2.1755748e-23
   3.2872970e+03	   2.1804962e-23
   3.2948776e+03	   2.1854291e-23
   3.3024756e+03	   2.1903736e-23
   3.3100911e+03	   2.1953299e-23
   3.3177242e+03	   2.2002978e-23
   3.3253749e+03	   2.2052775e-23
   3.3330432e+03	   2.2102688e-23
   3.3407293e+03	   2.2152720e-23
   3.3484330e+03	   2.2202870e-23
   3.3561545e+03	   2.2253138e-23
   3.3638938e+03	   2.2303524e-23
   3.3716510e+03	   2.2354029e-23
   3.3794261e+03	   2.2404654e-23
   3.3872190e+03	   2.2455397e-23
   3.3950300e+03	   2.2506260e-23
   3.4028590e+03	   2.2557244e-23
   3.4107060e+03	   2.2608347e-23
   3.4185711e+03	   2.2659571e-23
   3.4264543e+03	   2.2710915e-23
   3.4343558e+03	   2.2762380e-23
   3.4422754e+03	   2.2813967e-23
   3.4502133e+03	   2.2865675e-23
   3.4581695e+03	   2.2917505e-23
   3.4661441e+03	   2.2969457e-23
   3.4741371e+03	   2.3021531e-23
   3.4821485e+03	   2.3073728e-23
   3.4901783e+03	   2.3126048e-23
   3.4982267e+03	   2.3178490e-23
   3.5062936e+03	   2.3231057e-23
   3.5143792e+03	   2.3283747e-23
   3.5224834e+03	   2.3336561e-23
   3.5306062e+03	   2.3389500e-23
   3.5387478e+03	   2.3442627e-23
   3.5469082e+03	   2.3495752e-23
   3.5550874e+03	   2.3549064e-23
   3.5632855e+03	   2.3602502e-23
   3.5715024e+03	   2.3656066e-23
   3.5797383e+03	   2.3709756e-23
   3.5879932e+03	   2.3763572e-23
   3.5962672e+03	   2.3817515e-23
   3.6045602e+03	   2.3871585e-23
   3.6128724e+03	   2.3925782e-23
   3.6212037e+03	   2.3980106e-23
   3.6295542e+03	   2.4034559e-23
   3.6379240e+03	   2.4089139e-23
   3.6463130e+03	   2.4143847e-23
   3.6547215e+03	   2.4198684e-23
   3.6631493e+03	   2.4253650e-23
   3.6715965e+03	   2.4308745e-23
   3.6800633e+03	   2.4363969e-23
   3.6885495e+03	   2.4419324e-23
   3.6970553e+03	   2.4474808e-23
   3.7055808e+03	   2.4530423e-23
   3.7141259e+03	   2.4586168e-23
   3.7226907e+03	   2.4642044e-23
   3.7312752e+03	   2.4698052e-23
   3.7398796e+03	   2.4754198e-23
   3.7485038e+03	   2.4810480e-23
   3.7571479e+03	   2.4866894e-23
   3.7658119e+03	   2.4923441e-23
   3.7744959e+03	   2.4980120e-23
   3.7831999e+03	   2.5036932e-23
   3.7919240e+03	   2.5093878e-23
   3.8006682e+03	   2.5150957e-23
   3.8094325e+03	   2.5208170e-23
   3.8182171e+03	   2.5265518e-23
   3.8270220e+03	   2.5323000e-23
   3.8358471e+03	   2.5380616e-23
   3.8446926e+03	   2.5438368e-23
   3.8535585e+03	   2.5496256e-23
   3.8624448e+03	   2.5554279e-23
   3.8713516e+03	   2.5612438e-23
   3.8802790e+03	   2.5670734e-23
   3.8892270e+03	   2.5729166e-23
   3.8981955e+03	   2.5787735e-23
   3.9071848e+03	   2.5846442e-23
   3.9161948e+03	   2.5905286e-23
   3.9252256e+03	   2.5964268e-23
   3.9342772e+03	   2.6023389e-23
   3.9433497e+03	   2.6082648e-23
   3.9524431e+03	   2.6142046e-23
   3.9615574e+03	   2.6201583e-23
   3.9706928e+03	   2.6261261e-23
   3.9798493e+03	   2.6321132e-23
   3.9890268e+03	   2.6381034e-23
   3.9982255e+03	   2.6441131e-23
   4.0074455e+03	   2.6501369e-23
   4.0166867e+03	   2.6561748e-23
   4.0259492e+03	   2.6622268e-23
   4.0352331e+03	   2.6682931e-23
   4.0445383e+03	   2.6743735e-23
   4.0538651e+03	   2.6804682e-23
   4.0632133e+03	   2.6865772e-23
   4.0725831e+03	   2.6927005e-23
   4.0819745e+03	   2.6988381e-23
   4.0913876e+03	   2.7049901e-23
   4.1008224e+03	   2.7111565e-23
   4.1102789e+03	   2.7173373e-23
   4.1197572e+03	   2.7235326e-23
   4.1292574e+03	   2.7297424e-23
   4.1387795e+03	   2.7359668e-23
   4.1483236e+03	   2.7422057e-23
   4.1578896e+03	   2.7484592e-23
   4.1674778e+03	   2.7547274e-23
   4.1770880e+03	   2.7610102e-23
   4.1867204e+03	   2.7673077e-23
   4.1963750e+03	   2.7736200e-23
   4.2060519e+03	   2.7799471e-23
   4.2157511e+03	   2.7862889e-23
   4.2254726e+03	   2.7926456e-23
   4.2352166e+03	   2.7990172e-23
   4.2449830e+03	   2.8054037e-23
   4.2547720e+03	   2.8118051e-23
   4.2645835e+03	   2.8182215e-23
   4.2744177e+03	   2.8246529e-23
   4.2842745e+03	   2.8310993e-23
   4.2941541e+03	   2.8375609e-23
   4.3040565e+03	   2.8440375e-23
   4.3139816e+03	   2.8505293e-23
   4.3239297e+03	   2.8570363e-23
   4.3339007e+03	   2.8635585e-23
   4.3438947e+03	   2.8700959e-23
   4.3539118e+03	   2.8766487e-23
   4.3639519e+03	   2.8832167e-23
   4.3740153e+03	   2.8898001e-23
   4.3841018e+03	   2.8963990e-23
   4.3942115e+03	   2.9030138e-23
   4.4043446e+03	   2.9096431e-23
   4.4145011e+03	   2.9162881e-23
   4.4246810e+03	   2.9229488e-23
   4.4348843e+03	   2.9296251e-23
   4.4451112e+03	   2.9363170e-23
   4.4553616e+03	   2.9430246e-23
   4.4656357e+03	   2.9497478e-23
   4.4759335e+03	   2.9564868e-23
   4.4862551e+03	   2.9632414e-23
   4.4966004e+03	   2.9700119e-23
   4.5069696e+03	   2.9767982e-23
   4.5173627e+03	   2.9836004e-23
   4.5277798e+03	   2.9904184e-23
   4.5382209e+03	   2.9972524e-23
   4.5486860e+03	   3.0041024e-23
   4.5591753e+03	   3.0109683e-23
   4.5696888e+03	   3.0178503e-23
   4.5802266e+03	   3.0247484e-23
   4.5907886e+03	   3.0316626e-23
   4.6013750e+03	   3.0385930e-23
   4.6119858e+03	   3.0455395e-23
   4.6226211e+03	   3.0525022e-23
   4.6332809e+03	   3.0594813e-23
   4.6439653e+03	   3.0664766e-23
   4.6546743e+03	   3.0734883e-23
   4.6654080e+03	   3.0805163e-23
   4.6761665e+03	   3.0875607e-23
   4.6869497e+03	   3.0946216e-23
   4.6977579e+03	   3.1016990e-23
   4.7085910e+03	   3.1087930e-23
   4.7194490e+03	   3.1159034e-23
   4.7303321e+03	   3.1230305e-23
   4.7412403e+03	   3.1301743e-23
   4.7521736e+03	   3.1373347e-23
   4.7631321e+03	   3.1445118e-23
   4.7741160e+03	   3.1517059e-23
   4.7851251e+03	   3.1589180e-23
   4.7961597e+03	   3.1661439e-23
   4.8072196e+03	   3.1733882e-23
   4.8183051e+03	   3.1806495e-23
   4.8294162e+03	   3.1879278e-23
   4.8405528e+03	   3.1952230e-23
   4.8517152e+03	   3.2025352e-23
   4.8629033e+03	   3.2098646e-23
   4.8741172e+03	   3.2172110e-23
   4.8853569e+03	   3.2245746e-23
   4.8966226e+03	   3.2319553e-23
   4.9079142e+03	   3.2393533e-23
   4.9192319e+03	   3.2467686e-23
   4.9305757e+03	   3.2542011e-23
   4.9419457e+03	   3.2616510e-23
   4.9533418e+03	   3.2691183e-23
   4.9647643e+03	   3.2766030e-23
   4.9762131e+03	   3.2841052e-23
   4.9876882e+03	   3.2916248e-23
   4.9991899e+03	   3.2991621e-23
   5.0107181e+03	   3.3067169e-23
   5.0222728e+03	   3.3142893e-23
   5.0338542e+03	   3.3218794e-23
   5.0454623e+03	   3.3294872e-23
   5.0570972e+03	   3.3371128e-23
   5.0687589e+03	   3.3447561e-23
   5.0804475e+03	   3.3524173e-23
   5.0921630e+03	   3.3600963e-23
   5.1039056e+03	   3.3677933e-23
   5.1156753e+03	   3.3755082e-23
   5.1274720e+03	   3.3832426e-23
   5.1392960e+03	   3.3909922e-23
   5.1511473e+03	   3.3987610e-23
   5.1630259e+03	   3.4065481e-23
   5.1749319e+03	   3.4143534e-23
   5.1868653e+03	   3.4221769e-23
   5.1988262e+03	   3.4300187e-23
   5.2108148e+03	   3.4378787e-23
   5.2228309e+03	   3.4457571e-23
   5.2348748e+03	   3.4536538e-23
   5.2469465e+03	   3.4615689e-23
   5.2590460e+03	   3.4695025e-23
   5.2711734e+03	   3.4774546e-23
   5.2833288e+03	   3.4854253e-23
   5.2955122e+03	   3.4934145e-23
   5.3077236e+03	   3.5014224e-23
   5.3199633e+03	   3.5094489e-23
   5.3322312e+03	   3.5174941e-23
   5.3445273e+03	   3.5255581e-23
   5.3568519e+03	   3.5336409e-23
   5.3692048e+03	   3.5417426e-23
   5.3815862e+03	   3.5498631e-23
   5.3939962e+03	   3.5580026e-23
   5.4064348e+03	   3.5661610e-23
   5.4189021e+03	   3.5743384e-23
   5.4313981e+03	   3.5825350e-23
   5.4439230e+03	   3.5907506e-23
   5.4564767e+03	   3.5989854e-23
   5.4690594e+03	   3.6072398e-23
   5.4816711e+03	   3.6155127e-23
   5.4943118e+03	   3.6238051e-23
   5.5069818e+03	   3.6321169e-23
   5.5196809e+03	   3.6404481e-23
   5.5324093e+03	   3.6487987e-23
   5.5451671e+03	   3.6571687e-23
   5.5579543e+03	   3.6655583e-23
   5.5707710e+03	   3.6739675e-23
   5.5836172e+03	   3.6823962e-23
   5.5964931e+03	   3.6908446e-23
   5.6093986e+03	   3.6993126e-23
   5.6223340e+03	   3.7078004e-23
   5.6352991e+03	   3.7163080e-23
   5.6482942e+03	   3.7248354e-23
   5.6613192e+03	   3.7333827e-23
   5.6743742e+03	   3.7419499e-23
   5.6874594e+03	   3.7505371e-23
   5.7005747e+03	   3.7591443e-23
   5.7137202e+03	   3.7677715e-23
   5.7268961e+03	   3.7764188e-23
   5.7401024e+03	   3.7850863e-23
   5.7533391e+03	   3.7937740e-23
   5.7666064e+03	   3.8024819e-23
   5.7799042e+03	   3.8112101e-23
   5.7932327e+03	   3.8199587e-23
   5.8065919e+03	   3.8287276e-23
   5.8199820e+03	   3.8375170e-23
   5.8334029e+03	   3.8463269e-23
   5.8468548e+03	   3.8551580e-23
   5.8603377e+03	   3.8640082e-23
   5.8738517e+03	   3.8728798e-23
   5.8873968e+03	   3.8817720e-23
   5.9009732e+03	   3.8906849e-23
   5.9145809e+03	   3.8996187e-23
   5.9282199e+03	   3.9085732e-23
   5.9418905e+03	   3.9175486e-23
   5.9555925e+03	   3.9265449e-23
   5.9693262e+03	   3.9355622e-23
   5.9830915e+03	   3.9446005e-23
   5.9968885e+03	   3.9536598e-23
   6.0107174e+03	   3.9627402e-23
   6.0245781e+03	   3.9718418e-23
   6.0384709e+03	   3.9809646e-23
   6.0523956e+03	   3.9901087e-23
   6.0663525e+03	   3.9992740e-23
   6.0803416e+03	   4.0084607e-23
   6.0943629e+03	   4.0176688e-23
   6.1084165e+03	   4.0268984e-23
   6.1225026e+03	   4.0361494e-23
   6.1366211e+03	   4.0454220e-23
   6.1507722e+03	   4.0547162e-23
   6.1649559e+03	   4.0640321e-23
   6.1791724e+03	   4.0733696e-23
   6.1934216e+03	   4.0827289e-23
   6.2077037e+03	   4.0921100e-23
   6.2220187e+03	   4.1015130e-23
   6.2363667e+03	   4.1109379e-23
   6.2507478e+03	   4.1203847e-23
   6.2651621e+03	   4.1298548e-23
   6.2796096e+03	   4.1393444e-23
   6.2940904e+03	   4.1488574e-23
   6.3086046e+03	   4.1583925e-23
   6.3231523e+03	   4.1679499e-23
   6.3377336e+03	   4.1775295e-23
   6.3523484e+03	   4.1871314e-23
   6.3669970e+03	   4.1967557e-23
   6.3816793e+03	   4.2064024e-23
   6.3963955e+03	   4.2160716e-23
   6.4111457e+03	   4.2257633e-23
   6.4259298e+03	   4.2354776e-23
   6.4407481e+03	   4.2452145e-23
   6.4556005e+03	   4.2549741e-23
   6.4704871e+03	   4.2647564e-23
   6.4854081e+03	   4.2745615e-23
   6.5003635e+03	   4.2843894e-23
   6.5153534e+03	   4.2942403e-23
   6.5303779e+03	   4.3041140e-23
   6.5454370e+03	   4.3140108e-23
   6.5605308e+03	   4.3239307e-23
   6.5756594e+03	   4.3338736e-23
   6.5908230e+03	   4.3438397e-23
   6.6060215e+03	   4.3538290e-23
   6.6212550e+03	   4.3638416e-23
   6.6365237e+03	   4.3738775e-23
   6.6518275e+03	   4.3839367e-23
   6.6671667e+03	   4.3940194e-23
   6.6825412e+03	   4.4041256e-23
   6.6979512e+03	   4.4142554e-23
   6.7133968e+03	   4.4244087e-23
   6.7288779e+03	   4.4345857e-23
   6.7443947e+03	   4.4447863e-23
   6.7599474e+03	   4.4550108e-23
   6.7755359e+03	   4.4652590e-23
   6.7911603e+03	   4.4755312e-23
   6.8068208e+03	   4.4858272e-23
   6.8225173e+03	   4.4961472e-23
   6.8382501e+03	   4.5064913e-23
   6.8540192e+03	   4.5168595e-23
   6.8698246e+03	   4.5272518e-23
   6.8856665e+03	   4.5376683e-23
   6.9015449e+03	   4.5481091e-23
   6.9174599e+03	   4.5585742e-23
   6.9334116e+03	   4.5690637e-23
   6.9494001e+03	   4.5795776e-23
   6.9654255e+03	   4.5901160e-23
   6.9814878e+03	   4.6006790e-23
   6.9975872e+03	   4.6112666e-23
   7.0137236e+03	   4.6218788e-23
   7.0298973e+03	   4.6325157e-23
   7.0461083e+03	   4.6431775e-23
   7.0623567e+03	   4.6538640e-23
   7.0786426e+03	   4.6645755e-23
   7.0949660e+03	   4.6753119e-23
   7.1113270e+03	   4.6860733e-23
   7.1277258e+03	   4.6968598e-23
   7.1441624e+03	   4.7076714e-23
   7.1606369e+03	   4.7185082e-23
   7.1771494e+03	   4.7293703e-23
   7.1936999e+03	   4.7402576e-23
   7.2102886e+03	   4.7511703e-23
   7.2269156e+03	   4.7621085e-23
   7.2435809e+03	   4.7730721e-23
   7.2602847e+03	   4.7840612e-23
   7.2770270e+03	   4.7950760e-23
   7.2938079e+03	   4.8061164e-23
   7.3106274e+03	   4.8171826e-23
   7.3274858e+03	   4.8282745e-23
   7.3443830e+03	   4.8393923e-23
   7.3613192e+03	   4.8505359e-23
   7.3782945e+03	   4.8617056e-23
   7.3953089e+03	   4.8729012e-23
   7.4123625e+03	   4.8841230e-23
   7.4294555e+03	   4.8953709e-23
   7.4465879e+03	   4.9066450e-23
   7.4637598e+03	   4.9179453e-23
   7.4809713e+03	   4.9292720e-23
   7.4982224e+03	   4.9406251e-23
   7.5155134e+03	   4.9520046e-23
   7.5328442e+03	   4.9634107e-23
   7.5502150e+03	   4.9748433e-23
   7.5676259e+03	   4.9863026e-23
   7.5850769e+03	   4.9977886e-23
   7.6025681e+03	   5.0093013e-23
   7.6200997e+03	   5.0208409e-23
   7.6376717e+03	   5.0324073e-23
   7.6552842e+03	   5.0440007e-23
   7.6729374e+03	   5.0556212e-23
   7.6906312e+03	   5.0672687e-23
   7.7083659e+03	   5.0789433e-23
   7.7261414e+03	   5.0906452e-23
   7.7439580e+03	   5.1023743e-23
   7.7618156e+03	   5.1141308e-23
   7.7797144e+03	   5.1259146e-23
   7.7976545e+03	   5.1377260e-23
   7.8156359e+03	   5.1495648e-23
   7.8336589e+03	   5.1614313e-23
   7.8517233e+03	   5.1733254e-23
   7.8698295e+03	   5.1852472e-23
   7.8879774e+03	   5.1971968e-23
   7.9061671e+03	   5.2091743e-23
   7.9243988e+03	   5.2211797e-23
   7.9426725e+03	   5.2332130e-23
   7.9609884e+03	   5.2452744e-23
   7.9793465e+03	   5.2573640e-23
   7.9977469e+03	   5.2694817e-23
   8.0161898e+03	   5.2816276e-23
   8.0346752e+03	   5.2938019e-23
   8.0532032e+03	   5.3060052e-23
   8.0717739e+03	   5.3182357e-23
   8.0903875e+03	   5.3304953e-23
   8.1090440e+03	   5.3427835e-23
   8.1277435e+03	   5.3551003e-23
   8.1464861e+03	   5.3674459e-23
   8.1652720e+03	   5.3798202e-23
   8.1841012e+03	   5.3922234e-23
   8.2029738e+03	   5.4046555e-23
   8.2218899e+03	   5.4171166e-23
   8.2408496e+03	   5.4296068e-23
   8.2598531e+03	   5.4421260e-23
   8.2789004e+03	   5.4546745e-23
   8.2979916e+03	   5.4672522e-23
   8.3171268e+03	   5.4798593e-23
   8.3363062e+03	   5.4924958e-23
   8.3555298e+03	   5.5051617e-23
   8.3747977e+03	   5.5178571e-23
   8.3941100e+03	   5.5305822e-23
   8.4134669e+03	   5.5433369e-23
   8.4328684e+03	   5.5561214e-23
   8.4523147e+03	   5.5689357e-23
   8.4718058e+03	   5.5817800e-23
   8.4913419e+03	   5.5946541e-23
   8.5109230e+03	   5.6075583e-23
   8.5305492e+03	   5.6204925e-23
   8.5502207e+03	   5.6334570e-23
   8.5699376e+03	   5.6464517e-23
   8.5896999e+03	   5.6594766e-23
   8.6095078e+03	   5.6725320e-23
   8.6293614e+03	   5.6856179e-23
   8.6492608e+03	   5.6987342e-23
   8.6692061e+03	   5.7118812e-23
   8.6891973e+03	   5.7250588e-23
   8.7092347e+03	   5.7382672e-23
   8.7293182e+03	   5.7515064e-23
   8.7494481e+03	   5.7647764e-23
   8.7696244e+03	   5.7780775e-23
   8.7898472e+03	   5.7914096e-23
   8.8101167e+03	   5.8047727e-23
   8.8304329e+03	   5.8181671e-23
   8.8507959e+03	   5.8315927e-23
   8.8712059e+03	   5.8450498e-23
   8.8916630e+03	   5.8585380e-23
   8.9121672e+03	   5.8720578e-23
   8.9327188e+03	   5.8856092e-23
   8.9533177e+03	   5.8991922e-23
   8.9739641e+03	   5.9128069e-23
   8.9946581e+03	   5.9264534e-23
   9.0153999e+03	   5.9401317e-23
   9.0361895e+03	   5.9538420e-23
   9.0570270e+03	   5.9675842e-23
   9.0779126e+03	   5.9813586e-23
   9.0988463e+03	   5.9951651e-23
   9.1198283e+03	   6.0090038e-23
   9.1408587e+03	   6.0228748e-23
   9.1619376e+03	   6.0367782e-23
   9.1830651e+03	   6.0507141e-23
   9.2042413e+03	   6.0646825e-23
   9.2254664e+03	   6.0786835e-23
   9.2467404e+03	   6.0927180e-23
   9.2680634e+03	   6.1067836e-23
   9.2894356e+03	   6.1208830e-23
   9.3108571e+03	   6.1350152e-23
   9.3323280e+03	   6.1491804e-23
   9.3538485e+03	   6.1633787e-23
   9.3754185e+03	   6.1776102e-23
   9.3970383e+03	   6.1918749e-23
   9.4187079e+03	   6.2061729e-23
   9.4404276e+03	   6.2205043e-23
   9.4621973e+03	   6.2348692e-23
   9.4840172e+03	   6.2492677e-23
   9.5058874e+03	   6.2636997e-23
   9.5278080e+03	   6.2781655e-23
   9.5497792e+03	   6.2926651e-23
   9.5718011e+03	   6.3071985e-23
   9.5938737e+03	   6.3217659e-23
   9.6159973e+03	   6.3363679e-23
   9.6381718e+03	   6.3510029e-23
   9.6603975e+03	   6.3656726e-23
   9.6826745e+03	   6.3803766e-23
   9.7050028e+03	   6.3951150e-23
   9.7273826e+03	   6.4098878e-23
   9.7498140e+03	   6.4246951e-23
   9.7722972e+03	   6.4395370e-23
   9.7948322e+03	   6.4544136e-23
   9.8174191e+03	   6.4693250e-23
   9.8400582e+03	   6.4842712e-23
   9.8627494e+03	   6.4992524e-23
   9.8854930e+03	   6.5142686e-23
   9.9082890e+03	   6.5293198e-23
   9.9311376e+03	   6.5444063e-23
   9.9540389e+03	   6.5595280e-23
   9.9769930e+03	   6.5746851e-23
   1.0000000e+04	   6.5898776e-23
