   1.0000000e+01	   4.3590480e-22
   1.0023060e+01	   4.3196750e-22
   1.0046173e+01	   4.2806624e-22
   1.0069340e+01	   4.2420068e-22
   1.0092560e+01	   4.2037048e-22
   1.0115833e+01	   4.1657530e-22
   1.0139161e+01	   4.1281482e-22
   1.0162542e+01	   4.0908870e-22
   1.0185976e+01	   4.0539663e-22
   1.0209465e+01	   4.0173827e-22
   1.0233008e+01	   3.9811332e-22
   1.0256606e+01	   3.9452145e-22
   1.0280258e+01	   3.9096236e-22
   1.0303964e+01	   3.8743572e-22
   1.0327725e+01	   3.8394123e-22
   1.0351541e+01	   3.8047858e-22
   1.0375412e+01	   3.7704748e-22
   1.0399337e+01	   3.7364762e-22
   1.0423318e+01	   3.7027872e-22
   1.0447355e+01	   3.6694052e-22
   1.0471446e+01	   3.6363281e-22
   1.0495594e+01	   3.6035534e-22
   1.0519796e+01	   3.5710789e-22
   1.0544055e+01	   3.5389024e-22
   1.0568370e+01	   3.5070216e-22
   1.0592741e+01	   3.4754344e-22
   1.0617168e+01	   3.4441385e-22
   1.0641651e+01	   3.4131312e-22
   1.0666191e+01	   3.3824095e-22
   1.0690787e+01	   3.3519707e-22
   1.0715440e+01	   3.3218118e-22
   1.0740150e+01	   3.2919299e-22
   1.0764917e+01	   3.2623222e-22
   1.0789741e+01	   3.2329860e-22
   1.0814622e+01	   3.2039184e-22
   1.0839560e+01	   3.1751167e-22
   1.0864557e+01	   3.1465783e-22
   1.0889610e+01	   3.1183006e-22
   1.0914722e+01	   3.0902809e-22
   1.0939891e+01	   3.0625167e-22
   1.0965119e+01	   3.0350053e-22
   1.0990404e+01	   3.0077443e-22
   1.1015748e+01	   2.9807312e-22
   1.1041151e+01	   2.9539639e-22
   1.1066612e+01	   2.9274407e-22
   1.1092131e+01	   2.9011597e-22
   1.1117710e+01	   2.8751193e-22
   1.1143347e+01	   2.8493179e-22
   1.1169044e+01	   2.8237536e-22
   1.1194800e+01	   2.7984248e-22
   1.1220615e+01	   2.7733300e-22
   1.1246490e+01	   2.7484682e-22
   1.1272425e+01	   2.7238387e-22
   1.1298419e+01	   2.6994408e-22
   1.1324473e+01	   2.6752740e-22
   1.1350587e+01	   2.6513376e-22
   1.1376762e+01	   2.6276309e-22
   1.1402997e+01	   2.6041535e-22
   1.1429292e+01	   2.5809040e-22
   1.1455648e+01	   2.5578794e-22
   1.1482065e+01	   2.5350759e-22
   1.1508543e+01	   2.5124901e-22
   1.1535082e+01	   2.4901184e-22
   1.1561682e+01	   2.4679573e-22
   1.1588343e+01	   2.4460032e-22
   1.1615066e+01	   2.4242528e-22
   1.1641850e+01	   2.4027034e-22
   1.1668696e+01	   2.3813532e-22
   1.1695605e+01	   2.3602005e-22
   1.1722575e+01	   2.3392436e-22
   1.1749607e+01	   2.3184807e-22
   1.1776702e+01	   2.2979101e-22
   1.1803859e+01	   2.2775301e-22
   1.1831079e+01	   2.2573390e-22
   1.1858361e+01	   2.2373342e-22
   1.1885707e+01	   2.2175133e-22
   1.1913115e+01	   2.1978738e-22
   1.1940587e+01	   2.1784134e-22
   1.1968122e+01	   2.1591294e-22
   1.1995721e+01	   2.1400196e-22
   1.2023383e+01	   2.1210815e-22
   1.2051109e+01	   2.1023140e-22
   1.2078899e+01	   2.0837165e-22
   1.2106753e+01	   2.0652881e-22
   1.2134671e+01	   2.0470282e-22
   1.2162654e+01	   2.0289361e-22
   1.2190701e+01	   2.0110113e-22
   1.2218813e+01	   1.9932531e-22
   1.2246989e+01	   1.9756606e-22
   1.2275231e+01	   1.9582329e-22
   1.2303538e+01	   1.9409691e-22
   1.2331910e+01	   1.9238682e-22
   1.2360347e+01	   1.9069293e-22
   1.2388850e+01	   1.8901516e-22
   1.2417419e+01	   1.8735341e-22
   1.2446054e+01	   1.8570751e-22
   1.2474755e+01	   1.8407724e-22
   1.2503521e+01	   1.8246236e-22
   1.2532355e+01	   1.8086264e-22
   1.2561254e+01	   1.7927784e-22
   1.2590221e+01	   1.7770774e-22
   1.2619254e+01	   1.7615211e-22
   1.2648354e+01	   1.7461073e-22
   1.2677521e+01	   1.7308341e-22
   1.2706756e+01	   1.7156997e-22
   1.2736058e+01	   1.7007021e-22
   1.2765427e+01	   1.6858395e-22
   1.2794864e+01	   1.6711099e-22
   1.2824369e+01	   1.6565114e-22
   1.2853942e+01	   1.6420423e-22
   1.2883584e+01	   1.6277007e-22
   1.2913293e+01	   1.6134848e-22
   1.2943071e+01	   1.5993929e-22
   1.2972918e+01	   1.5854232e-22
   1.3002834e+01	   1.5715739e-22
   1.3032818e+01	   1.5578432e-22
   1.3062872e+01	   1.5442288e-22
   1.3092995e+01	   1.5307283e-22
   1.3123188e+01	   1.5173393e-22
   1.3153450e+01	   1.5040597e-22
   1.3183782e+01	   1.4908871e-22
   1.3214184e+01	   1.4778192e-22
   1.3244656e+01	   1.4648554e-22
   1.3275198e+01	   1.4519965e-22
   1.3305811e+01	   1.4392434e-22
   1.3336494e+01	   1.4265971e-22
   1.3367248e+01	   1.4140585e-22
   1.3398073e+01	   1.4016287e-22
   1.3428969e+01	   1.3893084e-22
   1.3459937e+01	   1.3770973e-22
   1.3490975e+01	   1.3649951e-22
   1.3522086e+01	   1.3530012e-22
   1.3553268e+01	   1.3411152e-22
   1.3584522e+01	   1.3293366e-22
   1.3615848e+01	   1.3176649e-22
   1.3647246e+01	   1.3060994e-22
   1.3678716e+01	   1.2946390e-22
   1.3710260e+01	   1.2832827e-22
   1.3741876e+01	   1.2720294e-22
   1.3773565e+01	   1.2608781e-22
   1.3805326e+01	   1.2498278e-22
   1.3837162e+01	   1.2388775e-22
   1.3869070e+01	   1.2280264e-22
   1.3901052e+01	   1.2172736e-22
   1.3933108e+01	   1.2066184e-22
   1.3965238e+01	   1.1960600e-22
   1.3997442e+01	   1.1855976e-22
   1.4029720e+01	   1.1752303e-22
   1.4062073e+01	   1.1649573e-22
   1.4094500e+01	   1.1547778e-22
   1.4127002e+01	   1.1446907e-22
   1.4159579e+01	   1.1346952e-22
   1.4192231e+01	   1.1247905e-22
   1.4224959e+01	   1.1149756e-22
   1.4257762e+01	   1.1052501e-22
   1.4290640e+01	   1.0956133e-22
   1.4323594e+01	   1.0860648e-22
   1.4356625e+01	   1.0766040e-22
   1.4389731e+01	   1.0672305e-22
   1.4422914e+01	   1.0579437e-22
   1.4456173e+01	   1.0487423e-22
   1.4489510e+01	   1.0396246e-22
   1.4522922e+01	   1.0305888e-22
   1.4556412e+01	   1.0216332e-22
   1.4589980e+01	   1.0127562e-22
   1.4623624e+01	   1.0039561e-22
   1.4657346e+01	   9.9523135e-23
   1.4691146e+01	   9.8658036e-23
   1.4725024e+01	   9.7800164e-23
   1.4758980e+01	   9.6949371e-23
   1.4793015e+01	   9.6105514e-23
   1.4827127e+01	   9.5268470e-23
   1.4861319e+01	   9.4438236e-23
   1.4895589e+01	   9.3614862e-23
   1.4929939e+01	   9.2798399e-23
   1.4964367e+01	   9.1988894e-23
   1.4998875e+01	   9.1186392e-23
   1.5033463e+01	   9.0390927e-23
   1.5068130e+01	   8.9602495e-23
   1.5102877e+01	   8.8821080e-23
   1.5137704e+01	   8.8046667e-23
   1.5172612e+01	   8.7279239e-23
   1.5207600e+01	   8.6518776e-23
   1.5242669e+01	   8.5765268e-23
   1.5277819e+01	   8.5018713e-23
   1.5313050e+01	   8.4279112e-23
   1.5348362e+01	   8.3546460e-23
   1.5383755e+01	   8.2820752e-23
   1.5419230e+01	   8.2101978e-23
   1.5454787e+01	   8.1390101e-23
   1.5490426e+01	   8.0685059e-23
   1.5526147e+01	   7.9986790e-23
   1.5561950e+01	   7.9295234e-23
   1.5597836e+01	   7.8610329e-23
   1.5633805e+01	   7.7932037e-23
   1.5669857e+01	   7.7260422e-23
   1.5705991e+01	   7.6595572e-23
   1.5742210e+01	   7.5937566e-23
   1.5778511e+01	   7.5286477e-23
   1.5814897e+01	   7.4642367e-23
   1.5851366e+01	   7.4005159e-23
   1.5887919e+01	   7.3374612e-23
   1.5924557e+01	   7.2750481e-23
   1.5961279e+01	   7.2132531e-23
   1.5998086e+01	   7.1520538e-23
   1.6034978e+01	   7.0914289e-23
   1.6071954e+01	   7.0313624e-23
   1.6109016e+01	   6.9718400e-23
   1.6146164e+01	   6.9128478e-23
   1.6183397e+01	   6.8543725e-23
   1.6220716e+01	   6.7964020e-23
   1.6258121e+01	   6.7389394e-23
   1.6295613e+01	   6.6820001e-23
   1.6333190e+01	   6.6255991e-23
   1.6370855e+01	   6.5697504e-23
   1.6408606e+01	   6.5144668e-23
   1.6446445e+01	   6.4597513e-23
   1.6484370e+01	   6.4055876e-23
   1.6522383e+01	   6.3519579e-23
   1.6560484e+01	   6.2988451e-23
   1.6598673e+01	   6.2462325e-23
   1.6636949e+01	   6.1941066e-23
   1.6675314e+01	   6.1424658e-23
   1.6713768e+01	   6.0913115e-23
   1.6752310e+01	   6.0406449e-23
   1.6790941e+01	   5.9904671e-23
   1.6829661e+01	   5.9407776e-23
   1.6868470e+01	   5.8915664e-23
   1.6907369e+01	   5.8428187e-23
   1.6946357e+01	   5.7945202e-23
   1.6985436e+01	   5.7466573e-23
   1.7024604e+01	   5.6992185e-23
   1.7063863e+01	   5.6522174e-23
   1.7103213e+01	   5.6056844e-23
   1.7142653e+01	   5.5596484e-23
   1.7182184e+01	   5.5141375e-23
   1.7221806e+01	   5.4691791e-23
   1.7261520e+01	   5.4247905e-23
   1.7301325e+01	   5.3809823e-23
   1.7341222e+01	   5.3377673e-23
   1.7381211e+01	   5.2951615e-23
   1.7421292e+01	   5.2531837e-23
   1.7461466e+01	   5.2118210e-23
   1.7501732e+01	   5.1710270e-23
   1.7542091e+01	   5.1307493e-23
   1.7582543e+01	   5.0909288e-23
   1.7623089e+01	   5.0515012e-23
   1.7663728e+01	   5.0124328e-23
   1.7704460e+01	   4.9737195e-23
   1.7745287e+01	   4.9353590e-23
   1.7786208e+01	   4.8973498e-23
   1.7827223e+01	   4.8596896e-23
   1.7868333e+01	   4.8223652e-23
   1.7909537e+01	   4.7853544e-23
   1.7950837e+01	   4.7486344e-23
   1.7992231e+01	   4.7121815e-23
   1.8033722e+01	   4.6759719e-23
   1.8075308e+01	   4.6399849e-23
   1.8116989e+01	   4.6042014e-23
   1.8158767e+01	   4.5686028e-23
   1.8200642e+01	   4.5331712e-23
   1.8242612e+01	   4.4978906e-23
   1.8284680e+01	   4.4627505e-23
   1.8326845e+01	   4.4277430e-23
   1.8369106e+01	   4.3928617e-23
   1.8411466e+01	   4.3581018e-23
   1.8453923e+01	   4.3234674e-23
   1.8496478e+01	   4.2889774e-23
   1.8539131e+01	   4.2546523e-23
   1.8581882e+01	   4.2205131e-23
   1.8624732e+01	   4.1865804e-23
   1.8667681e+01	   4.1528700e-23
   1.8710728e+01	   4.1193940e-23
   1.8753876e+01	   4.0861645e-23
   1.8797122e+01	   4.0531930e-23
   1.8840468e+01	   4.0204932e-23
   1.8883915e+01	   3.9880881e-23
   1.8927461e+01	   3.9560014e-23
   1.8971108e+01	   3.9242538e-23
   1.9014856e+01	   3.8928628e-23
   1.9058704e+01	   3.8618292e-23
   1.9102653e+01	   3.8311331e-23
   1.9146704e+01	   3.8007558e-23
   1.9190857e+01	   3.7706817e-23
   1.9235111e+01	   3.7409066e-23
   1.9279467e+01	   3.7114867e-23
   1.9323926e+01	   3.6824916e-23
   1.9368487e+01	   3.6539755e-23
   1.9413151e+01	   3.6259816e-23
   1.9457918e+01	   3.5985034e-23
   1.9502788e+01	   3.5714615e-23
   1.9547762e+01	   3.5447786e-23
   1.9592839e+01	   3.5183814e-23
   1.9638020e+01	   3.4922055e-23
   1.9683305e+01	   3.4662413e-23
   1.9728695e+01	   3.4405011e-23
   1.9774190e+01	   3.4149968e-23
   1.9819789e+01	   3.3897402e-23
   1.9865494e+01	   3.3647348e-23
   1.9911304e+01	   3.3399750e-23
   1.9957219e+01	   3.3154547e-23
   2.0003241e+01	   3.2911678e-23
   2.0049369e+01	   3.2671094e-23
   2.0095603e+01	   3.2432777e-23
   2.0141943e+01	   3.2196717e-23
   2.0188391e+01	   3.1962902e-23
   2.0234945e+01	   3.1731320e-23
   2.0281607e+01	   3.1501952e-23
   2.0328377e+01	   3.1274773e-23
   2.0375254e+01	   3.1049761e-23
   2.0422240e+01	   3.0826892e-23
   2.0469333e+01	   3.0606146e-23
   2.0516536e+01	   3.0387503e-23
   2.0563847e+01	   3.0170944e-23
   2.0611268e+01	   2.9956450e-23
   2.0658797e+01	   2.9744003e-23
   2.0706437e+01	   2.9533582e-23
   2.0754186e+01	   2.9325168e-23
   2.0802045e+01	   2.9118741e-23
   2.0850015e+01	   2.8914283e-23
   2.0898095e+01	   2.8711777e-23
   2.0946286e+01	   2.8511205e-23
   2.0994589e+01	   2.8312550e-23
   2.1043002e+01	   2.8115797e-23
   2.1091528e+01	   2.7920928e-23
   2.1140165e+01	   2.7727928e-23
   2.1188914e+01	   2.7536778e-23
   2.1237776e+01	   2.7347463e-23
   2.1286750e+01	   2.7159967e-23
   2.1335838e+01	   2.6974272e-23
   2.1385039e+01	   2.6790361e-23
   2.1434353e+01	   2.6608219e-23
   2.1483780e+01	   2.6427828e-23
   2.1533322e+01	   2.6249173e-23
   2.1582978e+01	   2.6072238e-23
   2.1632749e+01	   2.5897007e-23
   2.1682634e+01	   2.5723464e-23
   2.1732634e+01	   2.5551594e-23
   2.1782750e+01	   2.5381381e-23
   2.1832981e+01	   2.5212810e-23
   2.1883328e+01	   2.5045866e-23
   2.1933791e+01	   2.4880533e-23
   2.1984371e+01	   2.4716797e-23
   2.2035067e+01	   2.4554644e-23
   2.2085880e+01	   2.4394057e-23
   2.2136810e+01	   2.4235023e-23
   2.2187858e+01	   2.4077527e-23
   2.2239023e+01	   2.3921556e-23
   2.2290306e+01	   2.3767093e-23
   2.2341708e+01	   2.3614127e-23
   2.2393228e+01	   2.3462643e-23
   2.2444867e+01	   2.3312627e-23
   2.2496625e+01	   2.3164065e-23
   2.2548503e+01	   2.3016942e-23
   2.2600500e+01	   2.2871246e-23
   2.2652617e+01	   2.2726961e-23
   2.2704854e+01	   2.2584078e-23
   2.2757211e+01	   2.2442584e-23
   2.2809689e+01	   2.2302470e-23
   2.2862289e+01	   2.2163720e-23
   2.2915009e+01	   2.2026313e-23
   2.2967852e+01	   2.1890227e-23
   2.3020816e+01	   2.1755438e-23
   2.3073902e+01	   2.1621929e-23
   2.3127110e+01	   2.1489690e-23
   2.3180442e+01	   2.1358708e-23
   2.3233896e+01	   2.1228974e-23
   2.3287474e+01	   2.1100478e-23
   2.3341175e+01	   2.0973211e-23
   2.3395000e+01	   2.0847165e-23
   2.3448949e+01	   2.0722330e-23
   2.3503022e+01	   2.0598699e-23
   2.3557220e+01	   2.0476264e-23
   2.3611543e+01	   2.0355016e-23
   2.3665992e+01	   2.0234945e-23
   2.3720566e+01	   2.0116040e-23
   2.3775265e+01	   1.9998287e-23
   2.3830091e+01	   1.9881675e-23
   2.3885044e+01	   1.9766200e-23
   2.3940123e+01	   1.9651865e-23
   2.3995329e+01	   1.9538674e-23
   2.4050662e+01	   1.9426628e-23
   2.4106123e+01	   1.9315726e-23
   2.4161712e+01	   1.9205967e-23
   2.4217429e+01	   1.9097349e-23
   2.4273275e+01	   1.8989856e-23
   2.4329249e+01	   1.8883450e-23
   2.4385353e+01	   1.8778094e-23
   2.4441586e+01	   1.8673753e-23
   2.4497948e+01	   1.8570414e-23
   2.4554441e+01	   1.8468072e-23
   2.4611063e+01	   1.8366727e-23
   2.4667817e+01	   1.8266371e-23
   2.4724701e+01	   1.8166996e-23
   2.4781716e+01	   1.8068590e-23
   2.4838863e+01	   1.7971142e-23
   2.4896142e+01	   1.7874640e-23
   2.4953552e+01	   1.7779076e-23
   2.5011095e+01	   1.7684436e-23
   2.5068771e+01	   1.7590715e-23
   2.5126580e+01	   1.7497915e-23
   2.5184522e+01	   1.7406036e-23
   2.5242598e+01	   1.7315080e-23
   2.5300807e+01	   1.7225040e-23
   2.5359151e+01	   1.7135905e-23
   2.5417630e+01	   1.7047661e-23
   2.5476243e+01	   1.6960300e-23
   2.5534991e+01	   1.6873808e-23
   2.5593875e+01	   1.6788177e-23
   2.5652895e+01	   1.6703395e-23
   2.5712050e+01	   1.6619451e-23
   2.5771343e+01	   1.6536337e-23
   2.5830772e+01	   1.6454040e-23
   2.5890338e+01	   1.6372552e-23
   2.5950041e+01	   1.6291863e-23
   2.6009882e+01	   1.6211961e-23
   2.6069861e+01	   1.6132838e-23
   2.6129978e+01	   1.6054484e-23
   2.6190234e+01	   1.5976889e-23
   2.6250629e+01	   1.5900043e-23
   2.6311163e+01	   1.5823936e-23
   2.6371837e+01	   1.5748560e-23
   2.6432650e+01	   1.5673905e-23
   2.6493604e+01	   1.5599960e-23
   2.6554699e+01	   1.5526718e-23
   2.6615934e+01	   1.5454169e-23
   2.6677311e+01	   1.5382302e-23
   2.6738829e+01	   1.5311111e-23
   2.6800489e+01	   1.5240584e-23
   2.6862291e+01	   1.5170714e-23
   2.6924236e+01	   1.5101492e-23
   2.6986323e+01	   1.5032909e-23
   2.7048554e+01	   1.4964956e-23
   2.7110928e+01	   1.4897626e-23
   2.7173446e+01	   1.4830910e-23
   2.7236108e+01	   1.4764800e-23
   2.7298915e+01	   1.4699289e-23
   2.7361866e+01	   1.4634368e-23
   2.7424963e+01	   1.4570028e-23
   2.7488205e+01	   1.4506266e-23
   2.7551593e+01	   1.4443076e-23
   2.7615127e+01	   1.4380455e-23
   2.7678808e+01	   1.4318401e-23
   2.7742636e+01	   1.4256910e-23
   2.7806610e+01	   1.4195979e-23
   2.7870732e+01	   1.4135603e-23
   2.7935003e+01	   1.4075779e-23
   2.7999421e+01	   1.4016504e-23
   2.8063988e+01	   1.3957774e-23
   2.8128704e+01	   1.3899585e-23
   2.8193569e+01	   1.3841933e-23
   2.8258583e+01	   1.3784814e-23
   2.8323748e+01	   1.3728225e-23
   2.8389062e+01	   1.3672161e-23
   2.8454528e+01	   1.3616619e-23
   2.8520144e+01	   1.3561594e-23
   2.8585912e+01	   1.3507082e-23
   2.8651831e+01	   1.3453079e-23
   2.8717903e+01	   1.3399581e-23
   2.8784126e+01	   1.3346582e-23
   2.8850503e+01	   1.3294079e-23
   2.8917032e+01	   1.3242068e-23
   2.8983715e+01	   1.3190543e-23
   2.9050552e+01	   1.3139500e-23
   2.9117543e+01	   1.3088935e-23
   2.9184688e+01	   1.3038843e-23
   2.9251988e+01	   1.2989218e-23
   2.9319443e+01	   1.2940057e-23
   2.9387054e+01	   1.2891355e-23
   2.9454821e+01	   1.2843107e-23
   2.9522744e+01	   1.2795308e-23
   2.9590824e+01	   1.2747954e-23
   2.9659060e+01	   1.2701039e-23
   2.9727454e+01	   1.2654560e-23
   2.9796006e+01	   1.2608512e-23
   2.9864716e+01	   1.2562889e-23
   2.9933584e+01	   1.2517688e-23
   3.0002611e+01	   1.2472904e-23
   3.0071797e+01	   1.2428534e-23
   3.0141143e+01	   1.2384569e-23
   3.0210649e+01	   1.2341001e-23
   3.0280315e+01	   1.2297825e-23
   3.0350142e+01	   1.2255035e-23
   3.0420129e+01	   1.2212627e-23
   3.0490278e+01	   1.2170596e-23
   3.0560589e+01	   1.2128939e-23
   3.0631062e+01	   1.2087649e-23
   3.0701697e+01	   1.2046724e-23
   3.0772496e+01	   1.2006159e-23
   3.0843457e+01	   1.1965950e-23
   3.0914583e+01	   1.1926092e-23
   3.0985872e+01	   1.1886582e-23
   3.1057326e+01	   1.1847413e-23
   3.1128944e+01	   1.1808585e-23
   3.1200728e+01	   1.1770093e-23
   3.1272677e+01	   1.1731935e-23
   3.1344792e+01	   1.1694101e-23
   3.1417073e+01	   1.1656585e-23
   3.1489521e+01	   1.1619387e-23
   3.1562136e+01	   1.1582529e-23
   3.1634919e+01	   1.1546033e-23
   3.1707869e+01	   1.1509895e-23
   3.1780988e+01	   1.1474082e-23
   3.1854275e+01	   1.1438560e-23
   3.1927731e+01	   1.1403320e-23
   3.2001357e+01	   1.1368367e-23
   3.2075152e+01	   1.1333702e-23
   3.2149118e+01	   1.1299322e-23
   3.2223254e+01	   1.1265219e-23
   3.2297561e+01	   1.1231388e-23
   3.2372039e+01	   1.1197825e-23
   3.2446689e+01	   1.1164527e-23
   3.2521512e+01	   1.1131491e-23
   3.2596506e+01	   1.1098712e-23
   3.2671674e+01	   1.1066187e-23
   3.2747015e+01	   1.1033912e-23
   3.2822530e+01	   1.1001882e-23
   3.2898219e+01	   1.0970096e-23
   3.2974083e+01	   1.0938553e-23
   3.3050121e+01	   1.0907255e-23
   3.3126335e+01	   1.0876199e-23
   3.3202725e+01	   1.0845386e-23
   3.3279290e+01	   1.0814813e-23
   3.3356033e+01	   1.0784479e-23
   3.3432952e+01	   1.0754381e-23
   3.3510049e+01	   1.0724517e-23
   3.3587323e+01	   1.0694885e-23
   3.3664776e+01	   1.0665483e-23
   3.3742407e+01	   1.0636309e-23
   3.3820217e+01	   1.0607361e-23
   3.3898207e+01	   1.0578638e-23
   3.3976376e+01	   1.0550136e-23
   3.4054726e+01	   1.0521855e-23
   3.4133257e+01	   1.0493792e-23
   3.4211968e+01	   1.0465944e-23
   3.4290861e+01	   1.0438311e-23
   3.4369936e+01	   1.0410890e-23
   3.4449194e+01	   1.0383678e-23
   3.4528634e+01	   1.0356675e-23
   3.4608257e+01	   1.0329877e-23
   3.4688064e+01	   1.0303282e-23
   3.4768055e+01	   1.0276890e-23
   3.4848230e+01	   1.0250697e-23
   3.4928590e+01	   1.0224701e-23
   3.5009136e+01	   1.0198901e-23
   3.5089867e+01	   1.0173295e-23
   3.5170785e+01	   1.0147879e-23
   3.5251889e+01	   1.0122653e-23
   3.5333180e+01	   1.0097615e-23
   3.5414659e+01	   1.0072761e-23
   3.5496325e+01	   1.0048090e-23
   3.5578180e+01	   1.0023601e-23
   3.5660224e+01	   9.9992912e-24
   3.5742456e+01	   9.9751584e-24
   3.5824879e+01	   9.9512004e-24
   3.5907491e+01	   9.9274155e-24
   3.5990294e+01	   9.9038026e-24
   3.6073288e+01	   9.8803602e-24
   3.6156473e+01	   9.8570852e-24
   3.6239850e+01	   9.8339739e-24
   3.6323420e+01	   9.8110238e-24
   3.6407182e+01	   9.7882331e-24
   3.6491137e+01	   9.7656004e-24
   3.6575286e+01	   9.7431243e-24
   3.6659629e+01	   9.7208035e-24
   3.6744166e+01	   9.6986355e-24
   3.6828898e+01	   9.6766175e-24
   3.6913826e+01	   9.6547491e-24
   3.6998950e+01	   9.6330332e-24
   3.7084270e+01	   9.6114712e-24
   3.7169786e+01	   9.5900583e-24
   3.7255500e+01	   9.5687888e-24
   3.7341412e+01	   9.5476601e-24
   3.7427521e+01	   9.5266713e-24
   3.7513829e+01	   9.5058212e-24
   3.7600336e+01	   9.4851084e-24
   3.7687043e+01	   9.4645310e-24
   3.7773950e+01	   9.4440879e-24
   3.7861057e+01	   9.4237775e-24
   3.7948365e+01	   9.4035985e-24
   3.8035874e+01	   9.3835494e-24
   3.8123585e+01	   9.3636289e-24
   3.8211498e+01	   9.3438356e-24
   3.8299614e+01	   9.3241683e-24
   3.8387933e+01	   9.3046254e-24
   3.8476456e+01	   9.2852058e-24
   3.8565183e+01	   9.2659081e-24
   3.8654115e+01	   9.2467309e-24
   3.8743251e+01	   9.2276730e-24
   3.8832594e+01	   9.2087332e-24
   3.8922142e+01	   9.1899103e-24
   3.9011897e+01	   9.1712030e-24
   3.9101858e+01	   9.1526101e-24
   3.9192028e+01	   9.1341305e-24
   3.9282405e+01	   9.1157630e-24
   3.9372990e+01	   9.0975065e-24
   3.9463785e+01	   9.0793597e-24
   3.9554788e+01	   9.0613216e-24
   3.9646002e+01	   9.0433911e-24
   3.9737426e+01	   9.0255671e-24
   3.9829061e+01	   9.0078484e-24
   3.9920907e+01	   8.9902340e-24
   4.0012965e+01	   8.9727229e-24
   4.0105235e+01	   8.9553139e-24
   4.0197718e+01	   8.9380061e-24
   4.0290414e+01	   8.9207984e-24
   4.0383324e+01	   8.9036898e-24
   4.0476449e+01	   8.8866794e-24
   4.0569788e+01	   8.8697660e-24
   4.0663342e+01	   8.8529488e-24
   4.0757112e+01	   8.8362268e-24
   4.0851098e+01	   8.8195990e-24
   4.0945301e+01	   8.8030645e-24
   4.1039721e+01	   8.7866223e-24
   4.1134359e+01	   8.7702716e-24
   4.1229215e+01	   8.7540113e-24
   4.1324290e+01	   8.7378407e-24
   4.1419584e+01	   8.7217588e-24
   4.1515098e+01	   8.7057647e-24
   4.1610832e+01	   8.6898577e-24
   4.1706787e+01	   8.6740371e-24
   4.1802963e+01	   8.6583031e-24
   4.1899361e+01	   8.6426553e-24
   4.1995982e+01	   8.6270917e-24
   4.2092825e+01	   8.6116104e-24
   4.2189891e+01	   8.5962106e-24
   4.2287181e+01	   8.5808917e-24
   4.2384696e+01	   8.5656531e-24
   4.2482435e+01	   8.5504938e-24
   4.2580400e+01	   8.5354130e-24
   4.2678591e+01	   8.5204100e-24
   4.2777008e+01	   8.5054840e-24
   4.2875652e+01	   8.4906343e-24
   4.2974524e+01	   8.4758601e-24
   4.3073623e+01	   8.4611607e-24
   4.3172951e+01	   8.4465354e-24
   4.3272508e+01	   8.4319835e-24
   4.3372295e+01	   8.4175044e-24
   4.3472312e+01	   8.4030974e-24
   4.3572559e+01	   8.3887619e-24
   4.3673038e+01	   8.3744971e-24
   4.3773748e+01	   8.3603025e-24
   4.3874691e+01	   8.3461774e-24
   4.3975866e+01	   8.3321211e-24
   4.4077275e+01	   8.3181330e-24
   4.4178918e+01	   8.3042126e-24
   4.4280795e+01	   8.2903591e-24
   4.4382906e+01	   8.2765719e-24
   4.4485254e+01	   8.2628506e-24
   4.4587837e+01	   8.2491943e-24
   4.4690657e+01	   8.2356027e-24
   4.4793714e+01	   8.2220750e-24
   4.4897009e+01	   8.2086107e-24
   4.5000541e+01	   8.1952093e-24
   4.5104313e+01	   8.1818701e-24
   4.5208324e+01	   8.1685926e-24
   4.5312575e+01	   8.1553762e-24
   4.5417066e+01	   8.1422204e-24
   4.5521798e+01	   8.1291247e-24
   4.5626772e+01	   8.1160884e-24
   4.5731987e+01	   8.1031112e-24
   4.5837446e+01	   8.0901923e-24
   4.5943147e+01	   8.0773315e-24
   4.6049092e+01	   8.0645280e-24
   4.6155282e+01	   8.0517814e-24
   4.6261716e+01	   8.0390912e-24
   4.6368396e+01	   8.0264569e-24
   4.6475322e+01	   8.0138780e-24
   4.6582494e+01	   8.0013540e-24
   4.6689914e+01	   7.9888844e-24
   4.6797581e+01	   7.9764688e-24
   4.6905497e+01	   7.9641067e-24
   4.7013661e+01	   7.9517976e-24
   4.7122075e+01	   7.9395410e-24
   4.7230739e+01	   7.9273366e-24
   4.7339654e+01	   7.9151838e-24
   4.7448819e+01	   7.9030821e-24
   4.7558236e+01	   7.8910312e-24
   4.7667906e+01	   7.8790306e-24
   4.7777829e+01	   7.8670799e-24
   4.7888005e+01	   7.8551786e-24
   4.7998435e+01	   7.8433264e-24
   4.8109120e+01	   7.8315227e-24
   4.8220060e+01	   7.8197673e-24
   4.8331255e+01	   7.8080596e-24
   4.8442708e+01	   7.7963994e-24
   4.8554417e+01	   7.7847861e-24
   4.8666384e+01	   7.7732194e-24
   4.8778609e+01	   7.7616990e-24
   4.8891093e+01	   7.7502243e-24
   4.9003836e+01	   7.7387952e-24
   4.9116839e+01	   7.7274111e-24
   4.9230103e+01	   7.7160717e-24
   4.9343628e+01	   7.7047767e-24
   4.9457415e+01	   7.6935256e-24
   4.9571464e+01	   7.6823182e-24
   4.9685776e+01	   7.6711540e-24
   4.9800352e+01	   7.6600327e-24
   4.9915192e+01	   7.6489540e-24
   5.0030297e+01	   7.6379176e-24
   5.0145667e+01	   7.6269230e-24
   5.0261303e+01	   7.6159700e-24
   5.0377206e+01	   7.6050582e-24
   5.0493376e+01	   7.5941873e-24
   5.0609814e+01	   7.5833570e-24
   5.0726521e+01	   7.5725669e-24
   5.0843497e+01	   7.5618168e-24
   5.0960742e+01	   7.5511063e-24
   5.1078258e+01	   7.5404351e-24
   5.1196045e+01	   7.5298029e-24
   5.1314103e+01	   7.5192094e-24
   5.1432434e+01	   7.5086543e-24
   5.1551038e+01	   7.4981373e-24
   5.1669915e+01	   7.4876582e-24
   5.1789066e+01	   7.4772165e-24
   5.1908492e+01	   7.4668121e-24
   5.2028193e+01	   7.4564446e-24
   5.2148171e+01	   7.4461139e-24
   5.2268425e+01	   7.4358195e-24
   5.2388956e+01	   7.4255612e-24
   5.2509766e+01	   7.4153388e-24
   5.2630854e+01	   7.4051519e-24
   5.2752221e+01	   7.3950004e-24
   5.2873868e+01	   7.3848839e-24
   5.2995795e+01	   7.3748022e-24
   5.3118004e+01	   7.3647551e-24
   5.3240495e+01	   7.3547422e-24
   5.3363268e+01	   7.3447634e-24
   5.3486324e+01	   7.3348183e-24
   5.3609663e+01	   7.3249067e-24
   5.3733288e+01	   7.3150285e-24
   5.3857197e+01	   7.3051832e-24
   5.3981392e+01	   7.2953708e-24
   5.4105874e+01	   7.2855910e-24
   5.4230642e+01	   7.2758435e-24
   5.4355699e+01	   7.2661280e-24
   5.4481043e+01	   7.2564445e-24
   5.4606677e+01	   7.2467926e-24
   5.4732600e+01	   7.2371721e-24
   5.4858814e+01	   7.2275829e-24
   5.4985319e+01	   7.2180246e-24
   5.5112116e+01	   7.2084971e-24
   5.5239205e+01	   7.1990001e-24
   5.5366587e+01	   7.1895334e-24
   5.5494262e+01	   7.1800969e-24
   5.5622233e+01	   7.1706903e-24
   5.5750498e+01	   7.1613134e-24
   5.5879059e+01	   7.1519660e-24
   5.6007916e+01	   7.1426479e-24
   5.6137071e+01	   7.1333588e-24
   5.6266524e+01	   7.1240987e-24
   5.6396275e+01	   7.1148673e-24
   5.6526325e+01	   7.1056644e-24
   5.6656675e+01	   7.0964898e-24
   5.6787326e+01	   7.0873433e-24
   5.6918278e+01	   7.0782247e-24
   5.7049532e+01	   7.0691339e-24
   5.7181088e+01	   7.0600707e-24
   5.7312948e+01	   7.0510348e-24
   5.7445113e+01	   7.0420262e-24
   5.7577581e+01	   7.0330445e-24
   5.7710356e+01	   7.0240898e-24
   5.7843436e+01	   7.0151616e-24
   5.7976824e+01	   7.0062600e-24
   5.8110519e+01	   6.9973847e-24
   5.8244522e+01	   6.9885355e-24
   5.8378834e+01	   6.9797123e-24
   5.8513456e+01	   6.9709150e-24
   5.8648389e+01	   6.9621433e-24
   5.8783632e+01	   6.9533970e-24
   5.8919188e+01	   6.9446761e-24
   5.9055056e+01	   6.9359804e-24
   5.9191237e+01	   6.9273096e-24
   5.9327733e+01	   6.9186638e-24
   5.9464543e+01	   6.9100425e-24
   5.9601669e+01	   6.9014459e-24
   5.9739111e+01	   6.8928736e-24
   5.9876870e+01	   6.8843255e-24
   6.0014946e+01	   6.8758015e-24
   6.0153341e+01	   6.8673015e-24
   6.0292055e+01	   6.8588252e-24
   6.0431089e+01	   6.8503726e-24
   6.0570443e+01	   6.8419435e-24
   6.0710119e+01	   6.8335377e-24
   6.0850117e+01	   6.8251551e-24
   6.0990438e+01	   6.8167956e-24
   6.1131083e+01	   6.8084591e-24
   6.1272051e+01	   6.8001453e-24
   6.1413345e+01	   6.7918542e-24
   6.1554965e+01	   6.7835856e-24
   6.1696911e+01	   6.7753394e-24
   6.1839185e+01	   6.7671154e-24
   6.1981786e+01	   6.7589136e-24
   6.2124717e+01	   6.7507338e-24
   6.2267977e+01	   6.7425758e-24
   6.2411567e+01	   6.7344396e-24
   6.2555489e+01	   6.7263250e-24
   6.2699742e+01	   6.7182319e-24
   6.2844328e+01	   6.7101601e-24
   6.2989248e+01	   6.7021096e-24
   6.3134501e+01	   6.6940802e-24
   6.3280090e+01	   6.6860718e-24
   6.3426014e+01	   6.6780843e-24
   6.3572275e+01	   6.6701175e-24
   6.3718874e+01	   6.6621714e-24
   6.3865810e+01	   6.6542458e-24
   6.4013085e+01	   6.6463406e-24
   6.4160699e+01	   6.6384557e-24
   6.4308655e+01	   6.6305910e-24
   6.4456951e+01	   6.6227464e-24
   6.4605589e+01	   6.6149218e-24
   6.4754570e+01	   6.6071170e-24
   6.4903894e+01	   6.5993319e-24
   6.5053563e+01	   6.5915665e-24
   6.5203577e+01	   6.5838206e-24
   6.5353937e+01	   6.5760941e-24
   6.5504644e+01	   6.5683870e-24
   6.5655698e+01	   6.5606990e-24
   6.5807101e+01	   6.5530302e-24
   6.5958852e+01	   6.5453804e-24
   6.6110954e+01	   6.5377495e-24
   6.6263406e+01	   6.5301374e-24
   6.6416210e+01	   6.5225440e-24
   6.6569367e+01	   6.5149692e-24
   6.6722876e+01	   6.5074130e-24
   6.6876740e+01	   6.4998751e-24
   6.7030958e+01	   6.4923556e-24
   6.7185532e+01	   6.4848543e-24
   6.7340462e+01	   6.4773711e-24
   6.7495750e+01	   6.4699060e-24
   6.7651395e+01	   6.4624588e-24
   6.7807400e+01	   6.4550295e-24
   6.7963764e+01	   6.4476179e-24
   6.8120489e+01	   6.4402240e-24
   6.8277576e+01	   6.4328477e-24
   6.8435024e+01	   6.4254889e-24
   6.8592836e+01	   6.4181475e-24
   6.8751012e+01	   6.4108234e-24
   6.8909552e+01	   6.4035165e-24
   6.9068458e+01	   6.3962268e-24
   6.9227730e+01	   6.3889542e-24
   6.9387370e+01	   6.3816986e-24
   6.9547378e+01	   6.3744598e-24
   6.9707755e+01	   6.3672379e-24
   6.9868501e+01	   6.3600326e-24
   7.0029619e+01	   6.3528441e-24
   7.0191107e+01	   6.3456721e-24
   7.0352969e+01	   6.3385166e-24
   7.0515203e+01	   6.3313775e-24
   7.0677812e+01	   6.3242548e-24
   7.0840795e+01	   6.3171483e-24
   7.1004155e+01	   6.3100580e-24
   7.1167891e+01	   6.3029838e-24
   7.1332004e+01	   6.2959257e-24
   7.1496497e+01	   6.2888835e-24
   7.1661368e+01	   6.2818571e-24
   7.1826620e+01	   6.2748466e-24
   7.1992252e+01	   6.2678518e-24
   7.2158267e+01	   6.2608727e-24
   7.2324665e+01	   6.2539092e-24
   7.2491446e+01	   6.2469612e-24
   7.2658612e+01	   6.2400286e-24
   7.2826163e+01	   6.2331114e-24
   7.2994101e+01	   6.2262095e-24
   7.3162426e+01	   6.2193229e-24
   7.3331139e+01	   6.2124514e-24
   7.3500241e+01	   6.2055951e-24
   7.3669733e+01	   6.1987538e-24
   7.3839616e+01	   6.1919274e-24
   7.4009891e+01	   6.1851160e-24
   7.4180558e+01	   6.1783194e-24
   7.4351619e+01	   6.1715375e-24
   7.4523074e+01	   6.1647704e-24
   7.4694925e+01	   6.1580180e-24
   7.4867172e+01	   6.1512801e-24
   7.5039817e+01	   6.1445567e-24
   7.5212859e+01	   6.1378478e-24
   7.5386300e+01	   6.1311533e-24
   7.5560142e+01	   6.1244732e-24
   7.5734384e+01	   6.1178073e-24
   7.5909028e+01	   6.1111556e-24
   7.6084075e+01	   6.1045181e-24
   7.6259525e+01	   6.0978947e-24
   7.6435380e+01	   6.0912853e-24
   7.6611641e+01	   6.0846899e-24
   7.6788308e+01	   6.0781085e-24
   7.6965382e+01	   6.0715409e-24
   7.7142865e+01	   6.0649871e-24
   7.7320757e+01	   6.0584470e-24
   7.7499060e+01	   6.0519207e-24
   7.7677773e+01	   6.0454080e-24
   7.7856898e+01	   6.0389089e-24
   7.8036437e+01	   6.0324234e-24
   7.8216390e+01	   6.0259513e-24
   7.8396757e+01	   6.0194926e-24
   7.8577541e+01	   6.0130473e-24
   7.8758741e+01	   6.0066154e-24
   7.8940359e+01	   6.0001967e-24
   7.9122397e+01	   5.9937912e-24
   7.9304853e+01	   5.9873989e-24
   7.9487731e+01	   5.9810197e-24
   7.9671030e+01	   5.9746536e-24
   7.9854752e+01	   5.9683005e-24
   8.0038898e+01	   5.9619604e-24
   8.0223468e+01	   5.9556331e-24
   8.0408464e+01	   5.9493188e-24
   8.0593887e+01	   5.9430173e-24
   8.0779737e+01	   5.9367285e-24
   8.0966016e+01	   5.9304525e-24
   8.1152724e+01	   5.9241891e-24
   8.1339863e+01	   5.9179384e-24
   8.1527433e+01	   5.9117002e-24
   8.1715436e+01	   5.9054746e-24
   8.1903872e+01	   5.8992615e-24
   8.2092743e+01	   5.8930609e-24
   8.2282050e+01	   5.8868726e-24
   8.2471793e+01	   5.8806967e-24
   8.2661973e+01	   5.8745331e-24
   8.2852592e+01	   5.8683818e-24
   8.3043651e+01	   5.8622427e-24
   8.3235150e+01	   5.8561158e-24
   8.3427091e+01	   5.8500010e-24
   8.3619475e+01	   5.8438983e-24
   8.3812302e+01	   5.8378077e-24
   8.4005574e+01	   5.8317291e-24
   8.4199291e+01	   5.8256625e-24
   8.4393456e+01	   5.8196078e-24
   8.4588067e+01	   5.8135649e-24
   8.4783128e+01	   5.8075340e-24
   8.4978639e+01	   5.8015148e-24
   8.5174600e+01	   5.7955074e-24
   8.5371013e+01	   5.7895118e-24
   8.5567880e+01	   5.7835278e-24
   8.5765200e+01	   5.7775555e-24
   8.5962975e+01	   5.7715948e-24
   8.6161206e+01	   5.7656457e-24
   8.6359895e+01	   5.7597081e-24
   8.6559041e+01	   5.7537820e-24
   8.6758647e+01	   5.7478674e-24
   8.6958713e+01	   5.7419642e-24
   8.7159241e+01	   5.7360724e-24
   8.7360231e+01	   5.7301920e-24
   8.7561684e+01	   5.7243228e-24
   8.7763602e+01	   5.7184650e-24
   8.7965985e+01	   5.7126184e-24
   8.8168836e+01	   5.7067830e-24
   8.8372154e+01	   5.7009588e-24
   8.8575940e+01	   5.6951457e-24
   8.8780197e+01	   5.6893437e-24
   8.8984925e+01	   5.6835528e-24
   8.9190125e+01	   5.6777729e-24
   8.9395798e+01	   5.6720040e-24
   8.9601945e+01	   5.6662462e-24
   8.9808568e+01	   5.6604992e-24
   9.0015667e+01	   5.6547631e-24
   9.0223244e+01	   5.6490380e-24
   9.0431300e+01	   5.6433236e-24
   9.0639835e+01	   5.6376201e-24
   9.0848851e+01	   5.6319273e-24
   9.1058349e+01	   5.6262453e-24
   9.1268331e+01	   5.6205740e-24
   9.1478796e+01	   5.6149134e-24
   9.1689747e+01	   5.6092634e-24
   9.1901184e+01	   5.6036241e-24
   9.2113109e+01	   5.5979953e-24
   9.2325522e+01	   5.5923771e-24
   9.2538426e+01	   5.5867695e-24
   9.2751820e+01	   5.5811723e-24
   9.2965707e+01	   5.5755856e-24
   9.3180086e+01	   5.5700093e-24
   9.3394960e+01	   5.5644435e-24
   9.3610330e+01	   5.5588881e-24
   9.3826196e+01	   5.5533430e-24
   9.4042560e+01	   5.5478082e-24
   9.4259423e+01	   5.5422837e-24
   9.4476786e+01	   5.5367695e-24
   9.4694650e+01	   5.5312656e-24
   9.4913016e+01	   5.5257718e-24
   9.5131886e+01	   5.5202883e-24
   9.5351261e+01	   5.5148149e-24
   9.5571142e+01	   5.5093517e-24
   9.5791530e+01	   5.5038985e-24
   9.6012426e+01	   5.4984555e-24
   9.6233831e+01	   5.4930225e-24
   9.6455747e+01	   5.4875995e-24
   9.6678175e+01	   5.4821866e-24
   9.6901115e+01	   5.4767836e-24
   9.7124570e+01	   5.4713906e-24
   9.7348540e+01	   5.4660075e-24
   9.7573027e+01	   5.4606343e-24
   9.7798031e+01	   5.4552710e-24
   9.8023554e+01	   5.4499176e-24
   9.8249597e+01	   5.4445740e-24
   9.8476161e+01	   5.4392402e-24
   9.8703248e+01	   5.4339162e-24
   9.8930858e+01	   5.4286019e-24
   9.9158994e+01	   5.4232974e-24
   9.9387655e+01	   5.4180026e-24
   9.9616844e+01	   5.4127175e-24
   9.9846561e+01	   5.4074420e-24
   1.0007681e+02	   5.4021762e-24
   1.0030759e+02	   5.3969201e-24
   1.0053890e+02	   5.3916735e-24
   1.0077074e+02	   5.3864365e-24
   1.0100312e+02	   5.3812090e-24
   1.0123603e+02	   5.3759911e-24
   1.0146948e+02	   5.3707828e-24
   1.0170347e+02	   5.3655839e-24
   1.0193800e+02	   5.3603944e-24
   1.0217307e+02	   5.3552144e-24
   1.0240868e+02	   5.3500439e-24
   1.0264484e+02	   5.3448827e-24
   1.0288154e+02	   5.3397310e-24
   1.0311878e+02	   5.3345886e-24
   1.0335658e+02	   5.3294555e-24
   1.0359492e+02	   5.3243318e-24
   1.0383381e+02	   5.3192174e-24
   1.0407325e+02	   5.3141123e-24
   1.0431324e+02	   5.3090164e-24
   1.0455379e+02	   5.3039298e-24
   1.0479489e+02	   5.2988524e-24
   1.0503655e+02	   5.2937842e-24
   1.0527876e+02	   5.2887252e-24
   1.0552154e+02	   5.2836754e-24
   1.0576487e+02	   5.2786347e-24
   1.0600877e+02	   5.2736032e-24
   1.0625322e+02	   5.2685808e-24
   1.0649824e+02	   5.2635674e-24
   1.0674383e+02	   5.2585632e-24
   1.0698998e+02	   5.2535680e-24
   1.0723670e+02	   5.2485819e-24
   1.0748399e+02	   5.2436047e-24
   1.0773185e+02	   5.2386366e-24
   1.0798028e+02	   5.2336775e-24
   1.0822928e+02	   5.2287274e-24
   1.0847886e+02	   5.2237862e-24
   1.0872901e+02	   5.2188539e-24
   1.0897974e+02	   5.2139306e-24
   1.0923105e+02	   5.2090162e-24
   1.0948294e+02	   5.2041106e-24
   1.0973541e+02	   5.1992140e-24
   1.0998846e+02	   5.1943262e-24
   1.1024209e+02	   5.1894472e-24
   1.1049631e+02	   5.1845771e-24
   1.1075112e+02	   5.1797157e-24
   1.1100651e+02	   5.1748632e-24
   1.1126249e+02	   5.1700194e-24
   1.1151906e+02	   5.1651844e-24
   1.1177623e+02	   5.1603582e-24
   1.1203398e+02	   5.1555406e-24
   1.1229234e+02	   5.1507318e-24
   1.1255128e+02	   5.1459317e-24
   1.1281083e+02	   5.1411403e-24
   1.1307097e+02	   5.1363576e-24
   1.1333171e+02	   5.1315835e-24
   1.1359306e+02	   5.1268181e-24
   1.1385500e+02	   5.1220612e-24
   1.1411755e+02	   5.1173130e-24
   1.1438071e+02	   5.1125735e-24
   1.1464447e+02	   5.1078424e-24
   1.1490884e+02	   5.1031200e-24
   1.1517382e+02	   5.0984061e-24
   1.1543942e+02	   5.0937008e-24
   1.1570562e+02	   5.0890040e-24
   1.1597244e+02	   5.0843157e-24
   1.1623987e+02	   5.0796360e-24
   1.1650792e+02	   5.0749647e-24
   1.1677659e+02	   5.0703019e-24
   1.1704588e+02	   5.0656476e-24
   1.1731579e+02	   5.0610017e-24
   1.1758632e+02	   5.0563643e-24
   1.1785747e+02	   5.0517353e-24
   1.1812925e+02	   5.0471147e-24
   1.1840166e+02	   5.0425025e-24
   1.1867469e+02	   5.0378988e-24
   1.1894836e+02	   5.0333034e-24
   1.1922265e+02	   5.0287163e-24
   1.1949758e+02	   5.0241377e-24
   1.1977314e+02	   5.0195673e-24
   1.2004934e+02	   5.0150054e-24
   1.2032618e+02	   5.0104517e-24
   1.2060365e+02	   5.0059063e-24
   1.2088176e+02	   5.0013693e-24
   1.2116052e+02	   4.9968405e-24
   1.2143991e+02	   4.9923201e-24
   1.2171996e+02	   4.9878078e-24
   1.2200064e+02	   4.9833039e-24
   1.2228198e+02	   4.9788082e-24
   1.2256396e+02	   4.9743207e-24
   1.2284659e+02	   4.9698415e-24
   1.2312988e+02	   4.9653704e-24
   1.2341382e+02	   4.9609076e-24
   1.2369841e+02	   4.9564530e-24
   1.2398366e+02	   4.9520065e-24
   1.2426957e+02	   4.9475682e-24
   1.2455613e+02	   4.9431381e-24
   1.2484336e+02	   4.9387162e-24
   1.2513125e+02	   4.9343024e-24
   1.2541981e+02	   4.9298967e-24
   1.2570902e+02	   4.9254992e-24
   1.2599891e+02	   4.9211097e-24
   1.2628946e+02	   4.9167284e-24
   1.2658069e+02	   4.9123552e-24
   1.2687259e+02	   4.9079901e-24
   1.2716515e+02	   4.9036330e-24
   1.2745840e+02	   4.8992841e-24
   1.2775232e+02	   4.8949431e-24
   1.2804692e+02	   4.8906103e-24
   1.2834219e+02	   4.8862855e-24
   1.2863815e+02	   4.8819687e-24
   1.2893479e+02	   4.8776600e-24
   1.2923212e+02	   4.8733592e-24
   1.2953013e+02	   4.8690665e-24
   1.2982882e+02	   4.8647818e-24
   1.3012821e+02	   4.8605051e-24
   1.3042829e+02	   4.8562364e-24
   1.3072906e+02	   4.8519757e-24
   1.3103052e+02	   4.8477229e-24
   1.3133268e+02	   4.8434781e-24
   1.3163553e+02	   4.8392413e-24
   1.3193908e+02	   4.8350124e-24
   1.3224333e+02	   4.8307915e-24
   1.3254829e+02	   4.8265784e-24
   1.3285395e+02	   4.8223734e-24
   1.3316031e+02	   4.8181762e-24
   1.3346738e+02	   4.8139870e-24
   1.3377515e+02	   4.8098056e-24
   1.3408364e+02	   4.8056322e-24
   1.3439284e+02	   4.8014667e-24
   1.3470275e+02	   4.7973090e-24
   1.3501337e+02	   4.7931593e-24
   1.3532472e+02	   4.7890174e-24
   1.3563678e+02	   4.7848834e-24
   1.3594956e+02	   4.7807572e-24
   1.3626306e+02	   4.7766389e-24
   1.3657728e+02	   4.7725285e-24
   1.3689223e+02	   4.7684259e-24
   1.3720790e+02	   4.7643311e-24
   1.3752431e+02	   4.7602442e-24
   1.3784144e+02	   4.7561651e-24
   1.3815930e+02	   4.7520938e-24
   1.3847790e+02	   4.7480303e-24
   1.3879723e+02	   4.7439747e-24
   1.3911730e+02	   4.7399268e-24
   1.3943810e+02	   4.7358867e-24
   1.3975965e+02	   4.7318545e-24
   1.4008193e+02	   4.7278300e-24
   1.4040496e+02	   4.7238133e-24
   1.4072874e+02	   4.7198044e-24
   1.4105326e+02	   4.7158033e-24
   1.4137853e+02	   4.7118099e-24
   1.4170455e+02	   4.7078243e-24
   1.4203132e+02	   4.7038465e-24
   1.4235885e+02	   4.6998764e-24
   1.4268713e+02	   4.6959141e-24
   1.4301617e+02	   4.6919595e-24
   1.4334596e+02	   4.6880127e-24
   1.4367652e+02	   4.6840736e-24
   1.4400784e+02	   4.6801422e-24
   1.4433992e+02	   4.6762186e-24
   1.4467277e+02	   4.6723026e-24
   1.4500639e+02	   4.6683944e-24
   1.4534077e+02	   4.6644940e-24
   1.4567593e+02	   4.6606012e-24
   1.4601186e+02	   4.6567162e-24
   1.4634856e+02	   4.6528388e-24
   1.4668604e+02	   4.6489692e-24
   1.4702430e+02	   4.6451073e-24
   1.4736334e+02	   4.6412530e-24
   1.4770316e+02	   4.6374065e-24
   1.4804377e+02	   4.6335676e-24
   1.4838516e+02	   4.6297364e-24
   1.4872734e+02	   4.6259130e-24
   1.4907030e+02	   4.6220972e-24
   1.4941406e+02	   4.6182890e-24
   1.4975861e+02	   4.6144886e-24
   1.5010395e+02	   4.6106958e-24
   1.5045009e+02	   4.6069107e-24
   1.5079703e+02	   4.6031333e-24
   1.5114477e+02	   4.5993635e-24
   1.5149331e+02	   4.5956014e-24
   1.5184266e+02	   4.5918469e-24
   1.5219281e+02	   4.5881001e-24
   1.5254377e+02	   4.5843610e-24
   1.5289553e+02	   4.5806295e-24
   1.5324811e+02	   4.5769057e-24
   1.5360150e+02	   4.5731895e-24
   1.5395571e+02	   4.5694810e-24
   1.5431073e+02	   4.5657801e-24
   1.5466657e+02	   4.5620868e-24
   1.5502324e+02	   4.5584012e-24
   1.5538072e+02	   4.5547233e-24
   1.5573903e+02	   4.5510530e-24
   1.5609817e+02	   4.5473903e-24
   1.5645813e+02	   4.5437353e-24
   1.5681892e+02	   4.5400878e-24
   1.5718055e+02	   4.5364481e-24
   1.5754301e+02	   4.5328159e-24
   1.5790630e+02	   4.5291914e-24
   1.5827044e+02	   4.5255746e-24
   1.5863541e+02	   4.5219653e-24
   1.5900122e+02	   4.5183637e-24
   1.5936788e+02	   4.5147697e-24
   1.5973539e+02	   4.5111834e-24
   1.6010374e+02	   4.5076046e-24
   1.6047294e+02	   4.5040335e-24
   1.6084299e+02	   4.5004701e-24
   1.6121389e+02	   4.4969142e-24
   1.6158565e+02	   4.4933660e-24
   1.6195827e+02	   4.4898254e-24
   1.6233175e+02	   4.4862924e-24
   1.6270609e+02	   4.4827671e-24
   1.6308129e+02	   4.4792494e-24
   1.6345736e+02	   4.4757393e-24
   1.6383429e+02	   4.4722368e-24
   1.6421209e+02	   4.4687420e-24
   1.6459077e+02	   4.4652548e-24
   1.6497031e+02	   4.4617752e-24
   1.6535074e+02	   4.4583032e-24
   1.6573204e+02	   4.4548389e-24
   1.6611422e+02	   4.4513822e-24
   1.6649728e+02	   4.4479332e-24
   1.6688122e+02	   4.4444917e-24
   1.6726605e+02	   4.4410579e-24
   1.6765177e+02	   4.4376317e-24
   1.6803837e+02	   4.4342132e-24
   1.6842587e+02	   4.4308023e-24
   1.6881426e+02	   4.4273990e-24
   1.6920355e+02	   4.4240034e-24
   1.6959373e+02	   4.4206154e-24
   1.6998482e+02	   4.4172350e-24
   1.7037681e+02	   4.4138623e-24
   1.7076970e+02	   4.4104972e-24
   1.7116349e+02	   4.4071398e-24
   1.7155820e+02	   4.4037900e-24
   1.7195381e+02	   4.4004479e-24
   1.7235034e+02	   4.3971134e-24
   1.7274778e+02	   4.3937866e-24
   1.7314614e+02	   4.3904674e-24
   1.7354541e+02	   4.3871559e-24
   1.7394561e+02	   4.3838520e-24
   1.7434673e+02	   4.3805558e-24
   1.7474877e+02	   4.3772672e-24
   1.7515175e+02	   4.3739863e-24
   1.7555565e+02	   4.3707131e-24
   1.7596048e+02	   4.3674476e-24
   1.7636625e+02	   4.3641897e-24
   1.7677295e+02	   4.3609395e-24
   1.7718059e+02	   4.3576969e-24
   1.7758917e+02	   4.3544621e-24
   1.7799869e+02	   4.3512349e-24
   1.7840916e+02	   4.3480154e-24
   1.7882057e+02	   4.3448036e-24
   1.7923293e+02	   4.3415995e-24
   1.7964624e+02	   4.3384031e-24
   1.8006051e+02	   4.3352144e-24
   1.8047573e+02	   4.3320334e-24
   1.8089191e+02	   4.3288601e-24
   1.8130905e+02	   4.3256945e-24
   1.8172715e+02	   4.3225366e-24
   1.8214621e+02	   4.3193864e-24
   1.8256624e+02	   4.3162440e-24
   1.8298724e+02	   4.3131092e-24
   1.8340921e+02	   4.3099822e-24
   1.8383215e+02	   4.3068630e-24
   1.8425607e+02	   4.3037514e-24
   1.8468097e+02	   4.3006476e-24
   1.8510684e+02	   4.2975516e-24
   1.8553370e+02	   4.2944632e-24
   1.8596154e+02	   4.2913827e-24
   1.8639037e+02	   4.2883099e-24
   1.8682019e+02	   4.2852448e-24
   1.8725100e+02	   4.2821875e-24
   1.8768280e+02	   4.2791380e-24
   1.8811560e+02	   4.2760963e-24
   1.8854939e+02	   4.2730623e-24
   1.8898419e+02	   4.2700361e-24
   1.8941999e+02	   4.2670177e-24
   1.8985679e+02	   4.2640071e-24
   1.9029460e+02	   4.2610043e-24
   1.9073343e+02	   4.2580093e-24
   1.9117326e+02	   4.2550221e-24
   1.9161411e+02	   4.2520428e-24
   1.9205597e+02	   4.2490712e-24
   1.9249885e+02	   4.2461075e-24
   1.9294276e+02	   4.2431516e-24
   1.9338768e+02	   4.2402035e-24
   1.9383364e+02	   4.2372633e-24
   1.9428062e+02	   4.2343309e-24
   1.9472863e+02	   4.2314064e-24
   1.9517768e+02	   4.2284897e-24
   1.9562776e+02	   4.2255809e-24
   1.9607888e+02	   4.2226799e-24
   1.9653104e+02	   4.2197869e-24
   1.9698424e+02	   4.2169017e-24
   1.9743849e+02	   4.2140244e-24
   1.9789378e+02	   4.2111550e-24
   1.9835012e+02	   4.2082935e-24
   1.9880752e+02	   4.2054399e-24
   1.9926597e+02	   4.2025943e-24
   1.9972548e+02	   4.1997565e-24
   2.0018605e+02	   4.1969267e-24
   2.0064768e+02	   4.1941048e-24
   2.0111038e+02	   4.1912909e-24
   2.0157414e+02	   4.1884849e-24
   2.0203897e+02	   4.1856868e-24
   2.0250487e+02	   4.1828967e-24
   2.0297185e+02	   4.1801146e-24
   2.0343991e+02	   4.1773405e-24
   2.0390904e+02	   4.1745744e-24
   2.0437926e+02	   4.1718162e-24
   2.0485056e+02	   4.1690660e-24
   2.0532294e+02	   4.1663239e-24
   2.0579642e+02	   4.1635898e-24
   2.0627099e+02	   4.1608637e-24
   2.0674665e+02	   4.1581456e-24
   2.0722341e+02	   4.1554355e-24
   2.0770127e+02	   4.1527335e-24
   2.0818023e+02	   4.1500396e-24
   2.0866029e+02	   4.1473537e-24
   2.0914147e+02	   4.1446759e-24
   2.0962375e+02	   4.1420062e-24
   2.1010714e+02	   4.1393446e-24
   2.1059165e+02	   4.1366910e-24
   2.1107728e+02	   4.1340456e-24
   2.1156402e+02	   4.1314083e-24
   2.1205189e+02	   4.1287790e-24
   2.1254088e+02	   4.1261580e-24
   2.1303100e+02	   4.1235450e-24
   2.1352226e+02	   4.1209403e-24
   2.1401464e+02	   4.1183436e-24
   2.1450816e+02	   4.1157552e-24
   2.1500282e+02	   4.1131749e-24
   2.1549861e+02	   4.1106028e-24
   2.1599556e+02	   4.1080389e-24
   2.1649364e+02	   4.1054832e-24
   2.1699288e+02	   4.1029357e-24
   2.1749327e+02	   4.1003964e-24
   2.1799481e+02	   4.0978654e-24
   2.1849750e+02	   4.0953426e-24
   2.1900136e+02	   4.0928280e-24
   2.1950638e+02	   4.0903218e-24
   2.2001256e+02	   4.0878238e-24
   2.2051991e+02	   4.0853340e-24
   2.2102844e+02	   4.0828526e-24
   2.2153813e+02	   4.0803795e-24
   2.2204900e+02	   4.0779146e-24
   2.2256104e+02	   4.0754582e-24
   2.2307427e+02	   4.0730100e-24
   2.2358868e+02	   4.0705702e-24
   2.2410428e+02	   4.0681387e-24
   2.2462107e+02	   4.0657156e-24
   2.2513904e+02	   4.0633009e-24
   2.2565822e+02	   4.0608946e-24
   2.2617859e+02	   4.0584966e-24
   2.2670016e+02	   4.0561071e-24
   2.2722293e+02	   4.0537260e-24
   2.2774691e+02	   4.0513533e-24
   2.2827209e+02	   4.0489891e-24
   2.2879849e+02	   4.0466333e-24
   2.2932610e+02	   4.0442860e-24
   2.2985493e+02	   4.0419472e-24
   2.3038497e+02	   4.0396168e-24
   2.3091624e+02	   4.0372950e-24
   2.3144874e+02	   4.0349817e-24
   2.3198246e+02	   4.0326769e-24
   2.3251741e+02	   4.0303806e-24
   2.3305360e+02	   4.0280929e-24
   2.3359102e+02	   4.0258137e-24
   2.3412969e+02	   4.0235431e-24
   2.3466959e+02	   4.0212811e-24
   2.3521074e+02	   4.0190277e-24
   2.3575314e+02	   4.0167830e-24
   2.3629679e+02	   4.0145468e-24
   2.3684169e+02	   4.0123192e-24
   2.3738785e+02	   4.0101004e-24
   2.3793527e+02	   4.0078901e-24
   2.3848395e+02	   4.0056886e-24
   2.3903389e+02	   4.0034957e-24
   2.3958511e+02	   4.0013116e-24
   2.4013759e+02	   3.9991361e-24
   2.4069135e+02	   3.9969694e-24
   2.4124639e+02	   3.9948114e-24
   2.4180270e+02	   3.9926622e-24
   2.4236030e+02	   3.9905217e-24
   2.4291919e+02	   3.9883901e-24
   2.4347936e+02	   3.9862672e-24
   2.4404083e+02	   3.9841531e-24
   2.4460359e+02	   3.9820478e-24
   2.4516764e+02	   3.9799514e-24
   2.4573300e+02	   3.9778638e-24
   2.4629967e+02	   3.9757851e-24
   2.4686763e+02	   3.9737153e-24
   2.4743691e+02	   3.9716544e-24
   2.4800750e+02	   3.9696023e-24
   2.4857941e+02	   3.9675592e-24
   2.4915264e+02	   3.9655251e-24
   2.4972719e+02	   3.9634998e-24
   2.5030306e+02	   3.9614836e-24
   2.5088026e+02	   3.9594763e-24
   2.5145879e+02	   3.9574780e-24
   2.5203866e+02	   3.9554888e-24
   2.5261986e+02	   3.9535085e-24
   2.5320240e+02	   3.9515373e-24
   2.5378629e+02	   3.9495752e-24
   2.5437152e+02	   3.9476221e-24
   2.5495811e+02	   3.9456781e-24
   2.5554604e+02	   3.9437432e-24
   2.5613533e+02	   3.9418174e-24
   2.5672598e+02	   3.9399008e-24
   2.5731799e+02	   3.9379933e-24
   2.5791137e+02	   3.9360950e-24
   2.5850612e+02	   3.9342059e-24
   2.5910223e+02	   3.9323259e-24
   2.5969973e+02	   3.9304552e-24
   2.6029859e+02	   3.9285937e-24
   2.6089885e+02	   3.9267414e-24
   2.6150048e+02	   3.9248984e-24
   2.6210350e+02	   3.9230647e-24
   2.6270792e+02	   3.9212403e-24
   2.6331372e+02	   3.9194252e-24
   2.6392092e+02	   3.9176194e-24
   2.6452953e+02	   3.9158230e-24
   2.6513954e+02	   3.9140359e-24
   2.6575095e+02	   3.9122582e-24
   2.6636377e+02	   3.9104899e-24
   2.6697801e+02	   3.9087311e-24
   2.6759366e+02	   3.9069816e-24
   2.6821074e+02	   3.9052416e-24
   2.6882923e+02	   3.9035111e-24
   2.6944915e+02	   3.9017900e-24
   2.7007051e+02	   3.9000785e-24
   2.7069329e+02	   3.8983765e-24
   2.7131751e+02	   3.8966840e-24
   2.7194317e+02	   3.8950010e-24
   2.7257028e+02	   3.8933277e-24
   2.7319882e+02	   3.8916639e-24
   2.7382882e+02	   3.8900097e-24
   2.7446027e+02	   3.8883652e-24
   2.7509318e+02	   3.8867303e-24
   2.7572755e+02	   3.8851051e-24
   2.7636338e+02	   3.8834896e-24
   2.7700067e+02	   3.8818837e-24
   2.7763944e+02	   3.8802876e-24
   2.7827968e+02	   3.8787012e-24
   2.7892139e+02	   3.8771246e-24
   2.7956459e+02	   3.8755578e-24
   2.8020927e+02	   3.8740007e-24
   2.8085543e+02	   3.8724535e-24
   2.8150309e+02	   3.8709161e-24
   2.8215223e+02	   3.8693886e-24
   2.8280288e+02	   3.8678709e-24
   2.8345503e+02	   3.8663632e-24
   2.8410868e+02	   3.8648653e-24
   2.8476383e+02	   3.8633774e-24
   2.8542050e+02	   3.8618994e-24
   2.8607868e+02	   3.8604314e-24
   2.8673838e+02	   3.8589734e-24
   2.8739960e+02	   3.8575255e-24
   2.8806235e+02	   3.8560875e-24
   2.8872662e+02	   3.8546596e-24
   2.8939243e+02	   3.8532418e-24
   2.9005977e+02	   3.8518340e-24
   2.9072865e+02	   3.8504364e-24
   2.9139907e+02	   3.8490490e-24
   2.9207104e+02	   3.8476716e-24
   2.9274456e+02	   3.8463045e-24
   2.9341963e+02	   3.8449475e-24
   2.9409626e+02	   3.8436008e-24
   2.9477444e+02	   3.8422643e-24
   2.9545420e+02	   3.8409381e-24
   2.9613552e+02	   3.8396222e-24
   2.9681841e+02	   3.8383165e-24
   2.9750287e+02	   3.8370212e-24
   2.9818892e+02	   3.8357363e-24
   2.9887654e+02	   3.8344617e-24
   2.9956575e+02	   3.8331975e-24
   3.0025656e+02	   3.8319437e-24
   3.0094895e+02	   3.8307004e-24
   3.0164294e+02	   3.8294675e-24
   3.0233853e+02	   3.8282451e-24
   3.0303573e+02	   3.8270332e-24
   3.0373453e+02	   3.8258318e-24
   3.0443494e+02	   3.8246409e-24
   3.0513697e+02	   3.8234607e-24
   3.0584062e+02	   3.8222910e-24
   3.0654589e+02	   3.8211319e-24
   3.0725279e+02	   3.8199835e-24
   3.0796131e+02	   3.8188457e-24
   3.0867148e+02	   3.8177187e-24
   3.0938327e+02	   3.8166023e-24
   3.1009672e+02	   3.8154966e-24
   3.1081180e+02	   3.8144017e-24
   3.1152853e+02	   3.8133176e-24
   3.1224692e+02	   3.8122443e-24
   3.1296697e+02	   3.8111818e-24
   3.1368867e+02	   3.8101302e-24
   3.1441204e+02	   3.8090894e-24
   3.1513708e+02	   3.8080595e-24
   3.1586378e+02	   3.8070406e-24
   3.1659217e+02	   3.8060325e-24
   3.1732223e+02	   3.8050355e-24
   3.1805398e+02	   3.8040494e-24
   3.1878741e+02	   3.8030744e-24
   3.1952254e+02	   3.8021104e-24
   3.2025936e+02	   3.8011574e-24
   3.2099788e+02	   3.8002156e-24
   3.2173811e+02	   3.7992848e-24
   3.2248004e+02	   3.7983652e-24
   3.2322368e+02	   3.7974568e-24
   3.2396903e+02	   3.7965595e-24
   3.2471611e+02	   3.7956735e-24
   3.2546491e+02	   3.7947987e-24
   3.2621543e+02	   3.7939351e-24
   3.2696769e+02	   3.7930829e-24
   3.2772168e+02	   3.7922419e-24
   3.2847741e+02	   3.7914123e-24
   3.2923488e+02	   3.7905941e-24
   3.2999410e+02	   3.7897872e-24
   3.3075506e+02	   3.7889918e-24
   3.3151779e+02	   3.7882078e-24
   3.3228227e+02	   3.7874353e-24
   3.3304852e+02	   3.7866743e-24
   3.3381653e+02	   3.7859248e-24
   3.3458631e+02	   3.7851868e-24
   3.3535787e+02	   3.7844604e-24
   3.3613121e+02	   3.7837456e-24
   3.3690633e+02	   3.7830425e-24
   3.3768324e+02	   3.7823510e-24
   3.3846194e+02	   3.7816712e-24
   3.3924243e+02	   3.7810030e-24
   3.4002473e+02	   3.7803466e-24
   3.4080883e+02	   3.7797020e-24
   3.4159474e+02	   3.7790692e-24
   3.4238246e+02	   3.7784482e-24
   3.4317199e+02	   3.7778390e-24
   3.4396335e+02	   3.7772417e-24
   3.4475653e+02	   3.7766562e-24
   3.4555154e+02	   3.7760827e-24
   3.4634839e+02	   3.7755212e-24
   3.4714707e+02	   3.7749716e-24
   3.4794759e+02	   3.7744341e-24
   3.4874996e+02	   3.7739086e-24
   3.4955418e+02	   3.7733951e-24
   3.5036026e+02	   3.7728938e-24
   3.5116819e+02	   3.7724045e-24
   3.5197799e+02	   3.7719275e-24
   3.5278965e+02	   3.7714626e-24
   3.5360319e+02	   3.7710099e-24
   3.5441860e+02	   3.7705694e-24
   3.5523589e+02	   3.7701412e-24
   3.5605507e+02	   3.7697253e-24
   3.5687613e+02	   3.7693217e-24
   3.5769909e+02	   3.7689305e-24
   3.5852395e+02	   3.7685516e-24
   3.5935071e+02	   3.7681852e-24
   3.6017937e+02	   3.7678312e-24
   3.6100995e+02	   3.7674897e-24
   3.6184244e+02	   3.7671607e-24
   3.6267685e+02	   3.7668442e-24
   3.6351319e+02	   3.7665403e-24
   3.6435145e+02	   3.7662489e-24
   3.6519165e+02	   3.7659702e-24
   3.6603379e+02	   3.7657042e-24
   3.6687786e+02	   3.7654508e-24
   3.6772389e+02	   3.7652101e-24
   3.6857186e+02	   3.7649822e-24
   3.6942179e+02	   3.7647671e-24
   3.7027368e+02	   3.7645648e-24
   3.7112753e+02	   3.7643753e-24
   3.7198336e+02	   3.7641987e-24
   3.7284115e+02	   3.7640350e-24
   3.7370093e+02	   3.7638843e-24
   3.7456268e+02	   3.7637465e-24
   3.7542643e+02	   3.7636217e-24
   3.7629216e+02	   3.7635100e-24
   3.7715990e+02	   3.7634114e-24
   3.7802963e+02	   3.7633258e-24
   3.7890137e+02	   3.7632534e-24
   3.7977512e+02	   3.7631942e-24
   3.8065088e+02	   3.7631482e-24
   3.8152867e+02	   3.7631154e-24
   3.8240848e+02	   3.7630959e-24
   3.8329031e+02	   3.7630898e-24
   3.8417418e+02	   3.7630970e-24
   3.8506009e+02	   3.7631176e-24
   3.8594804e+02	   3.7631517e-24
   3.8683804e+02	   3.7631992e-24
   3.8773009e+02	   3.7632603e-24
   3.8862420e+02	   3.7633349e-24
   3.8952037e+02	   3.7634231e-24
   3.9041861e+02	   3.7635249e-24
   3.9131892e+02	   3.7636405e-24
   3.9222130e+02	   3.7637698e-24
   3.9312577e+02	   3.7639129e-24
   3.9403232e+02	   3.7640698e-24
   3.9494096e+02	   3.7642406e-24
   3.9585170e+02	   3.7644253e-24
   3.9676453e+02	   3.7646241e-24
   3.9767948e+02	   3.7648369e-24
   3.9859653e+02	   3.7650639e-24
   3.9951569e+02	   3.7653050e-24
   4.0043698e+02	   3.7655604e-24
   4.0136039e+02	   3.7658302e-24
   4.0228593e+02	   3.7661143e-24
   4.0321361e+02	   3.7664131e-24
   4.0414342e+02	   3.7667264e-24
   4.0507538e+02	   3.7670545e-24
   4.0600948e+02	   3.7673974e-24
   4.0694575e+02	   3.7677553e-24
   4.0788417e+02	   3.7681283e-24
   4.0882475e+02	   3.7685167e-24
   4.0976750e+02	   3.7689206e-24
   4.1071243e+02	   3.7693402e-24
   4.1165954e+02	   3.7697758e-24
   4.1260883e+02	   3.7702277e-24
   4.1356030e+02	   3.7706963e-24
   4.1451398e+02	   3.7711820e-24
   4.1546985e+02	   3.7716853e-24
   4.1642793e+02	   3.7722068e-24
   4.1738821e+02	   3.7727473e-24
   4.1835071e+02	   3.7733079e-24
   4.1931543e+02	   3.7738896e-24
   4.2028238e+02	   3.7744940e-24
   4.2125155e+02	   3.7751232e-24
   4.2222296e+02	   3.7757797e-24
   4.2319661e+02	   3.7764671e-24
   4.2417251e+02	   3.7771901e-24
   4.2515065e+02	   3.7779554e-24
   4.2613105e+02	   3.7787727e-24
   4.2711371e+02	   3.7796559e-24
   4.2809864e+02	   3.7806266e-24
   4.2908584e+02	   3.7817187e-24
   4.3007531e+02	   3.7829889e-24
   4.3106707e+02	   3.7845374e-24
   4.3206111e+02	   3.7865552e-24
   4.3305745e+02	   3.7894452e-24
   4.3405608e+02	   3.7941830e-24
   4.3505702e+02	   3.8036707e-24
   4.3606027e+02	   3.8300914e-24
   4.3706582e+02	   3.9813210e-24
   4.3807370e+02	   1.1912109e-23
   4.3908390e+02	   3.9172781e-24
   4.4009643e+02	   3.8235844e-24
   4.4111130e+02	   3.8049747e-24
   4.4212851e+02	   3.7988020e-24
   4.4314806e+02	   3.7963823e-24
   4.4416996e+02	   3.7954780e-24
   4.4519422e+02	   3.7953048e-24
   4.4622084e+02	   3.7955310e-24
   4.4724983e+02	   3.7959965e-24
   4.4828119e+02	   3.7966168e-24
   4.4931493e+02	   3.7973437e-24
   4.5035105e+02	   3.7981481e-24
   4.5138957e+02	   3.7990117e-24
   4.5243047e+02	   3.7999225e-24
   4.5347378e+02	   3.8008724e-24
   4.5451950e+02	   3.8018556e-24
   4.5556762e+02	   3.8028682e-24
   4.5661816e+02	   3.8039072e-24
   4.5767113e+02	   3.8049704e-24
   4.5872652e+02	   3.8060562e-24
   4.5978435e+02	   3.8071634e-24
   4.6084462e+02	   3.8082910e-24
   4.6190733e+02	   3.8094383e-24
   4.6297249e+02	   3.8106046e-24
   4.6404011e+02	   3.8117896e-24
   4.6511019e+02	   3.8129928e-24
   4.6618273e+02	   3.8142140e-24
   4.6725776e+02	   3.8154530e-24
   4.6833526e+02	   3.8167094e-24
   4.6941524e+02	   3.8179833e-24
   4.7049772e+02	   3.8192744e-24
   4.7158269e+02	   3.8205828e-24
   4.7267016e+02	   3.8219082e-24
   4.7376014e+02	   3.8232507e-24
   4.7485264e+02	   3.8246101e-24
   4.7594765e+02	   3.8259866e-24
   4.7704519e+02	   3.8273799e-24
   4.7814526e+02	   3.8287902e-24
   4.7924786e+02	   3.8302174e-24
   4.8035301e+02	   3.8316615e-24
   4.8146071e+02	   3.8331226e-24
   4.8257096e+02	   3.8346005e-24
   4.8368378e+02	   3.8360954e-24
   4.8479915e+02	   3.8376072e-24
   4.8591711e+02	   3.8391359e-24
   4.8703763e+02	   3.8406817e-24
   4.8816075e+02	   3.8422444e-24
   4.8928645e+02	   3.8438241e-24
   4.9041475e+02	   3.8454209e-24
   4.9154565e+02	   3.8470347e-24
   4.9267916e+02	   3.8486656e-24
   4.9381528e+02	   3.8503137e-24
   4.9495402e+02	   3.8519788e-24
   4.9609539e+02	   3.8536612e-24
   4.9723939e+02	   3.8553607e-24
   4.9838602e+02	   3.8570775e-24
   4.9953531e+02	   3.8588115e-24
   5.0068724e+02	   3.8605629e-24
   5.0184183e+02	   3.8623315e-24
   5.0299908e+02	   3.8641175e-24
   5.0415900e+02	   3.8659209e-24
   5.0532159e+02	   3.8677418e-24
   5.0648687e+02	   3.8695800e-24
   5.0765483e+02	   3.8714358e-24
   5.0882549e+02	   3.8733091e-24
   5.0999884e+02	   3.8752000e-24
   5.1117490e+02	   3.8771085e-24
   5.1235368e+02	   3.8790346e-24
   5.1353517e+02	   3.8809783e-24
   5.1471938e+02	   3.8829398e-24
   5.1590633e+02	   3.8849190e-24
   5.1709601e+02	   3.8869160e-24
   5.1828844e+02	   3.8889308e-24
   5.1948362e+02	   3.8909635e-24
   5.2068155e+02	   3.8930140e-24
   5.2188225e+02	   3.8950824e-24
   5.2308571e+02	   3.8971688e-24
   5.2429195e+02	   3.8992732e-24
   5.2550097e+02	   3.9013957e-24
   5.2671278e+02	   3.9035362e-24
   5.2792739e+02	   3.9056948e-24
   5.2914479e+02	   3.9078715e-24
   5.3036500e+02	   3.9100664e-24
   5.3158803e+02	   3.9122795e-24
   5.3281387e+02	   3.9145109e-24
   5.3404255e+02	   3.9167606e-24
   5.3527405e+02	   3.9190286e-24
   5.3650840e+02	   3.9213150e-24
   5.3774559e+02	   3.9236198e-24
   5.3898564e+02	   3.9259430e-24
   5.4022854e+02	   3.9282847e-24
   5.4147431e+02	   3.9306449e-24
   5.4272296e+02	   3.9330236e-24
   5.4397448e+02	   3.9354210e-24
   5.4522889e+02	   3.9378370e-24
   5.4648619e+02	   3.9402716e-24
   5.4774639e+02	   3.9427250e-24
   5.4900950e+02	   3.9451971e-24
   5.5027552e+02	   3.9476879e-24
   5.5154446e+02	   3.9501976e-24
   5.5281633e+02	   3.9527262e-24
   5.5409112e+02	   3.9552736e-24
   5.5536886e+02	   3.9578400e-24
   5.5664955e+02	   3.9604254e-24
   5.5793319e+02	   3.9630298e-24
   5.5921978e+02	   3.9656532e-24
   5.6050935e+02	   3.9682957e-24
   5.6180189e+02	   3.9709573e-24
   5.6309741e+02	   3.9736381e-24
   5.6439591e+02	   3.9763381e-24
   5.6569742e+02	   3.9790573e-24
   5.6700192e+02	   3.9817959e-24
   5.6830943e+02	   3.9845537e-24
   5.6961995e+02	   3.9873309e-24
   5.7093350e+02	   3.9901275e-24
   5.7225008e+02	   3.9929435e-24
   5.7356969e+02	   3.9957790e-24
   5.7489235e+02	   3.9986340e-24
   5.7621806e+02	   4.0015085e-24
   5.7754682e+02	   4.0044027e-24
   5.7887865e+02	   4.0073164e-24
   5.8021354e+02	   4.0102499e-24
   5.8155152e+02	   4.0132030e-24
   5.8289258e+02	   4.0161759e-24
   5.8423674e+02	   4.0191685e-24
   5.8558399e+02	   4.0221810e-24
   5.8693435e+02	   4.0252134e-24
   5.8828783e+02	   4.0282656e-24
   5.8964443e+02	   4.0313378e-24
   5.9100415e+02	   4.0344299e-24
   5.9236701e+02	   4.0375421e-24
   5.9373301e+02	   4.0406743e-24
   5.9510217e+02	   4.0438266e-24
   5.9647448e+02	   4.0469991e-24
   5.9784995e+02	   4.0501917e-24
   5.9922860e+02	   4.0534045e-24
   6.0061042e+02	   4.0566376e-24
   6.0199543e+02	   4.0598910e-24
   6.0338364e+02	   4.0631647e-24
   6.0477505e+02	   4.0664587e-24
   6.0616966e+02	   4.0697732e-24
   6.0756750e+02	   4.0731081e-24
   6.0896855e+02	   4.0764635e-24
   6.1037284e+02	   4.0798394e-24
   6.1178036e+02	   4.0832359e-24
   6.1319113e+02	   4.0866529e-24
   6.1460516e+02	   4.0900906e-24
   6.1602244e+02	   4.0935490e-24
   6.1744299e+02	   4.0970281e-24
   6.1886682e+02	   4.1005280e-24
   6.2029393e+02	   4.1040487e-24
   6.2172433e+02	   4.1075902e-24
   6.2315804e+02	   4.1111526e-24
   6.2459504e+02	   4.1147359e-24
   6.2603536e+02	   4.1183401e-24
   6.2747901e+02	   4.1219654e-24
   6.2892598e+02	   4.1256116e-24
   6.3037629e+02	   4.1292790e-24
   6.3182994e+02	   4.1329675e-24
   6.3328694e+02	   4.1366771e-24
   6.3474731e+02	   4.1404079e-24
   6.3621104e+02	   4.1441599e-24
   6.3767815e+02	   4.1479332e-24
   6.3914864e+02	   4.1517278e-24
   6.4062252e+02	   4.1555438e-24
   6.4209980e+02	   4.1593811e-24
   6.4358049e+02	   4.1632399e-24
   6.4506459e+02	   4.1671202e-24
   6.4655211e+02	   4.1710219e-24
   6.4804307e+02	   4.1749452e-24
   6.4953746e+02	   4.1788901e-24
   6.5103530e+02	   4.1828566e-24
   6.5253659e+02	   4.1868448e-24
   6.5404134e+02	   4.1908547e-24
   6.5554957e+02	   4.1948863e-24
   6.5706127e+02	   4.1989397e-24
   6.5857646e+02	   4.2030150e-24
   6.6009514e+02	   4.2071121e-24
   6.6161732e+02	   4.2112311e-24
   6.6314302e+02	   4.2153720e-24
   6.6467223e+02	   4.2195350e-24
   6.6620497e+02	   4.2237199e-24
   6.6774125e+02	   4.2279270e-24
   6.6928106e+02	   4.2321561e-24
   6.7082443e+02	   4.2364074e-24
   6.7237136e+02	   4.2406808e-24
   6.7392185e+02	   4.2449765e-24
   6.7547592e+02	   4.2492944e-24
   6.7703357e+02	   4.2536347e-24
   6.7859481e+02	   4.2579972e-24
   6.8015966e+02	   4.2623822e-24
   6.8172811e+02	   4.2667896e-24
   6.8330018e+02	   4.2712194e-24
   6.8487588e+02	   4.2756718e-24
   6.8645521e+02	   4.2801467e-24
   6.8803818e+02	   4.2846442e-24
   6.8962480e+02	   4.2891643e-24
   6.9121508e+02	   4.2937070e-24
   6.9280903e+02	   4.2982725e-24
   6.9440665e+02	   4.3028607e-24
   6.9600796e+02	   4.3074717e-24
   6.9761296e+02	   4.3121055e-24
   6.9922166e+02	   4.3167622e-24
   7.0083407e+02	   4.3214418e-24
   7.0245020e+02	   4.3261444e-24
   7.0407005e+02	   4.3308699e-24
   7.0569364e+02	   4.3356184e-24
   7.0732098e+02	   4.3403900e-24
   7.0895207e+02	   4.3451848e-24
   7.1058691e+02	   4.3500026e-24
   7.1222553e+02	   4.3548437e-24
   7.1386793e+02	   4.3597080e-24
   7.1551412e+02	   4.3645955e-24
   7.1716410e+02	   4.3695064e-24
   7.1881788e+02	   4.3744406e-24
   7.2047548e+02	   4.3793982e-24
   7.2213690e+02	   4.3843792e-24
   7.2380216e+02	   4.3893837e-24
   7.2547125e+02	   4.3944117e-24
   7.2714419e+02	   4.3994633e-24
   7.2882099e+02	   4.4045385e-24
   7.3050166e+02	   4.4096373e-24
   7.3218620e+02	   4.4147598e-24
   7.3387463e+02	   4.4199059e-24
   7.3556695e+02	   4.4250759e-24
   7.3726317e+02	   4.4302696e-24
   7.3896331e+02	   4.4354872e-24
   7.4066736e+02	   4.4407287e-24
   7.4237535e+02	   4.4459941e-24
   7.4408727e+02	   4.4512834e-24
   7.4580314e+02	   4.4565968e-24
   7.4752297e+02	   4.4619342e-24
   7.4924676e+02	   4.4672957e-24
   7.5097453e+02	   4.4726813e-24
   7.5270628e+02	   4.4780911e-24
   7.5444203e+02	   4.4835251e-24
   7.5618178e+02	   4.4889834e-24
   7.5792554e+02	   4.4944659e-24
   7.5967332e+02	   4.4999728e-24
   7.6142514e+02	   4.5055041e-24
   7.6318099e+02	   4.5110597e-24
   7.6494089e+02	   4.5166399e-24
   7.6670485e+02	   4.5222445e-24
   7.6847288e+02	   4.5278737e-24
   7.7024498e+02	   4.5335275e-24
   7.7202117e+02	   4.5392059e-24
   7.7380146e+02	   4.5449090e-24
   7.7558585e+02	   4.5506368e-24
   7.7737436e+02	   4.5563894e-24
   7.7916699e+02	   4.5621668e-24
   7.8096375e+02	   4.5679690e-24
   7.8276466e+02	   4.5737961e-24
   7.8456972e+02	   4.5796481e-24
   7.8637895e+02	   4.5855251e-24
   7.8819234e+02	   4.5914271e-24
   7.9000992e+02	   4.5973542e-24
   7.9183169e+02	   4.6033065e-24
   7.9365766e+02	   4.6092838e-24
   7.9548784e+02	   4.6152864e-24
   7.9732224e+02	   4.6213142e-24
   7.9916087e+02	   4.6273673e-24
   8.0100374e+02	   4.6334458e-24
   8.0285086e+02	   4.6395497e-24
   8.0470224e+02	   4.6456790e-24
   8.0655789e+02	   4.6518339e-24
   8.0841782e+02	   4.6580143e-24
   8.1028204e+02	   4.6642203e-24
   8.1215056e+02	   4.6704520e-24
   8.1402338e+02	   4.6767094e-24
   8.1590052e+02	   4.6829927e-24
   8.1778200e+02	   4.6893019e-24
   8.1966781e+02	   4.6956370e-24
   8.2155797e+02	   4.7019983e-24
   8.2345249e+02	   4.7083858e-24
   8.2535138e+02	   4.7147996e-24
   8.2725464e+02	   4.7212399e-24
   8.2916230e+02	   4.7277069e-24
   8.3107435e+02	   4.7342010e-24
   8.3299082e+02	   4.7407224e-24
   8.3491170e+02	   4.7472717e-24
   8.3683701e+02	   4.7538496e-24
   8.3876676e+02	   4.7604570e-24
   8.4070097e+02	   4.7670957e-24
   8.4263963e+02	   4.7737682e-24
   8.4458276e+02	   4.7804792e-24
   8.4653038e+02	   4.7872369e-24
   8.4848248e+02	   4.7940587e-24
   8.5043909e+02	   4.8009846e-24
   8.5240021e+02	   4.8081269e-24
   8.5436585e+02	   4.8159111e-24
   8.5633603e+02	   4.8272848e-24
   8.5831074e+02	   5.1885220e-24
   8.6029001e+02	   4.8459108e-24
   8.6227385e+02	   4.8438741e-24
   8.6426226e+02	   4.8494348e-24
   8.6625525e+02	   4.8559487e-24
   8.6825285e+02	   4.8627388e-24
   8.7025504e+02	   4.8696500e-24
   8.7226186e+02	   4.8766312e-24
   8.7427330e+02	   4.8836620e-24
   8.7628938e+02	   4.8907326e-24
   8.7831011e+02	   4.8978381e-24
   8.8033550e+02	   4.9049757e-24
   8.8236556e+02	   4.9121439e-24
   8.8440030e+02	   4.9193416e-24
   8.8643974e+02	   4.9265682e-24
   8.8848387e+02	   4.9338233e-24
   8.9053272e+02	   4.9411067e-24
   8.9258630e+02	   4.9484181e-24
   8.9464461e+02	   4.9557574e-24
   8.9670767e+02	   4.9631245e-24
   8.9877548e+02	   4.9705195e-24
   9.0084807e+02	   4.9779423e-24
   9.0292543e+02	   4.9853929e-24
   9.0500758e+02	   4.9928712e-24
   9.0709454e+02	   5.0003774e-24
   9.0918630e+02	   5.0079113e-24
   9.1128289e+02	   5.0154731e-24
   9.1338432e+02	   5.0230628e-24
   9.1549059e+02	   5.0306804e-24
   9.1760172e+02	   5.0383259e-24
   9.1971771e+02	   5.0459994e-24
   9.2183859e+02	   5.0537009e-24
   9.2396436e+02	   5.0614305e-24
   9.2609503e+02	   5.0691882e-24
   9.2823061e+02	   5.0769739e-24
   9.3037112e+02	   5.0847879e-24
   9.3251656e+02	   5.0926301e-24
   9.3466695e+02	   5.1005005e-24
   9.3682230e+02	   5.1083992e-24
   9.3898262e+02	   5.1163263e-24
   9.4114792e+02	   5.1242818e-24
   9.4331821e+02	   5.1322657e-24
   9.4549351e+02	   5.1402781e-24
   9.4767383e+02	   5.1483190e-24
   9.4985917e+02	   5.1563885e-24
   9.5204955e+02	   5.1644866e-24
   9.5424499e+02	   5.1726134e-24
   9.5644548e+02	   5.1807689e-24
   9.5865105e+02	   5.1889531e-24
   9.6086171e+02	   5.1971662e-24
   9.6307746e+02	   5.2054081e-24
   9.6529833e+02	   5.2136789e-24
   9.6752431e+02	   5.2219786e-24
   9.6975543e+02	   5.2303073e-24
   9.7199169e+02	   5.2386651e-24
   9.7423312e+02	   5.2470520e-24
   9.7647970e+02	   5.2554680e-24
   9.7873147e+02	   5.2639131e-24
   9.8098844e+02	   5.2723875e-24
   9.8325060e+02	   5.2808912e-24
   9.8551799e+02	   5.2894242e-24
   9.8779060e+02	   5.2979866e-24
   9.9006845e+02	   5.3065784e-24
   9.9235156e+02	   5.3151997e-24
   9.9463993e+02	   5.3238505e-24
   9.9693357e+02	   5.3325309e-24
   9.9923251e+02	   5.3412408e-24
   1.0015367e+03	   5.3499805e-24
   1.0038463e+03	   5.3587498e-24
   1.0061612e+03	   5.3675490e-24
   1.0084814e+03	   5.3763779e-24
   1.0108070e+03	   5.3852367e-24
   1.0131379e+03	   5.3941254e-24
   1.0154742e+03	   5.4030441e-24
   1.0178159e+03	   5.4119928e-24
   1.0201630e+03	   5.4209715e-24
   1.0225155e+03	   5.4299803e-24
   1.0248734e+03	   5.4390194e-24
   1.0272368e+03	   5.4480886e-24
   1.0296056e+03	   5.4571881e-24
   1.0319799e+03	   5.4663179e-24
   1.0343596e+03	   5.4754780e-24
   1.0367449e+03	   5.4846686e-24
   1.0391356e+03	   5.4938896e-24
   1.0415319e+03	   5.5031411e-24
   1.0439336e+03	   5.5124232e-24
   1.0463410e+03	   5.5217360e-24
   1.0487538e+03	   5.5310794e-24
   1.0511723e+03	   5.5404535e-24
   1.0535963e+03	   5.5498583e-24
   1.0560259e+03	   5.5592940e-24
   1.0584611e+03	   5.5687606e-24
   1.0609019e+03	   5.5782581e-24
   1.0633483e+03	   5.5877865e-24
   1.0658004e+03	   5.5973460e-24
   1.0682582e+03	   5.6069366e-24
   1.0707216e+03	   5.6165583e-24
   1.0731907e+03	   5.6262112e-24
   1.0756655e+03	   5.6358953e-24
   1.0781460e+03	   5.6456107e-24
   1.0806322e+03	   5.6553574e-24
   1.0831241e+03	   5.6651356e-24
   1.0856218e+03	   5.6749452e-24
   1.0881253e+03	   5.6847863e-24
   1.0906345e+03	   5.6946589e-24
   1.0931495e+03	   5.7045632e-24
   1.0956703e+03	   5.7144991e-24
   1.0981969e+03	   5.7244667e-24
   1.1007294e+03	   5.7344661e-24
   1.1032677e+03	   5.7444973e-24
   1.1058118e+03	   5.7545604e-24
   1.1083618e+03	   5.7646554e-24
   1.1109177e+03	   5.7747824e-24
   1.1134795e+03	   5.7849415e-24
   1.1160472e+03	   5.7951326e-24
   1.1186208e+03	   5.8053559e-24
   1.1212004e+03	   5.8156114e-24
   1.1237859e+03	   5.8258991e-24
   1.1263773e+03	   5.8362191e-24
   1.1289747e+03	   5.8465716e-24
   1.1315782e+03	   5.8569564e-24
   1.1341876e+03	   5.8673737e-24
   1.1368030e+03	   5.8778236e-24
   1.1394245e+03	   5.8883061e-24
   1.1420520e+03	   5.8988212e-24
   1.1446856e+03	   5.9093690e-24
   1.1473253e+03	   5.9199496e-24
   1.1499710e+03	   5.9305630e-24
   1.1526229e+03	   5.9412092e-24
   1.1552808e+03	   5.9518884e-24
   1.1579449e+03	   5.9626006e-24
   1.1606151e+03	   5.9733459e-24
   1.1632915e+03	   5.9841243e-24
   1.1659741e+03	   5.9949358e-24
   1.1686628e+03	   6.0057806e-24
   1.1713578e+03	   6.0166587e-24
   1.1740589e+03	   6.0275701e-24
   1.1767663e+03	   6.0385150e-24
   1.1794800e+03	   6.0494933e-24
   1.1821998e+03	   6.0605052e-24
   1.1849260e+03	   6.0715508e-24
   1.1876585e+03	   6.0826300e-24
   1.1903972e+03	   6.0937430e-24
   1.1931423e+03	   6.1048899e-24
   1.1958937e+03	   6.1160708e-24
   1.1986514e+03	   6.1272857e-24
   1.2014155e+03	   6.1385348e-24
   1.2041860e+03	   6.1498183e-24
   1.2069628e+03	   6.1611363e-24
   1.2097461e+03	   6.1724891e-24
   1.2125358e+03	   6.1838770e-24
   1.2153319e+03	   6.1953006e-24
   1.2181345e+03	   6.2067607e-24
   1.2209435e+03	   6.2182587e-24
   1.2237590e+03	   6.2297972e-24
   1.2265810e+03	   6.2413816e-24
   1.2294095e+03	   6.2530248e-24
   1.2322445e+03	   6.2647639e-24
   1.2350861e+03	   6.2767505e-24
   1.2379342e+03	   6.2902324e-24
   1.2407889e+03	   1.1292493e-23
   1.2436502e+03	   6.3134861e-24
   1.2465180e+03	   6.3236758e-24
   1.2493925e+03	   6.3352078e-24
   1.2522736e+03	   6.3469706e-24
   1.2551614e+03	   6.3588252e-24
   1.2580558e+03	   6.3707371e-24
   1.2609569e+03	   6.3826947e-24
   1.2638646e+03	   6.3946931e-24
   1.2667791e+03	   6.4067301e-24
   1.2697003e+03	   6.4188044e-24
   1.2726283e+03	   6.4309154e-24
   1.2755630e+03	   6.4430627e-24
   1.2785044e+03	   6.4552462e-24
   1.2814527e+03	   6.4674658e-24
   1.2844077e+03	   6.4797214e-24
   1.2873696e+03	   6.4920130e-24
   1.2903382e+03	   6.5043405e-24
   1.2933138e+03	   6.5167041e-24
   1.2962962e+03	   6.5291037e-24
   1.2992854e+03	   6.5415395e-24
   1.3022816e+03	   6.5540113e-24
   1.3052847e+03	   6.5665193e-24
   1.3082947e+03	   6.5790636e-24
   1.3113116e+03	   6.5916442e-24
   1.3143355e+03	   6.6042611e-24
   1.3173664e+03	   6.6169145e-24
   1.3204042e+03	   6.6296043e-24
   1.3234491e+03	   6.6423306e-24
   1.3265010e+03	   6.6550936e-24
   1.3295599e+03	   6.6678932e-24
   1.3326259e+03	   6.6807296e-24
   1.3356989e+03	   6.6936027e-24
   1.3387790e+03	   6.7065127e-24
   1.3418663e+03	   6.7194596e-24
   1.3449606e+03	   6.7324436e-24
   1.3480621e+03	   6.7454645e-24
   1.3511708e+03	   6.7585226e-24
   1.3542866e+03	   6.7716179e-24
   1.3574096e+03	   6.7847504e-24
   1.3605398e+03	   6.7979203e-24
   1.3636772e+03	   6.8111276e-24
   1.3668218e+03	   6.8243723e-24
   1.3699737e+03	   6.8376545e-24
   1.3731329e+03	   6.8509743e-24
   1.3762993e+03	   6.8643318e-24
   1.3794731e+03	   6.8777270e-24
   1.3826542e+03	   6.8911601e-24
   1.3858426e+03	   6.9046310e-24
   1.3890384e+03	   6.9181398e-24
   1.3922415e+03	   6.9316866e-24
   1.3954520e+03	   6.9452716e-24
   1.3986699e+03	   6.9588946e-24
   1.4018953e+03	   6.9725559e-24
   1.4051281e+03	   6.9862555e-24
   1.4083683e+03	   6.9999934e-24
   1.4116160e+03	   7.0137698e-24
   1.4148712e+03	   7.0275847e-24
   1.4181339e+03	   7.0414381e-24
   1.4214041e+03	   7.0553302e-24
   1.4246819e+03	   7.0692610e-24
   1.4279672e+03	   7.0832306e-24
   1.4312601e+03	   7.0972390e-24
   1.4345606e+03	   7.1112864e-24
   1.4378687e+03	   7.1253728e-24
   1.4411845e+03	   7.1394983e-24
   1.4445079e+03	   7.1536629e-24
   1.4478389e+03	   7.1678667e-24
   1.4511776e+03	   7.1821099e-24
   1.4545241e+03	   7.1963924e-24
   1.4578782e+03	   7.2107143e-24
   1.4612401e+03	   7.2250758e-24
   1.4646097e+03	   7.2394768e-24
   1.4679871e+03	   7.2539176e-24
   1.4713723e+03	   7.2683980e-24
   1.4747653e+03	   7.2829183e-24
   1.4781661e+03	   7.2974785e-24
   1.4815748e+03	   7.3120787e-24
   1.4849913e+03	   7.3267189e-24
   1.4884157e+03	   7.3413992e-24
   1.4918480e+03	   7.3561197e-24
   1.4952882e+03	   7.3708805e-24
   1.4987364e+03	   7.3856817e-24
   1.5021925e+03	   7.4005233e-24
   1.5056565e+03	   7.4154055e-24
   1.5091286e+03	   7.4303282e-24
   1.5126086e+03	   7.4452917e-24
   1.5160967e+03	   7.4602959e-24
   1.5195929e+03	   7.4753410e-24
   1.5230970e+03	   7.4904270e-24
   1.5266093e+03	   7.5055542e-24
   1.5301297e+03	   7.5207225e-24
   1.5336582e+03	   7.5359322e-24
   1.5371948e+03	   7.5511834e-24
   1.5407396e+03	   7.5664763e-24
   1.5442926e+03	   7.5818112e-24
   1.5478537e+03	   7.5971885e-24
   1.5514231e+03	   7.6126089e-24
   1.5550007e+03	   7.6280738e-24
   1.5585865e+03	   7.6435858e-24
   1.5621806e+03	   7.6591514e-24
   1.5657830e+03	   7.6747907e-24
   1.5693937e+03	   7.6905938e-24
   1.5730128e+03	   7.7075476e-24
   1.5766401e+03	   7.7392875e-24
   1.5802759e+03	   7.7380226e-24
   1.5839200e+03	   7.7533887e-24
   1.5875725e+03	   7.7691265e-24
   1.5912335e+03	   7.7849670e-24
   1.5949029e+03	   7.8008690e-24
   1.5985807e+03	   7.8168215e-24
   1.6022671e+03	   7.8328203e-24
   1.6059619e+03	   7.8488640e-24
   1.6096653e+03	   7.8649516e-24
   1.6133772e+03	   7.8810829e-24
   1.6170976e+03	   7.8972577e-24
   1.6208267e+03	   7.9134758e-24
   1.6245643e+03	   7.9297373e-24
   1.6283106e+03	   7.9460422e-24
   1.6320655e+03	   7.9623906e-24
   1.6358290e+03	   7.9787824e-24
   1.6396013e+03	   7.9952177e-24
   1.6433822e+03	   8.0116967e-24
   1.6471719e+03	   8.0282194e-24
   1.6509702e+03	   8.0447858e-24
   1.6547774e+03	   8.0613961e-24
   1.6585933e+03	   8.0780502e-24
   1.6624181e+03	   8.0947484e-24
   1.6662516e+03	   8.1114907e-24
   1.6700940e+03	   8.1282771e-24
   1.6739452e+03	   8.1451078e-24
   1.6778054e+03	   8.1619828e-24
   1.6816744e+03	   8.1789022e-24
   1.6855524e+03	   8.1958662e-24
   1.6894393e+03	   8.2128747e-24
   1.6933351e+03	   8.2299279e-24
   1.6972400e+03	   8.2470259e-24
   1.7011538e+03	   8.2641687e-24
   1.7050767e+03	   8.2813565e-24
   1.7090086e+03	   8.2985893e-24
   1.7129496e+03	   8.3158673e-24
   1.7168997e+03	   8.3331904e-24
   1.7208588e+03	   8.3505588e-24
   1.7248272e+03	   8.3679727e-24
   1.7288046e+03	   8.3854320e-24
   1.7327913e+03	   8.4029368e-24
   1.7367871e+03	   8.4204874e-24
   1.7407921e+03	   8.4380836e-24
   1.7448064e+03	   8.4557257e-24
   1.7488300e+03	   8.4734138e-24
   1.7528628e+03	   8.4911478e-24
   1.7569049e+03	   8.5089280e-24
   1.7609563e+03	   8.5267544e-24
   1.7650171e+03	   8.5446271e-24
   1.7690872e+03	   8.5625461e-24
   1.7731668e+03	   8.5805117e-24
   1.7772557e+03	   8.5985238e-24
   1.7813541e+03	   8.6165826e-24
   1.7854619e+03	   8.6346881e-24
   1.7895792e+03	   8.6528405e-24
   1.7937060e+03	   8.6710399e-24
   1.7978423e+03	   8.6892863e-24
   1.8019881e+03	   8.7075798e-24
   1.8061435e+03	   8.7259206e-24
   1.8103085e+03	   8.7443087e-24
   1.8144831e+03	   8.7627442e-24
   1.8186673e+03	   8.7812273e-24
   1.8228611e+03	   8.7997579e-24
   1.8270647e+03	   8.8183363e-24
   1.8312779e+03	   8.8369626e-24
   1.8355008e+03	   8.8556367e-24
   1.8397335e+03	   8.8743589e-24
   1.8439759e+03	   8.8931293e-24
   1.8482282e+03	   8.9119478e-24
   1.8524902e+03	   8.9308148e-24
   1.8567621e+03	   8.9497303e-24
   1.8610438e+03	   8.9686945e-24
   1.8653353e+03	   8.9877077e-24
   1.8696368e+03	   9.0067700e-24
   1.8739482e+03	   9.0258822e-24
   1.8782696e+03	   9.0450452e-24
   1.8826009e+03	   9.0642616e-24
   1.8869422e+03	   9.0835399e-24
   1.8912935e+03	   9.1029227e-24
   1.8956548e+03	   9.1231278e-24
   1.9000262e+03	   9.1429937e-24
   1.9044077e+03	   9.1611505e-24
   1.9087992e+03	   9.1805638e-24
   1.9132009e+03	   9.2000928e-24
   1.9176128e+03	   9.2196857e-24
   1.9220348e+03	   9.2393334e-24
   1.9264671e+03	   9.2590332e-24
   1.9309095e+03	   9.2787840e-24
   1.9353622e+03	   9.2985857e-24
   1.9398252e+03	   9.3184380e-24
   1.9442984e+03	   9.3383408e-24
   1.9487820e+03	   9.3582944e-24
   1.9532759e+03	   9.3782986e-24
   1.9577802e+03	   9.3983536e-24
   1.9622948e+03	   9.4184595e-24
   1.9668199e+03	   9.4386163e-24
   1.9713554e+03	   9.4588241e-24
   1.9759013e+03	   9.4790831e-24
   1.9804578e+03	   9.4993933e-24
   1.9850247e+03	   9.5197549e-24
   1.9896022e+03	   9.5401679e-24
   1.9941903e+03	   9.5606325e-24
   1.9987889e+03	   9.5811487e-24
   2.0033981e+03	   9.6017167e-24
   2.0080179e+03	   9.6223366e-24
   2.0126484e+03	   9.6430084e-24
   2.0172896e+03	   9.6637323e-24
   2.0219415e+03	   9.6845084e-24
   2.0266041e+03	   9.7053368e-24
   2.0312775e+03	   9.7262176e-24
   2.0359616e+03	   9.7471509e-24
   2.0406566e+03	   9.7681368e-24
   2.0453623e+03	   9.7891754e-24
   2.0500790e+03	   9.8102669e-24
   2.0548065e+03	   9.8314113e-24
   2.0595449e+03	   9.8526088e-24
   2.0642942e+03	   9.8738594e-24
   2.0690545e+03	   9.8951633e-24
   2.0738257e+03	   9.9165206e-24
   2.0786080e+03	   9.9379314e-24
   2.0834013e+03	   9.9593958e-24
   2.0882056e+03	   9.9809139e-24
   2.0930210e+03	   1.0002486e-23
   2.0978475e+03	   1.0024112e-23
   2.1026852e+03	   1.0045792e-23
   2.1075340e+03	   1.0067526e-23
   2.1123940e+03	   1.0089314e-23
   2.1172652e+03	   1.0111157e-23
   2.1221476e+03	   1.0133054e-23
   2.1270413e+03	   1.0155006e-23
   2.1319463e+03	   1.0177013e-23
   2.1368626e+03	   1.0199074e-23
   2.1417902e+03	   1.0221191e-23
   2.1467292e+03	   1.0243363e-23
   2.1516796e+03	   1.0265589e-23
   2.1566413e+03	   1.0287871e-23
   2.1616146e+03	   1.0310209e-23
   2.1665993e+03	   1.0332602e-23
   2.1715955e+03	   1.0355051e-23
   2.1766032e+03	   1.0377555e-23
   2.1816224e+03	   1.0400116e-23
   2.1866533e+03	   1.0422732e-23
   2.1916957e+03	   1.0445405e-23
   2.1967498e+03	   1.0468134e-23
   2.2018155e+03	   1.0490919e-23
   2.2068929e+03	   1.0513761e-23
   2.2119820e+03	   1.0536659e-23
   2.2170829e+03	   1.0559614e-23
   2.2221955e+03	   1.0582626e-23
   2.2273199e+03	   1.0605696e-23
   2.2324561e+03	   1.0628822e-23
   2.2376042e+03	   1.0652007e-23
   2.2427641e+03	   1.0675251e-23
   2.2479359e+03	   1.0698561e-23
   2.2531197e+03	   1.0722011e-23
   2.2583154e+03	   1.0746164e-23
   2.2635231e+03	   1.0768819e-23
   2.2687428e+03	   1.0792321e-23
   2.2739745e+03	   1.0815902e-23
   2.2792183e+03	   1.0839545e-23
   2.2844742e+03	   1.0863247e-23
   2.2897422e+03	   1.0887008e-23
   2.2950224e+03	   1.0910828e-23
   2.3003147e+03	   1.0934707e-23
   2.3056193e+03	   1.0958645e-23
   2.3109361e+03	   1.0982641e-23
   2.3162651e+03	   1.1006697e-23
   2.3216064e+03	   1.1030812e-23
   2.3269601e+03	   1.1054986e-23
   2.3323261e+03	   1.1079220e-23
   2.3377044e+03	   1.1103513e-23
   2.3430952e+03	   1.1127866e-23
   2.3484984e+03	   1.1152279e-23
   2.3539140e+03	   1.1176752e-23
   2.3593422e+03	   1.1201285e-23
   2.3647828e+03	   1.1225878e-23
   2.3702360e+03	   1.1250531e-23
   2.3757018e+03	   1.1275245e-23
   2.3811802e+03	   1.1300019e-23
   2.3866712e+03	   1.1324855e-23
   2.3921749e+03	   1.1349751e-23
   2.3976913e+03	   1.1374707e-23
   2.4032204e+03	   1.1399726e-23
   2.4087622e+03	   1.1424805e-23
   2.4143168e+03	   1.1449945e-23
   2.4198843e+03	   1.1475148e-23
   2.4254646e+03	   1.1500411e-23
   2.4310577e+03	   1.1525737e-23
   2.4366637e+03	   1.1551124e-23
   2.4422827e+03	   1.1576574e-23
   2.4479146e+03	   1.1602085e-23
   2.4535595e+03	   1.1627659e-23
   2.4592175e+03	   1.1653296e-23
   2.4648884e+03	   1.1678995e-23
   2.4705725e+03	   1.1704756e-23
   2.4762696e+03	   1.1730581e-23
   2.4819799e+03	   1.1756468e-23
   2.4877034e+03	   1.1782419e-23
   2.4934401e+03	   1.1808432e-23
   2.4991900e+03	   1.1834510e-23
   2.5049531e+03	   1.1860650e-23
   2.5107295e+03	   1.1886855e-23
   2.5165193e+03	   1.1913123e-23
   2.5223224e+03	   1.1939455e-23
   2.5281389e+03	   1.1965851e-23
   2.5339688e+03	   1.1992311e-23
   2.5398122e+03	   1.2018836e-23
   2.5456690e+03	   1.2045425e-23
   2.5515393e+03	   1.2072079e-23
   2.5574232e+03	   1.2098797e-23
   2.5633206e+03	   1.2125580e-23
   2.5692317e+03	   1.2152429e-23
   2.5751563e+03	   1.2179342e-23
   2.5810947e+03	   1.2206321e-23
   2.5870467e+03	   1.2233366e-23
   2.5930124e+03	   1.2260476e-23
   2.5989920e+03	   1.2287652e-23
   2.6049852e+03	   1.2314893e-23
   2.6109924e+03	   1.2342201e-23
   2.6170133e+03	   1.2369575e-23
   2.6230482e+03	   1.2397015e-23
   2.6290970e+03	   1.2424522e-23
   2.6351597e+03	   1.2452095e-23
   2.6412364e+03	   1.2479736e-23
   2.6473271e+03	   1.2507444e-23
   2.6534318e+03	   1.2535221e-23
   2.6595507e+03	   1.2563106e-23
   2.6656836e+03	   1.2591018e-23
   2.6718307e+03	   1.2618947e-23
   2.6779920e+03	   1.2646987e-23
   2.6841674e+03	   1.2675097e-23
   2.6903571e+03	   1.2703276e-23
   2.6965611e+03	   1.2731523e-23
   2.7027794e+03	   1.2759839e-23
   2.7090121e+03	   1.2788223e-23
   2.7152591e+03	   1.2816675e-23
   2.7215205e+03	   1.2845196e-23
   2.7277963e+03	   1.2873786e-23
   2.7340866e+03	   1.2902445e-23
   2.7403915e+03	   1.2931173e-23
   2.7467108e+03	   1.2959971e-23
   2.7530448e+03	   1.2988837e-23
   2.7593933e+03	   1.3017774e-23
   2.7657565e+03	   1.3046780e-23
   2.7721343e+03	   1.3075856e-23
   2.7785269e+03	   1.3105002e-23
   2.7849342e+03	   1.3134218e-23
   2.7913563e+03	   1.3163504e-23
   2.7977932e+03	   1.3192862e-23
   2.8042449e+03	   1.3222289e-23
   2.8107115e+03	   1.3251788e-23
   2.8171930e+03	   1.3281359e-23
   2.8236895e+03	   1.3311005e-23
   2.8302010e+03	   1.3340723e-23
   2.8367274e+03	   1.3370512e-23
   2.8432689e+03	   1.3400373e-23
   2.8498255e+03	   1.3430305e-23
   2.8563972e+03	   1.3460310e-23
   2.8629841e+03	   1.3490386e-23
   2.8695862e+03	   1.3520535e-23
   2.8762035e+03	   1.3550756e-23
   2.8828360e+03	   1.3581049e-23
   2.8894839e+03	   1.3611415e-23
   2.8961470e+03	   1.3641854e-23
   2.9028256e+03	   1.3672367e-23
   2.9095195e+03	   1.3702952e-23
   2.9162289e+03	   1.3733610e-23
   2.9229537e+03	   1.3764342e-23
   2.9296941e+03	   1.3795148e-23
   2.9364500e+03	   1.3826027e-23
   2.9432215e+03	   1.3856981e-23
   2.9500085e+03	   1.3888008e-23
   2.9568113e+03	   1.3919110e-23
   2.9636297e+03	   1.3950287e-23
   2.9704639e+03	   1.3981538e-23
   2.9773138e+03	   1.4012863e-23
   2.9841795e+03	   1.4044264e-23
   2.9910610e+03	   1.4075745e-23
   2.9979584e+03	   1.4107321e-23
   3.0048718e+03	   1.4138973e-23
   3.0118010e+03	   1.4170700e-23
   3.0187463e+03	   1.4202503e-23
   3.0257075e+03	   1.4234382e-23
   3.0326848e+03	   1.4266338e-23
   3.0396782e+03	   1.4298369e-23
   3.0466877e+03	   1.4330476e-23
   3.0537134e+03	   1.4362661e-23
   3.0607553e+03	   1.4394922e-23
   3.0678134e+03	   1.4427260e-23
   3.0748878e+03	   1.4459675e-23
   3.0819785e+03	   1.4492168e-23
   3.0890856e+03	   1.4524740e-23
   3.0962091e+03	   1.4560419e-23
   3.1033489e+03	   1.4590113e-23
   3.1105053e+03	   1.4622913e-23
   3.1176781e+03	   1.4655794e-23
   3.1248675e+03	   1.4688753e-23
   3.1320735e+03	   1.4721791e-23
   3.1392961e+03	   1.4754908e-23
   3.1465353e+03	   1.4788103e-23
   3.1537913e+03	   1.4821378e-23
   3.1610639e+03	   1.4854731e-23
   3.1683534e+03	   1.4888164e-23
   3.1756596e+03	   1.4921677e-23
   3.1829827e+03	   1.4955269e-23
   3.1903227e+03	   1.4988941e-23
   3.1976796e+03	   1.5022693e-23
   3.2050535e+03	   1.5056525e-23
   3.2124443e+03	   1.5090438e-23
   3.2198523e+03	   1.5124432e-23
   3.2272773e+03	   1.5158506e-23
   3.2347194e+03	   1.5192661e-23
   3.2421787e+03	   1.5226897e-23
   3.2496552e+03	   1.5261215e-23
   3.2571489e+03	   1.5295614e-23
   3.2646599e+03	   1.5330095e-23
   3.2721882e+03	   1.5364657e-23
   3.2797339e+03	   1.5399302e-23
   3.2872970e+03	   1.5434029e-23
   3.2948776e+03	   1.5468838e-23
   3.3024756e+03	   1.5503730e-23
   3.3100911e+03	   1.5538705e-23
   3.3177242e+03	   1.5573763e-23
   3.3253749e+03	   1.5608904e-23
   3.3330432e+03	   1.5644128e-23
   3.3407293e+03	   1.5679435e-23
   3.3484330e+03	   1.5714827e-23
   3.3561545e+03	   1.5750302e-23
   3.3638938e+03	   1.5785862e-23
   3.3716510e+03	   1.5821505e-23
   3.3794261e+03	   1.5857234e-23
   3.3872190e+03	   1.5893046e-23
   3.3950300e+03	   1.5928944e-23
   3.4028590e+03	   1.5964927e-23
   3.4107060e+03	   1.6000995e-23
   3.4185711e+03	   1.6037148e-23
   3.4264543e+03	   1.6073387e-23
   3.4343558e+03	   1.6109712e-23
   3.4422754e+03	   1.6146122e-23
   3.4502133e+03	   1.6182619e-23
   3.4581695e+03	   1.6219203e-23
   3.4661441e+03	   1.6255873e-23
   3.4741371e+03	   1.6292629e-23
   3.4821485e+03	   1.6329473e-23
   3.4901783e+03	   1.6366404e-23
   3.4982267e+03	   1.6403422e-23
   3.5062936e+03	   1.6440528e-23
   3.5143792e+03	   1.6477721e-23
   3.5224834e+03	   1.6515003e-23
   3.5306062e+03	   1.6552373e-23
   3.5387478e+03	   1.6589921e-23
   3.5469082e+03	   1.6627378e-23
   3.5550874e+03	   1.6665012e-23
   3.5632855e+03	   1.6702735e-23
   3.5715024e+03	   1.6740548e-23
   3.5797383e+03	   1.6778451e-23
   3.5879932e+03	   1.6816443e-23
   3.5962672e+03	   1.6854525e-23
   3.6045602e+03	   1.6892697e-23
   3.6128724e+03	   1.6930959e-23
   3.6212037e+03	   1.6969311e-23
   3.6295542e+03	   1.7007754e-23
   3.6379240e+03	   1.7046287e-23
   3.6463130e+03	   1.7084912e-23
   3.6547215e+03	   1.7123627e-23
   3.6631493e+03	   1.7162434e-23
   3.6715965e+03	   1.7201333e-23
   3.6800633e+03	   1.7240324e-23
   3.6885495e+03	   1.7279406e-23
   3.6970553e+03	   1.7318581e-23
   3.7055808e+03	   1.7357848e-23
   3.7141259e+03	   1.7397207e-23
   3.7226907e+03	   1.7436660e-23
   3.7312752e+03	   1.7476205e-23
   3.7398796e+03	   1.7515854e-23
   3.7485038e+03	   1.7555602e-23
   3.7571479e+03	   1.7595444e-23
   3.7658119e+03	   1.7635379e-23
   3.7744959e+03	   1.7675409e-23
   3.7831999e+03	   1.7715532e-23
   3.7919240e+03	   1.7755750e-23
   3.8006682e+03	   1.7796063e-23
   3.8094325e+03	   1.7836471e-23
   3.8182171e+03	   1.7876974e-23
   3.8270220e+03	   1.7917572e-23
   3.8358471e+03	   1.7958266e-23
   3.8446926e+03	   1.7999055e-23
   3.8535585e+03	   1.8039941e-23
   3.8624448e+03	   1.8080922e-23
   3.8713516e+03	   1.8122000e-23
   3.8802790e+03	   1.8163175e-23
   3.8892270e+03	   1.8204447e-23
   3.8981955e+03	   1.8245816e-23
   3.9071848e+03	   1.8287282e-23
   3.9161948e+03	   1.8328845e-23
   3.9252256e+03	   1.8370506e-23
   3.9342772e+03	   1.8412266e-23
   3.9433497e+03	   1.8454123e-23
   3.9524431e+03	   1.8496079e-23
   3.9615574e+03	   1.8538134e-23
   3.9706928e+03	   1.8580288e-23
   3.9798493e+03	   1.8622617e-23
   3.9890268e+03	   1.8664892e-23
   3.9982255e+03	   1.8707342e-23
   4.0074455e+03	   1.8749893e-23
   4.0166867e+03	   1.8792544e-23
   4.0259492e+03	   1.8835295e-23
   4.0352331e+03	   1.8878147e-23
   4.0445383e+03	   1.8921099e-23
   4.0538651e+03	   1.8964152e-23
   4.0632133e+03	   1.9007306e-23
   4.0725831e+03	   1.9050562e-23
   4.0819745e+03	   1.9093919e-23
   4.0913876e+03	   1.9137378e-23
   4.1008224e+03	   1.9180939e-23
   4.1102789e+03	   1.9224602e-23
   4.1197572e+03	   1.9268368e-23
   4.1292574e+03	   1.9312237e-23
   4.1387795e+03	   1.9356208e-23
   4.1483236e+03	   1.9400283e-23
   4.1578896e+03	   1.9444461e-23
   4.1674778e+03	   1.9488743e-23
   4.1770880e+03	   1.9533129e-23
   4.1867204e+03	   1.9577619e-23
   4.1963750e+03	   1.9622213e-23
   4.2060519e+03	   1.9666912e-23
   4.2157511e+03	   1.9711716e-23
   4.2254726e+03	   1.9756625e-23
   4.2352166e+03	   1.9801639e-23
   4.2449830e+03	   1.9846759e-23
   4.2547720e+03	   1.9891985e-23
   4.2645835e+03	   1.9937317e-23
   4.2744177e+03	   1.9982755e-23
   4.2842745e+03	   2.0028299e-23
   4.2941541e+03	   2.0073951e-23
   4.3040565e+03	   2.0119709e-23
   4.3139816e+03	   2.0165575e-23
   4.3239297e+03	   2.0211548e-23
   4.3339007e+03	   2.0257629e-23
   4.3438947e+03	   2.0303818e-23
   4.3539118e+03	   2.0350116e-23
   4.3639519e+03	   2.0396522e-23
   4.3740153e+03	   2.0443036e-23
   4.3841018e+03	   2.0489660e-23
   4.3942115e+03	   2.0536402e-23
   4.4043446e+03	   2.0583238e-23
   4.4145011e+03	   2.0630187e-23
   4.4246810e+03	   2.0677249e-23
   4.4348843e+03	   2.0724421e-23
   4.4451112e+03	   2.0771704e-23
   4.4553616e+03	   2.0819098e-23
   4.4656357e+03	   2.0866602e-23
   4.4759335e+03	   2.0914218e-23
   4.4862551e+03	   2.0961945e-23
   4.4966004e+03	   2.1009785e-23
   4.5069696e+03	   2.1057736e-23
   4.5173627e+03	   2.1105799e-23
   4.5277798e+03	   2.1153975e-23
   4.5382209e+03	   2.1202264e-23
   4.5486860e+03	   2.1250666e-23
   4.5591753e+03	   2.1299181e-23
   4.5696888e+03	   2.1347810e-23
   4.5802266e+03	   2.1396552e-23
   4.5907886e+03	   2.1445409e-23
   4.6013750e+03	   2.1494380e-23
   4.6119858e+03	   2.1543466e-23
   4.6226211e+03	   2.1592666e-23
   4.6332809e+03	   2.1641982e-23
   4.6439653e+03	   2.1691413e-23
   4.6546743e+03	   2.1740960e-23
   4.6654080e+03	   2.1790623e-23
   4.6761665e+03	   2.1840401e-23
   4.6869497e+03	   2.1890297e-23
   4.6977579e+03	   2.1940309e-23
   4.7085910e+03	   2.1990438e-23
   4.7194490e+03	   2.2040684e-23
   4.7303321e+03	   2.2091048e-23
   4.7412403e+03	   2.2141530e-23
   4.7521736e+03	   2.2192130e-23
   4.7631321e+03	   2.2242848e-23
   4.7741160e+03	   2.2293688e-23
   4.7851251e+03	   2.2344664e-23
   4.7961597e+03	   2.2395716e-23
   4.8072196e+03	   2.2446910e-23
   4.8183051e+03	   2.2498223e-23
   4.8294162e+03	   2.2549657e-23
   4.8405528e+03	   2.2601211e-23
   4.8517152e+03	   2.2652886e-23
   4.8629033e+03	   2.2704682e-23
   4.8741172e+03	   2.2756598e-23
   4.8853569e+03	   2.2808636e-23
   4.8966226e+03	   2.2860796e-23
   4.9079142e+03	   2.2913077e-23
   4.9192319e+03	   2.2965481e-23
   4.9305757e+03	   2.3018008e-23
   4.9419457e+03	   2.3070657e-23
   4.9533418e+03	   2.3123429e-23
   4.9647643e+03	   2.3176324e-23
   4.9762131e+03	   2.3229343e-23
   4.9876882e+03	   2.3282486e-23
   4.9991899e+03	   2.3335753e-23
   5.0107181e+03	   2.3389145e-23
   5.0222728e+03	   2.3442661e-23
   5.0338542e+03	   2.3496302e-23
   5.0454623e+03	   2.3550069e-23
   5.0570972e+03	   2.3603961e-23
   5.0687589e+03	   2.3657980e-23
   5.0804475e+03	   2.3712124e-23
   5.0921630e+03	   2.3766395e-23
   5.1039056e+03	   2.3820793e-23
   5.1156753e+03	   2.3875318e-23
   5.1274720e+03	   2.3929991e-23
   5.1392960e+03	   2.3984752e-23
   5.1511473e+03	   2.4039657e-23
   5.1630259e+03	   2.4094693e-23
   5.1749319e+03	   2.4149857e-23
   5.1868653e+03	   2.4205151e-23
   5.1988262e+03	   2.4260573e-23
   5.2108148e+03	   2.4316125e-23
   5.2228309e+03	   2.4371807e-23
   5.2348748e+03	   2.4427618e-23
   5.2469465e+03	   2.4483560e-23
   5.2590460e+03	   2.4539633e-23
   5.2711734e+03	   2.4595836e-23
   5.2833288e+03	   2.4652171e-23
   5.2955122e+03	   2.4708637e-23
   5.3077236e+03	   2.4765235e-23
   5.3199633e+03	   2.4821965e-23
   5.3322312e+03	   2.4878828e-23
   5.3445273e+03	   2.4935823e-23
   5.3568519e+03	   2.4992952e-23
   5.3692048e+03	   2.5050213e-23
   5.3815862e+03	   2.5107609e-23
   5.3939962e+03	   2.5165138e-23
   5.4064348e+03	   2.5222802e-23
   5.4189021e+03	   2.5280600e-23
   5.4313981e+03	   2.5338533e-23
   5.4439230e+03	   2.5396602e-23
   5.4564767e+03	   2.5454806e-23
   5.4690594e+03	   2.5513151e-23
   5.4816711e+03	   2.5571624e-23
   5.4943118e+03	   2.5630234e-23
   5.5069818e+03	   2.5688983e-23
   5.5196809e+03	   2.5747869e-23
   5.5324093e+03	   2.5806893e-23
   5.5451671e+03	   2.5866054e-23
   5.5579543e+03	   2.5925353e-23
   5.5707710e+03	   2.5984791e-23
   5.5836172e+03	   2.6044368e-23
   5.5964931e+03	   2.6104083e-23
   5.6093986e+03	   2.6163938e-23
   5.6223340e+03	   2.6223932e-23
   5.6352991e+03	   2.6284067e-23
   5.6482942e+03	   2.6344341e-23
   5.6613192e+03	   2.6404757e-23
   5.6743742e+03	   2.6465313e-23
   5.6874594e+03	   2.6526010e-23
   5.7005747e+03	   2.6586849e-23
   5.7137202e+03	   2.6647830e-23
   5.7268961e+03	   2.6708954e-23
   5.7401024e+03	   2.6770220e-23
   5.7533391e+03	   2.6831628e-23
   5.7666064e+03	   2.6893180e-23
   5.7799042e+03	   2.6954876e-23
   5.7932327e+03	   2.7016715e-23
   5.8065919e+03	   2.7078699e-23
   5.8199820e+03	   2.7140827e-23
   5.8334029e+03	   2.7203101e-23
   5.8468548e+03	   2.7265530e-23
   5.8603377e+03	   2.7328083e-23
   5.8738517e+03	   2.7390793e-23
   5.8873968e+03	   2.7453649e-23
   5.9009732e+03	   2.7516651e-23
   5.9145809e+03	   2.7579801e-23
   5.9282199e+03	   2.7643098e-23
   5.9418905e+03	   2.7706542e-23
   5.9555925e+03	   2.7770135e-23
   5.9693262e+03	   2.7833876e-23
   5.9830915e+03	   2.7897765e-23
   5.9968885e+03	   2.7961803e-23
   6.0107174e+03	   2.8025991e-23
   6.0245781e+03	   2.8090328e-23
   6.0384709e+03	   2.8154816e-23
   6.0523956e+03	   2.8219454e-23
   6.0663525e+03	   2.8284242e-23
   6.0803416e+03	   2.8349182e-23
   6.0943629e+03	   2.8414272e-23
   6.1084165e+03	   2.8479515e-23
   6.1225026e+03	   2.8544910e-23
   6.1366211e+03	   2.8610457e-23
   6.1507722e+03	   2.8676157e-23
   6.1649559e+03	   2.8742011e-23
   6.1791724e+03	   2.8808017e-23
   6.1934216e+03	   2.8874178e-23
   6.2077037e+03	   2.8940493e-23
   6.2220187e+03	   2.9006963e-23
   6.2363667e+03	   2.9073587e-23
   6.2507478e+03	   2.9140367e-23
   6.2651621e+03	   2.9207321e-23
   6.2796096e+03	   2.9274394e-23
   6.2940904e+03	   2.9341642e-23
   6.3086046e+03	   2.9409046e-23
   6.3231523e+03	   2.9476608e-23
   6.3377336e+03	   2.9544328e-23
   6.3523484e+03	   2.9612205e-23
   6.3669970e+03	   2.9680240e-23
   6.3816793e+03	   2.9748434e-23
   6.3963955e+03	   2.9816787e-23
   6.4111457e+03	   2.9885300e-23
   6.4259298e+03	   2.9953972e-23
   6.4407481e+03	   3.0022804e-23
   6.4556005e+03	   3.0091796e-23
   6.4704871e+03	   3.0160950e-23
   6.4854081e+03	   3.0230264e-23
   6.5003635e+03	   3.0299740e-23
   6.5153534e+03	   3.0369378e-23
   6.5303779e+03	   3.0439179e-23
   6.5454370e+03	   3.0509142e-23
   6.5605308e+03	   3.0579268e-23
   6.5756594e+03	   3.0649558e-23
   6.5908230e+03	   3.0720011e-23
   6.6060215e+03	   3.0790629e-23
   6.6212550e+03	   3.0861411e-23
   6.6365237e+03	   3.0932358e-23
   6.6518275e+03	   3.1003471e-23
   6.6671667e+03	   3.1074749e-23
   6.6825412e+03	   3.1146194e-23
   6.6979512e+03	   3.1217805e-23
   6.7133968e+03	   3.1289583e-23
   6.7288779e+03	   3.1361528e-23
   6.7443947e+03	   3.1433641e-23
   6.7599474e+03	   3.1505922e-23
   6.7755359e+03	   3.1578371e-23
   6.7911603e+03	   3.1650990e-23
   6.8068208e+03	   3.1723777e-23
   6.8225173e+03	   3.1796735e-23
   6.8382501e+03	   3.1869862e-23
   6.8540192e+03	   3.1943160e-23
   6.8698246e+03	   3.2016628e-23
   6.8856665e+03	   3.2090268e-23
   6.9015449e+03	   3.2164080e-23
   6.9174599e+03	   3.2238063e-23
   6.9334116e+03	   3.2312219e-23
   6.9494001e+03	   3.2386548e-23
   6.9654255e+03	   3.2461050e-23
   6.9814878e+03	   3.2535726e-23
   6.9975872e+03	   3.2610575e-23
   7.0137236e+03	   3.2685599e-23
   7.0298973e+03	   3.2760798e-23
   7.0461083e+03	   3.2836173e-23
   7.0623567e+03	   3.2911723e-23
   7.0786426e+03	   3.2987449e-23
   7.0949660e+03	   3.3063352e-23
   7.1113270e+03	   3.3139431e-23
   7.1277258e+03	   3.3215688e-23
   7.1441624e+03	   3.3292123e-23
   7.1606369e+03	   3.3368736e-23
   7.1771494e+03	   3.3445527e-23
   7.1936999e+03	   3.3522497e-23
   7.2102886e+03	   3.3599647e-23
   7.2269156e+03	   3.3676976e-23
   7.2435809e+03	   3.3754486e-23
   7.2602847e+03	   3.3832176e-23
   7.2770270e+03	   3.3910048e-23
   7.2938079e+03	   3.3988101e-23
   7.3106274e+03	   3.4066336e-23
   7.3274858e+03	   3.4144754e-23
   7.3443830e+03	   3.4223354e-23
   7.3613192e+03	   3.4302137e-23
   7.3782945e+03	   3.4381104e-23
   7.3953089e+03	   3.4460255e-23
   7.4123625e+03	   3.4539591e-23
   7.4294555e+03	   3.4619111e-23
   7.4465879e+03	   3.4698817e-23
   7.4637598e+03	   3.4778709e-23
   7.4809713e+03	   3.4858787e-23
   7.4982224e+03	   3.4939052e-23
   7.5155134e+03	   3.5019504e-23
   7.5328442e+03	   3.5100143e-23
   7.5502150e+03	   3.5180970e-23
   7.5676259e+03	   3.5261986e-23
   7.5850769e+03	   3.5343191e-23
   7.6025681e+03	   3.5424585e-23
   7.6200997e+03	   3.5506168e-23
   7.6376717e+03	   3.5587942e-23
   7.6552842e+03	   3.5669907e-23
   7.6729374e+03	   3.5752062e-23
   7.6906312e+03	   3.5834409e-23
   7.7083659e+03	   3.5916948e-23
   7.7261414e+03	   3.5999680e-23
   7.7439580e+03	   3.6082604e-23
   7.7618156e+03	   3.6165722e-23
   7.7797144e+03	   3.6249034e-23
   7.7976545e+03	   3.6332540e-23
   7.8156359e+03	   3.6416240e-23
   7.8336589e+03	   3.6500136e-23
   7.8517233e+03	   3.6584227e-23
   7.8698295e+03	   3.6668515e-23
   7.8879774e+03	   3.6752999e-23
   7.9061671e+03	   3.6837680e-23
   7.9243988e+03	   3.6922558e-23
   7.9426725e+03	   3.7007635e-23
   7.9609884e+03	   3.7092909e-23
   7.9793465e+03	   3.7178383e-23
   7.9977469e+03	   3.7264056e-23
   8.0161898e+03	   3.7349929e-23
   8.0346752e+03	   3.7436002e-23
   8.0532032e+03	   3.7522285e-23
   8.0717739e+03	   3.7608750e-23
   8.0903875e+03	   3.7695427e-23
   8.1090440e+03	   3.7782305e-23
   8.1277435e+03	   3.7869387e-23
   8.1464861e+03	   3.7956671e-23
   8.1652720e+03	   3.8044159e-23
   8.1841012e+03	   3.8131851e-23
   8.2029738e+03	   3.8219748e-23
   8.2218899e+03	   3.8307850e-23
   8.2408496e+03	   3.8396157e-23
   8.2598531e+03	   3.8484670e-23
   8.2789004e+03	   3.8573389e-23
   8.2979916e+03	   3.8662316e-23
   8.3171268e+03	   3.8751450e-23
   8.3363062e+03	   3.8840792e-23
   8.3555298e+03	   3.8930342e-23
   8.3747977e+03	   3.9020101e-23
   8.3941100e+03	   3.9110070e-23
   8.4134669e+03	   3.9200248e-23
   8.4328684e+03	   3.9290637e-23
   8.4523147e+03	   3.9381237e-23
   8.4718058e+03	   3.9472049e-23
   8.4913419e+03	   3.9563071e-23
   8.5109230e+03	   3.9654307e-23
   8.5305492e+03	   3.9745755e-23
   8.5502207e+03	   3.9837416e-23
   8.5699376e+03	   3.9929292e-23
   8.5896999e+03	   4.0021382e-23
   8.6095078e+03	   4.0113687e-23
   8.6293614e+03	   4.0206207e-23
   8.6492608e+03	   4.0298943e-23
   8.6692061e+03	   4.0391895e-23
   8.6891973e+03	   4.0485065e-23
   8.7092347e+03	   4.0578452e-23
   8.7293182e+03	   4.0672056e-23
   8.7494481e+03	   4.0765880e-23
   8.7696244e+03	   4.0859922e-23
   8.7898472e+03	   4.0954184e-23
   8.8101167e+03	   4.1048665e-23
   8.8304329e+03	   4.1143368e-23
   8.8507959e+03	   4.1238291e-23
   8.8712059e+03	   4.1333437e-23
   8.8916630e+03	   4.1428803e-23
   8.9121672e+03	   4.1524392e-23
   8.9327188e+03	   4.1620205e-23
   8.9533177e+03	   4.1716241e-23
   8.9739641e+03	   4.1812502e-23
   8.9946581e+03	   4.1908987e-23
   9.0153999e+03	   4.2005698e-23
   9.0361895e+03	   4.2102634e-23
   9.0570270e+03	   4.2199797e-23
   9.0779126e+03	   4.2297187e-23
   9.0988463e+03	   4.2394804e-23
   9.1198283e+03	   4.2492648e-23
   9.1408587e+03	   4.2590722e-23
   9.1619376e+03	   4.2689024e-23
   9.1830651e+03	   4.2787556e-23
   9.2042413e+03	   4.2886318e-23
   9.2254664e+03	   4.2985311e-23
   9.2467404e+03	   4.3084546e-23
   9.2680634e+03	   4.3183990e-23
   9.2894356e+03	   4.3283678e-23
   9.3108571e+03	   4.3383599e-23
   9.3323280e+03	   4.3483753e-23
   9.3538485e+03	   4.3584141e-23
   9.3754185e+03	   4.3684764e-23
   9.3970383e+03	   4.3785621e-23
   9.4187079e+03	   4.3886715e-23
   9.4404276e+03	   4.3988044e-23
   9.4621973e+03	   4.4089610e-23
   9.4840172e+03	   4.4191413e-23
   9.5058874e+03	   4.4293455e-23
   9.5278080e+03	   4.4395734e-23
   9.5497792e+03	   4.4498253e-23
   9.5718011e+03	   4.4601011e-23
   9.5938737e+03	   4.4704010e-23
   9.6159973e+03	   4.4807256e-23
   9.6381718e+03	   4.4910729e-23
   9.6603975e+03	   4.5014451e-23
   9.6826745e+03	   4.5118415e-23
   9.7050028e+03	   4.5222623e-23
   9.7273826e+03	   4.5327074e-23
   9.7498140e+03	   4.5431769e-23
   9.7722972e+03	   4.5536708e-23
   9.7948322e+03	   4.5641893e-23
   9.8174191e+03	   4.5747324e-23
   9.8400582e+03	   4.5853002e-23
   9.8627494e+03	   4.5958926e-23
   9.8854930e+03	   4.6065098e-23
   9.9082890e+03	   4.6171519e-23
   9.9311376e+03	   4.6278188e-23
   9.9540389e+03	   4.6385106e-23
   9.9769930e+03	   4.6492275e-23
   1.0000000e+04	   4.6599694e-23
