simulation_id	longitude	latitude	inclination	distance	mass1	mass2	spin1z	spin2z
0	4.2620217	0.6847603	1.3204223	327.47345	11.161317	8.3050105	0.076784116	0.11616685
1	4.16646	0.1384404	2.1691204	877.5003	8.782298	8.5507146	0.012607309	0.0038110694
2	5.9846705	0.58286096	2.3553857	2425.6808	37.172454	35.169897	0.025619734	0.02471309
3	4.2550486	-0.092159908	2.6627369	3850.609	55.609535	54.291999	-0.2322013	0.088853865
4	2.0473784	0.34121813	2.3151222	2282.1172	14.025302	13.097131	0.23484092	0.059633868
5	0.43188698	-0.55696732	0.50728767	1889.9501	47.268183	36.568928	0.047992208	0.074456109
6	2.2241974	-0.97164647	2.5341614	2477.2274	23.508209	10.242353	0.12686043	0.0070660846
7	1.4714451	-0.6398126	1.6305539	504.25574	6.952534	2.811987	0.00048583032	0.089292253
8	5.3404543	0.83849426	1.4769748	1108.1677	42.200133	20.089087	-0.16799622	-0.074415117
9	1.0267201	-0.83707702	2.4291088	2062.4346	16.717567	12.158333	-0.0055156872	-0.040176567
10	2.7476572	-1.2241757	2.8669594	1587.3418	13.911212	11.396391	0.21082018	0.023218074
11	5.3848129	-1.4872694	0.39693982	5417.9819	53.762743	49.232116	0.13022138	0.06768313
12	3.547197	-0.63681187	0.44934464	8678.9814	77.746478	77.37399	0.12349197	0.54731119
13	2.9073645	0.58835223	2.7814045	2551.1937	15.203586	13.893261	0.29578683	0.25189876
14	0.090374834	-0.7724487	0.85467141	1780.6873	11.162528	10.650138	0.044355177	0.095105631
15	3.6021614	0.70746652	2.6355427	1813.5646	30.472028	11.591482	0.28316163	0.059142105
16	5.8497674	-0.48796735	0.4592767	2812.0796	39.191438	38.115472	-0.17933853	0.24330815
17	3.1511943	0.1698433	0.48770502	9491.1826	90.041489	83.103288	0.50215851	0.21611614
18	3.7971859	0.87535684	0.38678959	112.89034	1.6177185	1.5164162	0.029633181	0.00076074351
19	0.66888419	0.72449942	0.41072353	1554.4489	11.235404	9.6741557	0.20990811	0.36618221
20	3.9378139	1.1195633	0.44109271	4927.0085	38.118411	34.251488	0.081947193	0.12609491
21	6.1280585	-0.5691877	0.23365737	4850.7752	31.635218	22.679985	0.076152153	0.23030205
22	2.5551373	0.15590735	1.3743943	911.59001	44.187157	43.908147	0.045248729	0.010158245
23	0.54163444	0.25383075	0.64851615	789.03538	4.6342656	2.1703768	0.22553255	0.25299626
24	2.4513505	-0.22354046	0.33238289	1259.2538	13.203442	12.611521	-0.019797837	0.0064698799
25	4.1222321	-0.31219032	0.57521766	2859.5693	49.13017	39.393539	-0.13827924	-0.0021412869
26	4.5625499	-0.0033924737	0.32873468	404.15802	2.0151372	1.8552648	0.0030698903	-0.10651119
27	3.2600868	-0.72179625	2.48729	3755.9919	48.348834	16.072564	0.11380315	0.17589136
28	5.4614414	0.20350803	0.72901468	1617.003	23.158488	10.886392	0.081280068	0.38718094
29	0.17145007	0.40632663	0.63911067	527.15496	23.526558	1.4727386	0.0019956926	0.026842033
30	5.6884721	0.11746066	2.4076972	1086.9514	12.285993	11.582597	-0.04914971	0.15505161
31	3.4950255	0.44433392	0.73429959	2129.9843	48.798192	35.834245	0.14880992	0.013931493
32	2.7463625	0.46729294	1.2496868	1551.8987	36.3415	29.371461	0.061549991	0.075702594
33	3.2130478	-1.008214	2.4053838	1455.9815	11.56604	11.374268	-0.27305753	0.017370093
34	0.96535827	1.405876	2.6485628	295.7156	36.661314	32.490817	0.0010291212	0.0038433502
35	0.93462216	0.018821558	2.6736464	6842.9718	75.000892	69.773107	-0.067114513	0.61181674
36	1.8176241	0.27285539	0.77967578	1618.8273	29.810702	19.402724	0.23597885	0.09581418
37	4.0102835	-0.55011852	2.0273689	2498.8951	49.995792	41.841658	-0.049877251	0.4517433
38	3.2192846	-1.0902198	0.62882863	7233.7091	117.33993	62.548744	0.0043528002	0.39393991
39	3.3950243	-0.33706707	2.3010108	598.82469	10.13495	9.6334914	0.069888208	-0.035922506
40	2.4084685	0.086911397	0.26154381	374.60589	8.8984322	1.7774623	0.060984502	0.035539626
41	3.1877311	0.031799557	1.0878383	459.90807	38.144538	27.913043	-0.033342582	-0.14154642
42	2.434501	-0.44445802	2.6385445	1173.9575	10.378034	8.3240243	-0.226217	0.004585433
43	1.8504877	-0.031823257	0.82568036	1329.823	11.654866	8.6056861	0.052925678	0.0078743221
44	1.6187509	-1.2082629	2.241285	730.90053	12.04992	11.043562	0.031091188	0.11812612
45	2.2987218	-0.66782778	2.2454705	478.54893	9.0059091	1.3066436	0.10627302	0.17642368
46	4.248288	-0.65795903	2.1865376	3542.3651	42.562937	29.027423	0.074398369	0.013124272
47	3.3135728	0.72209747	2.3516611	1572.0392	12.206343	12.162319	0.23579327	0.31553878
48	5.6110314	0.83698049	0.65559677	3906.7746	46.461205	43.696003	0.011312156	0.15550169
49	4.2690116	-0.061137693	2.7058954	626.53592	15.48582	11.158703	0.15633644	0.055395293
50	0.61026412	0.038284144	0.37600433	1876.8788	26.443577	11.636801	0.031585908	0.17524344
51	4.8787066	0.83897896	0.35204249	5956.1674	55.026113	54.477923	-0.24230798	0.024751432
52	1.786631	0.68409147	0.40715415	1266.2067	63.004985	43.413216	-0.012730929	0.045297484
53	5.9777901	-0.2560118	1.1014351	3726.8085	40.897482	39.956477	-0.075759769	-0.055819324
54	3.8360637	0.46732018	2.6287626	1388.4001	13.98588	11.073098	0.325941	0.062104035
55	4.8641515	-1.1185281	0.66906745	1270.7377	10.866999	10.181896	0.12195125	0.24642516
56	3.8774262	0.005712595	0.6649997	1619.4086	13.502225	11.102675	0.053555253	0.039077685
57	1.2532781	0.73631551	3.1132004	3439.1488	91.734798	45.923605	0.55809843	0.24252015
58	6.224693	0.019906831	2.8424427	4713.8792	65.184598	41.413319	-0.0016565503	0.054130693
59	6.0119545	-1.1535771	0.14941762	1143.6487	24.376486	13.612035	0.21653173	0.0076820109
60	1.7542944	-0.024825885	0.4115078	1312.6433	11.169588	11.102541	0.17047209	0.071756978
61	4.6016685	-0.43314576	2.5337191	936.33764	40.032436	25.218583	0.08598418	0.053643308
62	5.3373964	0.1944663	2.1127356	59.332538	1.6047497	1.4842403	0.31725414	0.076898199
63	5.6967739	0.28608051	0.4561375	1425.803	37.024677	34.200354	0.0060133831	0.042780354
64	5.7311327	0.79517612	0.80954091	265.58892	1.9541581	1.8754282	-0.023809426	0.16707548
65	5.2205222	0.44098292	2.2747796	2403.6555	44.746496	12.61245	0.34471113	0.29643163
66	0.20515139	1.1293232	0.9209096	1906.3272	19.907141	10.993787	-0.020555895	0.020077801
67	5.7735064	0.17923819	0.4441044	1349.8663	30.183447	20.749348	0.107332	0.019539234
68	4.7244838	0.055420077	2.6755138	422.69417	8.7758839	1.8440918	0.33415991	0.0037270813
69	6.0309014	0.67891139	2.2217315	4477.2909	46.49207	40.441526	0.060653582	-0.10488624
70	1.3956603	-1.2660667	2.9460804	814.46792	10.610429	10.004219	0.038514927	0.41505084
71	0.76268374	-0.33575691	2.9391875	1299.7849	54.449904	13.229988	0.13259065	-0.026978186
72	4.6484458	0.3994863	0.98852277	166.52604	1.3906872	1.3791132	0.014364192	0.12775285
73	1.4484263	-0.63576369	0.93861788	716.04969	30.949905	28.763559	-0.063942551	0.13326977
74	6.1694653	0.030839916	2.5417799	2767.316	57.278738	43.017367	0.35776619	0.11866106
75	4.5066651	0.64139551	2.3743805	1112.706	12.89715	11.676666	-0.057487829	-0.015256226
76	5.6862092	0.62721463	2.3336412	2894.4303	34.692341	30.27115	0.49383617	0.04083437
77	3.4406046	-0.046089288	2.0887053	1947.4212	38.989246	34.711194	-0.055460366	0.23443806
78	0.017326244	-0.6474471	0.93348888	3340.871	36.194905	26.147509	0.19635921	0.039610193
79	2.6658826	0.79710852	0.68555181	2677.7433	67.119509	42.468341	0.1167777	0.068197587
80	0.038218481	0.46366202	2.6574655	2924.6306	32.669725	31.293666	0.63517067	-0.0013166818
81	0.74084987	-0.15450337	2.4096784	630.51418	33.223642	10.156761	0.29744955	0.23481785
82	0.69248865	-1.04349	1.7904534	919.68253	12.160538	8.5310415	0.6115948	0.23742378
83	3.7258424	-0.90618944	2.0825367	2514.877	73.201238	30.837705	0.0084369613	0.051744856
84	3.0608573	0.70943968	1.5734348	430.01345	27.436006	12.384497	-0.058003813	-0.33771882
85	5.5480299	-0.36409665	0.65364298	4424.7792	51.451424	46.409076	-0.12530498	-0.22196222
86	5.3942362	-0.75930781	1.1613845	147.56376	9.0708056	8.2687703	0.013333446	-0.16708282
87	2.4581263	-1.4129542	2.079836	1067.7396	10.817867	8.7947922	0.049670035	-0.22456657
88	0.78756281	-0.1978729	2.5383267	3733.5257	64.32683	54.3853	0.22431751	0.43786808
89	4.7291722	0.88396534	0.8169807	1020.7416	9.9702457	9.7882312	0.0028980537	0.10972518
90	2.6284838	0.75130413	2.3097709	1910.2275	34.108222	12.245576	0.078384979	0.036994522
91	3.0974585	-0.68239946	1.1365684	431.36545	11.258357	10.393123	-0.13050926	0.020816016
92	3.9451491	-0.19587926	1.1784079	1417.1552	33.416808	30.08062	-0.0070767711	-0.00023994486
93	2.9732207	0.36654372	2.7447568	7021.7652	75.936241	74.826391	0.17491148	0.29945659
94	2.4817974	0.54563591	1.9521903	3020.5684	49.718499	49.373197	0.0048021632	0.084509787
95	0.22181978	-1.0038999	1.7644685	473.60546	10.438634	2.2496656	0.53506213	0.18961716
96	4.5556185	0.50804401	2.5254805	1637.3768	41.330945	30.998473	-0.017668561	0.25451028
97	3.9048219	-0.72640001	2.6220322	3301.0042	41.018356	33.934147	0.0096847249	0.14353114
98	0.64996012	-0.53496933	2.6347221	1593.4216	11.456083	9.5759985	-0.12828143	0.12756008
99	2.8922604	-0.71794359	1.220061	620.60937	33.783819	29.39625	0.36014133	-0.25037656
100	3.5595286	0.0028791448	0.19954888	1159.0814	10.775328	8.6384048	0.25354763	-0.30964347
101	2.4400603	1.3253426	0.62853526	360.38641	2.38714	1.7081286	0.044008259	0.031570807
102	4.227461	1.1242649	2.9244447	1793.5084	21.399839	11.989513	0.045084636	0.068402457
103	2.1924139	1.4090962	1.2882082	1425.1001	27.885324	22.697117	0.0041843996	0.093962291
104	4.7274346	-0.15893878	2.772101	1323.5464	21.265195	19.373565	0.027986126	0.46728962
105	0.95450631	-0.6928146	1.2030049	1282.3794	45.495879	40.758021	0.14586446	0.021333414
106	0.85922384	-0.91662939	2.0270559	401.03126	9.1199214	8.0905678	0.085253982	0.52954711
107	2.5839529	0.57273647	2.8458794	522.93981	27.840164	26.44132	0.001881473	0.30236113
108	2.8824834	-0.18194166	2.6717784	1520.0782	11.270828	10.390294	0.35935203	0.10797475
109	1.2494087	-0.65017802	0.67286493	284.46296	2.5406948	1.4180056	0.11799233	-0.037836358
110	0.033814742	-0.65855387	1.4639607	600.10648	12.523966	11.29278	0.020564829	0.14147125
111	3.830283	0.24040831	2.468018	410.67735	15.396872	1.9056287	-0.25453272	-0.0012238459
112	5.953589	0.064651826	2.1431894	536.71242	24.642025	8.4209785	0.046133923	0.055051364
113	0.78230303	-0.84910351	0.82161027	473.46658	2.5338974	1.4129663	-0.06910587	0.042214869
114	4.5385447	-0.4281407	0.10465133	8310.8829	82.191231	78.856838	0.01392747	0.0430148
115	3.0597489	-0.61567006	2.727576	3850.6743	65.38954	16.650212	0.099640568	-0.0040020332
116	3.6741759	0.78405859	0.68812692	885.65049	10.874836	1.9087247	0.055009526	0.12382968
117	3.0147111	-0.93042915	2.3298529	3904.4227	40.530887	36.048327	-0.024597558	0.24833022
118	2.9124411	-1.124759	2.0826885	384.0327	9.7737536	1.7488227	0.041230513	0.17451637
119	1.9339128	0.67520258	2.4848932	1134.6656	12.343351	10.787924	0.15049807	0.021054081
120	2.4041229	-0.2547009	2.3868201	784.63736	33.342207	25.168869	0.052057806	0.21815838
121	2.0577919	-0.64574097	0.50992998	1358.4263	10.979766	9.4604625	0.0097888527	0.42141858
122	5.1142385	-0.52448054	0.99650997	2365.5895	73.722352	68.999721	0.387675	0.059270248
123	2.3980793	0.11526319	0.90463043	1237.2067	18.874519	10.903162	0.16028875	0.42521079
124	4.5429667	0.35025188	2.3450074	1204.9032	53.725226	40.559952	0.43190888	0.10425813
125	1.9447457	-0.49472089	2.5847512	65.700242	7.1035136	1.7055669	0.052041099	0.25921618
126	0.90326068	0.11035064	2.2825544	1800.4364	51.627658	43.419158	0.30957415	0.067458025
127	2.6026947	-0.40434207	2.7960245	2695.8089	93.104814	35.550831	0.13268727	-0.053225952
128	3.4012173	0.43611604	0.50179812	2806.8548	31.706721	20.092792	0.31246248	0.3051648
129	0.78491873	0.045516567	0.16009174	4637.6443	58.175296	44.054219	0.19177383	0.011136921
130	3.2766243	0.17193163	2.2850471	286.17765	1.5084605	1.2820067	0.02507701	0.12461304
131	4.310392	1.0578254	2.6784226	1285.7279	13.30705	9.8632364	0.018711244	0.078449698
132	0.21553895	1.1719583	2.5816087	1017.8502	11.493696	3.3155368	0.28399301	0.15848233
133	4.1634396	-0.2157501	0.34241704	1909.3435	32.427575	28.495328	0.20503666	-0.091092507
134	5.3007773	-0.75825058	1.0176967	3180.9454	56.93772	35.727083	0.081809516	-0.012713839
135	4.8161088	-1.2955216	2.4875824	368.27076	19.858286	12.294286	0.01816077	-0.44385772
136	5.2412498	0.54470514	0.65381164	5604.8824	138.84691	73.837117	0.021151765	0.26474327
137	1.5604274	1.2422696	0.68478965	788.30018	10.309809	8.6024064	-0.0063284736	0.15780778
138	2.6636977	-1.1281262	0.36931392	415.25427	2.1107411	1.5085066	0.10610395	0.058306783
139	1.7147925	0.65770688	0.38070455	4433.2092	16.256829	15.100734	0.13237867	0.21932477
140	0.79819966	0.41391916	2.7180612	10332.472	113.91847	87.135825	0.11915179	-0.057579695
141	5.8382931	-0.26658126	2.9833028	572.43731	10.094439	1.5144621	0.4153531	0.025015488
142	0.61230462	0.64064238	0.35073974	232.46741	1.9303011	1.3922468	0.18608831	0.037349809
143	5.3976868	0.49031711	1.0495639	541.76695	8.350445	5.5460638	-0.013616695	0.093538251
144	2.2673261	-0.11470415	2.5967757	4149.1692	40.766226	31.932526	0.17172867	0.31131143
145	6.0298033	-0.76994904	0.19189896	4282.2207	54.046893	37.762371	0.37103643	0.050245882
146	0.25007206	-0.98847519	0.57958481	1373.9311	12.675564	11.427987	0.056290085	0.26068521
147	3.6417791	-1.182572	2.2709336	3702.8881	42.821267	28.309753	-0.046328795	0.072555042
148	4.4286106	1.1669627	2.4038935	5566.6083	136.28806	128.88727	0.0048093677	0.016662609
149	1.8071213	-0.37302196	2.9459933	1106.2861	10.169528	9.7922786	-0.046123789	0.02304907
150	5.8051503	1.2426139	1.8211129	1266.4604	19.133385	10.874215	0.073127336	0.10364802
151	5.6525449	-0.45669263	1.0835071	2145.3106	40.690829	38.268245	0.061536058	0.37824012
152	6.187849	0.28371251	1.9498373	2153.432	60.217068	44.737785	0.18711054	0.15550954
153	1.5301937	0.08829681	0.33105021	1145.7467	44.041459	31.450176	-0.020025824	-0.14609708
154	3.980532	-0.80807282	0.70970975	478.18288	11.545053	1.5221484	0.10643443	0.16743633
155	3.911793	-0.35988194	0.35990107	699.05473	9.4449868	9.3189272	0.11831856	0.040154172
156	3.3643683	1.0011479	0.53688799	2078.9842	22.528064	10.630546	0.1388193	0.0017908338
157	4.0165991	0.50657333	0.53762049	803.85033	42.381049	32.864259	0.16101798	0.1836103
158	3.260704	0.38113107	0.22561865	2290.7537	28.740139	13.825744	-0.076195452	-0.40017626
159	2.1781119	-0.70235298	1.3300928	2786.6697	43.640057	41.171494	0.043472781	0.20296777
160	6.2596143	-0.21556517	0.94159663	2328.4182	14.256763	13.553486	0.15144626	0.12990046
161	0.47966706	-0.66827085	0.4094022	3085.2868	41.451547	15.199189	-0.16715329	-0.003334552
162	1.1213794	0.78235522	1.0283676	936.63149	13.113376	12.013869	0.16653633	0.019647772
163	3.4829313	0.59753761	2.9313987	647.55128	36.681415	22.380935	0.093242667	0.1594057
164	0.76568873	-0.15664344	0.41750037	4055.4703	53.844795	39.860595	0.050094165	0.064945317
165	4.4282994	-0.1798959	0.57349225	766.5375	24.882273	2.2570116	0.18364439	0.0063357499
166	2.5535429	-0.9302375	1.1512561	1852.2259	19.714163	13.653499	0.24651024	0.013309848
167	1.8875744	-0.74754749	2.3684571	1624.1567	28.913758	28.561179	0.063407276	0.25840347
168	4.7498938	0.33429125	2.0619848	643.85566	37.044903	28.00937	0.053552105	0.010053486
169	5.9616427	-0.85571432	1.0730842	573.06362	10.632998	9.5552178	0.23792457	0.094640549
170	2.9113577	0.40868149	1.0580133	1400.0245	12.726986	11.904923	0.32087097	0.085284566
171	5.0666717	1.1767931	0.57793906	3485.0453	76.606946	46.732788	0.026807806	0.019000788
172	0.99768505	0.62898513	0.77175986	751.44584	26.322927	2.6606031	-0.0011255009	0.10240213
173	2.8885948	-1.0092654	0.74319678	3947.2054	29.028428	28.755437	0.2460586	0.090725003
174	4.1686815	0.45804165	2.4972894	2121.5428	32.689431	20.658001	0.36751466	0.029306869
175	5.065619	0.48839916	3.0973429	1941.5462	43.420633	42.747573	0.032428847	0.40403176
176	2.6168888	0.47624437	2.0667969	160.52055	12.312182	1.3891128	0.084134579	0.070519902
177	2.0137616	0.39118445	0.37948736	1064.2676	11.680784	11.528114	0.051069464	0.54889579
178	1.6594981	1.061614	2.6012839	1292.5776	10.377116	10.042605	0.083840049	0.11027496
179	5.0216539	0.54829743	0.40002275	1800.2479	21.683403	15.346974	0.24563723	0.10350037
180	3.3050508	0.030228579	0.5780971	1909.0217	44.465484	18.907483	0.082329924	0.059949335
181	3.0277881	-0.4000326	2.5144665	3658.1492	52.85615	16.858007	-0.013040918	0.098836244
182	4.5268379	-1.1055224	1.2257691	1254.725	86.001737	27.517153	0.062080606	0.084938439
183	3.4677351	-0.011828583	0.078504072	1414.3738	26.686654	25.720324	-0.32637378	-0.2285681
184	5.7411583	-1.1560175	1.7369263	553.54283	10.581734	9.0065038	0.33786801	0.0052948973
185	3.9290022	0.19194397	1.6300577	1084.2716	26.877188	18.785765	0.30418577	-0.0093052781
186	5.3802669	-0.6896799	0.51461559	6280.6731	80.91054	71.927858	-0.19701917	-0.22256672
187	1.1268668	0.11454054	2.8787828	1283.7803	30.59457	30.572229	0.028028978	0.16027097
188	4.4665121	1.5113202	0.46527255	273.53289	1.5699839	1.2730464	0.15627825	0.16366524
189	3.5914366	0.5435096	3.0924724	457.23835	2.3976049	1.3414164	-0.061288918	0.11921983
190	0.047401044	-0.19865559	0.5630715	1925.8223	13.456118	10.242924	0.21206489	0.079933593
191	3.6134663	1.1648102	2.734304	5405.9042	64.845408	50.556282	0.44680876	0.097052502
192	3.1742271	1.1452001	2.7364724	1585.4558	11.32289	11.109498	0.061795059	0.17303022
193	2.3545364	0.95296988	0.51816305	323.14627	3.9811551	2.6414363	0.073988488	0.08138209
194	0.20909548	0.94422598	0.22901688	1211.3753	11.866448	1.8100938	0.20740845	0.33102426
195	5.689381	0.43153529	1.6581713	2183.8137	51.604864	47.040661	0.063285062	0.10244857
196	0.67435802	1.4881395	2.8206306	3262.2085	35.401743	33.147535	0.070828941	0.17475184
197	3.4672691	-0.85035293	2.7682958	383.9284	1.6879346	1.3335661	-0.06518127	-0.0014356518
198	4.0064508	0.55932509	2.438276	701.95546	11.519429	10.536463	0.38007988	0.04652144
199	3.0386879	-0.016143526	2.3193674	5579.0688	55.412545	52.159295	0.17236635	0.19773085
200	0.13819433	0.52349043	0.16069659	245.42491	3.3783056	2.0101683	0.239702	-0.059869094
201	1.0757355	-0.22700359	0.21869127	3775.92	48.336262	42.908684	-0.00021209523	0.05429201
202	5.9499405	-0.5677146	2.6785758	425.45524	9.1999892	1.9475861	-0.19534796	0.011668244
203	6.1613614	1.2003636	0.87541519	971.89485	11.886858	9.0211063	0.057997158	0.020787902
204	0.46336527	-0.44175472	2.0985756	735.7143	31.99681	27.647102	0.15201577	0.2783732
205	1.1666895	-0.94405749	2.6344789	2893.5249	37.359525	27.280286	0.030793679	0.062351061
206	1.2969809	-0.97446616	0.82413779	2139.3838	46.397373	12.800033	0.87890217	0.22455307
207	1.6753826	0.84683119	0.73782785	2140.8578	22.30388	20.301475	-0.0089288142	0.0057823833
208	3.3571075	-0.60104581	3.0039725	3666.9462	67.07346	57.683842	0.076273944	0.36386651
209	5.6373689	0.52035488	0.4416129	6648.284	63.331861	45.878344	0.22298207	0.022712879
210	3.6131032	-0.31172457	2.8458173	5944.8171	60.519329	58.186243	0.08692541	-0.026975777
211	2.3129949	0.12218318	0.8120263	1937.6675	41.477182	33.237403	0.057984445	-0.01818673
212	4.0643852	-0.81783086	2.8614378	595.24524	9.4414912	9.1151994	0.044645146	0.12072838
213	4.1688856	0.23967323	2.4487704	1735.6119	55.741624	37.101365	0.35977015	0.031760943
214	3.7101268	-0.093093717	2.4995232	5303.2885	66.038176	53.962406	0.23595821	0.42590219
215	5.5770734	-0.87151446	2.4687739	430.11902	19.166115	15.92476	-0.02824548	0.00656838
216	2.0477493	0.54462077	2.8840449	2002.0076	43.529242	27.311851	0.32652559	0.087952667
217	1.2447544	-0.22823967	2.2947819	491.14832	24.813881	20.124093	0.14985249	-0.21054594
218	0.11357013	-1.1658148	2.7290618	5712.3765	65.653288	54.300184	-0.076895828	-0.08429593
219	4.9323555	0.67865002	0.48871369	545.98288	4.0283786	3.2785552	0.1541061	0.26802944
220	3.1695342	-0.29969188	0.27127156	394.57892	9.988502	9.4858425	-0.088326657	0.44766089
221	1.6938763	-0.53511227	0.42264186	4210.5227	61.965572	49.073511	0.060235899	0.28886848
222	5.4908402	-0.6737312	0.4143419	4587.8508	64.232889	54.024711	0.47725323	0.33427193
223	0.88703221	0.43816993	0.75797817	746.75425	9.2746983	8.553055	0.016894751	0.18843764
224	0.63938432	-0.099638147	0.10369227	5643.3801	63.101075	59.178826	0.14176577	0.065366703
225	1.5307664	1.0476795	2.6346606	1277.6691	12.1924	10.019775	0.09683065	0.085274695
226	0.46859683	-1.0962544	0.7662463	289.90575	1.7118187	1.6526679	0.11003995	0.16251526
227	1.3120584	0.72438008	0.2287892	1637.7781	38.557794	11.033726	0.10120575	0.0028815404
228	1.8326228	0.031531023	0.59990406	4582.1095	116.34997	40.308725	0.085911355	0.026217271
229	5.4402539	0.50745755	2.3896553	774.61517	92.472045	39.352423	0.0028536243	-0.0020112548
230	0.9133168	-0.53773348	0.9186629	1309.9377	28.710031	26.920888	0.010814028	0.0018301111
231	0.49425428	-0.27872384	2.4760497	247.74912	7.1259917	4.599314	-0.00027525956	0.092783006
232	2.7591152	-0.52819453	0.71783405	655.05978	1.9351372	1.7404272	0.0030026545	-0.0078402432
233	3.8724051	-1.031303	0.96674744	886.99475	10.806996	9.0949805	0.0026713876	0.1710423
234	5.8706993	-0.0081279427	0.80450412	3737.126	41.820049	38.944989	0.020632806	0.02341666
235	4.6929644	-1.2154043	1.9058593	402.36553	42.218891	18.732588	0.26082655	0.098905708
236	1.3302865	0.48721734	2.3204395	3771.8165	16.867833	16.51848	0.47543816	0.098764013
237	4.3228052	0.88297834	2.7134317	6164.038	43.110218	28.245443	0.34783907	-0.057734876
238	0.99299464	0.3905491	0.63031424	153.52729	9.2551872	7.9387161	0.035360234	0.31916074
239	4.3071662	-0.71540193	1.8330854	328.74343	9.2603052	7.7889204	0.33351022	0.023812881
240	0.57514524	0.78474566	2.8417872	4410.1653	54.787074	54.063119	0.3160114	0.33536801
241	2.3871706	0.30314828	0.67613106	4604.9314	102.62294	89.043361	0.072381205	0.0238567
242	0.33881821	-0.19685522	2.2408945	2778.56	50.991382	38.494711	0.0098156542	0.10685597
243	0.55252459	0.42538227	0.83320993	4217.418	57.531529	54.007868	0.079035166	0.21916752
244	1.2850421	0.018426915	0.48506663	2976.2552	116.1107	82.801204	0.11681806	0.43457417
245	4.5719603	0.18239625	2.7323827	1209.15	42.255897	29.515952	0.029146207	0.22943486
246	4.2523393	-1.1415087	1.9645252	1453.7644	43.265324	10.584165	0.15742727	0.29235882
247	2.4726894	-0.89003317	0.72008145	511.75068	18.685405	11.024977	0.015132302	0.0031495773
248	4.3243178	0.79770624	2.3760859	4183.7229	63.729856	58.433114	0.048469902	0.12070442
249	2.1928669	0.91161335	0.64973649	4020.527	52.685928	50.783953	0.17405774	0.12631644
250	2.3319136	-0.24578845	0.84446245	122.09627	1.464006	1.4535601	-0.065212722	0.035493882
251	2.7613357	-1.18741	0.23515207	1193.5225	11.127178	10.653912	-0.059094267	-0.086516159
252	2.7143227	-0.63329755	2.5338422	8576.6895	110.63419	41.719651	0.013304548	0.33310359
253	5.3755684	-0.5124301	2.3974598	898.94478	26.948739	21.277711	0.35824062	0.055148132
254	4.4172833	-0.98376516	0.63619784	5543.9988	96.086139	49.729154	0.094458423	0.025901905
255	5.0935258	-0.61756353	1.7087594	2036.5487	45.116502	42.097644	0.14294859	0.092056419
256	5.6560177	1.3021828	0.78530953	249.75055	17.53381	1.7083972	0.13372932	0.13780815
257	3.2734189	0.27276567	0.93038563	2475.4391	60.340964	23.858237	0.47096503	0.286596
258	2.3481685	0.35791935	2.3964134	2381.6665	33.936148	29.547105	0.35283159	0.032229193
259	3.8594555	0.77885694	2.6082882	2222.8026	12.469546	11.762175	0.39530827	0.019875252
260	0.14458171	-0.56041997	0.754721	735.28931	35.802027	34.199876	0.25714042	0.11119482
261	4.5033931	0.91068077	2.3536608	428.59248	11.363521	7.6367207	0.094330952	0.12329678
262	0.60201724	-0.074022512	2.7834952	3395.2945	34.802049	27.146941	0.27209807	0.078714581
263	0.978379	-0.29880442	1.8624741	427.97171	34.515538	10.507926	0.09268565	0.010439249
264	3.7104645	-0.79469774	2.7743012	1963.1187	53.44209	29.52629	0.095216096	0.022743685
265	2.1845885	-0.82556864	2.0244446	589.56891	11.292545	3.7732184	0.35360192	0.018111134
266	3.1994965	1.3981916	0.84442436	1156.754	31.733206	23.873496	-0.043523741	-0.16233509
267	4.1062109	-0.70296315	2.1031237	557.87012	54.677803	5.4399266	0.069295457	0.30884944
268	4.6842071	0.26274361	2.2144855	496.19637	16.995574	10.416383	0.039073439	0.0058159911
269	2.7111815	-0.60343847	0.96351065	2400.8598	54.859552	50.696028	-0.13435624	0.15248528
270	4.764119	-0.93833646	0.27578225	5877.7168	58.646766	32.22569	0.49048117	0.061350239
271	0.42655099	-0.71006228	2.1071808	288.9212	11.726658	8.0118227	0.3041595	0.19305124
272	4.0431006	-0.61500787	1.1729893	953.70898	11.01055	9.8215855	0.087428879	-0.0021203952
273	2.847617	-0.69804951	1.9312609	2630.3544	55.770168	53.934598	0.042555842	0.036178133
274	4.7782799	-0.7377966	2.3868773	2620.1016	20.061755	14.040693	0.024624605	0.54076681
275	2.9679941	-0.2343099	2.2557253	2166.3666	56.201816	54.002504	0.35795606	0.54208193
276	4.4019448	-0.97249658	2.8062078	5112.5893	47.413988	43.641127	-0.18133511	-0.038556758
277	3.5227149	-0.63114863	0.49742876	940.67382	9.2808116	8.7080139	0.0096182971	-0.089735217
278	4.3375435	-0.19699651	0.80269854	138.34645	1.2123858	1.2061329	-0.012573218	0.094485443
279	4.4885979	0.99921413	2.4138069	1755.6525	45.160432	18.194054	0.19694314	0.015451536
280	4.6567405	-0.42393972	0.38446431	1865.8798	14.58737	11.212808	0.0065172152	0.10909049
281	0.027744903	0.25649356	1.060549	4827.3204	71.68137	61.41604	0.090808802	0.2926569
282	3.6724774	0.98299464	1.1641449	895.78606	23.324845	22.049882	-0.0035669526	-0.38649528
283	1.2512994	-1.2276095	2.5936625	3788.8363	55.790689	54.297868	0.14443308	-0.086547451
284	2.641676	-0.92624068	2.8609586	7148.1076	50.477249	46.691048	0.08147416	0.091032279
285	2.8298823	0.36845416	2.0909532	3271.3302	57.101633	45.641661	0.021296611	0.040453337
286	5.6036994	0.99036681	0.28154378	926.1482	9.7060635	2.4905727	-0.026534423	-0.023010047
287	4.630322	-0.66546776	1.1815231	211.15016	14.499873	9.0906985	0.020597892	-0.022186801
288	5.1889756	0.68286587	1.457729	1801.3196	54.459821	49.039094	0.052513588	0.26796671
289	4.1477615	-1.2366053	1.637941	358.23013	7.7753525	2.2311329	0.037340898	-0.020628051
290	3.102647	0.53755472	2.3062604	1210.3623	19.700721	10.56	0.10797113	0.17007317
291	3.440342	1.3089702	0.31763393	1319.0771	11.177265	10.431701	0.19383784	-0.42331912
292	4.4693603	0.0060227824	0.36704139	208.99981	1.9360277	1.3114912	0.037885492	0.16021744
293	2.2313779	0.59821578	1.9718857	557.77672	39.91248	39.446377	-0.11370112	0.10361256
294	6.1482374	-1.1859132	3.0131239	2276.7992	25.910117	15.90213	0.064636544	0.014095991
295	1.5145847	-0.69514843	2.7418998	1710.7246	107.24786	10.213221	0.44201236	0.011441046
296	4.1121145	0.52192537	2.5874748	1219.1915	34.672306	34.660726	0.24968845	0.074031012
297	0.34309362	0.39122962	2.5519735	5420.6216	69.002518	40.713225	0.092889713	0.08109645
298	1.2278814	-0.49259997	2.6077344	5071.919	77.477329	32.402707	0.12043052	0.017905488
299	4.8610816	-0.33697722	0.48837764	2467.2818	31.719532	26.287444	-0.25059004	-0.31177158
300	1.0843792	-0.097177391	2.3331676	570.90203	7.7963185	3.0705623	0.088244219	0.24857745
301	3.4578606	0.018392494	1.1269979	3897.5868	81.606403	63.594648	0.45690212	0.13629998
302	0.49147205	-0.14818532	2.1112503	166.47612	3.8262224	1.3694108	0.14799353	0.15701373
303	1.4407954	0.9436958	0.85646873	2261.6021	41.987043	38.073484	0.20038613	0.12972919
304	2.4990268	-0.58822553	0.90662906	1259.7213	12.039792	9.5649509	0.16212354	0.0056632675
305	5.253691	0.61590303	2.9561001	4908.4036	60.901646	38.425031	0.25333096	-0.35293318
306	0.99330731	0.31368211	0.76253823	222.90883	10.014772	4.1563607	0.055911987	0.13723594
307	4.9609265	-0.56979029	0.70194091	1029.585	11.629456	11.077893	-0.045886427	0.0074652499
308	0.65108654	0.91824742	0.76165665	6674.1787	59.385386	37.045225	0.066406247	0.050291275
309	5.716257	-0.21378194	0.96487393	1548.0911	36.725074	9.4725356	0.044147561	0.10605367
310	6.2495756	-0.7466892	0.6927949	1273.7705	19.067881	3.4787377	-0.11777986	0.0088382236
311	1.0580898	0.56402083	2.7755249	1976.2536	42.918208	42.856316	0.18151898	0.11193551
312	2.8074978	0.95726238	1.1904518	2591.5032	46.554062	41.668893	0.56171136	0.078540281
313	2.5725331	0.12964447	2.3464328	2614.1579	45.6234	37.655913	0.212227	0.14221748
314	4.2022346	-0.25300961	2.2662394	548.11749	35.537914	7.6430738	0.043091649	-0.055315985
315	4.6597698	-0.27353027	0.33246731	1628.3098	28.930529	24.680358	0.041828588	0.45033104
316	2.0235056	0.17992928	2.5849696	4470.6975	49.452522	46.586924	0.0078174547	0.072337489
317	4.4465907	-0.52462484	2.1040702	414.45613	9.7122601	7.2576199	0.085981907	0.0297824
318	4.9238973	0.043088137	2.3759345	2708.4878	57.536898	28.615558	0.30212199	0.11583351
319	5.612815	-0.74113145	0.3713768	2823.0152	23.586776	15.218546	-0.35812187	0.34386454
320	5.0533084	-0.89102129	1.8918932	1203.4249	36.859777	31.700551	-0.0008145394	0.079546807
321	2.4177912	0.42763286	1.1474627	925.74422	42.081003	34.686998	0.031734091	0.272708
322	3.2150218	0.92762756	0.25973596	2335.063	49.739298	10.252652	0.00098544349	0.010326739
323	5.3297877	-0.45971121	2.6898596	1867.5265	30.562607	21.668696	0.33863599	0.060762138
324	0.99306268	0.41354738	2.9388185	211.237	1.5429733	1.4167042	-0.00031463201	0.24632224
325	2.8952332	0.48482132	1.9209716	1027.1727	29.113412	9.9513047	0.54309576	0.34413512
326	6.1106344	0.83747799	2.4720001	1176.3026	11.065668	9.9928414	0.55050142	0.095778115
327	5.086903	0.16691179	2.6115655	2549.8645	50.7303	50.718124	0.21330197	0.025237396
328	5.6259085	1.0251358	2.4483257	3469.1507	16.273585	13.584321	0.15658429	-0.13379836
329	1.7323155	1.0728166	3.054899	557.54258	31.205515	1.9769439	0.057086803	-0.010063192
330	2.746034	-0.1168182	0.52469837	3032.1465	31.715219	29.343554	0.1839481	0.0039502931
331	0.039659074	0.82135656	2.7968135	2084.1986	97.262222	49.553526	0.06662445	0.13453035
332	0.22044043	-0.59426739	2.8416357	4736.3369	27.95306	13.819785	0.051194613	-0.022466481
333	1.2173507	-0.54733131	1.985612	1107.8123	19.733519	10.70606	0.31077126	0.12949921
334	0.86659033	-0.17246844	0.57627471	1002.168	12.4017	10.572415	0.17102974	0.026453448
335	4.2724915	-0.017139	2.6923134	533.16033	10.437409	2.2673313	0.078197742	-0.0057931629
336	4.6664906	1.138412	2.7085422	4375.4766	44.756337	44.088326	0.010507416	0.073622739
337	5.9633704	-0.38393272	0.38813054	631.92413	9.7035115	8.4995549	0.039846873	0.17250052
338	3.0350728	-1.2935167	0.82539608	2451.6085	53.633961	52.850071	0.17491148	0.29945659
339	5.0504573	0.92882725	0.17802614	182.04158	1.6029084	1.4230574	-0.21227558	0.061021727
340	5.262562	-0.57421277	0.49825425	991.97843	11.897516	10.148311	0.092681977	0.018034494
341	5.9614021	0.21683838	1.6790382	1581.7794	22.277024	11.728143	0.053896221	0.013084652
342	4.2463478	-0.81187731	3.0313006	3000.2738	39.090694	36.347181	0.12980968	0.16124363
343	3.1428911	-0.6020751	0.23848947	2192.5124	102.55186	40.637705	0.031466571	0.075803131
344	2.4027929	-0.57929629	0.52407159	588.51208	40.693942	37.130131	0.45130156	0.24953149
345	0.11916604	-0.7524751	2.4390048	2920.3888	44.729357	43.635925	0.34454469	-0.22821384
346	4.1265534	0.69358501	0.84608991	2689.0724	46.965722	32.602461	-0.39487122	0.00082248613
347	4.9164424	1.3615291	0.65929349	1081.4595	14.90627	11.753978	-0.16679861	-0.12457415
348	0.57076351	-0.26543776	0.27121046	891.25454	22.044433	9.4952568	0.12399668	0.34540338
349	4.4843887	0.44502684	2.4059987	8244.078	75.427673	62.745291	-0.055041059	-0.027275703
350	3.6338678	-0.53606121	1.3994734	183.08663	1.6174397	1.2606587	-0.0047807585	0.0052222871
351	5.4450103	-0.47040831	1.298153	279.99574	16.772019	11.248712	-0.0048782722	0.28505917
352	1.5073083	0.66057436	1.802875	1710.9829	40.43916	26.709668	-0.032739234	-0.11056559
353	5.4538014	-0.30145734	2.721945	295.62495	10.644738	10.229449	0.028183774	0.045380618
354	2.492952	-0.59410877	2.2453561	804.50129	9.6718305	2.6861556	-0.025395766	0.0094988404
355	3.9375373	-0.956098	2.5422891	5159.774	56.36728	55.151553	0.13361421	0.16923089
356	2.3320772	0.58921648	1.0857535	828.08882	47.618413	44.189729	0.028880342	0.14701996
357	4.8048476	-0.42736547	1.1458364	835.21015	10.58043	10.267079	0.38466562	0.057164601
358	5.6803275	0.14310661	0.56398014	538.44962	10.378323	1.7697402	0.048931984	-0.078025426
359	4.026728	-0.46051489	2.0965233	379.30468	17.292794	10.312996	0.094353138	0.021367575
360	6.2615737	0.42665915	0.57003035	542.87675	25.092232	8.4221806	-0.07939674	0.091401655
361	1.39995	1.2209417	2.3126549	6231.0228	131.65023	84.367847	0.13340179	0.2733034
362	0.81494147	0.22450902	1.9514625	3495.7388	58.971167	55.694923	0.31923418	0.3699137
363	0.7619542	-0.28593328	0.70842612	5526.129	66.266056	32.739721	0.27759445	0.036730621
364	1.1143397	-1.1607698	1.8601913	4842.3409	65.097109	50.702934	-0.019890073	0.33918061
365	1.089898	0.35780678	1.2585537	1915.5763	124.18376	92.184006	0.023524515	0.16707245
366	2.0915601	-0.89701621	2.199447	191.71893	3.3269855	2.026724	0.023334397	0.13200714
367	3.43011	-0.11172925	2.4836146	1778.5886	28.143996	17.490257	0.24004109	0.098418917
368	3.1765058	-0.5270367	2.3105534	1153.9715	45.986962	37.975735	0.053423439	0.092729942
369	0.5546788	-0.48953438	2.3696974	321.50992	11.466019	11.315215	-0.041800481	0.088831418
370	5.0036242	-0.68184988	1.1998581	3242.2391	42.298861	36.032467	0.044366012	0.028419212
371	4.6751256	-0.40271448	0.50498561	214.58284	7.9767743	1.2249101	0.32240493	0.14402557
372	3.9022022	1.1155172	0.41696515	4405.833	117.23342	59.015289	-0.14882296	0.02288097
373	3.0061078	0.52575493	2.4958892	1847.749	35.992081	35.976272	0.094331436	0.18139211
374	4.2959318	0.19979566	1.144445	262.54953	10.176353	8.5212994	-0.11823052	0.046075847
375	0.62959065	-0.006550323	2.7644522	9036.8295	84.268239	81.263541	0.091659275	0.092392913
376	1.6569981	-0.19302335	1.232738	386.8979	9.971183	9.0809231	0.27955341	0.0058243896
377	6.0799118	-0.28348083	0.21943161	855.97644	12.720718	11.885162	0.35350018	0.28825563
378	4.2918819	0.47519167	2.5488165	2361.483	24.916653	22.262708	0.1059897	-0.050585736
379	3.2457841	-0.71598216	3.0473851	1123.2418	42.997433	39.736835	0.079346767	0.47043657
380	5.1232942	0.76025355	2.3497963	4201.7498	81.014677	57.521602	0.44306123	0.065298618
381	5.8064121	-0.14911519	0.57691677	2026.6046	20.089462	9.7894753	-0.23289225	0.19216323
382	5.0816611	-0.49080173	0.55422062	4336.6485	62.142714	49.113329	0.16045048	0.010491496
383	0.51629961	-0.42489351	2.8898016	1485.2834	26.476269	24.817147	0.24244036	0.013532851
384	2.0638328	-0.38926896	0.7403609	1271.8105	8.7393257	6.2062825	0.30494351	0.13371786
385	6.204207	-0.89420389	0.61679952	420.2565	33.229395	10.842942	0.06437484	0.07080154
386	1.9333164	-0.21351364	0.39617669	5234.633	41.140788	39.923477	0.020757184	0.30330037
387	0.92852213	0.026617515	1.3704697	832.47407	37.721753	36.473127	0.11278203	-0.016147679
388	1.6451937	0.63040746	3.1207486	1517.5023	35.506503	30.819372	0.30730336	0.071499765
389	2.7529875	-0.96112184	2.8946842	5510.2337	49.105683	41.408352	0.28117033	0.48540594
390	0.68490045	0.94782203	2.6326689	6579.3637	75.633162	71.345546	0.43840765	0.084784006
391	4.4001293	-0.38535585	0.88241491	607.13326	26.678345	24.398796	0.036055955	0.15356087
392	4.0623244	0.63771669	0.42791334	3324.5381	50.607929	19.551458	0.15109575	0.004253155
393	1.3191028	0.42614594	1.6639945	853.64096	10.783276	10.672763	0.1643912	0.070526093
394	3.022019	-1.2910539	0.2666642	254.79935	1.509282	1.4193882	0.37360285	0.028212142
395	3.1849865	-0.18232434	0.88730323	1204.1143	32.800074	24.660061	0.037024327	-0.017641088
396	2.1696572	-0.25990269	0.10515678	3890.7376	35.280935	28.361059	-0.0066597895	0.18973787
397	5.2123194	1.2637094	0.83293242	2279.2045	40.254123	32.957008	0.073356438	0.031668078
398	2.633147	0.12413204	2.5605413	65.562782	1.5649225	1.4119336	-0.022763996	0.0017971219
399	5.0654079	0.5922078	2.3440797	8402.6823	159.55809	152.7781	0.079115807	0.015988206
400	4.1990446	-0.70416805	0.34979427	2643.7796	40.424619	35.071045	0.0090607481	0.11813376
401	0.41520727	-0.1918346	2.170941	1401.2708	28.081619	20.3314	0.24627084	0.030511025
402	1.746027	0.46163118	0.49525919	2726.9854	13.773254	12.966159	-0.022184861	-0.0081279027
403	0.76445034	0.75352158	1.1963647	1424.7969	33.149622	29.960188	0.04830902	-0.041200482
404	4.5566318	0.74154813	2.0932909	2298.0743	44.234205	13.680996	0.37204844	0.58957202
405	2.4989481	0.56910027	0.6370098	7222.3535	135.05744	133.30031	-0.0078406489	0.39567382
406	4.3176759	-1.1206122	2.456765	1905.0731	43.698217	22.46268	0.33569074	0.34482655
407	6.0953116	1.0848839	0.13895119	2155.0967	12.198235	11.607453	0.12014721	0.23707814
408	0.44119433	0.66617664	2.6872433	285.47402	1.316005	1.2359457	-0.04686364	0.088469797
409	5.9726408	0.8231891	0.23617928	1738.1332	51.268506	3.4441627	0.057968677	0.045524856
410	4.2284639	0.72551847	2.5779847	853.37123	10.71126	2.8913773	0.40555824	-0.14446848
411	5.6692506	0.23437644	0.82526707	2526.0682	87.98628	42.610562	0.21864094	-0.003662019
412	2.0076601	0.14737669	0.60584158	1470.1783	48.103734	43.074894	-0.038888149	-0.1974321
413	1.1846447	0.45146109	1.6478252	357.75944	10.180634	9.0863244	0.2674092	0.28969106
414	2.9812049	0.24089886	2.2753464	2098.0221	50.885021	43.296356	0.02282743	0.13673903
415	1.1945583	-0.12840748	0.31290898	2160.9903	20.431769	11.83175	0.33197777	0.063675865
416	4.0460273	-0.26323312	2.8238311	513.52131	10.085849	9.4500777	-0.022251581	-0.16804413
417	5.6026512	0.87696123	0.95561713	1075.436	28.456181	12.278505	-0.091930581	0.083979573
418	3.97803	0.73338125	1.0481899	2939.6006	45.78848	34.940659	-0.025161804	-0.75010731
419	4.6909396	0.85164159	2.9452504	2253.5815	12.689207	9.2992024	0.20059501	-0.038551457
420	2.1498125	0.81407589	2.7329813	1369.5661	22.227916	13.844111	0.060759911	0.085810881
421	3.0977081	0.75466283	2.7259956	735.19662	11.844095	11.380404	-0.29439751	-0.031140511
422	3.1444311	0.013695173	2.087793	1238.984	13.619639	13.411907	0.11018721	0.14504378
423	3.3484349	0.85840016	1.5810103	996.19086	37.778021	30.092182	0.17707363	0.10226454
424	2.0066968	0.46403191	0.4968426	764.71275	20.441706	11.731272	-0.059905828	0.0031070612
425	3.5356912	0.91239219	2.6975261	2404.6923	19.133559	14.467785	0.051169315	0.09006131
426	5.538359	0.50930845	0.52814267	994.53965	12.132283	11.15402	0.17116362	0.33895692
427	4.0907075	-0.92296167	0.41072044	6177.6026	61.653182	60.311197	0.0075203043	0.055017009
428	0.48000828	-0.75646142	0.35553918	2193.6257	44.497541	14.415715	0.01993812	0.36754012
429	5.3916633	1.1743087	2.6031357	1445.3146	38.842718	29.74329	0.1348783	0.34878556
430	3.3982306	1.1808374	1.3704876	2311.083	93.606325	44.086381	0.57691763	0.055180512
431	0.43041957	-0.77635021	0.91172231	2228.1726	93.848022	49.715776	0.1253285	0.31903722
432	1.1483366	0.65592033	2.6746674	1826.6974	47.147586	44.94633	0.29597435	0.024488333
433	4.1394935	-0.97993761	2.9155627	1786.9836	37.319888	30.041347	-0.21394213	-0.024148069
434	2.3823751	0.4575622	2.9404342	151.22305	9.0370967	1.3707927	-0.0095700764	-0.075638838
435	3.3766722	0.68348308	0.58922592	1749.6685	11.5223	10.582347	0.0080866172	0.10991267
436	2.27373	0.69786214	2.3439315	4721.0489	63.971156	63.684026	0.11310011	-0.090932567
437	2.7786131	0.90170228	0.96208751	1223.8581	13.406692	12.081585	0.058228521	0.28852862
438	1.6826213	1.0337428	0.68635843	178.1553	1.4922324	1.4877536	0.26825258	0.039433825
439	0.95568678	0.68675647	2.4524507	2873.0799	48.340083	38.373221	-0.17013587	0.20063089
440	6.1846504	-0.76578073	1.9226693	244.59047	29.034433	22.83594	-0.041447258	-0.05348915
441	2.4751098	-0.66798939	0.46606176	2150.8285	12.756301	12.64989	0.057567355	0.25695097
442	4.3437381	0.92010768	1.396085	5423.7061	152.03257	70.455429	0.12236675	0.069353689
443	2.5888891	0.68686421	0.8229426	3307.5936	50.405665	46.561179	0.18673375	0.28104775
444	4.0452212	0.7400575	2.1895156	1177.3663	44.463798	32.25595	0.0070662968	0.057878628
445	5.8261696	0.83249144	1.0224311	2903.4001	47.347712	40.632303	0.039021324	0.0013555742
446	3.1809695	-1.0923442	2.1711765	1663.9737	54.657886	46.830461	0.021759931	0.22691042
447	3.7249573	-0.23513734	2.3135836	2090.4644	48.317234	45.330204	0.11363766	0.080263614
448	5.3617328	-0.77315007	0.75360097	552.27783	9.7692506	9.6487386	0.078816607	0.063387834
449	0.95254348	-0.261437	2.3257155	1277.0396	12.83701	12.039189	0.21577779	0.098975022
450	0.050327086	-0.44928775	0.16878807	3291.4879	44.512444	38.761209	0.0032110658	0.079597906
451	4.8067201	-0.53954689	0.55157051	7523.9102	131.05137	99.714879	0.053330218	0.1192725
452	5.164262	1.3370816	2.6780663	1201.3912	11.153452	10.990428	0.43573831	-0.5275891
453	2.3098949	0.48648891	1.9846969	3635.2315	50.201823	49.495146	0.061231505	0.18511215
454	0.10956627	0.28721072	0.35077788	2529.4784	41.021533	39.28694	0.16273802	0.0062494775
455	3.9508759	-0.96217866	0.94391951	1196.6582	27.87471	10.312909	0.32604171	0.43561788
456	0.43929529	0.40475834	1.8225219	1003.0443	46.736759	42.748284	0.10972746	0.30044455
457	3.6291712	0.83921097	0.81131886	139.27319	1.663265	1.2779526	-0.14814162	-0.10224288
458	1.4001637	-1.2151085	0.95134227	2964.6121	57.032844	51.336135	0.16635015	0.23922333
459	1.348657	0.70244393	2.4158366	6522.7376	86.919071	79.904655	0.12339843	0.14854341
460	0.23277223	-0.073286945	2.7123537	1674.7086	33.311158	29.091829	-0.10419701	0.0027551459
461	2.0573503	-0.55692982	2.4215004	1639.3953	60.163278	48.506901	0.04492881	0.16368479
462	2.8981698	-0.11085969	2.6206194	725.31488	40.960321	38.742646	0.19486258	0.0024625478
463	5.9898871	0.68126487	2.1358001	2459.7167	30.925973	26.097665	0.076724545	0.12500418
464	5.9220112	0.56618785	2.1196308	457.31199	11.509237	7.7261457	0.062130771	0.071866932
465	0.81032889	0.1318375	0.3971431	753.0267	11.283385	9.2034275	0.040698016	-0.0053558253
466	2.2229512	0.070835894	2.3596748	2987.3102	66.830074	42.404269	-0.055498429	0.052004082
467	2.4764317	0.18641673	0.20313336	6022.0113	56.778819	51.393425	0.1791176	0.0121653
468	1.1116094	0.90339726	0.55622382	1418.4161	10.291676	9.6741455	-0.017409211	0.0038351107
469	2.6894911	0.64489384	2.4759768	204.47545	1.926782	1.8926008	-0.11597294	-0.032859773
470	5.4894007	-0.22076014	0.89573989	347.59347	3.0566785	1.4417425	0.15932217	0.029971194
471	2.0964392	-0.65251358	2.8343815	4022.6562	73.272318	65.735393	0.096179192	-0.053914118
472	0.7366969	0.72306513	2.7439283	853.69532	10.472847	9.2128945	0.21025376	0.013335785
473	0.013739953	-0.97814617	0.94633418	2348.3405	38.349364	38.089859	0.21483057	-0.011867053
474	0.37486765	-0.10322196	2.1710426	405.34057	9.5794067	8.7459226	0.10796285	0.016776292
475	3.7067353	0.39907447	0.85256067	1591.7963	13.837449	12.801529	0.08529907	0.53380643
476	2.6458416	1.218494	2.6234586	3703.5579	76.099403	44.87859	-0.0091236992	0.0068530937
477	5.1022479	-0.63481241	0.20117489	1348.1849	11.735358	11.574553	0.23538412	0.19328531
478	1.2790212	0.62251984	0.92001559	448.49436	19.65616	9.9848269	-0.54444081	0.018659129
479	4.1587633	-0.80005796	0.85077756	1257.6526	25.721066	24.583943	0.01828256	0.24403208
480	4.7102745	0.26674113	1.8569356	461.67998	10.057322	7.9101604	0.064044809	0.065203987
481	0.57647477	0.97924433	0.93557624	199.42781	1.8561813	1.3610091	0.091395372	0.055194792
482	3.8401886	-0.59815377	0.15246071	2755.7542	36.971553	36.47829	0.16827318	-0.16112257
483	4.7685348	-1.0641022	2.4175315	517.01763	11.297076	10.27349	0.10396501	0.11877199
484	4.572293	1.4468752	2.7608058	402.93232	1.7372053	1.6004656	0.1848535	0.0012662867
485	4.5250767	-0.70461986	2.8472076	1115.9568	12.807259	11.146926	0.14262945	0.097937468
486	4.1074911	0.44865473	0.54285443	8601.9684	81.709375	75.553022	-0.20153154	0.0082315621
487	4.7989506	-0.20188065	1.6193586	231.99136	2.8429564	1.2029302	0.11144737	0.033003495
488	2.9489061	1.3296091	1.1513706	2370.9725	39.974563	31.253308	0.31034944	0.13211407
489	4.1012752	-0.75980287	0.59625666	2007.2581	42.043995	33.34452	-0.018813985	-0.18423496
490	5.1247617	-0.26330131	2.1600384	487.85967	9.1457981	8.0133476	0.45607862	0.35911147
491	3.139473	-0.33271693	0.53054999	5599.868	75.022663	66.581469	0.22834152	0.011523445
492	1.2665628	0.11195075	0.45683412	5752.035	60.661267	57.397626	0.19400851	0.23108262
493	1.926593	0.42932033	2.2881203	1697.9331	13.196938	11.983429	0.054835256	0.24159792
494	1.8465272	-0.7417613	2.9284273	1537.4495	18.039205	12.792349	0.14825948	0.093759589
495	1.5419445	-0.078265952	2.7381877	1154.3818	8.9221312	8.3630924	0.36000582	0.070061849
496	4.0327444	0.58637514	2.8473085	2772.0591	16.383247	15.031307	0.059894918	0.041267595
497	4.232707	0.62530562	1.0275107	423.06666	10.29683	10.248771	-0.06540631	-0.057737234
498	5.9243265	-0.86934023	1.879404	313.76136	10.006066	9.9053686	0.032228701	0.20535643
499	5.8833222	0.56875573	2.027878	800.96971	12.460682	10.298145	0.017463158	-0.055425599
500	2.3423317	0.39635542	2.0524731	1460.6828	40.514771	12.08257	0.16329449	-0.037864031
501	6.002164	1.1587567	2.9590777	229.10439	2.3694294	1.3327067	0.016970337	0.17782929
502	5.4467005	-0.075694838	0.47992033	1260.7831	12.053247	11.276898	0.54716501	0.16616813
503	5.5881172	-0.041354191	0.85029998	2071.9099	43.009406	32.889944	0.23548223	0.23718253
504	1.8461695	0.15599487	2.9372222	231.95282	29.910977	1.1724023	0.069896667	-0.011469421
505	0.99572006	0.27876203	1.1972137	2906.798	36.911157	28.559875	0.28297339	0.2305896
506	2.9388456	-0.20430036	2.3115543	1846.6253	47.76228	32.050818	0.072167412	0.10558753
507	2.2428024	0.7363734	0.48299926	4135.6828	54.854655	48.025879	0.025920601	0.15203405
508	3.9089746	-0.66672438	0.77339487	270.62548	1.726125	1.1878523	0.18316332	0.3290931
509	4.3346626	-0.71549329	2.6563139	1152.2425	24.218925	23.598304	0.070358264	0.016051171
510	5.3711463	-0.64734958	0.15854964	3941.6855	37.135137	24.64143	0.070453127	0.14789793
511	5.141202	-0.49456489	2.4264083	7052.2031	75.418524	53.271252	0.11405454	0.024112416
512	0.56586953	1.2945969	2.1985648	2138.5405	48.910797	44.128743	-0.0015445332	0.23258952
513	4.0221462	0.35624952	2.0370087	322.96428	17.784627	9.4988735	0.016921913	-0.0065625595
514	5.3120013	-0.88826985	0.71954088	2062.6692	12.090165	11.431106	0.0080872599	0.38952652
515	1.0184683	-0.58669334	0.38454283	7221.1055	69.805514	65.345255	-0.0019165446	0.21019592
516	2.6752802	-0.060971637	2.1791781	878.15495	19.39666	18.244184	0.11621103	0.20888463
517	3.8564743	1.0365012	0.24090027	7877.062	64.659038	48.425307	0.28465457	0.27738414
518	1.1578236	-0.1826985	2.1823033	2390.5002	53.137304	35.890568	0.010841855	0.090859714
519	4.5649069	-1.0674127	1.8564369	2852.6059	57.535837	39.518143	-0.0030305636	0.13495975
520	5.7746889	1.2816772	1.0489941	2139.5667	42.328337	30.655855	0.0013430969	0.061658276
521	3.8483904	0.68748018	1.1767498	1479.5109	40.520634	34.454155	0.052840033	0.077743939
522	3.2509391	0.18692623	2.0664143	1177.0224	25.923701	23.769101	0.086430098	0.36266698
523	1.9658247	0.56918743	1.5116894	640.92355	38.76053	36.749421	-0.054346878	0.0090939743
524	5.1884787	-0.0010220232	0.93094427	1731.3663	21.273621	12.66266	-0.10132386	0.39369256
525	1.1516769	-0.63510203	0.68798152	1563.7521	46.857438	45.290211	0.10996134	-0.17012647
526	3.6717539	-0.042381013	0.3729309	1821.1197	13.189441	11.772119	0.0048854124	0.11648243
527	6.1793294	-1.0586067	1.6060316	337.23862	10.669018	9.5348027	-0.095462928	0.43569469
528	2.1782159	-0.1993409	1.0274183	181.89039	22.287551	7.4480828	0.038331107	0.078148903
529	5.3504014	0.67241471	1.5031451	158.92239	1.4543724	1.436066	0.021111476	0.026100178
530	2.6281548	-0.68541831	2.8203825	203.7549	9.4744864	1.5893262	0.17531696	0.048734337
531	0.83166548	0.59349666	0.86128525	1965.6432	29.795843	13.036325	0.15148239	0.077303899
532	1.945415	-0.22953921	1.071389	394.91153	10.477083	10.243041	0.044542517	0.21159675
533	1.2759074	-0.23680062	0.5275834	2122.6487	43.727988	35.544867	0.09955739	0.33479424
534	1.034835	-0.27557116	1.6026632	1479.181	47.696917	40.707762	0.40123646	0.020171458
535	2.1984791	-1.1325284	0.94036859	3425.6458	45.927955	35.905775	-0.044299842	0.057210409
536	4.0677108	-0.072605588	0.31675612	3209.2997	58.860235	48.461447	0.14697244	0.051797423
537	4.3646827	0.93306732	1.2804456	4617.4184	66.432954	49.540871	0.18865032	0.01844342
538	2.485102	1.1266097	2.4803078	1695.7091	40.859954	38.049577	0.013872226	0.11110572
539	2.1703264	-0.31815195	2.8738421	1476.5456	28.73842	11.758591	0.30518292	0.41547772
540	4.6112946	0.0051971955	0.079973451	2958.1248	28.607161	23.875886	-0.087343651	-0.002500435
541	5.0278507	0.94212522	1.1916013	3231.6028	72.737893	52.060144	-0.02944719	0.17744846
542	0.50679968	0.60478755	0.13118601	1845.8407	13.869927	13.487452	0.36794437	0.0086103913
543	2.3993014	-0.063302355	0.55352909	1153.3092	27.90463	23.662194	0.081795768	0.012494594
544	1.3614198	-0.19479846	0.42093542	2230.624	14.223583	12.956418	0.37077527	-0.042957406
545	0.19415661	-0.92464038	0.86917755	1046.1407	12.979592	10.868975	0.33140253	0.025830243
546	0.22800265	0.40673953	2.3575421	4015.9923	49.837144	32.83698	-0.10049944	-0.11979062
547	4.4437011	-0.58447847	2.4958853	1152.2369	19.085922	15.625259	0.12167721	0.12207346
548	0.24437947	0.26272278	0.85754782	527.19391	9.7118989	8.9494408	0.15108284	0.073967856
549	3.5357453	0.72831722	0.38649214	1106.355	11.449326	11.015562	-0.0080371157	-0.02879688
550	4.8129023	-0.73799749	2.7825868	1558.2679	24.676259	14.924871	0.13506676	0.41010852
551	1.7958683	0.600505	2.1156915	440.03327	20.763546	1.7976186	0.070934593	0.27149912
552	6.1643404	-0.25584566	0.68677472	3161.5809	60.786657	58.831693	0.087768146	0.021993024
553	2.7790057	-0.21310365	2.5394122	7886.5703	79.5643	69.044748	0.19754963	0.17113431
554	3.3765102	-1.0355649	0.33348559	3334.5579	18.037889	14.26163	0.048076153	0.16119332
555	0.87964541	-1.0764963	0.90901487	742.03048	8.9770194	8.801474	-0.037654339	0.034539234
556	0.10326829	0.0087274961	1.9233527	1308.6256	22.432699	20.270749	0.19113926	0.10537777
557	0.35952283	-0.48997554	2.3086868	4994.3219	66.602223	19.421991	0.32563261	0.224939
558	4.2005184	0.74689065	2.7490041	435.23328	9.6769219	1.9838027	-0.14648141	0.24000122
559	1.1000029	-0.27224823	2.5032169	1854.7799	47.277051	38.010207	0.0064913172	0.13990423
560	4.6103201	-0.72769659	2.986707	228.18383	9.8291161	9.6249573	0.024443489	0.021087518
561	0.23246281	0.55330137	2.2456076	2359.804	31.189747	27.827507	0.017478996	0.3729903
562	5.0247944	0.77859609	2.0129987	202.18342	1.2683926	1.2522271	-0.019952433	0.036554934
563	5.6601807	-0.81412038	2.4636264	691.12643	25.993658	7.0971616	0.026322272	0.0077499414
564	1.0230076	-0.92785239	0.623123	1557.581	35.617201	8.3700531	0.01423829	0.18522716
565	2.1539093	0.46768821	2.6642966	237.7469	1.4915048	1.3475299	0.088141123	0.072988943
566	1.9531857	0.64854781	2.1442521	1511.6918	28.049168	26.632452	0.095009542	0.40639599
567	4.8927149	0.75432013	0.71655409	2342.98	24.713496	15.805531	0.20812947	0.013364152
568	6.2824947	-1.2950544	0.50003789	2612.7515	39.276684	13.138451	-0.16790809	0.007859904
569	5.817951	0.8954388	2.5069292	5108.6564	57.332321	42.911677	0.41333442	0.041294402
570	1.903167	-1.2970335	0.66510145	1685.6687	13.833064	11.053329	0.19308998	0.17221698
571	0.76394312	-0.053081584	2.806542	2742.1818	51.571781	46.73689	0.019502489	0.54208373
572	2.1296764	-0.57450167	0.43383431	1499.1807	10.649975	10.068998	0.039864594	-0.0010599143
573	1.2875978	-1.0214366	0.26262595	1593.479	12.171946	8.8588703	-0.10339256	0.10978991
574	0.36709956	1.1305896	1.7316348	129.81495	1.5063132	1.3070462	0.19809993	0.17836967
575	1.1241568	-0.28485272	2.7746137	2183.958	46.439525	42.613339	-0.0049041736	0.26639756
576	5.2319987	0.50674125	2.8688661	2147.3894	11.908812	11.127889	0.19433967	0.016828733
577	5.0218813	-0.33800337	3.0524978	474.55196	2.2712129	1.6373069	0.032844566	0.0064133036
578	3.8828001	-0.86073557	1.7615134	1379.2721	34.104256	32.658637	0.15764908	0.27214854
579	6.1916736	-1.1991698	0.32505891	4148.7807	49.479528	48.988619	0.25567008	0.069512505
580	6.0604071	-0.47755148	0.2346249	571.77066	10.860968	3.3025019	0.45768801	0.20342534
581	4.8843046	1.3370303	2.6164987	1148.7761	40.819919	29.786815	-0.0049263752	0.36403226
582	2.1872728	0.64439642	2.3635282	387.34397	15.194167	1.4530469	0.0076439811	6.9337855e-06
583	2.9982588	0.42685313	1.8809936	454.35606	11.950682	1.5719071	0.0038390262	0.20226073
584	1.6009524	0.31232834	1.0765433	3355.4553	50.850818	31.612146	0.032930407	0.17372863
585	0.63789334	-0.4013371	0.71285616	1599.4603	54.746862	22.369533	0.012992021	-0.00057434441
586	3.8240387	-0.25949979	2.4535767	299.33333	35.662078	1.8576214	0.051060361	0.14796713
587	3.8083474	0.75074023	0.96346916	1074.6691	29.262419	10.955491	0.0030391184	0.0033700834
588	4.8071878	1.0717178	0.79359417	997.22393	39.563429	32.937777	0.273085	0.20607098
589	4.0119207	1.0322775	1.1590618	1592.7548	19.730762	14.090135	0.19117075	-0.019233596
590	5.8729574	-1.0413568	0.56013732	2547.8734	40.214327	30.934386	0.067120524	-0.15521377
591	5.6968449	-0.89248393	0.16858295	636.36989	41.267419	10.283002	0.013818686	0.35408072
592	3.844436	0.72105317	0.70244256	3803.3313	59.700721	43.901494	-0.0403962	0.0060359023
593	6.0736804	1.214652	1.9259898	1459.1744	30.412212	28.467807	-0.16469869	-0.10398561
594	1.5530954	-0.29960143	1.0053957	233.43165	1.8801733	1.7880055	0.16832647	-0.0069937488
595	5.0079452	0.17149927	0.57264686	2067.8153	39.108394	14.680134	0.59715375	0.020837118
596	2.2299417	0.66770611	0.65318393	604.84089	34.438251	1.4208557	0.24417932	0.22423803
597	2.5881168	-1.1366307	1.8931178	1559.6003	35.944773	34.310502	0.075186148	0.14965248
598	0.10030053	0.69021174	0.78879659	3430.1228	46.808916	35.559497	0.01553178	-0.00012766048
599	1.6630117	0.17495795	2.8414134	1416.1986	31.931358	30.012004	0.12005668	0.42662092
600	5.0366219	0.054613689	2.7871976	1673.71	12.00536	11.522875	0.38240493	0.10269403
601	1.9591477	0.65649174	0.90121406	1203.0552	44.440884	12.230358	0.02262578	0.031627821
602	1.419871	-1.3684356	2.1345337	785.6106	9.6473086	7.4554182	0.033132425	0.041577343
603	4.4922154	-0.030404009	0.31188722	816.16447	11.830607	11.16776	0.017103198	0.1235866
604	4.3550949	0.74168988	3.100806	465.87505	31.246285	2.0822305	0.11029927	-0.10322531
605	0.4478032	-0.9439542	0.7871509	324.3931	9.4825867	2.2633779	0.19352107	-0.018327038
606	5.5343776	-0.97299336	2.3823042	2583.039	46.859876	45.893896	0.13507356	0.15402559
607	5.9901202	-0.092414134	0.92001117	1364.5788	40.318704	7.3418064	0.15468713	0.0054352251
608	2.5363947	-0.75128777	2.74141	3314.249	50.795792	42.401005	0.085826278	0.14931434
609	3.1097291	0.060509797	0.91519681	1448.4832	12.076799	11.440501	0.31129157	0.08475853
610	2.293798	0.70720618	2.5611849	565.15363	32.002957	1.3772373	0.036198711	0.00063613969
611	5.1058372	0.4904667	1.080373	5049.2486	72.399536	64.433165	0.018363685	0.24306853
612	4.0530145	-1.2220004	0.62320567	4751.1893	64.243489	61.630547	0.29869168	0.18203484
613	4.7325548	-0.05908616	1.0331782	782.45313	12.059203	10.227016	0.019551126	0.056958014
614	5.3197008	0.44987752	1.3553502	145.75367	3.0370823	1.4483311	0.023441049	0.093481752
615	4.4727946	-0.88065378	0.18420385	1117.0292	13.620908	5.1362294	0.0035905816	0.27053594
616	1.028942	-0.69517348	0.87902889	1164.4313	12.219549	11.332687	0.065270294	-0.13651939
617	0.46579382	-0.45028093	2.7728818	2299.2353	49.265581	41.524028	-0.0081699784	0.10103335
618	1.7473066	-1.0623468	2.3870388	1694.773	55.118281	49.188008	0.025639596	-0.077345898
619	5.1009505	-0.54488284	2.2459543	838.24987	7.9966493	5.4540064	0.40883944	6.1577947e-05
620	0.66627845	0.37944218	1.259583	149.2324	8.3595648	1.3237636	0.13576664	0.12119188
621	1.8429234	0.85087203	1.3045468	1895.6112	58.40125	50.197436	0.13489329	0.030497528
622	3.3045355	0.23992653	0.19025869	6427.5783	60.752744	42.537831	-0.067337365	0.052697602
623	4.6791512	0.2450055	2.3248466	5930.92	90.434959	51.085272	0.067093041	0.058912048
624	3.8221235	-0.61478506	0.97599054	3315.0184	54.710781	46.087966	0.13872854	0.67615514
625	2.7785913	0.097516581	2.8107844	831.93283	26.212153	20.969747	-0.040836159	0.039352901
626	2.378658	-0.61114059	2.6483094	1575.3911	48.510228	12.860042	0.15726964	0.037697511
627	1.7303231	0.40535128	2.7308052	880.68927	10.361288	9.4693328	0.089729511	0.27201265
628	2.5687451	-0.69127345	0.57416031	2717.1695	38.904278	35.473442	0.046319813	0.094907734
629	5.4433902	-0.568859	2.9905089	2957.1758	56.203141	32.807699	-0.089426992	0.036246614
630	0.2636156	0.52954816	2.7204297	2435.8636	12.371912	11.060052	0.0014015604	0.0035012573
631	5.3723851	-0.05485666	0.74116606	589.52341	10.074418	8.51225	0.0013783948	-0.0026564334
632	6.1946804	-1.0504243	0.53126023	4198.5209	46.427883	42.430295	0.37260077	0.0874509
633	3.7892828	0.79142853	2.0095681	1373.9769	11.055257	10.198645	0.013688634	0.26087412
634	0.53865738	-0.28271328	1.0871527	813.41924	32.104431	30.13949	-0.38961494	0.24824827
635	0.56429511	1.5065237	0.93670882	650.90644	24.286093	16.797694	0.093488809	0.12097212
636	6.1048272	0.56578332	3.0403327	1259.7508	11.251387	10.867431	-0.095583204	-0.054132553
637	3.9866214	0.97647971	2.7754196	2916.0244	42.548092	40.443017	-0.14849559	-0.052186519
638	5.2180868	0.43447209	2.2652741	4634.712	72.348686	56.551369	0.0081794016	0.28825498
639	4.1521491	0.78223604	2.5512574	817.64752	10.669342	7.6841718	0.032425235	0.18878915
640	3.7451573	0.57462401	1.9365407	858.01795	12.693471	4.1709816	0.0081741821	0.11057222
641	3.2264966	-0.56716923	1.366914	1392.1578	39.55449	30.164462	0.15192853	0.056873373
642	4.1658431	0.23386022	0.2126803	2737.0169	57.578594	42.538624	0.085942331	0.043228888
643	4.6767594	-0.55385234	2.2643729	429.86102	10.234711	9.6029139	0.059460204	0.068412776
644	4.7544276	0.634197	0.27516448	7065.3531	88.043938	78.222383	0.086444062	0.35638005
645	1.0604796	-0.73797748	0.52439052	1073.3708	11.482279	10.69917	0.16222936	-0.012766559
646	2.8944201	0.064063426	2.6933759	1724.5983	50.196475	48.500156	0.016987994	0.0016524715
647	1.3807899	-1.1449179	0.72696501	938.85012	57.478204	41.806998	0.047993736	0.015041185
648	0.029196968	-0.031222678	2.2067191	907.26189	15.512039	12.491492	0.0086326196	-0.00032479524
649	1.9918749	0.24267401	1.7461454	1146.3615	36.236391	15.556741	0.16233085	0.18702295
650	5.3147082	-0.1800869	0.10592394	3721.9714	28.100043	12.638289	0.10413911	0.012025134
651	5.7863903	0.85619391	2.0043294	223.77648	2.5196355	1.3586724	0.015895894	-0.090879365
652	3.7163214	0.89381134	0.72665182	384.82968	8.7935162	6.2074482	0.039677834	-0.049304397
653	3.2351463	0.79173946	2.1359017	590.25688	10.572122	9.8470526	0.5631322	0.10305511
654	1.6979198	-0.61950617	2.866536	5481.1502	55.301166	30.571339	0.10037844	0.11394092
655	2.8723404	-0.73886682	0.21577892	1641.2256	11.034276	10.945474	0.35259477	0.34862933
656	2.8055175	-0.26680399	2.8338572	2972.2314	53.819616	23.629844	0.0075108004	0.6518544
657	3.6286314	-0.63019903	2.5296855	766.02886	10.51985	9.3391011	0.04325689	0.057576707
658	6.2166342	-1.1198462	1.7776383	1686.0529	54.921164	43.675879	0.024273732	0.63656554
659	1.4872689	-1.1962936	1.5062537	748.35017	40.615445	39.747662	0.051045823	0.13941829
660	4.0344008	0.52202935	0.94580416	1738.9105	49.678528	37.815747	0.021665686	-0.41844
661	1.7504228	-0.35531381	0.52368024	3896.4074	52.632404	50.451973	0.16834187	0.14672808
662	1.1897681	0.63895991	0.31723459	2289.9041	53.975515	36.607686	0.055541411	0.30335144
663	4.5312569	0.87053141	1.0616227	550.39018	24.527875	9.0655625	0.083693244	-0.040281474
664	3.6255915	-0.89508754	0.41981093	584.20337	2.1817587	1.8306162	0.14513419	0.21787335
665	0.89827155	0.91627842	0.54513741	6834.1739	78.075702	68.959307	-0.13944456	0.29910956
666	0.34112716	0.58860152	2.4910818	5022.5651	76.99956	70.18619	0.046101342	0.032389898
667	0.70852327	-0.48476301	1.6054952	415.86927	9.7557977	9.3852212	0.058345818	0.10234039
668	3.3988817	0.67708555	2.8048228	2963.2995	43.417883	28.052911	0.12932112	0.13687618
669	5.269411	0.70838151	0.75467654	2488.9503	53.980886	44.217664	0.15132327	-0.017389491
670	4.9175427	0.54060755	2.8819392	2249.133	54.596111	14.551098	0.23329334	0.051682642
671	1.0724817	0.36952312	2.928892	2440.0583	59.531591	46.385817	0.0051013391	0.19451624
672	3.2245217	-0.26028806	0.086007229	2333.2749	12.770179	11.713349	0.34292608	0.46627599
673	5.7523535	-0.66980571	2.9180011	3992.8258	33.448154	15.234379	0.1785496	0.045732612
674	2.7673268	-1.3974922	2.1864008	3072.3046	51.432624	46.435116	0.018460265	0.19450028
675	5.0832504	1.4290881	0.27318303	1180.3319	38.106043	10.329052	0.15698035	0.22816817
676	0.22449393	-1.0617218	1.7159071	125.58461	1.3854258	1.2443611	0.21302998	0.0055848132
677	1.2226822	0.069873987	2.646605	1525.2987	27.186781	21.083474	0.065854021	0.10450755
678	0.16732849	-0.76369035	2.1347502	1762.3871	17.886187	10.574457	0.23472546	0.084206123
679	5.6515437	-1.2438425	2.5651419	1341.6887	33.478947	32.693201	0.0035657885	0.035994487
680	0.51014488	0.37607796	0.26860447	4193.978	52.043486	49.950043	-0.29991546	-0.0038124767
681	5.7892622	-0.90835878	0.2484212	1963.9029	46.036465	41.817348	-0.11147009	0.0085882749
682	4.1034655	-0.30256022	2.6674424	3502.8872	59.76682	44.249142	0.21777372	0.028713947
683	4.2764951	-0.76660455	2.913361	2412.7699	67.562395	28.019234	-0.01966283	0.086241122
684	0.4664044	0.27832155	2.4551761	973.1349	9.2339115	7.8778635	0.00051821967	0.014282575
685	6.1284186	0.87246578	2.4372271	2776.3245	32.10439	30.850991	0.29653785	0.29287366
686	4.6070123	0.84044047	0.45282671	2097.7884	55.13987	47.117663	0.16537964	0.045374034
687	5.0307377	0.2230838	2.6239343	280.03144	11.533545	8.8663596	0.0033256938	0.56928721
688	2.5294189	-0.34113129	0.23770032	12424.59	85.902661	68.868908	0.01009855	0.10835094
689	1.0148706	1.1359674	2.2709825	1136.8444	10.981623	10.113769	0.0043980577	0.14751246
690	5.348921	-0.9456733	0.57050429	7158.7691	73.505546	61.654401	0.64538441	0.068879069
691	0.34147821	-0.11087698	2.8812128	8144.3393	78.747277	67.414992	0.23697956	0.016165288
692	2.1849641	-1.1344637	2.6538362	840.06084	3.4794484	2.8863036	0.0037768616	-0.017736143
693	0.61288814	0.84643907	2.9187194	6754.6139	70.487479	57.135963	-0.046176672	0.1171689
694	3.4629801	0.96095333	2.5379234	7238.7363	76.484972	69.297997	0.80323463	0.29099976
695	4.417545	-0.610471	0.81698407	5655.729	67.16733	52.449389	0.18360852	-0.029081503
696	3.6619657	-0.43235629	1.8997002	2732.6046	40.841343	35.657076	0.02994377	0.3595763
697	0.94227083	0.33288358	0.36882235	4377.615	55.636531	44.126113	0.093188541	0.17350519
698	0.53126327	-0.56073338	1.2895193	1949.9308	38.602659	36.587954	-0.087223197	0.6090778
699	3.3970638	-1.1646312	0.70779116	1116.0434	12.042937	10.368535	0.0024717947	-0.004270818
700	0.39859222	0.64093108	2.2710728	1438.234	36.029678	35.99541	-0.014081053	0.3273381
701	3.0792039	0.059884605	0.31669684	2247.8194	14.570483	11.542168	0.24826698	-0.024230137
702	1.5994318	-1.4123761	1.31975	199.65436	8.4829624	6.5416823	0.081487031	0.033165212
703	0.54242995	-0.72821834	1.6154622	1135.4467	13.69537	9.2225778	0.3724304	0.1827944
704	3.0872467	1.4307334	0.70362269	2948.5518	64.829052	27.669857	0.12631679	0.18420125
705	3.3245168	0.45695979	2.405118	1135.6429	24.02247	23.714724	0.0010498929	0.046669936
706	3.6068228	-0.6994671	0.30937812	1511.0885	15.660157	13.738305	0.080659575	0.0058903252
707	5.4473851	-0.38202434	2.7593821	2343.2947	51.46247	38.539712	0.1786627	0.0033879494
708	3.180842	0.30685897	1.9690768	990.3972	38.944087	34.211627	0.045441538	0.029585391
709	5.52101	0.74576328	0.84950818	461.10257	8.6653239	8.44686	-0.035386574	-0.15621496
710	5.499893	-0.41359915	0.66012858	2587.1674	13.154167	12.781491	0.09015901	0.056945368
711	3.7437827	-0.19706136	0.88052997	1700.5921	43.043283	36.396674	-0.04409046	0.22507761
712	4.1130732	1.4043801	1.3467481	272.47156	8.902505	4.3079077	0.37511682	0.12970978
713	4.0239659	0.96578261	1.4049116	1278.6016	42.064334	28.559042	0.44002482	0.034694586
714	2.2452653	0.49746269	1.741925	955.56307	24.80486	9.8390945	0.070505137	0.35014983
715	4.2333536	-0.75644852	0.4828494	1245.3745	8.4389748	8.2465383	0.1678616	0.030587741
716	5.6911094	-0.23174965	2.6396265	3333.7459	55.363883	29.86427	0.33153416	0.43821621
717	2.9073905	0.81533317	2.2254246	4571.464	59.376203	51.468126	0.048960087	0.2737859
718	0.022189381	-0.14082503	2.7922813	10159.234	98.086741	56.162574	-0.045731646	-0.41644859
719	3.519302	0.19980294	2.5035674	1534.6077	12.411797	10.606104	0.0678896	0.067256733
720	0.66172014	0.45846671	0.91662168	3322.6076	134.20553	108.9599	0.0024073353	0.063745863
721	4.5474466	0.26084911	2.3321031	4765.7842	58.928384	55.717308	0.053755319	0.054571906
722	2.6177512	-0.020274281	0.4446882	1793.5775	38.951615	36.820881	0.13832769	0.048558817
723	5.2823849	0.6905755	2.559152	5121.8043	53.630547	50.648655	0.0080336781	0.42090618
724	3.9461386	-1.1670224	2.3940636	1270.3139	13.488789	12.80946	0.13361755	-0.15817352
725	5.9984364	-0.18345913	2.4028809	709.78351	11.005111	1.8984095	-0.22303412	-0.010465572
726	6.0242857	-0.87204374	0.70175927	1098.505	10.943651	10.867045	0.41693573	0.26781812
727	3.1059233	0.57854629	2.7916435	2192.7298	13.357228	10.27461	0.1245503	0.14563498
728	2.1836246	0.68044777	2.6616974	1884.4934	19.474443	10.746666	0.0036000482	0.098528667
729	2.6427983	-0.50498109	2.5140869	1625.5735	49.769562	11.62266	0.055280751	0.083302536
730	1.2515647	1.0835939	2.8522972	8585.719	69.799178	68.779983	-0.30569073	0.20857773
731	1.4040136	-0.032029157	0.36540993	2099.9048	49.040537	35.403428	0.054337692	0.21600483
732	3.8098084	0.60052014	2.627154	2687.119	50.417875	13.555923	0.18714526	0.17602345
733	4.8862669	0.70426964	2.6200197	1526.4718	13.401121	11.095508	0.10539075	0.19805105
734	0.442462	0.70899882	0.89275878	3207.1269	44.541555	41.266788	0.060904907	0.17472473
735	0.83288314	0.46881203	0.89334737	679.20089	10.422368	10.333203	0.076008186	0.17820629
736	2.6103623	-0.44560175	0.71057255	3532.8397	52.823355	33.579551	0.044136226	0.05456376
737	3.5955742	0.12922957	2.5408416	907.46222	12.090641	10.962467	0.18357854	0.027581037
738	1.3919923	-0.17081895	2.0292669	2744.0136	51.786804	34.545198	0.18046503	0.3257704
739	5.065992	0.1265409	2.3061831	305.02259	9.3604077	9.1461324	0.11307106	0.22783298
740	2.0999546	-0.39507036	2.5478134	1358.326	13.266776	11.518372	-0.013018019	-0.073537155
741	2.5644358	-0.86559344	1.0250332	769.07032	13.317238	2.6647466	0.598577	0.1167014
742	5.3557505	-0.28601544	0.95259253	4138.2034	40.944856	40.551564	0.24401925	0.35280859
743	6.1656293	0.11676505	2.9414995	329.87139	2.812386	1.4798495	0.168288	0.21661952
744	5.7062019	1.1148787	0.41496866	1263.6487	12.195848	10.582957	0.3015457	0.011993966
745	2.2956179	0.10556617	2.9904254	3321.851	34.33141	29.769123	0.11578943	0.0020741507
746	3.7937672	-0.4783565	0.77631848	643.7269	11.647383	7.1003031	0.27885293	0.020004946
747	5.3515827	-0.49355423	2.2706002	2355.1404	48.097669	43.553815	-0.081232492	-0.12677505
748	4.270966	0.44238659	2.0185969	685.15201	8.9669097	7.9387832	0.17381986	0.054133217
749	4.058749	-0.50573556	1.6638438	1961.3252	23.180205	13.705688	0.36690783	0.35934687
750	0.8539486	0.5263289	2.7779068	4354.6317	76.493008	65.305706	0.039404563	0.078816485
751	3.858892	-0.44857168	1.2943744	1008.022	36.071885	28.217738	0.02657547	0.0049447713
752	4.5398199	0.9237829	2.2036466	351.41538	2.3013653	2.0356667	0.12396283	0.061193081
753	0.60387249	0.023693338	2.4284345	4962.871	73.973053	54.872546	0.092849107	0.20559079
754	0.85762169	-0.30131296	2.4715804	2198.055	47.303871	34.312214	-0.16698083	0.04943517
755	3.0700193	-0.8703838	2.4465769	3403.1554	43.542532	33.244882	-0.072545977	-0.058220423
756	4.9848875	-0.056067986	0.69776719	523.14771	9.3287632	2.1712003	0.57415101	-0.0022982287
757	3.2039326	0.756887	1.1156287	5162.9198	70.830992	66.839818	-0.10795234	-0.15029383
758	0.78183966	-0.045807112	2.4319733	9022.2067	155.67957	142.98041	0.12723626	0.22833536
759	0.31792818	0.87694474	0.78257499	1106.6701	12.889815	9.3198288	0.41564788	0.33263092
760	3.0973606	1.25063	1.9427592	897.28884	14.947908	11.543661	0.12003901	-0.11445654
761	4.5508659	-0.12700742	1.0877588	2282.552	36.430489	26.555496	0.042747912	0.050590645
762	1.3883602	0.58342258	1.3484517	332.23011	11.048032	9.4708869	0.10980972	-0.19600383
763	3.8392867	0.34671947	1.3646307	1646.7788	58.470405	37.65076	0.030828272	0.057270827
764	5.664708	-1.0006687	2.4006631	5600.4239	121.17993	66.765699	0.037415446	0.0042565053
765	5.542879	-0.64086577	0.85122228	6142.6185	69.71007	66.31573	0.11359823	0.1308868
766	2.2247078	-0.93296318	0.71432233	636.2506	11.346235	9.7074319	-0.56812752	0.13473953
767	1.3978631	-0.25470612	2.8799059	1689.7887	15.930975	12.50025	0.17256915	0.095656661
768	3.758324	1.1568703	2.7428007	345.52517	3.110338	1.5234904	0.09614223	0.15239583
769	0.35003558	-0.36817553	2.9710712	90.963504	1.4079346	1.3217185	0.14827141	0.071027387
770	0.18560984	-0.89610293	1.0621005	588.5197	9.8625674	9.1582097	0.034584837	0.23575668
771	1.558052	0.5771233	0.73504983	321.3666	1.7281307	1.6480096	0.049784725	-0.083295752
772	2.7316534	0.22405147	2.8972675	2362.9222	47.575589	45.058962	-0.0002929602	0.45583419
773	4.2749808	-0.6045355	2.7356595	6991.2715	118.55155	66.392785	0.13187682	0.10362111
774	0.77556934	-0.31091208	2.7428101	197.17776	2.2019696	1.6591906	-0.028372003	0.017579239
775	5.0137787	0.4590319	1.2653545	1193.2263	51.268974	42.740387	0.31376224	0.24007429
776	2.9947426	-0.0088506947	0.81356634	2199.8311	46.281805	45.510285	-0.033240242	0.38144643
777	3.9471191	-0.83277495	0.60238621	2074.7129	13.960018	13.304906	0.077260327	0.054057372
778	6.0347174	-0.23196264	2.2653919	1599.73	12.085098	10.768643	0.072064175	-0.098952396
779	0.40994997	0.44885036	2.1590422	666.80585	10.784347	9.1367691	0.27979968	0.064585937
780	3.4016744	-0.43795407	0.86459916	2185.9668	17.680857	16.533145	0.08308004	-0.43129587
781	2.8318043	-1.0946678	1.0660756	2164.9624	54.210991	45.360872	0.27552094	0.035181383
782	5.2056334	0.21977524	2.324912	583.63369	17.567667	10.718136	-0.0061081656	-0.24746175
783	2.1321843	-0.4800893	0.69070118	8853.3712	79.720243	62.712037	0.0080551116	0.48110768
784	1.2233969	0.33322751	0.50364811	721.95627	11.269745	10.175645	0.10229368	-0.046961893
785	1.4787121	-0.7938708	1.0279848	3404.4191	52.857238	47.740514	-0.48559552	-0.069587346
786	4.6719321	-0.035634636	1.0343564	807.18872	11.1787	9.8597599	0.34466725	0.22329589
787	2.1283568	0.058699938	1.7229963	279.63345	9.598589	7.9081409	-0.0094812549	-0.12220889
788	0.15688496	0.32872497	2.6143511	496.48614	11.044799	7.0225856	-0.052013234	0.07376179
789	0.34491022	1.2120174	1.0705235	2650.08	48.925664	39.368323	0.050157679	0.023024529
790	0.58040416	0.66729765	1.0341158	205.79215	10.556842	9.1006839	0.03953066	0.2395916
791	3.6768133	0.20986315	0.44553196	2180.0263	13.668911	12.728492	0.093966317	-0.23669444
792	2.7286697	-0.97552121	0.41201036	1047.4907	9.378577	3.3748677	0.16715333	0.08618537
793	4.9614621	0.8750043	2.4060986	778.70672	25.866609	11.933431	0.094397648	0.21321295
794	2.6953508	0.071130009	2.4232024	1523.3925	45.20051	34.969278	0.047992208	0.074456109
795	5.3085808	0.42410525	2.7231366	6760.7891	60.884605	55.238549	0.41116212	0.0005156003
796	4.9800952	-0.24859498	2.4226707	979.33002	11.41901	9.6104683	0.20581907	0.26910466
797	0.14802631	1.2911941	0.52615155	1451.4468	30.961946	28.987512	-0.12815875	0.048417856
798	0.87753114	0.21118393	0.79211322	6611.1045	117.24322	111.7738	0.039833167	0.038285859
799	3.5179004	-0.86875363	1.3592922	176.51691	7.0412159	5.9846515	0.025476264	0.10127323
800	2.1090606	-0.51455317	1.0636616	571.10011	30.871508	29.249402	0.18522595	0.0051605637
801	0.31720002	-0.78376937	2.6482661	4591.3332	63.631843	48.925023	0.0080221757	0.0066528949
802	0.23324524	0.22670782	0.48355009	2417.1858	13.222232	10.617443	0.12804976	0.0050394838
803	3.1383276	0.055878328	0.71331468	3226.2585	50.478008	49.223905	0.3002861	0.057846625
804	4.8791153	0.25118223	2.241007	1103.4444	37.686251	34.909366	0.10764759	0.056208751
805	2.5275395	-0.82609336	0.33446734	1441.6402	34.109571	2.7301767	0.0064193105	0.14953746
806	0.2675334	-0.83177986	1.4533113	1141.0242	12.541032	12.325848	0.3687745	0.045568832
807	1.3875595	-0.43402528	0.76572459	1543.8836	12.504339	12.120052	0.088738891	0.14304836
808	1.3631024	0.55488543	2.8232272	653.72021	10.187284	2.5359855	0.14715206	-0.0023085266
809	2.2133451	1.1113582	0.26142932	1875.1975	13.438824	13.049524	-0.02200862	0.0034758971
810	5.7553775	-0.63744079	1.3326428	213.76236	10.134562	1.953776	0.013588645	-0.048573284
811	1.2644251	-0.42840623	1.2632257	145.04149	1.4935898	1.4114418	0.32800972	0.21782289
812	4.0924635	1.3806255	0.10081281	2244.7087	48.000535	39.213009	0.18141394	0.033163227
813	0.49644311	-0.86066383	0.59573045	4424.7693	77.553995	46.74444	-0.26805456	-0.12086861
814	5.1414954	-0.7233821	0.69955853	7967.685	137.38091	77.27884	0.19791318	0.087146145
815	4.6737136	-0.12411726	1.123988	1828.5899	44.838907	38.628554	0.18752079	0.13728295
816	5.8506853	-0.37354642	1.1290999	1569.9685	47.255589	11.579704	0.32178745	0.010128764
817	2.4578249	0.13184785	0.46963455	1428.3125	42.190395	37.823872	-0.012226797	-0.01109627
818	1.8981925	0.81119668	2.0907123	2174.7422	52.088818	51.26838	0.13549921	0.48897982
819	0.60503561	0.31380467	1.4250106	264.82191	2.5880106	1.875449	0.19190309	0.023756659
820	6.0505571	0.87033765	0.7545233	5420.267	64.960273	40.670464	-3.2447141e-05	0.017221574
821	1.928957	-0.3040251	1.028288	1831.5909	50.231474	48.331485	0.067088718	0.0023023489
822	5.9125699	-0.53279142	0.52352679	239.25673	9.8350948	2.1590577	0.30455888	0.049464689
823	1.0596817	1.0697871	0.29672062	3796.2225	67.804166	34.972075	0.26436715	0.12504646
824	4.4500924	-0.04560966	2.4702528	148.946	1.8369667	1.4739484	0.064524785	0.058362845
825	5.7920502	-0.56163491	2.5475497	3902.5258	61.719565	56.153536	0.16183236	0.015186775
826	4.3099178	-0.25866176	0.28030463	6704.594	55.498668	51.850049	0.35312178	0.019446449
827	4.1788288	0.19479726	0.57729888	2028.8559	41.798658	30.68948	0.064052197	0.13645703
828	5.6401053	-1.275539	1.1833211	4331.3552	117.93264	117.80032	0.018165725	0.022255837
829	3.2561769	-0.65690197	1.4270808	1213.8734	49.264839	39.825272	0.12780061	0.094168551
830	6.0167988	-0.34337373	2.3996726	690.82988	11.413959	8.9981747	0.14785025	0.088871535
831	3.8214656	-1.2138486	0.26808843	1944.4338	12.788167	11.584309	0.20005703	0.030631728
832	5.8883866	-0.83108814	0.60946635	1859.1133	10.807515	8.2305221	0.3593791	0.40979147
833	3.5201935	0.15051889	0.36960718	2467.1463	14.853283	13.685573	0.07027791	0.016050125
834	0.90988734	0.49588566	0.53688078	706.60776	37.531836	35.581408	0.23434108	0.045270881
835	0.41992461	0.6970859	1.9815586	3146.8648	61.484995	56.000816	0.090229958	0.22461468
836	6.102562	0.10993627	0.40443063	5091.6071	50.031595	37.906435	-0.25826782	0.089588322
837	0.99848835	-0.11539904	2.6879434	121.67186	1.2217307	1.2171036	0.1413859	0.083934697
838	3.6354167	0.60044578	0.92089426	989.31621	24.131268	10.064463	0.08857719	-0.13499787
839	4.9543328	-0.22651256	2.1294328	127.65582	10.394512	2.08273	0.0090424146	0.0023765753
840	5.1835902	-0.55549142	0.6062863	308.54742	3.0056251	1.7608285	0.12426033	0.078866602
841	2.3392986	0.9366925	0.36300724	1540.8956	21.574047	11.790144	0.40941867	0.30248322
842	1.8044183	0.69058433	0.1609333	991.37298	9.9589363	1.7168117	0.013393363	0.26587395
843	4.0468397	-0.18964997	2.0237329	1137.1534	12.218056	11.422246	0.34049902	0.15977017
844	5.1658515	-0.24562761	2.5947727	858.96193	10.799281	10.391038	0.00055392916	0.17782929
845	4.8171439	-0.37674425	1.9002952	338.17258	8.6356279	2.4271762	0.084874755	0.13336954
846	3.9507532	-0.72778301	0.52825616	4206.7402	51.776098	43.943366	0.14043432	0.69773447
847	3.2328885	0.90208913	2.6319157	738.37993	39.991319	33.848469	0.14792526	0.02538286
848	1.2896052	-0.75796876	0.24578925	2858.1526	98.103748	27.768111	0.1364309	0.38669016
849	5.9755859	0.010349411	1.2475763	556.64058	11.325385	10.958793	0.47809228	0.17102715
850	0.74422935	0.040393112	0.71801378	2130.8042	64.872168	31.450797	0.32007795	0.16308487
851	3.2151128	-0.3474489	0.95898053	1105.8694	9.3381014	9.2942965	0.0378148	0.30991509
852	6.0834856	0.95313662	2.3782441	370.09028	10.717479	9.3301124	0.029048216	0.13028052
853	1.9721436	-0.11584506	2.5177449	1599.8343	26.604539	10.932141	0.30855149	0.044465985
854	4.376446	-0.62188858	0.65351432	263.53163	10.857297	1.9942335	0.045945596	-0.0059539028
855	0.83326287	0.77226905	2.7426894	1897.2878	54.764879	42.627073	0.12246891	0.038836708
856	2.6380603	0.13334765	2.7394965	859.59955	42.910896	18.613367	0.41697549	0.086125498
857	4.7506122	-0.1953915	2.4554302	1663.7677	53.47766	43.544484	0.0016565457	0.08519284
858	0.95326785	-0.0448049	0.40797308	839.8726	9.6329524	1.7773168	-0.22515434	-0.11445287
859	0.84771885	0.34196319	0.29710387	5126.3633	96.427877	52.871468	0.32633547	0.23429627
860	5.7689517	0.67506711	0.86349256	1297.2591	19.025869	8.4836203	0.00046485097	0.087199735
861	3.807421	0.46045812	0.60916471	422.58186	9.387874	1.7661888	0.26739649	0.18736221
862	3.8679712	-1.0248945	1.9563042	1188.8724	26.066314	23.06774	0.0063410157	0.01277147
863	3.3011302	0.28963618	2.3779097	948.26018	11.221755	10.165357	0.20005703	0.030631728
864	4.5083519	0.15452089	2.6331895	5551.5605	42.509877	42.401249	0.11578938	0.13297789
865	2.1382814	0.20222551	0.55617585	834.55124	22.074568	10.599859	0.18380999	-0.14766228
866	0.87192013	-0.2293424	0.54945606	1508.9874	31.485305	12.01505	0.086224005	0.21075894
867	2.3798796	0.51502864	1.1574044	1093.5552	14.908269	11.805483	0.021639566	0.16648996
868	4.1832136	-0.82273888	1.1873005	2331.091	48.695932	34.694339	0.094076009	0.11073753
869	5.4781417	-0.70068447	0.69998634	739.16879	10.915436	10.204903	0.58671017	0.1539629
870	3.9913417	0.46151797	0.52644526	1132.2012	11.76124	11.719351	0.040338144	0.15071009
871	2.3000277	-0.43915514	0.85398545	400.43883	9.5780756	8.2592106	0.1190614	0.0017619867
872	0.67195889	-0.77161626	2.5401285	1888.9962	32.578316	11.687692	0.14230269	-0.050007055
873	2.9275331	0.81383009	2.5074893	4806.3727	55.122824	54.220361	0.15504834	0.13546193
874	2.6555557	-0.25527142	2.4502155	775.43691	16.776766	9.9570244	0.0048321067	-0.040169093
875	0.9361529	-0.78881226	0.70525131	5664.663	54.048465	50.093879	0.031537928	0.011238826
876	3.2352537	0.045170311	0.16239976	7844.9116	94.549117	77.81436	0.44080055	0.0148479
877	6.252174	-0.049769769	0.32058777	1507.1603	11.819175	10.440961	-0.15470585	-0.075340688
878	3.5694219	0.5861506	2.59695	1803.1728	12.41622	11.739866	-0.029031697	0.058429783
879	4.8444567	0.83671653	0.92435305	1740.9225	39.910052	31.199878	0.1092461	0.033137429
880	3.0279626	-0.18092016	0.75388678	1148.0992	35.296974	11.107798	0.14778315	-0.0036608597
881	0.81900004	-0.25968092	0.76404537	576.42486	24.912314	1.8053084	0.24973869	0.063319034
882	1.7400155	-0.8988037	2.7152341	4684.4109	63.168919	52.578492	0.25177013	0.094373695
883	1.2069855	-0.59858424	1.0592717	1461.1852	13.35567	9.9740766	0.18649127	-0.00089842741
884	1.9911226	-0.0057438535	0.87514623	776.22824	26.562121	8.9725132	0.097084797	0.010697835
885	5.1745216	-0.061690325	1.8805062	1792.3584	45.591476	38.017578	0.13661218	0.36922308
886	2.1398706	0.43442917	0.44017498	9143.0658	65.318252	58.550373	0.33186323	-0.0054758135
887	6.2403905	0.6276919	0.90892613	580.07004	11.405801	9.2577811	0.095765764	0.038469807
888	1.1013336	-0.97280979	2.6081069	4479.554	62.334407	43.766318	0.010644774	0.050332731
889	3.1255524	-0.25779	0.43663924	1599.9079	34.885596	32.40971	-0.0041995821	-0.03681425
890	2.6959994	-1.2130514	2.1539459	4272.9472	82.443192	50.868828	0.01071524	0.084927358
891	3.3265044	0.041208781	0.90273121	478.25912	10.816938	1.4857852	0.18901613	0.0086533442
892	5.6225414	-0.45882869	2.520237	741.58704	6.30789	1.3894463	0.012718658	0.031354027
893	0.049087586	0.47508544	2.2052793	3976.4321	52.110278	44.308675	0.052840033	0.077743939
894	3.2754892	-0.34669199	2.4275796	266.52391	1.9574881	1.6004061	0.33224304	0.034732797
895	4.0396711	0.38596362	2.5912285	623.21339	9.5769888	8.259608	-0.25385982	0.00093606269
896	0.88592357	-0.80211736	2.8396306	3113.5173	59.041707	54.758043	0.074402103	0.032461984
897	2.4248653	-0.45561281	0.39582586	2839.6176	57.840954	53.306449	0.14120028	-0.098289551
898	3.3752218	0.38188434	0.75814954	170.01404	11.381463	11.035633	0.46245742	0.11106811
899	0.54211705	-0.95410891	1.2148609	656.56339	8.5719627	6.2245584	0.071776079	0.23365487
900	5.2095424	1.2617879	0.34586255	1830.801	26.658644	12.098306	0.19236223	0.11116263
901	5.0181903	-0.5779632	2.6177895	3149.0619	104.3168	43.521715	0.00054918052	0.19147439
902	0.41535729	0.71273374	0.41873472	1751.1546	50.793095	29.142618	0.33616817	0.083086395
903	1.1485845	-0.27133701	2.0052415	1131.5724	30.848871	28.745097	0.047311784	0.30989887
904	0.82030077	0.16715283	0.85012693	631.53375	37.270287	17.016068	0.08622907	-0.16103489
905	0.90959986	-0.10947923	1.8820006	1409.3226	13.235208	11.634044	0.037411928	0.13746062
906	4.9198929	-1.0382483	0.70564433	3620.1794	49.98237	48.547188	0.25923173	0.039705845
907	5.8080962	1.528154	1.7472364	390.1235	8.73069	7.4118601	0.21283599	0.10981381
908	2.0366	0.16682739	0.71495379	1454.9729	24.658555	22.604688	0.16170307	0.53761401
909	1.1500795	0.16358535	1.1809745	342.45127	9.1676742	7.7072618	0.16645092	0.13525763
910	2.2583017	-0.70862049	1.0973127	1437.7434	46.092009	40.623913	-0.2071072	0.27320555
911	1.5724779	0.56616925	0.41836769	4982.9952	64.680922	63.466045	0.089402599	0.22311942
912	2.9216137	1.4108908	2.2094232	4198.7294	58.447584	54.494999	0.46688654	0.16497775
913	2.2522008	-0.23977193	1.9815724	3053.3699	55.054623	45.117066	0.048371015	0.17114658
914	2.667659	0.14177416	1.0725908	287.70217	11.164762	1.6863878	0.20344214	0.082004904
915	1.8346879	-0.49782642	2.2768118	2736.4383	45.316025	35.541854	0.0057253049	0.13453051
916	2.3587125	0.1309153	1.3356696	1310.6819	23.772271	20.450792	0.035582891	0.089495211
917	0.95344781	-0.18645957	2.1173911	734.92296	11.295043	2.0580803	0.061542129	0.17473312
918	5.9858303	-0.69961954	2.500123	420.61247	11.146832	9.8273537	0.59200299	0.064876945
919	5.0318299	0.064936734	0.64403529	1366.4098	44.553459	35.546608	-0.090572236	0.12026324
920	2.0900057	0.21484437	0.79140439	737.31029	9.641993	9.1733067	-0.017722087	0.24795567
921	0.17823871	-0.0021468219	0.27965329	2608.7147	36.473105	34.258071	-0.022726564	-0.34439346
922	1.5676436	0.31318439	2.2704436	188.13258	1.3294164	1.328702	0.21665149	0.028665049
923	2.6803716	-1.3467001	1.6563483	709.17717	17.855849	9.7352456	0.014689822	0.022230471
924	3.3490617	0.47038855	0.3998822	8174.9457	82.042652	55.916599	0.035540986	0.039938141
925	1.5741086	0.19841119	1.9616137	557.7326	9.7133517	6.4144796	0.10229918	0.27328473
926	1.9404278	-0.7020178	0.48467872	1660.5131	33.001515	27.721986	-0.069053338	-0.00021586453
927	1.0059058	-0.45639953	2.674425	2019.7555	10.669576	10.604468	0.094834943	0.024400887
928	0.67792406	0.87619345	0.081220484	1789.0894	13.531943	12.997106	0.039308854	-0.072171948
929	4.1908068	0.60944854	3.0845296	2825.4423	49.06147	34.91058	0.20931358	0.14694092
930	2.3995416	1.1967737	2.5950518	2171.4426	28.988153	10.962115	0.030691454	0.028897765
931	4.9909986	-1.3092166	0.18298478	4464.6579	57.72603	57.247949	0.057621294	0.30582762
932	6.2805814	-0.26506319	2.5539236	3153.1866	68.580053	56.258356	-0.0059410874	0.22381069
933	2.806897	-1.0241189	0.13300778	13783.578	173.19497	139.18741	0.13818585	0.421295
934	5.8859188	0.80906193	0.56578982	538.84583	3.059272	1.5601937	0.093372037	0.10119536
935	3.5805459	0.99729466	2.4920764	600.47716	10.353967	7.8834294	-0.016174276	-0.36402398
936	3.2171662	0.33705582	0.26982971	5113.9354	42.325965	37.395464	0.17926114	0.15024578
937	1.5215557	1.082539	1.4633674	3122.7788	75.631604	38.859854	0.23644832	0.38835277
938	5.8914753	-0.84202321	2.7527537	2661.8984	14.527521	12.87431	0.39636093	0.076907873
939	4.7003486	0.03423636	0.18162639	3496.0424	56.637952	27.952313	0.10280639	0.071642982
940	2.7984973	-0.4470864	1.304391	2173.3091	45.83477	38.569224	0.057261023	0.042577683
941	1.2734545	-0.78177116	0.24340457	4654.5026	58.845317	41.871358	-0.022003858	0.31370227
942	2.6375695	-0.25027354	1.1951197	1320.8738	31.071284	28.827992	0.38153198	0.1031217
943	3.6982962	-0.27913162	1.7694364	784.8811	41.25993	26.954536	0.098897358	0.043248113
944	3.7804954	-0.057460882	2.8294942	986.28064	10.504618	9.5801267	0.085813783	0.19383454
945	3.4734634	-0.47789809	2.5816931	6670.9121	54.237603	49.425071	0.48664253	0.21590826
946	2.971034	0.081370668	0.18592085	1694.4882	12.306465	10.89566	-0.10152884	0.34365524
947	2.0835105	-0.25528526	2.1799961	856.1575	41.945225	26.983407	0.20049503	0.074366299
948	2.470078	-0.52798003	0.69836393	5414.0116	59.484011	45.173364	0.47848029	0.076075255
949	1.8688279	-0.91579443	0.31833631	4715.3623	49.470966	40.013944	0.07155146	0.0098609103
950	3.0173559	1.02409	1.0957227	2631.4823	92.504159	51.141243	0.31934636	0.056032334
951	3.2065732	0.37222171	1.324928	597.52538	10.722	10.412371	0.010651146	-0.014365634
952	2.3096417	0.33135267	2.0501721	993.5612	10.972238	10.232699	0.32987155	0.27872569
953	1.9604612	-1.4076519	0.85675844	1187.5139	10.838913	9.144865	-0.043621165	0.31185103
954	0.33416012	0.69514195	2.5949565	1715.0295	19.615637	12.686965	0.21137462	-0.00066890923
955	1.6362322	1.3716786	0.85065508	4660.9087	59.208749	46.503481	0.092758325	0.36799393
956	0.013205739	0.97222117	0.96590803	1714.2995	52.008094	25.635959	0.044210685	-0.01948005
957	0.056074744	0.59260366	2.5829386	1052.8023	20.180842	18.950325	0.14579202	0.090450119
958	3.3426648	-0.17573469	0.99258925	1521.0516	10.690191	10.617582	0.16541079	0.14101067
959	4.6922537	0.89727245	0.56967583	2122.4108	50.386688	42.152129	0.0034533035	0.074884779
960	1.7058562	-0.99939416	0.39880957	2206.1917	29.792381	5.9314381	0.27096577	0.25652828
961	4.6857457	0.99256189	0.64187839	1022.8527	18.041973	11.107262	0.39058637	0.12245448
962	0.4658856	0.90724728	2.3914575	265.2013	9.6521349	3.0275873	0.17018388	0.10360704
963	3.0596787	0.1198321	0.31662521	722.2819	10.554522	9.588342	0.067531021	0.25313079
964	0.29143127	-0.7664688	0.24013106	6780.8645	85.929657	79.211948	0.36031686	0.063128644
965	0.69514663	-0.58802622	0.5328348	5286.018	50.479431	32.809066	-0.22253221	0.19514253
966	5.8272153	-0.10427357	0.20193741	349.96422	8.3208001	1.6720519	0.090653244	0.043492742
967	0.64420024	-1.5244386	2.9758532	318.51729	1.6465655	1.3652392	0.04690009	0.0040959563
968	4.7855098	-0.26717794	0.37773164	1563.8802	12.015517	11.809556	0.14918767	0.037310267
969	5.7286712	-0.78640748	2.5039526	1261.9282	10.801328	3.3794109	0.16017821	0.031283228
970	1.8025028	-0.89318923	2.9398608	493.38541	9.2942249	1.416759	0.36662577	-0.02671317
971	1.0075578	0.56764566	0.41872834	1511.443	11.824737	11.252291	0.23831457	0.15876981
972	2.1779901	0.41392688	1.9079949	1229.6425	46.028373	43.39239	0.012453767	0.07246457
973	4.3175088	-1.2003472	1.1801777	1758.6334	45.287657	33.380967	0.020666589	0.46873585
974	1.4405891	1.1337086	1.0269806	914.83881	26.243159	11.366901	0.1412095	0.14466319
975	1.0611261	0.12070037	2.7434475	4376.0464	56.826638	40.013754	-0.063309458	0.14121902
976	2.4624999	0.14336808	2.1515823	2889.062	56.515477	36.698605	0.35096604	0.2798973
977	2.6210531	0.044185934	1.01117	3740.4747	54.674468	50.228922	0.11853033	0.089330905
978	1.3865433	-0.48219334	2.7928185	1969.2072	11.05254	10.810795	0.032203732	0.17813352
979	0.36926143	-0.28594008	1.3719167	2811.9989	83.039369	60.657332	0.31661996	0.19978267
980	5.8953289	0.8345858	2.4073029	2443.6095	29.002508	25.166764	0.051896554	0.057553808
981	6.2605833	1.1727771	2.6818677	4220.1285	58.8779	41.019495	0.043059634	0.045893492
982	5.7311658	-0.21944158	2.136809	5279.6423	45.349335	45.292404	0.18536201	0.18276184
983	5.3502236	1.2317682	0.90514657	1122.5446	10.417748	9.7537995	0.06240138	0.13958821
984	2.7295786	-1.1637871	0.94408695	1293.5164	43.150417	42.964971	0.10300618	0.20336341
985	1.285861	-1.2566874	0.49568824	3542.1983	57.055394	35.577399	0.053718683	0.017320306
986	2.0609693	-1.1399578	0.50414087	1122.8299	10.549682	10.07529	0.11500318	0.13485579
987	4.9440559	0.4746064	0.22828399	998.59963	10.224531	8.4886971	0.26206915	-0.11338971
988	0.12986659	1.0398052	0.58152511	2055.7922	14.778987	13.321562	0.020228867	0.18499698
989	4.2794656	-0.25500395	0.033073072	6880.9916	94.668765	60.826374	0.16627026	-0.013560517
990	3.7467061	0.20317981	0.1713602	1948.183	44.688826	38.494255	0.039036041	0.20944163
991	1.5518748	0.18402829	0.72877629	2405.4279	48.112741	35.937955	0.071977254	0.1440996
992	3.1930169	-1.2350557	0.63362065	4883.2538	59.447829	49.933938	0.017731328	-0.056029937
993	5.407924	0.48460414	0.53475923	1294.0853	24.503506	14.525715	0.065039258	0.036228773
994	0.26968108	1.0136092	2.9492356	693.86032	9.2952175	3.3828999	0.021874139	0.018229961
995	4.7567855	0.0030173318	0.93031947	450.50487	9.5073389	2.4811606	0.13059683	0.13708113
996	3.4529432	1.0188037	2.5195036	776.68172	9.5489868	8.8120902	0.26888744	0.065045517
997	2.9288637	-1.067872	0.5777374	3435.2384	59.560739	51.663503	0.31641681	0.49301842
998	2.3567107	-1.4343857	2.1994987	592.28238	10.970846	10.556159	0.0041655267	0.10803412
999	1.8581679	0.0157684	0.2773876	278.07122	9.4073957	8.5206123	0.18851023	0.033184005
1000	4.4145865	0.76286894	0.7833469	665.08176	42.15263	32.012821	-0.12511243	0.042363908
1001	3.7075795	0.11938762	1.3541107	1651.024	96.77343	56.675815	0.13414836	0.31786805
1002	0.71533463	-0.104424	1.9293046	540.57938	12.641997	2.0498952	0.070646084	0.019063769
1003	5.8612151	-0.47738084	0.40457456	1931.2965	12.484641	11.434662	0.30542211	0.11300056
1004	1.6363385	-0.86192378	3.0263741	4202.4591	42.223606	15.849066	0.029288162	0.053152516
1005	0.06422318	0.64797772	1.8378495	1405.4671	46.224302	38.17426	0.16404998	0.025834563
1006	1.4961143	-0.50502562	2.6188517	594.32453	14.753358	9.4019451	0.014458666	0.22920922
1007	3.0376623	0.69300255	2.2241048	6026.6259	83.064543	62.709721	0.43190888	0.10425813
1008	3.8670141	1.1129562	2.3044807	1706.9992	120.21647	35.690465	0.24294279	0.096320993
1009	6.1669325	1.4168821	0.2490724	2404.3885	11.693016	10.732443	0.15171045	0.064930168
1010	5.8276599	0.99012055	2.4490633	6349.4571	99.003932	72.971664	-0.089429113	-0.19133856
1011	3.3201128	-0.46563698	2.2110553	693.85057	29.301194	9.3416876	0.14295282	0.22936764
1012	1.7060581	0.42864084	0.56431223	786.46848	10.904976	9.7878363	0.010227667	0.053909758
1013	5.61631	-1.192346	0.82060627	200.07548	2.5508466	2.1051001	0.17212832	0.39633994
1014	4.075532	-0.051529396	0.81046299	2227.8402	41.075252	35.480751	0.23949302	0.28711725
1015	4.4510468	-0.19734422	2.3991547	1636.2945	27.607474	14.006306	0.024523826	0.2009893
1016	2.0949693	0.003330386	0.1205266	1120.2828	70.614953	45.207166	0.06703157	-0.1100596
1017	1.4856533	0.93232774	1.1227719	2007.7065	62.859091	41.740841	-0.23173289	-0.24123467
1018	4.8121712	0.87736512	2.6719866	5250.9801	50.724873	16.855761	-0.087568831	0.28364646
1019	1.7332136	0.43432708	0.25940814	326.17293	1.5693983	1.5166335	-0.053543194	-0.27224922
1020	1.8514494	0.54382599	0.69845663	2576.5372	39.37872	37.117811	0.0053134527	0.0057154297
1021	5.9600933	-1.2097874	0.42303102	4073.2173	85.745531	37.74492	0.10183638	0.1316755
1022	2.5884005	-0.60613728	2.432099	572.54992	9.0188492	3.8923507	0.045036302	0.11017685
1023	1.9435836	0.532535	2.9811649	280.51344	11.784353	8.8755404	0.1032044	0.05377061
1024	3.5803344	0.47215365	0.63886825	4331.7108	32.846073	32.130754	0.14335978	0.092248744
1025	4.4325736	-0.17623245	2.8687142	1180.6873	39.375937	35.668787	0.3089344	0.019030594
1026	3.0463757	-0.87521758	2.1385501	4180.8117	57.394437	56.287513	0.056735747	0.22870244
1027	5.3074421	-0.78804523	2.9829129	2560.1669	15.899443	13.095054	0.10082245	0.042388032
1028	4.6854686	0.45119733	0.2229518	1230.9287	10.739836	10.738261	0.23708226	0.055394017
1029	4.1696443	-0.55858997	2.5191688	1568.3794	15.24264	12.533911	0.20360192	0.038731325
1030	1.526248	0.83840865	0.79258765	3321.2033	35.821282	16.342059	0.096975393	0.018985228
1031	1.3002658	-0.27084543	2.7802044	2275.6492	52.309954	15.918693	-0.031342011	0.11223478
1032	2.2986075	-1.263705	0.47977752	1383.9175	31.292826	29.48761	0.16310347	0.1636731
1033	4.5642709	-0.68319324	2.2757127	3779.4022	50.804897	46.676156	0.12565618	0.12463975
1034	3.6775475	0.47038245	0.83532747	533.59289	37.422381	9.2077821	-0.097829237	-0.2898602
1035	4.6784404	-1.022391	0.25298209	1275.8101	11.307158	4.9074593	0.032630346	-4.4819326e-05
1036	3.9045291	0.10243211	2.2609745	3278.8264	51.360391	38.483464	0.32486977	0.20277489
1037	5.8018064	-0.37665511	2.2734345	104.59194	1.358338	1.2557993	-0.0018543824	-0.020999825
1038	2.3799256	1.1632332	1.9851223	2326.4111	49.291651	44.508912	0.0085225182	0.14498801
1039	5.0703697	-0.62332002	0.24490334	3034.6939	49.232728	35.496116	0.12057535	0.3039076
1040	3.1894337	-0.52844247	0.63911493	1156.7024	30.222191	26.754335	0.41997715	-0.543873
1041	3.6759393	0.38201836	1.6598298	615.19308	9.9874023	1.9873909	0.0047776762	-0.22735008
1042	5.0375494	-0.64678671	0.19977698	8125.5064	104.07391	94.196806	0.11296646	0.072495511
1043	0.98350967	-1.0096187	0.58167752	1494.3592	14.229301	10.002215	0.08580018	0.14223051
1044	5.6366846	0.042518473	1.000613	270.49301	1.517233	1.3208471	-0.037920884	-0.041015782
1045	4.1503919	-0.26986597	2.7430002	371.68075	9.5866913	1.3680307	0.082950883	-0.001566727
1046	6.0113359	0.32939432	2.6416439	265.60919	1.8864341	1.5280668	0.048481638	-0.087740122
1047	3.8486287	0.85470702	0.71674289	185.82584	9.5542398	1.2058244	0.087042476	-0.017451653
1048	5.470601	0.45998507	2.4429648	3358.835	22.115515	13.957621	0.054275778	0.033399563
1049	3.2502053	-0.72036296	2.7516641	4685.7415	71.285375	55.638097	0.15324032	0.041927097
1050	1.7557372	0.015634669	0.62930289	3544.7994	68.271315	65.05301	0.23654371	0.028196384
1051	1.4125826	-0.14705594	0.77284667	2517.348	54.189657	27.732344	0.050910839	0.55219718
1052	5.0618114	0.71810438	0.60442586	3567.7833	82.644983	77.350771	0.387675	0.059270248
1053	2.2970399	0.94449177	1.4584803	1020.8796	14.176984	11.369775	0.020408485	0.016135043
1054	3.806384	0.78666905	1.0388203	2805.7283	32.913779	28.427534	0.32525978	0.11125444
1055	5.0245689	0.41500095	2.3264252	823.78084	9.9589754	9.1651583	0.29181256	0.023578242
1056	3.5532823	-0.43960937	1.2228163	406.4693	10.197371	8.5514119	0.19913317	0.037133803
1057	0.30664003	0.76742814	0.8242794	3474.9925	46.767043	46.704098	0.25903647	0.073950802
1058	4.9437302	0.7539296	2.1166271	260.99932	10.81935	8.8844986	-0.17816915	-0.010509852
1059	1.5107597	0.81511654	2.7467542	4106.7942	39.341171	38.427839	0.12804064	0.051199139
1060	0.90278075	1.0716941	0.25326272	6852.6023	64.578536	59.175843	0.022680938	-0.39988716
1061	3.400125	-0.71438876	1.053305	1834.6344	68.485965	68.402978	0.081544614	0.1893586
1062	0.21343267	0.63731397	2.2786723	710.94852	10.211025	9.4574792	0.49474411	0.17500716
1063	4.8310971	0.17753005	0.56821759	2044.1438	14.812428	13.065146	0.092155525	0.030227779
1064	5.0020584	0.97376133	0.20980313	1024.4726	9.9941853	2.8872561	0.049999858	0.006736228
1065	5.1681034	-0.38011901	2.5895066	199.23861	8.457168	1.5856182	0.15932463	0.1242863
1066	2.7462739	1.0068832	0.97847398	1217.3697	25.453301	10.802273	0.0026783848	0.0080750354
1067	5.0685263	0.35583429	2.5905469	3378.4081	29.718282	23.52341	0.098491747	0.17569348
1068	3.0018042	-0.75159527	1.1703505	5598.8707	55.737226	54.47667	0.050496169	0.00092760403
1069	4.4199374	-0.27932214	2.878145	4386.4716	16.877797	14.911071	0.15858071	0.14468122
1070	1.5508262	1.3509855	0.33458852	6927.2776	66.092809	58.296488	0.025736927	0.56995565
1071	4.4328786	-0.4584991	2.6650453	267.29024	15.782869	1.7886547	0.26241392	0.24339255
1072	6.1937334	0.13589173	1.4139968	2386.3096	136.88421	52.088636	0.062296791	0.069878077
1073	0.47712433	-0.28894306	2.3828984	1575.4966	14.140075	13.310836	0.24035995	-0.019206362
1074	0.15880168	-1.2628067	2.0189501	181.13502	1.5593511	1.5004317	-0.33968247	-0.068285597
1075	3.2673527	-0.10926847	0.49711938	1034.6379	12.081313	11.086778	0.068941095	0.0085023475
1076	0.58258356	0.67070466	2.3217736	3009.1463	35.737546	33.574577	0.14593988	0.18510799
1077	3.4655891	0.63173807	1.4865277	349.95465	5.2525009	1.7238286	0.00046781857	-0.10813507
1078	4.4757598	-0.7235889	1.0291268	1720.9368	46.282279	43.146943	0.043317328	0.033358905
1079	4.6211619	-0.34655856	2.5772367	1787.3766	11.318844	10.597718	-0.12609657	0.17636709
1080	4.2499063	-0.71000516	2.3346868	3001.4298	53.213085	46.349241	0.037427777	0.34961674
1081	1.9307695	-0.96834669	2.3009724	6687.7274	70.742823	62.03968	0.21336024	0.28353239
1082	2.6092686	-0.29016952	2.6081211	2334.2388	32.114026	24.561464	0.089879193	0.19180713
1083	4.229821	0.75933634	2.5414308	579.244	7.5451404	1.5563545	-0.19178166	0.36685597
1084	1.4740671	-0.2394263	2.6631747	4075.4853	87.65425	31.422165	0.34702862	0.062367052
1085	3.4604577	0.73168799	1.0161052	2814.0609	49.45564	40.122731	0.0065066477	0.067360722
1086	4.4638103	-0.7980714	2.3270991	1520.1178	10.698697	10.424573	0.027310608	0.26540932
1087	2.9949602	0.49265294	0.34104189	2428.0228	43.693752	41.573653	0.19641211	0.0049195166
1088	6.2623029	-0.49499714	2.596165	9172.8729	84.460205	47.585193	0.21371731	0.1224195
1089	4.4437211	-0.48804287	2.3025512	4473.7406	46.437204	40.262761	0.0046942618	-0.03036225
1090	3.0286733	0.40429485	2.1546795	2047.3866	29.617742	26.625123	0.13073517	0.67632486
1091	1.1611656	-1.0445231	0.90215882	113.49158	1.3306874	1.240677	6.7411126e-05	0.016155146
1092	1.5018455	0.16724129	0.68452607	3353.5118	59.82914	58.039921	0.11893479	0.14991033
1093	4.9875685	-0.68936506	0.41614024	1735.8081	13.438853	13.130779	0.10181783	0.065095413
1094	2.0847554	-1.3176102	0.57886477	1623.392	45.867329	35.390486	0.012867008	0.26169178
1095	1.0916832	-1.4605199	1.3781399	1664.1286	47.44067	36.323809	0.17263637	0.037065437
1096	3.7360839	0.2531641	0.84348813	3429.5671	63.84756	49.822068	0.055904891	0.098666004
1097	1.3674682	-0.26250672	2.4183089	1052.7664	16.277499	11.968488	0.051978515	0.01039041
1098	1.3761451	0.85463459	0.53580575	325.08536	2.7526984	2.5237268	0.027639078	0.28480836
1099	1.4743777	-0.29370139	1.0077924	428.21796	10.944861	9.4843859	0.18519229	0.089641378
1100	5.9212935	1.0561752	0.27483812	1396.0921	33.922302	25.883002	-0.013223012	0.11317216
1101	4.7934595	-0.45148502	0.16115555	1643.1847	13.1867	8.7263854	-0.20136546	0.14367747
1102	4.3730844	0.57041305	0.65335215	845.495	10.648734	10.570831	0.22989441	0.48589152
1103	3.7332927	-0.67291371	2.1011636	642.06895	9.5315873	9.4217276	0.10114242	0.0055458361
1104	5.2586311	0.33955527	1.4063794	83.400058	9.260941	2.8816548	0.032055781	0.034455702
1105	5.6647657	0.25134135	1.9350854	1849.5282	42.995284	33.689893	0.052980477	0.11326409
1106	2.7099207	0.3348978	1.6014623	1462.0442	33.037972	25.20267	0.14083901	0.061067269
1107	6.26111	-0.83802457	1.3749282	1695.4395	50.208634	29.553774	0.34007815	-0.0044136038
1108	5.7421167	-0.25213011	2.0153186	1426.1292	51.341169	31.601018	0.22696627	0.027741387
1109	6.2485463	0.42854844	0.36197932	2145.7799	48.285337	12.862621	0.3967153	0.12536057
1110	1.3236342	0.54499077	2.5391706	1035.2331	35.104062	10.099615	0.11920916	-0.10302612
1111	0.76426733	-0.70998523	0.54652486	2821.6519	34.581444	33.788557	0.14206019	0.06531895
1112	3.6045554	0.17378189	0.3848056	1752.9225	13.74712	11.569505	0.10459693	0.09723903
1113	5.6049982	0.33516902	1.2002224	1594.5169	42.825129	30.568504	0.035606253	0.34307248
1114	2.6532576	-0.91927458	0.89115629	223.08284	1.7122462	1.307477	0.21295827	-0.025021358
1115	4.2339454	-0.80158626	2.4534768	1154.2208	11.624089	11.573966	0.23369178	0.10158005
1116	4.6552996	-1.1955856	2.9284993	1258.2327	36.179698	14.803232	0.0083554477	-0.11398333
1117	5.2237071	0.75632975	2.3865448	2086.4993	28.735651	26.35036	0.10418043	-0.016568903
1118	4.2781135	-0.38760916	0.88942783	1900.3603	30.766249	19.159203	0.078281625	0.12391783
1119	5.9032739	-0.88202706	1.7565143	1361.3096	36.760128	29.02855	0.010545096	-0.032403746
1120	4.3284344	0.89201628	2.2505998	211.15146	2.3849703	1.5248993	-0.028007843	0.02747973
1121	4.2661523	-0.53926795	2.4802936	296.05004	9.0040353	8.7634138	0.26097169	0.055107146
1122	2.9374141	0.39642852	2.0086163	1376.8353	34.467389	19.929188	0.2722483	0.12457326
1123	3.4568507	0.99942086	2.4255408	1679.2127	11.644696	6.5587421	0.00079886594	0.14451262
1124	4.6385927	-0.93684034	1.7462677	924.02128	42.419567	29.260077	0.0010303703	-0.081405994
1125	3.2689618	0.12197653	1.5460239	210.69568	10.056171	9.2478116	0.34322946	0.11093466
1126	4.0675519	-1.0123388	2.7783296	8313.376	75.637567	66.237286	0.026103548	0.24208834
1127	0.91958174	-0.14708251	2.7545132	1351.0828	11.556726	10.721442	0.067137284	0.29961148
1128	2.5608584	0.91597608	0.38785188	4093.8106	51.147742	48.752772	-0.16166903	-0.021896866
1129	0.13968931	-0.3890999	0.70175156	3110.1992	33.58959	32.685382	0.1831519	-0.33406897
1130	3.5250028	-0.7994264	2.2905016	484.49972	9.3763199	9.2774807	0.37491847	0.060237763
1131	0.15319726	-1.2201927	2.6512547	3000.8148	58.442217	48.129961	0.074591552	0.092630349
1132	4.4053589	-1.3911593	0.65303852	4455.5514	64.873376	64.737124	0.00077911295	0.10725967
1133	0.38426733	0.8328238	0.29839291	677.76338	10.629863	1.7586401	0.017600147	0.14670175
1134	0.28269089	0.66756321	2.8275884	630.02411	13.335467	9.0776127	0.036188572	-0.076775623
1135	5.4170577	-0.73142711	0.73536229	960.78991	38.725989	37.867433	-0.041042766	0.069024145
1136	4.8031924	0.21835383	2.6450622	3483.994	52.375591	49.282537	0.28183385	0.20578416
1137	6.2181415	1.3727117	2.4459191	1863.5336	42.669894	34.146286	0.080513676	0.036473291
1138	2.7886657	-0.57052756	0.75811146	580.30498	11.868403	1.687219	0.3303691	0.0090878965
1139	4.4962526	-0.22950681	2.1481643	3642.9962	66.74487	49.65939	0.002601854	0.0039017803
1140	6.1451418	0.071894154	2.610545	1597.3826	11.922903	11.199318	0.62929993	-0.095276888
1141	6.04789	0.98992755	2.93625	2458.0228	38.351417	22.686127	0.037506343	0.041707913
1142	5.0942757	-0.43362143	1.3960243	1174.0651	11.124462	9.3658593	0.41149084	-0.62538887
1143	3.0620774	-0.43722513	0.57147138	3360.0687	43.403094	41.789923	0.1653585	0.20049471
1144	0.50809203	-1.0852639	1.2363781	6852.3761	82.808312	82.683589	0.019460158	0.096731156
1145	6.0361075	-0.8949389	0.57671369	402.60543	11.493872	4.2184172	0.11413496	-0.0424229
1146	5.3948408	0.89264275	2.5770803	1199.5309	10.674644	9.3932325	0.029285876	-0.041716748
1147	1.8447614	0.052511302	0.67383594	953.77445	16.253299	10.506506	0.09878108	0.071548259
1148	0.074894297	-0.76195943	0.6529433	2654.4914	96.005006	50.548256	0.11766844	0.31017948
1149	1.1170894	0.81366841	0.36422688	1243.3435	13.09597	2.9896379	-0.49925547	0.0032463872
1150	4.024	0.39345659	2.7886217	2086.1713	16.326824	14.029718	0.52887674	0.079636203
1151	0.64000122	0.056494639	0.51314144	2065.4332	42.918426	42.414037	0.051916153	-0.085137229
1152	1.1563035	-0.73226076	1.3167888	1498.8575	46.286026	40.121704	0.10484502	0.35066792
1153	6.1758041	0.39419885	2.3006825	2740.8495	38.135702	35.851301	-0.064147564	-0.035682113
1154	1.1878879	0.69803104	2.5801164	4992.5313	57.96542	57.76183	0.022314518	0.0112026
1155	6.0765314	-0.77028648	2.6095982	7176.8279	65.020836	50.526752	0.018628882	0.043872715
1156	4.4374088	-1.016525	0.53954658	449.59038	9.0761449	3.0511927	0.3529796	0.15537168
1157	0.52504428	0.57479369	2.9712065	6053.6945	73.546837	48.216603	-0.0010854913	-0.0080952758
1158	3.6107631	-0.24830646	2.6896311	5544.3477	57.450185	49.635623	0.86581211	0.083419859
1159	4.8090345	-0.55669088	0.90324487	894.21814	28.623722	21.736484	-0.053235751	0.26662594
1160	2.6687212	0.26541345	0.57765721	1430.8746	23.39123	19.501688	0.0097169241	0.14559452
1161	5.748761	0.72602042	0.61887361	5335.7837	47.319645	44.279886	0.55361769	0.57043959
1162	5.6866756	0.11653507	1.4569727	482.72374	11.461184	10.934446	0.057158238	0.15741195
1163	5.6491169	-0.04005351	2.7036883	6143.4507	64.323463	50.374821	0.0070276551	-0.033374059
1164	2.8051296	-0.50559892	2.8109542	803.61237	16.896964	10.523936	0.11087624	0.13582718
1165	2.0142042	-0.097335137	1.2994407	861.31927	30.842335	11.037039	0.166954	-3.3630549e-05
1166	2.6826495	-1.0802562	2.988612	5824.3422	49.892666	44.482903	0.027163376	0.0025223383
1167	5.7982434	1.0428015	1.9815456	880.06864	18.707291	12.710329	0.046490326	0.32669691
1168	4.452983	-0.57290586	2.3005	2045.8518	44.911304	33.946275	0.17441569	0.077599829
1169	5.9497402	-0.77739421	2.3887007	6996.0296	75.227845	65.480998	0.06475414	-0.061554342
1170	2.7637695	-0.57693227	0.7055858	2942.1319	61.28376	41.084879	0.010229985	0.38068425
1171	6.2603657	0.2934483	0.31854419	3146.3774	29.280422	15.84737	-0.25636258	-0.10681573
1172	0.79386094	-0.13981707	0.42113712	1626.0352	43.015865	10.666256	0.0092450036	-0.015495673
1173	0.64781229	0.27038865	0.74596144	6357.6686	165.9023	155.19298	0.0082578607	0.045098949
1174	5.073119	-1.1172797	2.2885199	1815.3682	17.557274	12.183737	0.078590372	0.24628301
1175	3.4976977	-1.2342835	1.2011829	1176.5035	10.458898	9.9298435	0.18763828	0.21917419
1176	4.2804788	0.81394916	2.1271352	824.90023	11.988949	10.907149	-0.18111841	0.25452264
1177	2.8299628	1.0071064	0.56730352	4161.6014	50.746569	26.560353	0.17741157	0.25356179
1178	5.1915861	-0.23313315	2.9043506	2091.6963	20.634731	10.469901	0.25862746	0.01007698
1179	4.4340636	-0.67062097	2.3413098	4230.1809	48.037771	28.511019	0.24441128	0.36706239
1180	4.6184778	1.1661863	2.2490695	5219.5322	60.114983	54.80566	0.10477895	0.26831657
1181	1.5879557	0.70814029	2.8302464	6334.8034	57.739391	51.708509	0.020039626	0.027738803
1182	2.2123043	0.54816128	0.65111222	10341.297	150.65628	148.06266	0.28721504	0.019267513
1183	0.058770081	0.064254459	2.9935223	1163.2395	13.577527	9.0531618	0.066929601	-0.0080630279
1184	3.9250107	0.71598454	2.2888305	2504.2175	60.312979	48.762903	0.35350621	0.22238974
1185	5.0350661	-0.65753266	1.340071	1742.2197	31.4972	25.661327	0.0023566104	0.14987754
1186	3.6621546	-1.0376368	0.85611227	751.56774	27.033319	24.452254	0.025366974	-0.47147755
1187	2.5592535	0.81836577	0.84858908	655.53724	10.115097	9.5345449	0.1754802	0.47000782
1188	0.47483323	-0.17935934	1.3190244	1229.3695	40.044134	36.063922	0.16745431	0.2998259
1189	3.6675318	0.28290374	1.232479	536.13518	9.5662956	2.1828407	0.15091317	0.059563509
1190	0.92100623	0.75430823	2.60021	425.89614	9.7420925	1.4126691	0.096326198	0.19008272
1191	3.3536058	0.59962858	2.4402572	701.60279	11.117834	6.627896	-0.11552506	0.30677568
1192	3.7077193	-0.19771539	1.9377284	2630.7077	52.851333	48.051096	0.70489851	0.019953921
1193	5.7227539	-0.12869128	2.6105816	308.08339	10.134937	9.2913877	0.44270921	0.21407756
1194	4.7811076	0.16663708	2.4927586	4837.2692	58.411579	47.748741	-0.041480921	0.2505855
1195	0.38969607	0.29915302	0.91238496	1652.9138	12.912997	11.429856	0.15178882	0.19769296
1196	1.4246603	-0.39833643	1.9091579	556.08224	10.607917	9.9198416	0.3623712	-0.25021324
1197	5.9653052	0.25637529	2.5011663	968.38879	10.534714	9.7593508	0.25274506	0.19921448
1198	3.4176437	0.38582618	0.60786566	2912.2271	45.163536	27.281722	0.018428368	0.33371451
1199	1.5439858	-0.33982887	0.86866054	1379.5983	12.532166	12.497537	0.10552074	0.025482941
1200	3.6371875	0.54217824	0.23294102	5163.4313	105.45721	59.059525	0.13187682	0.10362111
1201	5.6663166	0.76607326	1.3349938	97.752529	2.112021	1.4311794	0.0096406704	0.16948339
1202	2.9768826	0.60393247	1.6348403	731.30834	35.311674	33.382388	0.2624764	0.20997686
1203	2.3812992	0.66748233	0.89509214	987.27529	11.415549	6.8023509	0.00087655911	0.0048853571
1204	5.212781	-0.077109522	0.90614782	1760.7606	44.93853	34.473104	0.24845027	0.3620507
1205	4.9231917	-0.60082541	0.43494323	2754.3372	39.199789	13.60775	-0.030659893	-0.22021367
1206	5.5428622	0.17001681	0.61018577	1625.7836	10.279968	9.9828042	0.065513888	0.060680695
1207	1.8455855	-0.028277058	0.81085298	198.02242	1.7892156	1.4250896	0.086139036	0.050318412
1208	0.35067132	0.28089606	1.2411951	1298.1426	35.980886	33.199951	0.057689009	0.058183973
1209	2.8901925	1.0312108	0.2777619	1054.7414	10.789754	9.1145748	0.16300381	0.016682229
1210	0.82232172	-0.31387063	0.53434065	666.34081	11.643568	9.8201459	0.046445395	0.0014003047
1211	0.28758018	0.80542541	2.1846792	1783.2669	29.66271	12.782214	0.19790351	0.22031125
1212	5.0707971	-0.9601564	1.2324084	1744.1436	58.766803	48.026522	-0.20993499	0.023824376
1213	4.779883	-0.52616028	2.3314902	3166.7531	45.680309	44.099163	0.65031409	-0.096986112
1214	3.5745119	-1.388954	0.20851994	209.91406	1.7127328	1.3672983	-0.032801379	0.018234787
1215	1.5031215	-1.2294749	2.7372445	5187.3217	94.080133	60.360895	0.042997647	0.093553257
1216	3.3837543	1.1142776	2.6064654	3455.8709	62.452819	33.11619	0.047866891	0.41652436
1217	1.7727438	-0.1219989	0.59265741	4606.7111	46.517536	30.495389	0.43484072	0.42386989
1218	3.9547479	0.37879138	1.1436177	5049.9473	69.017344	58.187418	0.17888291	0.2177591
1219	4.6605849	-1.2968143	0.71012957	574.27524	9.156255	6.7299759	0.48089172	0.02658123
1220	4.4044507	-1.2438625	2.5430356	490.09371	6.8186878	3.0725925	0.0910436	0.0096194623
1221	1.7384256	0.023120001	0.6082507	1102.4484	48.268945	4.153795	-0.12012677	0.22591586
1222	3.9056854	-0.087002972	0.72027694	2236.4994	17.549018	13.505005	0.14389673	0.0071775093
1223	0.19428324	-0.45352854	0.9434012	439.95982	4.0952357	3.8679396	0.018307604	0.083075726
1224	1.4294651	0.25793589	2.053627	429.92561	8.5930022	8.162431	0.021541434	0.065992291
1225	3.3457013	-0.24770486	2.9548537	11540.204	74.167464	63.247651	0.133545	0.11781211
1226	1.7238866	1.1448406	2.9863223	5307.8091	62.966501	59.081688	0.068050071	0.27261108
1227	6.0720988	1.4140734	0.74817311	2267.9741	41.542736	40.496347	0.028675924	0.27070779
1228	1.2924529	0.29626091	0.45999219	1687.538	11.870858	9.8928278	0.15903145	0.30139068
1229	6.0541443	-0.66694279	0.69037049	9050.6616	73.808104	73.233402	0.49056854	0.29801775
1230	1.397058	-0.12550951	0.84539206	4066.189	56.463996	51.826559	0.30561864	-0.0058437602
1231	1.0310745	0.63986894	1.3920111	311.29083	10.396057	9.1516414	0.052615426	-0.0062135898
1232	3.3288682	-0.66535518	1.5960805	2171.2236	117.16316	109.56544	0.00035513516	0.031855888
1233	5.0705808	0.21797365	2.1789623	1388.1533	14.972334	14.301993	0.33402131	0.062523364
1234	1.5851316	-0.1887004	2.7067188	2797.0972	14.851772	14.45169	0.037285065	0.20391852
1235	3.038325	0.17685921	2.5435042	4799.2217	57.06328	46.029755	-0.3220489	-0.0072110097
1236	1.9636972	-0.26378454	2.471534	2180.9954	47.136483	37.47236	0.028142792	0.054105884
1237	3.3699239	0.70549041	1.3579857	4499.648	132.9414	121.51901	0.062006761	0.060607936
1238	3.8011563	-0.58816954	0.55755237	5192.1033	84.581017	41.005881	0.32007795	0.16308487
1239	3.5324259	0.6220673	0.54788142	1160.9214	38.298171	29.216101	0.44771378	0.13503084
1240	4.0536358	-0.57270717	0.89152629	1737.9689	27.373524	12.761385	0.32279502	0.11695763
1241	3.2863088	-0.34478848	1.5442047	196.09859	10.658007	8.1185678	0.18595309	-0.0023778722
1242	0.84111424	0.32063752	2.7011507	1947.9849	35.651672	35.390542	0.13470147	-0.0031535775
1243	2.1583035	0.44482228	1.0537788	2359.9683	47.807353	14.029551	0.089349447	0.069908156
1244	5.5789414	-1.0471449	2.2986898	229.16483	1.3971269	1.363965	0.0090122675	0.019162424
1245	6.1292682	-0.90328058	0.72783913	213.66214	1.7042237	1.4279839	0.071082539	0.0023558967
1246	5.3485983	1.4512587	2.6173337	859.37354	22.728265	14.585649	0.18189942	0.031455008
1247	3.3781718	-0.73766204	2.0988468	617.77691	21.898218	14.634942	-0.08875689	0.38914678
1248	4.2463762	-0.17553773	1.5893833	1887.8415	45.76462	30.610279	0.04205406	0.30026889
1249	2.8628627	1.0629365	1.1641831	4057.4506	84.745241	67.501157	0.040304865	0.082671087
1250	3.9654023	-0.98220462	2.3832338	4853.449	54.113859	46.213926	0.39692214	0.3707822
1251	5.1968776	-0.22540764	0.24563981	1189.6081	11.983037	10.578097	0.14210697	0.31937128
1252	4.7555484	0.049816173	1.0502439	4233.4695	64.994334	51.482807	-0.011991886	0.066900189
1253	1.6645442	0.20638244	0.62666043	4337.5969	66.482165	47.736014	0.0045633452	0.023318141
1254	1.5243058	0.31974618	2.6820286	721.37895	8.9600046	1.3389179	0.063838182	-0.053502541
1255	1.3158254	-0.045128861	0.88950994	2637.4648	51.287574	48.802375	0.12972745	-0.039022894
1256	5.7187521	-0.56184695	0.68588562	4430.7501	57.144132	49.118336	0.28044867	0.018561406
1257	2.1010566	-0.76069593	0.94866714	2837.1421	27.897059	23.271086	0.28684575	0.42029177
1258	6.1542626	0.08344888	0.96659279	1919.0591	53.339011	47.13822	0.07986038	0.025278016
1259	0.75930473	0.35246945	1.5660027	261.46995	2.8656789	1.2930725	0.17049415	0.0072872423
1260	0.81240353	0.14842276	2.4613662	1152.0224	48.608436	39.060642	0.03943971	0.049028268
1261	3.2635526	-0.62168213	2.6815905	2920.9497	51.74453	14.844402	0.11936546	0.19779685
1262	3.8131901	0.20871388	0.1420586	4898.7348	63.949029	57.213876	0.41448512	0.075794689
1263	1.5383272	0.66095415	0.31268987	769.01887	37.730251	22.895104	0.00025894715	0.1070472
1264	0.91216985	0.96704101	2.3356608	560.64539	10.353981	9.519198	0.081835039	0.089953091
1265	4.5718233	-0.48431878	0.22837053	1406.1865	10.473753	8.7779599	0.017138416	0.056210529
1266	0.88071199	0.69373723	0.75571341	95.433709	6.2216621	1.5816125	0.035631285	0.00068034328
1267	5.448069	-0.26865314	2.7825883	4014.9692	32.132095	19.170679	0.37590819	-0.099202185
1268	5.0879571	0.40304414	1.2384124	3064.8413	44.583338	44.468313	0.064705411	-0.049333542
1269	5.1982582	-0.55620177	2.6216988	2259.5621	11.936878	11.443185	0.047710282	0.17119014
1270	4.436706	0.52403277	2.164909	1564.6023	12.567809	11.607658	0.054035616	0.24268649
1271	5.9959586	0.84180758	0.28606749	863.68183	17.505261	11.4265	0.14032332	0.090682966
1272	3.5305663	0.044902827	0.90752831	2475.5915	40.30682	37.655632	0.11109247	-0.024912025
1273	0.88203688	1.4189209	1.525789	1180.2152	28.238658	22.307276	0.061177757	0.091320544
1274	4.2503527	0.80634696	0.44813697	5021.3251	41.078575	38.166668	0.20891891	0.012869631
1275	4.8988851	0.67197334	0.18507628	4950.5148	64.404972	60.232966	0.01825483	0.11186485
1276	1.7447704	-0.41843567	0.30795067	242.92256	1.3685438	1.3579169	0.12729207	0.23737998
1277	5.4041327	-0.86218028	0.52020889	137.66557	1.8590792	1.7537496	-0.34581458	-0.21129547
1278	3.7752867	-0.37621158	1.4596415	1730.8936	24.009476	10.847386	-0.12685114	-0.15102691
1279	0.14653097	0.87931153	0.6532381	149.34722	9.4739165	8.7403626	-0.0068655186	0.0062671937
1280	0.4626198	-1.2581098	2.2649589	359.07017	9.012917	1.8406025	-0.1521564	0.20247036
1281	6.0996462	-0.70477363	2.2831051	2067.0219	25.988004	11.238957	0.047004623	-0.37092238
1282	0.10621238	0.43565475	2.0858029	1071.4456	34.944518	13.801522	0.15508805	0.0052260652
1283	0.39208632	-0.99398191	2.495617	1262.8919	10.674141	10.4419	0.29165981	-0.11811281
1284	5.2950409	-0.6286512	1.0179944	1654.2402	27.135773	18.45342	-0.30223569	-0.1904672
1285	5.443189	1.0010533	2.8434574	651.15222	19.779922	10.936594	0.26117655	0.14732055
1286	0.17898703	0.22430509	2.1157797	501.27787	20.657077	17.571137	0.23494926	0.33918114
1287	4.1319325	0.36812532	0.84921901	1769.2708	39.252246	11.110403	0.08667383	0.073971053
1288	4.6277208	-0.231041	0.99978737	912.28928	13.81469	11.87889	-0.00011386823	-0.0084861828
1289	4.5924576	0.32212465	1.8331919	2332.0025	53.917774	39.847617	0.1619563	0.060322445
1290	6.1491043	-0.46738936	2.7352959	6315.8046	70.455511	55.504963	-0.029428735	0.11518693
1291	2.8337858	0.79981695	2.1082386	781.18942	10.398081	5.4586285	0.034431228	0.50375202
1292	1.878784	0.096139227	2.7999203	8874.4827	84.000195	83.901623	0.10588015	0.30252079
1293	3.7658867	0.46686107	2.8244875	4685.4152	53.66146	53.390179	-0.00015417208	0.19942674
1294	0.55671209	0.09533155	2.1273711	2006.7044	36.302638	33.798018	0.22389801	0.13590436
1295	0.03624127	-0.98551239	0.23131539	4005.7619	30.645578	17.045918	0.27052449	0.1516815
1296	5.7509448	0.12305481	0.57674109	1060.5244	11.021656	10.957602	0.27521309	-0.045532906
1297	5.6794623	-0.18059299	2.6547704	949.19158	58.15481	35.88249	0.01071524	0.084927358
1298	0.36774035	-0.5831052	2.1229437	595.5145	24.526824	2.531916	0.13552669	0.082866224
1299	2.2984449	0.39634226	1.6935096	1838.7846	32.483958	30.412466	-0.12815875	0.048417856
1300	2.6577165	0.81635032	0.80172943	819.37527	12.093245	10.551016	0.26038555	-0.40950407
1301	4.2822422	-0.13889695	0.53303661	4978.3436	55.638626	49.681978	-0.074240523	0.13675201
1302	1.5120588	-0.2478964	2.162479	2445.2549	50.87159	42.431643	0.54333747	0.085255278
1303	4.0660346	0.10069731	2.8577433	182.069	1.3433187	1.334398	-0.0024990182	0.039748445
1304	1.2515148	0.88364098	2.2167481	2250.9566	13.020484	12.895829	0.12240839	0.30405903
1305	3.5505547	0.16903284	1.2062422	2131.59	83.223242	47.32348	0.062983902	0.058785266
1306	2.3138404	-0.21525219	1.2574531	247.28899	25.042273	10.090545	0.31367674	0.14735368
1307	1.8278619	0.52475285	0.70583971	193.11634	1.6965779	1.5592669	0.12098651	0.1538631
1308	4.5769951	0.60799412	2.5327309	3979.4141	42.824545	33.186398	-0.061042001	-0.011327986
1309	3.699854	1.1882829	1.1735094	637.17703	29.057094	10.123431	-0.18137531	-0.0022515304
1310	5.3228234	0.67139464	2.7021918	821.11022	10.782309	3.0052757	-0.10837209	0.062084333
1311	0.34407037	0.49589657	1.4209646	2745.0657	50.539005	37.027883	-0.0046212164	0.047610153
1312	2.951156	-0.78524118	2.9483898	8617.0078	82.755473	76.79797	0.07238051	0.023101109
1313	5.6766608	0.57362519	2.6665884	390.59289	10.246261	2.1456242	0.0031953168	0.12645773
1314	6.0821678	-0.1375673	2.3895377	261.74093	36.544427	24.121886	0.15176884	0.050107285
1315	2.9898972	0.3268747	1.6333093	391.2527	10.058836	8.3718002	0.0010783692	0.28494944
1316	0.20268209	-0.88420376	2.3968648	449.04675	2.9823521	1.3094832	0.11642336	0.22097455
1317	4.1805214	0.0038228264	2.4469735	1390.1958	18.114892	11.926738	0.33985404	0.010641552
1318	3.885055	-0.32529495	2.8881226	2321.6693	13.829485	13.825553	0.19920044	-0.024896455
1319	5.8985133	-0.87412163	1.293115	1105.3148	10.782215	10.682123	0.24564568	0.16536053
1320	6.1625761	-0.45308947	2.1928578	2282.0693	38.784552	21.363073	0.15882818	0.14847301
1321	4.1739009	-0.74167186	2.4998268	2515.3913	45.164903	24.032042	0.30064663	0.1877152
1322	5.5887305	0.35227095	2.5854928	432.08417	9.8019123	1.2956936	0.01641815	0.015398643
1323	1.3436614	-0.86158823	1.8849398	755.44193	31.330017	18.227706	0.012102892	0.03595283
1324	5.4022285	0.96628243	2.5191413	2120.4255	87.307404	87.17442	0.049807187	0.41569966
1325	3.2928107	0.95805541	2.5170368	2747.6814	27.621824	18.523165	-0.081819166	0.093183507
1326	1.4127808	0.40105854	2.5266662	5128.8417	117.69715	66.436726	0.05636812	0.22389928
1327	4.2558423	-0.2783983	0.95545403	901.6198	14.882464	1.7136835	0.21090769	-0.090293625
1328	3.3438702	0.65298785	2.3668036	1544.0319	12.961537	10.320771	0.23245641	0.074991104
1329	1.1945117	-0.7118571	0.67630709	1746.768	30.586894	22.37971	0.3685889	0.026123199
1330	0.4473579	-1.1971566	1.0350462	471.67482	38.957774	33.301533	0.014438104	0.11374064
1331	1.575301	1.1640063	0.44685776	4348.579	55.795625	54.063818	0.021630976	0.050342291
1332	3.4131616	-0.56822962	0.17521413	3636.7945	50.757656	39.730738	0.0027743881	0.034858181
1333	2.8531572	0.70500266	1.9002009	449.54613	10.100448	9.1818797	0.077414847	-0.11046315
1334	3.784395	-0.27096342	2.7295755	960.81601	5.0262885	4.532084	0.058980757	-0.030866077
1335	2.6804366	0.33863359	2.6046172	1550.0491	13.70208	9.9545279	0.029127048	0.15606666
1336	5.1199821	-0.09466664	2.8385482	1466.2355	37.174456	11.063377	0.08582321	0.022548718
1337	0.35461589	0.062839743	1.1792218	4519.9573	60.495626	53.203751	0.10179041	0.027594686
1338	5.1178249	-0.89499838	2.3881738	2927.6343	30.120278	23.337989	0.051521999	0.027957512
1339	1.6907872	1.0502876	2.1550993	1355.7258	10.388912	9.303716	0.22436896	0.12583803
1340	1.0285218	0.88012909	2.8299982	728.41343	10.426297	3.2081457	-0.26520091	0.037317568
1341	2.1194976	-1.4270469	1.0883731	129.77225	1.4741059	1.2404923	0.26808215	-0.039438172
1342	4.4045019	0.86529622	1.0648769	1723.8315	61.87857	24.102141	0.16413453	0.094849723
1343	3.9325278	0.67955246	2.1712367	4757.1492	97.499987	51.860333	0.077106192	0.35514977
1344	2.2207581	1.4241916	0.20742424	1613.5374	13.062119	10.193785	-0.010584526	-0.017881748
1345	4.1673913	-0.26255232	2.9413659	5605.0625	68.5059	55.356279	0.013424492	0.18659717
1346	3.8743744	-0.27326942	0.77005378	2094.1041	31.253189	30.963693	0.053509055	0.24361978
1347	1.0398117	-0.32127634	0.39064194	3398.1064	40.375476	38.064388	0.13267094	0.022739804
1348	0.57033187	-0.46266349	0.56520908	770.08007	8.4669895	4.996823	0.027280978	0.3636497
1349	0.92333291	0.28076692	2.2379193	3929.7652	59.572914	54.043675	0.34449714	0.10018332
1350	3.6749554	0.12618969	0.72029908	2268.459	14.813554	13.771	0.61548507	0.044952448
1351	6.193209	0.42711229	2.2639549	2200.4627	39.934031	33.044364	-0.026394697	0.084349066
1352	1.1068669	0.31927398	2.4417225	1546.3714	12.935353	12.171861	0.01252608	0.013734148
1353	1.3522189	0.35867453	0.90553641	284.33619	3.6966829	1.7101983	0.11374941	-0.11700197
1354	5.0733802	-0.4604357	1.7293578	1132.8484	18.305494	9.9602501	0.064769889	0.026209312
1355	2.2837883	0.36543566	1.178844	1129.0779	20.097411	12.119071	0.0043859219	0.069748639
1356	4.8133522	-0.82483442	1.3694374	450.8085	9.5957302	7.0501688	0.13930668	0.35555432
1357	3.7884541	-0.076001381	1.4775445	395.74578	9.1637708	8.5782274	0.038699419	-0.042488074
1358	5.2350897	0.51230462	1.4104861	417.35964	24.207808	24.048069	-0.050120505	0.25062396
1359	0.57447371	0.87195655	0.81121862	800.32178	10.254274	9.3652265	0.015706715	0.64100853
1360	4.9700913	0.82463169	2.8329858	2213.2183	12.055541	11.949501	0.40093636	0.26871197
1361	4.2240724	0.75214241	2.7703045	1179.448	11.101607	10.532505	0.30806071	0.27340041
1362	4.3328473	-0.53621259	0.47016833	1423.5201	36.790602	12.196982	0.10827808	0.027811377
1363	3.4902541	-1.1547123	2.092592	927.15679	21.827965	10.734482	0.064156127	0.14541477
1364	3.954836	-0.2105535	0.82178647	422.64578	21.519617	1.6889919	0.049887264	0.0094563469
1365	4.120345	0.16340554	2.9877756	2717.7515	60.61652	58.386273	0.25006765	0.30219134
1366	1.0392657	0.7372525	0.53407905	897.92282	22.896761	11.987742	0.0018698313	-0.13903994
1367	4.7856263	-0.65090634	0.48945778	1471.7031	35.430367	32.379701	0.37260077	0.0874509
1368	2.1407466	1.4010827	2.3197823	555.02478	10.931937	9.8259335	0.049869938	0.3170031
1369	3.6828416	-0.8776327	2.8534958	5050.2376	59.663457	59.661469	0.067407162	0.12866436
1370	0.90343163	-1.0784388	2.0266412	686.40395	10.856875	10.424472	0.65170321	0.027644652
1371	3.1202436	-0.0085704015	2.278733	1775.4363	44.63885	27.327117	0.034414819	0.027551809
1372	4.8260397	-0.20637106	0.097856989	3382.5971	46.352912	42.641706	0.088734845	0.2212603
1373	1.5587444	-0.14258133	2.7377596	1038.9357	33.52208	24.314137	-0.049528399	0.16766759
1374	2.2979268	0.58921037	2.5086051	2449.5768	51.071967	41.306952	0.0066967168	-0.20253352
1375	0.83998674	1.2277431	0.89998561	2873.8673	104.97091	48.172609	0.057305016	0.27767508
1376	5.9001597	-0.484956	2.2208407	1445.2041	11.293313	10.818332	0.044133557	0.24696628
1377	2.8115768	-0.084220699	3.02368	2852.6359	40.356014	40.209399	-0.0088755069	0.080933898
1378	4.7374111	0.93662844	3.0036506	7147.5817	35.766187	34.587083	0.11431761	0.17543705
1379	1.9450696	0.60552092	0.12107831	1456.4412	12.09473	11.978045	0.15878509	-0.059479923
1380	2.3051263	-0.74877492	0.63178284	3085.0451	46.508374	36.694257	0.27078631	-0.041153946
1381	1.6468128	-0.70060436	1.1332178	227.49484	1.9832327	1.3614407	0.36116892	0.0065770738
1382	4.5694469	1.2613974	2.0352584	720.60771	9.8957797	9.6598044	0.31553243	0.52647823
1383	4.67013	0.96020606	2.7219858	4822.5889	48.443884	45.478892	-0.38961494	0.24824827
1384	2.8479659	-0.017293813	2.2083993	1347.2875	26.519584	19.072852	0.0091603501	0.095373002
1385	5.8903613	-0.75625488	0.86076216	960.68791	10.568977	9.3259797	0.20223247	-0.0078555163
1386	4.9531116	-0.10480623	2.1512407	209.69024	1.5757168	1.2492009	0.031751194	0.078655916
1387	4.4414107	-0.85527656	0.69886216	7351.633	148.51023	83.547091	0.021778366	0.16543399
1388	4.7014732	0.58218672	2.6419299	2318.7149	13.770899	13.452625	0.13605503	-0.15155772
1389	3.1455772	-0.67135782	0.095672116	2168.5079	11.12045	10.318674	0.40743787	0.092535762
1390	1.4289458	0.40482866	2.4401832	277.5989	9.3379158	1.8770562	0.069507644	0.0016842836
1391	5.7820782	-1.2872446	2.4579535	812.32387	9.4440709	9.2461395	0.42257707	-0.084976604
1392	3.1176687	0.91972175	0.53179295	4528.8793	75.268462	46.02475	0.14725494	0.04765162
1393	1.7175613	-1.200489	1.0935156	1625.0448	52.556792	30.275024	0.056572556	0.012701069
1394	3.0063112	0.67254097	0.50841364	726.64711	5.4678169	1.9384642	0.22724465	0.11656175
1395	3.3735495	0.59735345	2.1984715	3080.3708	40.196414	35.759556	0.00037549868	0.037967784
1396	3.643927	0.21097931	0.53443901	1957.8807	12.580858	12.416624	0.47464112	-0.27994621
1397	1.4640117	-1.0210551	0.5376855	2533.2598	17.09945	13.313585	0.12414033	0.10022735
1398	3.8256465	-0.98835213	2.7559847	1825.5009	28.813433	14.516776	0.022717383	0.31661429
1399	4.1140866	0.29532916	2.595506	4158.8569	35.762627	34.767252	0.01425926	-0.19005151
1400	1.8943808	-0.36009845	1.0089108	2548.5072	49.124774	43.787515	-0.56677336	-0.11558754
1401	1.2915197	0.45050231	0.93772787	1013.844	10.869876	10.631449	0.32659327	0.32550893
1402	0.87820842	-0.14212513	0.069429618	1367.9716	12.566827	11.585535	-0.0083618552	-0.0369186
1403	1.8215647	0.07608524	0.96021565	445.76639	10.967386	1.3390579	0.0028643541	0.026248795
1404	1.956396	-0.38199434	2.3073639	4789.7729	121.71365	61.211531	0.0053112137	0.060807168
1405	2.7202497	0.82789755	1.8628671	747.16932	22.467087	17.517501	0.10098655	0.076911566
1406	1.717066	0.51981413	2.6528622	8116.8457	59.837579	54.597945	0.013808922	0.014085504
1407	5.9869853	-0.12543413	0.59618787	2624.0953	37.50879	28.687442	0.027724109	0.29418488
1408	3.7477305	-0.74134542	2.0305395	747.18523	7.9930753	7.446362	-0.032243352	0.090298255
1409	4.6618006	-0.27383717	2.5316025	1237.3759	27.611072	25.599911	0.10455672	0.28151729
1410	4.7181063	-0.36082477	1.8432438	458.5462	45.84828	36.460697	0.024273732	0.63656554
1411	5.0210293	-0.88377584	1.5225326	361.9113	35.557182	11.986307	0.042317302	0.31091096
1412	3.8863079	0.9198891	2.2069249	494.56751	10.242527	10.127293	0.088269014	0.025427908
1413	2.0106921	-0.18912953	2.1405508	1478.5447	28.264342	12.698029	0.097104588	0.54704302
1414	0.20243004	0.52395574	1.2011677	117.61553	1.3133279	1.2710745	0.023364586	0.041793287
1415	4.2203652	-0.47542239	1.555162	2681.0111	43.404873	37.022949	0.095952326	0.25985531
1416	4.0151292	-0.12344064	0.50068521	2957.3114	47.005713	32.549983	0.041141013	-0.015438912
1417	0.67496475	-0.28892392	0.38106676	3741.4551	63.415023	54.329176	-0.0090146034	-0.021548526
1418	4.2199991	1.1784599	2.6212853	1352.9713	11.762576	8.4297838	0.44645977	0.33038311
1419	0.18253947	0.48581258	2.1912933	648.46619	10.592072	6.379141	-0.039713497	0.056875805
1420	1.4001808	0.6716376	2.0817718	562.18743	11.134124	10.657763	0.17248529	0.052787597
1421	5.0287847	-0.60430808	0.84769181	2108.8102	47.444721	41.511232	0.25117713	-0.028627592
1422	3.4717957	1.1044315	2.3703631	1796.5907	44.878887	13.170163	0.089349447	0.069908156
1423	1.3955234	-0.20433612	1.9443911	1708.9123	43.66333	34.021844	0.011704092	0.0088412019
1424	0.038996073	-0.12173518	0.58576128	585.58377	20.831133	10.936156	0.10718364	-0.0007773469
1425	2.7956429	0.62456199	0.70501852	1558.4442	31.267127	17.241281	-0.16949739	0.19198317
1426	3.8332573	0.67333035	0.34291713	2213.7259	37.69555	27.573662	0.040457638	0.14023531
1427	4.1202761	0.99355261	2.5868044	266.95523	10.131914	9.9030318	0.34839302	0.034354893
1428	1.091807	-0.32711823	0.65140238	435.60985	47.154448	31.026315	0.10420844	0.054096406
1429	3.014684	-1.3972624	0.5491068	4478.8738	54.060141	27.901301	-0.0039160787	0.12079809
1430	1.9629144	1.1317169	0.79449823	3475.7005	51.792081	42.941934	0.51697288	0.11484524
1431	3.8299636	0.87640299	1.4829155	767.56796	34.486276	26.30443	0.22575186	-0.010829018
1432	4.9721711	0.67015772	1.9833077	5159.2073	125.61552	117.16967	0.18510811	0.17071823
1433	2.9102923	-0.62130586	1.697998	2662.7922	52.771422	38.780215	0.056236857	0.10279659
1434	1.827616	0.8935919	2.2778731	569.81538	12.082378	10.948411	0.51906582	0.30780858
1435	3.6272844	-0.42959008	2.6281116	8135.0254	115.07722	82.119653	0.05594196	0.046641736
1436	1.7329899	-0.87362157	0.8543684	219.05034	1.4506759	1.3861453	0.12291935	0.041212712
1437	5.1102264	0.23851781	2.7163346	1317.3726	36.764448	22.414527	-0.028421352	-0.055680278
1438	0.47693679	0.32464532	0.47906857	1547.8896	26.782206	19.670442	0.10688172	0.081086876
1439	2.1612712	-0.19490237	0.36298571	6130.8069	61.335833	56.168972	0.018999155	0.29547465
1440	5.0527259	-0.5151523	1.7558835	2657.2193	85.25221	70.266808	0.26428403	0.023278773
1441	4.7376552	-0.93815277	2.1530628	2338.6619	71.144512	15.218137	0.22461923	0.33426845
1442	6.2206284	-1.3810058	1.2263881	1563.8383	40.092578	30.665132	0.052958383	0.33590875
1443	0.0073781513	-0.084672226	2.2386027	2543.1166	29.685966	29.607703	0.039442811	0.3755652
1444	2.257045	-0.64376505	0.90196689	1281.3016	44.075271	30.863347	0.10947279	0.048677548
1445	1.1905625	-0.12341677	0.86710039	3437.2299	57.60017	52.464289	0.071547993	0.35136302
1446	1.0342116	-1.0521014	0.86001264	2650.1675	43.829105	37.971638	0.085899142	0.065860947
1447	2.8104343	0.59325737	2.7521926	2757.7007	43.75209	34.974996	0.16312287	0.90516131
1448	4.3944039	-0.63164839	0.45863738	4182.3528	17.437564	15.602609	0.49680564	0.19182509
1449	4.38138	0.44762532	0.68327208	290.69755	8.0960376	1.7837409	0.020644343	0.10581614
1450	5.9455327	-1.0035823	2.7237754	1489.1259	12.09135	11.053465	0.24013026	-0.010410354
1451	5.3483157	0.021728665	2.5367324	442.74345	10.099522	4.6100891	0.52722099	0.15727656
1452	1.3248096	1.1978597	2.6201154	3952.0586	57.6885	38.832758	0.088801519	0.12675896
1453	5.9454565	0.61839618	0.32930476	3773.4327	57.208099	35.403449	0.10168368	0.25424794
1454	0.22685561	0.79164998	0.95394214	1988.5866	44.746743	28.698167	0.09208263	0.26308658
1455	4.699533	0.21685874	0.40013979	1898.1214	12.314674	6.4504306	-0.11105695	0.001802741
1456	2.671606	0.27892953	2.1058143	3907.9093	54.370375	51.898299	0.093532264	0.016740547
1457	4.1719753	0.80853432	0.99968758	4703.3403	44.165392	39.621557	0.024712869	0.0089892654
1458	4.5835571	0.95429432	2.0490614	3159.2359	45.752432	33.9121	0.26323508	0.38640594
1459	2.104411	1.2317206	1.5356856	230.74068	30.917317	9.2804009	0.040777448	0.038334587
1460	5.7959626	0.35650125	1.9712598	197.50822	2.0338099	1.7272905	0.029166662	0.087944217
1461	3.2885996	0.16396665	2.1086162	3586.0814	62.610732	50.00098	0.41209444	0.071702299
1462	0.44180828	0.9809045	0.25665605	4365.1353	54.753076	52.536347	0.07324181	0.054305118
1463	2.3139156	-0.42454032	2.4823763	358.41489	1.8509247	1.442803	0.061872772	-0.0063061957
1464	1.2739749	0.951561	0.79538862	236.76919	3.0417779	1.2876452	0.00027181363	-0.012507761
1465	5.1997278	-1.0281712	0.15307719	2432.4487	23.600492	11.986464	0.080887764	0.020099942
1466	2.7443823	-0.35033801	2.7549409	1247.9827	11.363998	10.183258	0.15028551	0.11926385
1467	4.3769754	-0.71049464	0.8192738	3074.191	64.798836	52.861927	0.074294014	0.12182703
1468	4.2954803	1.4231173	2.9031552	523.79175	6.6171606	2.0310071	0.090601879	0.11288869
1469	3.4440542	0.052817061	2.250305	880.40425	10.552736	10.245939	0.22175125	0.18715957
1470	2.5181801	-0.99740525	2.4382562	1998.5983	13.358127	10.896492	-0.010328898	0.006963473
1471	3.9915546	-0.81073692	2.0840065	675.79654	10.637139	2.9337715	0.028187726	0.1436725
1472	5.0172506	-0.50125922	0.65056248	2245.4928	14.383305	11.06535	0.08068857	0.24627123
1473	3.1299126	0.19523241	0.4108245	4598.188	53.741511	34.363982	0.013852889	0.0010026393
1474	5.0200071	-0.73069027	2.3464154	292.7911	10.008783	9.8633717	0.10633436	0.17329953
1475	6.2174784	0.68551425	0.077317561	793.10703	40.922926	2.115998	0.21606657	0.087854461
1476	0.97070391	-0.54748446	2.233513	2815.252	71.112711	53.755857	0.029223316	0.13465867
1477	5.6171896	0.25764322	0.44689568	5453.9274	57.189941	54.630675	0.25714042	0.11119482
1478	5.8643851	0.5496224	0.43650551	2138.5466	11.93805	11.497204	-0.016408668	0.22005397
1479	3.1363542	1.0888514	1.226912	1187.4508	18.642317	12.232891	0.25026457	-0.03568982
1480	4.354296	0.75887025	2.3342776	3441.7317	62.957616	57.344308	-0.0016274489	-0.0020373396
1481	2.918991	-0.47505024	2.7118274	3508.8236	56.273402	34.065893	0.1516884	-0.012077563
1482	2.5635935	0.48254585	0.70583263	4279.9454	60.976267	56.142234	0.71131932	0.45073227
1483	4.8869385	-0.68834401	1.9413817	1508.2805	49.169931	34.258807	0.0141683	-0.028377569
1484	2.8728019	0.63078619	0.2547484	1644.4096	11.333021	10.003448	0.27932314	0.18323868
1485	1.0212189	0.42876275	2.6727438	1537.93	45.245247	31.408994	0.0051881335	0.089215296
1486	6.0057286	0.29073928	0.33602673	10752.31	104.39072	84.138341	-0.12952706	-0.16078495
1487	6.1021241	-0.21436798	0.84310333	881.30733	9.473931	8.0726195	0.055446903	0.017656825
1488	3.2749986	0.78727067	0.23530947	4521.2772	47.049286	36.857996	-0.05558702	0.030146806
1489	1.6933043	-0.65798111	2.6794823	589.16109	9.3354884	8.836419	0.33688595	0.18703639
1490	3.3873802	0.52480535	0.16175586	889.17687	41.834493	2.1383703	0.097823134	0.19890944
1491	1.0607496	-0.28323619	1.8735307	2535.1913	50.538694	46.552025	0.013068519	0.1805321
1492	5.935824	-1.220242	0.80926614	828.43314	12.349634	10.343738	0.21247651	0.091761726
1493	4.5197371	1.4544074	3.0501999	895.69662	11.067454	10.997144	0.18967091	-0.007220921
1494	3.1493267	-1.1469565	0.70182055	2747.9419	63.916945	41.807355	0.015785933	0.0083700992
1495	2.5389794	0.44854753	0.59716842	3204.4234	22.38179	22.378307	0.24729591	0.33571101
1496	2.0710443	0.32155236	2.7395443	2621.0983	66.49765	55.808211	0.011316175	-0.0260863
1497	5.6218918	-0.72773425	0.30783918	1438.9905	12.086351	11.347307	0.033273802	0.35754107
1498	0.72449459	-1.1197404	2.4745977	373.56301	3.1358891	1.9514276	0.026217152	0.23426098
1499	5.8472804	-0.43392382	2.5873052	3453.9413	50.475923	46.133997	-0.30019754	-0.038868937
1500	5.2602957	0.73490198	0.75171835	1460.3736	12.922645	11.48974	0.012090768	0.1395772
1501	4.8453858	0.8303618	0.50073082	797.71989	36.147849	13.819864	0.27076806	0.006530816
1502	4.3716433	-0.076223065	0.12682134	1424.1646	32.214292	31.040238	0.054342331	0.033007179
1503	0.75940847	0.33491116	0.25147216	2355.6536	52.401131	48.108016	0.13198928	0.032972333
1504	1.5250986	-0.93637278	2.2370834	2446.5447	33.313272	32.323057	-0.00045261455	0.23506621
1505	6.0455641	0.27367184	2.4387865	981.46411	28.59768	11.63983	0.81135563	0.19297403
1506	0.19255137	-1.4224879	0.27555911	4012.3028	58.649594	41.856784	0.01850844	0.27576081
1507	4.1734229	-0.50700791	1.7979117	3039.296	50.961313	50.93419	0.083626008	0.076145908
1508	5.3027388	-0.2787989	0.8757807	946.13969	9.9128482	8.6858462	-0.00043763002	-0.2982547
1509	0.40716551	-1.3792364	0.24924396	7432.6054	106.60921	88.567854	0.037116357	0.17798323
1510	4.7077599	-0.81955829	2.0917197	888.7038	16.777394	14.635705	0.35719619	0.2299946
1511	5.6629328	0.64072866	0.49371719	8542.7212	54.971553	51.489709	0.053478462	0.02092539
1512	0.24562555	-0.75870689	2.2404519	1756.5672	44.719347	39.157389	-0.13361126	0.17735026
1513	5.1282777	-0.045035472	0.3008633	2236.0647	12.403966	11.905836	0.21120948	0.23387295
1514	1.2261992	1.0267119	2.1592648	3413.7571	64.891783	53.290406	0.067720624	0.10071031
1515	2.0814449	0.89922656	2.4805385	1424.9472	40.226517	29.638664	-0.0026320878	0.018646854
1516	2.5756474	0.4043758	0.77517794	4989.7128	127.85117	119.20033	-0.0039898645	0.04816068
1517	3.2937431	-0.87252027	1.3210494	870.91212	9.7329964	9.6735385	0.17870768	0.10540683
1518	2.5337988	0.073798304	2.3551187	4471.2895	59.922698	45.750127	0.036809656	0.086984216
1519	3.7348201	1.0422059	0.89939678	770.76753	23.933891	11.784497	0.029078092	-0.083216306
1520	4.4832099	0.39481226	2.1550699	1587.4066	49.312617	45.924591	0.033786509	0.36609747
1521	3.7515326	-0.084554662	1.9679162	1459.4729	54.533126	31.525146	0.030098913	0.099203042
1522	4.640323	0.93595492	2.5490959	3149.2823	57.277634	53.122899	0.47705919	0.24792892
1523	5.604978	0.4003862	2.3704318	657.92519	30.41793	18.537598	0.22490908	0.4560459
1524	0.71610985	-0.61718525	1.1910299	2314.221	67.311585	46.381289	0.22273154	0.090495901
1525	3.6558507	0.26305628	0.37145953	4670.8125	54.525363	52.158395	0.19070367	0.25149759
1526	3.3026903	-0.1150274	2.7128429	1201.803	34.74159	11.725297	0.0062054228	0.038120403
1527	0.64711435	-0.62483939	2.5311019	7557.1871	79.446509	68.10217	0.07782168	0.10975878
1528	0.90764398	0.10643579	2.0119016	370.70748	8.4511908	1.9338525	0.67447577	-0.0059926335
1529	1.6649402	-0.76112386	2.4657047	4702.6182	122.62373	66.230698	0.046568568	0.036677938
1530	5.6781295	-0.61783497	2.432043	124.2512	1.8309902	1.3336797	0.015420737	-0.0039550334
1531	3.5402067	0.51370123	2.0392866	2197.4271	46.940767	40.488747	0.32288805	0.086192481
1532	5.5235379	0.68289141	0.51236534	2636.3773	35.629814	23.85801	0.0012046058	-0.053356544
1533	1.3785686	0.46917996	1.1329124	2394.3499	12.754854	11.819588	0.18384456	0.06363355
1534	4.8656437	1.1978727	1.6535351	2786.7791	37.666276	32.962608	0.045640254	0.084927402
1535	2.6799977	0.91583666	2.8689696	608.63447	5.8498868	1.4152938	0.064329662	0.060937856
1536	2.0021601	-0.36141545	0.4002259	4127.2735	53.221684	48.738349	0.018999155	0.29547465
1537	1.1479004	0.20274052	0.46611601	951.42937	11.144697	10.008379	0.00057017259	-0.015152117
1538	6.2686808	0.45801242	0.25447868	2491.4006	37.229709	27.460898	-0.15995701	0.0052588741
1539	0.96858705	1.1292986	2.1517877	956.82605	12.244683	10.230146	0.21459177	0.047055145
1540	6.0612788	0.13597222	0.98094539	1831.9713	34.422355	30.278168	0.20877509	0.022280836
1541	1.7363422	-0.20557837	0.42617212	2604.1085	26.216336	9.524576	-0.065137943	0.26713172
1542	4.0865299	-0.18593273	2.3730825	564.42817	9.9737391	9.8133221	0.023418955	0.034125634
1543	5.1602379	1.1772185	0.72028864	4524.5219	50.059171	44.831376	0.013617651	0.03202186
1544	2.4343239	0.26384375	0.54650677	3827.4384	61.586873	53.420989	0.31641681	0.49301842
1545	3.7167275	-0.73144649	1.5504452	2835.0537	52.295704	49.761655	0.12972745	-0.039022894
1546	1.2880272	1.0456438	2.8626611	415.53547	2.7247736	2.3445734	0.051864564	0.0091554506
1547	4.296858	1.0455879	1.3084733	689.72922	27.643201	12.875571	0.18361542	0.65607521
1548	0.83693011	-0.18706057	0.89859933	2666.2959	36.068485	31.599298	-0.078120074	0.13112389
1549	0.80155663	0.32221199	1.740208	1382.5038	33.769598	30.83253	0.020356923	-0.0038252161
1550	3.557105	-0.84367072	2.5001795	4796.8045	58.797159	45.486501	0.094848501	0.32492598
1551	0.3603589	0.23690539	2.2797495	104.75877	9.6231523	8.5164986	-0.05669009	0.0026313479
1552	2.3540264	0.82760429	0.87724798	3077.5095	23.915596	21.469733	0.018675782	0.45856076
1553	0.94823927	0.20685414	0.56761808	813.96703	39.158988	23.512168	0.040834052	0.049226741
1554	2.1412105	0.22095725	1.5589226	618.7426	38.105763	35.227571	0.17404393	0.32514929
1555	4.5585745	0.072845463	0.54674102	314.53673	1.6458668	1.2547368	0.06896111	-9.0970804e-05
1556	3.856746	0.0048570627	0.51210504	2864.5175	27.441949	25.101326	0.030736414	-0.0028922557
1557	4.0847544	-0.47892508	1.0038435	6974.0511	60.592976	48.657748	-0.10736076	0.016986918
1558	4.226712	-0.10512352	0.89222305	262.75513	10.014786	4.0118113	0.19346287	0.010531692
1559	0.57414379	-1.1922487	0.83588369	1128.8063	16.864888	8.5511785	0.18222913	0.14671952
1560	2.453288	1.2727209	0.87570543	2653.2507	58.315429	34.086291	0.0017051003	0.036953384
1561	5.33507	1.1063488	2.8699891	1546.6385	30.623758	11.606815	-0.053470455	0.052906986
1562	0.0034038988	0.71178088	1.719626	139.96111	2.0042978	1.4097524	0.031565661	0.06745674
1563	2.63181	0.86710381	2.5220013	2093.6912	12.594351	10.391	0.0056109265	0.22637079
1564	5.3336145	-0.64246078	0.95247871	304.22763	9.4473692	1.5457514	0.095009144	0.058292932
1565	2.7992985	-0.004951287	0.47046721	1620.9054	31.539121	14.004862	0.051101966	-0.028901874
1566	3.9557141	-0.17797824	0.97287364	1125.8478	18.622854	11.986238	-0.031267306	-0.13803636
1567	0.0251977	-0.85344091	2.3070993	234.59201	7.590423	2.4341156	-0.0011328404	-0.0014107523
1568	2.2572397	0.15474541	2.4540244	788.96074	47.127458	39.480805	0.025222857	0.086359133
1569	2.0191771	0.71022041	1.4088096	886.23655	20.884219	11.438383	0.060383823	-0.14560795
1570	5.0144752	-0.25324965	2.6434225	2127.0121	100.73712	49.562603	0.27444299	-0.010289999
1571	2.1462051	-0.10439627	0.47260817	11169.576	92.185929	74.490956	0.013424492	0.18659717
1572	1.1566611	0.24284613	2.5519321	1224.4817	11.138876	10.059413	-0.046188477	-0.23263781
1573	5.4790318	1.174395	0.71548161	2717.1759	45.438366	42.419336	-0.0076548214	-0.027208179
1574	1.7200887	0.42122924	2.6445701	1239.1058	40.845255	38.510926	0.29039769	0.20270522
1575	1.6202948	-0.24856558	2.3966952	1238.8405	11.600312	11.022063	-0.046535215	-0.0016212039
1576	0.72932518	0.76853439	2.5919435	1304.7086	50.044585	45.582605	-0.0016274489	-0.0020373396
1577	2.5548169	-0.1540531	2.7429237	2604.0363	41.787129	20.730344	0.17090031	0.17219527
1578	4.6562997	0.74425813	2.7654649	3124.0762	38.007972	26.404834	0.31672306	0.019396
1579	0.78566472	0.75537294	1.8601587	1425.1541	92.439582	37.025077	0.083365213	0.23843249
1580	4.6831185	0.26015747	2.5109962	915.09337	18.285351	1.5068716	0.10875806	0.050696833
1581	1.9453998	0.94628319	2.7739849	2974.9603	37.233674	19.762348	0.086577155	-0.0048595391
1582	5.9723356	1.3147616	2.6114605	1579.083	61.869656	11.005217	-0.074757091	0.071903853
1583	1.5770156	1.30005	2.4837173	3015.1616	31.371017	29.053281	0.021273508	0.13783914
1584	4.1386094	-0.064657974	2.3812182	473.59931	10.628139	8.8543265	0.04256274	0.069437419
1585	4.4308819	-0.0003289239	2.0429223	2084.2487	50.48676	40.916667	0.026983726	0.36170181
1586	2.110974	-0.3606824	0.65702184	589.10434	25.911579	21.191234	0.14677333	0.034534562
1587	4.6213889	0.55833951	1.8399395	660.66024	10.831452	8.8924945	0.42917436	-0.0067393469
1588	3.0539675	-1.2644571	2.7019156	1266.3737	11.332991	11.221208	0.28863037	0.385822
1589	1.784909	0.9504566	2.5259221	7198.041	71.354348	67.019981	-0.050088402	-0.51693084
1590	2.2887677	-0.39961209	0.63076618	808.9839	11.522436	3.3976453	0.13871602	0.067901955
1591	3.4999306	-0.58717061	2.4863021	619.57715	9.430244	8.3823762	0.0020013928	0.10236394
1592	5.5798781	-0.13105574	2.3108263	1913.6064	25.189449	21.413418	0.21760088	0.061404132
1593	2.0788976	-0.2318644	0.98781035	558.93386	31.746418	9.8267637	0.0058680606	0.12550303
1594	2.9128493	0.15843033	2.1638162	914.25518	13.337642	12.655446	0.46183773	-0.058260154
1595	0.26561823	-0.73231657	2.1918205	3857.4907	31.985309	21.733897	0.29035235	0.046192771
1596	0.85859765	-0.52381123	1.1041921	3588.125	34.932527	31.428567	-0.022749692	0.50272548
1597	5.5979697	1.0217599	0.64487006	930.42816	25.718084	1.7681974	-0.07212191	0.10646999
1598	0.87463985	0.63627392	2.3738677	6008.4867	160.7136	143.74514	0.16570996	0.10341441
1599	4.971347	0.07627745	2.225522	832.20418	21.147525	2.4225748	0.10235989	-0.0013177413
1600	5.0678639	-0.03970244	0.22885922	3063.344	16.630852	12.558965	0.05008716	0.23245195
1601	1.0923481	1.1909274	2.5863447	1126.4058	20.554296	13.273399	0.10405398	0.17066095
1602	1.9674458	-0.62321734	2.8099733	1479.7713	36.643172	21.513055	0.0065493226	0.068891246
1603	1.999405	-1.1511067	0.67521684	1060.6794	33.056899	14.131418	0.42919776	0.034770062
1604	2.4685127	0.26566159	2.3472772	1752.0145	11.957618	11.012362	0.057418901	0.036342453
1605	4.6149721	-0.75703098	0.95369968	2610.3355	34.35266	20.005988	0.40943003	0.039368601
1606	2.8659527	0.40139597	0.90275369	1297.4867	62.725241	44.771734	0.67256624	0.13718064
1607	3.3453742	1.115436	0.52989127	3703.7804	56.695482	53.118954	-0.01969974	0.0081399244
1608	3.7104841	-0.74691902	1.9614005	1751.9195	48.691472	45.238163	0.14975207	0.020653106
1609	4.0405187	-0.81415582	0.58930465	2139.3281	41.972408	31.291484	0.10086376	0.026909301
1610	0.71140751	0.47948758	0.94806429	2342.2705	54.159031	53.060843	-0.1506517	0.051228755
1611	5.0979256	0.68267848	0.50936063	289.7002	2.3288092	2.0637233	-0.023014828	0.01710972
1612	4.9914301	0.50666639	0.2167517	450.62009	9.6086233	1.7664822	0.40715069	0.10577297
1613	5.0905493	-0.048504577	2.6274032	995.19541	29.892286	12.229072	0.39235066	0.091559593
1614	5.3209361	0.3329362	2.5266651	781.04492	20.375809	10.703484	0.10538234	0.30796877
1615	0.75646003	-0.18108077	0.58820573	3183.757	40.580902	36.101604	0.00037549868	0.037967784
1616	1.6391883	-0.01158	2.3856433	1520.8999	12.214312	10.668572	0.0017476136	0.57392581
1617	4.3147734	-0.6079582	0.7075216	5989.7179	68.836134	45.782242	0.01919164	-0.026600822
1618	4.1110091	0.28205368	2.984701	710.59165	9.2234547	8.7480383	0.020818008	0.11419094
1619	1.5746409	-0.29066533	1.0462491	3329.742	60.132601	48.94585	0.075496095	0.50658109
1620	6.1957621	-0.36117238	2.699282	1275.1212	30.767743	20.853961	0.03111021	0.14069951
1621	3.2442824	0.62823449	2.384419	3566.7157	39.324228	22.772022	0.17384894	0.30411275
1622	1.4720627	0.74758208	2.2901474	2966.0739	33.167489	28.114529	0.10562737	0.0019574199
1623	2.4184502	-0.58164538	2.2909878	8366.4656	80.204282	77.216571	0.16631221	0.1292418
1624	2.3379817	0.54358066	0.66119746	4236.8027	66.136765	57.126197	1.7787282e-05	0.11043549
1625	4.3725423	0.60322899	0.17555773	2119.0196	50.686125	36.965058	0.35269724	0.054623869
1626	0.39208027	0.74433524	0.26674992	9908.6977	79.902087	63.520219	0.028142792	0.054105884
1627	2.4758747	0.64088617	1.809926	891.8476	39.44797	30.893617	0.0070276551	-0.033374059
1628	4.6069029	-0.25667519	2.3516191	219.9308	1.8085408	1.5498588	0.12591186	0.027760525
1629	3.341039	-1.2039693	2.0229882	657.23027	11.971335	11.096296	-0.336654	-0.014878988
1630	2.0539093	0.23559468	2.8495591	1848.1885	11.845692	8.504848	0.44142454	0.096862413
1631	3.7984844	0.42554266	0.54606928	2404.0174	25.843195	22.874845	0.038589512	-0.079600531
1632	2.3884722	-1.0943526	2.5981973	1602.3748	74.239571	45.685012	0.043276472	-0.023202483
1633	2.1330073	0.57271288	2.1834679	2524.052	55.862298	55.225095	0.0056444583	0.11868627
1634	6.1960071	0.53456856	1.9357656	1603.4057	51.345122	38.967166	-0.050777532	0.1919045
1635	0.47642039	0.9049001	3.0942017	4255.7428	61.773765	60.581249	0.14617777	0.034238422
1636	5.3983344	-0.34459491	2.5270572	3920.9771	71.447385	39.278868	-0.16368151	-0.11457555
1637	4.2575262	0.015663086	2.8870224	1297.4668	37.093788	33.21934	0.020039626	0.027738803
1638	1.8256164	-0.90297359	2.5199639	6728.7878	52.976349	39.829177	0.037024327	-0.017641088
1639	4.5308407	-0.82721229	0.37396833	1436.1884	14.778111	13.76748	0.10719192	0.0050993708
1640	6.2336257	-1.4305746	2.4800218	1538.9891	11.344983	10.619258	0.70253946	0.2134949
1641	1.4520547	-0.56903855	1.3355049	2042.1004	39.451517	35.803865	0.15024875	0.080078041
1642	0.6795858	-0.051769169	1.9525122	388.23515	28.748543	2.21987	0.060221017	0.0041473061
1643	0.91587278	1.1900099	1.3031171	947.80594	30.636957	11.75339	0.38498469	0.1447698
1644	5.0215179	0.026251985	1.3067582	727.28785	19.920329	17.956665	0.1212634	0.31658583
1645	6.1881527	-0.87716787	0.42959129	2259.3247	76.226441	38.354214	0.0071086876	0.0016163539
1646	4.1782269	0.12311328	2.7027389	3637.5362	58.22365	55.89637	0.038520772	0.026771877
1647	4.2254465	0.11751889	0.52307895	517.20061	24.790009	11.029438	0.16168183	0.24544503
1648	2.7638794	-0.56909821	0.18204619	3279.2949	20.410449	12.993215	0.48730157	0.021960364
1649	2.0872232	0.071357949	2.8794485	365.34188	1.9300196	1.4430463	0.21425869	0.012699235
1650	1.0227336	0.54472869	0.75859876	2384.8408	29.284943	19.071073	-0.11619883	0.20601407
1651	1.1213028	-0.87968434	2.7309938	416.70229	9.9434948	9.2758012	-0.25906825	-0.00044177102
1652	5.335763	1.3275336	2.4607207	1162.5123	39.853328	36.234465	0.1199905	-0.025044651
1653	1.3450398	0.51972594	1.9919417	2160.7418	100.50435	19.612413	0.042254959	0.32465783
1654	4.0337608	0.29137037	2.0690076	1682.3639	34.963211	13.971306	0.16459512	0.027615969
1655	4.050861	0.72179103	1.9267422	1397.3477	53.085962	34.383556	0.17083328	0.086600356
1656	2.6880681	-1.0123474	2.9548719	3976.8204	52.801431	40.099028	0.34232107	0.0023744524
1657	1.2582096	-0.39606337	0.81357763	1624.835	13.350524	12.602904	0.01868524	0.20488017
1658	1.8154906	0.43331262	2.2315227	3033.0921	46.977079	46.587817	0.0017920298	0.00073707607
1659	3.5204108	0.71205524	2.5747606	5669.757	45.327221	42.38082	0.41395999	-0.030386459
1660	2.9334277	0.38668294	0.099739749	4981.0911	37.006032	27.073649	0.04806598	0.39627325
1661	3.8930946	1.0587712	1.0709939	1094.3252	31.963114	20.337242	0.11693432	0.60876027
1662	6.1495755	-1.1547325	2.0261023	321.23409	20.236964	1.3539061	0.32194671	-0.029594216
1663	2.269867	-0.97365929	2.2614808	2204.0808	54.884192	43.363663	0.078487754	0.2418876
1664	2.2109131	0.12253653	0.31323376	4392.419	59.570968	46.982764	0.28087183	0.14839405
1665	3.9801213	-0.99151438	2.1973362	222.76426	3.3353155	2.8754746	0.22996156	0.14925377
1666	1.6664711	-0.067513126	0.58847776	2156.1614	24.785301	23.914409	0.20023249	0.028609884
1667	2.131356	-0.47229601	2.5101193	1190.6833	12.948771	10.559852	0.6327322	0.011564371
1668	5.0458988	1.2171362	0.83620963	1475.8964	43.790711	23.541509	-0.15366894	-0.28174289
1669	2.4119753	0.10325308	0.24637471	8027.6131	74.316804	68.932617	0.21839955	0.27960205
1670	2.8740749	0.30616973	0.50592681	1108.4087	10.984019	10.469466	0.25626683	0.12790657
1671	1.1663444	-0.17268877	0.17786558	1244.3473	11.840432	11.613743	0.16617568	0.15160917
1672	5.016824	-0.67622541	2.5320202	4393.2807	31.989452	25.799505	0.052395213	-0.07837934
1673	6.2011318	0.16072968	0.16728867	8090.1061	80.533483	62.177848	0.013506657	0.016912135
1674	5.4114461	-1.0524192	0.39164774	1450.1834	46.272984	37.699054	0.036585303	0.1587195
1675	3.13083	-0.019590453	0.6770777	1837.572	57.758652	43.259553	-0.036038878	-0.024695089
1676	0.52567585	1.3180651	0.81479986	9224.7702	86.415818	74.957832	0.31641681	0.49301842
1677	0.14310433	0.27680258	2.4783013	1164.6807	12.371303	4.2872614	0.003056751	0.086523481
1678	4.2711684	-0.41488755	2.0320292	845.89475	10.429209	7.8179072	0.26153242	0.082838866
1679	5.9641257	0.25676362	2.2361463	419.06234	8.2650862	1.8476259	0.054972545	0.10569848
1680	0.30710396	-0.79716181	0.78270698	557.61782	27.787072	27.566366	-0.05058363	0.14995678
1681	5.9984088	0.21721372	1.7879666	657.58541	10.536605	9.5267139	0.014457006	-0.0091664793
1682	1.3015525	0.28072338	2.4221782	3074.5646	61.320975	48.683815	0.077727571	-0.61359673
1683	4.5779621	0.37249783	0.18402603	2175.5587	112.55695	79.396416	0.22280955	0.0027403336
1684	6.0393427	-0.5612013	0.41422339	3501.2333	51.395154	39.488804	0.25134805	0.13516162
1685	6.0483553	0.46803034	2.8553769	829.71966	10.739547	10.732963	0.19380961	0.040879982
1686	1.3164101	-0.0644138	2.655085	911.77595	11.541199	9.2787469	0.17896288	0.047641637
1687	5.8873758	0.76013408	1.1296629	275.42287	8.8488209	7.542481	0.0051449806	0.40014621
1688	0.64881806	0.78418061	2.5583712	1512.5171	10.154784	6.6209321	0.14712937	0.21699913
1689	3.0415866	0.97230674	0.86008948	3941.862	52.276833	50.47297	0.02540361	0.1465562
1690	4.6668107	-0.71238974	0.10418543	9427.0694	96.340691	76.614624	0.024273732	0.63656554
1691	3.7034661	-0.77408526	0.093934334	2806.7847	20.882204	16.01374	-0.0021223696	0.35941153
1692	0.39731516	0.32092738	1.353421	475.22871	35.496179	26.207766	0.0040270728	0.013217017
1693	1.6428832	1.0394928	2.8073845	2123.8977	47.58319	46.309982	0.14443308	-0.086547451
1694	5.0432116	0.97666784	2.581632	7792.9213	73.002881	53.699893	0.18442439	-0.0025797237
1695	0.11159166	1.0737754	0.85038233	637.67917	13.32987	4.6732965	0.086655714	0.17530614
1696	5.932695	0.78318166	2.5051053	2403.4546	45.225869	29.01882	0.010890974	0.0072652472
1697	5.3287125	0.030772016	2.0464061	1368.7731	89.05699	46.222335	-0.11473868	0.040139717
1698	4.7559345	0.093280147	0.098542035	1005.5813	11.199761	4.6464199	0.13473989	-0.0041514362
1699	6.2313178	0.15031146	2.6068741	724.17683	10.412634	9.692369	0.04519813	0.62372818
1700	6.0719671	0.95990034	1.6193403	137.92105	9.9524312	1.903591	0.13016024	0.032599652
1701	2.1648219	0.36291189	2.7454664	3152.0292	41.905748	36.873873	0.12776992	0.24537007
1702	0.17591717	-0.40811762	1.9469697	326.98774	1.4232315	1.3085481	-0.031622006	0.02421522
1703	3.1523261	0.33925665	1.9890369	484.21708	10.038355	9.6998184	0.26253328	-0.1601957
1704	0.67612308	0.10637042	2.3852451	1932.8709	47.826509	12.273871	0.031304277	0.041136709
1705	1.7608556	-1.0385201	0.66597179	3567.6676	57.542318	55.978703	0.018522597	0.055785871
1706	5.1128392	0.67315405	0.55644335	5315.1978	131.69151	64.213795	0.037371493	0.02688226
1707	5.5098806	1.2953886	0.56342772	1069.2552	41.378463	31.006229	0.20022355	0.30081023
1708	5.1720704	0.75096801	2.0027078	874.05041	28.12062	25.07472	0.015182275	0.30493043
1709	5.8854681	0.4955303	2.3428088	2845.4611	55.037392	39.108691	-0.00011891043	0.35732372
1710	2.703103	-0.24356036	0.56361073	4800.9895	60.371345	59.89961	0.023266182	0.048409744
1711	5.2462471	0.0018925037	2.8880921	2858.7282	53.840082	39.656104	-0.036026876	-0.45560127
1712	2.6891428	-0.62387477	2.1944014	4938.9801	65.450288	53.612881	0.023911311	0.063780635
1713	3.4525099	0.70856383	0.9971093	898.43431	38.846721	33.791183	0.18212479	0.083716433
1714	1.3411298	0.19092511	1.9445994	447.36518	38.468141	28.371568	0.013430537	0.1634284
1715	4.8777859	0.72487877	0.63878696	1228.7287	24.696994	10.93958	0.050422686	0.0066144204
1716	3.1471043	0.58880174	1.6769339	252.2026	16.65816	10.229009	-0.06413063	0.12683892
1717	4.1631349	0.027549602	0.42736671	1738.4145	40.01894	37.68657	0.0095637524	0.14380853
1718	3.7144206	1.0776488	2.4782514	4838.1491	83.361963	69.072984	0.022970514	0.052731002
1719	2.6542743	1.3312131	2.3705891	1695.3296	27.928518	12.168712	0.11430988	-0.020881402
1720	5.3437527	0.60272824	2.4519283	1955.8033	13.940646	13.16531	0.081793138	0.0066620385
1721	4.9844811	0.063765954	0.47845582	7166.4348	125.79317	59.767319	0.36659963	0.1706393
1722	4.352725	-0.20932182	2.475205	421.05481	9.8274376	9.6921347	0.045055504	0.075512254
1723	1.2443698	0.10124449	1.1155995	709.00956	41.122952	36.234024	0.24043232	0.10755659
1724	2.184137	-0.88426419	0.55828039	2309.4832	42.840251	40.337225	0.15088127	0.013742434
1725	2.6256301	0.96105232	0.38111325	2034.99	12.358231	11.774348	0.020975913	0.0042600807
1726	5.3791621	-0.54833282	2.3709136	4004.7219	55.032901	20.013916	0.21193055	0.099071254
1727	2.0724386	-0.85607049	2.1426584	924.81898	11.559085	2.2662628	0.15775224	0.018778541
1728	1.1175186	-1.1111254	2.4676614	1674.7749	41.558831	32.397052	-0.030676555	-0.038739717
1729	0.83245585	0.32870027	2.5219435	3236.721	51.138258	44.754169	0.00069647911	0.74691848
1730	1.4064912	-0.70876056	1.1918454	794.22432	11.126173	10.793078	0.22973283	0.13192005
1731	1.4694366	-0.010787668	2.4482814	1521.0677	44.878659	40.465158	0.02707185	0.12479352
1732	0.41483577	1.0050277	1.590745	1215.2307	85.469204	16.022618	-0.0076104702	0.036213071
1733	5.6733491	0.54824203	0.92828996	527.21441	11.40754	2.0637015	-0.046130102	0.17456754
1734	0.73217299	-0.58042134	2.7849711	1658.0928	66.13332	31.348013	0.22893473	0.1242806
1735	1.9076286	-0.0074163921	0.83628885	340.02298	9.8966116	1.4313439	0.34237602	-0.0015887331
1736	2.1716302	-0.34022488	3.0920399	1117.5301	11.399647	10.059578	0.39180878	0.1156282
1737	5.9052147	-0.4482684	0.93893113	1336.9178	64.411649	43.809754	0.16204704	0.13270405
1738	1.2004078	-0.41006082	2.3194745	1724.9252	56.120016	14.091862	0.049727042	0.017897525
1739	5.3781555	-0.055042895	0.5626551	6017.0413	70.337689	68.813611	0.46304219	-0.02751922
1740	5.4516978	-1.3275621	0.79256364	936.44849	27.498139	10.977376	0.061555929	-0.27508686
1741	3.4853991	-0.68051277	0.71955793	1788.0079	29.911468	27.279347	0.045721865	0.34894761
1742	0.12277808	1.1522171	2.2824307	349.86443	2.375143	2.0474224	0.34298726	0.12223054
1743	0.36340185	0.81014886	0.30138743	3221.3531	99.563303	66.817845	0.095012715	0.10850267
1744	0.10201883	1.326065	2.771185	2905.0537	22.669598	15.547559	0.084122799	0.094813506
1745	1.2394249	0.58389925	2.4009296	1134.1779	39.199432	5.6494327	0.12046837	0.07622321
1746	3.9961841	-0.83002474	1.6856568	475.6521	11.350473	8.5391693	0.051424862	0.24210822
1747	2.7962561	-0.23444164	2.1026753	3791.2358	79.786372	48.076328	0.010215312	0.10345925
1748	0.41022857	0.86563125	1.1456593	2916.8569	47.379704	45.708369	0.068059483	0.26928047
1749	5.1468147	-1.139756	0.76739559	1971.8467	34.62043	29.94508	0.27120526	0.53402008
1750	6.2393919	0.045050619	2.9341385	1505.0544	15.794129	15.308757	-0.0032571424	0.19816108
1751	5.0431174	0.53651719	0.072542264	6130.9267	74.369294	55.335349	-0.11093192	0.079488833
1752	2.7498552	-0.56462745	0.94354153	3588.9882	48.930399	44.807666	-0.021086459	-0.19551014
1753	3.5940285	0.79539683	1.6814787	313.69534	9.1633294	3.1404805	-0.0045722505	0.10193486
1754	2.2269323	-1.0782219	2.4846603	5552.1669	64.045989	41.655375	0.60111828	0.010237549
1755	3.3067192	-0.74279307	2.7847321	1149.9238	31.257601	30.292874	0.12738428	-0.073162511
1756	5.1885565	-0.18635912	0.68735754	2791.2353	46.780915	45.447694	0.34158876	0.068930035
1757	0.45874339	0.23080225	0.62883918	1960.8626	14.680209	9.0381121	0.31566509	0.11566689
1758	3.0908282	-0.11216039	2.7941443	6319.2244	110.90672	55.001484	0.11706853	-0.025855321
1759	4.1557386	-0.86617623	2.2876541	1220.7808	11.583794	10.764321	0.036511292	0.09390665
1760	4.0845772	-0.5883836	2.5467009	2009.6329	11.997364	11.862669	0.16299775	0.62034192
1761	5.399007	-0.46793287	2.7168822	1240.2905	49.0449	17.897492	0.27773021	0.22618491
1762	5.6654043	0.90631794	1.6772205	2041.437	29.268307	28.132586	0.022264768	0.088468821
1763	5.7848771	0.32373763	2.585375	739.8618	22.266529	11.118649	-0.1311337	0.24550932
1764	6.2375203	-0.025876974	1.6864491	1617.9428	37.767363	36.749692	0.35045614	0.063360552
1765	2.5508143	1.274558	2.6787724	4097.8419	41.582636	38.07971	-0.19932849	-0.25651171
1766	4.6757012	-0.49859444	0.99097941	7790.549	90.715961	80.93838	0.41865652	0.21103227
1767	2.8890181	1.4659431	1.0789954	1289.0431	43.880251	39.663815	0.097512574	-0.058416226
1768	4.4413226	1.1198174	0.38018327	3492.0177	36.868384	34.289844	0.080389785	0.0014837596
1769	5.3986676	-0.37957607	2.8830283	256.66002	8.1390742	1.609296	-0.027604888	0.15118828
1770	2.0744122	0.20545949	1.8886615	686.03956	21.756089	17.291582	0.1253137	0.14718798
1771	3.2840247	0.40591116	0.79555527	1707.2192	33.387058	32.170263	0.054342331	0.033007179
1772	2.7268133	0.69942794	2.3596605	3275.9472	47.143058	30.234461	0.52231543	0.032909343
1773	6.0894067	-0.57253996	2.0929443	115.4166	1.4024693	1.2113404	0.076158316	0.10986231
1774	1.3837906	-0.81107298	0.55725633	790.02235	19.090619	15.871552	0.075613882	-0.1218967
1775	1.5089599	0.73752868	0.17954171	2465.0813	12.967707	12.414406	0.032882999	0.15756912
1776	2.2587889	0.24794612	2.5542281	1413.9925	11.490837	10.865246	0.088383982	0.1754467
1777	5.618555	0.61664613	0.54588764	516.86081	9.4851665	2.9293368	0.020824208	0.330904
1778	0.2326462	-0.75165198	1.7608205	1474.973	89.396657	30.73041	-0.045750015	0.14878213
1779	1.9287707	-0.52028965	2.101171	4093.7371	69.152294	55.510331	0.10914512	-0.03071267
1780	5.2875358	0.091639686	2.6791434	328.02902	1.9993558	1.4684855	-0.016778976	0.03964273
1781	6.0667826	0.72618325	2.2524332	1654.8186	10.952992	9.9734363	0.22842822	0.46142157
1782	4.7762706	-0.011849868	0.3866969	2104.6643	14.872041	11.533574	-0.01685792	0.0073061103
1783	5.2443203	1.0905255	2.8561994	2635.4372	39.39502	14.2487	0.24100787	0.0018922031
1784	5.9953196	1.1477781	1.8667036	308.77577	9.2667418	2.3748829	0.52310051	0.034092394
1785	2.5285362	1.116056	0.77214608	1476.0773	22.398568	19.203731	0.083596347	0.59417842
1786	4.7658221	0.90961017	0.86144146	227.62737	20.651376	4.7925031	0.22367225	0.42503584
1787	4.8128057	-1.0803473	2.6171926	2037.1488	48.227052	33.440994	0.30718197	0.26528638
1788	5.3581076	-0.19961658	1.5737431	644.38595	9.1381231	9.044544	0.084034938	0.059066883
1789	2.5221868	1.0558466	0.94665279	455.70839	2.3788085	1.2792891	0.14636315	0.042894529
1790	3.2630706	0.53286011	2.0315102	303.58583	11.697878	10.175397	0.23431759	0.12988575
1791	2.3058891	0.054461945	0.43468518	3425.3568	50.349498	46.018447	-0.30019754	-0.038868937
1792	1.4518982	0.71454263	2.3525424	1342.3531	11.738496	8.3517561	0.54946956	-0.075239342
1793	1.0405162	-0.90319018	2.387109	3813.2215	61.993707	45.933402	0.0094394483	0.17056806
1794	4.628964	-0.32538728	0.59439424	3133.3309	54.212813	41.628362	-0.10125525	-0.18529524
1795	2.6050976	0.17333901	0.89504147	3578.6138	46.104244	42.677619	0.1134133	0.13273129
1796	5.4984121	-0.76745712	2.171611	4407.7427	61.265286	45.125513	0.89647128	0.07638234
1797	6.1005144	-0.84514363	0.48313919	1722.001	43.266287	31.829581	0.35475734	0.3428062
1798	6.1378655	-0.66689946	0.90147045	577.76974	11.112828	1.6217506	0.057566875	0.30663312
1799	0.77181414	0.39771569	1.0322781	1944.4722	38.313486	35.369882	0.36628221	0.093118549
1800	5.159466	0.27130944	0.82320726	4147.38	44.291491	30.082393	0.0099303935	0.3259791
1801	3.5233535	-0.34072058	0.45712945	4985.5437	68.880181	66.07496	0.068726828	0.11090742
1802	2.592041	-0.70911945	2.5475568	1544.7696	55.242094	50.012864	-0.034806789	-0.014970811
1803	1.7061291	0.16231165	0.8685675	523.97103	9.4102985	8.6486384	0.13965445	0.14725099
1804	1.3637744	-0.39944072	0.29070263	707.89487	10.671668	10.005547	0.1717985	0.37339818
1805	3.1259537	-0.72964632	2.4426045	470.11827	10.402438	10.34312	-0.065651199	0.019416146
1806	5.8072631	1.184781	2.3588864	2521.8092	46.81102	45.860435	0.22822987	0.1682964
1807	2.3879956	0.61326999	0.89160004	1197.0842	12.692123	10.212301	-0.012047064	0.024122978
1808	2.4435086	0.56302952	1.1362373	154.50506	1.7294039	1.3953786	0.063983358	0.26837389
1809	6.0498267	1.3456235	2.4643277	5090.6376	66.027987	62.179745	0.047219621	0.2844489
1810	3.6890504	-0.11550531	2.4177786	1598.4765	14.882186	12.524463	0.1603331	-0.02969579
1811	3.9204262	-0.40566964	2.681874	3444.6683	57.213242	33.892251	0.24936269	0.26172488
1812	4.5142131	0.25875132	2.4404576	4195.065	41.298972	40.611331	0.26557247	0.10624225
1813	0.40735556	0.66337641	2.6093059	3613.9479	56.643215	44.472764	0.11720248	-0.044656056
1814	1.0669265	0.69035357	0.97502528	1324.1822	14.914962	11.054927	0.28170169	0.13594408
1815	2.9579533	0.35194236	2.0654778	1440.6548	46.71157	38.695603	0.11808448	-0.03601787
1816	3.6245977	0.90728988	2.4835798	1062.6207	43.563089	39.535232	-0.024326447	0.13405832
1817	4.5754328	-0.0031597928	1.8469245	742.3667	10.903789	9.9732131	0.10238733	0.038466459
1818	1.8325832	1.1408107	1.5128762	428.37104	10.598766	6.5294474	0.097316712	-0.31649514
1819	3.7041731	-0.27567622	2.8253319	2025.7256	13.976995	10.124755	0.083143093	0.073152352
1820	5.6668552	-0.090546085	2.4039732	310.39461	1.3765241	1.3320775	0.052413038	0.0034619538
1821	1.3123001	1.1222333	0.64388916	1282.6011	45.700633	26.077755	0.055697478	-0.10296731
1822	1.1661584	-1.0419099	2.4539218	2868.8015	21.387445	21.232531	0.40825984	0.061274481
1823	3.1494119	-0.82152585	2.7680128	1418.5336	14.581163	13.819825	0.11498727	0.25555072
1824	5.8843541	1.0842321	1.0694138	1512.6614	37.995598	32.303134	-0.28703208	-0.010971555
1825	5.5937217	1.1071054	2.1705523	4164.0073	142.33265	133.1448	0.0082578607	0.045098949
1826	4.8820156	0.19135383	2.5248922	2217.5373	100.01147	28.598959	0.13375183	0.030269042
1827	2.0526118	0.18160532	0.9836797	3634.3678	71.769348	44.716547	-0.030711545	0.085757853
1828	3.5788474	-0.90120879	0.47498388	1232.5702	12.637822	10.589132	0.013993633	0.28849398
1829	0.80982434	0.12011835	0.49566862	398.03521	8.4562395	8.2679333	0.091092207	0.079610084
1830	2.4960165	0.79136232	2.0896927	1024.2598	37.02776	28.501818	0.44835981	0.17687288
1831	1.9153576	0.96493081	2.8009115	9657.5183	89.688555	62.03477	0.035797811	0.040653094
1832	2.9435171	-0.44717413	2.781547	1168.7546	10.505779	9.9260151	0.015717356	0.39577339
1833	4.4871582	-0.87112911	0.5709266	422.46803	23.973427	3.8689308	0.26668642	0.068635225
1834	2.435001	0.061535911	0.31674158	1385.2475	42.667372	42.314005	0.057621294	0.30582762
1835	4.1621538	0.59041995	0.56475627	621.90569	40.622859	31.891833	0.33062799	0.085659474
1836	4.6558113	-1.2092029	1.0179439	739.6479	20.304914	8.5639556	0.23893337	0.33347688
1837	2.2070197	0.94209154	2.6447224	3436.8016	56.534155	35.252376	0.053718683	0.017320306
1838	3.7121158	0.33558052	2.1597985	1857.1705	46.404148	26.103554	0.2686536	-0.004960605
1839	3.2777717	0.47732369	1.8783347	145.80954	2.3808387	1.8369898	0.023777341	0.25661061
1840	0.64095495	-1.4182651	2.640242	4167.5538	45.577353	29.89119	-0.069415225	-0.049616104
1841	1.0679859	-0.95319689	2.6548691	402.57341	2.0539523	1.3802565	0.12540233	0.12815721
1842	4.6340165	0.20400417	2.3230796	513.10225	2.4924591	1.6469228	0.014591431	0.092037165
1843	3.9349974	-1.0120891	2.5092153	816.38866	10.63017	3.5042177	0.24818628	-0.020952693
1844	2.6940123	-0.29516627	2.1491927	1573.6687	26.690055	10.717156	0.033245037	0.0075706159
1845	5.4868468	-0.42776283	2.9022198	672.69947	8.0767012	3.5003012	0.069433325	0.35252487
1846	2.6399917	0.33284898	0.91810118	4139.2942	56.416351	41.426093	0.20922311	-0.090068168
1847	5.4060627	0.19599281	2.5375315	5585.2452	101.35992	34.688428	0.10090641	0.26863767
1848	1.0253955	0.23042649	0.63973308	7057.2117	62.480652	55.97916	0.43321695	0.48517453
1849	6.1161199	0.25967526	0.4539339	562.66756	20.388888	10.569143	0.35619452	0.050090769
1850	1.8290433	0.57080337	0.25759988	1193.1242	11.877955	10.730799	0.00292447	0.06056018
1851	6.0234672	0.29540543	2.4467357	3358.1746	44.615578	40.239222	0.33659269	0.49953538
1852	0.93989751	0.93236055	2.6889542	4377.7819	47.546856	47.014063	0.069657668	0.38322322
1853	6.2123405	0.25875325	0.34896887	2779.1815	30.29091	11.576756	0.059371874	0.42424732
1854	3.51452	0.0090241768	0.6958511	1274.0179	12.581394	10.976153	0.43131195	0.39663449
1855	4.8315971	0.37076052	0.48345173	96.029197	9.6848557	1.8412732	-0.10057546	0.096927588
1856	0.5517389	-0.31945383	2.3674391	415.69148	2.2448746	1.6988874	0.129443	0.37116419
1857	2.602259	-0.027067084	0.25168223	1129.6366	10.068036	9.2910503	0.094203412	-0.045567711
1858	1.2176255	0.47774108	2.4158976	617.26777	28.205911	28.007075	0.12867152	0.32044827
1859	3.1446806	0.35532396	0.5647584	8740.0058	74.573972	73.07341	0.40248814	0.016902366
1860	6.2046733	0.082684426	2.3204369	3181.6236	54.256003	47.238922	0.022387278	0.031797405
1861	4.7526058	0.98640191	2.7587955	6429.2639	65.238236	26.473923	-0.0093878374	0.37481624
1862	1.6093593	-0.44245072	1.3480696	346.69725	31.014965	2.1916199	0.32537485	0.17863999
1863	2.844049	-0.17885552	0.92039856	1506.3401	52.603923	41.422932	0.027098724	0.22019553
1864	0.26480618	0.74882639	0.50257012	894.8216	10.715125	1.6869931	0.26800843	0.1290795
1865	2.5384551	0.52104767	2.5871277	5259.3519	61.553066	34.193832	0.25444579	0.03152166
1866	2.6507004	0.30305059	1.1933895	478.47419	8.9916916	8.7036647	0.002669529	0.32757425
1867	4.8529973	0.53811399	2.4341016	1731.1431	29.429333	27.285731	0.10455672	0.28151729
1868	3.2747126	0.87354472	2.6176065	3602.2536	42.149307	40.249146	-0.019378646	0.044331636
1869	5.2129948	-0.031394651	2.0461053	955.77818	14.556875	9.9044708	0.0073926679	0.20363645
1870	1.7965756	-0.43769224	0.87902726	3506.3276	110.67029	58.847964	0.045085336	0.28164097
1871	0.747174	-0.10300137	1.9495558	536.412	9.9258316	9.0442891	0.13130588	-0.15585017
1872	3.8085556	0.52344601	0.78067081	557.21889	10.895317	2.9028622	0.36340181	0.030039297
1873	2.5861111	-1.3895988	2.5743657	3903.9484	112.04373	57.539062	-0.10646955	-0.16756214
1874	2.9876921	0.55476281	2.0971861	1782.9583	30.190258	14.509753	0.009678729	0.14816904
1875	5.2281623	0.69718551	2.2529952	3151.1612	22.377234	16.222648	0.30171723	0.15431359
1876	0.53015851	0.20821811	0.83971269	298.44958	10.710258	7.2089818	0.058646842	0.13781343
1877	3.6888582	-0.34822555	2.5589185	1345.874	38.66902	37.909338	0.13504288	0.070925533
1878	4.484752	0.61484662	0.54620838	2182.8484	12.707755	12.502226	0.01945757	0.044904523
1879	4.4086455	-0.70932571	0.2346971	6463.5025	54.976793	50.427375	0.053083197	0.038176152
1880	1.8451718	0.51687502	2.2968051	2838.8305	34.796621	34.660706	0.07651372	0.04794083
1881	5.7818115	-0.28108713	0.41890226	4194.9638	40.445049	29.526345	0.065665093	0.30578934
1882	5.1553652	0.050836646	0.47974904	1158.6514	43.063798	38.332514	0.047786148	-0.26238523
1883	3.30665	-1.2186059	1.1170675	1979.5865	38.094055	37.658677	0.0026924294	0.41359558
1884	5.1619049	0.14895672	2.5712439	6226.2727	68.135927	40.056642	0.0097741551	-0.089081924
1885	6.2585601	0.10904623	0.43234103	2933.7404	27.41276	23.604369	0.34611818	0.38356205
1886	0.1626807	-0.84881566	2.3155785	1088.177	10.455945	10.450075	0.078385524	0.014546975
1887	1.6537611	0.0014569419	2.3520252	1234.2906	38.762425	20.228195	0.052728291	0.19233284
1888	3.596584	-0.4798137	3.0787171	2288.4963	45.835204	3.9750349	0.043382619	0.32276206
1889	3.3742181	-0.79027744	0.31666823	3747.3086	90.342731	65.992181	0.31661996	0.19978267
1890	6.1435768	-0.27118234	0.77567458	2042.5286	37.631818	12.486726	0.071328609	-0.0069811526
1891	3.5329258	-0.85538163	1.9916691	294.03699	10.021379	8.7124719	0.053777415	0.039892426
1892	0.72464995	-0.31190226	2.9414624	6696.3116	106.32862	96.526823	0.062844222	0.061429781
1893	2.0669157	-0.047104363	2.302562	1746.0782	34.820226	26.452412	0.045090967	0.054840763
1894	3.4732477	1.2902223	1.8070199	257.78128	10.557407	8.3734588	0.37741717	0.42923566
1895	4.1092716	1.0375759	0.59049784	2219.0255	31.800428	22.546303	0.33863599	0.060762138
1896	2.0248144	-0.074526657	0.29510512	1328.0552	12.607727	10.910126	0.0092783894	-0.19126181
1897	2.9381198	0.11069597	0.57740544	2427.4908	36.640795	10.7683	0.26824228	0.0026476017
1898	3.6391422	0.027412792	0.39201324	3468.403	39.855278	28.710693	0.30065897	-0.028835624
1899	3.6936615	-0.91930364	3.0335569	4142.9724	74.880808	55.872125	0.052138854	0.0089739394
1900	0.62927611	-0.57841245	1.2997987	4907.8075	72.05943	48.308932	0.010229985	0.38068425
1901	2.2597025	-0.44226242	1.9317498	239.19437	10.865009	8.8198028	-0.28817634	0.04594473
1902	5.4681212	-0.22852629	0.43556161	7709.1215	151.57692	141.32071	-0.0039898645	0.04816068
1903	3.7851281	-0.98436024	0.41366292	1125.5546	11.836877	10.366606	-0.26283576	-0.061220894
1904	5.259609	0.84438703	0.52681903	293.79778	1.7008731	1.6427619	0.10676042	0.007308059
1905	1.9528207	-0.19139042	0.56358141	1346.2539	22.324862	10.764382	0.11926378	0.55289187
1906	1.8202943	0.24994058	1.0694929	6618.0487	105.44991	68.868949	0.15115765	0.018636815
1907	6.2609659	-1.169761	2.2013461	3531.4839	62.027591	50.260382	-0.087468877	0.15934043
1908	3.7198671	-0.019783232	0.7554301	479.31416	9.4128788	1.6362148	0.16706269	-0.27998908
1909	1.1657181	1.0203703	0.63512676	1741.8651	53.809718	32.28156	0.10193717	0.31019884
1910	5.7393157	0.16448662	2.6793364	124.87362	1.6682376	1.475598	0.1030189	0.022667657
1911	2.0743979	0.79180399	0.86985775	131.31411	1.3568047	1.2769315	0.1563578	-0.037294314
1912	2.0940066	-0.10035688	2.847795	508.00121	7.4566897	1.8717762	-0.067860102	0.033581494
1913	5.4597133	-1.5205322	2.4889159	2853.8157	54.691902	43.224719	0.16045048	0.010491496
1914	1.1766675	-0.88652163	2.3922629	904.77249	31.022842	11.93068	0.33563476	0.036290124
1915	3.8885514	-0.011152501	2.4820278	4062.5005	64.253002	41.321256	0.02550594	0.058648015
1916	5.1351704	0.036381865	0.50239838	684.72414	10.556153	3.4612514	0.017357653	0.13998337
1917	5.140268	-0.42019075	2.5171237	696.61429	10.9721	2.7783774	0.039022849	0.015763052
1918	3.5131595	-1.2806815	2.4507689	2092.4713	51.301468	51.272721	0.0075255772	-0.019667164
1919	0.33562144	1.1216621	1.40614	1572.5642	77.191316	29.853201	0.27925185	0.049231766
1920	0.14812135	-0.060193849	0.8303588	4023.0494	52.852581	52.30775	0.11072371	0.15026033
1921	5.8170598	0.10377073	0.78475765	1418.1314	10.706361	7.6576801	0.12642892	0.016197498
1922	2.1043396	0.39561321	2.50917	1887.426	13.136904	12.309686	0.033323065	0.60974234
1923	6.0636713	-0.70811941	0.15407743	153.34586	3.1476431	1.285575	0.25121553	0.074760817
1924	1.5619445	1.0079179	2.7803331	2339.564	32.53503	28.322173	-0.13918961	-0.014260181
1925	4.0501979	0.63152129	2.6133313	463.51433	4.6023675	1.9097256	0.31366752	-0.0033126233
1926	5.2758297	0.56817449	1.8531328	3849.0702	62.415064	54.811873	-0.24701702	-0.00077430085
1927	4.9820045	0.0042176889	0.97730194	4423.6194	56.185036	42.467927	0.46447618	0.21322878
1928	6.1039854	0.37229371	0.75275562	271.68382	4.1761983	2.4247621	-0.18634772	-0.033785642
1929	3.8235475	-0.46404661	1.264451	574.972	10.764527	8.1294811	0.10441087	0.11483944
1930	4.5819882	0.53843197	0.19405926	294.80021	10.671324	3.3573614	0.42411991	0.17763809
1931	3.9266592	-0.79667584	0.47445616	4842.2436	79.14599	43.201174	0.27762418	0.23687827
1932	4.2582738	-1.3407186	0.46129832	3937.3728	48.626423	48.322662	0.30415723	0.091063393
1933	1.010706	0.46286356	2.0316803	713.82734	9.2740334	8.8605418	0.12832976	0.091659366
1934	5.1051986	-1.3475471	1.2094943	753.64838	22.096432	12.16267	0.37035641	0.019128505
1935	5.4092726	-0.8270873	2.0004622	601.06071	9.3488511	5.3499602	0.020874539	0.17219211
1936	5.4495055	-0.94222304	2.3279964	1213.8745	10.878605	10.707546	0.25148605	0.031922336
1937	3.5831313	-0.04415971	2.5815035	2782.8271	57.051847	29.191655	-0.060974582	-0.19950746
1938	5.2051235	-0.37758479	2.6337813	1817.8896	47.100899	24.563064	0.11287143	0.10264658
1939	5.9846342	-1.3269434	2.3378311	730.87833	36.920028	30.702475	0.0042760261	0.016119277
1940	0.52780063	-0.81544975	0.6593383	514.18503	11.064941	1.3484689	0.023498871	-0.015371723
1941	1.6480742	0.48421971	2.6772079	4657.4649	60.096515	46.616988	0.2892818	0.21122759
1942	3.5811955	-0.88048802	0.37161842	1683.2792	29.45981	13.017725	0.43883494	0.52237943
1943	5.2278126	-0.38268823	0.47156882	2697.9219	51.050858	45.997969	0.42093848	0.013724516
1944	0.25219339	0.38111167	0.67783788	1103.6284	14.006376	11.0088	-0.10092546	0.24425345
1945	1.4243597	-0.6862691	0.17167676	6624.5915	49.850098	40.805801	0.020142614	0.18145382
1946	0.48892136	-0.28778849	1.4023138	569.32165	14.300359	12.570635	0.17293881	0.0034201495
1947	3.3102895	0.96268996	0.51849728	9505.2223	90.20499	82.506974	0.10972746	0.30044455
1948	4.892786	-0.09630195	0.57159216	1754.4035	37.555771	30.805105	0.025986387	-0.0056064933
1949	5.5793048	0.2477656	0.6616875	4393.521	56.940497	56.307966	0.12005585	0.15401399
1950	1.0066939	0.76790559	1.5652688	294.28306	34.728282	15.724576	0.20764604	-0.15088931
1951	0.55600697	-0.89144646	2.1217815	2253.3135	41.978523	32.126222	0.097518789	0.25800141
1952	4.8769521	0.42861536	2.6370291	4770.912	63.935002	47.383025	-0.034772483	-0.15589436
1953	5.3258788	0.45208111	2.5405943	1114.5541	22.92183	12.359178	0.45614348	0.56270443
1954	0.9786653	0.07811748	2.5879843	1552.396	12.145741	10.459432	0.69827457	0.264655
1955	3.6694544	0.89831325	0.38504698	2151.9141	53.00446	20.727875	0.46739674	0.0099201883
1956	0.13941509	0.29536922	1.9989127	2153.0896	54.746953	46.936656	0.1486891	0.0070920545
1957	4.21309	-0.44233256	1.0499569	1020.1551	11.05008	10.933192	0.1989919	0.38957897
1958	1.521299	-0.3419864	2.1941861	142.13115	1.7937159	1.476103	0.14619195	0.12171879
1959	5.4274077	-0.72387937	2.5733692	4814.4419	53.850667	36.931796	0.30358476	0.07672754
1960	0.87382556	0.24370678	0.88577541	1455.3537	34.318514	28.39786	0.40421539	0.19824493
1961	3.3801739	0.27641867	2.3107786	438.82813	14.742667	10.60518	0.33936548	0.052868633
1962	2.5804445	0.031340715	2.8299704	446.71097	3.5056415	2.2746322	0.041596416	0.087009843
1963	2.3956942	1.2112369	0.30654475	131.54074	8.8770804	7.2917506	0.037514543	0.027538262
1964	4.3144413	0.39166148	1.5685599	681.668	24.075702	23.415334	0.20779562	0.12611085
1965	5.2391451	-1.3762359	0.52012663	713.87067	9.6824153	9.6058044	-0.072077961	0.44076756
1966	0.082541707	-0.75667565	2.8474283	1582.995	41.769091	39.848962	0.40924849	-0.029105271
1967	3.666094	-0.38274828	2.6400756	1337.2617	11.419583	9.9444465	0.21418997	0.0050419656
1968	0.95759091	-0.25591268	0.32004882	3419.3921	58.670674	55.661589	0.24463042	0.23750806
1969	0.013903414	-0.89746678	0.79135169	2483.5493	33.688782	30.472271	0.025366974	-0.47147755
1970	5.2436547	-0.28759588	2.9843213	622.68902	10.614008	10.538854	0.033248183	0.18320208
1971	3.604981	-0.52704762	1.90407	3669.9309	60.749604	54.681647	0.16635015	0.23922333
1972	5.5262749	0.29359639	0.56983896	1054.3868	13.08699	12.448844	0.0025447983	-0.16262808
1973	0.27076317	0.3635849	0.857186	1893.4722	41.56752	19.092168	0.23536572	0.07487942
1974	4.3386189	-0.16477963	0.38621639	4328.5723	61.242385	44.040871	0.15116335	0.40485846
1975	3.868923	-0.51051495	2.7159078	1793.9528	12.597154	12.380788	0.043004209	0.0378183
1976	4.4349513	0.27891327	0.56748506	7087.5486	96.71778	81.311608	0.31235629	0.032945125
1977	5.3440715	-0.89329148	0.45686234	1141.6572	15.1283	10.294629	0.029213309	0.077158082
1978	3.7014265	0.3997964	2.1989367	1401.0825	11.276366	10.477814	0.17843598	0.037117487
1979	3.5188918	0.42398728	2.4996203	1485.7069	65.519898	52.187814	0.040304865	0.082671087
1980	5.5875576	0.41015666	0.6895136	1353.3808	12.451362	11.866117	0.0045770577	0.2371367
1981	0.31909545	1.0504814	2.8055617	2842.8713	37.033644	19.827089	-0.0030791148	0.0058981147
1982	4.2604994	-1.397823	1.7807312	464.37892	43.063461	9.9466736	0.060535963	0.20002539
1983	1.6182263	0.08335479	1.1205122	1649.5535	41.538297	27.865653	0.084174154	0.13934041
1984	0.38040081	-0.89353286	2.4545684	312.57466	2.0692206	1.2352253	0.068289142	0.091769768
1985	2.4660273	0.9525829	0.62237073	4188.9284	40.583872	35.631942	0.32742799	0.058888227
1986	0.62252748	-0.4058919	2.0371938	3125.5545	41.263278	38.269902	0.34502734	0.033765509
1987	3.5525899	-0.38981753	2.5334156	218.11523	10.15943	1.3368955	0.060978114	0.037671625
1988	4.3780683	-0.14966091	2.0019028	1953.4674	35.030375	25.895048	0.18328057	0.36543826
1989	5.202089	-0.8930726	0.15797565	5918.3186	66.187789	65.791837	0.23704515	0.12685309
1990	4.7198406	1.353806	1.9903051	2547.7131	41.116976	21.332721	0.022962217	0.11138447
1991	3.0981112	0.95509801	2.2014062	507.39727	25.287571	2.0855064	0.0027576321	0.052373664
1992	2.0624854	-0.70177471	0.5437863	5351.61	113.68363	61.192374	0.013016426	0.084625598
1993	4.5465067	0.50315662	1.1363331	549.18238	15.939093	8.8838961	0.13713486	-0.018087802
1994	2.4492133	-0.74253561	2.8678688	259.0849	7.0513282	1.2913079	0.052700867	0.052014431
1995	0.24563885	-1.3581839	2.4914663	973.14658	11.181363	9.744079	-0.035454802	0.0097285498
1996	0.73769311	0.14762016	2.3795449	1430.4149	49.854518	42.73547	0.025223218	0.11927265
1997	1.8412809	-0.37333358	1.5399575	977.8678	31.604389	24.112153	-0.2279307	-0.17275025
1998	5.513453	-0.064588796	1.0045019	2836.8365	43.065177	33.874453	0.091014312	0.014357832
1999	2.9631664	0.14571596	0.47562597	3003.6332	24.681035	22.716667	-0.28268207	0.15985131
2000	0.56478314	-0.48163461	1.5671049	835.14534	28.261178	26.750968	0.011924655	0.20854457
2001	1.7701053	-0.28348695	2.5633723	5343.5675	60.46995	49.838934	0.21223395	0.044118701
2002	0.40111794	-0.99679388	0.35000286	2748.9881	28.4631	13.798584	-0.03140146	0.53112604
2003	5.8791251	0.30970193	2.6632864	529.3185	38.805005	27.737537	0.00086989068	0.11393529
2004	0.89777059	-0.58294252	1.2034929	390.00951	9.5054585	7.2489712	0.11311087	0.17734251
2005	4.8913059	-0.82643953	2.8510813	9221.8642	70.094906	68.762525	-0.11668661	0.28317062
2006	1.9028951	0.5544923	2.1630306	412.18129	8.6018619	8.4076171	0.061995667	0.30245403
2007	2.0875639	-1.2068765	2.5633063	679.2418	11.626544	8.0408709	-0.0056357663	-0.021756434
2008	3.9385316	0.20091988	1.5120731	1099.9059	27.30554	25.093528	0.16025184	0.21901676
2009	2.777248	-0.50014665	0.6135457	1798.0014	35.534943	10.302881	0.15960859	0.091634806
2010	1.9699633	0.18790931	2.6996749	1926.0782	26.092055	22.16326	0.0044705377	0.18164165
2011	1.3066548	0.35120289	1.0159245	1568.6093	48.4212	30.763135	-0.0016565503	0.054130693
2012	1.8810142	1.308504	1.0153842	1388.8104	40.013291	35.017455	0.0202258	0.48789184
2013	4.5152578	-0.37778456	0.14519821	936.44519	15.444914	10.434382	0.12117761	0.21211492
2014	2.1532635	0.14661747	0.26976957	5565.8518	71.436006	49.065391	-0.0030305636	0.13495975
2015	4.6775345	-0.070732969	1.0606482	1374.6226	26.754369	13.241345	0.048400264	0.29951913
2016	2.3211757	-1.4569711	2.8627643	1552.9673	11.919383	10.411597	-0.21722308	0.065942623
2017	5.7545134	0.38265885	2.8498513	2317.2961	53.963588	21.102951	0.46739674	0.0099201883
2018	5.7710784	1.2581474	2.509021	5496.5657	64.301618	49.31098	0.13356459	0.15228908
2019	5.6181905	1.1259088	1.6315095	2635.1103	39.352094	34.951047	0.14418086	0.11390896
2020	5.2570836	-0.082881167	2.9331451	2513.6809	49.507089	27.192657	0.077313499	0.14921852
2021	4.4489025	0.076187493	2.4003163	3136.9725	37.109821	34.895188	-0.16408339	0.15139299
2022	6.0790757	0.62607443	2.5821967	6932.0691	81.101768	62.963993	0.15550797	0.034681608
2023	2.2477811	-0.66295156	1.8021734	2377.3225	88.771655	69.08827	0.18244222	0.10286271
2024	3.9133633	-1.0140416	2.0271574	3101.4111	50.604133	22.810211	0.43769881	0.11810978
2025	5.7088896	-1.3918099	2.3188159	893.00966	10.345548	10.256999	0.10751635	0.22496397
2026	0.42343133	0.3862752	1.3474564	827.29575	10.862953	9.397559	0.10012987	0.20824875
2027	3.8077927	0.25417457	0.54984129	1636.4805	12.098873	9.2963226	0.33773361	0.0052425703
2028	4.5847667	-0.3348203	0.54151236	1784.2042	12.434888	12.167854	0.015301879	0.036168148
2029	6.2309341	1.1623229	0.81410956	962.88356	10.839336	8.8196885	0.015436299	0.054230763
2030	1.2357353	-0.51542665	0.91508461	2248.9901	52.649784	32.573733	0.052949283	0.0044463075
2031	3.3659356	-0.51532543	2.9140695	633.77097	9.0789114	2.0520537	0.083308609	0.060025224
2032	5.6256353	0.14667949	1.1571841	2497.5349	38.070509	32.47422	0.036081469	0.054615152
2033	5.2883322	-0.042959273	0.37761218	3248.3647	133.31328	108.23549	0.0024073353	0.063745863
2034	4.6369339	-0.68720388	2.3804259	640.58626	9.8580175	8.1453183	-0.0013649252	0.082693177
2035	5.0284049	-0.42297912	2.881506	3014.7599	16.668076	15.400524	0.4072812	0.079999258
2036	0.45022313	-1.0809572	1.459409	359.42694	2.5812152	1.8491066	0.011298079	0.02153998
2037	5.9307927	-0.85431821	2.4324244	1070.1205	12.457942	10.961988	0.088002183	0.1491087
2038	3.9903546	0.46349202	2.1108498	1233.5551	43.265191	10.391837	0.034916804	0.009419363
2039	3.122077	0.22145069	0.43126509	3773.6712	43.267678	35.14067	-0.0038562902	0.013840876
2040	2.9164511	0.86012758	2.7699642	3036.53	50.504404	48.211013	0.24316352	0.018709979
2041	0.57732862	-0.50993153	0.98041304	5373.7357	164.32147	119.71398	0.0049933485	0.064650246
2042	0.10981579	-0.53539419	2.8279495	199.30763	46.946907	25.625575	0.27762418	0.23687827
2043	4.3442004	0.65289296	2.5747936	2705.1513	14.08166	11.383244	0.11727612	0.59175968
2044	1.8571069	-0.39768169	0.86430584	2464.6495	38.781294	30.901076	0.44692826	0.25279106
2045	2.6078844	-0.067122963	0.48451955	3618.9984	48.825871	48.658529	0.059369154	0.30863896
2046	4.6323353	0.53460542	2.5874251	1172.4104	29.534424	12.615753	0.25311771	-0.11172244
2047	1.0351946	-0.52505448	2.5940963	361.09033	23.278935	9.829251	0.062728358	0.067549628
2048	4.5483751	1.3921488	2.4814447	1182.6797	32.039487	5.7091284	0.48503166	0.41991755
2049	1.4742155	0.43300269	2.2268883	1527.0172	13.285519	11.425675	0.15906677	0.44394631
2050	6.0880154	0.33161791	1.5328944	930.75342	17.445201	10.513092	0.11588936	0.085337278
2051	4.3140167	0.54304834	0.96083533	258.05783	1.3561658	1.2853096	0.10850861	0.0050839455
2052	3.896186	-0.82819688	2.5547232	3876.8619	85.433421	59.502051	0.11283187	0.027545121
2053	6.1940846	-0.24583811	0.74543368	2927.8031	54.961514	48.333893	0.11853215	0.35380568
2054	2.5172505	1.2706647	0.31597632	1781.8457	13.035604	8.6903402	0.0047941498	0.072849852
2055	3.0245878	0.074705942	0.79548481	2578.6757	49.049415	47.919071	0.048000209	0.043087315
2056	1.0334248	-0.19423854	0.18115168	527.97251	10.251827	6.5286633	0.10416863	0.038527769
2057	3.2917556	-1.3054139	2.3836327	5396.9079	65.429603	58.861168	0.066746054	0.27208299
2058	3.1547158	0.18156696	2.6813977	6573.9114	55.015754	38.819487	-0.011466528	-0.13227126
2059	0.1048618	-0.26831144	2.4832955	5137.8904	52.79958	39.621954	0.2516905	-0.15670353
2060	1.7216019	-1.0887058	1.1778074	77.956776	1.3033438	1.1633591	0.098197385	0.058144384
2061	3.2194063	1.1921495	0.86890021	1279.6814	11.298514	10.301948	0.27469333	0.085637814
2062	0.58014151	-0.34258409	1.9791834	3864.3252	85.921558	55.087141	0.40838734	-0.20807427
2063	1.9452875	0.79773721	0.92811706	288.85108	1.690669	1.3883991	0.34699384	0.032526145
2064	0.52886956	-1.0294383	2.8743569	551.65369	2.2638234	1.532407	0.016161658	0.064411813
2065	5.5048337	0.21213394	2.5548998	4590.51	55.087884	46.219251	-0.20392847	0.23607174
2066	0.70203074	-1.2469469	0.12543364	3858.7577	54.290032	49.688363	0.090541857	0.10250067
2067	5.1377079	0.91655725	1.0855265	4818.6526	70.858825	68.485631	0.069417956	0.025666017
2068	1.9825805	-0.87107941	2.215503	1670.6913	126.85219	45.407202	0.07567528	0.29343446
2069	1.8461318	-0.55641744	0.55407691	654.53672	11.529139	8.5729864	0.14462896	0.02613176
2070	2.5839081	1.2110773	0.58357372	6023.7553	49.016499	48.097549	0.030126316	0.18096129
2071	4.0473956	-0.2589961	1.4998517	1380.4407	39.957408	27.08228	0.16235781	0.029929124
2072	1.5992448	0.98984842	2.928687	3738.266	58.783523	57.475729	0.14536123	0.030465449
2073	5.1345303	0.28801032	2.844414	252.91664	25.645406	8.5516665	0.016999752	0.13754451
2074	4.1714014	0.16685018	2.8206226	351.89499	2.5930405	1.4000054	0.14164035	0.059632136
2075	0.45351426	0.66620278	0.50895733	3404.021	52.338896	26.05737	-0.012164008	0.29685143
2076	5.2270357	-0.58865937	0.64547928	3400.4945	92.477301	64.085266	0.17743053	0.069703288
2077	3.0001689	-0.23730884	1.0002669	1292.3035	11.900658	11.841405	0.019342249	0.043584843
2078	0.35300548	0.6099245	0.38559879	4087.3756	26.998657	12.876833	0.2769836	0.20533336
2079	2.0085974	-0.087882729	2.745818	2437.3832	40.848644	12.54505	0.36623827	0.0048924954
2080	3.108803	-0.27194577	0.28694057	205.5835	9.5140137	8.3774371	0.089835264	0.25256609
2081	0.22617272	-0.47506487	0.33851533	233.85207	1.6855173	1.3459781	0.06876459	0.058607166
2082	4.8997582	-0.35973964	0.73316968	544.38356	9.7979443	2.0767531	0.17956811	0.19207647
2083	5.153859	0.56506828	2.5267067	1217.5603	37.637902	33.984264	0.36075485	0.091206776
2084	5.8754208	-1.2331653	2.3651113	321.81561	11.295124	1.4324411	-0.095445676	0.11467233
2085	2.9096953	0.53375113	2.5977244	2268.3882	55.708716	55.159877	0.066713489	0.00240028
2086	5.5316993	-0.58082754	0.58239979	627.81575	4.9903701	2.1859414	0.040691284	0.061913167
2087	3.3864537	-0.49771376	2.450581	737.41297	12.048972	9.4033172	0.016244702	0.018680155
2088	5.391269	0.33945873	0.48586575	918.46599	10.217639	10.030344	0.41525448	0.034270714
2089	5.4537721	0.7534396	0.61465207	688.65104	8.1617916	3.1769666	0.060719818	-0.015114714
2090	3.68716	-0.68023747	2.7415062	2200.3567	46.022832	36.383989	-0.046086241	-0.023375714
2091	5.079742	-1.4822977	2.2314717	1678.3879	31.695364	24.384452	0.019759072	0.3000907
2092	5.2121475	0.61106752	0.69768134	3071.6562	63.378876	28.833651	0.027054612	0.056203346
2093	1.466576	-0.39906674	0.24300365	7686.4149	85.899301	84.547271	0.20301149	0.21178838
2094	1.1665583	-1.039319	2.2355774	1528.665	24.347074	22.198333	0.22823941	0.036944245
2095	0.033890408	1.1608124	0.67895056	1721.1846	12.21501	10.172484	0.10356549	-0.025205877
2096	0.56990809	-0.6314844	2.2243054	795.45997	11.06357	9.6492938	0.15244693	0.003434768
2097	0.16380109	-1.0313562	2.9643513	2895.6721	52.389913	52.048433	0.053554352	-0.16802709
2098	1.827885	0.91648939	0.75298894	5104.7144	60.839419	54.573946	0.0098862093	0.52328319
2099	3.3409707	0.01366249	1.5625529	1387.7068	38.979925	36.404681	-0.11687472	0.015691124
2100	0.30518196	0.018361372	0.96724039	2352.4674	47.328376	40.156661	-0.064372109	0.23016735
2101	5.9125921	0.8837983	2.5521915	422.36749	6.7280171	1.3128728	0.049232449	0.083562196
2102	4.2619152	-0.019039576	0.57794193	2017.3932	43.687271	36.532896	0.08721346	0.078062211
2103	2.1167034	0.50483283	0.92535159	2635.4095	55.780206	39.440025	0.033770723	0.91822049
2104	1.0213451	-1.239735	0.42261987	862.40222	23.39679	10.618001	0.19236223	0.11116263
2105	0.1008578	0.58844969	0.39326315	2534.6616	13.872883	12.482474	0.15138743	0.20711882
2106	2.6547528	-0.30910122	0.48970648	3421.4835	56.596855	41.559843	0.1346608	0.099639581
2107	0.27999912	-0.24557716	2.4135909	2259.1999	107.51606	43.09742	-0.065886235	0.05034805
2108	2.2852879	1.1820502	1.5775297	2328.8106	49.507426	49.270232	0.12349197	0.54731119
2109	0.29252669	0.59647128	0.5502262	648.90083	10.778695	1.8436049	0.15124499	0.15146936
2110	2.9796336	1.0595805	2.8144774	5453.9902	54.099736	41.906164	0.33880562	0.052680464
2111	4.4986764	-1.0076797	0.6487214	489.78724	13.439423	11.686723	0.71672028	0.25652642
2112	4.3311078	1.0836142	2.8195192	2752.2728	58.278887	49.607393	-0.129174	-0.21183209
2113	5.4930282	-0.5664704	2.3540347	1036.2864	40.541703	33.906046	0.25629122	0.012460077
2114	5.485456	0.11700492	0.47887678	2033.7711	16.293911	14.118606	0.14279239	-0.048721617
2115	5.3417649	0.044046435	0.57848399	3255.4526	44.779072	32.841859	0.19706729	0.082903682
2116	3.0516512	0.71416832	0.20465482	404.29141	1.642234	1.4099937	0.075916613	0.1805954
2117	4.5605338	-0.80905369	2.8433522	694.04092	11.59032	9.4737931	0.02134687	0.29046204
2118	2.9526614	-0.88123173	0.35179492	4337.8556	16.140118	15.654754	0.31878967	0.037798039
2119	4.2427694	0.49767943	3.0687349	2798.2906	48.225268	47.270717	0.033731273	0.10556363
2120	2.1472458	0.84622209	1.1592975	812.57817	12.333568	9.2601061	0.27378519	0.34332429
2121	4.7610057	0.18164691	2.5868206	2429.475	13.77126	12.185924	0.0026725297	0.072421305
2122	0.79024693	-1.0972881	1.1228011	4469.8029	92.070444	72.150154	-0.0043241308	0.19070494
2123	4.7267858	-1.2740222	2.3975387	2283.4988	41.09664	14.644774	0.047046134	0.10691667
2124	0.57555121	0.5131657	2.7317622	1432.9211	32.193926	13.07576	0.16902246	0.36578613
2125	2.160296	0.05446976	0.51673478	4214.6269	44.395047	37.869063	0.036081469	0.054615152
2126	1.5323007	-0.55300599	2.074536	3193.6515	55.026047	47.456324	0.25584641	0.20275466
2127	4.2578735	0.34696694	2.7939181	3986.7154	65.500342	38.363588	0.012487082	0.014765944
2128	4.0770228	0.66501153	2.810665	2852.4389	16.452365	13.660779	-0.0071162847	0.00078027638
2129	2.1997507	-0.31104324	2.9484893	2270.943	17.392338	12.12656	0.091996915	0.038622613
2130	5.1321599	-0.60202745	1.3859576	215.42497	10.146564	10.078583	0.36507689	0.11109296
2131	3.4276954	0.38648949	0.5792072	1880.8305	38.716599	13.37495	0.071474068	0.12111134
2132	1.6261075	1.229552	2.5948842	966.7577	8.0401498	4.8307101	0.087340533	0.082437474
2133	0.68634656	0.28779824	2.4591943	2502.2222	31.028277	27.589904	0.20733855	0.16887031
2134	2.393399	1.3455288	2.6874426	1815.9607	12.601019	11.980353	-0.067477691	-0.0088924444
2135	0.90200616	-0.27046538	2.0857481	3113.7504	50.620329	26.771287	0.052714315	0.1815773
2136	4.0934421	-0.81330717	0.81236017	1509.5179	19.868408	18.804665	0.027034835	0.1100863
2137	1.9159718	-0.82228744	1.1077869	530.16553	9.9819747	9.5677242	0.026576421	-0.041952746
2138	0.071991317	-0.01296303	1.2076907	2973.4237	77.404301	40.883957	0.10678565	0.12120093
2139	6.199683	-1.0253706	0.28014989	743.0933	8.6873329	8.3292336	0.050166862	-0.042284434
2140	0.097817565	-0.20829717	2.957114	1224.2916	45.382344	34.758962	0.15846914	0.31554327
2141	0.63831926	-0.36846994	1.1737649	242.43985	4.815997	3.4272147	0.39490148	0.13917319
2142	1.4307079	0.96796501	2.7073554	112.46169	2.6565111	1.5506825	0.06699459	0.080987675
2143	1.3410217	-1.5313733	0.22837881	2742.0124	39.40762	15.796029	-0.010417243	0.0092309912
2144	2.1733639	1.5614295	1.3932301	2356.4821	44.324347	37.807856	0.004073719	0.11977991
2145	3.5967228	0.11187342	1.1689083	3150.2728	68.191852	45.930239	0.12892566	0.027432179
2146	3.7529676	0.19267134	0.87217355	3378.866	46.053163	39.804299	0.045899456	0.76050474
2147	4.2360847	-1.1165124	0.73969598	1566.3335	23.798348	10.597622	0.22994689	0.17754883
2148	4.474349	0.29006283	2.347062	1549.0046	84.498738	39.321215	0.31792961	0.11314571
2149	3.133087	-1.169251	2.7747349	696.68605	8.2786233	6.3099582	0.036427931	0.26186806
2150	3.9026819	-1.0266105	0.89707417	783.71045	9.7409464	9.1238072	-0.12821395	0.049706454
2151	4.1381801	0.63912266	1.1840972	924.9313	17.562274	12.037932	0.30118509	-0.058509108
2152	1.1844375	0.075727926	2.8193605	1290.1038	11.477134	9.4750153	0.14409931	0.066030832
2153	2.6458834	0.33475122	2.6548745	2978.9376	87.837049	37.906466	0.060901017	0.0028711832
2154	2.8276071	0.52097287	0.16839409	1901.9473	29.770739	23.781829	-0.0073645054	0.0058681268
2155	4.1695265	-0.32611452	2.947926	793.51813	79.285479	40.938656	0.21056283	0.13772384
2156	0.92071358	-0.21635972	1.3621955	908.37859	44.828243	34.310693	-0.093998093	0.057130855
2157	4.2977307	0.88675022	1.816353	303.8342	8.6107948	8.5725381	0.61942066	-0.0011554095
2158	4.1493746	0.97942073	2.8765569	1855.7753	16.598771	11.573257	0.091996915	0.038622613
2159	4.9900567	0.074708905	1.3843039	900.35034	42.403062	36.030944	0.11011544	0.011201507
2160	3.7186853	0.40319523	2.422745	6131.266	111.97672	56.056967	0.55809843	0.24252015
2161	3.4908387	-0.83182766	2.2481655	645.15956	11.172885	10.912084	0.0035074946	0.24939268
2162	2.6046381	-0.78961777	2.063748	851.56101	21.535295	11.514924	0.22489501	0.18411511
2163	2.7539181	-0.043763316	0.23695058	1136.3979	48.161031	33.508582	0.17555311	0.028145497
2164	1.962897	-0.5004728	2.5290127	3307.807	13.555117	11.85409	0.17645016	0.042067829
2165	2.9006647	0.34962728	1.7947063	997.43135	43.323243	33.602584	0.032117592	0.25837718
2166	1.4205518	-0.79019841	1.1301226	609.94261	15.852708	13.478132	0.052299708	0.14118394
2167	4.7017522	-0.12400582	2.7516283	3117.9476	33.319205	21.276493	0.072653682	0.023718956
2168	4.7581988	0.51011108	2.5671644	364.3423	9.1603148	1.5981565	0.26150517	0.1125924
2169	0.37941502	0.97481487	0.74557132	1446.1409	31.109108	25.627247	0.41808775	0.13324707
2170	0.95971582	0.08151043	1.5947166	1128.6651	41.62772	33.186956	0.051494666	0.1542988
2171	2.6667663	-0.1647957	0.86666836	301.60603	1.6232436	1.4354992	0.023771296	0.028985569
2172	4.0042082	-0.50849343	2.2633475	3479.6099	51.565151	47.853153	0.17442636	0.0093332807
2173	5.3746434	0.72193171	0.52336224	13625.692	121.78188	96.981715	0.06676581	0.20631154
2174	4.3049648	0.42261624	0.57864293	4789.057	48.112489	40.579083	0.13206479	0.22531368
2175	3.8835508	0.34474246	0.9630213	1426.422	44.21863	30.984424	-0.062627056	0.18920804
2176	5.6823696	0.12722977	1.1296991	521.79722	8.5089118	4.6021718	0.11096981	0.049389431
2177	4.2218427	-0.39069808	2.3022406	2813.0816	23.138601	22.952871	0.0018097636	0.0017215366
2178	4.8155738	-0.87912469	0.83504133	177.51034	1.6075578	1.4284693	-0.14107076	0.024500436
2179	5.6314155	0.94599536	1.0631998	4643.518	82.206022	80.637939	0.075975789	0.040239618
2180	4.9830636	-1.1322356	2.1048215	503.35635	40.661392	21.155896	-0.08291727	-0.024089173
2181	3.3882199	-0.39512057	0.69455147	821.08994	35.879646	11.019364	0.16058893	0.17110647
2182	2.4062352	0.41523404	2.5536026	2200.3773	70.930604	70.721889	0.28597889	0.18297117
2183	6.0008171	0.64810011	2.3485598	4931.9871	55.5809	37.908342	-0.080976416	0.15520404
2184	5.1809363	0.11167529	2.7398959	5226.9444	80.12326	66.283736	0.06977355	0.14909604
2185	0.48816816	-0.43315011	2.6987184	4929.4129	64.443312	58.253479	-0.23265482	0.039529116
2186	4.8222586	-1.1259532	1.3291982	686.88658	28.336893	14.207763	0.13743226	0.18251598
2187	0.53591828	-0.90562684	2.2945179	552.33055	9.2422701	1.4316097	-0.43092091	0.074869146
2188	5.2375422	0.29459992	1.8763702	405.0452	33.102024	25.34743	0.1348783	0.34878556
2189	1.1274667	0.82597274	0.37147312	7463.9531	74.791668	73.458994	-0.1945601	-0.11147772
2190	5.5877184	0.8385011	2.7661086	2970.6805	26.908938	15.899427	-0.13188114	-0.14426922
2191	5.3807447	0.40768312	3.0863056	1154.7239	20.997698	10.217925	0.071289509	0.2693603
2192	2.7856529	1.0337588	0.75638275	1731.7963	32.734434	12.685631	0.24480243	-0.018979866
2193	5.6106768	-0.60922579	0.6209888	395.12172	6.460011	1.4408071	0.16961984	0.029289885
2194	2.4423351	0.76607113	1.8324674	3302.9652	96.014099	52.049903	0.010112605	0.14128535
2195	3.5317215	-0.064707489	2.7268781	7031.7731	81.261361	70.47704	0.11653898	0.11312202
2196	5.9513392	-0.45785945	0.53192503	1181.1972	11.406233	10.01833	0.019599979	0.067202918
2197	2.6555548	-0.78074553	0.14062062	6893.3011	105.71352	69.861304	0.41193828	0.030194682
2198	0.86916298	0.08328223	1.0744824	1001.9757	28.522578	22.870225	0.001776027	0.19657788
2199	2.933521	-0.88109771	2.6966428	1011.7692	12.473578	10.212867	0.030008271	0.2944358
2200	3.697035	0.38311085	1.9762819	700.04339	15.702094	9.5742667	-0.042355765	0.0085509671
2201	5.746882	0.73160471	0.99414155	5942.2387	71.526047	71.155241	-0.22395865	-0.24032971
2202	3.8157122	-0.78034219	2.6644207	1402.5324	16.063753	9.6624975	0.088208231	0.13971436
2203	3.0210491	0.11696089	1.829708	171.97134	9.5193491	1.9336223	0.40596811	0.046812619
2204	5.9688692	0.64728477	0.89071747	1243.2913	31.49473	27.505477	-0.10419701	0.0027551459
2205	1.9059248	0.025787934	2.5958626	1535.5913	32.483801	12.289147	-0.42873851	0.022303058
2206	4.6708882	-0.6023828	1.1691819	973.35173	11.289665	10.004338	0.2739006	0.26560669
2207	0.22414581	0.16098096	0.87232275	2067.1828	66.400977	47.145661	0.44306123	0.065298618
2208	3.1463324	0.10553593	2.3242721	965.68081	11.603551	11.058447	0.24849869	0.020868211
2209	4.8820954	0.7598857	2.79911	953.03064	9.28268	1.9331854	0.1234018	0.27290607
2210	3.3271236	1.4093137	0.54703898	2901.5024	48.831192	39.958622	0.29006326	0.27352185
2211	0.46563402	-0.74231419	2.4581028	183.4415	2.6998241	2.4420931	-0.26180342	0.0087412508
2212	0.035422148	-0.2204886	2.4500093	2726.3392	46.875311	44.507174	-0.17390115	0.15289989
2213	5.2090279	-0.98245136	0.18561589	3934.8556	56.620108	46.536879	0.18494936	-0.045693909
2214	4.3430594	0.059860929	0.87053967	2207.7887	49.925388	29.664653	0.0093740663	-0.011756579
2215	5.0067403	-1.0153176	2.390911	4311.3064	45.931085	44.688647	0.0053392155	0.0042526499
2216	5.6939432	-0.34099059	0.1996915	3743.3172	65.984611	43.733223	0.081452006	-0.21368685
2217	0.50804382	1.2271628	2.7529884	2254.1504	42.861676	31.04212	0.0013430969	0.061658276
2218	4.9437108	1.0440083	0.58152756	332.3207	9.6984948	8.9699518	0.091560375	0.12643805
2219	1.3446667	-0.80361723	2.1419118	198.61846	1.2430444	1.2331945	0.043514217	0.19080689
2220	4.4500804	0.7895246	1.5236814	657.09943	10.934224	9.6299289	0.026665309	-0.12162097
2221	4.8411101	1.3641707	1.939758	330.20263	9.8358739	6.1498753	0.071676215	0.16513462
2222	4.4935299	-1.5208472	2.7353179	4803.7226	60.572521	55.47609	-0.19421169	0.084438088
2223	2.3037977	-0.23542212	1.9697455	1734.3192	35.722555	18.394492	0.091926301	-0.010130954
2224	5.3603424	0.84937099	1.2058893	465.36097	10.790958	2.0072109	0.057973778	0.078389599
2225	2.022897	-1.1678378	0.2328935	1331.3863	11.803985	9.9749577	-0.12820347	-0.49260462
2226	3.7825293	0.067231158	0.2487958	5886.1383	37.286973	29.570282	0.043305648	0.19342341
2227	6.0420272	1.4092544	2.2156906	2833.9689	88.667799	34.29165	0.27925185	0.049231766
2228	0.70897316	-0.14720553	0.063483249	2928.7645	30.272819	26.258961	0.043638291	-0.030227636
2229	4.753324	-1.038312	2.4205579	348.94263	9.5873164	8.9635445	0.09242043	0.15311816
2230	5.4595183	-1.3974099	1.7621096	1118.1726	33.482593	31.016269	0.24325901	0.19173424
2231	3.3559126	0.069204902	2.2116784	4725.8071	111.35289	69.192242	-0.00013691668	0.06188785
2232	2.4264359	1.0532068	0.61268114	3231.7758	61.017635	23.465585	0.27710486	0.14580215
2233	4.1561653	0.26254486	1.9636612	1154.4523	48.990243	39.129805	0.056040103	0.028040326
2234	4.9635336	0.51398966	0.99324305	159.61036	8.0224789	2.6753821	0.42103943	0.23989798
2235	5.9885184	0.74223178	0.99392555	563.22404	10.581759	5.9180854	0.13962861	0.0042847859
2236	4.6397573	-1.1632803	0.41714173	4616.6393	60.420745	53.423567	0.082838408	0.054582421
2237	1.7970173	1.1298576	2.3575767	3729.8158	55.504942	18.205465	0.13013388	0.29738956
2238	1.2714794	-0.23075124	0.48589612	1108.6871	23.884638	8.9734023	-0.015116736	0.19905017
2239	3.8696345	0.93911118	2.2565591	1706.9608	12.411858	11.74274	0.027131931	0.0075408706
2240	5.8727221	0.41425323	1.182494	232.31783	38.404876	33.25189	0.022609548	0.43283555
2241	3.2617651	-0.75696282	1.9272882	575.44115	10.324349	9.7896014	-0.14430847	-0.091395703
2242	3.7776562	-0.86170714	0.71536916	2322.0545	26.267092	24.010359	0.13753469	0.078233812
2243	1.9900912	-0.64068998	0.77647082	1118.742	10.262232	9.4447577	0.071247127	0.069454134
2244	5.4607639	-0.41648207	0.99127906	1218.3969	34.868134	26.917181	0.084691901	0.20213994
2245	5.8815133	-0.95601885	2.531716	1470.439	13.159678	12.575383	0.22947193	0.35485056
2246	4.0562324	-0.45680935	0.90423589	196.74018	9.1957254	1.4492473	0.11175395	0.030044536
2247	2.6282129	0.11816206	1.3920326	1882.0576	26.713389	21.619306	0.12858874	0.058174685
2248	2.8860116	-0.95921813	0.57186498	352.13351	9.7717164	7.2109376	0.065369525	0.00064055371
2249	2.455452	-0.29757947	2.0758577	1225.6148	11.553927	10.115432	0.0022339747	0.026869119
2250	5.2816405	-0.80435292	0.31897754	2059.3321	42.976576	14.062423	0.15694436	0.23665694
2251	2.6651331	1.1314339	0.92658831	4688.393	69.79534	67.233226	0.47352937	0.083368358
2252	2.6636346	-0.063313227	1.223133	853.63458	14.952405	8.4675748	-0.020920186	0.066723293
2253	4.685411	0.63744399	2.1753369	3026.2194	53.207425	50.261718	0.35342661	0.034432256
2254	5.2458212	0.97546698	3.0029379	342.85973	23.188049	4.8775569	0.034743949	0.036179366
2255	2.2422074	0.043105613	2.2090284	2190.803	45.456862	32.741291	0.066684433	-0.092066007
2256	5.6107389	-0.73728008	1.0570637	319.43929	7.6254953	1.5234773	0.014893578	0.13221181
2257	3.1766608	-0.98332331	0.4737485	7513.7352	83.132805	71.663451	-0.048967767	0.054639492
2258	0.65555181	0.57256554	0.59781934	2691.778	13.891004	13.715156	0.11109689	0.022460197
2259	2.588426	-1.1248731	2.3187507	2358.404	48.129761	25.370245	0.11576385	0.12891369
2260	3.6090188	-0.68485778	1.018609	3483.4359	74.153269	48.98006	-0.20531733	0.44257499
2261	5.8800753	-0.43799511	0.51338033	673.90132	9.9504418	9.4128575	0.32261306	0.094737937
2262	5.2189914	-1.316186	2.7773135	2155.7564	46.327595	41.707314	0.22014934	0.27043172
2263	4.4129895	-0.62724137	2.6434666	2397.6004	13.017684	12.752205	0.057275635	-0.0079776287
2264	0.66978089	-0.064132858	2.7586261	1555.1647	36.853783	33.939746	0.08059535	0.18319279
2265	5.3952632	-0.073748654	1.0462833	691.8213	39.911316	14.24452	0.039762831	-0.048915358
2266	0.31505011	-1.1226555	0.95404494	913.30661	28.872622	19.33334	0.0012046058	-0.053356544
2267	3.1678977	-0.83334225	0.44729944	1878.1389	42.809468	36.760855	0.071486788	0.11525365
2268	5.2149085	-0.48232104	0.31624673	531.73925	16.420107	1.5731833	0.19563421	0.030327291
2269	1.4776997	0.64860954	0.34008345	1692.8154	28.137478	18.779874	0.12080634	0.10884726
2270	4.3175368	0.016934087	2.3020106	2594.1427	45.785869	34.132179	0.19436561	0.12975069
2271	1.889993	-0.94893169	0.87151313	799.46862	39.650206	31.622154	0.026616717	0.15407224
2272	1.1712407	-0.11587156	2.1670707	246.14086	2.7245868	1.6183267	0.060004572	0.15545443
2273	0.90576134	-0.183301	0.91516589	3578.1686	52.257881	45.072632	0.0017361784	0.0023562411
2274	5.9863569	0.16896175	1.0750522	312.07689	10.355565	10.202044	-0.0038256895	0.095535682
2275	5.8734359	-1.1494878	0.28143912	1869.327	14.092466	13.1281	0.39225431	-0.025128442
2276	3.6312133	0.20804043	2.1128054	776.81864	27.412798	9.7749807	0.11829952	0.24538235
2277	2.7374734	0.65363009	0.63880325	398.25896	3.7144974	1.7237481	0.32488556	0.041449297
2278	1.0956061	-0.36012247	0.77147773	2910.5999	36.937053	36.567404	0.055403343	0.092357522
2279	0.057439442	0.47422823	1.1391588	1115.0884	10.285797	9.8973234	0.45246189	0.17243531
2280	1.8444118	0.38148264	2.9458264	1206.0949	11.025766	9.7748291	-0.12269758	-0.033810924
2281	1.9887374	-1.2029098	2.3364845	1697.1532	17.349508	12.811013	0.0028143109	0.16732951
2282	3.2586233	0.73827977	2.9266888	9470.145	88.399944	69.000583	0.13150844	0.063587521
2283	5.9256695	0.17623628	1.966824	1206.6114	41.750404	9.9231637	0.074001884	0.042820505
2284	1.8031874	0.83806726	2.5317573	1647.0921	16.320079	14.079843	0.17141632	0.15095185
2285	6.0005315	-0.26479146	0.93860694	376.52642	8.3530805	2.742195	0.053324725	0.16976881
2286	1.6181569	0.45173565	2.3026392	265.26034	40.63475	28.277746	-0.087907939	0.021013466
2287	1.9450441	1.052708	2.5842968	1610.456	11.554056	11.010706	-0.061938506	0.17294729
2288	5.7629725	1.1090549	1.8385132	297.87483	1.9287129	1.3414966	0.011500298	0.0034518224
2289	2.2346787	-0.50809471	2.9153616	1546.1199	5.2984405	2.3428532	1.8513071e-05	-0.026734906
2290	2.7198201	0.77234152	1.7626555	1063.2292	36.688667	34.983699	0.27943128	0.10181806
2291	5.460932	-0.51527014	1.5309872	1491.8267	41.693998	32.808177	0.042681935	0.33896877
2292	5.3144436	-0.15038095	0.9443316	1563.3749	42.306737	33.404916	0.31556664	0.22300659
2293	4.8387948	-0.338205	1.9921382	2168.1065	43.97226	24.5514	0.29205859	0.11301854
2294	4.5225345	-0.20423389	2.6435972	18403.39	172.53239	152.87615	0.018601028	0.10998496
2295	1.3394001	0.33501386	2.4252564	1077.9905	13.475526	11.430955	0.083289076	0.028611191
2296	6.0215215	0.59982914	0.70039051	663.27821	10.650212	2.0456456	-0.014041119	-0.20388307
2297	0.36282787	0.48278172	0.57987432	5466.5939	64.305752	59.100324	-0.089567117	-0.071511009
2298	3.7307398	-0.98151421	2.874697	1237.3233	14.977339	2.820535	0.29780934	-0.0066768884
2299	2.3785796	-0.34748921	2.5999459	3827.9922	58.970213	58.676831	-0.00052023269	0.08136471
2300	3.8133683	-0.083689393	0.40249975	1774.2434	38.073119	35.382951	-0.026455727	-0.055736126
2301	2.2040609	0.92357357	0.1962244	1326.6302	14.077042	12.050554	0.096850779	0.0015185492
2302	2.5636164	-0.13176087	0.94202593	2382.4453	48.262689	39.922159	0.14594575	0.20725843
2303	3.9723337	-0.23000821	0.74891999	5203.0367	65.798094	57.096313	0.078403384	0.15673859
2304	4.1253806	-0.56304079	2.1107722	891.15552	11.274353	11.094608	-0.026552201	0.1503834
2305	5.768404	-0.99494312	0.66446068	4897.3122	54.452274	34.306851	0.16041917	0.074504889
2306	3.8582052	0.75053088	2.768314	4008.412	44.178015	35.953356	0.015005678	0.033309218
2307	0.3001112	-0.54797172	0.068041869	1845.2266	36.601363	13.681339	0.004342933	0.21108681
2308	2.6180209	-0.77113084	0.87746506	168.19948	1.3714908	1.3201931	0.25834301	0.12011789
2309	4.357218	-0.29373634	0.2446804	4713.2017	59.092118	51.772021	0.1767946	-0.10391538
2310	1.5248944	-0.10463154	2.8610524	3984.6586	45.516476	43.997378	0.078361365	0.1997481
2311	0.64622594	0.88043621	2.0816851	1927.9228	29.093905	14.455926	0.10433217	0.5872448
2312	5.5709767	-0.60087552	0.45287553	873.33459	10.354964	9.8205535	0.021568862	0.35486105
2313	3.9092633	-0.92088818	1.0294806	2538.402	33.626443	23.895716	0.19087978	0.054165099
2314	2.3019021	-0.081482342	0.39811987	1535.483	14.093805	9.9491699	-0.16376248	-0.12643614
2315	1.6993383	-0.15060263	2.0926735	867.44311	11.144426	11.012877	0.32102081	0.10601363
2316	4.8590081	0.8053566	0.2001338	1360.866	45.22694	11.752416	0.027431936	0.1054239
2317	5.7481528	0.59884247	2.6530063	1700.1459	17.01591	15.26966	-0.079969785	0.39385445
2318	1.8127203	-0.23143229	2.8819074	1651.123	52.300004	42.538652	0.0058088737	-0.011507227
2319	3.122777	-1.3564144	2.4029881	726.53129	10.72492	8.7049544	-0.15547541	-0.051686907
2320	3.9648326	1.1499004	0.5217395	1086.8182	9.75308	8.8895901	0.079839139	0.0225311
2321	5.9716504	-0.17726373	2.631878	2168.0952	59.657656	56.525654	0.36567139	0.47962954
2322	1.3200278	-1.3524782	0.60334189	1092.7492	9.3820231	7.2119493	0.015041307	0.00053649492
2323	0.53458482	0.92341314	2.0906378	2434.1783	53.369211	33.165059	0.010456707	0.016966798
2324	1.8439086	1.3103602	2.3044461	290.3335	9.728739	8.0630019	0.022034034	0.062137141
2325	3.2420687	0.36214356	0.98963817	1252.9859	13.615014	9.9909988	0.24030394	0.25533427
2326	5.4897447	-0.28676183	0.57367282	1943.5096	52.349014	44.914291	-0.12371786	0.21813118
2327	1.6238469	0.80679236	0.86775427	1093.819	11.881307	9.6311758	0.16593802	0.14229254
2328	4.8711233	0.67738598	0.31460209	2066.2083	36.617889	10.338101	0.046645508	0.064392518
2329	0.50167923	-0.047361094	2.2877503	267.62813	5.5107978	1.5728143	0.054042593	0.013500897
2330	3.5346405	-0.03865754	2.6575798	319.73734	9.2696642	7.5883402	0.33818925	0.11484624
2331	4.0994976	0.5017346	2.2391994	3781.6122	79.229045	67.739127	0.011135466	0.14467029
2332	0.49745018	0.65157739	2.9366472	6861.2713	46.522611	36.232912	-0.028032234	0.013820156
2333	0.33022072	-0.09570695	1.017055	48.066805	1.4913337	1.4181111	0.21231164	0.13090841
2334	4.8463831	0.68310934	2.4611651	1685.9244	13.889158	11.375668	0.00076585548	0.082201282
2335	4.1286981	0.64855028	0.91805384	326.40485	9.8120019	3.321228	0.087282472	0.15879152
2336	3.5567153	0.33592839	0.71419918	5466.1463	100.18457	82.830109	0.060933616	0.017928249
2337	6.1405432	0.10626306	2.7112264	285.94082	9.06947	8.8491255	0.21815694	0.078053475
2338	3.6185631	-0.95052133	1.0604518	868.177	40.149242	27.150164	-0.26472234	0.023927469
2339	3.7037388	-0.96982262	2.9138665	5524.5575	33.017982	32.609431	0.19020621	0.25651639
2340	1.8942921	-1.1478324	2.4891514	1025.1962	30.036882	5.5596465	0.027304066	-0.012272736
2341	6.2615388	0.061375404	2.7602759	418.50273	11.354545	8.718134	0.043378513	0.043242373
2342	5.4716191	0.92925992	0.52321852	1763.2714	12.647061	10.440701	-0.0061176899	-0.028116298
2343	3.2774956	-0.80090201	0.48347674	5790.8457	51.571835	43.496768	0.13206479	0.22531368
2344	0.032712879	-0.24164007	2.8124848	1500.0961	10.312026	10.181569	0.11284905	0.12776551
2345	4.6833475	-0.39041642	2.5286352	434.32552	8.3658406	5.7756566	0.061498191	0.012387355
2346	2.4804834	-0.098091907	1.293665	784.84908	16.499491	11.135282	0.12205131	0.33860547
2347	4.7654671	-1.1212024	1.2352677	1263.1067	27.163479	11.562587	0.01227864	0.058840027
2348	1.8639984	-0.38656018	0.91177306	3187.2325	65.035225	38.479975	0.15469169	0.23880814
2349	2.5571707	-1.0272	2.5809244	2803.5043	12.812419	11.761512	0.43679408	0.097535486
2350	5.7872221	0.31479865	1.2092151	5269.8165	65.939272	62.304865	0.20720121	0.18728264
2351	4.5708733	0.98661396	0.56975152	493.08504	9.9497004	8.3872992	0.21791412	0.10446406
2352	5.3408331	0.36613492	0.70483759	925.99499	9.8819124	9.7767814	0.092063942	0.16034154
2353	2.7603658	-0.66895975	2.1369974	1276.2917	39.104396	37.406859	0.19070367	0.25149759
2354	1.6796026	0.83733185	2.6270426	1418.5597	20.496236	12.632793	0.33598392	0.16052955
2355	3.9620299	-0.78396607	0.14207428	2463.4278	53.126664	11.32501	-0.07488527	0.016377322
2356	4.461239	-0.17754183	0.80686374	2343.8084	48.97477	41.224636	0.16804771	0.023895486
2357	3.5585942	1.4054017	0.24468464	590.9882	9.5268205	8.9615637	0.039385541	0.018493362
2358	2.1840546	0.86366723	0.40695325	238.63203	1.5978727	1.4318202	0.27735883	0.15828792
2359	1.181222	-0.15370269	2.7582175	2405.2388	47.614514	46.340642	0.21196356	0.077515734
2360	5.2850852	-0.15480597	2.8165038	4770.5087	32.961258	26.934064	0.12603441	0.15105521
2361	5.1357945	-0.1688512	0.22181352	3584.9629	43.932362	33.591575	0.19299162	0.7807961
2362	5.0646968	-0.56270146	2.8315445	3424.0415	51.916253	47.240496	0.033253588	-0.011050685
2363	2.1053003	1.1200342	2.6130412	6229.0251	49.260625	46.484379	0.091093337	0.24383428
2364	3.839573	-0.60575849	3.0499143	567.40768	38.398389	1.3389902	-0.0039080286	-0.030194048
2365	5.1824477	-0.2649584	0.71555152	889.9863	56.790271	12.408876	0.0044138646	0.17973196
2366	4.9295819	0.11638586	0.81449271	6986.5136	69.660549	58.671286	-0.16813906	0.15697959
2367	4.7973708	-0.58887095	2.3752737	850.39932	8.7522943	1.5265335	0.24262626	0.029961327
2368	0.37223558	-0.40869603	2.4632593	1646.0891	37.77607	31.252448	0.017819224	0.03411976
2369	4.4905265	-0.30444877	2.488111	349.36542	9.7347957	1.3037323	0.028042691	0.0030611788
2370	3.7474964	0.17524359	2.3412865	2590.5102	34.187875	33.836628	0.13690193	0.18273681
2371	0.61999699	-0.65905427	0.64609358	3421.7398	75.807978	68.613443	0.11296646	0.072495511
2372	3.7224943	-0.51652963	2.3344083	3822.1036	49.896942	34.544615	0.15816572	0.20969694
2373	4.9134346	0.33252559	1.3048658	3823.6641	58.1351	52.298955	0.066746054	0.27208299
2374	1.8805771	0.32690704	0.95797824	2629.2342	52.178084	23.795394	0.16845386	0.02548063
2375	0.31487712	-1.4186619	1.02501	744.75394	10.137271	8.2137454	0.0030288088	0.034639744
2376	3.6563494	0.78905431	2.5063055	338.55467	1.5280557	1.3962552	-0.14028991	-0.10711667
2377	0.38179753	-0.18108098	2.4518039	2851.2006	45.267136	42.292243	0.07868701	0.040045746
2378	1.0045023	-0.24854718	0.69962187	879.61629	11.932611	10.560873	0.34200745	-0.16233019
2379	2.534779	1.1956186	0.8057994	1307.2144	12.629438	9.9871076	0.42394282	0.25933082
2380	0.48648469	0.19141922	1.8334923	1109.9802	28.786076	12.920581	0.17802002	0.25751956
2381	2.5584945	0.30972096	2.3382882	945.1579	11.068636	10.033893	0.1300866	0.13627389
2382	4.5128872	-0.53589554	1.4033319	507.23108	38.290423	29.78512	0.58730757	0.21446001
2383	3.2411039	1.4194705	1.7045972	617.28729	10.124366	9.6376994	0.31766213	0.0010835382
2384	1.6226522	-0.29625174	2.3121945	1381.6068	11.888623	10.852592	0.1060956	0.14275299
2385	1.6388758	-0.44751026	1.8534683	468.72701	33.194981	33.072062	-0.020628962	0.0490667
2386	0.47927236	0.42124179	1.0806923	1738.2273	25.933853	14.084523	0.096048264	0.06012509
2387	4.5741447	-0.86992998	2.7639426	5337.0196	73.511432	71.049397	0.069417956	0.025666017
2388	3.8520751	-1.3000121	0.23521322	3825.7379	62.685182	55.549724	0.051166921	0.0020369352
2389	0.77545053	-0.17770287	2.0023032	398.89535	29.014981	3.261361	0.59829742	0.27963375
2390	5.3930429	0.21470598	0.42968243	2479.2996	44.732664	29.661738	-0.11398771	0.14365993
2391	3.3976074	-0.77441996	0.47267912	2900.4238	41.763406	23.730555	0.13354528	0.21784906
2392	3.3004701	-0.51702545	0.81236856	163.53288	30.450519	9.6939514	0.012833668	0.10484439
2393	5.0101982	0.61432552	2.1617696	1288.0587	40.524806	40.152373	-0.31853728	0.082117851
2394	2.7901468	0.94287256	0.74616858	911.79746	11.343406	10.255323	0.02237064	-0.00079983936
2395	0.39581141	-1.0924393	2.3329468	2316.8574	47.546236	41.066344	0.10540116	0.10758773
2396	4.0289593	0.22333301	0.49316033	1677.6207	23.644754	9.2700282	0.14914126	0.41031654
2397	1.0602085	-0.12763724	1.9790025	843.60987	22.12504	10.062715	0.00066666542	0.24706849
2398	1.7484578	0.83462147	1.0529071	4060.0781	52.203896	42.981162	0.37112779	0.12712678
2399	3.8374593	0.84740933	2.4454035	524.23058	18.884523	8.2436642	0.0097597248	0.28006653
2400	4.8932156	-0.11101226	2.1749337	519.38543	38.4082	35.62556	0.21839955	0.27960205
2401	0.8471614	0.016836239	1.4195833	128.78057	9.7973186	9.2149815	-0.0083781243	-0.045671536
2402	4.1522707	-0.20236712	0.42777876	693.86449	41.105255	1.9523264	0.024445002	0.084032876
2403	0.12028456	-0.25230182	0.74000548	245.40561	1.3479423	1.2439812	-0.16269727	0.084139287
2404	3.2096624	0.75696734	2.818669	1559.6917	20.751159	13.142549	0.016839376	0.18313872
2405	4.702569	-0.40828848	0.30815532	9364.9971	108.89153	90.226562	0.022970514	0.052731002
2406	3.7901859	0.67220136	1.5186477	613.03545	9.3966436	9.1834923	0.064174286	0.51416947
2407	2.8933858	-0.72358163	2.5674103	988.6335	10.32962	1.6841215	0.29037702	0.081640213
2408	4.1667154	0.46817408	0.22189627	6108.0007	71.335015	40.922158	-0.031810051	0.29109688
2409	0.91555365	0.14069836	0.5206599	407.77489	8.4360415	6.1188759	0.15795825	0.054426239
2410	3.2203335	1.1816222	0.15246465	216.89129	1.6524468	1.4353905	0.040509663	0.15605467
2411	0.13056002	-0.21016661	0.17206097	4833.1015	54.844705	41.922927	-0.31180351	-0.0080860783
2412	0.61894832	-0.35256991	2.6597989	1683.6216	10.0145	8.4706986	0.12958392	0.082913735
2413	5.3349036	-0.15440866	1.038737	2512.3342	51.861835	43.432086	-0.10683188	0.00041754841
2414	2.0838328	-0.2667487	1.8551126	1489.7185	68.515373	56.301937	0.19381651	0.090995919
2415	3.9895738	-0.30156316	0.79813307	1762.9439	28.923326	13.136962	0.11201222	0.051030897
2416	2.0858833	-0.37169667	2.9764688	6129.8577	38.908211	35.033658	0.26774384	0.35145544
2417	2.5510566	-0.37183119	0.60890132	146.78007	2.6991189	1.5034393	0.053030181	0.017964582
2418	1.7145612	0.52584887	2.2863021	929.05257	20.410571	10.275751	0.011650886	-0.033178358
2419	0.3056654	0.40135252	2.6815078	6670.2573	112.31575	68.320743	0.17200177	0.048917563
2420	5.1723131	-1.0763047	0.86199552	2704.2313	44.02056	32.496766	0.12454265	0.010162057
2421	2.2488288	-0.5112125	2.3530331	838.37896	11.1676	8.9370907	-0.12286298	-0.13366046
2422	1.8525213	-0.054801325	2.5869233	1264.1569	8.8753709	3.9913897	-0.30278894	-0.014384966
2423	2.8009122	0.094195659	2.4293639	1600.6506	12.583496	11.969351	0.12672796	0.031233934
2424	5.2292727	-0.3529511	2.6028769	3160.3617	33.492525	30.015391	0.040628334	0.15519657
2425	3.8026294	0.47164541	0.19055353	859.97653	18.140689	9.5394693	-0.51303927	-0.07973389
2426	4.3216143	0.6794445	2.0980947	1313.0506	11.122946	10.768126	0.35077296	0.028423551
2427	2.2252912	1.2345543	0.27256356	1501.7057	13.021654	11.505645	0.042536306	0.14107037
2428	5.9698746	0.52042812	2.278338	1099.4828	30.646606	18.955717	0.0044492621	0.0036896835
2429	3.229972	-0.54111362	0.3948827	861.172	10.435289	10.19864	0.21913457	0.04522859
2430	1.1052495	0.15206662	1.2773455	2923.8898	94.365498	49.588678	0.027396261	0.36966438
2431	5.6793715	-1.0937095	0.42560323	421.48321	6.450605	1.3555481	0.18760682	0.13454698
2432	0.12692526	-0.92535465	1.4064272	144.80437	1.9289417	1.798129	0.0050406006	0.040316543
2433	0.33721598	-0.19289371	1.2654809	1707.1581	46.446363	32.704607	0.18468145	0.26757466
2434	0.37398334	0.66816452	2.7602768	612.10168	9.5234056	4.4497523	0.11308416	0.034292246
2435	6.1599071	-0.63943822	0.33550838	357.42144	1.5154054	1.2736866	0.046748909	0.0043635037
2436	6.1449685	0.28164211	0.46140635	3557.7182	46.559539	43.88661	-0.10903636	0.12441794
2437	5.9569021	0.84102849	2.0498966	3624.2603	48.311808	44.825505	0.45420951	0.072305315
2438	4.4735821	0.89139231	2.6632241	3005.094	42.332414	28.024805	-0.050547414	0.28734123
2439	3.5186181	-1.0253042	2.8702122	3896.8924	65.12229	53.718129	0.027520369	0.086007574
2440	5.5905414	-0.75090351	0.30424203	1264.2281	11.928824	10.711284	0.25405917	0.23000953
2441	3.3335319	-0.59848135	2.9336473	4505.5816	52.920529	47.697706	0.18926125	0.6633634
2442	4.2998818	0.40020055	0.49319508	1573.7238	12.288152	10.884489	-0.041690178	0.0020880859
2443	2.2661382	-0.043771615	2.6971994	1199.1664	11.633051	9.2330258	0.2379685	0.017692311
2444	4.0671585	0.55932995	1.9912439	957.18224	34.390301	25.562679	0.011087607	0.016983387
2445	4.6888494	-1.1862241	1.8828389	480.33847	10.609073	9.844646	0.13467999	0.003424021
2446	1.4232236	-0.62736495	2.5986563	1303.6235	10.965865	10.00358	0.20595241	0.098685816
2447	2.1121503	0.16057889	2.8781849	1202.0065	11.624404	4.3243899	0.01438376	0.37660666
2448	4.1393506	-1.0434983	0.65914093	1023.4839	74.827475	45.324662	0.057332513	0.24636066
2449	2.1408432	0.64113098	2.4783992	8029.7424	84.699301	77.68508	0.016432601	0.05618329
2450	4.1425551	-0.34600353	0.61440987	860.10589	11.491154	10.149717	0.14254015	0.052672679
2451	2.5540166	-0.86746559	1.1601262	1042.9508	10.86513	10.304698	0.32778601	0.27425061
2452	5.7045722	-0.60718946	2.9487405	447.3888	11.054722	2.0266017	0.00093972642	-0.015312051
2453	4.0083589	0.56685873	2.7403227	1585.1128	17.729586	11.025705	0.020381855	-0.037957664
2454	1.7502254	0.53977984	2.9593793	670.68131	9.8388451	9.6379797	0.024676797	0.091446346
2455	1.7262706	-0.37208984	2.0340202	1185.6556	11.761408	8.5536978	0.24259831	-0.087001829
2456	4.1370973	0.81747994	2.1697461	4503.1393	59.972232	53.664729	0.50174592	0.59959729
2457	4.3951618	0.12628948	2.5350011	419.71349	10.287133	10.081938	-0.025740368	0.2842049
2458	2.3784859	0.25351372	0.68841728	141.39599	10.408829	10.344225	0.28526541	0.023786686
2459	4.4818701	-0.14514046	3.0568559	2835.4718	71.555336	43.974065	0.16148692	0.17651722
2460	6.2659303	-1.162926	2.960853	1256.3645	11.962279	10.629314	0.11254831	0.03077578
2461	1.838126	1.0853045	2.8310369	903.5509	8.2492838	2.5438649	0.039110988	0.15950227
2462	2.3815334	0.43480608	0.84656592	1513.2949	56.842151	47.213367	0.10144493	0.19859292
2463	2.3319125	-0.64775425	0.75221028	1188.0902	10.977209	10.331028	0.27518714	0.056640679
2464	4.861083	0.055856749	1.0677925	640.31039	9.6078471	9.4582825	0.21163955	0.083903059
2465	5.0167188	-0.28361626	2.3374287	1128.2822	11.085708	10.045847	0.26945005	0.18911307
2466	2.4061892	-0.68714379	0.70626508	3102.843	72.19688	54.324365	0.0042754516	0.050972292
2467	4.151204	0.38101165	2.3478945	336.4184	7.2541502	6.3676533	0.14682325	-0.0031215518
2468	0.68671411	-0.8241687	1.3470851	3058.3841	55.073534	51.122362	0.47840161	0.014679084
2469	6.1939148	-0.60819577	0.80228519	1205.1255	19.990167	11.694411	0.023435166	0.34817109
2470	4.1975356	-0.25226527	2.6771664	528.52466	6.935368	5.913031	0.27506271	0.013102172
2471	5.2881245	-0.40794671	0.95376107	2527.7257	28.969559	28.030095	0.054809794	0.26220606
2472	0.099535244	0.62046368	0.31008652	5695.1263	68.505209	55.451224	0.082389186	0.011183656
2473	2.9173982	-0.40417085	3.1103022	1334.9087	9.9675595	9.4520743	0.00076786858	-0.25578445
2474	5.0712295	-0.55123336	1.901755	702.40381	37.027819	34.301951	0.41949257	0.040466241
2475	5.8907804	0.23016421	0.74739551	1051.444	19.211186	12.144811	0.31910441	-0.22963197
2476	4.0312627	-0.26187985	1.0317867	1286.7678	29.549955	10.917764	0.30175941	0.29777192
2477	3.9421277	-0.9769856	2.8063451	6262.9353	63.954837	52.184163	0.23613716	0.061857453
2478	2.5060691	-0.14271986	0.1564033	2024.8559	19.494905	3.5189599	0.06929533	0.18090332
2479	0.16871451	0.45081007	1.9120578	155.65876	8.922168	1.2202565	0.22933091	0.21661362
2480	5.7760501	-0.32784678	1.4296711	1126.734	13.208537	8.9930576	-0.26480456	0.17168627
2481	0.6644996	-0.68338333	1.9705582	1878.4263	42.160651	26.075049	-0.00041203588	0.023902917
2482	3.7317402	0.49333243	2.0732924	336.27522	10.886393	8.8805179	0.18025485	0.14349833
2483	0.90774744	-0.093933857	0.89213624	246.89232	37.8833	26.862644	0.49033589	0.15120538
2484	3.3474218	0.50295153	1.0953402	4103.4553	91.653927	86.181114	0.15688037	0.068974146
2485	2.0741383	-0.79075149	2.5709069	1589.29	23.50209	10.536456	0.10295599	0.10814115
2486	5.5272626	-0.94533089	0.51153143	548.03625	3.5451073	1.3451647	0.0107179	0.01052718
2487	4.6297881	0.67227543	0.72801535	2254.188	47.469215	20.684638	0.20334324	0.044992575
2488	0.72903142	0.4588665	2.5394531	1166.1674	14.363531	10.056818	0.26760933	0.018453221
2489	5.716608	-0.74371473	1.259811	794.10905	36.999676	26.302908	0.0029681874	-0.33250589
2490	3.3981315	-0.090771704	0.78906637	2363.8606	50.609902	42.726592	0.08570862	0.019316447
2491	3.4991405	-1.016968	2.2560101	924.78458	9.9321491	6.951105	0.35125776	0.04114396
2492	5.369748	0.53097766	1.1064384	3763.9465	125.40791	53.714745	0.23554245	0.0060677229
2493	0.75928229	0.91824171	0.40022691	1793.4367	12.939352	11.998511	-0.15540538	0.015966383
2494	3.027724	0.43278414	2.3620878	8997.3131	76.999652	61.409387	0.026616717	0.15407224
2495	2.0984084	0.05309543	0.33739645	3652.4331	67.851566	57.086102	0.16713402	0.34600032
2496	5.4709135	-0.40418043	1.4282583	1835.4865	50.696869	32.086576	0.37309344	0.0050786592
2497	5.3253764	0.52506896	0.17745077	3298.7669	37.589668	22.133604	0.072587163	0.082945888
2498	1.9315632	-0.46626489	1.632007	76.885893	2.2375686	1.4514329	0.01058307	0.026868571
2499	3.7069246	-0.57844839	0.48548426	1725.12	23.15934	12.353982	0.087331056	0.20313084
2500	2.0061304	-0.53975061	2.8191884	3779.135	57.784508	38.651402	0.45246705	0.41945963
2501	0.45397801	0.7365733	1.0289805	5204.5926	59.215827	44.754273	0.024006701	0.080167788
2502	2.7198321	-0.74733088	1.3835898	691.64223	11.127436	10.047746	0.042500201	-0.0043783397
2503	4.4676419	0.74155163	0.54204222	731.32518	9.950305	9.8986013	0.20393962	0.5423771
2504	5.5242707	0.046106001	2.6943221	846.90142	10.71624	9.2731226	-0.12187312	-0.31640351
2505	6.273692	1.2911998	2.161242	1878.1889	37.59472	27.426066	0.12926131	0.0041110504
2506	2.5649093	0.91573812	0.86809256	819.17246	10.085858	9.3229225	0.1289944	0.17545137
2507	3.4018203	-0.78604786	1.7733804	800.12109	24.56385	23.67594	0.16296392	0.02206096
2508	2.5939406	0.16079607	2.0330739	691.85644	36.173402	3.0743288	0.096650095	0.042410489
2509	5.5187306	0.32394752	1.5087906	2715.6724	37.615595	33.27626	0.046419717	0.098678713
2510	1.2964575	-1.5161972	0.82029247	3410.4574	53.096655	42.305094	0.043335178	0.017687232
2511	2.5783931	0.10428288	2.1562482	1221.7723	13.663908	12.059722	-0.083782604	0.15741477
2512	0.47498042	-1.0550863	1.9131215	832.64354	46.614422	25.616149	0.0020034051	0.099943168
2513	0.038321677	1.0469616	2.737101	2048.4536	15.968194	11.98394	0.33318428	0.060905406
2514	0.27758517	0.79065031	2.8169996	1985.2137	47.16994	33.04144	0.22599784	-0.18361334
2515	4.1940266	0.65059022	2.8442692	1483.8359	26.694773	2.1670697	0.053648868	0.18821268
2516	2.3654991	0.1062174	2.1287841	143.64003	1.5968062	1.3902068	0.0069582731	0.041669916
2517	5.3220936	0.95530149	2.5987714	10165.403	81.4979	69.968659	0.12745344	0.075839313
2518	3.874783	-1.0125848	0.5017938	908.77709	10.021508	1.6726251	0.18443764	0.030500757
2519	4.0867405	-0.64054591	0.47555558	4018.4015	65.750783	46.956179	0.22362828	0.043484551
2520	3.1014683	0.52534557	1.9920921	2179.9288	51.24927	40.963834	0.021296611	0.040453337
2521	5.3865871	-0.37734929	2.0859418	679.03738	9.4782989	9.2777721	0.70937013	0.52140581
2522	1.219337	0.59096766	2.489274	4872.5224	43.461167	34.696372	0.20590914	0.055899061
2523	1.4464351	-0.92270286	2.6111923	296.61883	2.6967032	1.6147541	0.088934618	0.081051729
2524	0.98721159	-0.25639674	0.78838802	1577.8521	17.238482	11.677772	0.16033601	0.13203768
2525	5.6451767	1.2987906	2.627646	4963.574	59.00852	30.01541	0.058002998	0.25573521
2526	5.2331752	-0.92577204	0.56235526	1788.595	41.103803	18.447017	0.052198368	0.050429648
2527	4.8649248	0.41623941	2.5516677	1625.8135	10.901895	10.078098	0.05536778	0.23023948
2528	2.1624566	1.2283186	2.9825015	843.03452	12.001142	7.8968304	0.020194488	0.026073301
2529	4.6835698	-0.22726359	0.93838631	829.98095	10.491169	9.026801	0.00096384197	0.36694054
2530	3.1438805	0.44593483	1.1580866	530.93014	11.39588	8.9342549	0.092601516	0.034323578
2531	2.4990223	-1.4092069	0.95609435	123.15174	1.7593548	1.3495806	0.043630232	0.10631822
2532	4.539576	-1.0000836	1.6456088	440.75425	30.148672	26.048304	-0.0071309626	-0.18332716
2533	0.70019393	-0.90897804	2.2202536	1235.9725	42.871249	26.021887	0.023997428	8.3837872e-05
2534	2.0585264	-0.063671668	0.28255121	3771.7151	29.231288	17.006521	0.099589641	0.0078301825
2535	4.1876312	0.47911753	2.8469712	2716.9989	52.35767	27.689531	0.16191691	0.16092384
2536	3.4762167	-0.56294631	0.649041	3850.268	57.802165	49.5623	-0.048945264	0.011239966
2537	3.3685904	-0.60695545	0.66826892	3241.946	66.892336	65.743614	0.020459856	0.064123086
2538	4.9450263	-0.83502483	0.93882772	599.26978	9.901192	9.5704664	0.042773611	0.34248763
2539	3.5385494	-0.72927943	0.41032917	11179.621	99.241629	88.520191	0.2054744	0.04592658
2540	3.4954209	0.093729958	0.98748916	78.147678	10.700085	2.800854	0.0082333163	0.12196387
2541	1.1859024	1.2743855	0.82837067	1860.7042	49.144159	40.765664	0.0014599113	0.27371652
2542	0.61842414	0.082721523	0.12033871	9577.9649	105.24442	102.95986	0.0017559333	-0.17532835
2543	1.3996834	0.13887159	1.9158859	2861.108	69.23238	39.729693	0.21686339	0.028126503
2544	4.1686651	-0.35754995	0.45956954	2557.9713	17.76456	15.311704	-0.0014629195	0.13746198
2545	6.042297	0.75422175	0.39294466	7271.1506	57.993274	42.146349	-0.013130907	0.13715967
2546	1.5816059	0.50307041	1.9339349	606.49563	37.382475	35.682793	0.093532264	0.016740547
2547	5.7495984	-1.0768659	0.26761887	2645.1606	21.657621	14.221408	0.23795781	0.078838193
2548	2.1137093	0.58579413	2.4202324	245.99945	2.218445	1.5322995	0.16737504	0.055416286
2549	5.1798823	0.490185	2.3364326	187.58324	18.211834	3.1996774	0.19876747	0.017107661
2550	0.99976064	0.88223271	0.68486381	1945.9988	59.83488	41.793829	0.023755405	0.12972346
2551	3.4675842	0.6296075	3.0607525	2193.8683	32.380922	13.551637	0.12583401	0.0053153832
2552	1.8185588	-0.046677079	0.69327984	7755.3273	112.97125	66.487951	0.081143036	0.45305214
2553	4.0355752	-0.45265451	0.1469732	285.38112	2.3152321	1.3324867	0.18189409	0.038148518
2554	0.43656238	0.95555674	2.6742428	351.57133	9.5923766	9.0767516	0.010017544	0.058139724
2555	2.9987407	0.7588112	2.4011118	1559.8258	24.152505	22.677443	0.085647116	-0.11660958
2556	1.4971392	0.13368182	2.786823	1438.0129	14.535142	13.444367	0.78279845	0.026363668
2557	6.1465032	0.28722252	0.53471116	885.39849	11.126452	11.074521	-0.06540631	-0.057737234
2558	4.572333	-0.17090385	2.6539057	307.37846	1.8522418	1.5610066	0.035356434	0.22836429
2559	6.2289951	-0.68606491	1.455176	1039.6891	28.319475	15.869096	0.086833147	-0.0013239739
2560	2.1644362	-0.64686721	2.4790161	635.39282	34.586009	1.6053694	-0.25756287	-0.18923829
2561	5.677031	-0.069273663	0.94532416	2928.0331	51.177153	47.739141	0.085038638	0.35356377
2562	4.5968992	-0.017916293	0.59368934	2801.3944	53.568726	35.10095	0.10052867	0.0055158929
2563	1.1288204	-0.97485512	0.47088931	7907.813	75.719562	71.577598	0.056407614	0.1811523
2564	5.6324961	-0.25254006	2.0357902	729.97012	23.746349	22.997395	0.054599189	0.024293807
2565	3.8619213	0.64475424	0.41385703	2497.2792	13.014808	12.264938	0.086581039	0.23137343
2566	2.6083731	0.59944138	1.4065133	2054.1855	46.354701	42.659307	0.26436419	0.2082002
2567	4.9408212	0.93126992	0.63122757	255.52858	1.4126105	1.3138122	-0.017260877	0.25363872
2568	5.7466586	-0.26724396	0.70465057	2085.2437	57.502169	34.501423	-0.0016300011	0.10201219
2569	4.2957024	-0.26099605	2.5502395	1631.9406	31.852822	26.239908	0.41808775	0.13324707
2570	2.4360244	0.39153752	1.3436813	2106.748	40.393314	34.805981	0.12541664	0.34533613
2571	4.582363	-0.050922531	2.4265343	5864.7732	96.571119	58.197638	0.24077282	0.13791258
2572	2.2437659	-1.3329553	2.9222704	5630.3807	60.346572	60.149053	0.015731201	0.22391739
2573	5.4819265	0.60227657	1.9845601	1025.9367	41.087601	29.763248	-0.32766532	0.076949227
2574	3.174896	0.83519614	1.120812	2048.3858	44.34598	37.624712	-0.0025356613	0.077148921
2575	2.7701324	-0.15061327	1.0496991	3392.0791	41.263742	37.113617	0.031131437	0.13767209
2576	4.1627111	-0.12925928	2.3861193	2518.6166	50.954499	31.533385	0.10168368	0.25424794
2577	2.3441856	0.97340873	2.5324493	981.49126	11.863531	10.523869	0.21682486	0.23852961
2578	1.5926825	-0.35353597	2.0305234	311.13027	2.2579924	1.4498111	0.039431636	0.027883979
2579	2.9274442	0.63870463	2.3549963	1689.6333	38.394544	21.530919	0.082036169	0.28877066
2580	2.0540834	-0.88912428	0.48553578	3073.4122	52.998128	42.297137	0.33879589	0.02399265
2581	5.9829057	-0.84797849	2.5715195	632.12092	10.667801	1.2892802	0.096169292	0.30241333
2582	3.2202545	0.50980015	0.87716153	447.93341	7.8051789	2.9334237	0.3175086	-0.083021022
2583	0.13557456	-0.1645995	0.6491046	3402.5443	48.264318	29.438798	0.076964564	0.082572254
2584	4.4152414	0.33161963	3.0272684	2648.8613	45.07533	9.7871002	0.49609825	0.050132899
2585	3.0525567	1.0034372	0.49296806	459.22027	20.848678	18.430165	-0.017711388	-0.15265934
2586	1.9017163	-0.027257642	0.8876339	1214.6506	37.948823	17.2988	-0.00029588273	0.36518372
2587	4.2331766	-1.0379041	0.78460331	3171.5666	42.277144	41.802802	0.061037014	0.23899027
2588	2.298828	0.45762185	0.98336847	191.95924	1.5874386	1.4912273	-0.0078433225	0.0067642758
2589	1.5582493	-0.08053788	0.71516526	4264.4137	75.760788	60.36807	0.049502173	0.23654947
2590	0.2215166	-1.0038424	2.0559698	1143.5405	31.641989	24.137759	0.14083901	0.061067269
2591	1.3977505	0.52691121	0.51558117	1901.7268	15.683011	13.606816	0.12538452	-0.13438626
2592	2.3558659	-0.70164081	1.8325516	144.69302	10.316027	9.203805	0.045420642	-0.036985879
2593	4.1984202	0.02919769	2.4428553	828.01317	51.067533	35.190857	-0.003968508	0.024848666
2594	2.5716555	1.043623	2.9492426	6821.5046	69.549409	64.006684	0.043250349	0.11841906
2595	5.2943606	0.067085968	2.6321007	6932.5026	52.482978	48.015474	0.11484509	0.14664573
2596	3.4257703	-0.49219593	2.9165948	1129.5232	9.6844284	8.3022455	0.0023884201	0.11757526
2597	4.2058238	0.62457529	1.1158584	996.46849	21.016245	12.868576	0.068167903	0.13309158
2598	2.6929584	0.25531267	2.6046626	790.79833	35.671519	27.977562	0.0057253049	0.13453051
2599	0.48961458	-0.82506252	0.91989778	3756.3055	81.855604	56.402125	-0.012730929	0.045297484
2600	0.033211543	-0.85207131	0.86789007	4608.8022	62.932623	61.750584	0.089402599	0.22311942
2601	3.3687708	0.35115584	0.32819314	4774.5642	82.941767	66.71475	0.18435555	0.17235502
2602	0.55612394	0.37823959	2.7347753	1591.4445	69.392713	41.096461	0.18600185	0.238508
2603	2.9483201	0.92504169	0.68562553	3331.3245	40.674964	30.466141	-0.0050187444	0.35224094
2604	2.0306741	-0.98322762	2.5353264	541.06196	14.325839	1.6986761	-0.0033655713	0.036849087
2605	2.2334798	-0.20377177	0.85109967	2506.5539	44.383252	37.500775	0.41107226	0.00015930408
2606	4.4457786	0.040179562	2.597307	5205.2785	120.79313	88.852831	0.19486308	0.26823318
2607	0.17161143	-0.15997894	0.58942091	3539.6824	49.57762	48.698908	0.57081922	0.51376818
2608	1.8100938	0.56762623	0.1971512	6152.9713	67.247687	54.589098	0.49988501	0.0065544311
2609	3.4999359	-0.70467088	2.7968936	2862.4807	36.592693	33.171246	0.060980897	0.23627778
2610	4.4517053	-0.61159446	0.51327053	1211.6181	41.505426	13.698851	0.031556085	0.3048943
2611	5.9776592	-0.43103225	2.3178327	3861.6977	101.7725	66.468985	0.10140073	0.0315685
2612	5.3574764	0.94280467	1.7960262	2862.9541	45.540322	45.36104	0.12807135	0.10702417
2613	0.65693825	-0.85725831	0.97233953	2750.9957	45.951686	36.02225	0.086985304	0.21991062
2614	4.6780731	0.17359859	0.72977785	3408.2897	90.55345	65.537152	0.053488548	0.012012311
2615	4.5636755	0.8794169	3.0996114	2434.9703	42.573078	40.531803	-0.056398218	0.62863903
2616	0.82188411	0.57203947	1.2881567	372.66456	33.449849	9.6800733	0.40913276	0.17572829
2617	2.7233545	-1.2175234	2.476177	2801.4541	40.402184	33.457725	0.023025079	0.14895515
2618	4.2214981	-0.29992648	2.4483967	725.29658	12.052662	8.3957506	-0.086881792	-0.093881266
2619	4.1875746	-0.67773537	2.6316389	2830.7337	43.557055	43.415128	0.23940402	0.47073839
2620	1.2523976	0.66542589	2.1700533	1109.5331	32.20705	27.580897	0.32277746	0.29905709
2621	1.9741789	0.35921076	2.2285184	176.08499	1.5496157	1.4517448	0.0078098111	0.05306911
2622	5.0378621	-0.051249942	2.4008202	670.49764	9.6366924	8.9313111	0.28892587	-0.032793231
2623	3.889126	0.079022893	2.1895803	565.40254	19.284046	10.026172	0.0071276735	0.039023844
2624	5.4086594	0.027441999	0.58828408	1519.6359	29.257707	12.16144	0.26903596	0.55572349
2625	1.9771271	-1.0576379	2.8173514	2380.6029	47.715209	29.261482	0.10895754	0.050059841
2626	1.0078702	0.89242695	2.3232716	3491.2617	57.636092	51.490836	0.023974646	0.018532586
2627	0.20552296	-0.19852949	0.14192989	604.01467	6.1835086	1.4160834	0.32550635	0.12042929
2628	0.41990007	-1.2455551	0.92096525	5111.2529	63.289606	60.410567	0.33255112	0.0098074828
2629	2.8028958	1.2497319	2.6654446	832.73991	10.89401	10.82896	0.36651751	0.29264616
2630	3.3905993	0.68507224	2.6231829	398.74896	1.534279	1.4884675	0.11905387	0.069443948
2631	5.0261576	-0.29184037	0.46359758	416.46529	2.4257445	1.9105949	0.097209249	0.10218745
2632	4.9590986	0.44054235	0.18946045	4161.7524	50.828068	44.044131	0.28868588	0.0063683202
2633	5.9582608	0.26663294	0.59275542	4940.1382	64.958557	45.644102	0.046857445	0.42279787
2634	1.7439676	0.2917371	1.7489251	370.47792	9.1900165	4.0715561	0.25334046	0.011930363
2635	3.425955	0.90026505	3.0607674	1164.116	11.470659	11.417173	0.090626776	0.014742803
2636	6.2610018	-0.14061983	2.0832938	281.40791	9.2292417	1.5466333	0.19282911	-0.046887478
2637	4.362243	-0.62494284	1.4008577	622.9174	15.480249	13.072756	0.015695925	0.084381815
2638	2.2820748	-0.47187644	0.52117802	760.46746	11.655059	10.852262	0.21665147	0.034761123
2639	2.7423468	0.89675995	0.38479497	1766.4179	13.478823	12.969195	0.54756985	-0.063810125
2640	4.2302584	-0.84403903	2.0576622	1624.3457	37.970289	32.164447	-0.036053884	0.20863653
2641	5.8377924	0.40459207	0.75415853	1658.7976	41.024055	28.402003	0.22817272	0.0053079207
2642	0.90277666	-0.22110778	0.901378	4192.5803	58.434952	45.672841	0.30182857	0.081006784
2643	0.0074217694	0.16467606	0.3687851	322.87436	7.9179474	1.4231547	0.090462063	0.30770408
2644	4.8507767	-0.23628222	2.2825846	2336.5444	49.39127	37.894186	0.21958547	0.1959277
2645	2.6559435	0.69476274	2.4745541	440.51557	10.652926	2.7782211	0.13629557	0.12911084
2646	5.9236955	-0.32816067	2.3495441	1883.084	46.527378	11.088833	-0.046852658	-0.01796964
2647	6.0014958	-0.57773785	2.0625463	635.91932	2.2367093	1.5229397	0.24332692	0.038130593
2648	1.8833782	1.2157409	1.6613819	840.56835	23.303072	17.794499	0.50168751	-0.11917322
2649	5.1735177	-0.76446008	2.3961117	2738.9297	63.194714	59.403747	0.12842414	0.0062723274
2650	1.3520198	0.26658372	2.5592929	4570.5086	114.79387	71.232202	0.36101648	0.15597374
2651	2.0974411	0.77634002	1.0517718	1669.6222	39.204639	24.456264	0.066406247	0.050291275
2652	4.3770527	1.2481862	2.3690504	3118.1936	33.839217	31.839662	0.11605802	0.24313435
2653	2.6505645	0.36557239	2.5728183	2633.4269	28.887803	14.372138	0.0049316321	-0.044507569
2654	2.821113	-1.1764775	1.2429876	1265.8645	47.731259	40.142176	0.10020433	0.0038027326
2655	6.1404082	-0.10013247	2.5342902	743.30201	12.981196	2.7695397	0.061914841	0.014497557
2656	2.4517796	0.48241507	0.73206521	1724.6161	12.496312	10.974092	-0.05193077	0.060305093
2657	1.9280234	0.5966573	2.1162566	269.23352	1.8603182	1.4511163	0.1364844	0.14767776
2658	3.2086975	-0.47200237	2.8463412	558.98125	2.803814	1.3623467	0.078517154	0.072779036
2659	0.91568582	1.4110514	2.1899311	5030.6784	61.493491	56.757017	-0.16394599	0.0092029606
2660	6.0179669	0.60490011	0.4123612	1512.3433	12.764611	11.914449	0.096506456	0.18434502
2661	5.2812819	-0.7626091	0.64190906	1869.043	58.732779	46.130423	0.10428478	-0.0028984326
2662	5.0976427	-0.77872286	0.34319907	1103.6167	10.690707	9.6308886	0.17039523	0.013823398
2663	4.9035073	0.65300744	0.4477821	1902.4126	25.384288	20.947096	0.33381113	0.18304324
2664	5.4225823	1.0781397	2.6217089	7360.0464	126.05636	61.047385	0.21864094	-0.003662019
2665	5.6100457	-0.73716075	1.0435281	1782.9107	30.964617	22.777078	-0.0078053287	0.067364963
2666	3.9600496	-0.11752509	0.5306986	2636.1954	41.308443	27.931846	-0.0098469023	-0.0055670648
2667	2.0872831	-0.30361843	2.8842341	635.37034	12.034516	3.7926198	-0.019891552	-0.030290917
2668	5.5493626	0.42743489	1.0709333	741.78798	51.939756	12.291041	0.010710656	0.18596784
2669	2.9605361	-0.16866523	0.7226781	1590.7532	14.68166	12.160284	-0.084256505	0.15438254
2670	0.26471671	-0.58824949	2.5246909	366.58365	12.352436	11.58315	0.014055434	0.49285468
2671	3.3254543	-0.94264182	1.7832594	1857.2228	51.979911	43.700312	-0.46705459	0.073920807
2672	3.4814032	0.61681576	0.57330906	832.96818	11.394328	10.611836	0.094325409	0.25105749
2673	2.3279891	-0.40156658	2.5966171	2107.5086	47.801384	37.504065	0.28843515	0.37140835
2674	5.6281057	0.49856681	2.3069122	1167.9804	13.877211	13.364152	0.082622672	0.26572131
2675	4.4834575	0.76640376	0.27827124	1330.991	10.500011	10.014484	-0.21004148	0.014330777
2676	0.56529675	0.22482132	2.5177205	3316.4598	74.239248	54.118994	0.024852789	0.084575647
2677	4.1600315	1.0969846	0.80040944	2166.2296	50.585062	46.90742	0.12404065	0.45070892
2678	1.666247	-0.35809245	2.5106083	1450.1394	24.785803	12.226032	0.17669702	0.049313351
2679	5.2999094	0.21653745	0.7121919	857.05007	10.013688	9.4308423	0.33850792	0.058082131
2680	4.900545	1.136849	0.25021597	4925.3413	65.380044	52.399564	0.072108504	0.47818762
2681	1.4257877	0.79342125	2.2834774	868.79478	16.226464	8.2274716	0.18222913	0.14671952
2682	3.9080367	-0.99538477	0.076756665	545.93264	10.844673	8.3950562	-0.43239023	-0.05472578
2683	0.1121596	1.089976	2.1868957	1243.1681	12.656287	10.749421	0.018502672	0.20657444
2684	0.96281816	0.82638898	2.2158033	4726.1752	116.31929	36.399484	0.018452876	0.0063667925
2685	2.6443424	-1.0927614	2.4537812	685.81357	14.529995	10.770534	-0.00081094913	-0.010196293
2686	6.0912508	0.84514853	0.59738291	2515.265	13.25283	12.279342	0.0021750876	0.31706234
2687	2.6877071	-0.59284665	0.98633319	1932.29	39.681609	37.947101	0.16271625	0.40462045
2688	3.7780298	-0.32770858	0.39089915	319.15781	1.7275906	1.5218646	0.33327025	0.012877227
2689	4.5955967	1.124533	0.67002558	3729.1146	56.566262	36.446632	0.059448669	0.11558014
2690	0.79327244	-0.91768231	1.1552134	2634.7196	57.368256	39.131753	0.30126336	0.18867875
2691	6.202076	0.39679136	0.86807454	510.6957	21.878066	12.311389	-0.082343518	-0.017615384
2692	1.2209816	-0.2597746	0.49090973	1192.3803	27.024457	26.178483	0.40198146	0.042079083
2693	1.3410271	-0.66125992	2.2932871	945.48138	11.688472	10.766687	0.10622468	0.070013425
2694	0.17025995	-0.63131015	2.9787942	1459.822	11.821078	9.0405946	0.078521507	0.019023171
2695	4.0617191	-0.20666723	2.0128198	4604.3916	83.561188	53.08537	0.32337848	0.10259196
2696	5.3604085	1.1118897	0.76175951	463.07213	12.082731	9.5795971	0.48544807	0.079375025
2697	1.465243	-0.33249574	2.5797415	5652.3195	116.62736	54.814673	0.10042648	0.15427089
2698	2.223696	0.12455351	2.8165459	1213.8947	11.821882	10.301611	0.37948269	0.06906181
2699	1.7980421	0.78299995	0.06913186	284.92068	8.4819469	1.8697573	0.052093172	0.0093671599
2700	5.0036323	-0.30081296	0.099035055	458.19933	3.2648933	1.7434484	0.16010178	0.10633444
2701	2.5810853	-0.046731977	0.73628504	1568.4689	12.026373	11.811538	0.083154273	0.0115748
2702	5.8795599	-0.68680363	0.72928788	648.46189	20.075963	19.866776	0.0087947207	0.23946609
2703	3.0958975	0.48725118	2.9447563	4854.4919	57.579598	42.289018	-0.24356668	-0.045589425
2704	5.823544	0.96829259	2.3736535	562.23727	2.9055475	1.7020297	-0.011736757	0.018875882
2705	5.0262015	0.11614092	2.0720057	874.72488	39.912164	16.213023	-0.13470961	0.29301106
2706	0.81583537	0.65085069	1.078766	3794.6805	57.735487	48.238134	0.06914145	-0.010530878
2707	1.8842124	-0.66542962	2.4953003	927.94511	25.433441	23.081328	0.10926378	0.016307355
2708	3.7816534	-0.91800863	0.20510627	1368.7487	43.060204	42.039995	-0.2322013	0.088853865
2709	4.3826952	0.18413137	0.24301948	1257.5664	44.807597	38.675609	0.25777666	0.32382574
2710	1.4730571	0.53387915	1.2000846	2511.8583	49.313896	34.801266	0.040259082	-0.05424467
2711	5.282014	0.1987758	0.44792638	1437.037	24.309643	11.023934	0.024516646	0.20112982
2712	4.7978067	-0.52989783	1.1029302	1106.0935	18.76761	10.057625	-0.024766026	-0.011529588
2713	1.2016917	0.76010193	2.495237	1600.5252	26.220022	18.289106	0.09841984	0.087374989
2714	0.23782008	0.51484018	0.77671785	2847.5085	98.189297	68.5153	0.13981147	0.46623955
2715	1.8863187	0.11148166	2.0252143	1108.5401	31.298162	8.4293325	0.064460769	0.0072452498
2716	1.2151084	0.24639683	0.56016814	310.49373	12.758745	1.4892822	0.021836017	0.03020733
2717	5.2315042	1.0570347	1.0516163	2751.2207	42.585584	26.338458	0.079625133	0.12790247
2718	2.4905224	-0.92465108	2.7389864	3818.5723	43.904768	20.156167	0.26079976	0.099980268
2719	2.6231249	-0.16856299	2.4654168	5679.4194	57.948262	54.502899	0.0013907646	0.12866702
2720	1.9518978	0.17018923	0.874045	2639.5697	43.499007	24.80889	0.66993786	0.26671054
2721	5.4636732	-1.0435284	2.3561078	318.42285	7.0561057	1.6143687	0.067240429	0.015942322
2722	4.031981	0.7977929	0.76219838	4057.2482	96.946997	65.157308	0.010178086	0.020327425
2723	3.0965465	0.086618797	0.84850286	703.97332	11.625004	7.4381797	0.21729299	0.0210729
2724	6.1076214	-0.69946246	2.1644213	2147.9643	40.509012	28.56424	-0.091006793	0.084420989
2725	2.3173735	-0.33377522	2.7975746	1726.2739	11.788527	10.585003	0.11725388	0.098947856
2726	4.9322187	0.46570415	2.7051285	8234.9093	54.350971	52.160303	-0.21402235	-0.044064064
2727	1.6426953	-0.52039525	2.3248613	3713.1281	45.605681	36.223214	0.044596993	0.030766255
2728	1.5601926	-0.38200663	2.4666754	3439.5365	59.609592	45.308315	0.1121954	-0.023784365
2729	2.2463209	-1.1019405	2.1227117	1207.1229	51.398556	42.081036	0.39307086	0.43130862
2730	5.445734	-0.9399533	2.3335928	2527.696	39.954573	32.825237	0.10865488	-0.12524964
2731	1.7007133	0.11107908	0.70709824	471.62401	9.9656494	2.1837639	-0.029141891	0.28334648
2732	2.4000499	0.88844471	2.5211168	566.21605	2.2775745	1.6637081	0.015108865	-0.18677956
2733	1.5962289	0.65296035	0.65471137	11479.819	90.807989	87.132775	0.098398432	0.076902324
2734	2.9408596	0.50854621	0.66275003	383.86945	6.1790191	1.2773826	0.03511788	-0.30757237
2735	0.62455344	-1.1409014	0.56132442	706.67546	9.2593326	3.491206	-0.061015313	7.5167795e-05
2736	4.1704277	0.43702431	2.1170147	2403.1601	52.844767	37.230885	0.30848028	0.020133664
2737	1.8576767	1.0174162	0.35791179	3257.3895	48.58889	45.000047	-0.0094900289	-0.14069982
2738	3.5290533	-0.0021404391	0.54915014	575.85703	11.308629	11.280525	0.22053644	0.16528813
2739	0.18471208	-0.36403293	0.2016333	776.80312	9.0364058	8.5140797	-0.00080527687	0.15184846
2740	3.3373687	1.2113419	2.8857213	2157.2522	33.564255	16.137405	0.4387231	-0.014495409
2741	3.3558117	-0.84219485	2.9609185	8940.2765	82.533323	75.695657	0.12665446	0.0036748197
2742	1.4579145	0.2364022	0.65403279	1271.9088	12.335068	11.682774	0.14121263	0.35751821
2743	3.7414968	0.16498964	0.10439321	3711.3505	34.798175	31.282118	0.13073517	0.67632486
2744	4.0025133	-0.50461245	2.4950962	10646.592	84.104999	79.38889	0.10923191	0.37872056
2745	2.4523426	-0.19326564	2.2241925	361.31093	2.2735268	1.5920653	0.11227678	0.099615407
2746	4.4464895	1.2929092	0.33211156	916.81603	10.180825	10.106737	0.087993023	0.16341424
2747	6.0906358	-0.9786818	2.0192198	380.23108	10.746035	8.0559456	0.36017767	0.14963702
2748	0.40271746	0.1364427	0.67416975	3492.1367	50.404163	48.58456	0.17405774	0.12631644
2749	0.2633346	-0.49827652	2.4311755	1636.9647	38.965946	27.271074	0.13224053	0.018389685
2750	4.5743838	-0.64492583	0.49958402	4120.9545	60.670903	54.226902	0.55118529	0.11221967
2751	4.9632147	0.98081201	2.7875854	847.80356	11.279774	6.5861858	-0.067678201	0.33386996
2752	0.37166503	-0.59228118	0.91790614	461.30442	8.3687636	1.5509457	0.0038050928	0.10380687
2753	4.0715979	-0.67038101	2.6308354	574.99401	10.159371	2.2032556	0.010862737	0.21687724
2754	1.7688428	0.06250141	2.5071243	4257.9548	49.659627	48.127762	0.40154086	0.13549803
2755	2.6862892	0.69477719	1.4025729	3943.5858	54.442292	50.166395	0.264913	0.050782729
2756	6.2709666	-0.82587866	1.9711174	5385.0372	65.03231	63.612801	0.2444191	0.39242537
2757	1.6734693	0.4707897	1.3863272	523.28444	12.76613	9.0822146	0.15361525	0.22301724
2758	2.6166558	0.35883366	0.44061167	1069.0613	10.979658	9.9737878	0.048269888	0.078876319
2759	0.85740393	-0.47615535	1.3498474	647.27118	37.838308	25.693976	0.43047826	0.29383362
2760	1.1371263	0.16005667	2.7026101	715.54511	10.740618	9.5918029	0.2150008	0.059783883
2761	4.7947339	-0.69502457	2.9580938	378.36178	3.3110201	1.3941905	-0.31905382	-0.27996924
2762	5.9549372	0.58733857	0.55103664	1519.8963	17.674558	13.126005	0.12023505	-0.39915227
2763	4.2604369	0.60303677	0.62169308	304.3532	2.1150908	1.6455505	0.1256378	0.10605011
2764	2.8959789	0.38556044	1.7242303	352.26709	11.723	7.87141	0.11487986	0.32553811
2765	0.84874233	-0.57812425	2.5343174	7867.6242	59.694913	44.810488	0.33575223	0.14988505
2766	2.1945492	-0.17082987	0.65412334	356.66766	2.8837538	2.1092271	0.038090424	0.24016762
2767	6.2337527	-0.48132392	0.53160318	451.95641	10.303776	1.3777967	-0.25039516	0.11618057
2768	4.931131	-0.84633882	2.5538585	2604.0228	27.087592	11.137791	0.022645694	0.026926105
2769	1.2368481	-0.096214611	2.1452467	1957.3286	32.129625	31.205289	0.088520671	0.063999484
2770	4.7928404	0.90136161	0.48598917	1357.4681	48.834085	34.15867	-0.0024402422	0.20062155
2771	4.5644773	-0.71243443	0.52973666	411.78663	13.029632	8.8274442	0.021643268	0.03840378
2772	3.7109499	0.3429574	0.38638644	326.25629	1.5485737	1.3334684	0.019764961	0.23388705
2773	0.88570646	-1.0381945	0.71076147	2770.8213	45.958305	45.794932	-0.11101163	-0.012102477
2774	5.109518	-0.77343668	2.7227233	2839.4518	40.422149	37.336371	0.3820921	0.046408663
2775	0.46527231	0.065531109	2.3684005	3728.3691	37.621355	34.990153	0.080389785	0.0014837596
2776	3.1962647	-1.0273351	0.98228663	589.17997	10.136816	10.022318	0.21606708	0.013290814
2777	2.6441876	0.59619185	0.52100636	116.23185	1.4059683	1.2314652	0.078564059	0.33718369
2778	2.9292386	-0.59761847	2.8195347	6548.1168	57.812372	56.240787	0.20991943	-0.27152601
2779	3.0005598	0.39443917	2.4368233	1224.069	11.221307	10.86079	-0.1698436	0.096906478
2780	5.5657148	0.33037366	1.3015287	1208.9762	40.638437	32.204513	0.43641319	0.12117062
2781	4.7921025	-0.41020204	3.0998406	2888.2888	62.663466	47.987549	0.46244559	0.00024255858
2782	2.6831139	0.70472151	0.61971586	2314.3233	45.140532	26.184498	0.18989101	0.21440966
2783	0.21223913	-0.61064763	2.688173	2956.5884	25.849252	12.09999	0.50914443	0.4365055
2784	2.8848436	-0.90743956	2.0375106	715.96128	11.329327	8.6859338	0.019965507	-0.0054650808
2785	2.0162427	-0.13512039	0.39948222	2323.6325	36.832471	35.030938	0.096859877	0.066486073
2786	4.6086594	1.2180663	2.3950203	392.10959	32.589144	1.9624669	0.092071041	0.0054490366
2787	4.2169508	-0.013716059	1.0093605	148.64351	1.4759339	1.3910175	0.12827936	0.0031848938
2788	4.0053852	0.048690235	0.68678554	2041.2618	40.140168	37.092779	0.033463833	0.19738126
2789	5.6906516	-0.70966391	1.0825405	704.55146	10.166368	6.7310742	0.49599481	0.17159032
2790	1.8527629	0.38941891	1.9265722	1031.5425	63.47115	49.434036	0.2559312	-0.014537203
2791	4.5241658	-0.33322651	0.73910891	1967.8409	34.599165	33.237859	0.07730891	0.067725017
2792	4.816842	-0.79070384	3.002836	1139.8592	12.80647	10.754269	0.089321789	0.098360273
2793	3.851374	1.1350174	0.72238579	708.30007	45.971965	36.087836	0.014796236	0.10463983
2794	2.5665887	-0.35708959	2.4937786	2172.3254	28.433116	12.731631	0.0029551049	-0.011111949
2795	2.767814	-0.72660056	2.4875682	843.37579	24.443747	17.505394	0.30612987	-0.10817508
2796	5.6335241	-0.33700164	2.5464793	992.58175	9.3324391	9.1499435	-0.037654339	0.034539234
2797	1.6747496	-0.033363059	0.53104491	5208.2681	78.736523	43.28614	-0.16368151	-0.11457555
2798	1.1825715	0.48387217	0.49545442	1522.7788	11.209615	11.094429	0.35013167	-0.020573117
2799	6.0062067	-0.11529644	2.6011027	1868.9128	17.439748	15.37917	-0.085792154	0.025758894
2800	1.4769036	-0.10788523	2.582442	1300.3615	12.581702	5.9531131	0.23286526	-0.004089807
2801	1.6019293	0.84527711	1.9438721	2155.2955	37.718447	30.176833	0.19883273	0.096988162
2802	0.33708684	-0.14948982	0.27478172	1356.0166	26.349299	22.581836	0.040348359	-0.51286761
2803	5.9146454	0.64198082	2.257649	1812.393	42.415514	40.741239	0.20386369	0.10048949
2804	4.7233243	-0.75310775	2.3022437	1530.8146	11.151476	10.648134	-0.0061954695	0.13863207
2805	3.6103074	0.8655479	0.31233847	1422.6268	11.928369	11.813159	0.07357855	-0.030398089
2806	0.90632138	-0.46713501	2.1409517	1498.5214	12.380677	11.075783	0.24788408	0.037481324
2807	1.8534452	-0.24589365	2.5731934	1047.0754	11.996703	11.990236	0.35417801	0.32548041
2808	0.27395699	-0.58187005	2.5951836	204.8694	1.6237087	1.3455964	0.011503599	0.099714411
2809	3.083246	-0.69461647	0.70867325	2062.6315	49.143819	42.221725	0.18941125	0.06490402
2810	2.9613194	-0.63487898	2.7963466	1955.6053	10.82815	10.800277	0.34139032	-0.10188487
2811	2.6127978	0.011645078	2.3500465	2600.105	45.061433	40.714053	0.19908654	0.35079697
2812	1.0809045	0.62539336	0.51986701	5715.0067	66.592502	66.429114	-0.0021589173	0.10417051
2813	5.2182952	-1.0712635	2.7476881	9135.804	94.679901	86.274203	-0.021382786	0.038047488
2814	5.9504285	0.74387448	0.81692147	1496.882	40.600473	11.816442	0.12980784	0.021448075
2815	3.6387738	0.059898341	2.3874844	1292.5256	46.926894	29.976627	0.26186388	0.375197
2816	5.9495725	0.15383843	2.8716626	1978.6438	39.21909	13.438134	0.093926629	0.078647455
2817	2.0844008	-0.30593324	1.1195199	1341.9482	37.39595	35.778987	0.24568897	-0.060614551
2818	1.1383608	-0.20357608	2.560112	896.73275	8.1097803	7.7667775	0.0049300517	0.25921152
2819	0.67375152	-0.49574256	2.7247054	298.03568	1.1906131	1.1565983	0.038425435	0.016231369
2820	0.61344845	-0.53730687	0.78793178	294.38665	9.6678121	3.3433281	-0.063083485	0.027710816
2821	5.4644012	0.93523041	1.8486998	1904.1409	52.57199	40.297398	-0.04097793	-0.05270016
2822	2.1899124	-0.64183354	1.9128429	3473.3437	49.311287	46.962792	0.23728914	0.047653179
2823	0.54951598	-0.16048314	0.87944156	4680.8581	56.43314	47.504948	-0.057528876	-0.17117458
2824	6.249414	0.44380475	2.2345584	3011.5164	53.929044	52.064935	0.003708643	0.25988835
2825	1.8830374	-0.03802473	2.473125	409.62279	1.9781619	1.9137917	0.060389652	0.22003519
2826	4.5406989	-0.60367654	0.31242899	1547.5109	23.304501	16.41169	-0.17012539	-0.23576174
2827	4.9140364	0.68089636	0.49000697	2022.6584	28.280506	23.033094	0.15704832	0.21183968
2828	2.3353998	-0.7293912	2.5548343	2090.7372	16.043208	12.623236	-0.028938911	0.15966288
2829	2.6525145	0.20567022	1.0321763	201.5143	10.928466	9.9124654	-0.11340017	0.10795916
2830	2.6028251	0.11443604	0.19643016	2769.222	51.400634	45.538711	0.25154692	0.054071383
2831	5.7244076	1.4057245	2.108435	2736.9705	50.0524	42.312534	0.14852375	0.27985471
2832	1.6427458	0.093646742	2.8475815	456.29726	8.6674749	1.3967592	-0.008327888	0.046943638
2833	0.94053692	0.44862241	0.59542849	283.50215	1.9356866	1.563662	-0.052451964	0.058603109
2834	5.841441	1.0633071	2.6730488	6583.7787	61.886332	54.367692	0.010680304	0.17258756
2835	5.2786403	-0.84014805	2.3309833	1874.7377	12.332407	12.312323	0.18005185	0.00035560073
2836	4.6163622	-0.53693967	0.2612802	3519.8676	51.600349	44.167423	0.17167942	0.19131317
2837	0.24475484	0.38829045	0.30860159	2216.0358	12.272161	11.850993	0.078684335	0.0083678173
2838	0.81065064	0.75519841	2.7921412	158.40994	1.6542826	1.2180222	0.077828827	0.1034162
2839	1.0050128	0.15188488	1.8348763	888.35905	13.072072	12.962172	0.0080982678	0.14132403
2840	1.5277048	1.3900167	0.45650264	294.32856	6.7614613	1.7463084	0.11928393	0.0068079022
2841	5.1705771	0.92333181	0.16500178	3232.125	50.414984	44.448557	0.19313887	0.15492499
2842	2.6805185	0.2801872	2.6445108	2411.5874	31.737381	13.571086	0.033440965	0.015554906
2843	3.2273721	1.2926812	2.894672	252.65793	1.5890136	1.2528649	0.1130299	-0.085814569
2844	2.5559373	0.17134726	0.75314618	706.51429	14.083174	10.692887	0.10620955	0.12841866
2845	5.6888171	0.079717933	0.29436804	952.60777	43.137826	39.224922	0.0092859883	-0.27866636
2846	1.1913252	0.35950199	1.8664232	915.92329	30.855918	9.4938129	0.068866076	0.16057312
2847	1.6578587	0.03356787	2.7706876	2270.6818	34.683916	18.409024	0.086577155	-0.0048595391
2848	3.5024549	0.088831071	1.1324755	692.11589	10.753659	9.5359487	0.83640088	0.092024876
2849	3.7004612	0.38835218	2.4644028	2368.0934	43.81419	41.528206	0.45277719	0.11393865
2850	5.4629401	0.043794509	2.9015198	2347.4027	47.351143	45.911858	0.11487287	-0.016752029
2851	0.47678939	0.63529978	2.2240838	2042.5318	13.129688	12.698223	0.21231687	0.15360375
2852	4.8228248	0.37699004	1.1692622	1318.2981	31.024563	26.175202	-0.0049280577	0.018988026
2853	0.2029663	-0.596973	2.1092358	1932.4297	29.931832	24.202984	0.037872937	0.13105025
2854	1.9979092	0.039906209	0.9289787	128.72969	1.9223159	1.6005203	0.20949016	0.0035727897
2855	3.3203545	-0.27436238	2.4266382	1364.3322	12.047141	10.105707	0.25550727	-0.11160366
2856	0.5427609	0.53200667	0.13628501	2842.0074	39.384157	12.204522	0.20395444	0.044064101
2857	4.7396238	-0.724878	0.71166494	1431.9044	58.500064	24.687744	0.013884672	0.2623055
2858	1.9718946	-0.88438018	2.6626824	1126.4084	11.574629	9.3482847	0.31790422	0.043705843
2859	5.6375437	0.093272626	0.46644543	5868.271	53.802208	27.861315	0.0085459984	0.3670726
2860	4.3639185	0.063546158	0.61175091	2952.6984	80.221363	41.783725	0.0078080516	0.051855266
2861	2.5112054	-0.25276326	1.6462743	1582.4406	42.353015	41.335097	-0.17027313	0.04231134
2862	4.1753556	0.11572929	0.68633859	864.71517	11.210207	9.7835755	-0.064221939	-0.07594801
2863	0.97501699	0.71049302	2.8053563	729.89762	9.6274349	9.0414937	0.015832797	0.011286177
2864	4.7666032	0.45767271	1.6864315	690.77958	17.56481	11.159754	-0.13559929	0.1407225
2865	0.71397613	0.4911406	1.8820895	4963.0077	78.016432	52.220334	0.28307156	0.1816888
2866	4.9962712	0.065852599	2.8114534	3819.6998	52.247227	46.036866	0.22983165	0.033090987
2867	1.3114554	0.73160442	1.1390196	1395.7683	43.36633	41.656833	0.13299742	0.055689835
2868	2.267582	0.10272536	1.0259654	1413.9809	26.43227	13.556061	0.31318725	0.14659401
2869	5.2576699	1.4085946	0.73698094	223.16178	41.140999	2.6928592	0.028529876	0.14922489
2870	1.7934582	-0.087751624	2.7696372	1107.635	11.024823	9.322979	0.022290901	0.44345026
2871	5.6566502	-1.112869	2.4101217	2335.416	87.223776	30.275117	0.017209213	0.45560496
2872	1.6524265	0.59566415	2.4825291	2596.6675	39.547121	38.316431	0.27714212	0.15899675
2873	3.3808506	0.70751129	0.595547	4915.2426	111.97808	70.016861	0.18172322	0.10466166
2874	3.8097844	-1.1136727	2.7361947	1001.7708	30.777133	17.104664	0.10039973	0.39790014
2875	0.91389793	-1.0214829	2.4554864	2634.6603	43.943592	39.42932	0.082306074	0.2435628
2876	1.4450194	-0.27283292	0.6046622	1749.9763	12.938088	11.957224	0.45425677	0.036999771
2877	2.4623531	0.31609676	2.9185268	426.85166	13.33865	9.6294166	0.066877156	0.12913083
2878	6.0776813	-1.1166768	0.3606336	1778.8857	38.902078	2.8610612	0.64558114	0.032699937
2879	4.5017527	0.94139822	1.9841512	1739.5189	35.395442	33.370262	0.059739982	0.20771143
2880	5.9598517	1.0573526	2.1117717	616.4065	10.893116	10.170206	0.16277832	0.14313669
2881	0.66783974	-0.2690842	2.7752122	3789.9567	46.036101	43.336912	0.28452913	0.22246111
2882	1.2838029	-1.0839577	2.3796187	2391.9634	28.857021	28.167489	0.01306822	0.0028135452
2883	3.2132521	-1.3255915	2.1764688	982.68873	43.610789	42.461635	0.022921486	0.10537646
2884	0.38073788	-0.99525128	1.1430954	375.98133	10.697396	8.5860214	0.17071258	0.32999975
2885	4.7314608	0.9727619	1.6859692	666.27415	34.979737	27.422974	0.51109323	-0.023480809
2886	5.8579008	0.81831986	2.1940362	3864.8297	64.511011	43.442584	0.35669109	0.10908216
2887	4.5872765	1.2397532	1.0100875	2391.6909	44.401877	43.342778	-0.0070626717	-0.030431744
2888	6.104161	0.18547557	2.5917394	1044.6881	5.9244587	3.8340605	0.049150561	0.089579742
2889	1.6051483	-0.85668797	2.8247429	705.8541	7.4573439	3.1243755	0.47388163	0.24379446
2890	3.7995438	-1.289152	2.9221845	357.18754	9.4870558	2.9864385	0.25966917	-0.0060592472
2891	0.17236165	0.46128949	0.33273126	3630.1089	53.122127	50.706805	0.093532264	0.016740547
2892	3.3786615	0.33081956	0.42929425	2208.8841	17.980775	14.035865	0.57216155	0.1967937
2893	1.5345056	0.75616399	1.5576931	777.42971	40.500191	20.948395	0.13677969	0.30350693
2894	2.9260044	-0.65927276	0.33168885	842.84602	11.062599	9.0908029	0.038072687	0.12550029
2895	5.7554349	-0.56452352	2.65065	1533.0194	19.208268	11.138217	0.022919568	0.45917397
2896	5.4066123	1.2462663	0.59753026	1847.9487	96.687998	46.731251	-0.0014154968	-0.14987662
2897	4.9999386	-0.45123578	2.6000925	1538.8186	11.178943	10.948486	0.086466936	0.080701968
2898	2.2977504	1.3370008	2.4588416	975.60984	54.906676	30.02297	0.070126493	0.053763387
2899	0.24258036	-0.84515971	2.7830783	371.85367	1.8508188	1.7781594	0.048372857	0.020818535
2900	2.8766292	0.39218131	1.3789699	617.85215	13.503894	10.849032	0.082650053	0.089483287
2901	1.3559516	-0.25940227	0.17934155	5610.8972	58.258683	55.330004	-0.0064611564	0.090116466
2902	0.10990379	1.1416069	0.73732549	679.45488	37.421645	10.648639	-0.0037222222	0.042758339
2903	1.2366276	-0.048596447	0.26561443	3944.8612	54.909491	50.081066	0.14843077	0.14307214
2904	2.2471271	0.30013756	2.4735873	1888.5316	15.414879	15.413633	-0.012309265	0.47723638
2905	1.6945796	-0.59729059	2.8093375	934.06454	36.206046	26.449152	0.014948932	0.17755236
2906	0.20974741	-1.4599238	2.3074557	2122.7573	49.081511	36.215652	0.18972798	-0.018206501
2907	2.5592153	0.39258777	0.34899619	3362.7467	51.188407	49.004133	0.068158629	0.041023895
2908	5.1019963	0.42167474	0.56287422	3299.6916	45.392733	25.455368	0.082036169	0.28877066
2909	4.7062595	0.81963975	2.5040831	3108.4943	52.120511	38.727655	-0.12416125	-0.036177751
2910	1.5558558	0.97820221	2.6863861	3943.1704	53.491468	47.685452	0.0055635265	0.038410703
2911	0.55872102	-1.5113892	2.6631505	1961.1907	13.356088	12.664948	0.16498888	0.28859736
2912	2.3561082	0.064740771	2.485302	2163.008	77.425421	41.182652	0.077106192	0.35514977
2913	0.34706776	-0.84619093	0.45166163	8297.8511	140.97828	78.172949	-0.01037702	0.028285737
2914	5.4157247	0.2565629	0.25818943	373.72384	1.7993828	1.401654	0.17691191	0.0012191859
2915	4.4469413	-0.74463532	0.26413865	2128.8552	41.739606	33.929439	0.10627419	0.20800139
2916	4.0913775	0.44925982	2.5647429	9202.207	84.755898	58.779427	0.30479667	0.062594075
2917	2.9924148	-0.18780849	0.6473858	1503.3012	40.856942	18.716511	0.27208165	-0.056358335
2918	4.363903	0.18213712	1.4538465	303.15719	9.7767054	9.5307242	0.12082242	0.15610487
2919	5.3039082	0.73620871	2.6589163	1656.4835	33.924737	17.685239	0.31495248	-0.18729826
2920	4.8994308	0.74396497	2.7249658	3398.4037	45.606058	13.706251	0.16899353	0.031304501
2921	1.4033801	-0.20311457	0.91691362	3003.4796	45.899297	43.786988	0.083490223	0.010442908
2922	5.5642605	-0.70477258	2.4179599	160.55541	1.2914607	1.2596353	-0.0006953696	-0.163734
2923	1.1857707	0.40460664	2.7811941	4202.0687	58.290645	56.664841	0.093027845	0.11404027
2924	2.068916	-0.89419903	2.5956365	1282.5579	9.9589284	2.6307216	0.084859998	0.017553468
2925	1.0350645	0.24943094	1.9120522	3084.3396	38.375669	29.709914	0.0019119769	0.089131326
2926	0.72509956	0.63442126	1.2850321	2228.2103	41.363584	41.321856	0.11731984	0.070450908
2927	3.8448365	-0.40452745	0.52440752	672.86832	19.952338	1.6910522	0.077087253	-0.022731968
2928	0.50239177	1.30605	1.4687288	777.32994	23.293557	16.780093	0.1183466	0.29942242
2929	5.1230274	0.67456702	0.30727089	810.92804	29.5347	1.7382764	-0.067973725	0.00088431138
2930	1.0615417	1.1584155	0.68447252	1216.3487	11.394306	10.565784	0.094803513	0.16618411
2931	1.563286	0.12178092	0.47909561	375.76833	10.49706	10.28319	0.19480702	0.03278008
2932	1.4243808	1.3341302	1.4899343	1234.0609	44.857655	33.588071	-0.10525175	0.076168233
2933	3.4771915	-0.029376791	0.74658753	455.90158	8.403463	1.5881855	-0.050934876	0.22736482
2934	2.5539261	-0.42335269	0.46025154	1124.5288	13.10332	11.572279	0.49109356	0.20759057
2935	5.5385784	-0.96899387	1.1589348	2751.9624	51.037898	28.806386	0.01779226	0.033800429
2936	1.6396386	1.2971072	0.86160733	3726.0314	54.710174	49.541626	-0.081232492	-0.12677505
2937	1.945821	-0.77014844	1.8074033	636.85238	42.030446	10.512187	0.030123609	0.10225496
2938	0.088267067	-0.69116585	0.7606285	1935.6683	13.804341	10.593357	0.082184464	0.0040676497
2939	0.75123796	1.0775112	2.9616763	2444.3266	30.22532	25.603704	-0.04255846	0.046253304
2940	4.7666491	-0.4415764	2.8721813	2254.3343	17.84653	11.787023	0.055108643	0.37404226
2941	4.2427511	0.62675373	1.2916084	1710.348	40.584812	28.983959	0.35243685	0.49855826
2942	0.19602281	0.53504955	2.6899584	434.64045	14.791814	8.3945503	0.091685444	0.028830041
2943	1.5677825	-0.10555375	2.9334119	2974.2298	37.652808	37.338206	0.15415964	0.075008387
2944	2.7534551	-0.48910721	2.7806942	3489.807	58.129649	51.727469	0.6166035	0.048722703
2945	0.53210734	-0.56441766	0.63917186	3569.4395	22.443279	15.638583	0.082941148	0.47609023
2946	2.3265039	0.72832137	2.5208498	2588.3467	54.59002	24.538754	-0.0066626237	0.068637458
2947	6.1693766	-0.29534168	2.6607472	2266.0805	59.258362	49.626809	0.008252084	-0.05605329
2948	4.2629011	0.22973727	0.41118155	3843.3741	41.12605	23.104092	0.083750341	0.10241946
2949	0.95834552	0.7268346	2.6836827	3185.5455	52.434903	45.429353	0.12360631	0.060472829
2950	0.64185696	0.81303405	0.65550415	1166.8795	8.7100704	6.7396122	0.088829507	0.092894732
2951	3.1462616	-1.2275776	0.25432926	7264.8059	69.470213	52.678242	0.090929136	0.20192733
2952	3.5103533	0.5440978	0.362347	4723.0355	59.233366	55.334704	0.24157148	0.034828872
2953	2.8251351	-0.016597609	1.8035524	1039.1086	30.762878	29.81342	0.12738428	-0.073162511
2954	0.10252753	-0.20151704	2.9708923	1347.0707	10.203369	9.7580198	0.091863581	0.023498839
2955	5.187835	0.015748031	0.52795792	2107.6687	42.180153	29.986098	0.44502487	0.29141978
2956	5.4595303	1.096979	0.50422645	4310.9691	64.768172	56.878333	-0.24701702	-0.00077430085
2957	1.8359843	-0.82506368	1.6308168	1199.561	36.201307	28.67694	0.056097499	0.10851373
2958	4.9098644	-0.26252703	2.0599693	683.75583	46.639648	32.279432	-0.0012694301	-0.018036033
2959	0.054704209	0.42634137	1.0317965	940.71795	13.224263	11.212936	-0.032460176	0.25130464
2960	0.10810944	0.070846653	0.51144251	10139.002	116.94139	114.42468	0.30889049	0.065878485
2961	1.3752705	0.21858745	2.3319999	1466.4726	44.324928	32.94548	0.41422203	0.013288397
2962	3.1244265	-1.3208706	2.1065303	889.05017	14.983067	8.4193865	0.28182336	0.34640059
2963	0.60818028	0.90992266	0.4382086	2195.9087	51.315604	22.977563	0.0038396839	0.21279456
2964	1.4783189	0.63566894	0.51751859	5309.4525	64.696358	61.280361	0.23916712	-0.59713272
2965	0.25064633	-0.017916176	2.4795668	1991.8683	46.353273	37.758589	0.19427366	0.023508487
2966	2.6107088	0.34136205	1.4363267	247.09848	9.78138	1.7622247	0.16023303	-0.0038616277
2967	3.1024508	0.91333967	2.3089315	1004.907	10.895488	10.387788	0.093071845	0.36441109
2968	5.1665928	1.0812983	2.3071369	352.839	3.7586633	1.6347938	-0.0058848264	-0.028944584
2969	6.0514723	-0.23255508	2.729184	1823.4116	12.074259	10.592524	0.043460111	-0.0023512555
2970	2.4155696	-0.86949244	1.6690114	1867.0177	42.753677	36.712947	0.071486788	0.11525365
2971	5.5836532	-0.41913109	0.87043748	6336.3178	64.085584	46.274169	0.042168465	0.17035058
2972	5.6875325	-0.28112332	3.0404884	2123.162	50.811825	33.055133	-0.0025328155	0.18022095
2973	0.19919191	0.68216725	1.0211589	393.63158	16.004171	1.1815904	0.025697303	0.052665562
2974	3.5997962	-0.13513372	0.2294022	5319.8559	54.763557	52.289235	0.15550102	0.026758203
2975	6.2178543	-0.15622149	3.1046629	4535.8996	58.080092	50.694403	0.12415136	0.092288856
2976	1.4352273	-0.17119675	1.4400427	961.14542	42.164652	41.961632	0.032772057	0.050077639
2977	0.10886122	-0.20955067	0.25101057	1878.4698	54.577805	37.428962	0.094614053	0.25344758
2978	5.8635686	-0.6011116	2.1673448	4197.9354	63.370545	49.659934	-0.1670711	0.016822731
2979	0.29127725	0.97218976	0.55354143	1023.2554	20.82766	12.461081	0.31575813	-0.057404759
2980	4.2206562	0.86780244	1.0961632	573.65465	20.963146	16.435577	0.023861089	0.011882932
2981	2.8823026	-0.61222655	2.3540686	1157.7761	41.646429	39.452378	0.23607772	0.16917619
2982	1.0956896	0.81813115	1.7791265	758.80841	18.298466	10.400534	-0.0094071563	0.18833408
2983	1.5928098	-0.611959	0.93661268	1192.8736	46.413259	45.389101	0.0059675282	0.11099741
2984	3.8334531	-0.18593898	2.7612996	3582.1137	47.112075	38.729494	0.25772064	0.10910455
2985	6.1918638	1.0316816	0.74518375	2659.1846	44.536029	26.322352	-0.013003857	0.023436336
2986	4.1272182	-1.0784028	1.0519882	822.08261	11.580985	10.065487	-0.1333051	0.20765918
2987	5.9834201	-0.73282105	2.0312004	201.43213	1.8335207	1.4873235	0.1044135	0.042292301
2988	3.2472162	0.52116802	2.7008006	458.88801	3.2434769	1.3387709	-0.060474798	0.060582721
2989	4.1911518	-0.18302009	1.016599	5053.7073	124.93168	114.60192	-0.017615232	0.0064744533
2990	6.2037819	0.81693734	2.8719623	4799.4528	35.629633	34.583391	0.13810583	-0.061266993
2991	6.2381297	0.69380214	2.6683757	3742.3649	51.892934	38.859424	0.12826644	0.28177153
2992	0.84619625	-0.0069007503	2.320404	4436.4121	76.342862	62.626431	-0.0059410874	0.22381069
2993	5.691572	0.89042788	0.29613425	2431.2607	31.785136	26.614479	0.0067593006	0.44907102
2994	2.215506	-0.060175328	0.82442921	6021.1682	120.57923	68.146275	0.40873544	0.17235465
2995	0.64411029	-1.2064488	2.2016605	1147.4269	18.97836	12.135976	0.11632236	0.036622336
2996	5.782305	0.42626391	2.706061	4287.2499	35.966749	34.201073	0.18635361	0.4497734
2997	2.1290177	-0.45406915	0.31918547	977.57202	10.128999	10.067385	0.38210946	0.16099842
2998	4.7303022	-1.0186165	0.55692833	3066.0064	45.855285	43.522737	0.23241743	0.16090476
2999	3.6880048	0.93341099	2.5719066	2103.7567	35.351403	34.978722	0.36832061	0.3918188
3000	5.9723098	0.15956381	2.8699899	383.01898	8.3524597	1.7628566	0.12631673	0.044582831
3001	2.0077879	0.14543856	1.1018271	983.44866	37.951624	27.960174	0.013503065	0.16546861
3002	2.4618489	-1.0379971	0.38571417	257.34061	2.2387502	1.2659661	0.018071614	0.37989252
3003	2.9594366	1.2361639	2.5210572	1919.9421	51.260044	13.168338	-0.19172681	0.47280465
3004	0.74810516	-0.96084905	2.5324217	1485.0096	49.421342	45.391486	0.27497865	0.10099657
3005	1.8143835	-0.4734691	2.1207033	507.57585	24.8995	24.35297	0.078404047	0.042505031
3006	0.2007846	-0.94876415	0.43718334	3228.1043	28.033601	26.092945	0.23228783	0.17573784
3007	3.7675493	0.56808843	0.23459715	3972.506	35.231796	34.251196	0.01425926	-0.19005151
3008	3.3595715	0.3050908	2.7595106	2583.8564	48.582848	39.391335	0.067568169	-0.047326596
3009	1.5475789	0.57724088	2.5093171	2522.8445	15.174873	13.341518	0.16948874	-0.30584037
3010	0.25747594	0.36572934	0.76949017	996.51164	12.230879	9.3953845	0.18541178	0.011763885
3011	3.5296754	0.69864536	1.9383737	805.6395	27.712423	8.9323734	-0.040578427	-0.42222581
3012	1.0866456	0.79283133	0.57865153	7470.0451	59.722618	55.618026	0.055938275	0.32032002
3013	3.8692328	-1.1365528	0.24807814	2011.2191	14.7923	11.742104	0.16205877	0.24399449
3014	3.1464764	-0.76281578	2.4877863	1473.13	37.600776	4.8802978	0.1220232	0.029790127
3015	4.8042333	-0.79049618	2.7196187	1160.7818	13.948482	8.2883679	-0.056262247	0.20586691
3016	2.9359358	0.099850304	0.54380777	8546.6997	154.82887	134.32784	0.061101322	0.12048396
3017	0.81194858	-1.3507457	0.75746346	1235.7668	27.243492	25.589876	0.21762059	0.10817944
3018	4.2489525	0.45316269	0.66956167	4173.9816	59.639729	50.795358	0.028162569	0.14436665
3019	1.4386002	0.44663902	2.2952142	988.50317	19.765252	9.9440828	-0.02850657	-0.0018656924
3020	0.23396039	0.89748105	2.6449865	2246.5291	56.06741	21.009747	0.21757925	0.07863451
3021	0.23483458	0.77241612	2.5631681	1060.8881	10.261428	9.7601651	-0.10080088	-0.12425452
3022	0.27860553	-0.86625632	0.5757421	2371.7314	14.629082	11.751324	0.42558043	0.26095022
3023	0.37344432	0.4014215	0.81086456	484.83003	3.5437013	2.3628506	0.14810986	0.25195458
3024	3.7505296	0.70090655	0.30836638	311.50736	1.6266798	1.4415005	0.052581959	0.052220063
3025	4.348498	0.76450792	0.84984387	2824.0749	67.084341	34.522238	0.038321489	0.20260154
3026	2.622377	1.2583889	0.71750375	1692.6446	31.331947	30.398671	0.096450562	0.12125457
3027	1.2717043	0.40217494	0.91915766	665.95839	9.3086567	9.029391	0.078611513	0.49067078
3028	0.48111007	0.87429863	1.2126204	1070.3536	11.568332	8.1073816	0.1715848	-0.011190343
3029	4.8517898	0.27531663	2.3026459	1149.051	13.89824	11.810146	0.07782561	0.22900907
3030	1.3246246	-0.88320322	0.52693422	928.64782	9.680331	9.674539	0.165773	0.02053993
3031	5.7906442	-0.029061714	2.4533985	672.4739	12.856738	10.266415	0.024925303	-0.096793976
3032	1.1902069	0.43471448	2.0344601	2258.385	56.409923	43.743538	0.0031780335	0.09003281
3033	1.2547244	0.41805441	0.88543697	191.77623	1.6899386	1.2988178	0.015891635	0.13271776
3034	5.8609921	0.47628414	0.3998782	3926.9388	38.836571	35.831817	0.029142792	0.063174722
3035	4.2659614	0.26794878	1.9998637	1393.2384	37.663156	32.062625	0.38829781	0.10743973
3036	4.1047901	1.0496775	2.6749346	9785.5579	68.186498	62.764907	0.08547935	0.077179525
3037	0.0134307	0.36170748	0.40943053	3675.9243	56.491659	54.223744	0.11737812	0.0070151931
3038	5.365728	0.21727357	1.9041875	1563.2758	36.494864	34.279947	0.25258713	0.30455129
3039	5.0277804	-0.3342679	2.0360285	2742.6536	49.078972	27.099833	0.048533916	0.11015762
3040	3.126666	-0.8588056	0.19284888	4213.6845	54.480188	41.373359	0.47848029	0.076075255
3041	2.5467882	1.3626481	2.0337982	1783.9079	41.020517	38.889478	0.175529	0.040061673
3042	3.858454	1.3132725	0.68016214	3600.1005	56.739566	53.378734	0.14966904	0.087147784
3043	3.3544161	0.28123976	2.591964	1168.6143	22.389343	19.476573	0.056790722	0.085173959
3044	6.0038773	-0.78014524	0.97503885	1151.3187	38.478366	38.476528	-0.02103617	0.18052143
3045	2.6576775	-0.54613568	2.5091906	1673.6317	12.240875	11.378721	0.28189856	0.033516675
3046	5.7424896	0.30402727	2.5941391	2474.3045	42.200163	31.935762	0.12346799	0.1678692
3047	1.8080733	-0.29227976	2.2981768	838.63821	12.648292	10.627021	0.29574389	0.16310685
3048	3.8026506	-1.0123745	1.7624423	1174.9446	38.692551	36.725226	-0.075541668	0.40736496
3049	4.111761	-0.1330556	0.084378013	2257.4782	55.077149	49.172673	0.20086371	0.07612435
3050	5.1003647	0.48501316	0.39066651	1927.9341	40.979015	36.62228	0.12401793	0.035695975
3051	2.2963823	-0.46020926	2.6817199	5349.1782	49.634744	42.256196	0.014552156	0.22483993
3052	4.6966493	-1.2061549	0.97136587	924.4249	29.678465	21.512347	0.14598082	0.070258863
3053	4.3616575	1.2617308	1.0898008	2024.664	48.751871	46.902302	0.13552324	0.15543284
3054	0.32395003	1.131733	0.59793299	7345.6746	60.787065	58.701646	-0.031813516	-0.049757256
3055	2.6539663	1.1669383	0.80137111	1503.877	11.940027	11.657141	0.20915709	0.0062924564
3056	1.4277729	1.1271108	2.2711475	1287.8769	15.20481	11.310098	0.11213118	0.11997938
3057	6.18627	0.49334932	2.2977828	289.13985	10.307442	1.6365281	0.079323649	0.223617
3058	6.1235551	0.76635653	1.1789169	1842.7107	42.830089	42.537419	0.3303166	-0.051156321
3059	3.373652	0.82510332	1.2450551	3060.6711	80.931989	51.572534	0.47909978	0.11841816
3060	6.2348664	0.95176516	0.2511134	2237.6495	40.726475	22.945096	0.12906594	0.16281674
3061	3.5087753	1.3306991	1.4585662	487.35072	9.5469848	2.4615341	0.27181392	-0.025037021
3062	1.1642852	-0.049791793	0.61045198	1929.9972	42.888232	33.021283	-0.094353291	-0.043571092
3063	1.5366428	0.54572107	1.6011795	893.84701	11.267459	11.074457	0.19602456	0.028670225
3064	0.38124332	-1.0616901	0.87817937	1269.7218	20.156767	18.305646	0.042328335	0.061756549
3065	3.8210148	0.82322	2.2835666	1504.6773	32.743323	27.966972	0.021431817	0.082389298
3066	2.5270942	-1.0712189	2.852461	2061.3	11.465387	11.315907	0.040503475	-0.19623566
3067	3.6185762	0.90233591	2.4828923	864.77762	10.176657	9.826799	-0.02171617	0.19742695
3068	2.489449	-0.16430645	2.5106157	7081.832	72.093695	68.514473	0.020936851	0.10739542
3069	5.2145683	0.72936516	1.9164517	229.44132	11.732927	2.1320018	-0.065256482	0.020122269
3070	2.4077571	0.21017483	0.41374533	2119.0157	12.864745	12.756346	0.38549967	0.16091725
3071	0.41308339	0.27840213	0.55672377	1279.9451	37.15907	36.381347	0.57310192	0.23760888
3072	4.2119404	0.56552799	0.21877151	1159.8661	12.589792	9.0572781	0.098148314	0.4756945
3073	3.3802999	0.036129774	1.3460031	1628.1533	47.946677	41.538102	-0.13107364	0.02557059
3074	1.0452868	0.62447895	0.52939205	3644.7551	49.621828	45.965477	0.10764759	0.056208751
3075	3.9014003	0.2458531	0.53026972	345.32668	10.45473	1.3796738	0.013966229	0.28215944
3076	2.1621698	0.13326544	0.20944034	5301.4537	65.586395	63.294109	0.010019021	0.15430951
3077	4.9595831	0.18515947	0.94901223	1242.9476	32.640184	11.91191	-0.019911126	0.061462052
3078	4.2366519	-0.33469356	2.2444291	3233.8269	59.320162	53.970532	0.23435574	0.20150227
3079	4.4058452	-0.64862661	1.989279	317.40395	35.872389	27.942521	0.1719023	0.32020535
3080	0.63052029	-0.38476447	2.5831871	737.87191	13.175032	10.455128	0.10501759	0.023208285
3081	5.992251	-1.2257924	1.9767673	2415.8429	43.962267	40.884497	-0.014818994	0.0051333532
3082	1.3353104	1.0079657	2.5386416	4105.7929	58.286066	50.266126	0.10878314	0.099692074
3083	4.4010698	-1.3627223	0.83323273	2609.0016	54.630957	42.321022	0.20814894	0.018669619
3084	1.2022559	-0.67831134	0.73280978	2294.7863	33.168436	26.885533	-0.092865799	0.0023902983
3085	4.6418783	-0.46620625	2.4255866	5565.7607	45.076793	41.525343	0.2578902	0.26543735
3086	4.0625704	0.31888466	0.55043804	580.31104	27.898576	4.4847775	0.013336755	-0.037068288
3087	6.0772918	-0.13881498	2.1346738	2801.0576	61.732293	51.463135	0.31376224	0.24007429
3088	4.4362395	-0.19996714	0.52510083	199.30724	9.2366617	8.255668	0.28736784	0.058913712
3089	2.4896116	0.41195966	1.8470349	783.17989	16.516036	10.814933	-0.14521213	-0.022572956
3090	2.5863308	0.49768379	2.7267984	1958.4828	22.072603	11.138928	-0.075146693	0.13235994
3091	5.3071195	0.37978909	0.63796606	1484.3141	11.431566	11.262148	0.06961978	0.31410791
3092	5.9648705	0.64456303	0.91343051	1046.4993	11.064006	9.9887545	0.34171451	0.087946335
3093	2.4424159	-1.0759118	0.30461418	3408.9655	43.799501	41.307834	0.50822609	0.14552027
3094	0.50035817	-1.2358795	0.21442002	908.57152	11.539684	1.7894083	0.007469332	0.0010273108
3095	3.1067796	1.4497811	1.3551546	33.60056	1.7068075	1.2510848	0.057382868	-0.10305147
3096	4.5617515	0.56289593	2.1472338	400.48608	4.597162	1.514019	0.0036030635	0.18831138
3097	5.2505754	0.7137442	1.0777563	582.80263	21.355482	10.201109	-0.11065178	0.46568275
3098	4.0682898	-0.20185106	2.3192381	1524.589	12.901608	10.358382	0.077648237	0.23236749
3099	1.8583604	-0.43882063	2.2771466	528.81005	20.71087	10.232413	0.10727064	0.081539955
3100	3.931037	-0.19411072	2.2417614	5181.4964	83.88625	69.353226	0.013501197	-0.16389597
3101	0.4715505	-1.3852541	2.0132088	490.56221	39.75584	30.080368	-0.11882508	0.41543314
3102	5.1260508	0.55587943	2.2351736	691.49761	40.730298	36.496439	0.3913926	0.04947592
3103	3.1514295	0.29515614	2.8119784	5015.0118	58.579563	46.544144	-0.22464362	0.1012423
3104	5.7050336	-0.18043843	1.8448007	1035.9988	28.871846	18.406409	0.23239382	0.11061235
3105	2.9573194	0.54587827	0.59487178	794.8722	20.147247	11.071442	0.018096234	0.097712307
3106	0.37010914	-1.1981734	0.46696602	322.95163	30.7708	1.5279555	0.23720484	0.22201671
3107	4.930932	-0.24278807	0.79767016	364.74299	2.1154846	2.1068281	0.26893574	0.14626212
3108	0.33186468	-0.19519669	0.92815681	3613.5452	44.083679	43.498589	0.37632688	0.20039403
3109	1.8214298	-0.65724263	1.1585582	3825.1933	90.326996	60.417336	0.099969164	0.20844849
3110	6.181583	1.2395689	2.5900531	5071.215	65.746124	63.072066	0.29869168	0.18203484
3111	4.0948057	-0.72367239	1.9702625	1107.6824	64.583051	57.225242	0.018601028	0.10998496
3112	4.0017895	-0.66974567	0.10956028	2404.7798	36.058583	25.261392	0.028519626	0.022817064
3113	3.0795915	0.39045494	2.4980518	3212.3334	43.771588	34.405823	0.04291031	0.012693718
3114	5.8760225	1.2334024	2.913028	3772.7889	52.62665	41.623774	0.035839277	-0.011044162
3115	3.0498791	0.96509467	2.1463664	1066.462	22.483898	9.9059527	0.084905001	0.20816273
3116	3.3226194	0.26222617	1.5589252	1461.071	45.444732	27.253162	-0.090650721	0.13108611
3117	0.45616448	0.12541505	2.7464829	1304.2032	28.07586	11.997216	0.028506554	0.13245059
3118	5.635267	0.29651925	2.5708461	2851.9626	53.179452	52.927736	0.0016371277	0.0018034107
3119	1.7133534	-0.55638251	2.4654631	550.22722	26.981839	9.6462773	0.022134555	0.22811812
3120	0.89969087	-0.81726305	1.4439824	416.83094	11.807693	10.790643	0.1252934	0.22060078
3121	3.0389839	0.0083053036	0.089442915	1942.73	12.331133	11.222383	0.20462124	0.13510955
3122	5.8289364	0.14216111	2.8057914	1442.5537	37.136089	29.018395	0.061680346	-0.076261688
3123	4.5268939	-0.7912064	2.7041956	10817.119	88.824253	55.945669	0.14740042	0.052333264
3124	3.9812598	0.73701536	0.25124978	240.93343	3.0239798	1.2981708	0.1117757	0.17768551
3125	5.9235377	-0.83026068	0.11844625	1855.2137	14.391311	10.924178	0.13874524	0.11184379
3126	5.7180145	-0.69324714	1.1556091	268.19329	10.01993	8.3840978	-0.010142733	-0.011178102
3127	6.0072199	-0.16459958	2.1157312	725.11505	12.610127	12.07273	0.15407174	0.16591364
3128	0.33938407	0.74514478	2.7769667	230.50204	1.4122584	1.3699784	0.0093988012	0.011004879
3129	6.0848768	-1.4898905	2.6133853	2090.4601	24.070582	12.977218	0.21236664	0.25849267
3130	0.088284725	0.42239845	2.5130333	1029.3877	15.349587	10.876667	0.27878439	0.060718935
3131	5.9076456	0.28029452	0.31909462	217.02179	7.275613	1.3728503	0.05884963	0.24818423
3132	5.9120696	-0.93574615	0.76467741	1004.1084	11.346589	7.8184212	0.045906024	0.14370232
3133	5.0046487	0.12506792	2.5725726	791.86782	18.470385	11.258741	0.18005105	0.23135776
3134	4.6624476	-0.77813995	1.1622632	1620.309	39.157241	25.049905	0.051479296	0.25418512
3135	0.62648542	0.92685563	2.908112	3246.2053	14.215367	13.245738	0.11684574	0.14241647
3136	4.8017647	-0.69142236	3.0807278	429.3381	9.738193	7.228838	0.18299266	0.12108272
3137	3.1497866	0.83465439	1.8960155	433.24361	8.6800437	8.1144048	0.035156004	0.1591272
3138	1.2165064	1.2646526	0.59587567	615.50812	11.648708	2.0494524	0.0068241748	0.011998161
3139	3.5206757	-1.1325703	0.65664031	1858.4892	19.805105	13.380628	0.3081632	0.051443199
3140	5.6492676	0.41471768	2.0667772	2043.474	49.875386	47.894979	0.0033912269	0.072173507
3141	3.5581548	-0.68694629	0.68576995	1693.9413	46.775163	10.477976	0.026630626	-0.15118848
3142	2.4444622	-0.43398045	2.5838181	2152.9845	44.173124	33.745315	0.34718946	-0.093472804
3143	5.2635004	-1.0034649	3.0053718	1670.349	11.89835	9.2130332	0.0054039699	-0.07625497
3144	2.1194758	1.2825386	0.78244419	1663.5742	12.243841	9.9758372	0.049750943	0.28139671
3145	2.7442775	0.30502809	2.3738797	1025.4734	13.06712	11.629435	-0.043160023	0.098687243
3146	2.6321164	-1.0890928	0.602532	1692.546	53.940408	37.232524	0.020454483	0.31003488
3147	2.4415852	0.3641366	0.42803161	3937.5816	42.790825	28.570227	0.10506737	0.26430514
3148	0.44248733	0.21270605	0.22156674	7408.1451	53.080993	52.341619	0.15313414	0.01215472
3149	2.9537953	-0.49165939	2.5124835	763.71617	11.218298	9.9425146	0.19923884	0.51875826
3150	4.9682941	0.74989704	0.50967512	6058.3445	59.522738	47.892652	0.27710609	0.29229937
3151	2.2284071	-0.67681902	2.3212542	2625.4767	39.033487	37.390081	0.056180181	0.1538283
3152	2.3555359	0.56859571	2.0985925	655.76688	11.699115	3.4741173	0.5643441	0.22765954
3153	1.5344418	-0.74784208	1.2266035	3419.6947	49.40507	43.410887	0.023278051	0.15163872
3154	6.2232983	-0.97249885	2.3719863	2570.5049	44.050922	36.518223	0.16339072	0.31645285
3155	2.4929064	-0.56178914	0.98464374	6120.4961	101.19993	78.818821	0.2559312	-0.014537203
3156	2.3234735	-1.2792179	1.7807512	770.46185	12.950604	9.7964725	0.10627213	0.24540615
3157	4.8174374	-0.38177077	0.51429227	1354.5997	28.482223	10.537673	0.32604171	0.43561788
3158	5.4661115	-0.32342518	2.5599352	462.9506	11.365677	9.3009358	0.063492826	0.10453937
3159	4.6266953	0.66364899	2.9164856	5374.7269	77.589023	53.568283	0.4532767	0.09841621
3160	1.858783	0.54369721	1.1545331	685.77876	42.620605	30.23021	0.12308062	0.07969236
3161	5.077883	0.56105308	0.23453939	9485.1794	128.70694	104.05182	0.046080648	0.14374697
3162	1.5607356	0.49641401	2.3853244	292.82978	1.5176383	1.3078164	0.13459839	0.012049597
3163	3.3384134	-0.65414253	0.71479001	3689.6791	59.164137	52.208307	0.10465837	-0.15059216
3164	3.586075	1.2530774	0.94615317	3110.5817	49.597695	41.177202	0.032941763	0.062156764
3165	5.5267212	0.076175519	2.4882429	1648.7304	62.552845	11.624096	0.12086669	0.033654305
3166	1.358932	0.63254912	2.1878062	404.38258	2.3539363	1.74569	-0.040473877	0.002314619
3167	2.3913568	-0.10136064	0.44469218	2901.0901	43.553955	39.829584	-0.014781323	0.07006743
3168	2.8528729	-0.8306575	0.61715314	1691.9972	11.167444	10.868593	0.036986609	-0.031447688
3169	2.4196098	0.076330844	2.7564387	1266.4049	15.837334	12.865045	0.083965669	0.38212202
3170	3.5127266	1.011462	2.5088734	130.07112	1.8247683	1.2783981	0.058201707	0.048893561
3171	4.1376625	0.5866234	0.48528988	2165.9896	11.929416	11.700485	0.079528327	0.078221703
3172	4.8934757	-0.62299891	2.0756861	2127.871	34.56674	33.151359	-0.065412216	-0.020470615
3173	2.0817503	0.60742425	0.16491895	1626.2154	14.161969	10.642798	0.0074372643	0.088283151
3174	2.877319	-0.80144925	1.0263875	5886.4009	72.238722	69.871827	0.27600374	0.20031389
3175	3.1047484	0.578226	0.38272154	877.48678	23.212173	5.2434151	0.086746166	-0.15863015
3176	5.4559065	0.23758801	0.75575234	1529.1854	55.244093	12.189564	0.052495617	0.044841753
3177	4.5830112	-0.62174362	1.7191645	1271.0182	49.655608	22.516421	0.23192928	0.13487822
3178	1.4232292	-0.98912912	1.2996627	142.53943	12.351713	10.435795	0.031557631	0.18967245
3179	4.5739922	-0.26169088	0.47634782	1428.1844	25.792946	20.26517	-0.10569721	0.089192738
3180	1.3784945	0.35431196	2.5016269	2521.567	57.782914	47.374206	0.2085832	0.2568585
3181	1.5080285	-0.59504657	0.74589613	9551.5255	55.447212	54.421218	0.22499522	0.43477031
3182	3.8006999	-0.15137979	2.1784382	2201.2675	47.447256	44.339117	0.06189017	0.07373513
3183	2.7821227	-0.48241988	0.21096227	351.00742	2.4528089	1.906651	-0.010972067	0.047973211
3184	4.538809	-0.013835983	2.2959867	2010.2879	43.319808	43.165367	0.012038586	-0.071039752
3185	1.0388215	1.2989881	2.7633373	3710.4184	55.822121	49.296931	0.18377046	-0.036683053
3186	0.97758557	0.89414633	0.57796037	5097.7702	49.895895	38.167223	0.19996507	-0.14109034
3187	4.1138562	-0.41611637	0.56518505	4712.9189	57.890081	42.924243	0.0093618069	0.3329892
3188	1.1731957	0.25207813	2.8629298	1402.1488	11.772101	9.5500332	0.21536714	0.19529794
3189	5.0621917	-0.0038581404	2.8764916	11037.427	132.15948	84.216379	0.47909978	0.11841816
3190	5.8233012	0.66723898	2.6006054	601.20563	11.298854	11.033519	-0.010051413	0.29433564
3191	5.539418	-0.3733231	2.4683265	1274.4297	10.745745	10.401313	-0.27665626	0.083955175
3192	4.7464077	-0.87024633	2.654899	834.88072	12.107143	10.100628	0.26007114	0.55660101
3193	1.3213302	0.5288105	2.6261632	157.60727	1.5571991	1.3279803	0.25067708	-0.0086640796
3194	2.2679808	-0.65074304	2.4968593	277.01224	10.343597	8.8075536	-0.15794312	0.030721535
3195	5.439335	0.16840189	2.1784278	1665.1095	51.159477	45.015377	0.075510431	-0.017478054
3196	1.3956588	-0.89942932	0.34811313	763.72685	8.6679547	1.4668593	0.013740252	0.1739294
3197	3.5108333	-0.18762344	2.4080669	462.92661	33.12247	10.27963	0.2117103	0.13865225
3198	3.4595954	-0.85310271	2.5095073	1229.9025	12.822467	10.456003	0.14793818	0.34753271
3199	1.3315666	-0.65029375	0.14042475	1260.704	52.087439	44.237315	0.0042830321	0.076094301
3200	4.0027323	0.44667263	0.48545622	595.66591	11.207857	10.269429	0.083575903	0.24037743
3201	3.7314524	-0.28448483	0.35957601	1766.1298	57.283641	40.733154	0.32952482	0.15587737
3202	0.65728918	0.37047965	2.3880598	165.14749	1.4678735	1.2397228	0.018434552	0.10458568
3203	6.2110003	0.37877089	0.84984948	126.82751	1.777202	1.3266774	0.25799011	0.23726138
3204	4.9601399	1.3054882	0.54108794	1067.9631	22.071254	5.0708923	0.13936107	0.39914331
3205	1.0692166	-1.2525971	0.68371118	1134.0852	10.218196	7.2495302	-0.39565276	-0.025125088
3206	1.1862671	0.47639298	2.8746522	628.14653	27.220041	10.11874	0.057304295	0.066687302
3207	0.22972982	-0.17758491	0.14125651	177.8753	1.6668558	1.2334953	0.14133848	0.074051654
3208	1.9573673	0.63407742	1.0711628	2288.4006	59.686855	34.834031	0.20740024	-0.056768118
3209	5.8214619	0.89403353	0.28745474	677.44737	1.5283741	1.4921754	0.012948586	0.064581109
3210	3.8200415	-0.69558201	2.0149913	558.99032	11.404685	7.0441969	0.10489981	0.38437397
3211	5.0460802	-0.3547648	2.2598012	6649.3578	75.79234	29.639283	0.46739674	0.0099201883
3212	4.5886181	-0.6354386	0.62126501	1386.988	47.360944	38.75048	-0.021042188	0.56680961
3213	5.1077793	-0.56249885	0.61080321	2481.0243	46.926769	44.186324	0.22224025	0.31649457
3214	1.0151865	-0.7218057	3.0357484	183.78776	10.711093	9.8684469	0.2497512	0.057209314
3215	3.625657	-1.0480361	0.52598153	525.87161	30.32586	1.9258571	0.017379677	0.036722379
3216	2.7750699	-0.65267703	0.68700466	1256.6988	42.907284	35.099775	-0.0088487015	0.14355815
3217	1.9051205	-0.27614748	2.7293536	274.35263	1.6346612	1.2587661	0.01672559	0.028917446
3218	5.9012572	-0.13472148	2.4870005	1047.8638	10.50896	9.9303878	0.10568361	0.0043548176
3219	2.4876922	-0.026295924	0.84683997	1670.9791	13.867233	13.258908	0.052580147	0.26299458
3220	4.2996053	-0.68770707	2.5426591	7163.4069	77.452984	58.870798	0.1121954	-0.023784365
3221	3.1748191	-0.15711681	0.94970888	1060.9753	27.083594	13.064407	0.10816884	0.0070366034
3222	3.4507064	-0.85322865	2.608368	5054.3601	72.033154	58.224243	0.24770511	0.23139602
3223	2.1208164	-0.03624131	2.2438416	791.542	45.519605	32.942787	0.16865673	-0.029461341
3224	0.41192249	-0.081380637	1.035934	719.00117	10.43187	9.5819989	0.21863164	0.077053652
3225	5.4286519	0.31288301	3.0647529	1815.612	14.144722	13.4302	0.0076200552	0.23972475
3226	0.32387564	-0.51772648	2.3206109	2029.0447	12.285536	11.937674	-0.023846681	0.089962294
3227	3.591652	1.3090779	1.9160333	605.24355	10.058072	8.8480199	0.21025376	0.013335785
3228	0.8029188	0.95993146	1.295435	207.50727	1.6595805	1.436486	0.18965226	0.024324174
3229	2.8533221	0.53467287	0.72496912	2565.9558	61.298536	46.183372	0.10948498	0.0051144559
3230	4.9515578	0.29258975	2.5508446	1689.4549	13.863098	13.104996	0.065149674	-0.038619491
3231	5.7661557	-0.95622931	1.7967126	1857.4837	42.754578	42.421732	0.020231825	-0.084378567
3232	0.98019495	-0.91856036	0.9241435	490.29099	9.974911	9.062047	0.083215371	0.17863122
3233	4.7921971	-0.70782325	1.9206923	477.45125	39.917621	33.191355	0.0097476039	0.040029221
3234	2.8336898	0.37268531	2.0001517	1939.8942	71.450366	47.807793	0.10056453	0.084211503
3235	0.66311724	0.83027383	2.3312908	5395.1411	56.851683	48.443213	0.31484732	0.29112119
3236	3.9610678	0.082233081	0.67329815	5212.8959	62.81281	60.87575	0.086646464	0.48731212
3237	5.4797144	1.0562008	2.2206482	2090.7917	30.878223	14.120671	0.034283573	0.025759835
3238	1.8217713	0.2652553	1.0400773	1167.5865	35.459639	34.800362	-0.09064794	0.40603491
3239	3.9217123	0.087265997	0.49544225	423.0589	7.9728717	1.3448416	0.31823056	0.24879033
3240	2.2392545	1.0096903	1.0624873	467.6858	31.784107	26.108382	-0.13046819	0.01249204
3241	2.340928	-0.48441025	2.9280996	1119.594	14.210626	11.545174	-0.035976478	-0.19199261
3242	0.84114947	0.765498	2.1470298	1034.3088	11.561802	8.2935115	0.01639891	0.11360028
3243	1.751383	-1.1173241	1.4284406	2522.9204	77.40545	51.095366	0.34559554	0.30749339
3244	4.820214	-0.22330917	1.9249637	2703.8703	76.176627	47.538399	0.29915349	-0.079486367
3245	0.88123984	0.96471987	1.6074306	130.86805	1.362746	1.2788469	-0.0023297978	-0.039849872
3246	0.10699237	0.85526087	2.2069461	3813.8835	50.981581	34.771426	-0.080976416	0.15520404
3247	2.0131821	-0.083431038	2.7886758	2999.303	14.126249	14.040155	0.49373198	0.15961842
3248	0.085090974	-0.18648647	2.097233	303.59105	9.6175771	9.5945397	0.15976828	0.22571022
3249	2.4883869	0.33980839	0.4592643	3193.6699	57.384379	52.648261	0.11684282	0.01022544
3250	4.0470965	0.47638714	0.49360711	1956.3588	44.433324	11.050507	0.14252746	0.34797336
3251	5.853089	1.3599571	2.9698362	3343.7897	61.412648	55.615622	0.050200539	0.2412754
3252	4.3912553	-0.10011602	1.0017374	827.1777	23.994035	10.91096	0.18354153	0.061654557
3253	0.95251924	-0.45358921	1.9244846	2180.9587	43.496019	29.996578	0.16056596	-0.0085819253
3254	4.0701524	0.51177048	2.801624	612.33518	22.737441	10.045798	0.33733259	-0.097101997
3255	0.21351083	-0.29613526	1.5302638	733.423	37.413099	28.406304	0.037655086	-0.13111008
3256	0.72354439	0.54347775	2.3231171	672.64756	30.491288	13.155021	-0.020731745	0.12141023
3257	3.8056772	-0.79943202	1.3602806	3281.9667	55.188676	52.274689	0.23916712	-0.59713272
3258	2.3846619	-0.24846412	1.0165502	2443.5334	49.725463	37.901001	0.10108794	0.072673733
3259	0.50752318	0.24190414	0.46482442	1531.046	14.711292	11.983438	0.271866	0.1964644
3260	3.5092614	1.4187962	0.75371901	1711.7149	39.128163	39.10294	-0.02258382	-0.058200922
3261	4.0120563	-0.51923062	2.7159981	8870.8403	154.30474	82.92869	0.15006398	0.45028215
3262	4.7053694	0.61731194	1.1657045	681.65048	32.977632	31.151808	0.61457935	0.089207778
3263	5.8067355	1.4060647	2.5475553	507.13323	10.685775	10.472287	0.011966916	-0.026726804
3264	3.877192	0.4840581	1.3542861	1375.1899	73.615908	60.675904	0.26428403	0.023278773
3265	4.2834138	1.0004587	2.1496789	317.87023	4.0580175	1.3369559	0.059607764	0.20654468
3266	4.2615283	0.25490189	1.1155543	1106.8517	11.058422	11.037881	0.25590406	0.44794456
3267	2.8743204	-0.10685151	2.5882623	907.5816	21.751539	9.5057525	0.20282212	0.036184781
3268	0.73533703	0.76966838	2.4687107	1583.3319	11.709547	5.4568717	0.18390798	0.015543449
3269	1.1258402	0.19506742	0.29018759	4105.5468	76.614427	61.770711	0.04492881	0.16368479
3270	2.9367922	0.91330505	0.9350313	2434.5068	41.808143	29.387647	0.13018013	0.17969981
3271	0.86705747	-0.59459698	2.5540069	5063.4734	49.199313	33.615266	0.86179427	0.42028698
3272	0.69917591	0.89824995	2.1977801	2314.9077	47.432811	46.9904	0.30915671	0.0010796996
3273	5.0202545	0.92520293	0.17612956	11598.336	129.34736	95.33654	-0.089429113	-0.19133856
3274	5.4424872	-1.4817047	2.1092897	263.67674	1.6893092	1.5809978	0.23787665	-0.015697085
3275	3.2994494	-0.64905971	3.0305143	2281.0158	55.195313	40.402748	0.020106156	0.036430906
3276	2.2704117	0.36257768	2.8015893	1668.7604	26.700953	26.661443	0.23704737	0.18820342
3277	3.39016	-0.086079836	2.4791025	938.38421	11.079966	10.993267	-0.1735937	0.021408613
3278	0.83475923	-1.298511	2.7930727	4759.1199	32.298317	31.755614	0.39491651	0.25203156
3279	4.7342281	1.1552177	2.9541925	5274.8298	55.689512	39.425633	0.20376435	-0.02006147
3280	0.86751839	-0.19708548	1.0982301	776.22647	14.344541	9.8099283	-0.018364351	-0.061033587
3281	0.27695094	-0.6741889	1.8836815	747.75148	38.116101	29.467978	0.0080433883	0.33664037
3282	0.70294099	-0.8562148	2.4727876	182.15344	7.4896774	1.6382716	0.03081912	0.11701255
3283	2.9468634	-0.27524119	2.564518	6478.1528	86.079295	36.997188	0.02249986	-0.1950652
3284	3.1776131	0.69328445	3.0320113	9374.3325	68.494384	67.807588	0.24199282	0.010886163
3285	3.3089377	-0.72226686	1.2977605	2321.7836	47.939368	31.164761	-0.028050074	0.27601831
3286	1.9162367	0.39893499	1.1867646	266.92275	3.2820763	1.3515318	0.1190193	0.032727918
3287	5.9377834	-0.50617325	2.4682267	807.63106	11.404207	10.533874	0.41004525	-0.008318312
3288	2.8144547	0.97370081	2.5851244	3123.3923	41.576485	40.483671	-0.00041311822	0.052362678
3289	0.14772272	0.41437794	1.7445438	417.06152	10.033573	7.7397339	0.082631867	0.31558513
3290	5.3667679	0.13588947	0.81328489	829.83697	12.038686	11.358057	0.46143122	0.080863102
3291	2.0793675	0.10974576	1.7729611	1313.8311	39.672654	27.749682	0.24991722	0.015782077
3292	3.9309169	-0.0057738577	2.1056095	6057.0342	64.392677	62.373737	0.071372437	0.33849694
3293	4.9088862	0.28886388	2.6195876	4797.07	64.57832	63.099627	0.31883249	0.1342158
3294	0.77996423	0.84435949	2.830874	3083.228	21.125866	16.767457	0.070534312	0.04864518
3295	1.8200841	0.76045017	0.85301114	1607.9155	30.688711	17.559676	-0.078411486	-0.18817006
3296	3.5955631	0.45531287	0.46611846	507.45908	10.487166	3.4313321	0.1454545	0.17235856
3297	5.5924539	-0.030550939	1.1534651	1950.8937	24.283883	23.771488	0.083478457	-0.20238068
3298	5.661031	0.79688333	0.68029117	956.05096	19.388746	12.813971	0.07620366	0.081636181
3299	1.6356611	-0.23576196	0.41862309	3825.5501	74.444871	63.86694	0.19354232	-0.025066202
3300	3.3155811	-0.25757304	2.0343579	3028.9513	42.618458	41.398704	0.10940434	0.10784692
3301	0.72713979	-0.48743548	1.3676123	2026.6637	49.263681	23.211901	0.090041309	0.064331782
3302	0.30765559	-0.95288738	3.0394108	647.95817	27.406018	10.583366	-0.0024428181	0.00043639594
3303	3.2173694	-0.62421023	2.6814566	1015.5092	71.27614	61.844524	0.072381205	0.0238567
3304	0.8174335	0.92427456	0.36942572	6326.4394	63.568786	57.119351	0.30025755	0.34335458
3305	5.852286	1.2189676	2.1466059	7410.3431	132.62586	72.230441	0.39791316	0.038808655
3306	3.9037336	0.38525324	3.0536346	577.38414	1.7170801	1.6610556	0.010540588	0.12322484
3307	5.6452031	0.36558262	1.1519804	712.7896	35.588565	10.001685	0.1167175	0.013070592
3308	5.8631839	0.63558998	2.0863359	1805.5029	55.431536	50.472026	0.23058501	0.0050292281
3309	2.9197915	-0.039388459	2.2436303	748.55385	11.219748	10.329512	-0.0093195335	-0.0012895598
3310	1.4572483	-1.0541704	0.80179258	3243.5265	58.9381	37.917887	-0.05900774	0.05080469
3311	4.0302168	-0.96799631	1.8455063	618.32594	8.6566796	8.5007085	0.1609623	0.15462153
3312	4.2505448	-0.70643603	0.58039651	1885.4613	39.95334	28.409215	0.36131341	-0.015598888
3313	1.7079571	-0.32016192	0.77363796	1671.2517	10.766798	9.9579977	0.60883656	0.086684514
3314	1.9179347	-0.048000045	0.90367021	449.43591	9.3788186	7.0494499	0.23617227	0.0010930815
3315	3.8584683	0.94969262	2.0573872	3612.335	49.825429	46.928942	0.14777518	0.0089294557
3316	5.0966185	-0.30670397	2.6349667	2652.4376	52.022197	40.923331	0.0080551116	0.48110768
3317	6.0048887	0.25485941	2.3407625	3421.3838	60.398907	40.973713	0.2079464	0.1969266
3318	5.3501297	0.74335077	0.85996361	2393.3966	47.083236	38.696084	0.39475827	0.081422918
3319	2.4012145	-0.10223357	2.2892025	810.97706	22.719365	10.888237	0.047122119	-0.011520503
3320	4.1113419	0.53413795	0.70200488	709.80651	11.170373	10.031703	-0.09688373	-0.27319676
3321	5.2441658	-0.39910025	0.58741787	367.5153	31.216175	27.421825	0.086389587	0.050380527
3322	6.1342115	-1.0310843	2.8143484	8716.1862	82.642069	51.480458	0.0096338164	0.079079943
3323	2.9293587	0.10210594	2.2578133	210.56076	1.7170579	1.2481583	-0.012000486	-0.018562665
3324	1.8647769	-0.039378199	0.61544547	2215.2307	47.406602	39.214017	0.14594575	0.20725843
3325	3.9549123	-0.5725753	0.86439468	2759.4481	40.336793	31.731563	-0.073147623	0.57015214
3326	6.20127	0.3925192	0.49288151	1674.0027	44.194733	41.2579	-0.35651515	-0.084343535
3327	3.2284728	0.3090508	2.8429287	1536.1888	36.843702	34.523914	0.01206488	0.079785639
3328	2.2425456	0.63522086	0.28907133	456.98754	1.7255973	1.6091996	-0.0082090699	0.070015989
3329	5.8634981	-0.67788169	2.6976074	966.04795	9.8668833	2.5856803	0.34791604	0.22094142
3330	1.7068975	0.20773973	2.5305299	3317.2284	55.527118	55.26429	0.0016371277	0.0018034107
3331	4.8154003	1.4866287	2.8518029	9639.8695	86.05858	72.531625	0.082748846	0.21830513
3332	1.7319119	0.56399737	0.65060144	344.37522	7.7292796	1.8857352	0.067792139	0.17513605
3333	6.1474315	-0.47239926	0.82115492	159.79121	1.2731732	1.2665994	0.1136624	0.028557792
3334	4.2523226	0.24471685	2.917352	1518.5034	15.883083	9.3605759	0.17610497	0.15268585
3335	0.2383714	-0.97874168	2.4975448	5036.6665	142.80309	126.05465	0.075482221	0.0037824999
3336	5.7599749	1.2095803	0.96606651	690.71449	32.985081	22.896851	0.12555154	0.010113669
3337	0.59868589	0.64372237	1.9868036	1063.6815	34.878895	21.120757	0.10208735	0.67026373
3338	3.778884	0.21452095	0.87566451	1106.8701	35.578711	32.055405	0.13463109	0.03144793
3339	0.94670188	-0.20725887	3.0327812	1001.791	11.942622	1.7773256	0.39324086	0.11392998
3340	5.6832907	0.47745076	2.4556187	1890.0817	22.25214	21.430059	0.2924138	0.21156304
3341	0.35733036	0.17521978	0.80763172	1143.812	11.270701	9.3105301	-0.080864672	0.018524634
3342	1.3342971	0.46135958	2.5688534	1435.133	11.872421	8.8474324	0.10611704	0.07577614
3343	2.6819675	0.57805096	0.56603487	1618.7148	19.934321	9.8208103	-0.3192159	-0.29355938
3344	6.2632404	0.87825546	0.5182888	630.60496	12.046534	9.6589362	0.080011241	-0.054416116
3345	4.1940945	-1.2672085	2.1774088	1651.1857	38.73677	37.390755	0.26989628	0.15265054
3346	0.68549461	-1.2359082	2.2662509	1243.9283	13.947807	12.736058	0.25525604	0.2677613
3347	0.03307695	1.0081697	2.9039471	1595.445	11.970659	11.347365	-0.052685859	-0.017558117
3348	0.0089220066	-0.40476499	0.34191077	822.36851	10.055836	9.0321981	-0.48442229	0.11782677
3349	1.0653599	1.3089932	2.4740396	331.95866	1.6312428	1.5662188	0.31600563	0.18188395
3350	5.940742	0.19918741	0.20388269	948.93489	10.93797	5.4847462	-0.17174468	-0.23768283
3351	2.8915644	-0.09330001	1.2451386	1606.9511	47.890326	35.541005	0.010398095	0.16430297
3352	5.3095393	0.43670195	0.3939894	6086.5224	122.74963	96.847608	0.14840545	0.02535523
3353	1.238834	-0.72905599	1.9968888	1244.0936	26.322782	15.802412	-0.083061434	-0.00085574193
3354	4.159884	-1.3646675	2.7371433	2919.3869	46.222889	27.677904	0.11822134	-3.3138424e-05
3355	3.8767135	0.37060139	0.29192304	5179.4324	69.484186	61.574797	0.051166921	0.0020369352
3356	0.2921578	-0.36174564	0.60083185	2656.0742	42.636095	13.423557	-0.058810986	0.1310562
3357	3.7290129	0.26632415	0.1806543	713.52964	10.473941	9.1096316	-0.24775804	-0.34519648
3358	2.6981308	-0.24473803	2.8515152	2839.4628	70.631826	27.361245	0.0091924636	0.036487171
3359	5.8415386	-0.058343676	0.36305229	407.81083	9.0434953	8.4032413	-0.01900947	0.24969156
3360	0.98069922	1.242507	2.2695813	183.29504	9.6378152	9.6039996	0.012095368	-0.17163984
3361	3.7346658	0.3927822	2.063477	1342.9573	46.854442	37.006258	-0.00074974949	0.58777536
3362	3.2612806	-0.21224642	2.2054736	1942.3251	32.429915	31.423915	0.40212035	0.031448743
3363	3.5041722	-0.042802635	2.1675748	2300.0154	91.341697	49.353491	0.020936281	-0.081335451
3364	5.4475464	0.69735261	2.3752613	321.981	1.4473754	1.355909	0.2121301	-0.053420013
3365	4.0598618	-0.76723839	2.5216765	723.90504	10.828148	9.5855747	-0.029297437	-0.15464201
3366	5.4658918	1.4132828	2.5208692	280.95386	28.879669	1.4054461	0.3917009	0.096144345
3367	1.319634	0.80206845	0.084612044	4696.3322	66.356301	32.937253	0.13770607	0.091137768
3368	1.5109123	-1.2165607	1.834869	3207.056	73.678564	54.485386	0.39057201	0.071139817
3369	3.6079328	0.31313189	0.37122674	1048.5366	25.131535	14.132381	-0.010544397	-0.038960987
3370	5.6912592	-1.0347309	0.75099157	4420.9464	57.142134	55.822234	0.0099746482	-0.50037131
3371	3.3709311	-1.1457263	0.51026884	222.67475	1.4821337	1.2687818	0.045261336	0.1628689
3372	5.0843791	1.4063124	0.89279146	362.4993	41.685162	36.403979	-0.58972719	-0.015641865
3373	3.9516819	-1.1464349	2.7600817	1293.7346	12.900965	10.806191	0.01359811	0.20567276
3374	0.38929708	0.17763284	2.2115471	275.58151	35.443753	1.5195877	0.0012399744	-0.35385763
3375	0.9428681	1.1471824	2.6475221	7273.1001	72.996867	55.887216	0.080481251	0.18901445
3376	4.8606243	-0.27985378	2.5117983	1754.8995	16.069807	11.937171	0.42127274	0.18310701
3377	5.5799865	-0.17733367	0.72900299	805.56497	11.060128	9.5350293	-0.0017934398	-0.069636646
3378	0.69324206	-0.20028715	1.1396963	2828.7279	54.582481	48.419558	0.053772981	0.026719867
3379	6.072558	0.91885144	0.10648669	1421.4838	32.256299	10.365421	0.0039357891	0.043058932
3380	4.8132384	-0.11166577	2.4823016	1477.6593	35.6974	33.350565	0.35312178	0.019446449
3381	5.8911309	0.89533154	2.5066541	871.79752	10.099055	9.8922094	0.1491798	0.050951113
3382	4.6837274	-0.71025787	0.36611863	947.53338	8.1523172	2.198167	0.24437014	0.062248434
3383	3.4544659	0.80390428	2.3402355	782.05431	9.9815961	9.3095789	0.010090478	-0.035811571
3384	3.5127877	-0.046408451	2.8079095	389.15253	3.6974355	1.79325	0.33759176	0.092091222
3385	5.1672981	0.41727429	0.89016076	2315.7906	57.395844	43.299251	-0.057893922	0.14783632
3386	4.340095	0.032438198	0.69060269	266.20677	2.017673	1.913578	0.025236331	0.29741315
3387	3.8882921	0.7382391	2.5663992	1331.6957	12.964285	10.643588	0.18762432	0.46262774
3388	3.946002	0.77011007	1.5700315	992.98282	41.027537	13.294184	0.28669252	0.047587945
3389	0.13824325	-1.1757334	2.372645	653.14496	25.543801	10.433394	0.0021306411	-0.0813833
3390	1.3360408	0.60583016	0.31723138	727.83533	10.520201	2.5682208	0.30237555	0.17009497
3391	3.7101546	-1.2671265	0.28118868	5130.6251	71.34692	32.336015	0.074300952	0.12322742
3392	0.83147134	1.1723689	2.8977874	59.647053	1.7775237	1.7224401	0.19386162	0.015109888
3393	0.20501109	-0.1173725	2.7863642	536.87645	1.7183168	1.608416	-0.0020506771	0.011788395
3394	3.0565191	-0.34179934	2.6529366	2329.408	12.140281	12.080523	0.24908877	-0.3419909
3395	4.3233805	-0.55033464	0.97428898	4131.7869	54.181959	31.528819	0.047573938	0.051942281
3396	5.6008921	-1.1371634	2.720347	4093.1422	41.179541	31.625123	-0.066908926	-0.2507551
3397	5.9996082	-0.21902933	2.2060816	919.98049	37.239788	28.949232	0.52408769	0.031202614
3398	2.9699473	-1.2599631	2.6090637	3316.8094	37.771661	36.506225	0.083582525	0.058938782
3399	1.8931128	-0.25996127	0.79585961	1341.9804	52.386277	39.729554	0.082536612	0.05691485
3400	0.98608688	1.1877388	2.0535693	1830.7178	34.052715	32.963627	0.12809959	0.13796457
3401	4.2268301	-0.34113502	3.0126635	4829.8815	42.418904	39.626327	0.011689086	0.31383165
3402	4.7796074	1.0644118	2.0576395	1575.8069	11.961721	10.285206	0.35257861	0.019165219
3403	4.8942715	-1.3125137	0.77828431	2535.7583	69.508249	46.295634	0.38690773	0.16384934
3404	1.0698302	0.73590583	0.52078116	1676.1016	15.303481	13.718295	-0.36789838	0.10856874
3405	2.681611	0.66187731	0.69161211	2200.6425	13.240961	12.43547	-0.02134912	-0.02436831
3406	0.84917791	-0.9759373	2.5812236	1537.3061	13.292445	10.322689	-0.077033185	0.02840898
3407	5.1872842	0.6055642	0.91033987	1067.7118	26.860313	20.853219	0.0082651682	0.031384062
3408	2.7430062	1.083979	0.22571423	441.32156	11.066041	1.311852	0.022233428	-0.092729141
3409	5.1407108	0.46459419	0.78826512	1460.6617	35.128997	29.692568	0.44136778	0.072679984
3410	1.302054	-0.26719723	2.8282759	9109.5754	97.096815	87.905606	-0.034806789	-0.014970811
3411	3.2964412	1.1804286	2.5054509	3428.2742	41.529621	31.564301	0.027839742	0.099474569
3412	2.0891821	0.44819603	2.4231696	2131.221	24.883725	20.01268	0.20920982	0.21633677
3413	3.1888101	0.21808931	1.8186434	1609.3301	45.040601	36.902159	-0.052837777	0.11520417
3414	4.2616721	0.041097703	0.86410201	1107.7982	31.959609	21.177673	0.084837389	0.4040197
3415	4.4994307	-0.86188972	2.5913248	1383.3027	25.696942	10.950185	0.29070801	0.024911851
3416	5.4577435	1.0397899	1.8714294	861.91995	43.393237	40.448521	0.050393504	0.075725436
3417	3.397151	-0.53295809	0.25430284	614.61157	1.74312	1.7048732	0.090562553	0.096111791
3418	6.1460185	-0.50440846	2.2114366	274.58942	9.4040445	8.4309588	-0.12556925	-0.34594595
3419	4.9261551	1.0432083	2.4886384	2796.9198	27.77583	24.801551	-0.17734522	0.01240196
3420	3.6788849	-0.41624876	2.202555	1141.5977	9.9618456	9.4508289	0.077070687	0.22909489
3421	2.4789935	0.68412178	0.10964169	4858.5574	53.390061	52.322788	0.15289165	-0.00450115
3422	0.030570687	0.54851168	2.9251322	9660.6963	81.527163	78.113375	0.22864596	-0.18230754
3423	4.9220635	-0.19282235	0.62541169	1615.67	46.35825	10.273933	-0.071151376	-0.0096903218
3424	0.46009381	-1.3641846	1.4144134	397.30956	9.8605997	9.7839653	-0.0074798524	-0.02605261
3425	0.50820926	-0.44142635	2.1621213	4700.9301	63.297562	60.94898	0.0075734975	0.055211623
3426	5.4816663	0.47478511	1.1596189	1224.765	27.587332	23.836928	0.7006173	0.19743181
3427	2.2859063	0.044311945	0.79721735	205.15605	39.280906	1.3897071	0.022061119	0.17992193
3428	2.5760629	0.15640412	0.6018799	1433.1819	23.779932	3.2086336	0.26310296	0.12780084
3429	3.3920957	0.77821133	2.8789727	5831.9744	52.264055	40.925674	-0.057139063	-0.01508844
3430	5.0685218	0.71946844	2.3537948	2762.018	62.561959	52.635755	0.16713402	0.34600032
3431	2.19848	0.8048947	2.1957005	226.73578	1.4736811	1.4142963	0.0010257901	0.07995438
3432	2.5280691	-0.92721389	0.34062274	4454.7351	35.523087	31.110278	0.09727949	0.010934844
3433	3.6681914	-0.67894337	0.90096249	2532.5043	49.086551	32.372308	-0.035906945	0.0735089
3434	2.2720134	-0.7826917	2.9911794	6353.6669	71.210204	39.700874	0.15003942	0.052028378
3435	1.2239974	-0.15398331	2.2188315	931.01166	10.483412	8.6307153	0.14681951	0.065421605
3436	5.6787038	0.65375793	0.38026247	6989.8668	134.1876	129.46464	0.15312321	0.17443366
3437	0.27884454	-0.9954237	1.126332	1655.2569	51.325507	40.418219	0.060515156	0.071199789
3438	3.1296045	0.84881532	2.0047274	797.83232	10.191268	9.8084773	0.018346803	0.14423063
3439	3.1634943	-0.042173174	1.6324033	656.67334	62.817134	39.812342	0.12048812	0.44992654
3440	3.2360654	0.70838917	2.7817474	4355.172	64.654049	51.426571	0.03691703	-0.00040906837
3441	0.30545014	0.35376596	2.633597	1414.1805	13.406913	10.32098	0.070768878	0.00030956025
3442	2.5231234	0.83681342	2.639731	5704.376	64.583709	64.542036	0.22602813	-0.087194992
3443	2.9316837	-0.4705668	2.7156498	900.92189	11.494592	7.8991986	-0.11721158	0.011935664
3444	2.3549992	0.53116528	2.6276022	577.98	3.0377847	1.917027	-0.020371027	-0.21778464
3445	5.0539307	0.080948278	2.7605926	482.18831	4.5485693	3.0022426	0.034793373	0.039061277
3446	0.084617621	-1.4043298	2.9001158	464.06594	36.099059	24.329088	0.035285521	0.10179367
3447	1.0143197	0.73331202	0.30805772	2062.0748	32.252547	16.301121	0.26514261	0.12142871
3448	6.2825295	-1.2981113	0.81169468	2161.6175	43.412017	38.188151	0.20637288	0.19173468
3449	3.2532303	-0.63704969	2.5763074	923.69966	33.826345	16.008868	0.14409573	0.056485601
3450	3.3890691	0.58603872	0.46698077	3244.5162	34.38892	33.526511	0.43994909	0.08342807
3451	4.258114	-0.87431677	1.6638121	1038.2624	56.543661	44.368012	-0.0012157647	0.014663274
3452	4.409582	-1.1092629	0.67200656	3054.2654	44.989418	39.073598	0.12919042	0.30376789
3453	3.8714596	-0.70203673	0.71564408	1311.4152	85.90219	41.089566	0.017590325	0.022257898
3454	3.4112354	0.26038993	2.960036	3064.9958	55.043504	47.498712	0.074313972	0.025180913
3455	3.3057017	1.302218	1.0951148	2086.2466	44.761418	27.124507	0.097643694	-0.0010699319
3456	4.5297419	0.91291881	0.7328974	1118.3829	10.565904	10.491215	-0.037194498	-0.085827994
3457	3.5362511	0.40453163	2.1622078	750.44616	41.865698	39.153734	0.01825483	0.11186485
3458	6.1660376	0.66731281	1.3555618	2888.5147	50.750832	45.956329	-0.081232492	-0.12677505
3459	0.54931245	-1.3221751	0.8742765	794.65493	10.911325	10.795136	-0.23607778	0.002581974
3460	5.3901421	-0.96092313	0.27249755	1697.1802	44.596551	39.957331	0.16396951	0.086746303
3461	4.0861848	-0.29405823	2.1557022	1357.6291	28.631258	24.734447	0.21696713	0.26015323
3462	1.1235413	-0.42933002	0.46477818	1580.2168	17.739885	11.874831	-0.0046279906	0.15943408
3463	2.8259412	0.23164366	1.2235874	1101.6017	18.026953	11.733601	-0.0046155079	-0.091786148
3464	0.36292305	0.40174193	2.4499879	686.80545	9.8975758	9.7814486	0.020879485	0.093967451
3465	4.376374	-1.5135863	0.35977181	77.787887	3.8430393	1.5376388	0.0049668315	-0.21917559
3466	5.3655799	0.5353731	2.3696693	345.96842	8.6630891	3.22839	0.27620611	0.24764199
3467	3.9653908	-0.43864372	2.370087	2981.2875	45.128235	33.559409	0.11289304	0.018294686
3468	5.6495184	-1.0953012	2.673461	7251.5241	93.716599	48.760886	0.43295398	0.059236929
3469	2.0082326	-0.15668213	0.92848928	2250.9704	31.665529	12.676704	-0.16755126	-0.022422937
3470	4.9020921	-0.45450729	0.82923284	233.59011	22.330407	10.216516	0.26267411	0.3967344
3471	6.0651404	-0.74902461	0.7279945	2650.059	83.738093	49.217003	0.57170186	0.029320064
3472	5.430194	-0.06594639	0.71256948	1445.3808	20.276095	17.307773	0.38756844	0.086043525
3473	6.192069	-0.41223296	2.7371056	1347.3338	10.407715	8.9502337	0.091460511	0.061659969
3474	1.5846097	0.88365389	2.5493613	5411.0746	84.500343	63.251761	0.02828665	0.048732886
3475	3.1528219	-0.43266841	0.33265821	241.12929	8.5034445	8.3390797	0.082398806	-0.037036844
3476	3.2674128	1.0063316	0.076001941	2519.1318	13.127937	12.245103	-0.2197878	0.0060601234
3477	3.8988994	0.84945232	0.67025562	1147.7444	11.078022	10.999755	0.39457032	0.13280554
3478	2.4262277	-0.49459587	0.61350854	468.47901	9.5913879	6.282776	0.089144676	0.12997485
3479	3.6388182	-1.0247874	2.0414789	3678.4422	55.432369	44.912917	0.20805839	0.062041208
3480	0.27670371	-0.70994915	2.6657767	2937.6101	47.539587	38.643175	0.09955739	0.33479424
3481	2.0682038	-1.4283018	2.5589767	6202.8458	57.575091	54.44884	0.38177012	0.017729052
3482	0.037319162	-0.80096855	2.5797652	475.01964	10.625728	10.077739	0.057041413	0.033161138
3483	1.1592492	1.1408043	1.023541	1911.1499	41.951842	36.245415	0.86581211	0.083419859
3484	2.9280217	0.7586895	0.36197586	2246.4495	36.016306	18.924005	0.46150991	0.19013449
3485	0.19805593	0.066748942	0.84426837	2083.2081	57.69676	47.087515	0.35989543	0.21397764
3486	0.9096674	0.44842492	0.92863452	557.60661	3.7277735	1.7103866	-0.34322123	0.024182561
3487	0.85604143	0.18972168	1.0546579	2687.7934	59.848977	55.539652	0.028880342	0.14701996
3488	1.8006474	0.80578099	3.000535	1951.9964	48.599075	23.444136	0.15907521	0.10521665
3489	5.3328933	0.38159727	0.99544911	280.92796	9.5130357	2.3804132	0.3547802	0.2412093
3490	3.7839549	-0.36084598	1.6461629	769.32099	44.85317	32.996709	0.022443256	-0.023790624
3491	4.2753355	0.47761517	2.1303593	408.08339	2.252986	1.5237541	0.3144333	0.0031182685
3492	3.2878966	-0.68682727	1.3698239	881.23206	14.900178	14.465465	0.18552345	0.13627493
3493	4.8941946	-1.0141896	0.18628728	5710.9821	45.349649	31.090467	0.37558855	0.15630885
3494	0.24853916	0.022557759	2.9308444	808.17796	10.977849	2.2502956	-0.35026663	-0.28094914
3495	5.7974663	-1.1378725	1.9920041	609.8928	11.607791	9.1162044	0.35339439	0.11239083
3496	1.3584501	0.99803884	0.8941881	400.82935	3.1101077	1.6255542	0.028039619	0.085023035
3497	0.6883101	-0.44050441	2.2012732	1025.9315	14.26589	10.128498	0.033724929	-0.093816728
3498	2.7842975	-0.83015625	1.2107285	320.10969	9.9196509	9.3082249	0.41822144	0.18371443
3499	0.5946804	-0.47444448	2.3046033	2295.1234	47.637023	33.618397	0.070373108	0.13532555
3500	0.2838016	-1.3619311	2.898303	1993.6993	30.541585	29.51217	0.29555684	0.14999483
3501	3.4810211	-0.64340604	2.7742149	1336.3438	13.838708	13.224201	0.0023217501	0.2443131
3502	4.1585053	-0.49445039	1.2439652	146.55676	10.499992	8.118355	0.23641827	0.1790556
3503	2.5039112	-0.29593517	1.6888972	667.59811	16.018292	13.009984	-0.03223439	-0.39246564
3504	3.4647365	-0.38856982	0.5329761	1386.4317	23.813394	12.412002	-0.040844169	-0.17476085
3505	5.1779043	-1.0020638	2.0940527	1849.5568	43.954379	12.155182	0.21663996	0.14021346
3506	6.0054893	-0.50955044	2.4601442	2930.7208	47.354311	43.495199	0.13076137	-0.11289595
3507	3.1294069	-0.40248244	2.4958914	354.12432	30.516094	1.9048687	0.27758329	0.15776407
3508	4.0190425	0.18331698	0.47987462	419.2122	9.7452708	8.7866758	0.13471128	0.32565162
3509	4.9166376	-0.38219138	2.5487866	916.95177	12.062219	10.214128	0.014136605	0.025938244
3510	2.0001353	-0.34839224	2.6325265	2889.3793	52.438338	51.414498	0.0016945482	0.0032772313
3511	2.3921016	0.49584195	0.6844645	4539.3846	55.796153	33.429749	0.20283221	0.14965608
3512	5.603909	-0.26083536	1.5923197	863.8175	17.580394	14.863326	0.21696158	0.25979968
3513	5.8126547	0.019564131	2.8728464	7172.3995	68.878964	60.089136	0.5506362	0.092192709
3514	1.651914	-0.70391338	1.179075	1045.4771	39.6917	25.615224	-0.16302116	-0.28279557
3515	0.57863446	0.36303618	2.6878809	775.88036	37.507817	25.766383	0.027908484	0.12345528
3516	1.4824501	0.35935362	2.427395	3464.4515	57.177296	51.990913	0.0092859883	-0.27866636
3517	4.043228	0.52928425	2.3136084	11176.701	156.0517	121.45028	0.18244222	0.10286271
3518	1.4316094	0.48189599	0.73714362	3392.551	46.654208	35.44197	0.01553178	-0.00012766048
3519	0.33126042	-0.68640054	2.4603166	5317.0573	62.711795	59.739506	0.26365858	0.2873046
3520	5.1981089	0.99784159	0.59228348	673.40157	10.509411	8.9347215	0.37667059	0.24605664
3521	6.0732538	0.61019543	1.2589426	280.62716	1.4300291	1.3517108	-0.11032064	0.051936825
3522	4.9366327	0.74018624	0.94356825	1951.7597	15.182229	15.085845	0.1002934	0.02774496
3523	2.5630397	-1.0420469	0.78182226	1102.7142	41.974456	18.762485	0.1008554	0.29931936
3524	4.8999441	-0.48637999	0.95473243	2651.82	118.93973	102.8242	0.10993799	0.042588396
3525	5.3951413	-0.52901665	0.9510678	360.64932	10.648536	9.4925621	-0.12141097	0.12558244
3526	1.9261738	0.35303212	2.3558226	722.91515	34.267923	20.364333	0.040585288	0.042257468
3527	5.5339181	0.61526149	0.58698392	1202.6965	32.455766	32.0331	0.18203519	0.011543087
3528	4.6977618	-0.062858742	1.998632	470.06646	38.960893	30.760531	0.081646459	0.066757044
3529	3.9767342	-0.2438913	0.6228127	590.13351	19.471729	9.7584362	0.38353701	-0.008165599
3530	4.902663	0.67599354	0.86866959	1772.0781	27.413433	12.131008	0.25624373	0.22776802
3531	3.523047	0.93026648	1.0735695	3635.7295	87.14075	80.553469	0.29505582	0.088128115
3532	2.7263871	-1.0909262	2.1277567	353.97709	10.228007	8.831102	0.20580418	0.10693631
3533	0.88086336	0.35463534	2.6504707	902.05459	13.45325	10.26905	0.047686438	0.37833389
3534	3.9779502	-0.70822798	0.50113945	2564.6298	57.13243	47.962441	0.14080691	0.14297579
3535	3.0843205	0.29789596	2.5513076	1100.2338	36.769076	32.000672	-0.06795384	0.28650545
3536	0.34146406	0.60216518	0.57297503	591.76322	1.7393332	1.2834352	0.37983813	-0.0001525483
3537	2.8662052	-0.52907909	2.7350391	1523.1544	44.056189	39.931123	-0.058835931	0.092065536
3538	0.51694873	-1.3998903	2.4096342	7955.5599	181.06784	72.828925	0.11847515	0.081550137
3539	5.6656849	-0.36631557	1.6537629	2108.6826	60.475659	53.048101	0.17977556	0.035572044
3540	2.2740237	-0.47367186	2.9051103	768.99245	2.3965785	1.94017	0.12446069	0.14787571
3541	1.3364539	0.37329359	2.4660211	2066.9324	52.39839	48.871014	0.42427516	0.18807878
3542	4.6016894	-1.0915081	1.3218125	664.75686	27.341464	17.554288	-0.42811549	0.027281891
3543	1.2560954	0.022751108	1.154519	7448.8717	143.71844	103.6035	0.56393094	0.20577164
3544	1.4028928	0.96094012	1.0200883	302.40724	9.9610783	1.5736584	0.15014832	0.0068954369
3545	2.5965014	1.3593989	2.4858085	3974.5644	58.639651	56.415599	-0.0099131052	-0.26725455
3546	5.9537194	-0.51177781	2.3616544	438.09781	8.7104363	2.4373572	-0.21265348	-0.11139818
3547	3.2054979	-0.63172534	2.2825293	1017.4826	23.963285	10.614583	0.050422686	0.0066144204
3548	3.0701757	-0.14518105	0.41994847	3554.5915	64.179462	63.08552	0.075386409	0.26207051
3549	4.1316134	-1.309454	2.3663624	365.20106	2.0180757	1.6007204	0.083109846	0.014086401
3550	1.8129641	-1.1256422	1.0563922	765.61929	10.058942	10.000548	-0.19901151	-0.023419262
3551	0.68669431	1.0426724	0.64354578	541.37103	11.612195	8.8260141	0.0011146238	0.10866162
3552	0.3928452	0.47852144	0.66476065	1419.5555	31.305386	24.992043	0.20590914	0.055899061
3553	2.3564639	1.0434315	0.22293296	3770.0179	15.252559	13.641808	0.026699724	-0.022974487
3554	3.7418858	-0.37591202	0.72469227	316.02777	1.5955827	1.2977557	0.1420867	0.1640723
3555	3.6845707	-1.1657453	0.60876125	1345.7072	11.836054	10.507574	-0.26541342	0.050804758
3556	2.5057197	-0.74911215	0.057351545	2242.5227	12.023081	10.531325	0.039846873	0.17250052
3557	0.71907576	0.63017118	2.3696255	1364.4031	14.624548	12.584058	0.11571509	0.10286139
3558	2.4103318	0.032346073	2.082418	483.74169	10.869906	10.109375	0.13663058	0.21608357
3559	3.4780411	1.1842485	2.4818184	976.32713	25.909763	25.67767	0.081873138	0.021792067
3560	5.1428245	-0.39206089	0.73656856	562.99249	11.173641	9.6401199	0.6789756	0.18820184
3561	3.0437804	1.3957909	0.33400936	6107.8723	61.390992	54.734666	0.26052134	0.60997444
3562	1.5801111	-0.87706795	0.36525549	657.64204	8.9482925	1.4625273	0.27651041	0.08399667
3563	1.4292734	0.95946649	0.9446848	1861.1838	19.064949	15.183166	0.040475358	0.33882965
3564	5.6361015	-0.34695767	2.4496372	2338.5541	26.642642	18.887994	0.17082395	0.03087372
3565	4.2159118	0.13954065	0.27463617	1456.6191	23.905607	16.777853	0.11000662	0.064683281
3566	4.5561238	-1.2051633	2.0210437	1281.2423	34.426238	32.159035	0.023218269	0.21818646
3567	1.2135458	0.22296653	2.0803103	1072.564	11.519434	9.7981973	0.16694079	0.33702911
3568	3.1803326	-0.42754102	1.7374294	1625.4836	44.960292	41.49727	-0.16394599	0.0092029606
3569	5.9983025	-0.77154052	2.3640568	7889.0955	75.746504	58.825441	0.21487439	0.051822252
3570	1.879723	-0.12879686	2.3879382	926.48221	43.438207	34.141721	0.0601032	0.050647173
3571	1.2642835	0.62370545	0.47126144	1021.3313	23.770058	9.8738647	-0.060117784	0.008133442
3572	5.4688026	-1.1508243	1.3399361	619.76198	28.084551	27.861481	-0.05058363	0.14995678
3573	5.8512919	0.47831433	2.2257698	3600.9317	56.860863	39.995624	0.026959055	-0.023109282
3574	0.26188596	0.91813497	0.72546109	1422.2954	34.958356	9.7473125	0.094365815	0.056560808
3575	1.496003	0.86308941	0.66440657	3231.8046	82.5556	67.839377	0.19381651	0.090995919
3576	2.4416056	-0.5625373	0.77227096	3809.0191	57.830294	56.660657	0.048814433	0.27574811
3577	6.0273431	-0.56625466	0.50677153	2489.4088	55.103948	45.358283	0.093988757	0.018087208
3578	3.6866138	-0.022533816	0.36485115	1629.9847	45.292075	33.89897	-0.091545736	-0.029265797
3579	4.1584626	0.79659223	1.0959186	210.76722	2.4430999	1.7966247	0.17045745	0.10028963
3580	5.0506936	-1.3033232	2.2871784	4435.1391	62.62849	30.844047	0.20228681	0.10214055
3581	5.7714001	-0.57100416	2.7279936	2645.8138	46.250672	17.764499	0.22717266	0.11038095
3582	1.1786507	-0.65534444	0.60486145	1337.3557	37.821913	37.767956	-0.067581966	-0.24475478
3583	0.50832811	0.22989719	2.711735	1092.6917	13.437362	11.217483	0.043785461	0.064234711
3584	3.1228461	0.041783143	0.43451474	752.69368	12.121523	11.466082	0.039901968	0.16799577
3585	3.7834481	0.72126824	2.6466691	1982.5195	38.940067	15.831468	0.057791489	0.069618195
3586	2.1921525	0.82925332	0.29056673	2680.887	76.638342	19.208906	0.048032851	0.14162049
3587	1.2820817	-0.033621269	1.039834	2361.4749	38.847995	30.433177	-0.05558702	0.030146806
3588	2.8645697	-1.1084269	0.62792792	283.91875	9.9844311	1.2195065	-0.026239392	-0.041010632
3589	5.9482054	-0.50894133	1.9299893	489.16481	9.9433657	9.9084486	0.073172518	0.23441472
3590	6.2713994	0.55567	1.5748236	329.85523	10.964922	9.0040369	-0.17816915	-0.010509852
3591	1.3693135	1.1556116	2.4721279	1415.456	11.061761	10.929844	0.17231741	0.14606961
3592	5.8809512	-1.2641065	2.0689294	604.44955	28.362869	19.9408	0.5318702	0.06000743
3593	3.5235569	-0.16710398	2.5349308	239.64315	1.7441758	1.3784532	0.18463984	0.28759444
3594	1.6460105	-0.29239349	2.4641607	1965.6218	51.359434	40.247501	-0.1670711	0.016822731
3595	2.2092932	-0.063796975	0.098007934	4075.4632	49.363666	40.356798	0.094040298	0.10310347
3596	0.78398824	1.2855844	0.060733862	5789.6256	72.72534	65.946826	0.11542694	0.39098461
3597	3.0804956	-0.032989446	2.2866031	2105.539	51.901579	39.639764	0.31664254	0.0889657
3598	2.467892	0.063309659	2.2094134	1986.3251	26.429194	11.48877	0.13192461	0.014898412
3599	0.70485626	-0.3014558	2.7195296	1142.531	10.20729	1.6580078	0.079229224	0.12816744
3600	2.4378351	-1.0297269	0.619577	1168.0421	13.831412	10.770524	0.25162589	0.021976638
3601	3.1285727	-0.55388408	2.5498755	1559.4148	47.36904	10.304347	0.236905	0.076674457
3602	4.6010964	-1.047488	2.205876	1028.4269	18.218044	10.373141	0.27266886	0.05861374
3603	4.7522698	0.20316661	0.58656812	2243.179	41.751517	40.877676	0.57310192	0.23760888
3604	1.9331288	1.3047449	2.8487582	2251.5675	44.257063	32.641909	0.56013123	-0.037658086
3605	0.9119306	1.15084	0.6761786	591.87553	9.7686589	1.5136339	0.41243113	0.0046746305
3606	6.061439	0.37072478	2.598165	212.27422	1.281747	1.2240298	0.23151192	0.091006048
3607	5.8738643	-0.94689175	2.8102338	4422.5528	91.169853	82.765449	0.062844222	0.061429781
3608	5.6779577	0.03287277	2.6730991	3312.5913	42.150697	32.651239	0.1084027	0.39334236
3609	5.5472478	0.66223632	2.3703995	1955.8576	48.179844	40.042761	0.36202422	0.032696335
3610	5.3949229	-1.005436	0.96987954	1182.3772	17.475346	11.021828	0.047746535	0.45863199
3611	0.84681297	0.56292248	2.4350094	2983.7331	104.26789	30.950507	0.20838276	-0.0036241431
3612	4.4694485	0.010248152	1.9062854	6943.4755	82.249997	67.242636	0.16544085	0.076410047
3613	2.9087316	0.37028248	2.0734437	295.8844	1.5497904	1.4006616	-0.017977445	-4.3938227e-05
3614	2.9734882	0.66076674	2.5297015	2199.9879	50.564402	31.824134	-0.086376538	0.11588149
3615	2.9959081	0.21476512	2.6485894	383.91526	1.7275997	1.3773056	0.0012876399	0.022072856
3616	2.863457	-0.64098079	1.4483422	979.29223	11.238099	11.186913	0.0087958553	0.1890993
3617	1.2302382	0.0080588765	0.68248573	1276.4508	28.551324	18.301864	0.28658508	0.25467098
3618	3.0469375	-1.0490707	0.73578187	2841.3423	50.591137	46.734824	0.18545221	-0.01560915
3619	1.3458627	-0.60968787	0.52796174	220.31416	1.8525535	1.3774181	-0.071662935	0.039824331
3620	1.4514838	-1.0751742	3.1229155	2046.7949	12.142837	10.481187	0.14775421	0.10812894
3621	2.7256783	0.8433881	2.6011178	3848.3308	95.322596	48.965487	0.1588924	0.3054942
3622	6.1963032	-0.71149485	1.0370985	1433.2472	46.715847	29.463745	0.051246925	0.12416768
3623	4.357376	-0.97216271	0.63061117	564.39084	10.436236	8.9349925	0.079375732	0.22144349
3624	3.0077614	-0.6421202	1.0080413	1515.1845	48.327952	39.614301	-0.013090089	0.069138949
3625	0.08664585	1.2192706	0.5846039	727.74767	12.356967	4.3188271	0.27248982	0.17660062
3626	4.6974295	0.57795604	1.8573421	159.87737	30.457744	1.2587439	0.15020145	0.074576698
3627	0.19712758	0.40212593	2.4601818	1070.4866	38.098959	10.338852	0.1874406	0.20331173
3628	3.6426857	0.3273376	0.63153193	377.34698	13.309466	12.290558	0.0085478855	0.13584423
3629	2.2959064	0.58002919	2.7845711	570.96062	10.323552	8.3243509	0.031393405	0.24619071
3630	4.8974562	-0.53160421	0.51626505	165.34889	1.6799913	1.431863	0.13716723	0.0061559518
3631	0.55389176	-0.65611139	1.7499818	826.78769	9.9699071	9.3294607	0.056150263	0.023880872
3632	3.3341138	-0.01165785	0.62043063	2406.9811	101.75296	88.792302	0.17719273	0.12954568
3633	4.0221596	-0.47009144	0.54151258	5133.7962	46.459403	33.653654	0.21593262	0.043930555
3634	3.2122707	0.82825329	2.6636915	2739.116	12.388682	11.761484	0.20040655	0.053123309
3635	6.1238151	-0.52633463	2.5355937	228.02867	8.4733994	1.5537299	0.087840564	0.2156
3636	1.8629006	-0.87357141	2.6909771	1672.114	44.542866	30.626177	0.034244775	0.15804394
3637	4.5723797	-0.012052676	0.33997041	817.18807	10.880865	9.1456612	0.13562501	-0.0040492013
3638	2.6199418	0.27971847	2.3527233	1554.732	15.394005	13.483061	0.29572455	-0.050399564
3639	5.9422985	-0.68250335	2.4445564	221.51986	10.494759	7.9668396	0.093760999	0.29558734
3640	2.1294753	0.068813927	3.0426564	3076.4339	51.721	50.944604	0.49443247	0.20213684
3641	4.3247379	0.88563346	0.20311486	4468.8904	78.927549	58.710727	0.061865811	0.38560797
3642	5.1716092	0.017045626	2.6037779	6087.6938	78.751849	76.39057	-0.050703046	0.37321824
3643	1.3214947	0.39200267	2.4942018	590.94103	8.6790055	1.5406094	0.013568024	0.16291791
3644	1.7757096	-0.83637011	1.9402567	639.52243	10.752353	9.3619977	0.30567811	0.010209888
3645	0.78568167	0.20771605	2.3928136	379.47302	10.256632	9.9447536	0.11629805	0.38946811
3646	2.1154652	-0.68634606	0.7766343	5170.8978	98.228166	54.912441	-0.0026048273	0.22780026
3647	4.0032552	-0.53149358	2.7068087	379.81992	1.6843062	1.4354266	0.11174939	0.005011523
3648	2.4768046	-0.84350829	0.08038919	666.70651	8.5942125	6.6510121	0.013388111	0.17127959
3649	3.7888012	1.4469808	3.0462702	1327.1915	11.420349	11.273487	0.12546366	0.28086774
3650	0.2079585	-0.88535747	2.0739199	1743.4249	52.54371	33.436557	0.037463491	0.029746088
3651	0.63132581	0.073347227	2.8513854	2049.7164	13.078163	12.981763	0.013003919	0.26807506
3652	3.5227341	-0.144201	2.3490619	571.03926	10.562024	8.4433955	0.17449524	0.4371562
3653	5.9934733	-0.56096654	2.970746	2718.2966	90.11643	43.253619	0.094922981	0.1233837
3654	3.8544304	0.72047662	2.3020331	280.23674	2.1990374	1.3019539	0.0067788793	0.23686971
3655	1.7375636	0.052796148	2.5920821	931.98063	10.483804	10.017525	0.11326175	-0.027023023
3656	0.003251165	-0.27723877	0.64750457	622.72253	9.4446464	8.29004	-0.058637207	-0.010925499
3657	2.9120821	-1.0996468	0.55068105	2621.651	51.868479	41.809806	0.28182935	0.067923269
3658	3.5980403	-0.077870951	0.183129	4331.7505	57.198574	51.938971	0.21118281	0.34053912
3659	1.1492224	-0.23368185	0.61635539	2095.206	24.072019	14.228347	0.01423841	0.078257949
3660	3.5450108	0.72142034	2.1243367	843.29236	12.61948	9.5465225	0.015897289	0.22743466
3661	2.1965737	-0.73812382	2.6495682	2105.3719	20.910531	13.093728	-0.075447566	-0.060468453
3662	5.716547	0.47040799	2.6019639	6215.4439	68.087451	57.137034	0.026967359	0.23952014
3663	3.7614838	0.76317843	1.9371032	1086.9371	40.150676	36.456848	0.042204327	0.24411999
3664	4.0080529	0.40731599	0.97326042	1430.6841	14.536277	10.004029	-0.037862482	-0.30540239
3665	4.1572	-0.58196044	1.662492	1781.5838	44.526921	42.898978	-0.013975732	0.26589629
3666	1.4144699	-0.35876482	2.7519537	2772.4105	14.447325	13.699232	0.16113946	0.029842222
3667	3.3151762	-0.66482238	2.2118926	3463.8414	44.517765	41.448807	0.15496878	0.22644575
3668	2.5493787	0.65612952	2.8382356	662.02055	37.898231	29.534776	0.13018058	0.0010943173
3669	2.8517695	0.45538201	0.86302331	4058.4535	46.82233	44.09398	-0.10623973	-0.061167419
3670	1.7018262	0.77188542	0.53625127	2435.3948	42.785882	28.09158	0.35367642	0.036664481
3671	5.986284	-0.11811026	0.21111501	367.73635	8.9940465	1.2936008	-0.017707654	0.2597121
3672	0.42295865	-0.36607917	2.861524	844.35898	27.437908	11.139882	-0.089733122	0.61766955
3673	2.2059941	0.26457577	2.0339473	1058.9148	16.921243	10.576147	0.0053858191	0.020909899
3674	6.2357873	0.87976766	0.97693364	336.33309	1.6695933	1.5451848	-0.021141464	0.077756588
3675	4.0404392	-0.47716927	2.5976548	1788.1789	46.599258	34.758148	-0.06326928	-0.06560898
3676	5.755618	-0.018152033	0.52257939	2489.2785	24.530753	18.92063	0.1968347	0.038682933
3677	4.3108105	0.52522116	2.7835231	1301.4531	44.32192	37.526122	0.040625674	0.046939168
3678	2.4900804	0.43304533	2.6756175	1537.8785	12.425669	10.223884	-0.10224854	-0.070384788
3679	6.1015459	0.96890125	2.6458485	972.65327	17.89504	10.57541	0.17887876	0.61238252
3680	4.7387663	1.3451528	2.5590577	1193.4259	39.286181	36.254727	0.0044735012	0.40307732
3681	1.1981876	0.017715812	0.32115443	4541.0134	44.204373	31.48162	0.043863038	0.54904288
3682	4.9911345	-1.2422623	2.7980672	211.88597	9.4583888	1.4101006	0.023437552	0.14255936
3683	3.9593095	0.71670279	0.86942515	1536.0388	51.52879	30.031514	-0.011884842	-0.10799041
3684	4.3918173	-0.18938468	1.8170177	153.01263	2.7853743	2.5060285	-0.25706896	0.11013239
3685	5.3894181	-1.0079019	2.0842033	1038.9231	44.444713	35.002256	0.13572217	0.22058439
3686	0.38148684	-0.24234255	2.2844301	1462.3755	25.925031	12.721919	0.018215297	-0.20150276
3687	1.947176	0.5968411	1.4456941	3347.328	51.785205	50.989688	0.3599181	-0.13961226
3688	4.0661142	-0.14030743	0.97033328	5318.0268	145.95933	130.02911	0.1369969	0.04298316
3689	3.2297849	-0.078617894	2.054167	555.48438	33.9652	31.608089	0.18223508	0.032983503
3690	3.8506241	-0.06274242	0.50536241	666.40848	10.270115	2.0407534	0.036549406	0.25206484
3691	0.84102397	1.3729147	0.053952055	4191.9747	44.559563	42.951923	-0.019644824	0.0067810893
3692	2.0964513	0.84949957	0.93000569	3102.4747	55.331079	28.532385	0.192453	0.096615153
3693	3.0087441	0.16353608	2.6898232	683.53482	9.8463675	9.7296011	0.10107934	0.067533889
3694	2.9314038	0.85157297	0.71267416	332.83891	7.3739294	2.2229444	0.024813427	0.0015548934
3695	0.45902581	0.25853733	0.26751103	8946.0371	135.53942	61.391466	0.29211791	0.21812391
3696	5.2917216	-1.0151331	2.8000395	706.53853	12.011163	1.3150022	-0.067440353	-0.023708455
3697	3.1214195	-0.91839876	0.80056101	1932.965	48.996767	46.750663	0.24469746	-0.090962697
3698	4.4616587	1.0305576	0.32546345	1136.0391	9.7158284	9.3593721	0.73349761	-9.2026366e-05
3699	3.3890734	0.15091613	0.95146963	5255.9307	56.951513	56.189681	0.19890247	0.092848989
3700	4.0279221	0.084315419	2.640686	2477.8761	37.909215	29.551617	-0.011406066	0.059493259
3701	2.1836476	-0.55816735	0.45155001	1666.0018	45.927199	28.718256	0.26921663	0.063335635
3702	2.517973	0.24166258	0.56362449	1080.9242	10.256778	3.4894589	-0.0021675267	-0.089797769
3703	3.9974119	-0.81875927	2.8992113	1802.5373	14.967342	13.726612	0.24386018	0.25837117
3704	1.1845759	-0.30379121	0.89333388	1289.0609	46.491274	34.279852	-0.024360705	-0.00030015887
3705	1.9860535	1.3218438	0.78039239	214.29786	2.10528	1.9818411	0.35222685	0.3480823
3706	0.88067442	0.69129057	2.6337694	4091.6476	56.101175	51.644821	0.14072705	0.0038203075
3707	2.2228278	-0.8900828	2.7559983	6208.4364	80.415292	49.549557	0.18695764	0.083533011
3708	1.5146418	0.59358647	0.33754105	5052.5689	62.583056	55.519649	0.016532848	0.13588777
3709	2.9974762	0.51922223	2.7660204	689.85658	9.4217281	1.6498532	0.014050685	0.15394569
3710	2.6428186	-0.38672005	2.8952647	5175.5716	65.986918	25.864833	0.082691571	0.23985473
3711	1.0891397	-0.40146148	1.7747756	1145.7452	22.321362	11.582519	-0.015660208	0.20619633
3712	6.113584	0.60421197	0.3259594	3907.7579	38.250939	38.20177	0.10604834	0.119176
3713	2.1366167	-1.1395735	2.7083984	1703.8296	11.736571	11.049598	-0.13371997	0.28106665
3714	0.57136629	-0.21057954	0.59029723	871.08301	10.165439	9.4557352	0.024048307	-0.29709186
3715	1.2453392	0.090771068	2.4237774	950.49359	9.2110489	7.4298755	0.27050149	0.032177991
3716	0.80517025	1.2347749	0.67248671	745.23672	12.164666	1.422888	0.27366389	0.20614034
3717	2.8841605	-0.63838764	2.4503707	340.58909	23.27005	1.2410078	0.00027923807	0.0015931132
3718	6.0927582	-0.58825452	2.8428184	2966.4007	18.521113	9.8374243	0.41746062	-0.01093097
3719	5.095508	0.62271835	2.3899712	858.9744	9.7079066	9.0982931	0.039649934	0.19058905
3720	4.4345964	0.81547482	2.4361833	5911.6824	51.242032	48.644411	0.084036383	0.2537187
3721	6.0523157	0.26847709	0.26790855	403.42856	1.6553581	1.5330793	0.25527307	0.063325523
3722	0.89053317	-0.64963381	0.86367433	5030.8702	61.644215	58.771898	-0.073241347	-0.29341747
3723	2.2147349	-0.39104612	1.3189294	525.57129	34.771666	28.569647	0.39206135	0.14598855
3724	5.6667692	0.14200837	0.69040281	3426.5771	34.722358	33.956328	-0.23841241	-0.26072049
3725	1.7759651	0.33777863	2.2692069	965.80095	12.845651	8.8404463	0.27223497	0.090865674
3726	0.74708486	-0.36579063	0.54637033	1764.3855	38.997176	15.297302	0.00053419867	0.19275862
3727	1.103535	-0.8960493	0.54373829	4046.5855	27.392753	24.480786	0.30882381	0.0044812006
3728	1.63577	-0.21007221	1.3296234	234.11929	9.9295849	1.7161174	0.34849554	-0.044561321
3729	6.1127249	0.35773112	1.9295425	1953.3956	49.918426	27.400595	0.034635027	0.040041274
3730	2.6271634	-0.98724469	1.0484885	228.98058	2.0417748	1.6522599	0.14612648	0.083730706
3731	3.6765713	0.44442764	2.1449594	1057.0549	13.209179	9.0229488	-0.22865409	-0.24024611
3732	3.1770727	0.69423091	0.29835401	6225.9836	65.545434	60.735844	0.081100845	-0.17108105
3733	4.4863118	-1.150201	0.6318275	3908.1598	75.10301	41.907935	-0.0041523159	0.18183387
3734	6.0425944	1.0949111	2.1184743	239.28257	2.1798592	1.9453055	-0.066570144	-0.10699018
3735	0.40310017	0.92112889	3.0234705	3373.7844	51.055117	39.214637	0.63119352	0.041342814
3736	0.1901802	0.54779935	0.65226219	216.10406	2.3322884	1.9759736	0.01256324	0.14799311
3737	4.8289822	-0.50439965	2.2037813	6615.6871	91.087198	64.252176	0.25155024	0.058849376
3738	0.4194017	0.77965421	1.1305385	375.19019	9.0082505	1.8561928	0.014890884	0.21418906
3739	1.6045445	1.3409036	2.816845	5080.1147	58.893831	55.30973	0.023634765	0.038614643
3740	1.5022268	0.55716888	1.2892487	1102.4308	10.125347	8.2040736	0.01788413	0.20922016
3741	5.4198655	1.079222	2.7833675	5253.0801	61.830033	55.488878	0.21436796	0.40943577
3742	0.64874207	-0.52248703	0.16055643	2278.6055	12.109591	11.014173	0.1791747	0.062286652
3743	1.2525693	0.21113348	1.9333879	1401.1155	30.663991	30.506742	0.15011639	0.022584299
3744	5.8737177	-0.44710543	2.1672376	2481.5087	40.210462	28.525996	0.34009804	0.07564092
3745	1.006282	0.28668791	0.5681962	943.78537	10.740832	10.602566	0.040513497	0.23443606
3746	3.3855892	-0.11390749	0.50672103	399.06579	12.187103	8.8659264	-0.049202888	-0.04393684
3747	4.9467863	-0.5189855	0.30080887	5353.8145	56.886865	43.317923	-0.076798269	0.23874256
3748	0.053353036	0.46481449	2.1166484	51.810009	2.6361811	1.7391699	0.013010879	0.06739566
3749	0.7459264	-0.14878077	1.7134051	158.1847	3.9952008	1.8679365	-0.091700467	-0.10967218
3750	3.9272206	1.297791	0.14523166	123.55325	1.9901329	1.4239314	0.12179839	0.046319126
3751	2.2155406	-0.50992043	0.19416586	2718.7168	53.93577	37.898775	0.046857445	0.42279787
3752	3.0614585	0.18032038	0.47988107	4281.9645	51.023849	35.104934	0.11016616	0.024807215
3753	3.682211	-0.23239787	2.7381184	2724.683	39.514085	35.906355	0.11583195	-0.0053463904
3754	1.6739295	0.95907586	1.5316885	1645.0291	48.674248	48.646973	0.0075255772	-0.019667164
3755	4.5493329	0.4747778	2.7181186	7695.4913	144.98557	72.84135	0.17732799	-0.050584061
3756	4.2398507	0.1106756	2.4863446	1357.9049	42.369254	9.3978001	0.22313474	0.02135295
3757	4.5581846	1.091489	0.33585195	790.70081	10.314001	7.5922352	0.15552169	0.10885143
3758	3.3764304	0.35941436	2.9032248	3077.5349	53.103037	45.518778	-0.0064174976	-0.031066009
3759	6.0452503	-1.1998832	2.6364025	8231.1877	140.49874	76.670491	-0.018336547	-0.016079492
3760	2.90494	-1.3080475	0.28851414	275.67352	2.2212285	1.6562416	0.3397797	0.0094021437
3761	1.803403	0.72755717	0.98237826	797.85289	10.657805	9.6237105	0.05852939	0.68569962
3762	2.5098499	0.94825825	2.8215942	968.76485	10.38455	6.7049955	-0.031534042	0.44568191
3763	2.3466732	0.37362074	1.6636844	360.82735	9.4381891	8.9173512	0.35402029	0.12269827
3764	5.6093901	-1.4764781	1.1212853	649.99303	35.170991	30.896483	0.0021863361	0.10714881
3765	4.7368615	-0.27399421	2.9430808	2199.305	54.228425	50.248674	-0.026708889	0.42380997
3766	0.038339031	0.83175006	0.87710042	231.26127	4.6910196	1.3209765	-0.068161258	0.10842306
3767	2.2472332	0.84447643	0.60619074	599.95439	11.320802	9.2149816	0.43873423	-0.042115386
3768	3.0176058	0.66333798	0.79805594	2641.451	53.7383	50.76118	0.14444299	0.21276901
3769	1.5034508	1.3172593	0.4331687	7292.5482	68.019501	55.50074	0.23613716	0.061857453
3770	2.3115142	0.66811672	0.64734708	366.12126	10.523789	2.2726638	-0.12572312	0.24053613
3771	5.2571401	0.55292609	3.0032179	3327.9123	19.969101	13.763177	0.23741116	0.10618944
3772	1.1525204	-0.32355388	0.23703362	2702.1041	44.042234	32.160547	0.10903529	0.071390791
3773	0.60978291	0.5898969	1.3239806	686.59372	19.838629	2.4825596	0.13053868	-0.013608327
3774	4.4857248	0.59319813	1.8882016	822.15045	34.313979	34.126321	0.44615958	0.074290121
3775	1.6691284	0.66563875	0.94358169	1271.0995	17.381539	11.841256	0.0056334379	0.10646973
3776	0.74086532	-0.26293521	0.23238206	7654.9985	78.296701	61.022061	0.017971904	0.41553742
3777	3.4059314	-1.0915391	1.2016478	273.26929	10.094296	8.1731937	0.11889114	0.11457132
3778	5.0476886	1.2710224	1.0004901	1443.2127	44.903232	42.47475	0.085048175	0.35571495
3779	1.9619461	-0.039561043	2.4616518	774.70014	9.9206652	9.8324351	0.044876445	0.050181531
3780	3.0798478	-0.04590889	2.1522762	458.92654	9.9619053	9.1010764	0.048993314	0.36022971
3781	3.6336627	0.2715471	2.6307785	3526.3812	24.478667	13.745487	-0.044405762	0.014859713
3782	3.6188814	0.13230411	2.8556013	774.87223	10.585069	10.007278	0.062620187	0.069193906
3783	2.1556663	-0.75865134	0.55723274	3435.1947	74.839776	58.836327	0.2800072	0.081985462
3784	3.6590992	-0.45114109	2.7294124	932.69092	46.142994	31.081125	0.14404416	0.30467701
3785	5.8948167	0.94540169	1.2147882	4543.84	64.477731	63.10128	0.097097262	0.01177266
3786	3.2524531	-0.1925897	1.8887143	1190.0017	43.689624	33.449264	0.080481251	0.18901445
3787	2.4296089	1.0951362	0.93798308	1004.3766	50.368096	12.505283	0.13443657	0.049445486
3788	5.5763759	-0.44324415	0.79449772	5009.2177	72.206344	47.827405	0.065201089	0.106243
3789	5.0157401	0.75605131	2.2317802	5615.4182	157.62241	74.934213	0.2404011	0.088379238
3790	2.0475693	0.3932979	2.0844637	1899.6601	12.769594	12.434344	0.11261019	0.12357417
3791	3.1095949	-0.75008096	2.7188335	1489.5095	38.928172	24.458438	0.22147112	-0.22214293
3792	4.4942558	-0.82831906	2.4841791	4421.2568	55.094211	54.466727	0.073718714	0.19835695
3793	2.2902897	-0.20863632	0.34939578	474.6759	12.493445	8.3808066	0.26980181	0.12771065
3794	0.89790359	0.61928386	2.6911604	1015.3737	34.940495	3.4508858	-0.23316163	-0.0085036332
3795	1.3810347	0.050570995	0.55753094	3781.5844	40.247726	34.548779	-4.7056649e-05	0.059008082
3796	1.8602309	-0.30955368	2.2085033	1660.7191	42.855026	41.61087	0.1845113	0.036387939
3797	1.0171976	0.40105898	0.65521666	2405.2173	43.885264	27.329803	0.12714718	0.014495144
3798	5.053408	0.68080427	3.0737931	490.26527	12.16097	1.5723539	-0.032059647	-0.0083963224
3799	5.3189263	-0.82323181	1.9293872	1084.9859	26.746873	23.192492	0.11578943	0.0020741507
3800	5.369217	0.015530749	0.2358815	3577.1532	36.419626	31.75949	0.12927127	0.36432941
3801	4.1744538	-0.60775142	1.1235686	994.71667	34.370989	20.514901	0.47367207	0.24498693
3802	3.0253069	-0.67846897	2.5530137	3311.1439	46.525059	31.369422	0.39627844	0.030033877
3803	5.7811365	0.082975147	1.8269121	1666.0192	28.64459	12.762176	0.0003886837	0.30310575
3804	4.070768	-0.66588486	2.1743903	1176.514	11.408037	10.026497	0.42439962	0.054175431
3805	2.8444154	-0.98968586	2.8781087	876.06506	10.520399	9.6173223	0.20225136	0.10496712
3806	0.99645541	-0.18316147	0.68009912	889.81221	10.203768	8.553833	0.13363556	0.043954244
3807	0.69763714	-0.22088446	0.42775033	1122.7365	39.632492	30.22228	0.018106058	-0.025038167
3808	3.4789455	-0.72245487	2.0367617	763.72231	8.5744461	3.3887562	0.055708015	-0.0040360878
3809	3.2720819	-0.59699367	1.0981338	256.15333	21.85284	2.2673823	0.003912561	0.085517529
3810	6.2809468	1.1628442	2.2767616	464.40536	21.500175	2.8671666	0.067960588	0.0042046652
3811	5.3936683	0.86405284	2.8679286	936.43557	10.394143	9.5821	0.35935203	0.10797475
3812	1.6815213	-1.1192751	0.62321498	1200.1149	30.808251	29.356108	0.096095801	0.2816748
3813	0.40961155	0.69089819	2.7920318	671.49545	45.908189	29.204833	-0.023138666	0.10668795
3814	4.3674904	-0.89291387	2.2531344	3268.7393	103.15574	64.010482	0.36101648	0.15597374
3815	5.9581657	1.1394943	2.1539949	882.64905	10.27916	9.7401429	-0.56480621	-0.14022429
3816	1.9292993	0.9669371	2.801039	4596.9991	52.774036	51.138663	-0.0030185847	0.089306531
3817	1.8120471	-1.300612	0.74288015	3129.7021	26.91902	24.29539	0.20469189	0.16579707
3818	5.9874475	-0.14871165	2.724661	1958.3957	50.434393	45.959254	0.12990226	0.21311622
3819	6.1119639	-1.4243394	0.43257109	6399.619	67.469694	51.725905	0.45784993	-0.12862811
