simulation_id	longitude	latitude	inclination	distance	mass1	mass2	spin1z	spin2z
0	0.058534055	0.107761	2.1534174	1445.543	11.378744	8.3560444	-0.060486738	-0.0040487505
1	4.2620217	0.6847603	1.3204223	355.72644	10.700563	9.6508136	0.047326489	0.098222522
2	4.16646	0.1384404	2.1691204	1018.9344	11.457735	10.005627	0.014433415	-0.065901855
3	2.2682742	-0.56883262	0.41407712	2604.6911	13.73117	13.324721	0.1929834	-0.046173961
4	3.3923103	0.96069304	0.31545833	11789.681	87.751708	63.009861	0.039027174	3.3597359e-05
5	2.0473784	0.34121813	2.3151222	2355.7649	11.952602	10.454688	-0.07276409	-0.0058013381
6	2.0567306	0.71463211	1.2443185	4308.8162	58.750715	35.209368	-0.011690118	0.39794762
7	1.0267201	-0.83707702	2.4291088	2206.2555	13.493755	11.565238	-0.11483275	0.19079451
8	2.3650673	-0.8619666	2.1812584	459.79521	9.1455849	1.5991996	-0.015705939	0.15519191
9	5.2306863	0.17499876	2.3534463	2310.9224	12.039132	11.265809	0.14017075	0.031799864
10	1.6909189	0.25071427	1.404714	1793.9021	47.956908	42.448991	0.0076882145	0.035125126
11	4.7482638	0.95330657	2.5572821	6886.2155	36.356262	18.86291	0.0067356888	0.038666087
12	2.9073645	0.58835223	2.7814045	2119.8622	12.243283	4.5045278	0.062883622	-0.20699986
13	3.6021614	0.70746652	2.6355427	1948.582	30.194527	18.216541	0.042265405	0.059878256
14	2.9234847	-0.61424613	0.54283478	2069.1254	18.990774	18.65696	0.081983647	-0.02506833
15	5.8497674	-0.48796735	0.4592767	2759.4482	76.351184	53.738158	0.38999325	-0.10143465
16	0.74010806	0.84076389	2.9093968	7099.4517	67.73927	41.465394	-0.02310014	-0.10090967
17	3.3870832	0.83179312	0.58871141	888.72735	10.3397	1.5845238	-0.044838022	-0.14913437
18	1.9238028	-1.0579705	1.8383232	1983.8852	24.602251	17.632577	0.22756422	0.21975393
19	5.9947987	0.58448203	2.421729	1728.2907	15.149296	13.493046	0.045085502	0.020116291
20	3.5817722	0.52802104	0.6735585	3124.7778	14.822301	12.266125	0.064805035	0.048294508
21	3.7971859	0.87535684	0.38678959	123.76995	1.3243725	1.1824437	-0.014315438	-0.023003206
22	6.1280585	-0.5691877	0.23365737	4906.5253	17.569413	15.493959	0.056378941	-0.14015519
23	2.5551373	0.15590735	1.3743943	649.85015	11.52042	2.0010539	-0.010485387	0.010744516
24	3.8362795	-0.2767115	1.0754005	2395.5377	42.986027	31.137758	0.062539736	-0.0041562585
25	1.0518533	0.45252743	2.1388016	991.73003	11.06191	10.270519	-0.0034660714	0.025909126
26	3.7392392	-0.21207263	1.1334813	1070.1844	43.891155	19.958295	0.085706312	0.059034688
27	4.8304876	0.18633425	2.7664185	4749.2805	36.255944	20.775733	0.19919174	0.30129342
28	0.54163444	0.25383075	0.64851615	1449.9948	12.996551	5.8827508	0.071217304	0.47970281
29	0.6232944	-0.26096634	0.24048531	4344.0689	55.470404	50.187973	0.20531269	-0.013635713
30	5.02435	-1.3291572	0.50467617	1619.2674	30.433796	29.288448	0.16304653	0.0056104353
31	2.911966	0.5229001	2.0415137	5252.8819	47.395235	44.276379	-0.01558324	-0.10042835
32	5.1428342	0.35850647	0.82278523	5122.5242	85.61294	44.071713	0.15881801	0.063140494
33	2.4513505	-0.22354046	0.33238289	1348.2747	16.185328	11.395831	-0.032402198	0.22146418
34	4.5625499	-0.0033924737	0.32873468	452.8967	1.8788836	1.367804	0.096932754	-0.069291804
35	4.8019913	-1.2053481	0.85885508	5753.8016	80.651009	64.750606	0.19868904	0.18978667
36	0.17145007	0.40632663	0.63911067	1023.2871	41.480091	19.504274	0.078883053	0.12704386
37	5.6884721	0.11746066	2.4076972	616.51653	2.9482688	1.6255482	0.30657986	0.0075188655
38	5.5043929	0.21832728	2.9656049	3777.9574	52.692462	13.546354	0.30393692	-0.047687041
39	4.5274938	-0.31407747	0.49975332	3478.7746	25.372503	15.049897	-0.1258316	-0.014387895
40	3.6179393	-0.008261403	3.0413019	12647.949	196.96172	192.64266	-0.10379795	0.002759038
41	3.2130478	-1.008214	2.4053838	1270.5325	11.218854	3.4347633	0.023382139	0.11476026
42	0.96535827	1.405876	2.6485628	137.89888	1.309963	1.2762127	0.02843149	-0.022308258
43	5.3458722	0.25128815	1.5556233	1381.6224	44.510853	35.983134	0.23947793	0.090470228
44	1.8457764	-0.61783318	2.4572055	2573.2816	20.544982	14.569091	-0.050220726	0.21953422
45	3.6301091	-0.48680528	1.5330649	2351.0736	64.513253	48.790221	0.14242141	0.5588955
46	5.9241902	-0.7471329	2.9610622	2450.7513	51.678085	38.506688	0.16668248	-0.0033224119
47	3.3950243	-0.33706707	2.3010108	661.73908	13.190706	10.858302	0.10787105	-0.18601796
48	2.4084685	0.086911397	0.26154381	417.19624	5.6607988	1.7460508	-0.12660803	0.064010343
49	5.575625	0.60180714	2.2818349	2147.0726	13.570352	12.088405	0.21186822	0.0090146783
50	3.4821762	1.0684138	2.2965978	3230.2167	39.937302	14.284943	0.091795085	0.01521033
51	2.434501	-0.44445802	2.6385445	655.76988	1.8567555	1.6577093	0.086376199	0.04586202
52	3.5920853	-0.45168727	2.6051657	2309.8012	12.64412	12.352807	0.16146922	0.17160513
53	1.8504877	-0.031823257	0.82568036	1558.5266	13.359604	12.238897	0.32016031	-0.036532353
54	2.0413923	0.99141729	0.84020526	3045.4178	48.62726	45.276149	0.034249774	0.45500968
55	2.2987218	-0.66782778	2.2454705	937.28324	44.861895	40.272863	-0.22470371	0.0053405922
56	2.2201664	1.1211415	2.648567	3135.1784	12.74306	11.938034	0.27484941	0.0088454497
57	1.0223138	0.73047324	2.6587299	5198.9508	36.810353	16.655812	0.029587841	-0.10430426
58	0.69866177	0.81989794	0.42700355	9723.5744	84.526169	66.03702	-0.031358677	0.22386851
59	3.3135728	0.72209747	2.3516611	1647.6094	42.653149	37.487927	-0.23381658	-0.04712931
60	4.4566163	1.3900604	0.75997895	3050.2977	55.200792	53.626934	0.36130663	-0.022218268
61	4.2690116	-0.061137693	2.7058954	647.68211	20.053844	9.6236318	0.11779677	0.14330261
62	4.9260559	0.77806619	2.7293805	846.01017	10.44182	1.5754111	0.0366621	0.11020099
63	5.8244631	0.52840468	2.4912199	4231.2881	48.575704	39.299987	0.029870828	0.038661807
64	4.2125412	0.56588942	0.97024844	3642.226	46.651586	44.152911	-0.11257912	-0.0129394
65	5.4720045	-1.0358512	2.2695462	3991.084	57.343569	48.258459	0.11541787	-0.093826231
66	1.2458209	-0.2043283	2.0386456	3266.8216	49.861357	47.248743	0.064762559	0.30618556
67	1.7616645	-0.23895613	2.7726104	1195.219	10.636103	10.131466	0.040370081	0.001087234
68	1.786631	0.68409147	0.40715415	1336.9892	22.267253	11.382939	0.015817692	0.049029435
69	3.8360637	0.46732018	2.6287626	1487.1613	13.21843	12.544898	0.00097733497	0.35628713
70	4.8641515	-1.1185281	0.66906745	1385.9901	12.565101	10.727795	0.10702097	-0.28807732
71	4.0999009	-0.090454874	1.8194624	823.63388	40.397782	40.117936	0.011530729	-0.11737618
72	3.8774262	0.005712595	0.6649997	1753.658	18.635942	9.8575086	0.045093951	0.23016432
73	2.3531795	0.055067242	0.14395914	826.97644	11.097602	10.195312	0.0042315974	0.34284249
74	4.8325791	-0.097964561	0.74807848	2815.6452	108.16531	93.198213	0.16155897	0.00098611376
75	1.7542944	-0.024825885	0.4115078	1053.5948	8.3417548	2.863254	0.10006316	-0.0031875668
76	0.1570389	0.20985991	0.91193841	3902.1693	65.180401	38.570112	0.044353522	0.060972051
77	4.0611436	-0.73087657	0.97918562	2609.2869	23.787514	12.044344	0.0074701399	0.030823804
78	5.3373964	0.1944663	2.1127356	76.509221	1.8361162	1.462926	-0.22177646	0.075084153
79	5.7311327	0.79517612	0.80954091	336.43572	2.2747651	2.0176582	-0.25988513	-0.33755184
80	3.0141097	-0.11520679	2.0238087	3280.5006	25.275436	23.705254	-0.1547503	-0.054392882
81	4.0083094	0.15306749	2.7603945	1680.908	27.75885	11.51547	0.24415242	-0.02810835
82	5.2205222	0.44098292	2.2747796	2406.7945	80.216947	79.181567	-0.37166122	0.26087194
83	4.677021	0.61303676	2.3750873	4801.0973	57.646401	55.504472	0.0013988514	0.18341635
84	4.1117304	1.1776959	2.6930017	396.79358	7.940007	2.0785741	0.025380294	0.084421519
85	5.2305554	-0.63731152	0.16369598	7454.2826	32.676075	18.601305	0.08475952	-0.0068021062
86	5.7735064	0.17923819	0.4441044	1200.118	10.30175	5.2059584	0.028697604	0.19686261
87	5.1097846	0.28001415	0.087527155	4628.3683	60.437416	53.143178	-0.36242887	-0.19186386
88	5.8583724	-0.16391681	0.30577934	1518.6886	13.245239	10.976401	0.19821538	0.10264043
89	1.1751204	1.0358351	2.8450869	1980.2233	17.580132	12.470692	0.014042438	-0.23004678
90	4.7244838	0.055420077	2.6755138	319.71696	1.4320668	1.3897783	0.015080908	0.02801577
91	1.2701497	0.50903324	1.3350434	3277.3544	58.703785	41.850241	-0.030199214	-5.3835206e-05
92	4.3150997	-0.45159131	1.4363089	849.20376	8.6249757	3.4806931	-0.026050893	0.16564341
93	0.66535425	-0.12373146	2.818656	1043.0217	32.200479	9.0202028	0.23475729	0.35689619
94	1.3276945	-0.93420737	2.4273961	3059.0056	59.298258	36.849528	0.10452532	-0.005680107
95	4.6484458	0.3994863	0.98852277	441.06808	9.3762991	7.4843514	0.015273753	0.095867565
96	3.3135208	0.51737313	2.2526967	1690.8579	37.857185	3.6015172	0.18794543	0.024339051
97	4.4516779	-0.76753267	1.2439074	2722.9364	50.583628	40.868499	0.0093084298	0.090617488
98	4.5066651	0.64139551	2.3743805	1170.6801	31.216124	10.881047	0.034085749	0.061962295
99	5.7225627	-1.4060273	1.5214992	2680.7819	41.49654	41.340558	0.089651308	0.013635137
100	5.2001806	-0.47649348	2.7998761	1631.3226	12.191985	12.016058	-0.14872663	0.083834322
101	4.7860584	0.68903642	0.77036909	591.90248	11.687219	3.0804922	-0.31765884	-0.036988378
102	2.9943829	-0.1203191	0.68138936	9251.9981	86.31967	81.144081	-0.0075921196	0.013869536
103	3.4406046	-0.046089288	2.0887053	1934.2401	11.83316	10.480614	-0.036865669	0.20614434
104	0.74084987	-0.15450337	2.4096784	668.30396	9.5484217	9.4734823	0.2183505	0.30705973
105	6.0422185	-0.82245846	2.5673898	446.25292	3.7009756	1.4908144	0.32711637	0.022490596
106	5.2381171	0.56657504	0.26728783	2443.0302	52.523497	48.621275	0.10585245	0.57414129
107	5.872868	0.32857676	0.97926514	2498.6721	126.19758	116.3061	0.091250875	0.040854825
108	3.0608573	0.70943968	1.5734348	448.84559	17.319105	9.4905503	-0.055902222	0.0093251172
109	5.6431367	-1.2181225	2.8876174	2248.635	11.223397	10.132596	0.061105427	-0.0067075774
110	5.4707415	-0.97602494	2.1362473	4107.3889	59.955659	57.473436	0.00058345531	0.01430549
111	6.1140288	0.38822606	2.2823534	1224.6832	11.627266	3.9149973	0.088324956	0.068177085
112	0.33961369	1.1027355	0.70163957	1535.5315	37.972142	33.927634	0.01393819	-0.0036362221
113	0.64603607	0.52509926	1.3017815	1607.0303	62.256214	27.900332	0.085215085	-0.0015729551
114	4.0300226	-0.23280177	2.4557458	8383.0372	74.838596	73.237802	0.22676607	0.027528839
115	0.081080042	0.48578562	0.33412349	2523.4562	30.093544	25.859901	0.015002162	-0.14410952
116	4.6928648	0.19545063	2.7567484	2178.536	12.95397	11.867518	-0.097607639	0.098333721
117	5.3942362	-0.75930781	1.1613845	155.30681	11.923361	6.4548708	-0.4097978	-0.26269903
118	2.7202598	-0.80131463	1.0777412	4233.1846	38.171238	25.018205	0.090491712	-0.046983535
119	0.28464059	-0.73086786	0.43484008	6392.6878	57.623838	49.655395	0.23893853	0.10935142
120	3.6110506	-0.8006896	1.7038935	1420.3587	14.235123	11.918896	0.15569208	0.00082632338
121	5.9713844	-0.28734768	0.73020698	2591.6034	35.603696	24.174815	0.034820056	-0.19460861
122	4.9976583	0.20278692	0.63531841	8364.6022	75.579338	72.477757	0.064859765	0.34202547
123	3.3065091	-1.2700703	2.9898424	3884.4137	51.303363	50.110915	0.050901145	-0.05858233
124	3.1153562	0.30342824	2.4094622	762.69528	38.430528	10.501274	-0.028115111	-0.025456129
125	2.6284838	0.75130413	2.3097709	2098.3451	15.428799	12.489516	0.24679315	0.15306519
126	4.3020323	1.1181689	2.6065219	5533.9939	60.561484	51.948774	0.035936179	-0.14709927
127	3.0974585	-0.68239946	1.1365684	256.6834	1.9478316	1.8933034	-0.0094002881	-0.16634046
128	1.9601601	0.32697903	0.48352544	2105.3051	105.77029	54.124407	0.0063656925	0.10729363
129	0.54721239	1.3310304	2.8003542	1563.7213	16.388998	9.1430469	0.034825133	0.077187262
130	4.7894914	-1.1545864	2.0939562	2092.0913	14.440289	13.86788	-0.012007942	0.17776567
131	3.6039545	0.091435503	0.43374769	2365.3522	13.341087	11.766682	0.14549299	0.069039849
132	0.22181978	-1.0038999	1.7644685	319.33588	1.6208103	1.248988	0.13952798	-0.056142981
133	1.8339423	-0.26188324	1.1292741	1736.438	42.996209	41.519122	0.0099543484	0.19228792
134	4.5131757	-0.17379359	2.736673	4256.6752	30.033506	15.505776	0.070851059	0.23864572
135	4.929657	0.24456071	2.2613033	1743.26	42.186641	3.3376827	0.39169701	-0.074931509
136	5.2849853	0.3920546	0.9986691	3357.7913	38.11257	35.187889	0.13540635	0.056311818
137	2.0894327	-0.62529364	2.7543471	6151.3478	133.61284	58.666657	-0.071260804	0.15950447
138	5.1005854	0.59721923	2.8143354	3158.644	14.791049	13.424024	-0.0026571202	0.16288087
139	2.4400603	1.3253426	0.62853526	816.41433	14.417918	8.3520312	0.051622597	0.00012265369
140	0.33978415	0.13406128	2.5756882	827.07224	2.1413105	1.9446633	0.060713995	-0.028924113
141	6.2300167	1.1344083	0.52365786	1517.3856	17.75428	12.106437	0.032541778	0.35719377
142	2.2096953	0.56785151	0.57633234	1258.4531	13.967428	10.274551	0.18578726	0.035676034
143	0.85922384	-0.91662939	2.0270559	440.94308	32.653915	30.335344	0.22611888	-0.074174533
144	2.4574038	0.40091592	2.5679951	8851.0496	69.935215	51.764819	-0.021163386	-0.10414234
145	2.8824834	-0.18194166	2.6717784	1315.234	10.509595	3.7426586	0.015532853	0.019821519
146	0.60713788	-0.6824394	2.3055607	2449.3917	37.826122	36.021621	-0.24561793	-0.013415939
147	5.1101125	-0.05407077	0.84433617	2616.0914	58.497505	46.739034	0.12565706	0.032744893
148	1.2494087	-0.65017802	0.67286493	590.53318	17.883139	3.9974464	0.31933686	-0.36392339
149	4.2940089	0.95392067	2.9912653	1848.7287	13.759837	2.9123499	0.017263928	0.16187821
150	3.830283	0.24040831	2.468018	725.95865	10.528177	8.8322831	0.32766681	0.17245747
151	0.78230303	-0.84910351	0.82161027	936.05736	8.527441	3.1302193	0.20856868	0.10949881
152	2.3743982	-0.071039563	2.3394127	1418.6315	12.045194	11.188067	0.07621658	0.17612718
153	4.7532497	-0.14246616	0.85475264	2614.3139	53.841668	39.625378	0.013248325	-0.07464083
154	5.0060138	-0.60330488	2.3551796	7876.7344	74.030248	72.026854	-0.43019368	0.093804679
155	0.91150522	0.043211346	2.9404254	8407.3445	66.75512	65.44017	0.069087951	0.24210056
156	4.5855215	-0.30201351	0.18699219	3547.4753	39.504093	37.869327	0.095961808	0.07136249
157	5.3000466	0.021367526	2.7149476	1481.5825	26.203325	21.069528	0.062683069	-0.12089417
158	4.1512614	0.2461487	1.857376	3310.2026	49.374895	29.699441	0.11919551	-0.017413263
159	3.1490695	-0.73130966	2.3358739	2305.3899	39.084194	15.055643	-0.028819144	0.24534895
160	4.5870562	0.061154204	2.413862	1161.4254	12.397513	11.194134	0.16997214	0.049325432
161	2.4085308	1.1916399	2.888414	6658.5574	68.142691	49.245655	-0.32481075	-0.084661796
162	0.59181653	0.72433947	0.22845514	7055.5562	48.14407	48.08352	0.01934623	-0.012249921
163	3.3895393	-1.0321774	0.48062619	2122.4775	12.467881	11.933241	-0.053127621	0.036977702
164	2.9124411	-1.124759	2.0826885	307.99393	1.5854805	1.3358081	-0.08719098	0.039010189
165	2.8767566	-1.2863585	0.52244457	2127.3423	13.685272	12.710674	0.07272433	0.45365389
166	2.4041229	-0.2547009	2.3868201	792.12124	11.112753	10.872756	0.1015775	0.018693156
167	3.049975	0.7904098	2.415586	2529.7121	30.933531	29.326622	-0.26623757	0.0031250763
168	1.8366895	-0.18844789	0.81294616	3187.9494	59.21873	22.419595	0.20156378	0.39308233
169	6.2637922	-1.1772573	2.4409741	2738.4267	47.039817	23.049694	0.14642016	-0.031441203
170	6.0962445	0.51962879	0.85274936	3256.8223	17.967164	16.019035	-0.099212528	3.2762154e-06
171	1.9447457	-0.49472089	2.5847512	110.05958	9.2130439	8.7876685	0.12091118	0.24924503
172	2.6698739	0.95237329	1.4863885	3229.7219	60.839577	54.513413	-0.02163333	-0.27179242
173	2.8037884	0.97204173	1.8290416	5705.6569	68.425858	54.317204	0.00073957092	-0.30806511
174	6.0157148	-1.006307	2.9199146	2488.0387	15.680165	10.173247	-0.15765537	0.010609494
175	4.9732216	0.60142508	2.5750217	975.72619	15.64533	10.017912	-0.028485704	0.023269962
176	4.3825419	0.16565	2.0669091	448.27167	32.11484	29.287232	0.042738454	-0.082788948
177	3.2766243	0.17193163	2.2850471	484.2438	3.1484371	1.8881165	0.007935925	0.24172696
178	5.1747195	-0.61392317	2.3230093	2316.038	42.417242	32.930066	0.29943129	-0.034585535
179	0.21553895	1.1719583	2.5816087	729.13134	1.9926524	1.9026178	0.007312125	0.1070599
180	5.5954539	0.33538201	2.7811488	3325.9665	52.633787	13.218531	0.30842615	-0.097176396
181	5.6042932	0.0054653691	0.074460894	6348.0866	40.608646	39.059009	0.51952126	0.066827714
182	4.8161088	-1.2955216	2.4875824	205.02493	28.256998	1.234517	-0.32697961	0.3378218
183	2.9558267	-0.25724981	1.0674687	752.44188	10.734275	10.157593	0.37241712	-0.12650699
184	2.6636977	-1.1281262	0.36931392	532.4109	2.0937553	1.6218336	0.084723335	-0.024920164
185	1.7147925	0.65770688	0.38070455	4663.2768	15.743434	12.178268	-0.00032226164	-0.12561514
186	5.8382931	-0.26658126	2.9833028	893.89823	7.9048238	5.0775446	-0.10059761	0.086674197
187	1.6250141	0.18268725	2.6697339	3613.0426	36.97046	16.033347	0.060515864	0.06528021
188	0.61230462	0.64064238	0.35073974	416.37196	20.731273	1.9353465	0.14836425	0.05912295
189	4.4065805	0.33367119	0.42137856	2533.7782	13.34572	11.233956	0.17198713	0.16421936
190	2.3271092	-0.16878191	0.94799262	1876.1367	14.296596	13.023287	0.027474891	0.35432679
191	5.3976868	0.49031711	1.0495639	680.74532	11.774266	9.6755158	-0.044556787	0.11168777
192	0.25007206	-0.98847519	0.57958481	742.80401	2.2978637	1.8250804	0.031930774	0.064947058
193	3.4312894	0.86529219	0.53986767	9428.2793	84.658282	60.810982	0.055285129	0.38720074
194	5.5235835	-0.29574636	0.93091304	742.07494	24.263066	9.1512558	0.074999333	0.14700772
195	1.6780117	-0.40617703	1.4889755	1788.9094	31.787118	30.185117	0.014836682	0.057591015
196	4.6212704	-0.404936	0.51546344	17839.915	94.550312	88.348205	0.24742364	0.18965846
197	3.9979541	0.39655943	2.5346833	3135.0889	40.98912	37.474141	-0.18556757	-0.0039717404
198	2.7852379	-0.2239753	2.5928076	5346.5825	78.215806	63.233731	-0.27639209	-0.0045557926
199	4.9583531	1.1131365	0.85148559	1154.9938	25.006739	1.7993168	0.5704332	-0.0019804014
200	0.46903422	0.41657345	2.8394629	2213.4924	33.829443	30.831114	0.36344168	-0.1850457
201	1.8694018	-0.29916285	2.471865	3880.7606	36.496402	33.503931	-0.019328092	0.33578359
202	1.5301937	0.08829681	0.33105021	1177.7672	12.195708	11.092005	0.050912577	-0.005285431
203	3.980532	-0.80807282	0.70970975	527.58843	10.079425	1.2562364	0.041350041	0.0022873268
204	3.911793	-0.35988194	0.35990107	343.93926	1.4933962	1.293458	-0.040653377	-0.082228819
205	3.3643683	1.0011479	0.53688799	2288.1624	19.124007	12.238092	0.23946687	0.18281027
206	4.0165991	0.50657333	0.53762049	387.56275	1.706881	1.468646	-0.12666145	0.0088567479
207	0.47966706	-0.66827085	0.4094022	3386.5168	13.912146	13.546279	-0.029947307	0.16646108
208	0.72471387	0.6683824	2.4442177	6478.7323	69.327407	49.64399	0.17166533	8.151901e-05
209	3.4829313	0.59753761	2.9313987	414.57049	11.125988	1.333739	0.038202035	0.034230959
210	4.0691949	-0.79041114	0.71453161	6817.9033	73.854212	63.81202	0.025150154	-0.0064727587
211	1.8875744	-0.74754749	2.3684571	1577.8267	26.723819	9.6386186	0.042089657	0.15159858
212	2.3527515	0.85374596	1.2120834	1538.3711	33.708343	24.05723	0.11412272	-0.0040088401
213	5.9616427	-0.85571432	1.0730842	605.01415	44.406734	42.580777	0.10196578	0.02836751
214	1.8317857	0.88288424	2.6438004	1310.4838	41.512268	30.83906	0.050069672	0.032798296
215	5.5708274	-0.84036388	1.7590178	660.18301	11.474295	1.9856888	-0.021692086	0.16701252
216	5.4459576	0.20064847	2.9167546	4238.9739	22.477083	11.367581	0.022033098	-0.050146702
217	3.9663588	0.64153071	0.59000666	3548.497	15.620475	14.675941	0.16093772	0.024576906
218	5.065619	0.48839916	3.0973429	1932.0099	11.508471	11.031694	0.062863791	0.012701588
219	2.6168888	0.47624437	2.0667969	137.91505	1.5096341	1.3924075	0.064497012	0.014581991
220	5.3341816	1.4047244	2.9070956	4177.052	60.642344	59.657537	0.036777275	-0.16342355
221	2.0137616	0.39118445	0.37948736	793.34809	7.737308	2.7659291	-0.20267981	-0.33829951
222	6.041949	0.44826895	0.67706107	2582.5974	21.455701	17.046173	0.023918771	0.018464431
223	4.0458562	0.71160568	0.85333796	1973.9401	12.21156	9.9089837	-0.060759585	0.061738292
224	3.890149	0.22804814	0.46601218	1997.3591	49.196737	29.363631	0.0019854911	0.014630899
225	0.85912701	0.57744534	0.42435249	1462.1017	44.688483	35.289452	-0.0014668028	0.0054912062
226	4.5268379	-1.1055224	1.2257691	1393.7301	40.526639	16.164454	0.15845741	-0.036809688
227	1.9716445	0.54305016	0.17896385	6737.8557	76.677191	55.104311	0.2556284	0.042852723
228	0.33569732	-0.020646711	1.1747123	607.98377	34.306766	32.638793	0.17098829	-0.028534676
229	5.7411583	-1.1560175	1.7369263	313.80844	1.9210316	1.6740279	0.038175127	0.022106703
230	1.255012	0.25520713	1.9897466	2838.9504	55.168904	31.737822	-0.10729795	0.30630475
231	0.8400097	-0.64280034	0.43400158	4909.988	64.780378	46.269655	0.27653809	0.019346441
232	6.1678547	-0.44927623	2.1905229	1416.3157	42.677291	38.120065	-0.031293013	0.068851972
233	3.2624444	-0.92255803	2.7760036	2323.293	56.600015	36.091478	0.1117557	0.030482856
234	4.5999699	0.53875362	1.0704698	1385.8961	12.815852	10.118886	0.075737344	-0.00011683626
235	2.0869302	-0.52009255	2.1048865	2325.8382	58.901563	43.705131	0.097901263	0.078542125
236	1.1268668	0.11454054	2.8787828	1299.5165	13.951507	11.695356	0.020699185	0.1153604
237	1.1267877	1.008429	0.90691466	11017.213	99.93221	78.732353	0.02269014	0.12953808
238	4.4665121	1.5113202	0.46527255	479.12523	10.837662	1.3135488	-0.02086712	0.15833205
239	5.0301928	0.090763283	0.48419166	2480.6736	35.566561	26.257788	-0.030549097	-0.0011542091
240	3.5914366	0.5435096	3.0924724	576.10618	1.9294668	1.6248941	0.0023864621	0.021590852
241	2.3545364	0.95296988	0.51816305	316.93991	2.280136	1.998712	-0.0022910449	-0.086916683
242	0.20909548	0.94422598	0.22901688	2346.7799	12.917392	11.259503	0.20025144	0.061091797
243	1.7002608	1.0832272	2.427301	1508.9245	12.493099	12.148821	0.099659015	0.027453101
244	0.54165962	0.51594987	0.8697196	8577.7693	86.397434	75.267083	-0.092727106	0.14230026
245	4.5112644	-0.79986687	0.67625248	1704.4234	12.361419	12.110219	-0.020407266	0.082958578
246	3.1227281	1.1622612	0.92305214	1962.9685	13.751174	11.904852	0.13910186	0.20763458
247	3.4672691	-0.85035293	2.7682958	876.36404	9.4531074	3.3677824	0.049665184	0.024121509
248	4.0064508	0.55932509	2.438276	735.40526	14.79035	9.8042187	0.0032099575	-0.14972495
249	3.8360946	-0.8417408	0.46920322	3722.8215	16.483175	13.069408	-0.34619132	0.16621072
250	0.13819433	0.52349043	0.16069659	303.53641	12.176936	1.3544866	-0.036827111	0.10677061
251	1.0757355	-0.22700359	0.21869127	3756.2603	65.928688	46.181338	-0.089208442	-0.0034971953
252	2.3226413	-0.73372873	1.4939482	800.87167	29.219789	26.750512	0.34663754	0.12073594
253	6.0672206	-0.0089027477	1.0955183	1167.1813	26.774211	11.834777	0.0093522649	0.40089823
254	1.2969809	-0.97446616	0.82413779	2140.5046	36.23697	26.798793	-0.22868624	0.13556292
255	3.9050254	-0.73956405	1.1153088	1635.4999	52.427992	36.981115	0.032063369	0.081399359
256	4.9991407	1.2486859	2.1077592	1541.336	83.258402	30.35662	0.12962756	0.03699374
257	2.521211	0.4748958	2.7517918	5806.7861	122.35645	75.835869	-0.021968776	0.16864494
258	4.0643852	-0.81783086	2.8614378	370.1269	2.4160915	1.9034273	0.08613444	0.028335752
259	0.38899078	-1.0522394	2.3712823	2616.3554	12.279996	11.363672	-0.63045668	0.0064789537
260	6.20382	-0.35571679	0.11404495	11228.271	87.189322	52.293255	-0.29988258	-0.12588985
261	5.5770734	-0.87151446	2.4687739	324.47118	10.767373	2.087841	0.11178272	0.052584532
262	0.1844641	0.2114873	0.34605441	2925.1957	46.790824	44.994963	0.015166639	0.54043617
263	0.31604961	-0.10247487	2.5190843	5432.412	81.643341	61.992026	0.059555826	-0.029397661
264	3.0900925	-0.69394974	2.450181	3245.4113	57.59372	35.368825	0.085983099	-0.078112471
265	1.2447544	-0.22823967	2.2947819	346.48117	3.7662326	2.8519556	-0.092165151	0.19893581
266	4.9323555	0.67865002	0.48871369	686.11417	4.2259802	3.7742784	0.29985701	0.010304427
267	3.6783407	-0.18833218	2.1536855	2143.8374	21.13776	12.202586	-0.039046592	0.040410377
268	3.1695342	-0.29969188	0.27127156	426.96012	30.980112	29.334246	0.0020935851	0.36436619
269	0.51306916	-0.67305997	0.61266626	4402.3213	42.673736	40.129239	0.40865625	0.044794908
270	0.88703221	0.43816993	0.75797817	712.24926	8.6526926	4.0979456	0.022741742	-0.081311167
271	2.7948335	-0.37774311	1.011287	4953.3127	39.020667	38.573822	0.021047082	0.037582143
272	2.4665611	-0.48017619	0.74000738	11168.057	78.105186	77.547165	0.43715832	0.29232241
273	0.46859683	-1.0962544	0.7662463	506.94757	10.017616	1.8474297	0.041092088	0.29527967
274	2.9385733	-0.5193348	2.5522359	3086.3728	58.314095	55.72533	0.1826821	-0.014059293
275	6.2088381	-0.59692693	1.226434	7784.7828	108.21526	71.11775	0.0109156	0.091740673
276	3.3909301	-0.46352472	0.69207992	1708.0388	48.180433	38.271473	0.11716168	0.038388733
277	3.8766427	-0.006538878	1.0003605	1333.8702	10.930379	8.9067105	0.030800551	-0.29212606
278	4.0461551	-0.12026435	2.6259754	1385.5565	46.979849	10.09553	0.12265959	0.19293434
279	0.73231489	-0.39120742	2.6533712	3105.1686	14.168786	13.640363	-0.011204424	0.035076377
280	4.4157576	0.2028663	2.5068485	606.70573	9.2869938	1.5947625	0.29538198	0.17179184
281	5.4402539	0.50745755	2.3896553	625.73563	10.372186	2.2975981	-0.0015438408	0.00068013214
282	2.8640081	-0.51006231	0.69426137	3090.0487	38.632834	26.197337	0.14936373	0.12804402
283	0.49425428	-0.27872384	2.4760497	327.35586	20.833592	13.564224	-0.0062353644	0.1065232
284	1.5696298	-0.0033636891	0.90617159	3402.9443	47.637886	40.129928	0.048605793	0.15476869
285	2.7591152	-0.52819453	0.71783405	813.67855	2.2616467	1.4185829	0.048015197	0.20398053
286	0.30296559	-0.11478872	2.6788831	5581.9537	55.84719	51.982706	0.13958173	0.15961334
287	1.9562876	0.91872794	1.7944471	4169.0621	64.293006	54.625365	0.51779592	0.02754824
288	2.1565047	-1.0587024	1.269181	613.61242	5.4255268	2.0534573	0.0351685	0.040955447
289	4.5077289	0.038479817	0.7264538	3793.6195	51.792468	33.729319	-0.063708317	0.085715711
290	1.2481075	-0.054041661	2.5529169	10223.349	83.726304	53.756368	0.088211972	-0.047944147
291	4.6929644	-1.2154043	1.9058593	229.64567	2.3506023	1.5561099	0.020754575	0.21339545
292	0.64940965	-1.3676891	2.1491506	1382.7206	16.719307	12.359176	0.01440071	0.013349097
293	3.4928226	-0.48611342	0.8483824	10011.114	71.880962	58.794011	0.056303795	0.19057671
294	1.4428256	0.60789613	0.6165944	6466.0512	147.00167	73.367639	0.012795763	0.080999467
295	3.2663815	-0.089025125	2.3629301	4234.049	60.04907	53.825981	0.094787802	0.068763673
296	0.99299464	0.3905491	0.63031424	90.358545	2.2486096	1.2570131	-0.036770608	0.082390077
297	3.6752875	-0.93110163	3.0068519	10685.102	85.018432	76.698723	-0.24774983	0.011084241
298	4.3071662	-0.71540193	1.8330854	199.04753	1.8695648	1.7630997	-0.01137489	0.065311387
299	1.1230333	-1.2960723	2.1186259	1381.6578	18.142026	12.737783	0.14047703	0.17385821
300	2.2380272	-0.3765159	0.32110989	10949.806	146.20309	95.282539	-0.031820693	0.073407654
301	4.5719603	0.18239625	2.7323827	556.5484	1.9570228	1.3317877	0.0035572199	0.097890772
302	0.072653246	-0.43772337	2.7663053	4358.4834	29.290249	21.994757	-0.017776966	-0.1939626
303	2.8755508	1.4214707	0.61107342	3356.2816	61.236688	33.794031	0.11724799	-0.33871163
304	4.2523393	-1.1415087	1.9645252	1603.8872	14.737033	10.313192	-0.033442542	-0.077576213
305	4.8982229	1.3014126	0.59530565	4203.9441	65.009727	62.6663	0.0078418092	-0.018654284
306	0.26491013	0.31212682	0.069100812	620.95173	1.9487742	1.456532	0.14217754	0.040933329
307	3.6996903	-0.45896152	3.0596637	777.16678	12.349224	1.3449637	-0.095520892	0.042968233
308	1.7364983	0.95558321	0.98112639	7031.3105	72.634991	64.354664	-0.061142786	0.003235524
309	2.4726894	-0.89003317	0.72008145	388.4272	11.655933	2.0797622	0.055521308	-0.09085586
310	2.3319136	-0.24578845	0.84446245	180.79172	1.9962152	1.9448069	0.11445919	-0.1425867
311	2.7613357	-1.18741	0.23515207	1234.222	8.6439025	7.0078002	0.098153635	0.059154767
312	5.5788217	0.99610699	0.57798303	10018.346	59.638467	49.874523	-0.008407646	0.0043049785
313	3.5501993	0.15713188	0.3248314	869.53194	9.6420873	1.5135475	0.060885026	0.054765517
314	0.51331042	-0.38059097	2.3616815	1772.9028	12.440366	9.507928	0.066544203	-0.38587823
315	5.3755684	-0.5124301	2.3974598	529.70748	3.7873687	1.7965498	0.083796607	0.0012357445
316	1.7251335	-0.24698329	0.44401872	9347.5262	114.16346	85.547436	0.13048271	-0.31001437
317	5.6560177	1.3021828	0.78530953	302.13453	24.732877	2.4335103	0.0078108055	-0.017715415
318	5.4631162	1.1432117	0.62771162	1251.5348	41.328887	32.524132	0.012577825	0.030537053
319	5.1956787	0.12203302	2.7555313	6333.3944	47.557114	47.084671	0.043948154	0.0015245633
320	0.14458171	-0.56041997	0.754721	415.83831	2.613704	1.7198558	0.078424545	0.045909136
321	1.3388376	0.17347725	2.6665675	3777.5887	65.964055	51.852487	0.008004211	-0.11926153
322	3.9311918	-0.6238865	2.5738291	3958.8674	23.871631	22.754821	0.046145165	-0.00098553963
323	1.8331983	0.27060885	0.63420383	1007.5574	14.141992	2.703772	-0.051044045	-0.20439401
324	4.4083419	-0.76217545	0.83986861	1237.6923	38.400182	37.262647	0.21377787	0.12214018
325	5.2260035	-0.6179166	3.0813155	997.38013	9.2006384	8.8499844	0.053143886	0.053352515
326	2.3405805	0.90996315	0.46626701	2333.7029	13.024935	11.851242	-0.022254963	0.087156068
327	0.97462875	0.088380082	1.2189273	1002.1334	33.440583	11.00526	0.084985852	0.42381913
328	5.68873	-0.85699604	2.7247137	1153.9387	11.490524	4.3843385	0.11477214	-0.10327938
329	2.3830177	1.1481531	0.88370152	7295.1202	65.848654	65.510714	-0.0032032213	0.092306063
330	4.6842071	0.26274361	2.2144855	306.6763	2.7429881	1.8936345	0.28133304	0.060114067
331	6.2327545	0.82587335	1.1725777	837.48898	10.667788	7.9521469	0.18110844	0.039341474
332	2.8511333	0.22590436	1.3844073	2110.0619	49.193676	25.60257	-0.2012101	-0.03083008
333	4.1969572	-0.084871531	2.5094271	448.94061	2.3836652	1.707228	0.089280157	0.08314584
334	4.474916	0.95195918	0.80728415	3850.2406	61.373608	57.72065	-0.041559709	-0.034662209
335	0.42655099	-0.71006228	2.1071808	150.53548	1.6745772	1.2789249	0.1543457	0.01682045
336	3.0663715	1.0672223	3.0329236	5495.8247	87.280452	64.282209	0.035888454	0.15707745
337	1.4446454	-0.64825676	1.9951249	276.51447	9.5083113	8.9651313	-0.16324401	0.37821175
338	4.7688986	0.55163774	0.83442834	3059.6822	70.122978	41.086462	0.11488089	0.056323214
339	2.1236611	0.79857216	2.7045012	5958.2362	62.916538	52.900657	-0.090392727	-0.076574265
340	3.5227149	-0.63114863	0.49742876	865.40942	6.9844968	3.6670382	0.027823577	0.019171033
341	2.5055975	0.32320008	3.0438615	6222.1037	70.70979	47.386322	-0.21315256	0.26196904
342	3.5790403	-0.55795559	1.2955133	1669.9829	10.447406	10.365146	0.037820422	0.15990296
343	4.3375435	-0.19699651	0.80269854	413.50916	10.486996	9.989341	0.29029681	0.1244476
344	0.31883341	-0.30385046	2.4941084	3122.8746	17.486197	17.132657	0.0025393855	0.00053191088
345	2.641676	-0.92624068	2.8609586	7051.5638	60.464239	24.185409	-0.017491729	-0.087167551
346	2.8298823	0.36845416	2.0909532	3362.5523	52.545271	44.111118	-0.05132133	-0.0083365655
347	5.4341157	1.0583418	1.9198854	1156.609	40.187105	34.471923	0.035936179	-0.14709927
348	5.6036994	0.99036681	0.28154378	1439.016	106.59194	58.947915	-0.072896152	0.08490658
349	0.2500698	0.4138741	0.73741414	1839.6993	12.402822	12.376438	0.024623829	0.10244769
350	4.630322	-0.66546776	1.1815231	221.70191	8.903226	8.5222306	0.12831786	0.26710299
351	6.06754	0.4273292	0.20170138	4256.136	50.23453	34.97777	-0.3206677	-0.0020373415
352	0.2434373	0.058542982	0.46511053	3302.1734	23.679445	17.936234	-0.17356159	0.055840149
353	4.0550489	0.94955723	0.66258004	10305.424	83.880141	70.352384	-0.0080849001	0.067024731
354	0.8914197	1.3290935	2.6644896	1664.2159	11.613183	10.081516	0.1456199	-0.0013374667
355	4.1477615	-1.2366053	1.637941	568.26415	8.744542	8.1310158	0.11189944	-0.0061701655
356	5.6189084	0.74851116	1.9623462	3013.8521	26.56579	25.703605	0.12900641	0.26401003
357	3.440342	1.3089702	0.31763393	625.35464	1.5099261	1.4659115	0.0076046953	-0.0089311709
358	4.4693603	0.0060227824	0.36704139	287.70413	1.978457	1.768984	-0.25802531	-0.21459261
359	5.0946223	-0.39913201	1.4267729	1182.1233	11.064401	10.317646	0.19345362	-0.0036176799
360	3.6534384	1.1052605	2.2914143	8370.869	71.082401	62.55127	0.0029248195	-0.023498689
361	1.462576	1.0096269	0.92349646	8093.6903	131.85501	68.729113	-0.19124479	-0.40068002
362	4.1121145	0.52192537	2.5874748	1012.444	12.22378	3.868319	0.046414821	-0.081188382
363	4.180155	0.80139258	1.9046732	3253.0602	53.141847	40.162839	0.12490859	0.044417515
364	1.0843792	-0.097177391	2.3331676	858.6223	10.86754	10.205233	0.036866265	0.092631676
365	5.4262678	0.58205123	0.51850233	2001.8258	13.154343	12.944089	0.037545971	0.2344566
366	1.1970305	0.34359034	0.67380817	8985.6002	122.74502	99.305644	0.043364859	-0.22092766
367	4.7603398	-1.0436533	0.95673309	1397.4945	11.337679	9.8458689	0.065621969	0.013992827
368	0.18157546	1.3332063	0.39102062	1287.4936	11.070757	9.9506107	0.040095507	0.29137918
369	3.183257	0.67645076	2.6954273	3175.0922	79.885971	33.319918	-0.042210755	-0.056554535
370	3.906903	0.21214161	0.36107386	9258.6577	82.103117	61.471548	0.16610409	0.19361834
371	0.49147205	-0.14818532	2.1112503	200.63713	3.1665183	1.4328733	0.30650686	0.0014486363
372	0.40567401	0.5998524	0.55924662	5363.9023	171.79123	146.24756	-0.0012530596	0.066816006
373	5.0069684	-0.96622199	0.69871754	2551.9581	41.601144	34.001978	-0.052082649	0.12956531
374	5.253691	0.61590303	2.9561001	4974.0389	47.991979	16.405577	0.23159091	-0.0461509
375	0.99330731	0.31368211	0.76253823	128.60214	1.332566	1.2134681	0.071498459	0.014293615
376	4.9609265	-0.56979029	0.70194091	746.10891	13.234977	1.6677486	0.20278555	-0.16370782
377	4.7054782	0.4405214	2.6512696	3623.1601	35.212441	13.728447	-0.017518823	0.046834919
378	1.6003746	0.7272586	2.2791011	5124.8148	121.64825	119.97271	0.12219537	0.10765263
379	4.7896706	0.2777761	0.69517334	3257.3402	23.321964	21.767564	0.046824787	0.043226362
380	3.9078983	0.91598805	2.0496317	5819.9194	137.19401	58.566071	0.041209922	0.0054700175
381	4.6597698	-0.27353027	0.33246731	1600.4557	12.887262	11.037244	-0.1711474	-0.0005258045
382	4.1329693	0.6826008	0.58127838	1139.785	11.92178	10.923237	-0.034955424	0.023373587
383	4.3171016	-0.41983403	1.8962829	1947.1555	100.7207	40.61876	0.014384432	0.012247931
384	2.1802093	0.18353073	2.3996818	1049.7261	11.648808	11.638451	0.0069991925	0.035717816
385	4.4465907	-0.52462484	2.1040702	216.00611	1.3677682	1.3550302	-0.048042186	0.13484686
386	5.5642019	1.1921019	0.894655	3619.8217	43.025666	41.164681	0.29549131	0.026371234
387	3.2778766	0.65023905	0.52272703	7394.7535	92.354476	73.777112	-0.0018617442	0.049550618
388	5.8907613	0.17817438	1.2636464	1594.3523	45.58851	45.187411	0.0024109269	0.24023191
389	4.8278199	0.76370144	0.26169288	8067.4711	43.280074	31.607805	0.42917005	0.23109414
390	5.7857726	-1.1314803	1.6657821	893.30328	11.994617	10.589015	0.14981794	0.12032767
391	4.7100899	-0.28283277	2.2798858	1538.6312	36.994008	27.440994	0.39063051	0.079679069
392	5.742523	0.53813048	0.8450416	2582.998	53.681295	39.024979	0.13466452	0.010023017
393	2.4735998	-0.78602408	2.2805365	4386.7294	36.794419	32.419573	-0.30990822	0.14145391
394	4.8726318	0.20104489	1.9517368	1862.8146	50.464605	42.755585	-0.039095837	0.00014897891
395	3.2150218	0.92762756	0.25973596	2812.973	13.167184	12.913645	0.024850851	0.12455297
396	5.3297877	-0.45971121	2.6898596	1871.8692	38.934361	12.415529	0.50608736	0.049481656
397	5.5162169	0.015538645	2.3601215	5880.4474	163.36839	66.193325	0.0025811987	-0.089380539
398	0.044165834	0.12219182	0.45868948	4381.069	55.387946	54.262906	0.0058716849	0.33506549
399	0.99306268	0.41354738	2.9388185	518.91591	40.757945	7.779231	0.057770023	0.051913754
400	4.0540297	0.85480846	1.1511511	3407.1484	115.34343	87.496791	0.018859012	0.16948823
401	0.69668825	0.29216408	2.8487086	4195.3044	57.691971	40.68504	0.18591916	0.21393225
402	3.3802333	1.0200895	0.44896253	11268.535	230.78487	173.81504	0.1225847	-0.11821417
403	3.3719573	-0.71864854	2.0946678	783.83375	20.504315	11.911601	0.082353486	0.050608406
404	0.36596001	-0.78422244	0.29662954	3288.2719	103.88554	89.158615	-0.0341362	0.029317178
405	0.41921332	0.95946444	2.7358063	1679.5302	52.049352	42.783813	0.02344579	-0.33823828
406	1.7323155	1.0728166	3.054899	456.50436	1.7958227	1.3480106	-0.20520532	-0.035184459
407	4.0764725	-0.59625523	2.8387551	6584.3664	53.792991	52.596729	0.0047798021	0.054288991
408	5.9229895	0.1611058	1.2667175	1407.5448	54.594938	37.885577	-0.0037082099	0.13844372
409	4.9404048	0.97446992	2.3570937	7644.6801	75.817134	36.841099	-0.045515946	-0.1113527
410	1.2173507	-0.54733131	1.985612	1113.4642	14.058932	8.36511	-0.045944098	-0.14400693
411	3.0554268	-0.93229129	2.2683819	7712.0507	100.22985	61.373324	0.071618027	0.0036760577
412	1.4255052	-0.031233093	0.74300086	2065.8511	34.173505	11.666845	0.0080956498	-0.098528314
413	5.113825	-0.71501604	0.9093012	1459.3157	42.662143	10.090164	-0.00056835373	0.11183823
414	0.86659033	-0.17246844	0.57627471	686.44912	12.159864	1.6092573	0.0010327875	0.013853397
415	4.2724915	-0.017139	2.6923134	462.38151	2.4412471	1.6355019	0.18812484	0.022325652
416	2.3522334	-0.32140043	0.55084737	2720.7135	15.221399	14.788782	-0.14048485	-0.2386833
417	4.4197952	-0.9407694	0.87333763	1485.973	26.789685	12.25807	0.18370196	-0.12182747
418	0.32207181	-0.7984956	0.18701055	4336.9097	15.693945	14.667582	0.2069731	0.053614788
419	3.4823004	0.10219193	2.3444891	5624.3102	64.318224	43.403792	-0.011554239	0.0051449106
420	5.0504573	0.92882725	0.17802614	336.67801	24.828458	1.5672525	0.4135068	0.1432371
421	0.051156181	0.71797977	2.1249102	2830.8928	45.099762	29.130914	0.13216515	-0.07451406
422	5.6325345	-0.43841322	2.568941	2633.885	35.182157	29.877715	0.020737054	0.18852597
423	5.262562	-0.57421277	0.49825425	519.35808	2.1896552	1.381723	0.0093606723	0.12356119
424	5.5252169	1.3018389	2.2055202	1163.948	9.3555681	9.0490844	0.019238224	0.0035090729
425	3.785517	-0.28641387	2.3923889	1559.7873	33.050045	5.0515531	0.15661887	0.15960297
426	2.4085732	-0.92326047	0.64830918	1386.3545	32.250776	3.8470919	0.0076340887	-0.013246213
427	2.4027929	-0.57929629	0.52407159	493.94217	8.1809255	3.4248976	0.18775193	0.093776576
428	4.3313004	0.3492111	0.66102287	2357.9261	31.95708	19.995391	-0.23827944	-0.032804133
429	2.2094858	-0.23007857	2.0669612	1917.3257	49.297907	46.495112	0.047470404	0.098772295
430	5.2096808	0.96195461	0.474533	7127.1185	88.007887	68.499367	-0.044248768	0.36207131
431	0.61392166	-0.63262557	0.7877979	976.17373	48.326971	43.378029	0.06303907	0.13872578
432	1.4302084	0.4315347	2.5751217	1540.1996	57.745254	39.368845	0.21524998	-0.053280937
433	4.9164424	1.3615291	0.65929349	786.26257	11.712425	2.0268984	-0.021692086	0.16701252
434	0.57076351	-0.26543776	0.27121046	929.6296	10.490986	9.2499621	0.064857777	0.015623785
435	0.46548894	-0.42124342	2.262494	946.38542	10.805798	5.9159997	0.016718389	-0.4158815
436	3.6338678	-0.53606121	1.3994734	488.26731	28.071401	10.400977	0.058670776	0.020927667
437	1.7106052	-0.832744	2.344923	1936.2161	13.308712	11.676835	0.06532181	0.24889791
438	5.4450103	-0.47040831	1.298153	188.84827	8.0737539	1.4697152	-0.098042222	0.013401067
439	0.10242448	0.86859622	1.2144459	6362.1141	68.477314	66.368726	0.052785368	0.075515189
440	3.0008417	0.98709101	1.973189	2769.3697	53.988527	20.570392	0.14751337	0.25203409
441	0.083675279	0.84012121	2.8187352	1426.1722	45.16399	34.063133	-0.029413878	0.11623689
442	3.1468913	-0.41972592	2.706252	3641.0778	36.423322	16.401069	0.23665121	0.0037626053
443	2.4031715	-0.25522693	2.1250781	3439.9902	117.94359	58.864926	0.012795763	0.080999467
444	5.4538014	-0.30145734	2.721945	311.06176	9.9372853	9.1038429	-0.097607639	0.098333721
445	5.4156947	-1.1219411	2.2343832	2623.494	50.924303	31.961156	-0.13444607	0.040112433
446	2.492952	-0.59410877	2.2453561	1303.3434	10.636462	9.6339278	0.31331282	0.0077512279
447	5.2113067	-0.93594251	0.88698062	3481.2831	27.464854	13.414546	-0.1314148	0.12746346
448	4.8609244	-0.24478658	0.36749143	1736.2601	44.764164	34.761211	0.030156609	0.22711124
449	4.9728526	-0.52630116	2.3401708	6916.4299	108.91209	60.837696	0.032749044	0.036391983
450	2.5489294	-0.38773652	0.2086043	1161.7523	10.747828	9.9914104	-0.0071865015	0.068637538
451	3.5405382	0.91940312	0.41411695	3308.9321	70.324077	63.034257	-0.0077691063	0.063089517
452	5.9777386	1.1942137	2.190126	1080.5996	17.56194	16.044384	0.090588157	-0.20533783
453	4.8048476	-0.42736547	1.1458364	378.45881	1.3818856	1.2917912	0.067827324	0.018096298
454	4.026728	-0.46051489	2.0965233	383.48691	9.820824	7.8816142	-0.13527143	0.081843214
455	2.4407757	-1.1138799	1.1392835	2574.052	55.819702	49.064365	-0.098800496	0.17215364
456	5.2310016	0.44877658	0.76550197	1067.6274	42.251407	25.353815	0.067242281	-0.1112683
457	1.1740444	0.7860021	0.96114305	7139.248	108.39058	91.390269	-0.02938081	-0.019818092
458	3.6799273	0.71660583	0.94068033	2547.3235	13.655317	11.365899	-0.3761396	0.15585107
459	4.0626803	0.017184351	2.3218592	2401.6787	53.666647	45.337025	0.016705556	0.54198174
460	0.089592517	-0.45955854	0.45288012	931.97039	15.345564	10.879181	0.20365831	0.14823909
461	4.720792	0.75660032	0.50714541	5406.9446	59.834054	58.602316	-0.21353284	0.19544865
462	3.3081566	0.18723494	0.24711719	2397.6904	15.141758	10.286267	0.040438823	0.1260771
463	0.020197269	-0.46276092	2.6692832	4843.8242	111.94659	75.496422	0.19758827	0.25266071
464	3.3812159	-1.1281605	0.92828377	1635.2602	12.178113	10.834666	0.26499215	-0.017765864
465	2.0915601	-0.89701621	2.199447	256.69205	10.639962	1.7552421	-0.036549964	0.26491812
466	1.2982089	0.29462421	0.62946176	1945.3139	47.374023	12.472574	0.045109094	-0.053142934
467	2.569581	-0.19221454	0.12815026	2022.8977	19.09798	10.299688	0.00081004189	0.032730652
468	2.5123667	-1.0053756	0.55836219	3688.0857	53.616053	47.547376	0.023462591	0.088789859
469	0.99401671	-0.093226676	0.18486803	1170.0258	18.249997	3.0380522	0.039571591	0.14098752
470	0.5546788	-0.48953438	2.3696974	187.3131	2.576965	1.3901548	0.04589504	0.037167413
471	5.3209303	-0.47788025	2.3078072	3629.4555	85.151986	42.138643	0.19261646	-0.041322567
472	4.6751256	-0.40271448	0.50498561	236.30138	4.8293036	1.2741671	-0.099776106	0.053204425
473	5.7443493	0.33737241	0.24015541	12058.161	79.415533	76.556204	0.025326173	-0.16953355
474	4.2959318	0.19979566	1.144445	194.33509	9.6687828	1.5046503	-0.030091917	-0.013077928
475	3.5637422	-0.47187592	2.6301269	2092.5715	13.855019	10.532283	0.069425823	0.076474776
476	1.0001488	0.45243654	0.73298228	5115.8944	66.069702	53.580106	-0.11764735	0.034982355
477	4.476893	-1.1882219	1.1323697	1726.3083	30.439657	25.66824	0.21564556	0.14685691
478	2.9812642	-0.11611762	0.3648427	2234.1615	12.55505	12.460009	0.074912133	0.044921839
479	4.4472473	0.192148	1.7220324	390.10669	8.5661428	2.5089722	0.11318006	-0.03409959
480	1.1630645	-0.54711864	0.37988432	3000.8578	13.32725	12.690134	-0.003877477	-0.32879968
481	6.1068283	0.59972966	0.29829169	1869.8954	11.933697	10.050121	0.20200207	0.27433479
482	5.636706	0.27107265	0.40954745	2182.2984	41.59055	39.68165	0.098921697	-0.12820937
483	6.1302742	-1.1299229	0.25852688	3341.7447	76.132502	51.23738	0.019479681	0.036687367
484	2.0877992	0.15949651	2.5893816	3381.5071	58.967384	49.815032	0.016705556	0.54198174
485	1.6569981	-0.19302335	1.232738	191.89928	1.3922046	1.3140025	-0.10288901	-0.010997684
486	6.0799118	-0.28348083	0.21943161	469.00913	2.2575758	1.7614425	0.06622587	0.03774096
487	0.86073383	0.6182576	2.3811607	1066.3094	29.738592	11.92187	-0.31497653	0.070235867
488	3.2650821	0.69576993	2.5504115	6418.4577	54.306381	39.028349	0.085710919	0.061575827
489	3.461862	0.38835303	2.5484542	5123.4463	20.943692	17.484576	0.033853532	0.095788952
490	0.9833435	0.37895644	2.5980822	3382.797	83.392465	65.727498	0.029508956	-0.010005764
491	3.2457841	-0.71598216	3.0473851	1159.1191	14.777803	14.450158	0.065827631	-0.0030920992
492	1.2614178	0.025752048	1.1459097	2911.0759	53.499108	39.55368	-0.095438084	0.11571606
493	1.9574026	0.85311371	0.95041787	5656.6345	60.704449	52.196908	-0.02222514	0.10026487
494	4.9052281	-0.64275026	2.4129713	9109.8332	90.069448	58.367096	0.070178691	0.0047560312
495	0.14667078	1.0185578	2.2212953	2169.6266	21.302893	17.970139	0.1559572	0.017299881
496	3.0027422	0.6927268	0.54944172	2930.0184	46.006729	38.997177	-0.0060012522	0.032785977
497	6.204207	-0.89420389	0.61679952	436.0875	9.6809037	8.301764	-0.030975434	-0.18798144
498	0.82678254	-0.16667328	2.668028	7231.7159	57.726707	54.816786	0.0055929719	0.22335253
499	0.92852213	0.026617515	1.3704697	864.78586	17.276549	11.922798	0.25624128	0.011340925
500	1.6451937	0.63040746	3.1207486	784.45641	3.1379053	1.6448105	0.097282224	0.17058617
501	4.4001293	-0.38535585	0.88241491	615.83365	13.167236	11.323224	0.13712238	-0.019225886
502	3.022019	-1.2910539	0.2666642	439.83296	27.182453	1.5955518	0.039765704	0.045458043
503	5.4775954	0.97500947	0.49755317	3711.8103	107.04289	87.198895	0.11345811	0.047541019
504	2.0629423	-0.087430312	2.3628887	919.44488	10.539365	1.8626107	0.059114257	-0.017844388
505	4.4132194	0.19128311	0.89741303	754.36054	9.8657818	9.8326346	-0.0085975755	0.1150059
506	3.0393477	0.63723572	2.2231092	2847.7582	46.269389	11.290965	0.11097158	0.084861333
507	2.633147	0.12413204	2.5605413	93.297233	2.4767369	1.6197291	-0.012000315	-0.03714022
508	3.3229327	0.55273567	1.4800072	4904.1914	150.08948	43.58844	0.014030666	0.023215529
509	0.50558796	0.45136131	0.66275837	6304.8149	54.035152	42.597298	0.021525712	0.048412998
510	1.2526359	-0.91170772	2.2578651	6564.5419	75.433559	70.425628	-0.23341293	0.11234399
511	1.3223895	-0.72674191	2.2513262	6015.1027	70.009296	61.374624	0.0086136274	0.0060119628
512	5.7735485	0.23125156	0.62783425	3557.1189	53.222828	49.075304	0.24863707	0.055732756
513	1.1191776	-0.83724461	0.80286562	582.67287	1.8419716	1.5976961	-0.10419018	0.22758358
514	3.415301	-0.73993059	2.4521903	4231.9369	64.026153	58.833048	0.038825842	-0.00060884812
515	5.2812925	-0.33250042	2.7183196	2961.633	40.706336	15.558567	-0.086051208	0.13202127
516	3.3902461	-0.82428404	2.7548679	3951.2346	94.740511	57.051809	0.43803161	0.097087998
517	4.2516973	-0.6772277	2.9467404	5816.4964	141.11055	83.663482	0.097940037	-0.62301889
518	6.0953116	1.0848839	0.13895119	1871.8322	11.785554	3.7104821	0.25840267	-0.034688743
519	0.44119433	0.66617664	2.6872433	458.29956	2.1364711	1.6553042	-0.019620274	0.041660549
520	4.0766577	0.53651851	1.94956	1843.195	40.707674	31.473634	0.18987837	-0.016130636
521	5.9726408	0.8231891	0.23617928	3107.5126	13.080305	11.398632	0.094169897	-0.18494636
522	0.34211576	-0.17225059	0.31918888	5079.5051	74.467141	64.344841	-0.10185473	-0.11937733
523	4.3017264	-1.1120508	2.3308711	4371.0527	49.965711	45.109901	-0.00049303836	0.0047926095
524	4.2284639	0.72551847	2.5779847	891.4623	42.791803	3.3391228	0.0085298774	0.10676103
525	0.52308739	0.32312923	1.3745809	5090.5509	71.210128	38.524644	-0.064535884	-0.026126207
526	2.8427246	0.02450407	2.2119737	5824.2017	58.618901	45.12587	-0.14583631	0.10857352
527	3.4900954	0.12179363	0.63691041	2667.643	15.625931	14.214899	0.14884087	0.18721638
528	4.8043397	1.0329307	0.55258894	1998.629	53.350152	39.061289	-0.02622397	-0.065739524
529	1.1846447	0.45146109	1.6478252	172.13628	1.393653	1.2345834	0.04199112	-0.10126793
530	1.1945583	-0.12840748	0.31290898	2097.5804	52.578334	11.878527	0.04962897	0.13561823
531	4.4779915	-1.0738345	2.2301271	3658.6909	99.130498	76.443283	-0.363872	-0.064323157
532	4.3482064	-0.55920737	2.700193	4410.3712	57.950474	31.673973	0.27752256	-0.0073668504
533	4.0460273	-0.26323312	2.8238311	566.8441	13.984089	8.8904177	0.047966771	-0.040948014
534	5.5022848	0.0024863466	2.0874966	1619.58	12.082783	9.866336	0.038007135	0.021207321
535	5.4812829	-0.36789287	2.5649327	2737.6118	56.265171	11.777024	-0.058812273	-0.19700541
536	5.6026512	0.87696123	0.95561713	707.32073	9.5237297	1.5219744	0.015762723	0.003086461
537	4.6909396	0.85164159	2.9452504	2668.4557	15.834452	11.949579	0.22131427	0.036797895
538	5.476467	-1.301517	2.29983	3450.1963	35.816971	14.530503	0.20408652	-0.0051047174
539	4.3733842	0.24130173	1.7726471	1539.2323	41.695524	13.297033	0.15046002	0.048116041
540	3.8577567	-0.1278505	2.3848578	2952.5109	18.169944	17.078804	-0.025740755	0.00043431853
541	3.0977081	0.75466283	2.7259956	369.46885	1.6958674	1.3799076	0.084893879	0.024656657
542	5.3862741	-0.18012968	0.29868852	2930.2399	105.42826	38.306286	0.04431993	0.018770276
543	2.4307206	0.80529031	2.1857943	571.79406	9.62349	9.4732602	0.068563361	-0.11351524
544	4.9904886	0.15050729	0.76900629	6451.4151	60.100962	40.60361	0.064080891	0.099762949
545	1.7348918	0.61426875	2.8140446	4422.1901	47.987332	47.784677	0.090887168	0.11900726
546	4.1314004	-0.54697143	0.49245912	3614.9131	92.171909	13.813016	0.073893032	-0.062757907
547	2.0066968	0.46403191	0.4968426	788.18989	10.197434	9.650978	0.13048129	-0.090230964
548	0.47323922	0.70118757	2.2941951	1233.7016	11.556288	11.414798	0.24967108	0.21076856
549	5.538359	0.50930845	0.52814267	1009.0243	27.696103	9.1555689	0.00082615966	0.096219077
550	4.7136503	0.10806678	2.2747009	5871.2111	96.072751	75.717775	0.47178312	-0.56996113
551	5.2269858	-0.032754707	2.577074	2087.5119	11.910417	11.848468	0.00085970157	0.026045927
552	5.3916633	1.1743087	2.6031357	1454.5143	13.114148	10.466827	0.2403925	-0.039840835
553	6.2434358	-0.56999054	2.1247983	634.02309	10.676733	9.342889	0.062571921	0.040791663
554	4.3446298	0.016717545	2.1935045	3069.9123	52.99521	31.784764	-0.29988258	-0.12588985
555	2.3823751	0.4575622	2.9404342	129.86253	1.360905	1.35392	0.078158114	0.016681988
556	1.2880017	0.15980366	0.81536348	1209.0125	11.780813	10.979175	0.028854779	0.04030215
557	5.6531716	-0.65079711	2.8615992	2015.0316	13.491176	10.147209	-0.15807172	0.020004672
558	3.3766722	0.68348308	0.58922592	1763.4706	8.6775157	6.7959637	0.083537074	-0.00391321
559	0.13308101	0.28744773	0.527134	6317.3028	54.742407	46.751085	-0.14618381	0.0018518276
560	1.6826213	1.0337428	0.68635843	329.34781	9.0899577	1.9428789	-0.027340599	0.0063016076
561	6.1846504	-0.76578073	1.9226693	250.34953	27.369447	23.214064	0.050644357	0.036425895
562	2.4751098	-0.66798939	0.46606176	2262.0579	12.226964	11.067657	0.0067839669	-0.26805941
563	3.9829569	-0.3517835	0.39119676	4282.2943	38.862058	37.318921	-0.0072282747	-0.10780621
564	3.5283532	0.760458	2.2031658	2011.1994	12.399061	12.124318	0.096349301	0.015482822
565	3.5794152	0.87587802	2.8621808	8737.5453	74.747533	63.528357	0.05200192	0.072264693
566	2.3572376	-0.58743029	2.5136404	2728.9688	14.952982	12.591755	0.0054534702	0.18622569
567	1.1696863	0.1921595	0.83180245	4971.479	49.563242	33.682276	0.46849456	-0.046350212
568	5.3617328	-0.77315007	0.75360097	597.97001	10.183551	9.5959149	0.065271892	-0.10612405
569	0.95254348	-0.261437	2.3257155	670.70641	1.9579384	1.9216615	0.013373034	-0.09950103
570	5.4029073	-0.061204601	2.1358242	4134.6092	112.54868	76.44173	-0.023816112	-0.0096581662
571	1.8714068	-0.83739619	1.9264508	520.14774	16.752055	8.2298351	0.026597075	0.376645
572	5.7775849	0.54471899	1.3258247	728.91165	21.257603	11.770495	0.37883652	-0.050826154
573	4.5856918	0.58712516	0.69662244	4034.6424	69.636915	64.554793	0.052277291	0.23846685
574	0.59446988	-1.0740589	1.1864785	501.7576	9.3698695	2.3821852	0.010259651	0.1434856
575	5.164262	1.3370816	2.6780663	1351.0738	12.617454	10.209138	0.53498332	0.0021806411
576	5.9784729	0.66274482	1.1642179	1817.3215	32.807306	12.549068	0.017700917	0.18664845
577	2.2884452	1.1587248	2.9027395	2405.6115	27.305905	10.970575	0.041556919	-0.10682536
578	0.40138321	-0.1324813	2.8050661	2304.2323	46.410615	30.797463	0.021967767	-0.048605705
579	1.2667772	0.45306498	0.38758499	1238.8607	11.821893	11.242528	0.0091302895	0.025963459
580	0.10101937	1.1768514	0.21794633	3394.837	14.653155	13.802267	0.014464612	0.44763162
581	3.6291712	0.83921097	0.81131886	181.0766	1.7199782	1.3793915	-0.0044800585	-0.066489925
582	5.5862933	-0.21250647	2.6299599	2415.1892	14.337668	14.01159	0.27484305	-0.054300966
583	4.9663042	0.30069336	1.95058	2197.4684	14.963597	14.221482	-0.32821108	-0.0045535155
584	2.0573503	-0.55692982	2.4215004	1720.8563	42.856473	41.927961	0.35645673	0.0280498
585	3.5718386	-0.5954742	1.9921737	1868.5793	12.229625	10.710052	0.0038887572	-0.20878029
586	0.087747183	0.61048475	0.68781112	925.73439	12.952001	11.837187	0.55206079	0.10372726
587	4.5340672	-0.19870031	2.8502419	2010.6742	42.113625	28.549357	0.11635619	-0.17831885
588	5.7430524	-1.4398464	0.18471061	4122.7355	60.519161	37.81788	-0.01770333	0.051199883
589	5.9220112	0.56618785	2.1196308	266.31453	1.9297001	1.5847894	0.00093479034	0.065407757
590	0.0052494158	-0.12485553	1.2260495	7824.165	112.4607	69.489488	0.55004709	-0.04420553
591	0.59517122	0.99043126	0.046162254	1846.9196	16.598588	13.388798	-0.0029167621	0.040930464
592	5.0882305	-0.79483647	0.45003357	1434.3746	9.0387014	2.8412268	0.19101173	0.27518568
593	0.81032889	0.1318375	0.3971431	822.72418	37.028245	10.988213	0.38831387	-0.042975278
594	1.8982035	0.73022227	0.61435506	2204.7785	14.888412	10.901578	0.021637409	0.053097118
595	1.7904122	0.70042458	0.73620263	2090.2777	37.70673	33.371294	0.063604377	0.31350074
596	3.9778999	-0.59938464	2.7352434	3997.9904	16.798718	15.620996	-0.028850029	0.30347607
597	4.216671	0.39797438	2.5521035	2495.2399	29.722089	26.5104	0.26403062	-0.14739791
598	3.8473318	0.54005438	0.60506661	4684.1882	46.032449	15.680183	-0.00014729451	-0.10987389
599	1.1116094	0.90339726	0.55622382	1626.638	46.896937	46.263882	0.020618347	-0.024738609
600	2.6894911	0.64489384	2.4759768	199.80035	1.2926165	1.2301081	-0.059650707	0.054442936
601	5.4894007	-0.22076014	0.89573989	443.47902	2.7221886	1.5912364	0.093112918	0.030235627
602	2.2661873	-0.68724514	2.4086222	3309.3161	56.321235	16.892325	-0.073850152	-0.069161592
603	0.34318659	-0.39541039	0.5229308	6294.8767	69.74586	65.026609	0.19144206	-0.12936384
604	0.7366969	0.72306513	2.7439283	867.53447	12.131307	6.523111	-0.41407768	-0.045393275
605	2.6571464	-0.18729146	2.6980512	418.35207	1.8157796	1.626281	0.027204794	-0.16382986
606	3.7067353	0.39907447	0.85256067	1636.0292	11.506524	9.9576114	0.19606748	0.21231805
607	3.9205333	-0.24949032	1.8299789	1561.3229	78.935967	47.358111	0.15988563	0.013044954
608	2.6458416	1.218494	2.6234586	3926.7013	57.035988	34.81289	-0.012730157	0.063170911
609	2.4041216	0.10705522	2.8642039	2176.9736	15.579172	12.185028	0.38183915	0.061652245
610	5.1022479	-0.63481241	0.20117489	1430.7858	29.325958	12.086352	0.02911397	0.082815707
611	1.2790212	0.62251984	0.92001559	261.0275	2.025094	1.6298487	0.077051255	-0.04228681
612	4.7102745	0.26674113	1.8569356	279.82119	2.9191833	1.3956429	-0.039978528	-0.18735924
613	0.57647477	0.97924433	0.93557624	289.09867	2.5103826	1.7308339	0.17884677	0.002707113
614	0.65026173	-1.3129303	1.077248	875.87483	15.708588	11.140383	0.052870843	0.056314199
615	6.2134514	-0.9907208	1.8292855	378.44557	9.2725078	1.9771036	0.025627966	0.10663123
616	4.7685348	-1.0641022	2.4175315	239.1376	1.3143183	1.2637473	0.12415506	0.036947774
617	4.572293	1.4468752	2.7608058	576.51261	40.550589	1.5023245	-0.038420184	0.13697409
618	4.5250767	-0.70461986	2.8472076	1168.0236	11.007087	10.54041	-0.011722045	-0.12387155
619	5.1754822	-0.10233646	1.0757859	1414.5229	12.132017	11.607366	0.40753953	0.019404295
620	0.018124978	-1.2770772	2.7210534	3022.0064	15.709927	11.231263	-0.07492754	0.48761431
621	3.0926757	0.91906425	0.89415169	2865.8456	63.929943	59.574788	0.052572812	0.05803096
622	4.7989506	-0.20188065	1.6193586	380.28046	26.332842	2.0523971	0.079124532	-0.26706893
623	2.0484376	0.44978046	0.41795564	4910.8057	53.977575	47.812517	0.038166566	0.14335133
624	2.2933252	0.52371743	0.73644664	3487.4772	115.32018	104.06601	0.0022783883	0.18979978
625	1.8427765	-0.35255103	2.38008	1319.965	28.622525	26.540494	-0.016936953	0.055219984
626	4.0278639	-0.72851509	0.77743999	3975.2915	51.621435	31.180708	0.031849436	0.2510427
627	4.0550855	-0.87389729	2.1582672	790.83539	59.247789	42.930202	0.46474168	0.31567991
628	0.68202145	-1.2227982	0.26681655	3474.5194	52.792778	44.344956	-0.10599461	0.097306597
629	1.926593	0.42932033	2.2881203	1825.0081	44.908037	32.049397	0.021304502	0.15226813
630	3.7584516	0.12082827	0.82429679	6999.3562	142.36099	70.038903	0.022274108	-0.044542853
631	3.68237	-1.0345113	2.2893356	2706.56	77.598218	47.14788	0.043129031	0.014249972
632	4.1257805	0.18487654	0.27382598	8354.195	73.735127	59.789596	-0.011379409	-0.29132076
633	4.7426039	-0.46939647	0.62763763	1453.3638	34.77295	10.411091	0.26313695	0.29270987
634	3.6302399	-0.037032223	2.1197144	1693.6989	37.053853	28.825062	0.0011120757	0.097392558
635	4.232707	0.62530562	1.0275107	443.92686	33.361101	9.6546509	0.048582396	0.085495396
636	3.8056469	-0.57207501	1.1668535	1783.2599	24.444667	14.026914	0.081531982	0.08924361
637	4.8734591	0.6210929	1.9852592	3831.0306	51.04328	48.715264	0.11615599	0.078632752
638	5.9243265	-0.86934023	1.879404	333.9467	10.784044	9.6033349	0.014754922	0.016972922
639	5.8833222	0.56875573	2.027878	863.08242	10.820011	9.7410271	0.29871317	0.004531894
640	2.0987188	0.022804441	1.2141549	786.464	32.451813	22.317794	-0.13738352	0.0028955689
641	6.002164	1.1587567	2.9590777	334.94351	2.4860238	2.4632071	0.0048002029	0.083576681
642	5.4467005	-0.075694838	0.47992033	1302.1803	45.988101	37.619495	-0.034487445	0.012685713
643	1.8461695	0.15599487	2.9372222	317.0198	9.0919588	1.5453825	0.17276111	0.041983128
644	4.2940118	0.96760291	2.7897004	5928.1006	48.047725	42.411719	-0.014021531	-0.046925013
645	2.9388456	-0.20430036	2.3115543	1896.1665	46.702868	45.673706	0.17618483	0.42688285
646	2.2428024	0.7363734	0.48299926	4311.4827	51.84601	40.489937	0.30553386	0.080695581
647	2.8299171	-0.40943165	0.2725709	5765.3654	43.590185	37.055956	0.19636527	-0.0059898193
648	4.0675703	-0.36203594	2.5461693	3239.9738	13.928624	11.713041	-0.0030938811	-0.0035655899
649	0.46205741	0.72882802	2.0261609	2416.7149	27.741903	25.100947	0.0071379149	-0.19907591
650	1.5866984	-1.0588393	2.0355359	327.08559	8.1487575	1.9636147	0.36889419	-0.036251046
651	4.3346626	-0.71549329	2.6563139	1181.8828	21.836954	14.61099	0.1124646	0.14557326
652	2.6049212	-0.36280619	2.0040522	2662.1479	43.464786	36.200991	0.24558242	0.11104785
653	1.0844505	0.29632238	0.87074956	1185.5253	17.607366	15.728699	0.046583252	0.052276422
654	1.2600738	0.93117722	1.478766	1774.2399	16.482914	12.533282	-0.044464959	-0.16943643
655	4.4723815	0.99344771	2.8210004	1243.551	81.524231	67.854861	0.35602033	-0.00043261863
656	0.73228298	0.60111408	1.4835618	549.91021	35.390859	7.3305826	0.0011754044	-0.52764629
657	6.2277554	-0.48514323	0.32547225	4150.5611	72.599092	28.70354	0.23788622	0.054310286
658	4.5699045	-1.0477336	2.4453512	3204.3628	34.420795	15.858579	0.042959937	0.059125862
659	4.0221462	0.35624952	2.0370087	298.40954	10.780043	3.9412989	0.096179786	-0.096995722
660	5.3120013	-0.88826985	0.71954088	2267.687	12.508921	11.997868	0.071801767	0.10514422
661	5.3722069	-0.3935432	0.50058793	797.79284	17.06274	11.202197	0.26818787	0.22779641
662	1.2493916	0.44509412	0.3135953	1690.9815	10.923407	8.7232639	-0.0058053041	-0.016653234
663	1.1578236	-0.1826985	2.1823033	2273.7702	91.686134	81.689708	0.08251385	0.061446618
664	3.566673	0.36371943	0.69440352	1020.6361	12.962806	11.987261	-0.22036699	0.0045515174
665	5.1255506	0.20977513	0.21246502	2124.0826	34.225848	30.731995	0.23541376	-0.0058818868
666	5.5393807	-0.1772823	0.33756445	4077.3219	64.373793	43.514009	0.49912687	0.053456703
667	5.1884787	-0.0010220232	0.93094427	1770.0062	11.768424	9.9997512	-0.051973599	0.056817738
668	1.4326423	0.094246693	0.28081534	4096.5261	41.130228	37.613524	-0.043549914	0.024082048
669	2.5245025	0.7896899	0.6513718	3054.3785	52.63598	52.259993	0.0023148974	-0.10608268
670	3.6717539	-0.042381013	0.3729309	1975.2257	13.461139	12.559727	-0.10108245	-0.13898934
671	6.1793294	-1.0586067	1.6060316	180.26292	1.6707073	1.44711	0.054707069	-0.071895168
672	4.7995471	-0.59475952	2.9055615	1142.0315	11.036304	10.56943	-0.091609543	-0.0020004974
673	5.2549916	0.79897643	0.37373127	9338.1027	187.07254	96.119784	0.11372004	0.25541917
674	5.4041583	0.098896153	1.6760925	2710.5749	56.448201	52.561949	0.042082539	0.0011507196
675	2.1782159	-0.1993409	1.0274183	198.1053	10.485887	9.3796982	-0.016056561	0.0024708313
676	3.1714015	-1.0321148	2.9817006	1281.1069	12.091156	2.833606	-0.2251527	0.1873716
677	2.4474359	0.54599907	2.1608297	919.46348	11.464755	10.655462	0.061385506	0.087066936
678	2.7443426	-0.9692688	0.60847951	5194.3591	66.492758	62.800875	-0.11009867	-0.00075976469
679	5.3504014	0.67241471	1.5031451	272.11512	7.506562	1.4511792	0.028747208	0.0011665632
680	3.3874637	-0.27625222	2.1276317	2266.3531	44.265442	36.135337	0.066367569	-0.024151642
681	2.6281548	-0.68541831	2.8203825	195.01512	2.3551619	1.5583931	0.00024490469	0.039588651
682	5.373806	-1.0894667	0.88373093	2881.5492	37.359073	35.579478	0.14074728	0.21963517
683	1.945415	-0.22953921	1.071389	295.99414	7.3888125	1.9138275	0.068290668	0.081096786
684	5.1276642	0.30441741	0.77574484	4220.2481	64.454146	60.016714	0.042082539	0.0011507196
685	1.1236789	0.99538092	0.35670449	9469.3021	73.134122	45.739417	0.16905861	-0.060290768
686	4.0677108	-0.072605588	0.31675612	3306.0208	38.21476	17.313	-0.02178128	0.035930159
687	2.485102	1.1266097	2.4803078	1751.2682	22.833401	22.780975	-0.3107413	-0.21127401
688	5.0093099	1.0124684	0.32974315	2467.1029	24.068361	23.352406	0.032070259	0.05442319
689	6.1526957	-0.14535662	0.60393555	2814.5509	41.049624	35.095772	-0.13951268	0.0027720748
690	0.19415661	-0.92464038	0.86917755	1004.1839	12.630284	5.3655325	0.10460888	0.12737477
691	2.3349904	0.73373136	2.502218	845.87201	19.628401	4.7234078	0.029513623	-0.11718164
692	4.4437011	-0.58447847	2.4958853	611.84384	3.6268589	1.3909116	0.057495306	0.0061753142
693	0.24437947	0.26272278	0.85754782	589.29073	16.200872	11.562556	0.14354855	0.031266411
694	5.7715908	-0.42616938	1.8217478	4881.1408	54.412515	38.582635	-0.0057553205	0.089338303
695	1.5329313	0.47445533	0.93660095	4679.8706	60.468711	23.89475	0.08740149	-0.079226855
696	1.7256747	-1.1696875	0.91739241	6165.3832	98.282263	71.21409	0.46474168	0.31567991
697	1.8115205	-1.0734638	0.69380257	2171.4452	18.712352	14.84696	0.51147555	0.10488026
698	3.9890821	0.25612631	2.5016904	8036.5281	78.146315	61.254263	-0.0051462806	0.22205437
699	0.68294739	-0.72494271	0.57867212	11709.344	97.411948	79.934596	-0.36531699	0.052813894
700	4.9179532	-0.16192222	2.3138364	2981.5774	18.81319	13.218596	0.067772795	0.0027580358
701	4.4368523	-0.97619385	2.8517881	4706.9971	51.057186	50.630411	0.08774205	0.032003531
702	0.74248073	-0.30692231	2.1289326	5319.3939	55.196537	50.328623	-0.0106822	-0.083849286
703	1.7958683	0.600505	2.1156915	738.31589	10.574048	9.6075568	0.18470191	-0.66212561
704	3.5729354	0.17204426	0.23537879	12565.057	89.37654	72.302141	0.065995757	0.21249446
705	5.0194014	-0.28169992	0.70949793	3536.1281	41.017975	14.781899	0.27305007	-0.045756714
706	2.8251045	0.53094126	0.40045457	1075.5441	27.705402	20.706759	-0.062374804	0.037920762
707	4.7874923	-0.8526146	2.1991617	1348.6256	27.937711	10.898996	-0.18353693	0.34136898
708	5.8350669	-0.18353019	2.6732591	551.91359	2.2842754	1.7130281	0.2747873	-0.21993379
709	1.0536308	0.32983451	2.7180407	5185.0404	171.77708	117.07405	0.00020294299	-0.052121867
710	0.87964541	-1.0764963	0.90901487	719.83838	9.1229311	4.034179	0.0047357168	0.1034995
711	4.2005184	0.74689065	2.7490041	369.1874	1.6877533	1.633371	-0.0041543318	-0.086420158
712	0.056598366	-0.32413525	0.39060916	3808.9451	42.58858	42.50958	-0.057695441	-0.0091012675
713	4.6103201	-0.72769659	2.986707	138.36844	2.3033124	1.5066796	0.13252679	0.11247867
714	0.23246281	0.55330137	2.2456076	2350.4067	19.834704	11.87732	0.023776248	-0.0024021689
715	4.2194958	-1.3452655	0.025999417	4925.2198	52.022669	15.573155	0.0011833737	-0.056809082
716	5.0247944	0.77859609	2.0129987	278.53492	1.4959155	1.3754893	-0.0085770652	0.017028986
717	5.6601807	-0.81412038	2.4636264	777.56311	10.15498	8.8456195	0.10795178	-0.047980721
718	2.1539093	0.46768821	2.6642966	673.95227	25.207294	25.04939	0.073428265	0.000118641
719	4.8927149	0.75432013	0.71655409	2387.5865	14.913579	11.947257	-0.0029160336	0.0040550291
720	1.3850032	-0.74939052	0.67068175	4017.4605	34.00602	30.654343	-0.012201732	-0.19622965
721	0.52744919	-0.72141242	2.88001	2203.1159	40.348347	29.61835	-0.022657428	0.13366582
722	1.903167	-1.2970335	0.66510145	1162.6034	21.360246	1.9102398	0.09882534	0.23661624
723	2.1296764	-0.57450167	0.43383431	1729.3616	47.707652	31.342909	-0.080178144	0.82825456
724	2.9715523	0.09251893	2.2465487	2369.2638	78.537392	66.303045	-0.13412146	0.16600202
725	5.865932	1.2846237	2.2284208	1523.3342	19.339067	17.050167	0.54728788	-0.0037954561
726	1.3336348	-0.62681252	2.8578614	1517.5344	32.727525	10.645484	0.035215532	0.010708005
727	1.9370934	-0.17062482	1.9709133	3791.8893	70.08655	59.07559	0.38289528	-0.11828687
728	0.36709956	1.1305896	1.7316348	184.50701	1.8201048	1.6506399	0.073268305	0.19395088
729	1.85023	0.51087955	1.0139776	1059.7278	10.345597	9.8031669	0.14704041	-0.033150381
730	4.706828	0.25127682	2.296948	1485.051	23.368236	11.758755	0.061363581	-0.066999635
731	3.0711451	-0.18354835	1.7702633	4974.5148	63.857756	55.553255	0.65010898	-0.0084322249
732	1.3062238	-0.15939803	0.84948425	5197.7136	72.85817	70.920009	0.02882263	2.1845549e-05
733	2.2754457	0.5206139	2.4372936	3840.9599	55.855678	28.627718	0.17997068	0.079679051
734	6.0604071	-0.47755148	0.2346249	553.90391	11.365795	2.2214577	-0.02110743	0.01125058
735	4.8843046	1.3370303	2.6164987	883.58381	10.228026	2.6497907	0.18774089	0.2702831
736	3.6121769	0.15077731	2.71313	6204.9508	78.779012	68.568279	0.31475231	0.34865622
737	0.6261882	-1.0698344	2.4013577	3723.2638	49.826052	43.842406	0.12112741	0.0043241164
738	2.1872728	0.64439642	2.3635282	717.16189	11.463593	10.160015	-0.011079163	0.271553
739	4.5673688	-1.1488778	2.1306001	2098.8034	71.22586	69.376452	0.042969213	-0.0076133245
740	3.8240387	-0.25949979	2.4535767	268.51418	1.8432401	1.4174289	0.10853809	0.11975847
741	4.0119207	1.0322775	1.1590618	1502.5517	92.55097	39.018756	-0.060245837	0.086063298
742	1.4266842	-1.3575707	1.0758658	664.53047	11.027382	10.635277	0.020460185	0.2227155
743	1.6731186	0.57138334	1.3048092	847.80525	8.6306079	2.1698642	0.053883198	0.11458725
744	2.9880638	-0.019889167	1.7914695	405.67479	33.127225	28.517519	0.14537227	0.099762274
745	5.6968449	-0.89248393	0.16858295	690.6566	32.771514	9.5881735	0.1567829	0.61244852
746	1.6585492	0.19960686	0.81691712	1852.713	11.994749	11.269701	-0.12868075	0.0012156291
747	3.6908548	0.28394411	1.2376184	3080.2296	57.570766	45.217052	-0.064343156	-0.14600243
748	2.727868	-0.25785148	2.3150899	8814.9091	178.14259	167.32064	0.2044142	0.48471714
749	6.0736804	1.214652	1.9259898	1515.9621	20.789129	18.455474	-0.035877829	0.062755068
750	2.5581065	-1.0568233	0.60405226	4888.8378	35.44932	29.514339	0.13115224	0.077223265
751	1.5530954	-0.29960143	1.0053957	285.9686	2.1668126	1.4798086	-0.14283357	0.083262151
752	5.0079452	0.17149927	0.57264686	2078.3157	13.602811	10.61717	-0.035296447	0.28474306
753	2.2299417	0.66770611	0.65318393	1207.9292	27.638421	23.313846	0.012737277	0.15288343
754	3.5685148	0.70760526	0.81912271	4492.0471	74.128864	62.634074	0.10458847	0.016774821
755	0.64312844	0.31658997	2.5692076	8496.8883	59.561527	57.70997	0.01164805	0.019626079
756	3.5726272	-0.30887204	2.1411516	3448.9418	51.079779	49.021128	0.11078682	0.054426891
757	6.0207226	-0.57936685	2.7640029	3249.0692	55.899173	45.889688	0.01017023	0.12356689
758	1.3600765	0.72812873	0.96089629	954.54891	27.625267	27.613732	0.0051393227	0.1398954
759	0.081793943	1.2862227	1.9305738	4932.1128	57.708244	56.536074	0.0058716849	0.33506549
760	3.4098657	1.1419722	1.9594972	1816.796	63.314826	44.366043	0.08723862	-0.014737423
761	4.7724989	-0.54505946	0.80784469	4971.4414	63.220989	36.844516	-0.022199899	-0.12830529
762	5.0366219	0.054613689	2.7871976	1119.5178	9.7831162	1.7548757	0.10394939	0.01345951
763	1.5090556	1.0903044	0.753299	2437.9614	34.433557	29.262715	0.0026051555	0.15204691
764	5.5359843	0.73950755	0.19542372	1390.0827	13.427362	2.3689403	0.38698203	0.084545772
765	4.4922154	-0.030404009	0.31188722	868.17802	16.007817	9.9031174	0.010617005	0.087073496
766	0.049419645	-0.27645091	0.69865987	2149.6336	42.040006	34.306092	0.13493056	-0.0022258664
767	4.3550949	0.74168988	3.100806	352.15224	1.4225585	1.397935	0.16927573	0.036154554
768	2.8054847	-0.97972638	1.0105625	2565.9283	40.867149	14.110394	-0.18916613	0.0086924011
769	0.4478032	-0.9439542	0.7871509	393.07502	9.7757005	2.5342094	0.15929451	0.12898641
770	0.75430772	-0.45024187	0.61752273	3088.8463	38.763204	37.793989	-0.0072262343	0.015335441
771	3.0770052	0.30127262	1.9649804	3359.0492	61.157485	55.771788	0.0053074675	0.055690172
772	5.9901202	-0.092414134	0.92001117	1630.9052	11.886315	10.035401	0.036699712	0.20739902
773	0.62010727	0.27376337	2.6732347	8947.0973	73.804211	62.707739	-0.17238699	0.053570895
774	2.9686781	-0.62011062	0.12888203	8597.4022	69.688711	35.934985	0.093812919	0.076549357
775	2.0564047	-0.61455253	0.23872938	3030.4851	14.075177	13.805486	0.048430081	0.025937464
776	3.9528885	-0.49575973	0.46104796	2164.7873	10.096235	9.844838	0.28913972	0.17974172
777	2.5582533	0.0071265599	0.91274962	999.36919	12.375334	10.359518	0.046385612	0.0061719703
778	2.8495353	1.0848791	2.3587852	3102.5544	38.265012	34.91432	-0.0035234231	0.4976376
779	4.7567896	0.069776716	0.5490386	1764.5981	27.957431	12.688444	0.065059946	-0.16340401
780	1.8846903	-0.50602149	2.5266906	2581.0691	15.79542	13.978366	0.037380446	0.017343774
781	5.3197008	0.44987752	1.3553502	150.51588	1.5591354	1.2716357	0.015152135	0.23447786
782	1.2273116	-1.083062	0.64609418	11974.958	95.043792	77.74836	-0.034487445	0.012685713
783	3.5397801	0.68883229	0.57979026	1393.9872	11.132668	10.362573	0.089079561	0.072469908
784	0.19842273	-0.32618103	0.31987537	5897.4421	69.5527	44.363435	0.1433104	0.046093681
785	0.3208509	0.90636397	2.4626548	2613.6322	12.307924	11.932027	0.22429409	0.073519601
786	1.028942	-0.69517348	0.87902889	1252.284	25.33591	10.148097	0.099558332	0.17294491
787	2.8510097	0.18557784	0.58780657	4045.6418	77.879299	24.670863	-0.0047589178	0.00077834401
788	0.46579382	-0.45028093	2.7728818	2346.771	13.336718	12.501576	0.045409176	-0.014284764
789	1.7473066	-1.0623468	2.3870388	1694.5795	37.397048	10.860505	-0.018337588	0.027368206
790	4.5400553	-0.26449875	0.37698715	3194.1419	23.200042	16.268341	-0.10283421	-0.041039482
791	2.7288447	-0.46553575	2.0650756	4217.7911	64.861951	57.786891	0.00041297768	0.024549588
792	5.1009505	-0.54488284	2.2459543	798.16411	10.544522	2.7703179	-0.040268763	-0.092976474
793	0.66627845	0.37944218	1.259583	128.79679	1.4172372	1.3215533	0.076495548	-0.17560344
794	1.8429234	0.85087203	1.3045468	1962.1099	49.43116	29.584546	0.011112614	0.018108398
795	4.5311402	0.52512607	0.75737416	4208.8211	41.275195	32.565177	0.11302841	0.027319655
796	4.3070853	-0.29307261	0.61979469	2390.2774	13.394377	13.189873	-0.0080074198	0.061731944
797	2.7528749	0.22949971	0.80241344	1009.5039	11.405307	9.7955497	-0.066840851	0.065621321
798	5.5363035	-0.026501027	0.82021614	1702.1447	13.002753	12.541155	0.10502684	0.16750297
799	5.218128	-0.21603132	1.889741	1350.2381	44.47826	43.507004	0.15792704	-0.018268253
800	5.7231783	-0.42678742	0.57291194	2296.6863	13.783166	12.818163	-0.15798	0.01063535
801	2.7785913	0.097516581	2.8107844	765.28372	7.7284597	6.3796251	0.023675641	-0.014027343
802	2.378658	-0.61114059	2.6483094	1701.1568	51.635632	38.754472	0.0038778103	-0.027447546
803	2.56911	-0.019052443	2.3749614	3883.5214	38.536313	36.189851	-0.014735858	0.016394313
804	3.1465362	0.69855907	1.2381928	4214.2969	89.777036	48.803504	0.0042479637	0.11711036
805	5.1338281	1.1379482	2.5495384	1641.4018	27.029525	12.547575	-0.00096961392	0.1082569
806	1.7303231	0.40535128	2.7308052	679.29299	10.899251	2.2467273	-0.12642197	0.060855803
807	3.4191887	-0.17246438	0.42841794	1836.3283	22.432599	13.561418	0.34401616	0.064921723
808	1.9905576	1.1650723	0.85575682	974.98608	10.278415	5.8281619	0.039616556	-0.051463317
809	5.4433902	-0.568859	2.9905089	2899.8977	11.919557	9.6371349	0.0084653638	0.087625667
810	5.8475712	0.084801581	2.7491851	5553.0053	67.7067	51.266153	-0.076197515	-0.0087725157
811	3.4967197	-0.67131947	2.5860575	793.68255	14.471207	9.1253827	0.026893129	0.5682391
812	1.8163318	0.55942359	1.2098854	4468.2424	59.75125	56.980685	-0.057028707	-0.0036914297
813	5.4491689	0.7715349	1.4231896	1593.1419	58.612517	34.58981	0.35764677	0.096893855
814	4.7033078	-0.47086633	2.0315314	9433.7939	63.036592	54.057818	0.18540383	0.1455924
815	5.5339551	0.8814306	2.8583537	2309.9811	13.651874	12.544231	0.026731298	-0.0093652552
816	5.3723851	-0.05485666	0.74116606	412.09838	9.3245495	1.3899092	-0.11586959	0.0040590728
817	0.53865738	-0.28271328	1.0871527	821.95675	12.518619	9.1198672	0.049932878	0.12712166
818	6.1048272	0.56578332	3.0403327	1409.3679	12.579059	11.845278	-0.042818518	0.034020224
819	1.9576526	0.022466205	2.9078081	4538.2686	39.949299	18.088154	0.031786769	0.01052519
820	2.6134704	1.1564473	0.47553688	2545.3915	16.422009	13.108278	0.27007572	-0.13298495
821	4.1130729	-0.59378841	2.4685794	1056.5361	32.703661	26.529479	0.056703741	0.36833593
822	0.64017968	-1.2927978	2.4572201	2035.811	48.745972	48.567252	0.084069609	0.75161697
823	2.0589721	-0.93700161	1.5589939	3904.6128	57.415562	55.642792	0.15088361	0.1172284
824	4.1521491	0.78223604	2.5512574	851.82276	10.145737	5.4884648	0.07046452	-0.01251256
825	4.4851943	-0.35890034	2.5608407	3864.2344	24.940176	14.316943	0.0083333934	0.31082177
826	1.1596937	-0.60233407	2.6111615	3574.2076	35.695273	31.3614	0.031677564	0.10765556
827	2.6047193	1.1753407	0.7309334	4983.6233	80.608526	67.11176	-0.001948003	-0.069370555
828	2.8231419	-1.0362367	0.48714217	1869.0326	33.091055	24.687158	-0.025344687	-0.010342476
829	0.79449854	0.80453167	2.2878211	4246.8022	81.692048	55.405101	0.08156025	0.05962006
830	4.1658431	0.23386022	0.2126803	2775.6878	63.15615	34.815121	0.07537509	0.037908327
831	3.9402888	1.4211369	2.3764764	3617.6779	45.96405	45.956205	0.030455101	-0.072645693
832	4.6079077	-0.62689103	2.5879436	2196.2613	24.181975	14.390633	0.037628489	0.10671136
833	4.6767594	-0.55385234	2.2643729	436.58136	11.254777	5.235767	0.20438989	0.11460827
834	5.424538	0.42259946	0.71516248	763.68281	10.830527	2.0689602	0.33726686	0.084946614
835	5.4139829	-0.17127733	1.332797	303.25842	9.7321801	2.7886245	0.12353554	-0.041988439
836	2.033925	0.63972157	1.2350104	1062.0741	11.602863	10.635717	0.02476147	-0.062966727
837	0.56429465	0.55790071	2.5645296	17005.115	203.90283	189.56943	0.28197635	0.072419555
838	4.7235829	-0.69892683	0.41299847	4089.3762	65.994088	26.580418	0.010396653	-0.0040426922
839	1.0604796	-0.73797748	0.52439052	745.184	9.8820931	1.6754758	0.0013977289	0.092729655
840	1.6728592	0.26851244	2.1437052	4426.1936	40.466981	39.68267	0.072615154	0.43683004
841	1.3807899	-1.1449179	0.72696501	982.85731	13.065078	9.4551964	0.2149769	-0.015603811
842	4.158308	0.80666064	0.66219694	6937.7875	60.98696	42.517572	-0.086166201	-0.01359658
843	2.760353	-0.06061543	0.83475446	2467.4135	60.462761	55.441514	-0.0058675977	0.0015596709
844	3.0498248	-0.8871704	2.3616273	6168.1749	63.122286	54.145394	0.035936179	-0.14709927
845	5.7863903	0.85619391	2.0043294	236.25951	1.3947682	1.3373965	-0.1825001	-0.078243359
846	0.016139149	0.56129727	2.8045496	263.73418	10.034205	1.6443171	0.1223922	0.011287689
847	3.4131317	-0.49040444	0.42249894	4346.6188	49.185735	39.49311	0.76314323	0.33865235
848	3.7163214	0.89381134	0.72665182	464.50981	11.698611	9.5559995	0.25874648	0.0093083711
849	6.1381639	0.1076967	0.38043309	2334.5505	13.601029	13.511988	0.69284002	0.17232631
850	4.6449914	-1.2204941	2.7196497	3540.0104	15.264639	14.258537	-0.21962161	-0.00061518557
851	4.1249962	-0.12575659	1.5859064	5808.3473	185.52189	135.52186	0.078688945	-0.31970269
852	4.4289326	-0.80385406	1.8694031	2825.2225	45.297616	24.92858	-0.028323972	-0.05312122
853	2.8026132	-1.3841881	0.94886918	6219.9476	65.191578	64.149831	0.17155688	0.14523657
854	3.7620239	-0.54880139	2.7860828	5438.7787	41.101897	35.467809	0.065358018	0.10019524
855	0.068147178	-0.78291775	0.81021792	2226.487	13.427538	12.029511	0.067924992	-0.036442178
856	4.4122926	-0.23976234	1.7514695	2753.3536	43.400719	41.973461	-0.066489171	0.045282303
857	4.8201048	1.3027949	2.8790462	6319.4623	42.647774	34.297387	0.087396884	-0.27904624
858	4.7608238	0.42780669	0.97456285	954.40088	12.730317	11.38053	0.25162679	-0.20107524
859	1.1897681	0.63895991	0.31723459	2340.2256	13.545495	11.929959	-0.31024248	0.52904767
860	3.6255915	-0.89508754	0.41981093	1486.5924	33.839784	28.330025	0.010109435	-0.079553282
861	2.5102227	0.074396148	0.64704387	2951.0982	54.912034	11.370654	0.31039455	-0.19342937
862	3.0287217	0.35149306	2.2154816	2910.4347	49.649944	43.698301	0.13562816	0.033580126
863	0.13372148	0.92317446	2.273613	3951.1935	69.679939	55.679619	-0.10065069	0.099922261
864	1.8626617	-0.40080171	0.68270513	3001.6255	18.983417	14.195613	0.088832895	0.098212637
865	0.093910052	-1.1073827	2.9136672	2647.6562	22.097106	4.0963488	0.010576943	0.11666751
866	5.1648877	0.32927537	2.4025788	1534.1453	18.481822	12.524502	0.017141155	0.0032102292
867	1.5132737	-0.90530526	0.46163863	2050.8403	10.701298	9.4853213	0.05656434	-0.10219992
868	5.269411	0.70838151	0.75467654	2598.0344	37.726466	19.229657	0.15053936	0.13359691
869	4.520064	-0.1018697	1.0525701	1760.6623	12.597903	12.283053	-8.8076005e-05	-0.044029398
870	3.0692996	0.19549177	2.619454	6198.2259	73.174259	45.868763	0.12832179	-0.0027178144
871	0.41704526	-0.67820544	1.0272885	1165.4543	39.662557	31.76164	-0.020186033	0.07703654
872	5.3684806	-0.46493015	1.4187571	508.20477	40.373286	8.3981561	0.054409963	0.017530444
873	6.1072966	-0.53878528	2.8895824	1671.1963	42.077506	13.658475	-0.058247847	-0.17190905
874	3.6346382	-0.48203565	2.6693733	2448.2527	36.945546	19.102542	-0.024926435	0.030611165
875	2.7338068	-1.1926727	0.93229679	5527.3856	180.40457	109.66411	-0.054962111	-0.50864388
876	0.22449393	-1.0617218	1.7159071	234.32839	10.318748	1.3417384	0.24778518	0.00031685585
877	1.2226822	0.069873987	2.646605	1504.0831	13.380459	9.6044522	-0.0011750834	-0.062759812
878	0.64918186	0.56062468	1.7515307	403.62172	12.242041	5.5316006	-0.050112836	0.03264973
879	4.4553222	0.31788533	2.7071978	7475.1653	64.310845	55.426661	-0.16594081	0.003977415
880	6.0790541	0.051053379	1.0739874	605.97865	10.072388	2.5863385	0.5585101	0.0012252469
881	0.65310143	1.1308646	2.6268103	9220.5459	65.347515	50.850133	0.41499868	0.0075957209
882	6.1620309	0.1115664	2.5010114	3185.5029	40.509853	36.878771	-0.10405914	0.068349691
883	5.0307377	0.2230838	2.6239343	147.32373	1.62468	1.3944843	-0.017630023	0.06093866
884	3.7005376	-0.43558687	0.25109726	3820.1846	33.680909	17.527126	-0.23187907	-0.04999642
885	4.469903	0.67787142	2.4899932	4496.3918	113.25736	57.528626	0.031453905	0.0013168444
886	0.30406316	1.325564	2.765621	2160.6907	51.178648	11.328628	0.085462956	0.24872068
887	2.1849641	-1.1344637	2.6538362	1746.7	16.010548	16.001794	0.35948348	-0.034971186
888	5.5896933	0.21106145	0.32169325	9261.0213	83.875216	31.910916	0.00067576433	0.0002376363
889	2.7478565	-0.86400967	1.914538	2112.5157	13.101061	11.645561	-0.18835327	0.061379548
890	5.3051816	0.25286671	0.72260039	3713.8637	53.842747	44.086785	0.06678013	-7.2810946e-05
891	3.3970638	-1.1646312	0.70779116	1252.1604	33.820327	29.415875	-0.045680254	0.72487755
892	2.1047363	0.31343614	2.9699396	3522.0486	29.141643	26.384139	-0.01229917	0.013929909
893	4.0320123	-0.20155285	0.91395567	2670.9213	45.15438	34.63095	0.11990221	-0.0596741
894	1.5994318	-1.4123761	1.31975	234.7013	11.485043	11.163943	0.035488167	0.21701205
895	0.54242995	-0.72821834	1.6154622	1176.5222	9.9732711	9.7876868	0.11188252	-0.20611393
896	0.86150773	-0.081483929	2.4798076	1114.7428	26.509731	11.652854	-0.0085945109	0.030108083
897	3.2278892	-0.62524915	0.14252986	1095.5421	44.941841	37.524674	0.10960907	0.14285888
898	3.7949983	0.039889487	0.77318113	5182.6649	57.228745	52.701174	-0.12983821	-0.046776405
899	3.3245168	0.45695979	2.405118	1148.5244	35.238462	29.891869	0.021276207	0.0059108132
900	3.6068228	-0.6994671	0.30937812	910.72474	2.8384727	2.7262359	0.00076728228	0.11542063
901	2.4091631	-0.39168021	0.65356706	2771.583	46.341016	45.975158	0.039241399	0.055624517
902	0.07535219	0.85005524	0.80812252	1095.1924	10.393597	10.175681	0.11182772	0.14210812
903	3.0004521	-0.35029054	2.8470882	677.17639	13.155807	12.071698	0.13370527	0.352654
904	3.6810313	-0.84282911	2.9828499	4604.5616	48.402136	47.256786	-0.10677968	0.32440113
905	2.8212933	-0.49715642	2.2260179	1523.7302	37.5194	25.879846	0.5865549	-0.12540383
906	2.8147701	0.38872889	2.5337393	6026.3934	80.034427	79.504316	0.11847363	0.032333726
907	1.4692789	0.86759952	1.2940127	3701.6439	69.692878	48.773037	0.052356007	0.071171355
908	5.0822427	0.29874824	0.21050205	1785.3709	19.200042	12.404043	0.4440338	0.03826649
909	5.52101	0.74576328	0.84950818	257.08465	1.8978443	1.2413832	0.031768235	0.010945202
910	5.499893	-0.41359915	0.66012858	2841.5437	12.747657	12.037589	0.042322224	0.13220533
911	0.46180735	-0.34765189	2.9326859	9803.1079	114.36692	83.258957	0.0046449347	-0.0063842799
912	5.8866238	0.98306211	2.3807959	10368.331	85.158494	84.871709	0.40591264	0.0037739772
913	2.9017741	0.43975344	0.54361083	2757.4712	56.893586	37.254448	0.25575232	-0.26285478
914	4.1130732	1.4043801	1.3467481	337.94961	33.115262	30.090223	-0.0099850814	-0.0093416424
915	4.4986499	0.40016071	2.232463	1429.2163	10.535461	10.052569	0.082927423	-0.082411647
916	4.9606749	-1.0294155	0.64133125	6982.4762	74.034914	38.794008	-0.01630485	0.030722809
917	4.7683464	-0.89880446	1.899412	1553.4982	32.880099	20.319698	0.032893281	0.53080301
918	5.7884919	-0.030182178	1.2657706	776.12813	38.903951	35.273112	-0.076715158	0.028148772
919	2.1874962	-1.2703563	2.0348647	4195.1547	53.178448	51.646682	0.32436982	0.085858896
920	4.6314977	1.1134354	2.8489703	1881.727	50.572265	39.179824	0.021479849	0.090452874
921	4.7609385	-1.1264613	2.7772571	10888.056	83.680073	67.578597	0.097517686	0.0046689255
922	2.6793395	0.37779457	1.9554681	3792.3744	51.131771	35.478227	0.40401891	0.10635184
923	1.1229724	-0.54593301	2.644142	3245.6927	15.783878	13.250721	-0.16533385	0.2028127
924	2.2454505	-1.4564449	0.6584573	3570.5189	62.76288	50.464267	-0.046313363	-0.053131486
925	3.519302	0.19980294	2.5035674	1670.0541	9.9744535	9.7034075	0.46152439	0.028803186
926	6.2604749	-0.69104772	1.3113117	2280.7573	36.187315	34.899092	0.013939359	0.080712479
927	2.3427167	-0.0780481	2.8244315	2782.1132	11.874873	9.3098923	-0.020241373	0.18146968
928	2.7410894	0.43764805	2.3303999	3284.4474	53.176903	24.354961	0.0020511668	-0.063482739
929	0.14289961	0.3711716	0.64096573	10119.271	83.092465	64.917828	0.00056760923	0.037619087
930	0.79667054	0.10526765	2.738068	3447.4709	43.579805	41.035112	0.13508114	-0.39004585
931	0.70567002	1.4033546	2.3859971	517.78876	2.6159953	2.0749367	-0.053881693	-0.043790597
932	4.7664617	-1.0545772	2.5992837	1769.7943	13.114403	11.754859	-0.14961638	-0.18090332
933	2.2475619	-0.20243537	2.9478012	791.86175	14.345525	1.9668432	0.28165314	-0.12376927
934	2.7696274	-0.31845477	0.9304601	7235.4317	69.434726	64.432069	-0.0025799573	0.026098875
935	0.58932004	-0.016163509	0.7648553	3654.1093	46.581	34.984787	-0.01546215	0.3232605
936	1.4998417	0.47892479	2.4945666	1525.2154	11.592171	9.8846853	0.18199249	0.056806708
937	5.5869995	-1.3344031	0.8992303	456.56468	2.4786638	1.468642	0.011619847	-0.14677843
938	4.6771917	1.2027071	2.6757798	2523.5076	12.06572	10.713519	0.10411103	0.30919287
939	3.8558818	-0.26652008	2.2582067	6035.129	69.430387	65.605691	0.192528	0.034926965
940	1.8498498	-0.30070347	2.3093147	3249.3703	47.547577	13.674985	0.20073431	0.27765256
941	3.1746889	1.4573701	0.37308357	3886.7837	58.140565	47.631928	-0.01681113	-0.09404028
942	1.8150288	0.11792513	2.2453007	2270.3936	49.89861	47.381687	0.16168133	-0.14480967
943	5.9984364	-0.18345913	2.4028809	1301.9289	10.822186	10.184005	0.017577407	-0.10989744
944	1.6616276	-1.0125978	2.1635008	2015.9286	14.114676	12.62787	-0.034609517	-0.17537434
945	3.7464874	-1.1194573	1.1500508	3770.7554	61.794078	57.980019	-0.0037258181	0.077308158
946	1.40313	0.71691213	2.3693774	1055.0148	9.8292506	9.0161928	0.098803307	0.027714911
947	0.80239205	1.4314465	2.5515881	3546.0464	71.60065	53.805981	0.07970303	0.069814801
948	5.7731054	-0.96596137	2.3385396	6715.1897	72.375154	66.109826	-0.0075075464	-0.070800588
949	2.6929856	-0.94054967	2.2512168	8456.3421	73.827456	57.35003	-0.10651155	-0.075810138
950	6.0242857	-0.87204374	0.70175927	766.97502	11.464759	1.847834	-0.017624656	0.033140785
951	3.1059233	0.57854629	2.7916435	2413.4708	11.766927	11.044224	-0.14958613	0.21712391
952	2.9652498	-0.48261903	0.91220376	1474.5171	11.041861	10.850304	0.037031392	0.22033492
953	2.1836246	0.68044777	2.6616974	1383.8117	30.9803	2.7206513	0.075670466	0.078280861
954	4.56294	0.16741327	2.6483978	3093.6408	48.037044	14.584863	0.033477185	0.48709148
955	2.0904143	-0.011365625	0.71274441	2181.5127	16.953439	11.945211	0.013381331	0.041075825
956	4.6167862	0.985274	2.6056971	2043.6036	31.143436	11.119911	0.43872178	0.091091276
957	4.4259703	-0.34938281	2.8811226	1652.5954	31.37211	26.514379	0.035607756	-0.10276815
958	2.0851701	0.43332333	0.57260926	3394.9573	23.638261	15.452314	-0.056132264	0.018557865
959	3.9064566	-0.19555903	1.3914323	984.18882	44.889739	10.498177	0.17931217	0.15185211
960	3.5280448	-0.0025024693	0.88380678	3365.6331	71.183201	47.900723	-0.0029086292	0.14660673
961	2.0131762	0.65478202	2.4333584	3296.9501	61.522792	57.624938	0.27989622	0.20843391
962	5.2840378	-1.0035813	1.5384839	5081.1357	64.172554	60.401743	0.135368	-0.080458572
963	0.83288314	0.46881203	0.89334737	610.30773	9.4762087	3.688903	0.048823401	0.056626778
964	4.036206	-0.46824313	0.32611936	4757.2958	15.262252	14.441399	-0.14657731	0.41198539
965	3.5955742	0.12922957	2.5408416	965.31391	10.152573	10.097386	0.32214248	0.10958211
966	5.6635864	0.79058184	2.9226173	3465.8603	44.258466	20.05747	-0.041751466	0.050586349
967	1.8314546	-0.29063822	0.39343708	7805.5309	198.89953	65.831288	-0.03992376	-0.018662683
968	3.1015893	0.63615323	1.1871804	4079.1008	64.10757	61.115531	0.46795837	0.10887752
969	0.18269985	-1.0086973	0.84362991	5692.9652	61.329866	38.55292	0.055316327	0.025444831
970	2.9514749	-0.70959855	2.1522642	3873.1026	78.450768	45.993987	0.015414557	0.062214764
971	5.0432589	-0.12874944	2.6469042	1680.007	50.900538	34.42017	0.038161334	-0.0018604531
972	2.1132379	0.14390924	0.6031779	728.71317	22.597526	12.089413	-0.058319271	0.37336808
973	0.73749716	-0.79466624	2.7205447	9775.7728	157.47556	81.174226	0.17097917	0.010863064
974	3.5349321	0.21014464	0.50125838	3186.5716	26.934517	15.508273	0.7072815	0.19245703
975	1.449679	1.1423673	2.8374206	3182.3173	40.110086	36.028096	-0.0055983976	0.019191758
976	2.9696332	0.092909534	0.34328484	8387.012	88.184614	84.539047	0.035448155	-0.10051716
977	1.9543096	-1.0651176	2.3646956	6549.7091	51.585986	36.827599	0.16957175	-0.01879553
978	5.065992	0.1265409	2.3061831	274.54431	9.1122502	3.3022784	0.017585556	0.090519188
979	4.9794177	0.47413719	1.9266276	1980.5418	60.555087	45.979654	0.059555826	-0.029397661
980	4.6201616	0.90734221	2.1956616	3366.8563	51.965963	31.03577	0.099838006	-0.077634554
981	1.3930773	1.3314291	0.36570623	5834.9802	64.81407	56.935388	-0.60844165	0.073979466
982	2.5644358	-0.86559344	1.0250332	502.03252	1.8034589	1.445242	0.036428458	0.065222503
983	6.1656293	0.11676505	2.9414995	759.41742	10.738183	8.8229945	-0.0037782288	0.11489378
984	5.7062019	1.1148787	0.41496866	1134.8335	10.22204	4.3157973	-0.0041038308	0.023705301
985	2.3077321	-0.27196831	0.57332868	4570.3782	165.00124	70.242156	0.10191458	-0.020525357
986	5.1047096	-0.39880712	2.147256	3726.8255	55.605501	44.143787	0.039809964	-0.0029044109
987	5.9789199	-0.096623984	2.7768633	6638.9042	76.539436	59.153392	-0.040493209	0.074978369
988	1.4151863	0.42499203	0.66433568	2746.7977	55.995605	43.996428	0.016572149	0.16930985
989	5.8650421	-1.1335024	0.81738826	554.05957	8.1926407	1.6178296	0.12062042	0.0045160826
990	4.5963636	0.57445555	2.7860041	6330.3309	28.775122	27.793606	-0.015943109	0.27491657
991	6.0101215	0.12201606	0.021409176	853.79348	11.062654	9.765549	0.29501708	0.051978012
992	1.9518224	0.30558787	0.61524989	684.48618	10.815209	9.7659229	0.13880013	0.008320518
993	4.058749	-0.50573556	1.6638438	2001.3121	14.621154	11.650348	0.19524676	0.021246792
994	4.5398199	0.9237829	2.2036466	787.75464	39.813717	19.358347	0.1374049	0.076481787
995	1.6700428	1.1497133	0.55763558	833.13269	10.843507	2.0885618	0.24108893	-0.023178022
996	5.1312849	0.88921228	1.1526748	2708.5969	54.922526	50.030985	0.047873616	0.02147706
997	3.6636134	-0.23155696	3.030576	1702.4145	11.689936	9.5339639	-0.017684708	0.077051506
998	1.1992984	-0.63614808	1.6222352	2569.6243	55.59754	50.662906	-0.0054179174	-0.20487975
999	2.5585384	1.2494321	0.81437936	3749.243	30.718349	16.632488	0.027569003	0.081903168
1000	4.0367777	0.43113797	0.47367526	2010.3276	28.896133	14.787243	0.03150552	-0.17884702
1001	0.6207453	-0.6242445	2.2843695	6057.874	153.4926	151.5746	0.033622406	0.49116701
1002	0.31792818	0.87694474	0.78257499	1008.0222	10.92142	4.6763019	-0.074284	0.15878296
1003	3.4800951	-0.078599614	2.1863393	3255.0776	29.53183	27.870392	0.077280698	0.041226461
1004	3.4023229	0.053485732	1.3315317	1327.4489	24.685568	10.050373	-0.037664387	0.43249087
1005	2.4781352	0.27690695	1.3964085	1355.5252	36.186229	32.517415	0.00069848487	0.058303636
1006	5.2264744	-1.124016	1.0127191	10055.809	195.54026	185.97867	0.016718633	0.096709232
1007	1.3883602	0.58342258	1.3484517	228.76771	6.2562792	1.398798	0.07269582	0.21134944
1008	0.012559199	0.59888236	2.1994654	3432.3111	44.614257	28.850822	-0.043078197	-0.058357851
1009	4.8252302	1.3111251	1.2419295	704.23912	9.8433839	8.0082296	0.14525021	-0.061376362
1010	3.3800168	-0.34922262	1.0839296	5749.139	64.79137	62.802987	0.015596553	-0.12700678
1011	2.9095704	0.55330733	2.4005425	1260.5324	10.609998	10.181141	0.014455242	-0.88673442
1012	2.2247078	-0.93296318	0.71432233	398.73448	2.4628068	1.8266514	0.096710353	0.19669634
1013	1.3978631	-0.25470612	2.8799059	1221.9223	21.604625	2.1257605	0.26059303	0.022713959
1014	3.3370451	-0.42122225	0.42801058	3078.3001	45.170655	26.454066	0.62073215	2.9967164e-05
1015	2.3895248	0.5704347	1.589225	3374.2917	53.319562	48.446064	0.091369677	-0.22661969
1016	4.0028174	-0.57960989	0.9808977	2340.9251	18.185372	12.823208	0.048201226	0.0248005
1017	3.758324	1.1568703	2.7428007	770.69022	9.5373618	8.965656	0.11542828	0.13547169
1018	0.57889861	0.58285772	0.67875853	11531.523	74.974357	73.756817	-0.001935587	-0.071665264
1019	1.7279411	-0.23022119	0.15033613	2405.3908	72.888258	60.144746	-0.016945421	0.15502376
1020	4.5353973	0.91818312	1.7693744	6698.835	68.044332	66.315281	0.16017897	0.022430671
1021	6.2490231	-0.25858774	1.941059	1088.3711	29.921425	26.165663	0.0041648615	-0.041702578
1022	0.35003558	-0.36817553	2.9710712	149.02431	2.4314664	2.1658379	0.25673515	0.00056146066
1023	0.72193979	1.4406539	1.0203157	2081.4128	53.218142	43.943386	0.010608639	0.054674017
1024	0.18560984	-0.89610293	1.0621005	453.42902	8.3133548	2.0887862	-0.062704682	-0.1672606
1025	1.558052	0.5771233	0.73504983	367.46384	1.5642163	1.3253001	0.06029745	0.06359165
1026	0.77556934	-0.31091208	2.7428101	402.33566	11.126941	5.1361845	-0.011930176	-0.14992243
1027	1.4021821	0.901153	2.6751276	3275.0189	26.366383	19.197477	-0.095065025	0.084486483
1028	4.1776533	0.24707741	0.1737192	7943.2095	78.327183	68.797073	-0.2436474	0.01586678
1029	4.3045576	-0.83684084	2.1942848	6737.5503	87.041495	69.780573	0.16067415	0.014108396
1030	6.1589107	-0.10441728	1.7855333	2435.5812	52.470755	52.356923	0.043050896	0.035653374
1031	4.425913	-1.1348996	0.31137699	1042.8738	10.169	5.2120388	-0.28540151	-0.15835871
1032	3.9471191	-0.83277495	0.60238621	2169.6987	12.366049	11.362122	-0.011928296	-0.23803725
1033	2.7019969	0.14987598	2.0607546	5667.7468	56.730825	51.583374	0.0055776939	0.1797356
1034	2.1893412	-0.23214198	0.59897322	1053.5791	9.8920747	1.8989559	0.093815391	-0.017222623
1035	5.5564333	-1.2214224	3.0756709	8389.8613	68.233445	44.328445	0.0095894826	-0.12408075
1036	1.0670185	-0.66963777	0.53718995	1573.6786	11.085414	3.0801046	0.040400548	0.14979481
1037	0.96247933	-1.1734626	2.6437835	6806.7683	79.711012	78.667323	4.0071611e-05	0.3369601
1038	4.6790763	-0.65114072	1.2039284	508.1405	37.512687	20.99302	-0.0012034186	-0.22005648
1039	3.7094509	0.12628715	0.4582958	2160.795	38.753214	30.694497	0.14984119	0.078268516
1040	2.8318043	-1.0946678	1.0660756	2220.8335	41.884661	39.185166	0.04107491	-0.24582467
1041	5.2056334	0.21977524	2.324912	284.35271	1.5892751	1.3226972	0.02364095	0.074712521
1042	5.710081	-1.1081363	0.20335237	8148.9652	86.324349	56.711851	0.056847882	0.047329091
1043	1.2233969	0.33322751	0.50364811	543.44238	8.8691854	1.700148	0.37611881	0.24753771
1044	2.5737027	0.87266085	2.8913526	6797.4539	66.372659	44.422567	-0.016043518	0.035742588
1045	5.1346784	-1.2829189	0.065200302	3709.9904	27.673106	15.976635	-0.0026536711	-0.084933482
1046	2.9884937	0.65255489	2.4629666	3824.0587	42.25208	28.682598	0.25340616	0.02925668
1047	1.0779628	1.1864781	1.1729667	7266.9576	139.54994	78.149342	0.030071568	0.30173037
1048	4.178759	0.68045657	2.3341099	2426.5453	34.236935	3.6152429	0.0022234669	0.011855932
1049	2.4240731	-0.20109683	2.1039967	485.58723	2.2874507	1.5067834	0.20781572	0.16434739
1050	2.1283568	0.058699938	1.7229963	209.5094	23.36644	1.6973558	-0.026565606	-0.1913813
1051	0.15688496	0.32872497	2.6143511	284.54707	1.7624831	1.4896866	-0.11303617	0.10894423
1052	0.4313715	0.94427566	2.752904	4191.3636	14.353754	13.857056	0.28165286	0.095511577
1053	4.3218641	-1.0519848	1.5381815	4356.8138	131.01202	100.22978	0.16344004	0.070142889
1054	0.79973059	0.91463485	3.0828108	3912.6803	35.513999	31.254569	0.19315201	-0.05017944
1055	4.7224084	-0.9167702	0.11491588	4234.8306	15.220551	14.259731	0.0037434715	0.014204028
1056	0.43589602	0.12518582	3.0123101	9882.7004	94.358694	60.626402	-0.059266023	-0.029605878
1057	0.58040416	0.66729765	1.0341158	182.75728	8.9164445	3.2348302	0.041328299	-0.080996051
1058	2.7286697	-0.97552121	0.41201036	730.05663	2.0736592	1.4998843	0.0033321433	0.0057408711
1059	4.9800952	-0.24859498	2.4226707	1041.9011	12.751662	9.0768157	0.0043656421	-0.0037452359
1060	1.0006142	0.02184513	1.1956296	9115.3206	75.372359	74.083236	-0.00058827333	0.29020625
1061	4.809754	-0.60764494	0.99343108	4125.8823	40.020831	35.037277	-0.0098344908	0.15487552
1062	2.2613923	0.15093932	1.8450042	2467.0314	40.328339	30.933042	0.2886458	0.0790278
1063	2.8399716	-0.013149625	0.66924427	1899.7374	38.169632	34.923668	0.16831107	0.031505495
1064	1.7907572	0.99964538	2.6175097	2645.2265	53.170215	39.200236	-0.030775323	-0.0047434033
1065	1.3558428	0.090188656	2.4303548	995.22113	13.040696	11.78817	0.19217457	0.00020922482
1066	2.7568027	-0.73612683	2.4978163	3621.0613	21.213229	13.86877	0.049054688	-0.013679876
1067	3.5179004	-0.86875363	1.3592922	210.6487	10.350404	7.6843058	0.083746336	-0.028092629
1068	2.607377	-1.4349318	1.9296541	850.98611	11.755027	11.212077	-0.0039012367	0.16075506
1069	0.55598215	0.89097903	0.94336206	6139.2588	63.006744	54.046283	0.035936179	-0.14709927
1070	5.0154962	-0.13066353	0.73704261	1520.9389	12.711625	10.96486	-0.12995759	0.21804018
1071	2.1090606	-0.51455317	1.0636616	453.82897	8.8031282	2.9542085	-0.0011023524	0.014779485
1072	2.9862603	-1.2303229	0.71836567	2909.1463	58.571065	38.657313	0.15826038	0.10862192
1073	3.720437	0.68886505	1.8517445	5868.3041	69.962254	62.28075	0.0019749311	-0.022903559
1074	0.23324524	0.22670782	0.48355009	2794.1273	14.309061	11.963319	0.17313432	0.29967633
1075	0.92854582	0.11956246	0.37808648	5744.3316	47.354091	40.453494	-0.0032938134	-0.0047856365
1076	2.5275395	-0.82609336	0.33446734	2628.7387	13.977812	12.172753	-0.11557072	0.10215259
1077	0.91566414	0.220942	0.71458834	3275.7509	129.79576	71.780186	-0.072896152	0.08490658
1078	1.6297278	-0.57967212	2.0856306	1629.9552	12.593298	11.220191	0.049667704	-0.017983783
1079	1.9812128	0.44236248	0.70422402	2514.5464	12.192113	8.0928902	0.22659484	0.0068134349
1080	5.2991077	-0.19214156	2.2760534	10014.901	162.23818	79.711928	0.069038112	-0.098102178
1081	0.43048761	0.402058	2.7403945	1032.2808	25.150482	1.4702395	-0.0078632012	0.026089246
1082	1.3300411	0.94051935	2.5945276	2025.6754	12.994232	11.63152	-0.082681938	0.11734437
1083	1.1063312	0.18720609	0.88645409	1241.9628	26.064486	13.282622	0.31818402	0.018270206
1084	2.5960682	0.64017096	1.7599015	2986.4068	30.24753	27.85156	0.23072532	-0.13621712
1085	0.82636674	0.31045167	1.211095	3382.2037	106.92993	58.755161	0.17545596	0.092775488
1086	3.2853649	0.075569963	2.9723068	10270.744	83.124048	79.622922	-0.00740213	-0.02940281
1087	1.3631024	0.55488543	2.8232272	1040.1325	14.252122	12.744188	-0.10299884	-0.089614116
1088	1.8870044	-0.62899839	2.17529	2422.8849	41.924214	40.790604	-0.002179325	-0.04758588
1089	0.33563226	1.0150589	1.9447168	1498.1732	54.853068	36.540058	-0.043245039	0.056530951
1090	5.9648459	1.2639853	2.276525	3704.4709	57.164479	53.41241	0.062304878	0.27762053
1091	3.862193	-0.40015537	0.20680652	4938.7939	59.654463	59.435788	0.24396485	-0.61432747
1092	2.5092068	-0.3440781	1.75005	1271.9071	47.816765	17.707168	0.053605856	-0.02759635
1093	5.7553775	-0.63744079	1.3326428	347.03917	31.723142	27.112519	0.0019300236	-0.023138961
1094	1.2644251	-0.42840623	1.2632257	261.2057	8.5906778	1.6897666	0.043425061	-0.076965071
1095	4.0924635	1.3806255	0.10081281	2369.0386	25.871288	17.889035	0.41926713	-0.0021363907
1096	0.29808177	0.39024129	2.4455517	6756.8066	58.932112	53.093851	0.12197767	0.0043593073
1097	5.1821964	0.83886517	2.7295293	3473.5276	55.125282	25.187225	0.072460322	0.21265368
1098	3.8191186	-1.2484193	2.5626199	1441.7882	15.291695	11.659523	0.038219604	-0.10872146
1099	5.8506853	-0.37354642	1.1290999	1589.8796	44.741	10.906966	-0.11118492	-0.021917123
1100	2.4578249	0.13184785	0.46963455	1463.9907	12.479819	11.446652	0.092095438	0.033867008
1101	0.60503561	0.31380467	1.4250106	372.14542	4.7755473	1.8631798	0.15219966	0.065550611
1102	1.238267	-0.18199911	2.1711357	3122.5991	43.615551	17.278201	0.0011382416	0.10636822
1103	2.2001363	-1.2570928	1.2029955	774.00615	10.005547	8.9630462	-0.0084801257	-0.05692938
1104	1.1696506	-0.66589478	2.8643448	1893.7682	13.362996	10.440963	-0.010420575	-0.013509836
1105	5.9125699	-0.53279142	0.52352679	205.62277	2.127616	1.7767175	0.028354943	-0.039736719
1106	4.3763622	0.61116783	0.36154656	2112.1285	11.308326	10.570981	0.042749204	0.36349697
1107	4.4500924	-0.04560966	2.4702528	242.50535	7.6481125	1.4948892	0.23845249	0.0066945314
1108	3.7737449	1.3503464	1.6585492	2054.5992	75.744055	46.122735	0.08265886	-0.15822162
1109	2.6282433	-1.0756835	2.408313	2857.4439	48.997437	16.975819	0.23606332	-0.016870675
1110	2.0775801	0.00045892301	0.91167541	5498.6316	93.007784	62.967789	0.039709346	0.099370271
1111	5.4377239	0.92095831	2.315469	1464.2227	34.251675	13.190211	-0.11160699	0.0017634614
1112	1.2934078	-0.70233638	2.9356172	3474.6592	71.665696	61.350797	0.21270884	0.11173822
1113	4.3204246	-0.19750151	2.7697362	2795.749	58.33363	47.383733	-0.12500634	0.35653932
1114	1.1965611	-0.51725211	1.0513244	2957.8673	40.387588	27.969981	0.47727908	0.026371446
1115	3.8214656	-1.2138486	0.26808843	2109.1367	12.24643	11.804984	0.018569649	0.0070187683
1116	5.8883866	-0.83108814	0.60946635	2138.9442	13.776326	13.118324	-0.10539703	-0.18372005
1117	2.6834484	0.34595742	2.4243746	4517.8265	89.634641	68.209732	0.040549644	-0.055695587
1118	0.90988734	0.49588566	0.53688078	311.51017	1.3467503	1.3250436	0.044023551	0.0093531233
1119	3.6799949	-1.0545903	0.41774155	2209.5954	18.275856	11.065997	0.05725089	0.00042132118
1120	0.99848835	-0.11539904	2.6879434	273.92295	3.9305048	3.7198852	0.037002132	0.31092236
1121	3.6354167	0.60044578	0.92089426	1056.9936	11.205509	11.180564	0.18822968	-0.11299561
1122	6.2237266	0.63484338	2.9921917	2058.1687	13.215798	11.247915	0.31958293	0.13373519
1123	1.1646301	-1.2801017	1.7850401	722.59264	30.524791	26.153618	-0.027059688	-0.32748601
1124	2.6634964	0.38916895	3.0962328	5786.3048	58.808326	41.404867	-0.0098774502	0.0088090937
1125	4.9543328	-0.22651256	2.1294328	134.47671	7.3438632	1.5388476	0.03288866	0.048195665
1126	5.1835902	-0.55549142	0.6062863	653.31776	27.904932	11.071938	0.026036219	-0.22642696
1127	2.6838152	1.0842988	0.70615981	2862.0704	30.548414	13.148088	0.080333538	0.0021586501
1128	2.9127895	-0.60074316	0.84435695	5145.9829	49.48686	42.728419	0.1639397	0.02679984
1129	3.982176	0.43826436	1.4923677	895.10627	31.913555	17.170912	-0.051053284	-0.0010048455
1130	1.8044183	0.69058433	0.1609333	1434.8222	13.344099	2.3977478	0.31655721	0.21531483
1131	4.0468397	-0.18964997	2.0237329	1180.1603	11.191475	10.607388	-0.07005457	0.031122991
1132	3.3698829	0.94693115	0.20975501	4120.5654	44.789607	37.172676	0.022029954	0.1698429
1133	5.1658515	-0.24562761	2.5947727	489.0046	2.3208617	1.6412808	-0.11468394	0.033989445
1134	2.8717453	-0.71246619	0.20935008	3409.2995	14.503315	13.313507	-0.017810904	0.035773515
1135	0.15807887	0.90262835	0.11202778	2457.8077	12.117121	12.010664	0.15624821	-0.13471373
1136	4.8171439	-0.37674425	1.9002952	231.21081	1.3361497	1.2729876	0.062267321	0.017173123
1137	3.2328885	0.90208913	2.6319157	628.96258	10.601551	3.7081197	-0.0034280622	0.1045742
1138	0.59959757	-0.54281293	1.0880689	2570.9956	57.330632	41.512517	-0.50539328	-0.16207021
1139	2.2072085	-0.96629935	2.2884775	1735.5288	37.198267	23.463093	-0.15059258	0.0095327945
1140	0.069074113	0.62076972	0.56122145	1182.4828	12.389692	11.161362	0.0079616339	0.10809072
1141	3.2151128	-0.3474489	0.95898053	944.62843	30.281715	3.3602401	0.034191569	0.043690692
1142	6.0834856	0.95313662	2.3782441	402.38887	32.483663	25.157526	0.071704354	0.44954255
1143	0.77325519	-1.2403225	2.9477054	7930.2931	69.704628	47.838619	-0.16381668	0.029927155
1144	3.7413852	0.37020866	1.6232632	1179.9741	36.785364	26.2454	-0.030105046	0.2180307
1145	5.5928885	-1.0475073	1.6088204	790.478	39.660885	31.13353	0.007382908	-0.19760976
1146	4.376446	-0.62188858	0.65351432	244.63637	2.571616	1.7830252	0.10013508	0.038508651
1147	0.83326287	0.77226905	2.7426894	1941.9566	12.122115	11.17774	-0.023747804	0.18977578
1148	4.2885682	0.66483916	0.52421145	4531.3312	55.639676	55.004197	0.2535947	-0.013082628
1149	2.6380603	0.13334765	2.7394965	845.77418	8.962237	8.4820854	-0.0180451	0.16123343
1150	1.8020786	-0.71317196	0.31868287	4452.7438	58.316133	32.532602	0.14444185	0.05493868
1151	0.95326785	-0.0448049	0.40797308	1671.4721	12.034925	11.517988	-0.0032495849	-0.0038611998
1152	4.783914	-0.76521402	0.59170984	2785.4061	105.92497	80.261875	-0.15423603	0.021259138
1153	0.7769938	-0.56092104	1.0802644	1238.0123	49.070761	47.717519	0.47405903	0.036110193
1154	5.8166756	0.98900208	2.4120032	5870.1721	49.422644	35.283174	0.16957175	-0.01879553
1155	3.807421	0.46045812	0.60916471	706.48769	41.400827	40.947518	-0.34030627	0.047707618
1156	1.7703795	0.18056913	0.51244875	1770.5286	10.927693	10.187433	-0.030047367	0.013168825
1157	3.3011302	0.28963618	2.3779097	1018.0241	10.657951	10.273765	0.018569649	0.0070187683
1158	1.3124342	-0.17863934	1.329548	704.18025	11.413102	9.4893318	-0.0034523869	0.047833287
1159	2.1382814	0.20222551	0.55617585	503.40563	3.5987728	1.6841032	0.031614728	0.14248626
1160	2.366583	0.45281733	2.5538584	4839.5466	117.75255	84.547982	0.0019690627	0.017006438
1161	4.0383568	-0.61272529	2.5628346	4111.5765	40.421279	15.317141	0.11628069	-0.36265304
1162	5.0677392	0.31937231	1.5555601	352.91337	31.389297	2.7585552	0.20418733	0.10667843
1163	5.4781417	-0.70068447	0.69998634	775.36869	14.029518	10.223257	0.12629473	-0.043784579
1164	2.5693617	0.078229221	0.16843898	4571.1435	114.64974	56.71554	0.023577528	0.064207152
1165	2.2570171	0.43134654	2.7452579	14747.888	111.51915	89.645544	0.14620221	0.41134866
1166	2.3000277	-0.43915514	0.85398545	376.1349	9.3109074	3.5004085	0.0052502026	0.31993529
1167	0.45488422	-0.44896775	1.5089981	3298.1666	104.15492	49.49918	0.13469652	-0.21058555
1168	3.6706997	-0.75478511	2.4008168	756.85271	9.8155555	2.0676787	0.043260575	0.055127584
1169	1.7564027	-0.13125424	2.9994644	2660.94	104.51707	79.594871	-0.044182055	0.25826145
1170	2.0009798	0.17458517	0.91468757	7745.9338	88.710733	68.656599	0.13788332	0.10202548
1171	4.1051707	-0.92960911	0.76688568	3050.4597	44.529651	41.794824	-0.055422957	-0.43482292
1172	5.5719382	0.49315484	2.0420892	1021.336	10.581109	8.9910378	0.025978628	-0.053316302
1173	2.9189199	-1.0086219	1.6586699	643.08674	6.5930545	3.6649111	0.06273207	-0.12301943
1174	1.2911028	0.18101409	0.25733447	6838.2243	42.516461	41.067711	0.22465841	0.13876955
1175	5.7894318	-0.73421276	2.3346382	7018.3115	63.052302	54.719813	-0.079511872	0.059548841
1176	3.5694219	0.5861506	2.59695	1951.52	13.311326	11.433872	-0.15837764	-0.38689776
1177	5.4868833	-0.89306718	0.90033186	2207.1334	51.513841	47.074182	-0.056775216	-0.060537072
1178	4.8444567	0.83671653	0.92435305	1768.1261	42.245661	32.374474	0.0099062161	0.099006479
1179	4.542152	0.025663818	2.2262027	3644.6599	43.262321	36.49178	0.0044223673	0.39357677
1180	5.8110499	0.020684015	2.1079239	4134.9651	119.35701	46.397549	-0.16486564	-0.11522509
1181	0.81900004	-0.25968092	0.76404537	483.7158	2.0649174	1.5146457	0.12311652	-0.090337467
1182	4.814558	-0.1030566	0.60199405	2408.1083	49.806855	13.440252	-0.019605547	-0.12012569
1183	1.0466527	0.19710586	1.7040805	770.74972	42.994479	22.569679	-0.0060608988	0.16951742
1184	2.3633578	-0.65867545	0.79678446	3124.2986	46.689655	40.368343	0.0021172412	-0.022060128
1185	1.852585	0.19673613	1.9178869	3564.3191	69.636904	59.451894	-0.038613179	0.17407161
1186	2.6902438	-0.22693941	2.4290171	1283.4321	43.498006	10.468516	-0.028765623	0.0098538911
1187	4.0082421	0.56756294	2.8022091	1574.9095	14.027335	13.560016	0.025937618	0.014069833
1188	6.2255339	0.9485935	0.57373831	6197.8239	36.158323	31.902279	-0.049629388	0.034275368
1189	6.1897037	-0.8986487	2.5760718	15446.3	108.46297	68.621331	0.04668409	0.009591009
1190	1.5609491	-0.72174207	2.5459618	3171.5257	47.539726	37.738471	0.11423648	-0.04907006
1191	2.1741147	0.69903662	0.56476195	5579.0032	58.090541	51.296246	-0.087573661	-0.03851257
1192	2.5583629	0.20624738	0.64654247	1500.1804	12.47878	11.146874	0.040016059	0.35744869
1193	4.1409419	0.80585327	0.65258909	2288.1589	39.961829	31.490154	0.096891169	0.077752461
1194	4.7909521	-0.69679882	2.9122539	1769.4785	14.53353	13.250284	-0.005669666	0.21012867
1195	3.3265044	0.041208781	0.90273121	592.43588	10.487215	1.747584	0.10447974	-0.18450949
1196	1.0602825	-1.0653455	0.84258568	5006.6015	86.810385	51.249612	0.048123189	0.03096221
1197	1.2933666	-0.43948133	2.3637042	4730.8476	117.12748	54.788794	-0.013477624	-0.023452481
1198	5.6225414	-0.45882869	2.520237	1200.227	9.8051982	2.7889708	-0.013384198	0.0023679804
1199	0.58502198	-0.39144135	2.309424	8916.8581	86.680789	77.204517	-0.05346366	0.13131749
1200	4.834117	-0.7817484	0.88694027	1889.1201	20.996497	16.362427	-0.061671736	-0.0077805566
1201	3.2754892	-0.34669199	2.4275796	639.64176	11.114513	9.9831565	-0.16209986	0.10225115
1202	3.7613839	0.089893105	0.15401478	7956.1292	66.696582	58.720123	0.024321167	-0.40478324
1203	4.0396711	0.38596362	2.5912285	362.62037	2.2790189	1.3087947	0.064624789	-0.11872115
1204	3.3752218	0.38188434	0.75814954	173.50121	10.56389	9.7634144	0.0040100545	-0.033536132
1205	0.44477211	-0.6070392	0.95454755	6767.4621	75.899248	67.636742	-0.027748399	0.038368233
1206	4.1276879	-0.13676357	1.1436447	3669.6957	42.396732	38.272327	-0.1493622	0.10336056
1207	5.2827389	0.30068045	0.69382352	4891.9868	64.423038	53.580266	-0.025124398	-0.009760763
1208	2.1453526	0.89647546	2.5558654	2644.0518	14.145021	13.660452	-0.23633615	0.30406675
1209	1.8364726	-0.65340466	2.8070456	9652.0097	160.9622	143.76924	0.0038139162	0.18699308
1210	1.1858506	1.1832499	1.9729878	2667.8113	44.592831	26.472789	-0.0099465202	0.16486267
1211	3.4775897	-0.10803941	0.50675777	8328.4052	122.68363	76.484873	0.32928564	0.016072161
1212	3.1670407	-0.93231583	1.6237959	899.04104	46.660652	43.540401	0.18133982	0.11136293
1213	0.45903731	-0.13428036	0.50562761	2874.2982	23.300369	11.490315	0.29288814	0.048943788
1214	5.1917945	-0.54560281	2.8391807	5685.681	120.50124	72.356907	-0.001932643	0.080977234
1215	2.5473334	0.22917023	2.3859563	1169.1077	11.817356	2.2378	-0.073583893	-0.17098794
1216	5.8080962	1.528154	1.7472364	428.42815	13.661283	6.6809193	-0.00069369745	0.25925717
1217	2.0366	0.16682739	0.71495379	1436.8053	12.791461	11.732846	0.041355228	-0.080089396
1218	4.8049135	-0.88718164	2.4812774	8157.668	75.300465	73.344504	-0.029535405	0.00061479946
1219	4.570245	-1.16884	1.3471481	2440.9531	43.443117	33.662703	0.0031914053	-0.05090435
1220	5.1062826	-0.91311434	2.1020867	4400.583	60.604502	45.065725	0.057744704	0.10213087
1221	2.6276632	-0.15332726	2.6338732	2711.4987	51.718595	15.018804	0.068372621	-0.038243787
1222	1.1500795	0.16358535	1.1809745	180.22717	1.5337364	1.2767173	0.0050906345	0.062703672
1223	4.1094771	0.24182638	2.3005737	7814.0617	113.65189	60.994716	-0.044248811	-0.054501439
1224	1.9091869	0.30356365	0.50209871	2539.744	58.62756	6.1490082	0.32089866	-0.17071487
1225	1.8234274	-0.15149217	0.99373128	8925.1924	147.68318	84.618805	-0.1128883	0.046258379
1226	0.30804925	0.96107842	0.45720517	1647.1715	53.866078	11.804368	-0.026645587	-0.22927808
1227	5.5300835	-0.81580951	0.23667245	3135.7815	52.834538	46.80012	-0.017836645	-0.027230962
1228	4.4393869	0.43926669	2.3951166	1868.0895	14.001951	3.5143345	0.16319218	-0.061205235
1229	0.82023801	0.21283835	2.4919492	2051.6373	43.263344	11.953385	-0.14894567	0.071995236
1230	5.0003465	0.41605665	3.1248039	2344.7015	16.188795	13.864555	0.060842479	-0.011766541
1231	1.2040445	-0.3305987	0.50974381	1682.2063	13.282204	11.864421	-0.12687066	0.11397272
1232	2.667659	0.14177416	1.0725908	241.73649	1.6361586	1.5893545	-0.017851852	0.06049753
1233	4.1472927	0.24112164	0.19166077	5830.4241	138.48057	105.04808	0.018859012	0.16948823
1234	6.0894898	0.025195242	2.0165851	3972.0299	84.750053	56.790785	-0.014833775	0.2765984
1235	5.6877027	1.1260015	0.71769671	3315.1639	23.337686	14.779555	0.05538567	0.24188247
1236	5.9858303	-0.69961954	2.500123	290.24208	9.0533137	1.3939391	0.2455112	-0.089371005
1237	2.0900057	0.21484437	0.79140439	819.3873	10.728201	9.3441253	0.29713782	-0.015045638
1238	1.5676436	0.31318439	2.2704436	543.51007	30.854131	27.940336	0.31281872	0.14789726
1239	4.262217	-0.40819236	2.5615887	2500.5022	47.873708	38.196714	0.15788274	0.18255622
1240	1.3296482	-0.94947135	0.89233574	3551.3174	56.914903	41.328628	-0.04077986	-0.036824109
1241	5.4677447	1.2245384	0.54455623	6783.9699	74.027474	61.180294	0.10558794	-0.056903508
1242	6.1041744	-0.12547564	0.84918454	2805.1718	74.551846	58.400797	-0.13734899	0.020437742
1243	5.6905159	-0.73834811	0.89027251	1294.2871	10.982924	3.4142095	0.478748	0.0067382088
1244	6.0940593	-1.0658342	2.0615668	2067.4928	43.033379	36.462935	-0.05279272	-0.016313564
1245	2.5108485	0.52014054	2.9788604	2538.7931	13.807921	12.544246	0.1419843	0.08238883
1246	3.6386493	-1.1373052	2.7533299	4951.8693	61.719141	56.393856	0.15132684	0.04392909
1247	1.1269904	-0.89588124	2.4341088	7538.3687	44.916311	41.338492	0.00099376114	0.08436034
1248	5.8859188	0.80906193	0.56578982	1247.4076	38.471325	10.357151	-0.010623171	0.24085422
1249	3.5805459	0.99729466	2.4920764	681.90352	10.459523	8.9424772	-0.17262518	0.089026668
1250	4.0769362	0.18876084	0.68555054	2780.4458	42.423692	31.227023	0.04326637	-0.013552451
1251	5.5079144	-0.39582648	0.4679094	8207.2416	80.439624	76.256107	-0.19634283	-0.21436635
1252	1.1872384	0.44001068	2.7603239	1123.5278	42.86511	36.526245	0.47060821	-0.021478474
1253	0.7792625	0.29970546	2.1639388	1084.5262	35.447621	29.72462	0.030117469	0.10259001
1254	5.8914753	-0.84202321	2.7527537	2713.7434	14.394678	9.3117344	0.0017794307	-0.0017501481
1255	5.4095788	-0.0058108784	0.52136144	5981.2179	59.338647	42.105359	0.0029947741	-0.18077773
1256	2.1127027	-0.93802192	1.6889572	5913.0193	119.80023	61.036175	0.09475799	-0.13414311
1257	5.3828423	-0.66403292	0.63714871	9187.3371	83.298784	81.706992	0.14173926	0.022369284
1258	2.9887198	-0.16590858	2.6876437	1001.3457	9.898031	5.0483041	0.087541275	0.031845838
1259	2.971034	0.081370668	0.18592085	1874.4101	13.225134	11.769345	0.010593703	0.12371349
1260	2.7573967	-0.011019464	0.56003133	4435.1208	42.869142	27.95298	0.079842771	-0.14600458
1261	5.9847924	-0.064056758	1.0671102	1983.2463	45.446065	21.828586	-0.05661558	0.034956769
1262	1.353818	-0.73207811	0.61889102	219.85901	34.579953	19.129088	-0.04918719	-0.0033949991
1263	1.8688279	-0.91579443	0.31833631	4763.1767	50.153747	17.500163	0.32474434	-0.053309578
1264	1.8054834	0.81386962	0.83471044	2107.5677	19.521195	13.946242	0.20781487	-0.051252975
1265	5.2523066	0.55726099	2.490912	1274.4254	28.299292	27.780497	-0.036446962	0.21508409
1266	3.1177307	-0.57685072	2.5878992	342.64343	1.7285431	1.6116208	-0.11328707	0.071194747
1267	2.4429218	0.013974024	0.72888788	6633.9551	75.823159	48.269426	-0.15894582	0.051479014
1268	3.6400584	-0.30324934	0.64158056	6683.1366	68.901309	68.774415	0.32918945	0.05913284
1269	0.80081623	-0.9763249	0.45241596	514.32261	1.8883751	1.8110213	0.063386869	0.074053639
1270	4.7769947	-0.4815484	0.4520498	2147.6193	34.749695	12.139655	0.069491839	0.031553251
1271	3.2065732	0.37222171	1.324928	646.5795	20.859817	10.977966	-0.014608019	-0.18988181
1272	4.1575269	-0.029922908	1.1663359	7221.5791	134.87341	121.31079	0.03517513	0.0027368209
1273	1.9604612	-1.4076519	0.85675844	1297.595	11.747975	9.7708138	-0.00038281337	-0.61591823
1274	1.7162266	-0.54758274	2.9363212	1040.4702	9.1853829	5.0388761	0.24086849	-0.011746161
1275	2.1118401	-0.15960513	2.3136292	1551.5034	37.18945	23.95991	0.053092601	0.017911855
1276	2.1740802	-0.34309419	2.1064843	2328.9121	34.088967	33.513171	-0.00099294744	-0.062791353
1277	0.33416012	0.69514195	2.5949565	1261.503	4.3918755	4.1500301	0.12347589	0.13489192
1278	0.3540553	0.46654061	1.2857227	3490.785	48.647792	44.767377	0.086201302	0.11987203
1279	6.123281	0.65595879	2.7137172	16424.534	125.84215	72.509902	-0.013170793	0.027962281
1280	0.056074744	0.59260366	2.5829386	682.49662	10.816537	1.48011	0.23997979	0.014516229
1281	5.7931076	0.74078227	0.51096649	4227.6263	39.375934	39.370567	0.032286875	0.10444716
1282	5.1054314	-0.73926072	2.4067827	9853.4644	82.557591	51.583709	0.0024948778	0.078032203
1283	1.444624	-0.66620875	1.0777787	1107.9698	13.152545	10.677218	0.11283861	0.031377878
1284	2.7100002	0.31189727	0.83635634	2868.7985	31.634976	30.6801	0.027006452	-0.041208352
1285	4.6857457	0.99256189	0.64187839	1052.7491	36.890472	21.781696	0.0035256528	0.063723138
1286	0.54257641	-0.74496049	2.4296456	4743.2188	53.353295	52.723483	-0.068363509	-0.36199595
1287	4.3723979	-0.61671991	0.16489655	3607.4115	135.57868	47.606291	0.40757134	0.24941347
1288	0.60211186	0.008694503	0.41791791	356.66641	1.804619	1.6366284	-0.10893926	0.0080726708
1289	0.4658856	0.90724728	2.3914575	370.35284	11.034	10.260314	0.041224742	0.0075708092
1290	1.6900942	-0.52617948	0.76215248	1658.0798	12.489895	11.495804	-0.044348001	0.14730865
1291	2.8570271	1.1176735	2.2449792	1198.3318	12.897998	10.186587	0.24727089	-0.080945481
1292	4.94575	-0.53813899	1.6478897	777.45014	12.38621	9.0872338	0.011849217	0.030984008
1293	3.0596787	0.1198321	0.31662521	780.90571	11.364667	10.082998	-0.047931338	0.082674948
1294	0.77279287	-0.45830734	0.32816071	5514.8992	18.81844	15.094656	0.021793094	0.024055904
1295	2.333041	0.96550501	0.89935304	2300.0645	39.215056	38.490901	0.070818869	-0.21636762
1296	5.8272153	-0.10427357	0.20193741	339.53985	2.0873927	1.8001417	0.076135381	0.097684373
1297	0.64420024	-1.5244386	2.9758532	680.31686	10.869618	2.6473048	0.10178707	0.16986645
1298	4.7855098	-0.26717794	0.37773164	763.46653	1.9246311	1.5732195	0.007479946	0.042115476
1299	3.758187	0.0096160381	1.2111816	952.83087	12.280597	11.782813	0.046879934	-0.070925063
1300	1.1030331	-0.01862821	1.4111425	1811.6109	106.87994	78.636833	0.040453049	0.047739816
1301	5.7286712	-0.78640748	2.5039526	1547.8271	21.688059	4.2372396	-0.019221436	-0.42344888
1302	1.8025028	-0.89318923	2.9398608	574.55249	8.868894	1.4189851	0.11378273	-0.032082758
1303	1.0075578	0.56764566	0.41872834	1645.1167	33.522357	15.027962	0.17167241	0.098882733
1304	2.1779901	0.41392688	1.9079949	1269.4307	13.514411	10.967265	0.049976686	-0.011342604
1305	0.0023796996	-0.26208836	2.2333891	4392.3381	122.986	17.834627	0.39187883	0.11200505
1306	0.37701107	0.04257428	1.871212	3338.0787	51.0018	47.720603	-0.14419555	0.079585805
1307	0.074381502	0.39685782	0.99336652	5209.0001	113.40375	71.830036	0.039713122	0.013057218
1308	2.875533	-0.7401027	1.5162155	1374.0846	54.578991	49.447221	-0.02170295	0.032602576
1309	5.1116107	0.29799272	2.8715416	2561.5248	12.223746	10.783065	0.05895558	0.050679706
1310	6.0941636	0.30044572	2.3246885	4027.3841	63.849555	52.080547	0.50537305	0.29874672
1311	2.9922434	-0.15334393	2.3136884	1688.1856	11.273979	11.011012	0.10705069	-0.015958229
1312	0.1624578	-0.061242623	2.6396193	736.34916	11.653861	10.739832	-0.13581447	-0.10981563
1313	4.5739335	-0.82251735	2.4368451	3367.7334	31.865128	30.281622	0.016133249	0.19015711
1314	6.2605833	1.1727771	2.6818677	4454.2108	35.705953	32.184716	-0.090351852	-0.015722895
1315	0.24808253	-0.14661187	2.3042326	2239.1085	42.731789	26.373964	0.1181881	0.042967727
1316	5.3502236	1.2317682	0.90514657	1286.6691	21.127747	17.987259	-0.0067499031	0.0077780291
1317	2.7295786	-1.1637871	0.94408695	1326.5327	45.887741	31.614482	0.26988422	0.16541437
1318	5.1465937	-0.4713071	0.54266562	660.72563	12.782577	1.6842492	-0.14055895	-0.046166553
1319	0.13108602	-1.2286131	0.69520058	660.69287	2.6417649	1.6220114	-0.04597989	0.29075026
1320	0.97057523	0.32252803	0.50458059	3105.4475	13.695745	12.349797	0.32797018	0.05497154
1321	4.9440559	0.4746064	0.22828399	606.84119	2.9158181	1.6868329	-0.07243877	0.29358261
1322	3.3235051	-0.87810191	0.65366457	748.63163	1.62996	1.4217815	-0.0041969277	0.10879651
1323	2.3032568	-0.1375924	0.84765983	8443.0497	64.22278	56.622505	-0.067931793	-0.046659846
1324	0.25466087	-0.16912192	1.9375604	1898.458	33.18652	30.0977	0.064468364	-0.031239256
1325	3.4465559	-1.145507	2.0484606	2713.57	63.041334	54.505812	0.018514308	-0.072212088
1326	1.7124567	0.095076112	1.7968997	2642.8398	47.83207	43.88404	-0.047301364	0.19020483
1327	5.407924	0.48460414	0.53475923	605.10244	1.7044334	1.6035611	0.089307871	0.10493799
1328	0.42013679	1.031878	0.40184442	2603.6298	52.253257	47.668228	-0.2421045	0.0071845763
1329	0.26968108	1.0136092	2.9492356	562.83114	2.67678	1.787049	0.033112771	0.014935002
1330	4.7567855	0.0030173318	0.93031947	477.10783	11.622532	1.3530846	0.54178661	-0.29767163
1331	3.4529432	1.0188037	2.5195036	408.07056	1.6422223	1.5179653	-0.0077917629	0.16839411
1332	5.8058218	0.39986356	1.2228976	1397.9906	10.922554	10.677677	-0.020127927	0.010723975
1333	2.3567107	-1.4343857	2.1994987	481.04491	9.8481527	2.1385327	0.37807493	-0.0028870087
1334	6.250385	-0.1457092	2.0205644	3651.7309	49.462833	39.291518	0.01261286	0.026041614
1335	2.0883843	0.46162688	0.62692549	1038.6553	12.427867	10.748368	0.091581223	0.50307211
1336	2.1317693	-0.71755249	2.8405121	2215.7847	14.073369	12.012287	-0.018216328	0.099935978
1337	1.8581679	0.0157684	0.2773876	149.51101	1.6229601	1.3279759	0.064444073	-0.00078505714
1338	0.34481311	-1.0329594	1.3449977	1686.2563	42.831196	36.828536	-0.02222514	0.10026487
1339	0.93545069	1.1088239	0.71883121	2468.47	13.687464	11.533565	0.10161125	0.016199767
1340	4.510948	1.4822767	2.4843371	3073.4996	40.00471	39.239818	-0.24374434	0.39018112
1341	0.98042391	0.78470642	1.0288632	684.14659	10.864422	10.255883	-0.15586576	-0.028199708
1342	4.4145865	0.76286894	0.7833469	688.61963	33.329121	20.186818	-0.079556985	0.26191035
1343	1.391455	-1.0341367	2.4352861	1108.8763	8.1828359	1.9416616	0.16397761	0.059504254
1344	0.14754811	0.0048833911	2.6925348	3199.7038	43.241883	42.951786	0.15940065	-0.1526129
1345	0.71533463	-0.104424	1.9293046	495.083	3.4639601	1.5719561	-0.21825782	0.081781525
1346	2.1828935	0.11401541	0.33294638	5972.0983	44.159457	35.459314	-0.039305855	0.036884232
1347	3.7288065	1.4088664	0.89417211	8005.1735	89.864545	83.993223	0.089314015	0.12690892
1348	5.638304	0.80184597	0.74265914	2827.4481	14.222889	12.485442	-0.53274747	-0.019365702
1349	4.8652804	0.10535178	2.0205594	1446.4271	11.895009	11.641648	-0.11155334	0.002063482
1350	2.1203466	1.016773	2.2757646	967.77279	17.147235	8.6402748	0.24583033	-0.051319378
1351	2.2072112	0.80450978	0.16583384	3657.8357	13.238471	11.741217	-0.060889382	0.024024201
1352	1.6363385	-0.86192378	3.0263741	4694.584	44.506268	29.602738	0.063293213	-0.13705624
1353	1.0146138	0.78770195	2.6652235	3329.6657	133.53213	88.262256	-0.042457253	-0.1100193
1354	1.0873789	0.71490461	0.45240651	4037.1355	51.738713	51.045162	0.059783212	0.10402167
1355	5.5815627	-0.057029169	1.5512754	3204.3267	120.00492	33.016353	0.067059218	0.13194766
1356	0.84530589	0.19885165	0.88920406	1848.9717	67.649876	56.300161	-0.01137234	0.015659337
1357	0.072835296	-0.86140632	2.64965	5333.6715	40.480324	27.520804	0.14972419	-0.033991906
1358	1.9976998	0.33364439	1.4693047	754.78887	11.566486	9.6669223	0.21866467	-0.015357628
1359	5.0769211	0.24722507	2.7605228	7046.2595	71.085394	61.648596	0.067084996	0.020984442
1360	0.93136011	-0.31274492	2.7795633	3750.6006	42.111636	17.277146	0.025729959	-0.0011419792
1361	6.1583933	-1.1839115	1.3338825	2021.1815	38.228479	12.162277	-0.10894582	-0.23077815
1362	2.1165802	0.77965601	2.7316951	5997.1383	93.798767	85.278292	-0.15398657	0.061417566
1363	4.0626587	-0.96964298	0.40290687	1562.6993	55.517594	28.71533	0.053491164	-0.14738442
1364	6.1669325	1.4168821	0.2490724	2843.5695	18.200966	13.244102	0.25232423	0.040556482
1365	1.7690194	0.62139	1.1792331	1414.0567	16.383325	13.776323	0.047548807	0.081841805
1366	2.8776189	0.97339141	0.71450272	1279.693	50.534134	30.744225	0.059178482	-0.016980671
1367	1.7060581	0.42864084	0.56431223	871.1395	32.419976	31.357846	0.024165554	0.15898611
1368	5.61631	-1.192346	0.82060627	203.82084	1.7842153	1.4204483	-0.019984843	0.11394026
1369	1.7332136	0.43432708	0.25940814	391.59924	1.5099681	1.3292563	0.10211682	-0.086301349
1370	1.9426061	-0.027462659	2.7502033	4130.7514	55.076222	30.151941	0.1099138	0.14642677
1371	4.4410238	0.066049486	2.7881447	3646.5768	13.085146	8.9584303	0.15072149	-0.0049022974
1372	5.6291229	-0.74131331	0.81431877	4247.651	56.257208	54.608407	0.07557154	-0.20175851
1373	1.9435836	0.532535	2.9811649	164.56747	1.8598262	1.7332709	0.085725009	-0.0032360555
1374	3.5803344	0.47215365	0.63886825	4300.5608	23.422415	13.081258	0.13040777	-0.086250991
1375	4.4325736	-0.17623245	2.8687142	1208.3897	22.291229	14.361759	-0.19785239	0.12647911
1376	4.6854686	0.45119733	0.2229518	1334.5889	11.860088	10.972369	0.034029006	-0.20981934
1377	4.1696443	-0.55858997	2.5191688	1151.6913	4.371589	3.931647	0.11182773	0.01131394
1378	1.526248	0.83840865	0.79258765	3534.0561	54.933719	30.436978	0.26535193	0.061574946
1379	1.3002658	-0.27084543	2.7802044	2478.0577	52.40671	52.18004	0.28559665	0.038255592
1380	0.46820183	0.84943902	2.3293069	4847.4869	61.675858	61.055405	-0.26747613	-0.095946381
1381	2.4599234	0.48895824	0.75060813	9413.193	82.00153	50.999844	0.07629366	0.11868165
1382	6.1906267	-0.78998166	1.9797967	2565.8056	46.298292	37.660166	0.29797224	-0.062180467
1383	6.060168	1.3867035	1.5107333	4856.2042	61.816517	58.767228	0.35806162	-0.056879402
1384	6.1766683	-1.3489525	0.62277183	4943.9042	37.858144	36.652628	-0.051462415	0.21080176
1385	3.6775475	0.47038245	0.83532747	433.57375	16.468075	2.0345748	0.030724782	-0.0051983454
1386	2.3827066	0.30701026	2.4152991	7843.0413	156.64087	70.155243	-0.010180291	0.10008386
1387	4.6784404	-1.022391	0.25298209	1257.5383	8.8044912	2.9712028	-0.067220101	0.21390511
1388	5.8018064	-0.37665511	2.2734345	284.42483	9.5004538	9.1622548	-0.08666449	0.081030066
1389	0.35597448	0.78145627	2.8907438	4192.2177	72.364935	47.612805	0.11514213	-0.17929875
1390	3.8414258	0.22161369	0.40400153	1922.5926	12.151566	11.854826	0.052460133	0.010147855
1391	2.3413465	0.39938667	3.024814	6200.9848	57.793029	55.998477	-0.091457288	0.0040129241
1392	5.313322	1.091595	0.90385704	1894.062	43.487079	39.190843	-0.067837105	-0.10303804
1393	5.6671635	-0.044615952	0.98409163	3744.3337	42.3674	42.203702	0.12564564	0.035712456
1394	6.1176952	0.91065424	0.077021272	2846.0229	50.740578	38.407007	0.0045118104	-0.31733225
1395	4.2176037	1.0256998	2.5155717	1348.5524	44.741709	39.497604	0.3560191	0.10338342
1396	6.0415931	0.72634381	2.2606891	2349.5148	53.804159	41.927282	-0.25505789	0.085936304
1397	0.56077461	0.70468512	0.85242922	1380.9927	9.8331581	9.5415642	-0.0924963	-0.23738615
1398	5.6366846	0.042518473	1.000613	390.40511	2.0077995	1.5599742	-0.050318349	0.0087872126
1399	1.5795805	-0.86512482	2.2731151	1493.195	8.6226825	2.4014085	0.019398243	0.0038483789
1400	4.1503919	-0.26986597	2.7430002	558.7182	10.826199	2.9939468	0.0018022655	0.027818294
1401	2.6459924	1.2495942	2.3385077	2207.2605	16.983626	13.68624	0.022788237	0.53579694
1402	6.0113359	0.32939432	2.6416439	646.49467	19.489306	8.2912598	0.010870424	-0.0093699252
1403	3.8486287	0.85470702	0.71674289	340.02946	7.7807465	7.3680174	0.13686435	0.22518951
1404	3.5569654	0.38712553	2.4078267	2291.4101	38.825024	14.420089	-0.015427637	0.14308635
1405	5.38711	0.04300714	2.4070007	5787.3419	59.569478	35.615997	0.19113677	0.0089078278
1406	5.6945438	-1.2768718	2.1655746	2315.0895	26.404752	23.642495	0.029158684	0.061236296
1407	5.8290149	1.5232697	2.6709539	2138.1109	49.002413	35.083907	0.080078404	0.16481854
1408	3.2361195	0.31258283	1.1222427	3752.7812	43.202068	35.021738	0.15764231	0.0035511362
1409	4.8812018	0.10383792	1.7826903	1102.7089	11.861907	10.942946	0.13086113	0.11991322
1410	0.96688469	0.58426042	2.63326	942.92351	12.934708	2.784226	-0.25192632	-0.01219309
1411	0.91778752	-0.79007556	0.33625262	5445.1848	54.008871	41.708443	0.0868749	0.25556815
1412	1.2980618	0.38697272	0.72407121	527.52688	8.6054201	2.4937241	0.12176913	-0.013146504
1413	4.1112437	0.74574888	1.3997309	621.88122	25.528466	1.608523	-0.0081052867	0.12801376
1414	2.1378924	0.45370781	2.2634165	8033.7225	157.77837	110.36693	-0.010228489	0.091015501
1415	2.2970399	0.94449177	1.4584803	1076.3105	36.110342	16.360422	0.0032959746	0.030506919
1416	5.0245689	0.41500095	2.3264252	508.97313	2.5140005	2.0676898	-0.012554345	0.026423588
1417	3.5532823	-0.43960937	1.2228163	342.97636	9.283058	2.4978321	0.10894023	-0.097073225
1418	4.9437302	0.7539296	2.1166271	285.72636	32.937966	17.389834	0.12012533	-0.19156429
1419	2.369949	-1.0390749	1.2615534	1496.4097	39.234711	36.252593	0.092856907	0.20877547
1420	3.6022617	1.0911452	1.4191153	2870.0948	53.206079	35.791063	0.051330261	-0.012839304
1421	2.0281623	0.60872227	0.021767508	7861.683	76.889132	69.690323	0.0058408558	-0.031354516
1422	5.0020584	0.97376133	0.20980313	1669.7898	12.22953	10.748644	0.39468097	-0.11716811
1423	5.1681034	-0.38011901	2.5895066	338.6989	10.559351	9.5187445	-0.28643274	-0.12693792
1424	5.642634	1.2337773	2.151764	2163.35	12.861548	12.463324	-0.010419443	0.060537803
1425	4.4328786	-0.4584991	2.6650453	279.40581	11.127096	1.4730828	-0.021936474	0.10040728
1426	4.0754864	-0.39667498	2.5082748	7553.6912	80.456041	66.299481	0.092380977	0.13960416
1427	4.8027919	-0.30983956	0.99664267	3208.4737	51.198541	44.590236	0.0095028532	0.021059847
1428	4.2094646	-0.13739856	2.0963134	1989.9889	32.390437	20.679357	0.014391742	0.11158337
1429	0.0094725892	-0.16541282	0.64230405	3135.4379	54.181681	52.296839	-0.064479744	-0.068947579
1430	5.3979963	-0.16441011	0.97224203	4234.2712	48.931368	47.210896	0.36055953	0.17086822
1431	1.93953	-0.6922149	2.9436655	4742.3366	61.832243	52.631646	0.14743302	-0.055109263
1432	3.9768473	-0.2280919	2.1535862	1998.6191	58.38689	40.462734	0.20463958	0.075132311
1433	0.47712433	-0.28894306	2.3828984	1165.9235	19.812337	2.2748717	0.22073218	-0.05130486
1434	0.15880168	-1.2628067	2.0189501	298.68518	7.2248019	1.48643	-0.054074123	0.049390299
1435	3.2974117	-0.74683061	0.45936815	12157.139	118.23222	64.109639	-0.013795552	-0.4175822
1436	3.2673527	-0.10926847	0.49711938	1118.2865	13.6886	9.1324096	0.35557545	0.031884739
1437	3.4655891	0.63173807	1.4865277	672.80726	41.829437	25.332552	0.22816043	0.0076684644
1438	1.758635	0.24207617	0.55150093	1201.9108	29.916412	2.453214	-0.0091329078	0.094408191
1439	5.0449596	1.0347255	0.46780969	5437.1475	38.023374	28.931248	0.37086452	-0.11853355
1440	4.6211619	-0.34655856	2.5772367	2036.0032	53.962556	45.559867	0.21694943	0.17808441
1441	3.0747741	-0.37389901	2.1661538	2248.8254	13.616661	13.043093	-0.055228103	0.014426551
1442	0.030192599	0.49025371	0.90818219	1646.5671	57.462553	56.210377	0.069335528	0.061254513
1443	2.9130944	0.42332414	1.015519	2640.401	49.943973	43.628085	0.05595846	0.082714351
1444	2.6092686	-0.29016952	2.6081211	2300.3639	52.087095	45.562943	-0.0050510844	-0.22537178
1445	4.229821	0.75933634	2.5414308	533.6153	1.6530067	1.5572862	0.13853687	-0.0024447511
1446	4.0045747	-1.0092574	1.9831896	4180.7397	50.270731	43.280938	0.010467512	0.37281341
1447	4.5348274	-0.76746081	0.82265556	6511.7505	75.070304	53.684381	0.019449969	0.073227972
1448	4.4330138	-0.65274519	2.7499485	1621.7809	58.111916	37.672094	0.3823458	0.10566718
1449	4.7839578	-0.62337928	1.2519891	2963.1747	64.849775	56.739119	0.31360602	0.0069083595
1450	2.2371002	0.61348908	1.791272	1176.249	6.7644214	6.1657537	0.073423019	0.046014272
1451	5.2574154	-0.85637162	1.8025905	483.16063	10.330981	9.466705	0.0423143	-0.070271128
1452	4.2647849	-0.90296154	0.67869389	2374.4443	13.325939	12.18192	0.1774837	0.29921262
1453	3.0286733	0.40429485	2.1546795	2022.137	13.81597	12.942184	-0.023705101	0.015813009
1454	5.4650547	-1.137719	1.8531956	1349.7692	22.948856	17.333486	-0.41671422	-0.011663573
1455	3.0985539	0.87341233	2.2210003	6051.7228	91.701122	69.949679	0.14552396	-0.047687021
1456	1.7042475	0.43219619	1.0278989	1467.0098	45.938921	39.844188	0.0041376996	0.10137648
1457	2.5599725	0.45184246	0.25031396	3675.3918	39.782016	37.653077	0.3748617	0.33873269
1458	1.1611656	-1.0445231	0.90215882	204.57338	3.2915033	2.0335491	0.20977315	0.017684995
1459	2.0434937	0.36828624	1.3399158	1474.0035	12.323922	10.086512	0.0028406064	-0.046188809
1460	0.99602686	-0.21337113	2.2788386	2129.2624	49.650477	47.098673	0.12218765	-0.063021013
1461	6.0064236	0.005362997	1.5096461	1370.2856	31.273526	27.444511	0.14395331	-0.08967458
1462	3.8443981	0.15088252	0.23017444	3321.755	58.02003	56.403296	0.041706853	0.062926587
1463	1.8511397	-0.10226679	0.88118983	4438.8157	58.634308	55.3716	0.16505569	0.32108425
1464	2.0847554	-1.3176102	0.57886477	1114.7833	12.874388	2.1431037	0.024403222	0.15711867
1465	0.83420478	0.5759982	2.3563039	1266.8656	18.335756	15.832426	-0.026716893	0.06060579
1466	2.6878929	-0.28588194	2.1553946	1843.669	28.616169	26.716843	0.3833733	-0.012225721
1467	3.2762102	0.60666405	0.68905749	2598.5415	13.475798	11.948413	0.0037297782	0.020556082
1468	5.2400779	0.6569937	2.7967104	7886.6037	67.561516	56.222825	0.51965046	-0.31995895
1469	1.3674682	-0.26250672	2.4183089	635.39303	11.291916	1.2650162	-0.12329161	-0.018494061
1470	0.81728613	-0.38294117	1.9658895	2033.6799	47.03297	39.047393	0.28453215	0.02326574
1471	1.3761451	0.85463459	0.53580575	283.09856	1.4450947	1.2959477	-0.015969542	0.10839419
1472	1.4743777	-0.29370139	1.0077924	443.35432	10.122224	7.3975963	-0.055011517	0.16325698
1473	5.9212935	1.0561752	0.27483812	1418.7574	13.046951	12.931133	-0.0091895563	0.023360011
1474	4.7212072	0.19260659	2.9488043	2041.0938	28.765482	12.85504	0.20954557	0.20265761
1475	5.0306169	-0.26331817	0.50372902	9496.4631	81.123093	65.990679	0.064800827	-0.72090221
1476	5.1853099	-0.85159611	2.2756503	2321.5639	16.206593	12.215921	-0.047483555	0.19527557
1477	3.5410837	0.16224379	0.80046265	2974.9576	34.856747	19.495158	0.20166541	0.0016487432
1478	3.7332927	-0.67291371	2.1011636	462.77229	9.0197399	1.4892797	0.10298753	0.038230406
1479	5.2586311	0.33955527	1.4063794	65.077918	2.6584323	1.20236	0.022819577	0.18090437
1480	1.9839225	-0.29534019	2.1747057	982.82605	25.488962	10.998964	0.11382852	-0.16886873
1481	0.78029556	0.14193794	1.6278029	889.33009	11.73322	8.9430353	0.18318703	0.14930394
1482	4.233055	0.37379423	0.73379233	3975.297	21.851031	12.347555	0.25748043	-0.063454722
1483	1.1505517	0.33318144	2.9294231	3634.712	49.095675	40.912581	-0.0056944862	0.029580735
1484	4.6060461	-0.51143127	0.90682864	1685.4014	24.229408	17.096739	0.21133003	0.17805601
1485	3.6045554	0.17378189	0.3848056	1182.366	11.886031	1.655646	0.21425915	0.00069071251
1486	2.6532576	-0.91927458	0.89115629	595.2157	10.454621	9.5929856	0.014385027	0.32218316
1487	0.76678209	-0.15615081	2.657492	3466.0831	49.969729	43.345968	-0.13587439	-0.047221657
1488	0.51988934	0.82472204	0.6556478	6609.2098	84.074219	76.39272	-0.094146023	0.17865235
1489	1.8243598	-0.75538914	0.38845301	5395.477	59.979871	48.969393	0.24356452	-0.20971914
1490	4.2339454	-0.80158626	2.4534768	1207.3951	12.43124	9.3134717	-0.076993355	0.064128908
1491	1.7828185	1.0251268	0.55559594	2036.2941	14.060712	13.315617	-0.004514954	0.0081666968
1492	5.9297217	-0.61938097	1.310816	1943.2241	50.804701	34.112622	0.015961721	0.32768684
1493	4.104179	0.32764152	2.3837824	4049.439	56.888709	45.499327	-0.026446006	0.46658698
1494	0.041059856	0.72663847	0.1007376	3725.4347	16.882011	13.689109	0.0068053671	0.051436919
1495	3.9065605	-0.75198598	1.5207967	2327.1059	41.065547	40.173047	0.073637764	0.28159581
1496	4.3904925	0.80938392	2.5015255	1249.4999	45.79857	23.848124	0.38616477	0.039597487
1497	4.3284344	0.89201628	2.2505998	474.7468	10.958319	10.094483	-0.083515031	0.0069237506
1498	4.2661523	-0.53926795	2.4802936	326.73739	11.117263	9.4106771	0.29033701	0.16884057
1499	1.6571256	0.71306198	2.2012	420.04476	12.289092	11.861214	0.061076299	-0.26915333
1500	3.4568507	0.99942086	2.4255408	2130.9265	12.900715	12.517386	-0.12870504	0.019452556
1501	5.0321666	0.4328882	2.4528294	1336.6786	12.341286	10.478289	0.24308457	0.014234324
1502	2.6029916	1.2772166	2.0264118	1199.506	11.664664	11.191394	0.59376683	0.007367168
1503	2.2883681	1.0354127	2.3214265	1624.2441	11.297061	11.214302	0.016797567	0.4335026
1504	3.2689618	0.12197653	1.5460239	120.9917	1.7961128	1.6439637	0.018654782	0.05841817
1505	0.91958174	-0.14708251	2.7545132	1459.118	45.893095	39.416661	0.038312676	0.038225925
1506	5.0845983	0.3505952	0.80166415	3477.5334	42.262676	31.941876	0.11440092	0.095966488
1507	0.13968931	-0.3890999	0.70175156	3169.4416	23.253345	14.058379	-0.063717913	0.32125043
1508	0.073166711	0.28128564	0.77273356	5078.8816	46.020934	31.828461	0.064735239	0.054394873
1509	0.2626498	0.28749074	1.7889092	2760.785	43.392196	42.258654	0.022306483	0.086585547
1510	4.8453869	-0.089600787	0.46099963	507.27262	10.074148	1.6132424	0.010134656	0.027377869
1511	0.69592628	-0.6932041	0.50798529	582.05795	10.732575	2.5017962	-0.057298361	-0.0038902583
1512	4.1019739	-0.31706856	1.7397098	1772.3585	23.721366	9.9553358	0.074573074	0.42961563
1513	2.3610688	-0.54701138	2.3409322	2421.9286	49.699103	45.599111	0.058777017	0.17539307
1514	4.5304414	0.75587032	2.7675156	3635.6963	13.972663	13.866598	0.052682688	-0.016365433
1515	6.2199656	-0.67138955	0.80754575	8563.9416	59.785557	49.23792	0.085055633	-0.017330861
1516	3.8742298	1.0227182	1.2058353	2189.8956	93.679155	84.487767	-0.058538729	0.007589183
1517	3.5250028	-0.7994264	2.2905016	519.85958	9.8364552	8.965727	0.10274452	0.072153131
1518	6.0370927	-0.58076922	0.57725947	4399.827	57.677283	44.072593	-0.0094502932	-0.30465181
1519	3.1776504	-0.2482469	2.3597823	1592.3858	12.864763	11.741243	0.036910883	-0.037786865
1520	2.821759	-0.75591988	2.2979802	3534.7305	54.43097	53.762739	-0.025356135	0.018840755
1521	3.4941081	-0.82103711	2.1879599	1095.6871	11.302433	4.0204487	0.13109721	-0.0090891691
1522	4.7156334	-0.67984933	0.66248789	3485.0259	58.15219	37.499775	0.15934989	0.036566587
1523	4.6056403	0.67124936	0.51399135	5404.2868	79.920948	48.402519	0.30484596	0.38234609
1524	3.1578171	-0.80949827	1.7281863	1519.5662	38.665008	33.687194	0.066371102	0.27168936
1525	1.2036948	1.256113	0.80523176	3663.8633	58.788649	54.916427	0.077626826	-0.18813211
1526	5.0112317	-0.32257993	0.40576993	6763.4523	65.568729	54.642399	0.093463687	0.077919293
1527	1.7585009	1.4631232	2.1060377	747.36065	12.136954	1.9697214	0.34834657	-0.11135719
1528	3.9929382	1.4567983	2.4435179	7099.4016	63.559299	48.750561	-0.61114996	0.014318954
1529	0.28269089	0.66756321	2.8275884	327.54515	1.8417901	1.3369837	0.10963084	-0.041110922
1530	0.43572366	-0.16377706	2.1191908	1309.5039	11.554639	11.516438	-0.0064557208	0.0072623981
1531	3.0227801	-0.83566304	2.214727	1077.6294	9.4902813	7.6965547	-0.025364753	0.1123996
1532	4.5901928	0.62500387	1.0618073	4051.8392	53.921669	47.998985	-0.07843065	0.071261949
1533	1.3506516	1.0404791	0.99840237	8104.659	80.649925	54.174253	0.023224845	0.19823244
1534	0.34239184	1.069681	1.2160894	1180.2424	42.19278	31.205533	-0.22152758	0.090010582
1535	5.1526687	-0.057436709	1.144898	3042.6953	51.37076	49.882171	0.11862821	0.040599572
1536	6.0234891	1.010904	2.0555336	2408.3525	31.212451	12.743917	-0.12280545	0.46022561
1537	6.2181415	1.3727117	2.4459191	1893.6677	21.144389	11.59595	-0.059199157	0.31358117
1538	2.7886657	-0.57052756	0.75811146	1009.9531	11.127679	10.915276	0.15809864	0.15418531
1539	5.9436397	0.87996234	0.65552557	3637.9508	45.771219	28.158252	0.11912103	-0.13932017
1540	0.19948308	-0.072794557	0.25970841	6709.7909	67.124703	42.542895	0.15133128	0.1497347
1541	0.24860235	-0.6492062	0.47701884	6850.6573	72.60535	71.810374	-0.34030627	0.047707618
1542	3.8511405	-0.58140307	1.0137255	3959.8383	59.172821	47.352335	0.2129495	0.049631104
1543	4.4709669	0.24179591	1.974215	3616.6583	75.139794	61.881922	-0.28783278	-0.034399445
1544	6.1270727	0.11092502	1.6000024	3640.3774	45.345444	32.758296	0.15057162	0.12131494
1545	3.2608086	0.28364442	2.5070141	6795.8642	73.615029	59.89478	-0.00074774308	0.018409783
1546	2.4996284	0.13586511	0.34590082	1634.8103	13.698385	13.200044	0.038368188	0.087884319
1547	2.0960127	0.64972563	2.0900645	948.75208	18.99075	11.695725	0.00254323	0.0063708104
1548	6.0361075	-0.8949389	0.57671369	499.5035	15.020563	7.2066308	-0.071944436	-0.01273181
1549	1.8296729	-0.39852057	0.47839135	3491.2455	39.844301	28.246382	0.1742321	-0.067092039
1550	3.4230895	-1.3372953	1.9049413	2583.1356	52.033103	33.615371	-0.14236359	0.029848163
1551	1.8447614	0.052511302	0.67383594	629.74072	8.6277098	1.5515089	0.006193339	0.045799034
1552	3.7661145	-0.17740544	0.91923464	4489.0456	59.175445	56.810611	0.2590395	-0.067950797
1553	3.8414905	1.24804	1.8318821	1255.4022	42.692434	29.742911	0.052686739	0.046975288
1554	5.5805642	0.36869314	0.57494975	1950.863	23.563735	21.356904	0.20893038	-0.029536116
1555	4.024	0.39345659	2.7886217	2126.5329	12.768389	12.30266	-0.05739204	0.22755027
1556	2.9711651	1.0009251	2.2298784	3549.046	63.435293	52.104269	-0.0020777086	-0.20062659
1557	2.0308546	-1.1214728	0.20516555	4065.2079	53.923645	36.805752	-0.018862122	0.17729362
1558	0.45058025	-0.91788642	2.4340898	835.66478	63.345748	31.434513	-0.25897267	0.1359236
1559	4.0092406	0.85994177	2.3820179	497.97746	7.015606	1.7704301	0.086428795	0.049662238
1560	0.12399358	-0.26712733	2.1842515	2047.6755	34.369544	13.768798	0.0028660498	0.1997124
1561	4.611206	0.78883408	1.6647931	2743.8589	55.893347	51.292805	-0.090034532	0.01976884
1562	5.4140817	-0.8540894	2.4544927	1130.9389	11.081878	10.17134	0.076573273	0.059722837
1563	1.0782087	-0.67505945	2.3479745	6946.5461	82.231999	72.870087	-0.034769395	0.087170675
1564	4.4374088	-1.016525	0.53954658	617.59608	8.9952423	8.6740547	0.0051461123	0.090299211
1565	5.790319	0.15842898	1.8624123	571.01922	11.564846	10.485559	0.045698332	0.022869283
1566	0.80804184	0.56181936	2.8289356	1519.408	15.164259	9.6243689	-0.03495873	-0.06449373
1567	4.8090345	-0.55669088	0.90324487	428.45212	1.6852795	1.5693496	0.17433291	-0.019980698
1568	2.2890367	-0.28552647	1.7054718	4766.5445	61.359081	55.255168	0.0076962474	-0.0068371691
1569	4.8760461	-0.42987319	0.57698179	3726.7439	13.727465	9.7695959	-0.033721988	0.0019856582
1570	2.8051296	-0.50559892	2.8109542	840.22882	12.476915	9.9125097	0.12965444	0.031017092
1571	5.1897561	0.73239832	0.7715769	3973.1168	62.348586	39.283385	-0.56093208	0.17851916
1572	2.7170789	-0.94116691	0.54537036	2840.0058	41.257928	37.361621	0.31281872	0.14789726
1573	3.0299584	0.58035434	2.2146054	3680.919	58.53984	17.288631	-0.055646343	-0.31689664
1574	3.6515672	-0.68211782	2.7815675	4637.2657	43.341209	37.859287	-0.060084348	0.081006093
1575	3.8124999	1.1382458	0.68434461	1565.3658	20.181633	17.873228	-0.070491404	-0.21443136
1576	0.61667859	-1.0166696	1.8710863	381.08001	9.6135251	2.3068691	-0.11035829	-0.20274214
1577	5.3853834	0.69253721	1.9723473	6317.5296	70.307467	49.839153	0.093830173	0.0045407086
1578	1.1881253	-0.9910996	0.91892992	740.80838	10.389736	3.5168939	-0.0084843915	-0.016312505
1579	0.88884196	1.2106299	0.96688812	1514.2807	11.637434	11.133873	-0.016041679	-0.020857105
1580	0.13115898	-0.12302051	0.7472796	1748.37	12.469596	12.392281	0.0001397793	0.43119803
1581	2.2577018	0.92911387	2.5277816	4083.4936	60.618871	58.177246	-0.2386296	0.0097487483
1582	1.0734934	1.3714582	2.3911466	1307.1322	25.147779	14.847141	0.049026766	0.0097667026
1583	3.9021516	0.45157179	2.4867727	2027.8226	28.310769	12.402894	0.082187631	-0.018104437
1584	6.2603657	0.2934483	0.31854419	3427.6352	16.274696	14.236554	0.28856465	0.031984569
1585	4.8650072	0.71437445	0.9861017	4724.2808	57.960139	56.730963	0.10621547	0.05299318
1586	1.6802083	0.81857461	0.35563184	6178.4399	40.149194	37.370761	-0.33527112	-0.051724535
1587	3.8025587	0.24381556	0.49069452	8430.8191	48.492804	42.707379	-0.0059996407	0.072607869
1588	3.4976977	-1.2342835	1.2011829	1309.3382	15.239205	12.246902	0.043095295	-0.098218676
1589	0.61741481	-1.0145451	0.51013566	2321.1626	45.177754	14.56713	0.10251751	0.024355007
1590	5.4699522	-0.77350518	0.15015354	888.68766	46.093128	12.28084	-0.021487274	0.029086634
1591	4.2804788	0.81394916	2.1271352	565.54754	10.074996	1.5007274	0.076006658	0.023134325
1592	4.9685713	0.78575074	2.1462612	2246.8148	27.04857	14.032614	0.076199665	0.15167259
1593	5.1253761	-0.33816163	0.81391129	6549.052	109.46999	67.059238	0.00099422224	0.030481732
1594	1.2733283	-0.45223771	2.5104164	1878.8199	42.110953	11.432356	0.0022482045	-0.021134986
1595	3.3821527	-0.66147424	0.97631816	2763.3797	71.607517	40.678041	0.0059454561	-0.0076623663
1596	2.3658545	-0.53048753	0.50050427	1286.1526	13.198063	12.443388	-0.038643954	-0.1435394
1597	5.9553157	0.52033275	1.016688	2186.7988	58.566975	50.122325	0.15282368	-0.0043701833
1598	4.4797808	0.086190211	2.4145539	3232.3592	14.904019	10.919588	-0.015433604	0.2952984
1599	0.058770081	0.064254459	2.9935223	639.20432	2.1201128	1.7003645	0.0027135269	0.066573018
1600	4.2360939	1.1929278	2.6264546	1295.3474	41.80619	7.6021975	0.02087861	0.0015376309
1601	3.6621546	-1.0376368	0.85611227	754.50176	10.262359	9.0138325	0.087179167	0.13520716
1602	2.42567	-0.62648972	1.0227623	1270.3535	24.129911	22.264961	0.30622089	-0.011090888
1603	6.0494207	-0.93678328	0.84424846	2928.1503	51.265028	29.676069	-0.0019475106	-0.048303581
1604	0.63105499	0.28983137	2.1340339	6856.4125	86.959627	64.083689	0.026156812	-0.052265938
1605	2.4710255	-0.37366799	0.74159556	7833.506	64.719946	62.553039	0.13954764	0.13467653
1606	3.8700476	0.26544549	2.5389059	9384.5097	62.751007	55.348911	0.098902087	0.0062291789
1607	1.1971601	0.65193378	0.39412742	3369.2218	23.526051	12.278156	0.042715522	-0.033975336
1608	5.4687778	-0.65810974	2.5801828	3879.7079	32.678134	31.52383	0.069900166	0.2686715
1609	0.92100623	0.75430823	2.60021	496.70538	10.696704	1.3566029	-0.040446182	0.00034769686
1610	3.3536058	0.59962858	2.4402572	818.60424	10.990278	8.8912708	0.096948504	0.032363518
1611	2.8790059	-0.48678708	0.10936421	1895.683	10.40834	8.0175071	0.0079868257	-0.17585089
1612	0.18906974	-0.11536412	2.3711724	623.38012	10.276435	9.8254023	0.11781901	0.048349708
1613	1.0821176	0.60521885	0.44923312	4251.3319	36.036039	29.477139	-0.068225147	0.10849283
1614	2.5605814	0.81416372	0.95358232	2588.9995	30.739051	13.734183	0.063278883	0.081168989
1615	2.8649305	-0.41486538	2.7478733	14198.885	102.43057	86.229044	0.14672058	0.036790567
1616	5.7227539	-0.12869128	2.6105816	230.57089	3.8239525	2.8901556	-0.1104987	-0.0022803815
1617	6.0631992	-0.63812933	2.5256628	5675.8065	142.62456	87.363888	-0.1175045	0.091319523
1618	1.4246603	-0.39833643	1.9091579	473.58405	9.8302921	2.6639153	0.15894793	0.28924567
1619	5.9653052	0.25637529	2.5011663	548.31391	2.1940753	1.7742423	0.058718114	-0.07978229
1620	3.3034106	0.6446079	0.13107762	2380.6479	13.171102	12.618922	0.43455778	0.022265701
1621	4.9859166	1.1503247	1.015673	2006.9882	17.229799	10.605628	-0.0080030365	-0.023957281
1622	0.86859461	1.1896825	0.91399309	669.05409	9.2854397	1.3116467	0.34613305	0.16643441
1623	1.1111662	-0.55739377	2.7255452	3447.2683	48.89859	39.281369	0.13308942	0.22059576
1624	3.9540334	-0.038634898	0.40095893	846.23673	4.630594	2.8335259	0.0408192	0.054805479
1625	0.15206759	0.98037397	2.4927327	4639.2409	55.582383	52.555674	-0.087197878	0.028390208
1626	5.2612168	-0.81721192	0.74512563	2733.0811	30.081613	25.210207	-0.00044441704	0.27537434
1627	3.8974938	-0.26079554	0.68229056	4604.0906	38.716338	38.364122	0.058431345	0.039223789
1628	3.4176437	0.38582618	0.60786566	2977.3891	44.740996	25.070988	-0.010096016	-0.00090456138
1629	4.3184127	0.07311316	2.3826198	1598.8381	23.004501	10.995006	0.0055872529	-0.0055094725
1630	5.6663166	0.76607326	1.3349938	222.79039	9.6211878	9.5903077	0.19426895	0.067664002
1631	0.076044048	-1.0559297	2.9270532	13573.362	101.12362	93.479656	-0.041260207	0.084854979
1632	0.20296956	-0.17485354	0.61407227	10967.346	92.82937	62.329925	0.015961721	0.32768684
1633	0.081341382	0.60634255	0.85019344	5655.8976	62.912358	57.749861	0.087555545	0.21421068
1634	4.9270431	-0.61708059	0.51401226	14015.287	98.276754	84.26721	0.01811958	0.045739136
1635	0.48356157	0.78408307	2.4682656	2791.3392	15.6971	13.749877	-0.039853552	-0.16114617
1636	5.3048549	-0.32475459	0.49494604	4693.3097	60.75807	47.857178	0.14594618	0.15950849
1637	2.7485302	0.16236974	2.4556267	1058.2347	28.730446	9.5530792	0.41681024	0.091580543
1638	2.5188933	0.27301462	2.002375	2332.1683	46.696928	45.455907	-0.012538042	0.080052131
1639	1.8455855	-0.028277058	0.81085298	251.68254	1.6462105	1.6129643	-0.06948678	0.012899398
1640	2.3193315	-0.070730267	1.0555439	1290.7046	13.832215	10.742659	0.031537876	0.16476509
1641	4.2065203	0.22838316	2.5263466	933.95448	10.832075	1.741937	0.029171216	0.022515737
1642	0.75917832	-0.65593531	2.0892316	2192.2679	26.540614	22.363365	0.28956004	-0.0075993308
1643	2.8901925	1.0312108	0.2777619	1180.1393	18.79574	11.293142	-0.25276959	0.061448268
1644	1.0293098	-0.7512407	2.8315518	2738.2768	36.885318	17.453713	0.043997828	0.25563352
1645	3.5745119	-1.388954	0.20851994	551.26685	11.549879	11.110509	0.051317303	0.11660403
1646	0.64966232	-0.25925381	0.60921375	2153.2669	49.855292	47.205083	-0.0040775086	-0.030358156
1647	6.0435981	0.39291389	1.1709989	307.66648	10.240133	1.4860105	0.20002573	-0.061004766
1648	4.6605849	-1.2968143	0.71012957	337.44335	2.0227011	1.525193	-0.25227759	0.0055888651
1649	2.1965589	-0.086488557	0.71043199	5219.4718	89.725727	43.01647	0.35074514	-0.068213407
1650	0.59903261	0.54287958	1.9437635	407.68969	37.836284	26.717849	0.23189655	0.17913175
1651	3.3979302	0.37222411	2.084055	1406.5847	46.410575	29.111422	-0.31678476	0.10354021
1652	4.4044507	-1.2438625	2.5430356	370.13257	2.0350619	1.3806175	0.0018941395	0.13157647
1653	5.9907812	1.3144371	1.0793469	1169.9881	44.782728	10.482041	-0.34623307	0.010577945
1654	5.2299972	-1.2225256	0.58552291	5387.6375	32.419008	26.218565	0.020384989	-0.0016035295
1655	0.56331768	0.19372425	2.3072855	3126.6921	41.292319	38.573783	0.043874695	0.054562825
1656	3.9056854	-0.087002972	0.72027694	2284.5498	12.034367	10.637822	-0.097083203	0.14414001
1657	2.2084256	-0.37161826	2.1637151	2059.3724	28.856094	15.434907	0.1849037	-0.007790721
1658	3.1628808	-0.50508669	1.0936439	3494.3244	88.310848	42.383698	-0.21529695	-0.030493696
1659	6.086115	-0.41667299	1.218089	3971.9475	53.798764	50.272016	0.2030406	0.096212305
1660	0.19428324	-0.45352854	0.9434012	371.01049	1.9849679	1.7667523	0.1247142	-0.0051992136
1661	1.4294651	0.25793589	2.053627	500.05717	21.083245	19.897118	0.077280698	0.041226461
1662	1.2924529	0.29626091	0.45999219	1906.636	13.378676	11.706483	0.059237641	0.52016259
1663	1.0310745	0.63986894	1.3920111	165.0431	1.8014656	1.2170714	0.00097956565	0.092500542
1664	3.3833204	0.39969932	2.0521682	1209.6806	11.835495	11.279632	0.49109372	0.054589306
1665	4.5213957	1.0945497	0.90970966	1647.6847	12.978409	11.063168	0.20139934	-0.10844418
1666	0.44373402	-0.73310016	2.0308254	544.11981	10.860328	7.0128871	0.085435113	-0.03354077
1667	3.6033714	1.0232566	3.1181365	1969.0511	13.010342	10.943647	0.26932724	0.021692715
1668	3.4957429	1.0493335	1.3035682	1219.7954	12.902526	9.147214	0.12960692	-0.0041203719
1669	5.6477815	0.48863456	2.7149084	14254.711	102.12411	83.83744	0.01017023	0.12356689
1670	3.6251053	-1.0820021	2.2734989	5514.5918	61.21599	36.276874	0.19421539	-0.057788624
1671	3.4444639	0.088803745	0.87027214	4462.7388	111.01483	46.311571	-0.031043512	0.013070515
1672	5.284065	-0.85775192	2.2110683	4096.5732	36.417477	35.047056	0.008796377	-0.22015906
1673	0.45763993	1.1862593	1.9566541	1268.7599	48.441625	29.192389	-0.26512811	-0.30391051
1674	2.7913004	-1.175816	2.1952996	2229.7115	12.069059	11.393996	0.067084921	0.26973696
1675	1.0570268	-1.0330705	2.5319878	2048.3566	13.775284	11.628719	0.083012636	0.076622485
1676	4.6176438	0.82340465	0.88709843	1112.9822	10.599106	8.7096109	0.0038346688	0.46491545
1677	6.0851437	0.29673723	0.52218474	2281.7743	50.593475	41.859137	0.045095764	0.2547188
1678	4.4397397	-0.036722881	3.0133447	2683.2174	16.423803	14.298688	0.064496274	0.14185902
1679	3.2863088	-0.34478848	1.5442047	213.37493	18.723798	10.806832	0.0018935732	-0.16237515
1680	4.9070518	0.48951077	1.4854001	2272.3015	20.330657	19.928807	-0.083924833	0.18841833
1681	0.70857453	0.876189	2.4767367	712.70146	10.838723	1.5052711	0.46508245	-0.041603838
1682	5.5789414	-1.0471449	2.2986898	392.71813	8.2776405	1.3941231	-0.33185257	0.22273264
1683	6.1292682	-0.90328058	0.72783913	373.87563	39.949152	1.6130048	0.43517619	0.15693572
1684	0.15158343	0.92018087	0.32978914	6074.7316	63.907496	55.006932	0.092259462	0.02682236
1685	4.5009145	-0.349692	1.8871802	2159.3584	38.518502	37.542156	-0.042709917	-0.017211348
1686	3.3781718	-0.73766204	2.0988468	419.90262	9.7259264	1.3623398	0.41582784	-0.059360272
1687	5.7565356	0.058049953	0.49411563	2278.3962	11.694402	11.527647	0.094716163	0.32457101
1688	3.0586475	0.87589648	0.36049582	4426.9111	15.55113	13.143179	0.33463471	-0.017353219
1689	2.565599	0.3417764	0.31724137	2310.0585	39.546777	11.790791	0.12554917	-0.048720301
1690	2.625973	0.18620061	2.7365746	3042.557	24.08679	20.268576	0.34831337	0.2041937
1691	1.0147678	0.75206462	0.4904886	4259.8667	38.26121	26.84532	-0.023883857	-0.052923601
1692	3.1817124	-0.26690745	2.9217542	2985.5252	13.353479	12.107757	0.11305744	0.028410726
1693	5.1968776	-0.22540764	0.24563981	861.31934	7.0863558	2.2140589	0.13634535	-0.095319192
1694	4.4737153	-1.3548263	1.1320383	3594.3095	60.077829	53.631249	0.026689178	0.096241365
1695	0.80027163	-1.0704619	0.53870698	2973.6555	14.272799	11.063507	-0.11452952	0.04752159
1696	3.9707445	-0.2188008	0.6301931	4248.6731	65.71855	64.1041	0.12504722	0.14080738
1697	4.52838	-0.26205682	0.48618195	4711.6411	65.471308	55.361564	-0.073406194	-0.031174021
1698	5.7468843	0.31400754	1.7619428	1642.9875	45.59144	35.619322	0.00056760923	0.037619087
1699	4.3727235	0.42286784	0.48725116	1182.3452	13.388671	10.766503	0.097562332	0.24424927
1700	1.5243058	0.31974618	2.6820286	1479.5872	9.6069346	9.4831151	0.25034816	-0.1823915
1701	1.3158254	-0.045128861	0.88950994	2788.3795	32.698064	30.650875	0.080314811	0.059098631
1702	3.7175314	-0.36624564	0.64526645	1429.7572	87.463259	43.380187	0.012993036	0.33657688
1703	0.75930473	0.35246945	1.5660027	606.69412	13.971711	10.623813	-0.044464959	-0.16943643
1704	4.9299211	-0.0090413191	0.808403	2620.1391	57.718172	35.42637	0.3764208	0.14194983
1705	3.2635526	-0.62168213	2.6815905	3281.1035	16.433941	16.020278	0.2571168	-0.006877768
1706	2.3608407	-0.24566738	1.1804315	1695.4021	29.251477	26.166726	0.20180244	0.2022472
1707	6.2610213	0.10924689	0.58594282	7230.7302	73.238096	64.913889	-0.001703973	-0.012201614
1708	3.4763135	-0.61609973	0.43612985	338.72364	5.3460275	3.1667043	-0.012272724	0.008925439
1709	3.8131901	0.20871388	0.1420586	5038.4222	56.259206	37.21813	0.039044746	0.052640251
1710	1.1551871	-0.15443595	0.59637829	7276.2859	70.301202	67.591763	-0.067383847	-0.051612793
1711	1.5383272	0.66095415	0.31268987	584.05581	12.405518	2.4439654	-0.006265486	0.12039998
1712	1.5460858	-0.91370422	2.7791348	2890.2431	104.26599	48.792359	0.02637448	-0.0080314072
1713	1.4406476	-0.7058843	2.0740175	5376.8307	80.691763	59.601535	0.042233913	0.25921165
1714	5.5727528	1.1360702	2.9001023	5426.84	75.044871	43.452928	-0.090354038	-0.067362816
1715	0.91216985	0.96704101	2.3356608	592.41109	10.670057	7.8833213	0.044412408	-0.17264862
1716	0.88071199	0.69373723	0.75571341	88.523687	1.7188735	1.4364025	0.0176588	-0.0061957397
1717	0.68183607	0.53074281	0.56218224	853.34359	2.8878977	2.291935	0.0047289954	0.020592471
1718	5.448069	-0.26865314	2.7825883	4235.1676	24.395448	19.664466	0.029099663	0.35239707
1719	2.1178374	0.38010307	0.46227515	2717.8338	35.748436	28.548334	0.2991315	-0.076736502
1720	2.4790062	0.83828985	1.1269785	3446.4284	40.935461	33.530475	-0.044116753	0.011398759
1721	0.73996955	0.096302316	2.5479744	2810.9587	27.604007	12.292433	0.030900456	0.018762017
1722	4.0249546	1.3830668	2.1065768	1357.06	23.408037	12.68458	0.0038598978	0.25098529
1723	2.9120283	0.18621243	0.86450846	707.09247	14.296583	9.5965039	0.049421727	0.076432252
1724	2.410344	-0.27991358	1.9646261	1675.0057	58.578866	52.300633	0.038357202	0.024189788
1725	4.6553969	0.25888619	0.57510975	9101.1436	84.917015	80.185694	-0.049256434	0.18595639
1726	3.4414882	-0.22657007	0.89116445	1344.8979	13.814889	11.507481	0.076102065	-0.0077728484
1727	0.88203688	1.4189209	1.525789	1182.5358	41.479569	29.924541	-0.038261619	0.0082035559
1728	2.2468295	0.0057009708	0.82551192	2606.7435	57.807771	50.311788	0.20239915	0.016648833
1729	6.0234445	0.071469075	2.6050725	3286.2766	16.77395	15.551904	-0.012669214	0.011187469
1730	4.0843469	0.97789052	2.8769997	4820.6732	59.158245	49.897855	0.048680482	0.10111932
1731	2.8752566	-1.1448405	0.45155651	10980.96	107.50055	75.192584	-0.47167614	-0.045111093
1732	4.4157952	-0.041523943	2.5465602	3504.3882	38.358597	37.172077	0.11116978	-0.080852297
1733	1.897342	-0.26882693	0.90480269	1443.146	28.790866	18.338228	-0.055727137	0.0035839898
1734	1.7447704	-0.41843567	0.30795067	335.5948	1.5969977	1.5400516	-0.029631522	-0.15596391
1735	6.1935819	0.57874499	2.2224208	4490.8798	48.37215	48.349559	0.029007049	-0.072628966
1736	3.3414077	-0.84674136	0.34876496	2981.3171	13.269367	11.405862	0.51999832	0.26240423
1737	5.4041327	-0.86218028	0.52020889	205.66812	8.1948624	1.4693098	0.0046707536	0.039723081
1738	5.2319435	-0.21916736	0.27739243	580.10898	1.5406746	1.4053401	-0.049984279	0.13239635
1739	4.460389	0.19724548	0.74232087	8224.9991	190.22573	62.564691	0.059494415	0.068984813
1740	1.7908733	1.1146267	1.4577852	946.66309	10.797044	8.5482971	0.16890443	0.096924753
1741	0.14653097	0.87931153	0.6532381	163.24764	14.571656	9.7778234	-0.085499118	-0.1030121
1742	3.8115327	0.50200664	2.1968053	1439.6782	50.773735	48.957726	0.21728479	0.017074702
1743	0.4626198	-1.2581098	2.2649589	508.14852	8.9218138	2.8809408	0.28233058	0.068567496
1744	5.0076908	-0.35698882	0.93122828	2308.0947	49.156375	45.638149	-0.48340399	0.31515613
1745	6.0996462	-0.70477363	2.2831051	2250.5926	13.015182	12.341262	-0.021876444	0.13299586
1746	2.7376015	0.93348483	0.73593063	2669.4741	44.735244	26.413582	0.0035256528	0.063723138
1747	2.4847838	-0.94646462	0.59096192	1295.1124	27.544926	2.0399607	0.016859848	0.023824391
1748	1.1648032	0.88515537	2.5817366	3358.2975	28.727711	13.798846	-0.020792261	0.067365543
1749	3.2555985	-0.81596942	2.5677677	15586.125	226.49273	204.69163	0.15110736	0.027385572
1750	0.57998504	-0.72522633	1.415166	1944.51	41.400139	34.843142	-0.58284565	-0.035182245
1751	4.6516951	-0.89313315	0.38886469	2032.1414	15.794842	9.3979823	-0.045944098	-0.14400693
1752	0.39208632	-0.99398191	2.495617	690.74719	2.2475132	1.6466502	0.012835825	-0.029473371
1753	1.8064319	1.1957479	2.6673016	1451.8751	48.683629	38.845998	0.075149948	-0.17046955
1754	4.152522	0.3628257	0.5153631	6604.3131	98.109339	51.806449	0.16709889	0.14601653
1755	0.17898703	0.22430509	2.1157797	486.5451	9.6661491	8.2254854	-0.10547723	0.088648134
1756	0.49389527	-0.54568064	0.35390324	2985.4531	46.686685	34.439432	-0.15223126	0.1093595
1757	4.1319325	0.36812532	0.84921901	1941.7836	12.314428	11.032664	0.063327373	-0.005114817
1758	2.6324294	-0.15253431	0.77563379	1964.1701	12.974217	12.192767	-0.00061446464	-0.27216674
1759	1.2501474	-1.0621286	0.77986668	2760.0392	119.38385	44.238612	-0.024532627	0.05015671
1760	0.96790352	-0.81797343	2.0820882	5000.6042	62.617544	40.619859	0.14026403	-0.00035596794
1761	2.6598971	0.26210697	0.38326636	2959.2585	14.537206	12.500703	0.0040952922	0.021176514
1762	2.2628085	0.38957862	2.4140898	9435.2462	72.86352	56.431063	0.35173014	0.074534316
1763	4.6277208	-0.231041	0.99978737	921.17997	31.363257	8.5417442	0.13896843	0.073918502
1764	2.8340405	0.66615634	0.9517977	1452.6695	31.377185	6.7952582	0.015942927	0.063086182
1765	2.0056454	-0.54787901	0.34871754	2838.0057	13.827434	10.725275	0.19478643	0.014246743
1766	2.0623998	-0.81831566	0.71691203	1095.4026	11.405169	11.180302	0.01168604	0.00012672942
1767	5.290313	-0.16717575	2.8586579	4622.8978	59.040315	52.777907	-0.039976249	-0.42257019
1768	3.0010437	0.0066323141	0.75428388	721.38071	7.639855	1.5064901	0.052578813	0.076510643
1769	2.8337858	0.79981695	2.1082386	969.0695	17.045229	11.20086	-0.047630743	-0.072437684
1770	1.565629	1.1644695	1.4259308	3787.2927	56.796482	42.434093	-0.019175526	0.0036119821
1771	5.8796764	0.13837441	2.5234823	2067.7677	12.064844	12.045396	-0.14630494	0.022454098
1772	4.9729957	0.10450954	2.1412436	1193.983	11.687411	11.496523	0.18115294	0.17571135
1773	5.1128236	-0.93993913	2.1845381	2007.7403	32.082707	17.794868	0.061421657	-0.063811202
1774	4.5819924	0.11180743	0.68267885	3405.3082	30.944868	30.596819	0.0027083012	-0.092577853
1775	5.5513717	0.18394951	2.6644984	2884.0535	45.082256	36.840486	0.13455747	0.041060996
1776	2.6577165	0.81635032	0.80172943	884.76859	41.479281	35.43159	0.023719968	0.31491638
1777	4.9654556	-0.2980888	3.0289941	1260.9816	16.813962	1.8185091	0.078039923	0.12282777
1778	4.0660346	0.10069731	2.8577433	278.37865	2.2525336	1.5523438	0.0060750183	-0.05949668
1779	5.318125	-0.048408406	2.2162005	944.92858	31.939312	12.962477	0.043064702	0.013746037
1780	2.3138404	-0.21525219	1.2574531	250.37504	9.5178893	8.2215787	-0.18043076	0.11538806
1781	3.0878122	1.1270272	1.3399911	9868.8773	96.548078	89.104275	0.019272677	0.062471577
1782	1.8278619	0.52475285	0.70583971	397.24888	8.6535283	3.4606145	0.0013706552	0.19244234
1783	0.88709603	-1.1374765	3.0101396	11449.88	70.163483	55.440856	-0.070889778	0.027078442
1784	4.5769951	0.60799412	2.5327309	3954.6764	68.088701	53.846148	0.04379102	0.10078824
1785	3.9342716	-1.2310546	2.9682033	2143.061	14.116133	6.5814209	0.41170784	0.45902969
1786	5.3228234	0.67139464	2.7021918	1290.2353	14.134172	10.820996	0.022231688	-0.016009661
1787	5.6766608	0.57362519	2.6665884	622.88793	15.518694	7.8465374	0.013476042	0.17195681
1788	6.139958	-0.053556175	2.7197693	4994.0753	60.39271	57.025071	0.19811254	-0.08389781
1789	0.85145994	0.023693763	2.9585134	5183.8225	44.19973	34.934043	0.079618388	0.0030181321
1790	6.1247023	-0.1576808	2.5519875	6769.5307	62.602194	59.786654	0.15539034	0.27124229
1791	1.951513	-0.41977583	0.62855392	5763.574	55.62104	55.035395	0.004137129	-0.15235251
1792	1.6478675	0.62908598	2.7302202	730.32733	12.738931	9.1166159	0.047634273	-0.025910403
1793	0.0090441559	-0.65584043	2.5425387	5797.0821	72.197478	63.371919	0.051949521	0.34236129
1794	1.2761131	0.027352568	0.90868765	6587.4813	55.35395	51.187969	0.074801611	0.014810966
1795	6.0821678	-0.1375673	2.3895377	194.98318	9.2162665	2.0424113	0.0091425873	-0.3165921
1796	2.8093093	-0.87430551	1.7518795	2469.1998	47.278062	43.49921	0.2745912	0.0076556031
1797	2.9898972	0.3268747	1.6333093	336.33446	8.8956397	2.7280838	0.032523939	-0.0838688
1798	4.8530014	-0.53324953	2.3755277	6100.9156	61.305537	47.196325	0.065394496	-0.082229205
1799	2.6389688	0.34045859	1.9645745	4554.1607	125.07981	104.2973	0.085408046	-0.00042755436
1800	1.4333826	-0.5495661	1.8133051	857.91194	9.6417834	2.3147027	0.0034482316	0.0064384316
1801	5.5912819	0.40026536	2.4028242	1593.665	13.320985	11.745152	-0.015278665	0.037417635
1802	4.5091779	1.0832601	0.44429992	9506.449	109.74873	76.903268	0.08723862	-0.014737423
1803	0.20268209	-0.88420376	2.3968648	495.34995	1.8240467	1.3180959	0.010221652	0.00067895201
1804	1.5606081	-0.6254119	2.3430242	1382.9078	9.1859269	8.4423635	-0.0053735506	0.071468771
1805	0.97173489	-0.9599458	0.56195089	13924.101	96.190271	94.457288	0.1249062	0.080040606
1806	1.3072188	0.94572154	0.67463454	3427.7979	68.84151	55.537144	0.27697185	0.048079047
1807	3.7787995	-0.8126631	2.5752606	5339.4694	29.900702	16.489184	0.051041277	0.23036626
1808	4.2573167	-0.093235358	0.38190825	760.47759	10.661427	9.5013549	0.027439703	0.46527227
1809	4.5509513	-0.11495722	0.64292411	2750.0704	28.445881	13.309777	0.10257046	0.00089236097
1810	5.5887305	0.35227095	2.5854928	426.77961	1.8513814	1.6314069	0.0099903554	0.076429354
1811	6.1501556	-0.074710925	1.0443864	1530.4219	31.196884	15.892322	0.11829974	-0.034894132
1812	5.7037967	-1.1120151	1.8484758	6498.9432	92.260633	70.250847	0.27136891	0.29876615
1813	1.3436614	-0.86158823	1.8849398	757.5888	10.210317	9.3800578	0.024048954	0.0021191543
1814	5.9676682	-0.41493644	2.4057135	1070.7576	9.5168899	9.2408064	0.23233736	0.085301448
1815	1.5552675	0.57632097	2.6691047	9934.2086	75.50936	22.685483	0.1199049	0.0044099084
1816	4.0355056	-0.044089248	0.68472333	7993.4899	142.77839	70.750777	0.12912456	-0.020865168
1817	2.3404608	-0.31000133	0.28614917	1589.9492	48.071413	44.172276	0.087927825	0.072407193
1818	4.2558423	-0.2783983	0.95545403	1200.9265	9.9592107	2.8293515	-0.043934331	0.1169336
1819	0.02697255	-0.35314998	2.8310123	5117.2057	39.921643	33.645011	0.32897318	0.052631536
1820	0.4473579	-1.1971566	1.0350462	365.53958	10.290005	2.2792189	0.12541391	0.02508065
1821	6.1055776	1.0428097	2.2344961	2326.9442	13.55104	10.455171	0.23237182	0.15568764
1822	3.784395	-0.27096342	2.7295755	765.97582	2.0614842	2.0004667	0.11725525	0.2749207
1823	5.6017477	0.077844187	0.48246588	877.1545	33.14185	12.381581	-0.07091106	0.15862756
1824	2.6804366	0.33863359	2.6046172	1736.0797	35.23116	29.090164	0.0038133628	-0.014897124
1825	0.6403198	1.2176757	2.3063395	3090.2615	14.812771	13.605345	0.19286458	-0.0183798
1826	6.1573419	0.27454824	2.1620742	3702.8934	47.84523	30.802934	-0.1268437	-0.0083804019
1827	1.0285218	0.88012909	2.8299982	1115.0065	11.213608	9.5448084	0.00027758613	0.21334511
1828	3.3570544	-0.77147191	2.1118746	1344.9323	12.888438	11.463995	0.48766284	0.086701556
1829	2.1194976	-1.4270469	1.0883731	175.45202	1.5820753	1.4516988	0.26837362	0.012269619
1830	6.2735131	-0.64370414	0.57204269	1163.996	11.737148	9.2192316	0.10481365	-0.14766579
1831	4.4045019	0.86529622	1.0648769	1746.5871	65.228966	61.181207	-0.15113218	0.34182894
1832	4.651776	-0.7265923	2.3598186	987.57477	11.686622	10.791105	0.36236864	0.026762739
1833	2.5753951	-0.56623514	1.2023087	5579.3946	64.149865	61.415648	-0.15687247	0.07656964
1834	4.8987937	0.95011501	2.027949	317.66819	9.4481237	1.2410879	-0.06987191	0.025173611
1835	5.3860124	-0.92155885	1.2541756	3043.8938	80.205933	72.593945	-0.039458625	-0.050792977
1836	0.26836378	0.31754263	2.7858906	7175.8226	156.68346	89.620365	0.014253152	0.34975993
1837	2.4939504	-0.89505618	0.83302328	2937.8874	42.153879	39.440227	-0.29298044	0.30234899
1838	1.0398117	-0.32127634	0.39064194	3234.6621	33.030439	10.588116	0.0039446435	0.001477022
1839	5.0775008	-1.0708301	0.63516387	2027.7948	13.4466	12.556871	0.12034627	-0.011276277
1840	3.1628796	-0.038499892	0.84817853	3909.9534	29.323204	16.694816	0.08839604	-0.0089118566
1841	0.50028555	-0.926385	2.8255326	2183.7517	13.125653	11.09707	0.00050194596	0.075918961
1842	3.1450833	-0.87523478	2.9319634	9511.6505	72.949916	71.244292	0.0056768812	-0.028366956
1843	0.57033187	-0.46266349	0.56520908	1019.7271	28.915313	25.630196	-0.23918057	-0.020131956
1844	3.2541632	0.47104899	1.2831261	607.93883	9.8760143	3.3933361	0.0036531366	0.37488614
1845	0.91312133	0.23063076	2.5321091	9881.444	145.56066	90.228108	-0.28072919	0.089997584
1846	1.3522189	0.35867453	0.90553641	570.79468	10.654889	8.7987017	0.097821901	-0.09568374
1847	2.2837883	0.36543566	1.178844	1202.4285	17.04018	15.320838	0.13301037	-0.14917551
1848	4.8133522	-0.82483442	1.3694374	438.71775	8.534418	3.8731552	0.11606416	0.20662662
1849	5.1619569	0.53199526	2.6591782	2348.0355	13.170568	12.690567	0.091386264	0.17741164
1850	2.4229088	0.58939117	1.2084323	4961.6851	60.581824	57.644448	-0.025573959	0.013308362
1851	5.2350897	0.51230462	1.4104861	409.50635	8.5460528	8.4171217	-0.014409306	0.19765663
1852	3.0420788	0.29835246	0.1433039	436.53169	2.4855628	1.3921477	-0.028069936	0.092310169
1853	4.9700913	0.82463169	2.8329858	2391.607	15.014582	12.501655	0.013424575	0.0023719961
1854	4.2240724	0.75214241	2.7703045	543.95698	1.7574497	1.2760374	-0.10334292	0.089379066
1855	2.7158835	0.17664464	2.4264864	3508.8258	46.121762	39.345874	0.05428959	-0.0059815647
1856	4.3328473	-0.53621259	0.47016833	987.33429	9.5019652	1.957482	-0.042341542	0.0073299415
1857	3.4902541	-1.1547123	2.092592	979.95701	11.636855	11.368964	0.25761321	-0.078037903
1858	2.106706	-0.25196014	1.0467935	1203.9893	30.492983	16.623953	0.0028416607	0.034262402
1859	0.45445029	1.0773963	0.68869169	4053.3356	59.877032	53.983759	0.060698929	0.24592974
1860	3.954836	-0.2105535	0.82178647	706.51711	9.7609703	6.7149301	0.0091437693	0.013492237
1861	1.9191007	-0.78847044	2.4537937	4446.9798	67.533703	43.446688	-0.044393722	-0.018568031
1862	5.1544881	0.7467771	1.1298421	8674.0952	84.86154	79.227699	-0.23341293	0.11234399
1863	1.5776287	-0.13822161	1.4349532	2584.6174	42.28713	31.831947	0.029152705	0.0058132398
1864	0.81310805	-0.62125039	0.77407199	754.66116	10.948884	10.180212	0.18026461	0.013117117
1865	0.27002124	-0.43897391	1.1044608	2139.9688	27.099964	12.449206	0.063297317	-0.036770536
1866	2.1407466	1.4010827	2.3197823	279.91056	1.6578907	1.3476177	0.018600193	-0.0048806067
1867	3.3112459	0.71250309	2.3725937	959.20553	43.145182	2.138221	0.27010973	0.016803414
1868	0.90343163	-1.0784388	2.0266412	354.86383	1.9901982	1.4103241	0.085125091	-0.057868787
1869	1.5587444	-0.14258133	2.7377596	668.28536	20.956204	1.425796	0.22216374	0.009574817
1870	5.7012661	-0.91641003	1.1745613	4319.8735	54.980344	53.687032	0.46108529	-0.030280139
1871	2.2979268	0.58921037	2.5086051	1523.8469	10.29362	1.9177273	0.024481502	-0.028846392
1872	5.9001597	-0.484956	2.2208407	1590.937	42.570192	39.605322	0.046089915	0.13888521
1873	2.8115768	-0.084220699	3.02368	1630.9449	11.243711	1.7137976	-0.018826207	1.3312779e-06
1874	1.6369772	0.23330978	0.65608155	6192.3813	132.85625	41.68642	0.14535889	0.60862853
1875	3.5360784	0.37223891	2.5444403	2744.8924	14.523845	12.235456	0.36952059	0.00091959937
1876	2.8522351	-0.065482167	2.2566955	688.72379	10.001133	1.8537347	0.091042539	0.014930692
1877	2.2307612	0.27931524	1.0169745	2862.628	42.670076	36.608907	-0.18477391	0.011487114
1878	4.4578584	-1.2891465	2.6483189	12958.944	87.263252	82.494369	0.63475952	0.020630163
1879	4.9181331	-1.2234496	2.4446026	1787.1936	12.088224	11.92889	0.13936282	-0.075953685
1880	4.0116434	-0.088268955	0.4413302	2774.755	21.279835	13.748937	0.36178389	0.14278702
1881	5.2410356	0.47251419	0.40442957	6250.0523	70.168151	63.909051	0.10822628	0.010407709
1882	3.6051889	0.89843002	2.7739064	2807.3631	51.521646	34.119392	0.28448247	-0.03295648
1883	5.1623975	0.64848584	3.0008665	5133.2966	61.937357	61.511658	0.24510996	0.043674452
1884	1.6468128	-0.70060436	1.1332178	276.11032	1.6020709	1.4850429	0.025259944	0.2721388
1885	3.5162452	0.23812247	2.3177096	3614.1787	47.823091	47.102223	0.007437024	0.081147186
1886	0.49222509	0.38058207	1.8474954	2826.4017	69.987948	24.519604	0.46914977	0.11818943
1887	5.6451061	-0.29191766	0.26485634	2522.0306	15.957007	11.975015	-0.061370819	0.03798107
1888	5.2874295	0.57317131	0.8060941	1590.9212	13.78683	12.592085	0.07530929	0.0070350065
1889	4.5694469	1.2613974	2.0352584	368.68462	2.1390723	1.25119	-0.0091051655	-0.067697497
1890	4.9467317	0.95049197	2.7964993	2315.0743	35.864699	31.55512	-0.08538289	0.12935551
1891	2.8479659	-0.017293813	2.2083993	1402.5143	19.679505	19.099162	-0.011127275	0.3051662
1892	5.8903613	-0.75625488	0.86076216	1076.5081	12.191322	10.333992	0.27692053	0.030937824
1893	5.4260874	0.4920596	0.16345258	2187.0807	37.231322	30.759549	0.022942925	0.0028414319
1894	6.0090849	-0.37412186	1.5158184	1195.5973	32.414264	21.632165	0.046440409	0.012899721
1895	0.44712704	0.56242321	0.35206176	3895.3707	64.448889	24.50867	-0.077661818	0.014326506
1896	2.5771616	0.70805588	2.9245479	6881.6865	44.017992	31.728661	-0.063257815	-0.038487078
1897	4.9531116	-0.10480623	2.1512407	583.00664	10.991733	10.702914	-0.093696186	0.20260408
1898	4.7014732	0.58218672	2.6419299	2569.8895	13.200271	12.954577	0.029984008	0.48008261
1899	4.7432909	-0.42965684	2.6043426	2868.6552	14.264825	14.177998	0.28372524	0.0362977
1900	6.1912696	-0.50101332	1.5706839	3250.5284	51.619531	31.075554	0.12015582	0.00048437967
1901	1.4289458	0.40482866	2.4401832	451.8495	10.179939	8.6181921	-0.091184973	-0.085753476
1902	5.7820782	-1.2872446	2.4579535	478.24253	2.0399404	1.8861073	0.085777845	-0.20659484
1903	3.7678908	-0.88936709	2.3563274	944.97021	38.349775	1.5947253	0.17145535	0.017475414
1904	0.51779904	0.098592719	0.31663574	2696.9788	14.355378	12.914142	-0.4477847	0.1555409
1905	5.5305759	-0.33071006	2.426131	690.06317	10.567653	10.559573	0.042803352	-0.08115283
1906	3.0063112	0.67254097	0.50841364	1424.3162	11.267398	10.112936	0.17756195	0.075353004
1907	5.2389294	-0.91354179	2.6699208	6521.5237	55.727158	50.988094	0.16831107	0.031505495
1908	3.643927	0.21097931	0.53443901	2042.4392	10.500771	9.2157565	0.10514045	0.095526966
1909	2.0528184	-0.93151495	2.6380027	2963.2534	14.455437	13.126878	0.032145208	0.2136426
1910	0.29981139	-0.52377578	2.4460202	3572.9908	66.681716	58.220482	0.040226801	-0.11228251
1911	1.2620369	-1.3533206	2.1400061	4342.1362	60.730996	37.73677	0.048721317	-0.0090471224
1912	0.56605201	0.50795684	2.6431021	2570.499	14.291575	13.642727	-0.20388965	-0.46913619
1913	1.4640117	-1.0210551	0.5376855	2665.4691	52.001234	51.878864	0.17524436	0.031627793
1914	1.2915197	0.45050231	0.93772787	1060.7718	10.763356	9.4451719	0.039316714	0.17305545
1915	1.0863171	-1.3747837	0.29317299	1777.2298	11.797409	11.639887	0.073730971	0.0030306704
1916	4.7873958	-0.36597777	0.19958547	4675.3511	18.841963	15.436065	0.16468811	0.045915259
1917	1.0876682	0.3794661	0.88937372	2256.3848	14.194929	14.113181	0.36368231	0.08650532
1918	3.8537671	-0.44895874	0.94008559	14656.058	107.1642	97.619882	0.047873616	0.02147706
1919	3.7477305	-0.74134542	2.0305395	673.77086	8.2004145	2.7639793	-0.046384843	-0.070548071
1920	4.6618006	-0.27383717	2.5316025	1258.1985	29.623545	27.011304	-0.0011028681	0.23373395
1921	1.0449098	0.91278209	1.2310914	656.12215	10.751253	3.3728189	0.0067486257	0.065935222
1922	1.6472686	1.1023271	0.47167461	11072.012	108.00215	85.061912	0.17634597	0.17498553
1923	4.1402625	1.0969076	2.0936568	1410.9784	37.45225	11.083473	-0.10966648	0.00038178501
1924	3.5402074	0.85535775	1.6358033	2141.738	72.023814	30.040664	-0.042210755	-0.056554535
1925	3.968947	-0.72188083	0.25953524	5633.4511	62.426233	46.564576	0.036668802	0.023358589
1926	5.0210293	-0.88377584	1.5225326	244.90139	6.1972406	1.4314453	0.08218565	0.096611495
1927	5.5264609	0.1981633	1.340778	1421.534	39.671361	34.492034	0.007224164	0.24876998
1928	3.8863079	0.9198891	2.2069249	542.57664	24.254891	20.100305	0.0043272215	0.024607049
1929	2.0106921	-0.18912953	2.1405508	1553.5704	11.16584	10.543607	0.066200128	0.61920832
1930	0.20243004	0.52395574	1.2011677	165.02765	1.6000354	1.477576	-0.16036241	0.084874831
1931	5.0923095	0.14627717	0.46740347	963.83034	9.2214223	1.9406965	0.081268186	0.1471675
1932	2.3379444	1.0540907	1.6845212	1765.3196	64.843373	46.53568	4.0645024e-05	0.140992
1933	3.4511349	0.54899872	2.6632898	3037.1539	45.755451	42.242116	0.12374993	0.1460889
1934	3.8158105	0.067201117	2.900882	1129.9512	13.149708	11.638211	-0.088617203	-0.087308785
1935	6.0111359	-0.52312846	2.8705657	993.62223	39.077494	2.1777201	0.00053525364	-0.059215953
1936	6.2043351	0.26506511	2.5374168	8019.3561	95.23899	49.622166	0.043137135	0.14032884
1937	2.2299506	0.9167488	0.63176562	4285.0267	53.794257	45.758881	-0.0083683627	0.23453114
1938	1.431202	-0.37841924	2.5336393	796.76957	8.8253863	1.7513354	0.095957138	0.25221605
1939	0.23133743	1.140486	0.46179158	9240.4893	102.50027	84.518905	-0.11067016	0.021024031
1940	4.7615366	0.052586946	0.82256947	2465.1187	37.71506	13.546274	0.044869807	-0.024681305
1941	1.3835099	-1.1506196	2.9864218	4876.3429	57.764906	55.535225	0.15117907	0.063314034
1942	0.18253947	0.48581258	2.1912933	792.84632	31.358445	26.355663	0.45485408	0.015064162
1943	1.4001808	0.6716376	2.0817718	597.63038	10.359403	9.6135799	0.29858545	0.10408108
1944	0.47952344	-0.36996291	2.3407064	1484.7427	13.05557	10.86347	-0.01726587	0.17894893
1945	3.4717957	1.1044315	2.3703631	1933.5355	11.969233	10.901337	0.051947727	0.044226144
1946	2.113731	-1.0727	2.6445126	8803.349	78.334679	76.047788	0.0037051791	0.02054531
1947	2.8017349	-0.092351821	1.2166708	1255.0068	14.121369	13.46546	-0.041398151	-0.014898101
1948	2.5976967	-0.29654641	0.51777981	3678.9492	60.14698	53.284844	0.10804317	-0.31226632
1949	4.8635078	0.94620206	2.6935429	7801.8309	68.466369	60.62417	0.056346806	0.0335715
1950	3.8332573	0.67333035	0.34291713	2186.494	61.126047	48.312889	0.017341831	0.27808077
1951	4.1202761	0.99355261	2.5868044	144.8286	1.9526128	1.2975064	-0.28893735	-0.047336721
1952	1.091807	-0.32711823	0.65140238	262.85727	3.1219004	1.6358829	0.066194147	0.0082067057
1953	5.2606259	-0.17164241	0.39890925	7404.9537	71.111916	36.447	0.17997068	0.079679051
1954	1.7329899	-0.87362157	0.8543684	332.2085	2.4235539	1.6014958	0.069998762	0.13017842
1955	6.153735	0.35832496	0.4775853	1185.1968	25.390452	1.6672584	0.014568978	-0.011444243
1956	3.1941028	0.64109707	0.65646792	793.74902	4.9698017	3.9870668	0.12371348	0.025342678
1957	3.8432454	-1.003835	2.49485	2226.7691	18.457002	12.755911	0.045035013	0.1400609
1958	1.5462415	-0.019166239	2.8419091	4720.7453	139.33741	118.18022	0.0032197232	0.19591973
1959	4.0400111	-0.81327426	2.1131556	9072.977	86.795835	82.018512	0.014703968	-0.1679545
1960	0.47693679	0.32464532	0.47906857	1484.4919	71.143579	45.41327	-0.013670908	0.061926497
1961	3.9868034	0.32803324	2.1817694	3505.5113	42.998774	33.087824	0.09094407	0.17347619
1962	3.2417792	-1.1608092	1.5089518	3047.1744	45.129437	44.84987	0.14319557	0.10488217
1963	4.7304299	-0.027743399	1.565008	2278.3681	59.429929	49.753728	-0.21011267	0.20537163
1964	4.3342963	-0.0014513694	2.2897195	2156.8034	24.016607	20.090349	0.42023291	0.015297699
1965	1.0342116	-1.0521014	0.86001264	2676.4591	49.639548	41.964934	-0.087459334	0.15533081
1966	2.8104343	0.59325737	2.7521926	2748.4009	39.766245	21.97064	-0.016620249	-0.18367642
1967	3.9401535	0.87951286	1.4338986	1548.5101	27.584142	26.70578	-0.051462415	0.21080176
1968	4.7749776	0.15820402	0.92767365	7763.8192	161.57581	146.0233	0.15110736	0.027385572
1969	6.0561676	-0.90926669	1.4541669	2048.4479	38.923802	22.316263	-0.14852968	0.092437131
1970	5.3483157	0.021728665	2.5367324	327.69003	8.4090147	1.2566639	-0.0032502525	0.1104948
1971	4.1467548	0.24561084	2.5900402	5519.4881	66.703731	46.752957	0.072206669	0.016246114
1972	5.1377578	-0.46510946	2.1443658	349.64647	20.337548	15.410884	-0.4851217	0.36151422
1973	4.2398494	0.85455551	2.3705823	4071.2314	57.508794	53.385932	-0.0062039186	0.002212056
1974	1.0981326	0.59917488	0.61889638	2947.1324	32.85077	29.145767	0.23683719	-0.1245213
1975	4.699533	0.21685874	0.40013979	2227.3236	12.083162	7.0433529	-0.27832629	-0.0010291943
1976	4.5193776	-0.25143723	2.5691435	2394.9959	13.758453	13.167027	0.31785485	0.30433223
1977	0.2010914	0.37145013	1.0836948	1576.8129	13.587673	11.723571	0.0095070365	0.051916294
1978	5.684051	-1.1308854	2.7992823	3616.0475	147.00631	57.108104	0.0030868549	-0.025775301
1979	1.9540697	0.059998967	1.0924781	2724.4582	48.143569	39.523316	0.0053459584	0.054349426
1980	2.104411	1.2317206	1.5356856	245.68407	8.6528377	8.0857665	0.1151822	0.12364209
1981	4.5538416	-1.1247262	0.83844674	1794.9617	14.135322	11.448397	-0.12700145	0.029816097
1982	5.7959626	0.35650125	1.9712598	437.18669	9.6117994	9.2573263	-0.017542712	-0.22349361
1983	2.3139156	-0.42454032	2.4823763	457.22492	1.9705361	1.4129344	0.0010018963	0.027652361
1984	1.2739749	0.951561	0.79538862	413.69266	8.6100558	2.4472865	-0.0702189	0.089974541
1985	4.8955914	-0.31695625	1.2826245	1182.0359	61.379302	43.016998	-0.0031660249	0.12635052
1986	5.1997278	-1.0281712	0.15307719	2658.908	21.659042	16.97276	-0.13817559	-0.023651984
1987	0.28205573	-0.59795332	0.13898547	8189.8284	172.40768	64.50193	0.3082948	0.23547199
1988	0.4910954	0.65494292	0.33590868	2107.3719	36.159719	29.907623	-0.026063838	-0.019009272
1989	2.7443823	-0.35033801	2.7549409	768.5688	2.9880241	2.1329509	0.0091507115	0.18813742
1990	2.5181801	-0.99740525	2.4382562	2218.6653	36.085072	13.687115	0.00447723	-0.061152808
1991	5.0126726	0.88972769	2.15847	3964.6218	41.729865	37.791181	-0.17760428	-0.0037667979
1992	5.475563	0.16691077	0.73515682	3404.2448	61.74575	55.436635	-0.20432169	-0.0046650128
1993	3.9915546	-0.81073692	2.0840065	628.83639	6.7131934	1.4718155	0.22674146	0.0081506015
1994	5.0172506	-0.50125922	0.65056248	2440.9952	12.926895	12.691823	-0.18432823	0.057856525
1995	0.27323478	-0.52040591	2.0895913	731.90358	11.850889	10.562235	-0.079611888	-0.018225267
1996	5.0200071	-0.73069027	2.3464154	313.73453	11.057335	10.107312	0.11085241	0.14623122
1997	1.513253	0.92879722	1.6431422	1952.2292	46.177108	43.340142	0.23662863	-0.22172846
1998	4.6798381	1.004979	1.5286723	727.48389	23.387062	9.5279668	-0.045399272	0.2376919
1999	1.1717311	-0.66836742	0.9949166	7494.8431	133.32436	116.17807	0.081484484	0.0037653049
2000	4.293443	1.1552478	2.7215912	2540.9609	58.975883	55.974073	-0.39228574	-0.12831413
2001	5.799751	0.98096175	0.80050624	6818.4068	56.9316	50.932773	0.037448255	0.11443226
2002	1.7485246	0.45022631	2.7417183	800.3547	12.780674	10.09679	0.058308666	0.01559619
2003	4.8869385	-0.68834401	1.9413817	1560.1977	14.335389	12.023736	-0.044436967	0.018964742
2004	2.8728019	0.63078619	0.2547484	1823.749	26.076129	11.572176	0.024117938	0.33261226
2005	5.605223	-0.86423183	0.7251259	2712.5304	24.459513	11.951407	0.015852121	0.095621717
2006	1.0212189	0.42876275	2.6727438	1245.1012	10.471183	3.5980947	0.060717648	0.1641564
2007	6.1021241	-0.21436798	0.84310333	1022.311	10.379956	9.7378438	0.12163659	0.17314875
2008	3.8770083	0.18716183	0.71262624	3696.0096	56.780577	47.50114	0.0049092416	-0.082013729
2009	3.3536212	0.60527811	0.67762738	1840.1223	41.072425	23.645855	0.063560548	0.25650865
2010	5.2810322	0.10371691	2.5511497	4648.242	48.260415	44.709249	0.00043111407	-0.0016213415
2011	1.6933043	-0.65798111	2.6794823	372.5411	4.6909687	1.3489422	-0.051507432	0.1736491
2012	3.3873802	0.52480535	0.16175586	1695.194	30.776613	12.189783	0.069053947	-0.02100651
2013	4.8779119	0.73865801	2.7382421	3329.8739	51.242386	49.963856	0.0053368677	0.26954735
2014	5.9307573	0.7060067	0.98281429	1906.8213	46.395419	25.395907	0.054267999	-0.00047885122
2015	1.6543176	-0.48170443	0.5822157	9292.4761	88.922354	76.695343	-0.020038034	0.13012178
2016	5.935824	-1.220242	0.80926614	886.77603	33.76221	22.741651	0.090023285	-0.034887526
2017	2.672139	-1.1635782	2.1732494	2617.7594	20.673449	17.257148	0.38446148	-0.052799761
2018	4.5197371	1.4544074	3.0501999	447.32042	1.8133615	1.3855117	0.10151925	0.047531131
2019	3.134653	0.011417327	0.90853915	2254.7832	41.918516	22.717178	-0.0091891461	0.018602865
2020	4.2387357	-0.77504665	1.9544956	1059.4121	30.53689	22.029517	-0.077692216	0.081850905
2021	3.8185899	-0.63628635	2.6071312	3322.769	50.966814	34.466024	0.26286147	0.023158402
2022	1.3469926	-0.98758915	2.6809403	2606.393	27.407546	12.078152	0.026826271	-0.026057253
2023	1.3999513	0.82972641	2.9318427	7256.5779	72.032435	35.655922	0.29709824	0.018476958
2024	4.332461	-0.29219297	0.41506034	10155.113	72.099228	50.010764	-0.10819308	0.064478556
2025	2.1960695	0.013915169	1.6906055	2478.9789	47.57607	28.292048	-0.076621517	0.32956107
2026	1.5638293	0.16009185	0.75187571	1603.9803	45.543236	41.865817	-0.016866179	-0.065745023
2027	3.91535	1.4185575	2.1695332	3241.6529	46.440715	44.112003	0.54921265	0.041845327
2028	5.6218918	-0.72773425	0.30783918	1543.9775	13.817963	12.869513	0.0139448	-0.37286597
2029	0.72449459	-1.1197404	2.4745977	366.64527	1.5991047	1.5018798	-0.23251043	-0.027578229
2030	1.8333272	0.85860919	1.5179793	279.30151	1.6225037	1.3582807	-0.081089917	-0.0037238817
2031	2.0478038	-0.98479074	1.8918984	1639.836	11.73143	7.6548177	0.036849429	-0.025196288
2032	0.94175251	-1.0776055	2.5909721	1043.2649	5.6803952	5.2915826	0.13627669	0.039324055
2033	1.4170526	0.65068885	2.8455809	6314.8565	68.346619	57.080961	-0.25838477	0.045936076
2034	4.8453858	0.8303618	0.50073082	555.33534	9.226023	1.7768373	0.060676592	-0.0012887007
2035	4.7315724	0.89226833	2.5931851	1065.9097	10.697176	9.3811108	0.019904866	0.20804843
2036	3.6486552	-0.79394893	2.9527237	2001.3395	18.199262	10.744762	0.0061632325	0.18272627
2037	4.3716433	-0.076223065	0.12682134	1433.3351	12.970291	9.7369769	0.12641447	0.29079036
2038	3.6134593	-0.75036455	0.69448107	1276.6697	11.043908	10.720144	0.14458618	0.21110971
2039	0.75940847	0.33491116	0.25147216	2304.3074	12.721068	9.5229391	-0.2539678	0.088815283
2040	5.7097058	0.98180629	2.7227313	1457.9133	12.60906	11.331338	0.035420771	0.30065535
2041	0.40779625	-0.95982082	0.73101011	3036.9955	18.848475	14.759895	0.003253075	0.0080709894
2042	5.3019806	-0.30150476	0.87166817	4536.8657	48.173209	43.218193	0.15329633	-0.0065991214
2043	1.4685693	-0.47624702	1.4308657	1860.3737	48.895561	19.302774	0.0089099346	0.2824566
2044	2.0576182	0.98497962	1.9783489	6580.5996	58.293564	57.162687	0.021133075	0.015775039
2045	4.4050381	-0.17450386	0.96017821	1820.1666	44.954419	44.789629	0.24396485	-0.61432747
2046	1.8364613	0.2219765	0.62004454	1900.9758	64.125042	21.922032	0.074377988	-0.098088187
2047	4.9483805	-0.86574926	0.076874384	1856.0447	16.126549	10.881445	0.021971725	-0.16772716
2048	5.1119805	0.5762501	0.14205489	4407.102	40.989916	34.046154	0.009996563	0.39447646
2049	3.9720407	-0.62168396	2.4666349	1903.0352	10.19658	8.4766327	0.16310477	0.028938186
2050	2.1620467	0.32961174	0.54136186	2065.0726	12.580835	11.154528	0.033659406	0.24065533
2051	4.2842376	0.7459837	0.71449193	6223.549	72.636429	69.28696	-0.28643949	0.092054495
2052	0.1960967	-0.79759978	0.54206	609.6596	18.659467	10.686776	0.018264062	-0.034723261
2053	2.4275265	0.3696778	0.64871872	7422.1988	72.093126	70.96431	0.11244137	0.00714278
2054	1.5932646	-1.2101701	0.35469721	1702.1332	30.553198	11.487077	-0.00042208484	0.066082292
2055	3.9986753	-0.099508173	0.92311008	6632.309	131.63609	48.003381	0.052460116	0.011620637
2056	5.6200487	0.29944054	0.093209521	7697.4	84.177322	72.147681	0.49372517	-0.1595162
2057	3.0988457	0.32295591	0.8192018	6769.0438	68.488911	63.585253	0.042684966	-0.053647987
2058	4.0803099	-1.0990049	2.9789496	1782.5994	10.89096	1.6349685	0.2056074	-0.036140367
2059	5.517042	0.45059389	0.067155958	5031.5549	36.513734	18.713425	-0.0072122598	0.02570202
2060	0.10057485	0.88555508	2.8412171	7844.6736	84.320891	54.641898	0.070178691	0.0047560312
2061	5.6917423	0.41926361	0.37788687	10963.699	81.061149	72.787757	0.19981687	0.17811191
2062	3.1213963	0.38300364	0.25257949	5086.3457	84.305892	55.49566	0.23259934	-0.11579142
2063	3.1366478	1.2752081	0.72174819	1665.4178	13.171634	11.643127	-0.038667402	0.028831785
2064	3.9702909	-0.3088007	1.193601	2553.5747	45.074433	31.147788	0.0011507117	-0.051988483
2065	6.2318953	-0.73210788	2.4633618	3084.5021	14.630009	13.567509	0.027196752	0.43466817
2066	0.92501159	-0.42756077	2.4224549	2844.5909	42.455009	40.67288	-0.014763868	-0.0082997474
2067	1.4717404	-0.34926587	2.6868871	1726.9507	35.651547	25.702893	0.033466824	0.11059428
2068	3.2937431	-0.87252027	1.3210494	971.75655	35.026013	29.914454	0.034034241	0.020378872
2069	3.7348201	1.0422059	0.89939678	501.02811	3.2577161	2.3178968	0.095378729	-0.02148534
2070	2.197282	0.28366925	0.73550189	7487.0121	100.08805	65.758047	-0.062083293	-0.16355826
2071	3.8507872	-0.68532689	1.7014528	5253.431	58.563148	53.122418	0.21527341	0.021751729
2072	1.3190728	0.28761608	1.4781507	1725.7326	100.57187	28.022186	0.2631696	0.0017223789
2073	5.604978	0.4003862	2.3704318	662.66967	33.551351	30.506044	0.070645368	0.049260885
2074	3.6376968	1.0533482	1.2273989	578.0966	11.10102	9.6350431	0.033403442	0.32449558
2075	3.6326252	0.16876176	1.8088704	3237.2374	43.66007	42.267414	0.07954015	0.22173817
2076	6.2220974	-1.2854904	2.2742731	1072.4253	42.400779	26.948579	-0.11719268	-0.053850074
2077	0.90764398	0.10643579	2.0119016	583.96636	16.00608	8.9327412	0.17134945	0.048395563
2078	5.0989762	0.89227384	2.9355374	6785.8873	84.88572	77.115435	0.60670755	0.0053592888
2079	5.6781295	-0.61783497	2.432043	168.56072	2.0108295	1.6204111	0.153853	-0.092977744
2080	0.96014176	-0.30637672	2.4757891	1354.9535	38.821427	36.925884	0.36310379	0.40385136
2081	5.7909426	-0.95153091	2.7025572	3374.2282	61.400475	54.214432	0.13607512	0.0097177916
2082	2.6799977	0.91583666	2.8689696	1276.8439	25.376892	9.9642257	-0.27154313	-0.082460041
2083	0.7444343	0.26744914	2.3736164	1633.4538	94.250997	36.099817	0.36398317	0.24312097
2084	4.0452233	0.44412567	2.2778184	1325.676	38.517111	27.627766	0.08868162	0.36970835
2085	2.7830199	1.1656153	2.4246801	2223.1559	39.94124	32.936414	0.028097268	0.090937182
2086	1.4277226	-0.45209023	2.537594	3795.3885	42.257262	14.85995	0.00069781202	0.075098122
2087	4.8045451	-0.54132345	0.23496898	2153.7067	12.764339	2.1413883	0.086987528	0.047547726
2088	2.8600804	-0.36717921	0.84973547	1675.2929	14.066322	12.712434	-0.010866534	0.028865775
2089	1.0645816	1.3196377	0.54099809	9064.92	142.33071	112.13369	0.50897136	-0.10904317
2090	5.8835197	1.1848548	0.063458081	3555.0683	43.044259	23.203905	-0.029899576	0.095455841
2091	2.4402712	-0.25701148	1.9287212	756.62867	11.372722	11.240192	0.01273894	-0.00044917483
2092	3.2318444	-0.55459598	1.6986881	877.93961	77.656273	37.743877	-0.083574856	0.012589668
2093	2.2799712	-0.68380147	1.9508448	875.16131	10.814261	10.716618	0.37234464	-0.11784092
2094	3.247899	-0.64397466	0.82867421	3438.2131	47.102769	32.084281	0.038740689	0.28957178
2095	1.1479004	0.20274052	0.46611601	1028.2832	9.7998743	9.1815967	0.083215062	0.042390718
2096	2.1236416	-0.5077072	1.1076692	434.7741	1.7964474	1.7534428	0.076523054	0.12706792
2097	3.3501267	0.75892351	1.6412864	407.06877	8.8006937	1.5516937	-0.21632428	0.14247346
2098	1.6999252	-0.71029813	2.014019	8357.4291	66.941996	66.408581	0.53011617	0.31158801
2099	0.96858705	1.1292986	2.1517877	1026.7838	24.654399	11.564225	-0.071134149	0.52041176
2100	0.49080883	-0.68057181	2.6712278	10084.05	83.929304	66.882974	0.025407872	0.13798901
2101	4.0865299	-0.18593273	2.3730825	443.36599	7.7159811	2.1027261	0.11141883	0.067567536
2102	4.4331882	-0.76380272	0.32740266	1959.5383	42.150498	33.86047	0.13308942	0.22059576
2103	0.23847708	-0.99225215	1.0535925	1719.6073	50.905366	45.895244	-0.026684179	-0.15797357
2104	3.1293443	1.1547093	2.3550117	6534.9418	77.394669	63.531874	-0.13548147	0.33701622
2105	3.0244118	-0.30848809	2.6080682	928.71378	33.32675	32.36487	0.030868087	0.17733275
2106	1.9341935	0.66622032	0.98773836	1721.8861	14.721718	12.601494	0.097787757	0.42889633
2107	5.794462	-0.11442131	1.0033803	773.30062	12.026014	9.7820298	0.027436099	0.10433788
2108	0.63153923	-0.0083921672	2.3754722	5229.2966	69.860309	56.983375	0.50537305	0.29874672
2109	4.1534071	0.383669	2.5769062	10661.393	84.76199	76.286038	0.20440954	0.064644671
2110	1.2880272	1.0456438	2.8626611	379.59305	1.5074809	1.3228976	0.043761278	-0.021162055
2111	4.6941615	0.22125918	2.5043594	554.74762	1.4775653	1.4293293	0.028715291	-0.02617245
2112	3.8401622	-0.75497313	2.1779799	4126.4013	166.00213	78.635622	0.2309623	-0.014233604
2113	1.6213306	-0.77280146	1.9967491	8770.0773	92.097136	68.934335	0.17248875	-0.0085511793
2114	3.1385844	0.94758954	3.0775115	2018.2373	54.660645	28.777134	-0.056244599	-0.010253338
2115	4.3506417	-0.64804114	0.77246059	1294.3167	20.678273	10.083148	-0.020495009	0.019056064
2116	3.7505192	-0.16611324	2.0384384	3727.5952	68.408776	53.286164	0.12367673	0.098064737
2117	1.2111299	-1.1208915	0.89576341	3335.157	37.096671	26.97103	0.27661438	0.073834248
2118	1.6585804	-0.78389629	2.7490815	1409.6333	11.668795	10.448423	0.0013164884	0.41001918
2119	4.296858	1.0455879	1.3084733	703.82164	11.019163	10.23663	-0.062357609	0.17758605
2120	0.87040058	0.21039038	1.9524892	808.643	12.845121	1.4088172	0.045676319	0.063216315
2121	1.4031396	-0.69616088	2.5271974	2719.7932	46.485434	34.046365	-0.04004322	0.054579929
2122	0.3603589	0.23690539	2.2797495	79.408184	27.879743	1.4931135	0.28344472	0.011719635
2123	2.3540264	0.82760429	0.87724798	2934.7796	80.427308	50.66297	-0.044717317	0.025151593
2124	3.1304934	-1.1651044	0.77540554	2866.319	39.091	14.394765	0.3325832	-0.0209533
2125	0.94823927	0.20685414	0.56761808	719.60117	7.3110521	5.0735271	0.011727287	-0.037181848
2126	5.2536812	-0.23880861	2.4184856	4167.2216	46.346368	46.196063	0.10193489	-0.0082092568
2127	5.8537463	0.1673543	1.9387548	691.53184	10.369876	10.272041	0.045284969	0.036126264
2128	4.5585745	0.072845463	0.54674102	439.95753	1.7238948	1.6495857	0.069926573	-0.070018588
2129	4.226712	-0.10512352	0.89222305	324.12091	51.557881	23.79605	-0.13520396	-0.4954898
2130	4.4723294	0.69207547	0.52462463	3597.6397	44.881445	36.21685	0.080010085	-0.023807435
2131	4.0740271	-0.80407144	2.7547612	1997.8773	13.146762	10.51966	0.002203332	0.091283405
2132	3.1889791	-0.75387768	0.35827351	6291.7534	69.970692	50.817614	-0.034787558	-0.02837147
2133	0.57414379	-1.1922487	0.83588369	1232.2664	22.849298	11.669074	-0.034419496	0.18337858
2134	0.0034038988	0.71178088	1.719626	218.01548	9.9050321	1.3691086	0.04030518	0.096174688
2135	2.9025271	0.32113938	0.77207841	6926.9889	64.295647	48.830669	0.49381105	0.11774977
2136	5.6872941	-0.43065824	1.4395843	377.31869	11.109532	10.807207	-0.0048829807	0.075283139
2137	2.8464671	-0.6616867	1.8574493	2594.3659	32.421559	22.717321	-0.10330532	0.047199924
2138	5.3336145	-0.64246078	0.95247871	529.31535	8.7797211	8.7738558	0.024557947	0.037359826
2139	2.1492623	-0.41103914	1.9775568	797.16231	14.378279	11.23944	-0.056612468	0.059107962
2140	6.2132982	-0.44897587	2.7180734	1166.8475	30.207062	28.771697	0.037617017	0.055171364
2141	0.0251977	-0.85344091	2.3070993	353.34216	11.659388	6.9957395	-0.16941234	0.20293261
2142	2.2572397	0.15474541	2.4540244	736.83545	8.8520455	5.0009849	0.2860048	-0.008594121
2143	2.0191771	0.71022041	1.4088096	929.59109	36.536301	34.818075	0.030840815	0.12141629
2144	3.8513496	0.76161997	0.079786973	1500.29	10.863825	2.3987028	-0.080868729	0.34645422
2145	4.3148058	-0.36692512	1.3523961	1592.2146	85.19515	27.908368	0.16167524	-0.14356386
2146	0.60383342	0.12401333	1.7222289	3667.0884	57.120416	53.468224	-0.00023471287	0.38554109
2147	1.7200887	0.42122924	2.6445701	571.90641	1.9911821	1.3628693	0.08487909	0.013449985
2148	5.4806928	-1.0366633	2.8825612	7353.1657	24.825569	21.776618	0.14517069	0.51174564
2149	4.5050131	0.14189773	0.49322712	1062.302	11.64788	4.9972069	0.043371836	-0.029844943
2150	1.6202948	-0.24856558	2.3966952	676.98331	2.5749243	1.4853891	0.15330293	-0.0052169763
2151	0.43619317	0.19062158	2.3467967	2277.7487	49.0831	26.89196	0.14123799	0.19957973
2152	1.0049588	1.0989542	1.3481931	2848.3396	67.333439	49.644032	0.050018734	-0.015886113
2153	2.5548169	-0.1540531	2.7429237	2593.5791	64.111333	50.798983	0.071007181	0.0091611774
2154	5.1336141	-1.2295644	1.929476	3251.6854	80.547646	38.518858	0.094678145	-0.090534263
2155	4.6831185	0.26015747	2.5109962	1836.667	14.67383	12.406025	0.020770913	0.0037572456
2156	1.4465412	-1.0438425	0.96084501	4131.8811	43.495606	42.260837	0.42656204	-0.04199494
2157	1.9453998	0.94628319	2.7739849	2966.4219	12.864979	11.353386	0.023688231	0.0017394873
2158	2.1676802	0.31491608	2.1286706	717.8485	10.218284	9.7180565	-0.038373427	-0.039672774
2159	5.9723356	1.3147616	2.6114605	1893.225	11.906848	11.783347	-0.23097699	0.039389845
2160	4.9222797	-0.58412722	3.0294824	3912.4642	66.080932	25.347634	-0.036367345	-0.00078336633
2161	5.5395608	1.2227872	1.9830129	1836.7958	34.129369	11.649441	0.15373587	-0.037223495
2162	1.7433138	-0.4737675	1.1331499	1913.4334	14.126749	11.094114	-0.19240781	-0.053652834
2163	2.110974	-0.3606824	0.65702184	590.5434	11.552328	9.7809896	0.080892732	0.0097648499
2164	4.6213889	0.55833951	1.8399395	547.22665	9.2892025	2.7855528	-0.002657168	-0.092297291
2165	5.9598588	0.44966949	2.1227225	601.97987	15.222778	1.7418103	0.01542161	0.012535043
2166	6.196319	-0.11929785	2.5331175	5501.7304	69.96008	66.415243	0.031447849	0.083325542
2167	1.918482	0.9206249	2.4987432	1445.5882	6.0994384	3.7781312	0.074216834	-0.046684917
2168	4.8394754	-0.28376349	3.087891	5348.2216	49.291309	42.06229	-0.045353426	0.047254128
2169	2.2887677	-0.39961209	0.63076618	539.0804	1.6486423	1.6408305	0.0064769176	-0.013860621
2170	3.4999306	-0.58717061	2.4863021	336.48063	1.6892943	1.4468193	-0.31250275	0.044440635
2171	0.52979441	-1.1769893	0.9285332	1475.0505	43.076773	10.907906	0.099038518	-0.083558814
2172	2.441355	-0.29618482	2.6168787	4362.7123	56.189024	55.047521	-0.0067524322	0.078683016
2173	2.0788976	-0.2318644	0.98781035	596.82791	31.116751	10.855111	0.014759838	0.064856898
2174	5.3163884	-0.20417934	0.24859589	2564.0235	14.775982	13.575944	0.15064043	0.040102133
2175	5.4353566	-0.78824023	3.0985319	1603.3478	12.865439	12.146156	-0.04643578	0.00027560195
2176	0.12907013	-1.3394488	1.3299213	1214.9362	24.114998	21.989829	0.2986242	-0.0072871343
2177	4.2247786	-0.84564932	0.41662267	2075.7849	20.128441	5.5944576	-0.039307566	0.31028219
2178	5.8454217	0.69244546	2.8512436	12677.276	99.715108	95.270861	0.27763037	0.043406746
2179	5.4702735	-0.80041259	1.0109298	5484.4764	87.905321	68.141494	0.11463978	0.10656087
2180	1.9113829	0.13203899	0.030000352	3746.4772	19.057223	15.561561	0.059442276	0.021888794
2181	2.0173423	-1.0308925	2.1318327	1691.9098	45.264824	13.309465	-3.9969626e-05	0.16872858
2182	0.48665282	1.0730163	2.5479933	895.8673	11.005725	1.6059463	0.02043875	-0.066694971
2183	0.79625775	1.3853601	2.0554523	4086.7485	55.928214	55.230034	0.027374211	-0.17935614
2184	5.461506	1.2463168	0.62942782	5432.9864	69.634197	66.105872	0.031447849	0.083325542
2185	1.0923481	1.1909274	2.5863447	1167.6069	11.861044	10.050829	0.63357871	-0.17449752
2186	4.2076834	0.084902156	2.6796564	6319.3872	193.95274	83.828123	-0.10426762	0.39767702
2187	1.3144636	-0.52410156	2.8945851	1748.0235	34.828919	5.8658181	0.12892977	0.44543157
2188	1.999405	-1.1511067	0.67521684	504.26423	1.7316818	1.5565772	0.21803646	0.24540355
2189	1.116454	0.85390027	0.7303944	5732.5007	74.109422	67.503152	0.24627552	0.29622916
2190	2.4685127	0.26566159	2.3472772	1933.5111	12.27864	10.969742	0.015663033	0.0054037437
2191	4.7113417	-0.72208681	0.18257639	2541.9556	15.366587	12.564798	0.23549799	0.030152415
2192	3.3267718	0.45835635	2.4796673	16302.603	200.89651	191.03678	0.25703905	-0.0068725977
2193	0.20643929	-0.40598277	0.15289754	9783.0519	78.507389	67.811846	0.052453289	0.035750823
2194	1.0462151	1.1903587	0.25160777	2717.6129	15.390457	14.189973	0.00071401548	0.18647784
2195	2.5055895	1.1385427	2.4494655	2730.0112	51.989104	13.127842	0.12749964	0.12045144
2196	0.15814684	0.67936802	0.45027797	1071.8853	12.249568	8.0260485	-0.0032196682	0.088417047
2197	5.0979256	0.68267848	0.50936063	412.59459	9.2566657	1.5220663	0.0062520877	0.088578884
2198	5.81752	0.88829227	0.42496996	534.90571	44.746017	3.191628	0.12542834	-0.027019657
2199	4.9914301	0.50666639	0.2167517	349.20537	1.7503563	1.2841938	-0.190322	-0.067083963
2200	5.0905493	-0.048504577	2.6274032	1040.6193	12.25614	10.013694	0.55877309	0.056148466
2201	2.5830259	0.21037449	1.8014296	2308.5518	88.78042	52.267194	0.036612146	0.31082092
2202	2.6817079	-0.97304653	2.3237404	4566.4299	63.876574	49.862051	0.19136028	0.30457785
2203	1.5714846	1.3227188	0.22935382	1608.7834	13.386954	11.577271	0.14154226	-0.0037509664
2204	1.3923188	0.80009403	0.35939778	2223.5193	15.004772	9.6523427	-0.00041390651	-0.10124032
2205	0.29073176	-0.69581791	0.46911923	7891.7984	66.558184	63.762491	0.10246847	0.0037244199
2206	5.1787936	0.16114159	2.5067536	1989.1357	34.258223	28.649504	-0.008407646	0.0043049785
2207	4.0624447	-0.26357191	1.7056082	557.59718	16.629738	11.177963	0.024378225	-0.021296346
2208	3.7951944	-0.53105433	0.35637589	7030.9368	72.340954	66.764021	0.040765059	0.021479607
2209	4.0542013	-0.76078035	2.1693114	268.29209	1.5364603	1.2722025	0.070294613	-0.02724149
2210	1.7193038	-1.3021668	1.2150819	1690.2627	65.697866	46.164346	0.1079537	-0.3173809
2211	2.4289631	0.24036544	1.1295953	2988.5549	87.078391	47.062532	0.032636492	0.22702692
2212	4.1110091	0.28205368	2.984701	417.35131	1.9093575	1.7708144	0.037411132	-0.11796409
2213	5.0292793	-0.029626562	0.58096898	1807.6693	47.493971	46.993061	0.075587782	0.0049824055
2214	2.1748663	-1.2893729	0.37847956	1765.4523	13.730561	8.5829515	-0.032375378	-0.15392847
2215	2.2815235	-0.95605793	0.87503067	4519.6459	61.137835	26.077108	0.059070528	0.095232603
2216	2.6830401	-0.86374506	0.3539699	10463.557	88.312691	87.930719	0.28559665	0.038255592
2217	1.1500999	-1.3245187	1.1034036	4632.5349	37.656671	37.634355	0.48541176	0.0040702891
2218	0.86072841	1.00581	2.6372024	10536.268	89.047911	78.213405	-0.2436474	0.01586678
2219	4.6069029	-0.25667519	2.3516191	376.9626	9.8457427	1.8109856	0.051358413	-0.06775131
2220	2.232183	-0.45533934	1.0019319	4487.0041	66.660035	58.06872	-0.17993827	0.059884263
2221	0.0095615114	1.1567586	0.75207308	2946.8808	16.656412	14.178833	-0.026218992	0.036415071
2222	3.7984844	0.42554266	0.54606928	2458.7523	14.690111	14.350076	0.018037737	0.12175495
2223	3.1101992	-0.14704423	2.4758335	949.27098	21.354768	4.269565	0.2487992	0.0631354
2224	4.9099366	0.85338541	2.8485237	4648.7943	140.49228	112.29853	-0.09597799	-0.052577465
2225	4.590143	0.1909626	1.9945237	4543.0884	48.847681	39.946983	-0.0020889821	0.14397303
2226	2.8134336	-0.99764587	0.41307536	960.56398	2.5301801	2.0626117	0.094353903	0.024379642
2227	2.3923685	0.16205445	0.3011133	5627.4893	61.736865	45.684426	0.12086425	0.24620601
2228	0.96452798	-0.25181844	2.6352412	1198.5256	11.066541	2.0027645	-0.0014106309	-0.056945631
2229	1.8256164	-0.90297359	2.5199639	7006.262	55.014749	50.666598	0.12506086	0.21684917
2230	4.8619958	0.37294864	2.7474227	3849.1339	134.56896	16.444599	-0.090804529	0.21177193
2231	2.9636866	0.98133315	0.19211705	8231.8865	117.56344	60.348519	0.12256829	-0.032791867
2232	2.1757635	-0.60594481	2.7612863	1181.8787	13.393358	10.110479	0.04074533	-0.096964578
2233	0.91587278	1.1900099	1.3031171	988.80843	34.554861	22.693999	0.19177072	-0.24331117
2234	1.3294292	-0.96848665	0.30492901	5179.0048	61.742405	59.607296	0.11542682	0.23493312
2235	3.5035352	0.90816311	1.0034933	4285.7336	73.369027	62.230283	0.30215557	0.029661769
2236	2.985133	-1.0916438	2.8721483	4300.8575	48.502942	36.605457	-0.0013319527	-0.13821358
2237	5.0215179	0.026251985	1.3067582	722.95154	10.576018	9.5567227	0.1643497	-0.0081885377
2238	1.0532328	-0.64811359	0.57128376	1789.0795	11.628931	11.482925	-0.001967627	-0.023162215
2239	1.2024096	-0.67982453	1.5733642	772.9052	24.571241	20.257195	0.1001888	0.094106667
2240	2.0872232	0.071357949	2.8794485	979.25108	27.364776	15.383914	0.216435	0.031358901
2241	3.8153059	0.5962602	1.1554208	2032.6058	13.453999	13.397771	0.021048087	-0.021017841
2242	0.012519544	0.15179858	2.6229298	2070.8518	52.772554	49.139356	0.042082539	0.0011507196
2243	1.1213028	-0.87968434	2.7309938	314.17069	10.878204	1.5460597	0.092617945	0.0059134256
2244	5.335763	1.3275336	2.4607207	616.63429	2.5629786	1.6382667	0.0023427763	0.012015474
2245	0.67263983	0.15068678	2.8847355	4153.0973	52.261085	48.005838	0.19298986	0.07587451
2246	5.6936121	-0.88133607	1.6083904	254.39217	1.6626371	1.4856339	0.05274312	0.043180597
2247	0.015405324	1.1112556	2.6490172	9933.46	90.175947	76.136841	0.24814334	0.22463356
2248	0.48170647	-0.050137407	1.2029	921.67311	10.677025	9.8905841	-0.090379004	-0.010252835
2249	5.313676	0.34901372	1.9737926	2058.9266	36.030046	32.957767	0.0080894327	-0.0026813064
2250	1.0308862	0.025878546	2.2450868	884.79672	32.58201	12.232104	-0.16774666	-0.028933858
2251	5.031067	-0.15677395	2.6049255	2980.5096	43.167378	14.461124	0.26728908	0.22151394
2252	2.0590301	-0.026020106	1.3591909	1975.2924	38.983552	37.00126	-0.30451535	0.035638622
2253	6.1495755	-1.1547325	2.0261023	560.93748	32.887621	29.884111	-0.0099734847	-0.0058632978
2254	4.3801573	-0.055419033	1.350546	2127.8192	51.145725	37.641269	0.013248325	-0.07464083
2255	5.8845097	1.1232085	1.9059116	591.97626	6.1418409	6.0778952	-0.15663152	-0.018436333
2256	0.23227603	-0.87577222	2.1364187	888.22457	37.221723	34.579961	0.43204869	0.08144111
2257	1.1043177	0.35072126	2.4641851	1833.1302	12.18272	11.93784	0.080014202	-0.021633667
2258	5.7987603	-1.2287683	0.52535447	5084.9631	64.699977	53.114591	0.01017023	0.12356689
2259	3.0014949	-0.82103361	2.1055054	1425.0215	38.302623	22.929201	0.0083467722	-0.0046015975
2260	2.8382906	-1.0208535	1.5899033	3472.2849	107.54427	104.847	-0.0045012882	0.021780956
2261	0.82927417	-0.96210475	1.1591013	794.33866	12.268482	10.377822	-0.1186409	0.49851139
2262	3.1371946	-0.42739937	0.24661419	5667.1308	72.843447	57.815245	0.048994088	-0.13311793
2263	3.0830841	-0.85796328	1.1318372	2988.3234	48.083709	43.269953	-0.044684238	-0.1318616
2264	3.5676018	0.15253288	0.92916185	2683.0376	83.111298	71.187727	-0.065774875	-0.018108059
2265	3.9801213	-0.99151438	2.1973362	386.85984	14.607538	10.58168	0.089230081	0.20253923
2266	1.9929496	-0.78507396	1.6148493	950.7444	11.836405	9.846669	0.096385067	0.079842838
2267	5.6814124	-0.7105586	2.342342	2106.2849	30.687128	27.450978	0.20180244	0.2022472
2268	5.1582617	-0.31431678	0.23555089	7880.5591	66.561104	66.521516	0.086402719	0.0087122513
2269	3.5199209	-0.41244725	0.44529498	1964.3845	37.65678	21.375884	0.0084892423	0.073602931
2270	5.5327467	0.090660944	2.8739402	503.01322	1.5908384	1.5838151	-0.022957939	0.049025276
2271	2.5477767	-1.2570208	0.56466767	4055.5579	50.932325	27.262835	0.064083041	0.00906594
2272	5.4114461	-1.0524192	0.39164774	1486.5368	17.389849	10.960636	0.041720668	-0.022056135
2273	2.6288298	-0.40441219	1.5265233	4906.1023	46.853095	38.407924	0.3154459	0.082347931
2274	5.5834377	-0.21186195	1.9346787	1035.4477	35.209133	28.635492	0.22718411	0.17800788
2275	1.1311283	0.3821448	0.30277926	4302.5296	52.001844	38.911989	0.059631725	0.045799506
2276	0.028958348	-1.0025063	1.0911156	903.85352	10.492765	10.006919	0.051599546	-0.012809111
2277	5.9641257	0.25676362	2.2361463	724.31526	10.417241	9.887638	0.0053872164	-0.11963349
2278	1.824293	0.43692179	0.72848524	1310.9425	11.256593	11.105672	0.052358987	-0.15358646
2279	0.30710396	-0.79716181	0.78270698	561.98594	10.479999	9.5826148	0.14739604	0.15486713
2280	5.9984088	0.21721372	1.7879666	725.40944	11.706647	10.439	0.038327064	0.022038224
2281	6.2543582	-0.99639768	2.0415586	1923.0937	92.083481	16.139551	0.0013399574	-0.074829154
2282	6.0483553	0.46803034	2.8553769	675.37633	11.036956	2.732528	-0.039733367	0.0056024757
2283	1.3164101	-0.0644138	2.655085	1007.9707	11.474236	10.897048	0.21154335	0.15356041
2284	0.46300218	1.2695489	1.0359284	7729.3319	75.524442	70.633981	-0.056312801	0.1491578
2285	1.7906759	-0.72908486	2.5359711	6366.3574	72.384677	40.40972	-0.010661689	-0.028617659
2286	1.86539	-0.29150946	0.21226156	7710.9232	51.182313	33.070614	-0.011167938	0.0075913358
2287	1.9665383	-0.19790748	0.45252982	8556.7721	81.772223	80.500672	0.096038287	0.10528374
2288	5.8873758	0.76013408	1.1296629	202.91139	3.326095	2.277071	0.0043996611	-0.003137016
2289	3.1489718	-0.063778426	3.0978906	9064.6831	77.456828	64.949787	0.1089432	0.11427947
2290	4.1062846	-0.58690618	2.6024677	1195.3988	41.17008	31.840751	0.070056961	-0.0053827119
2291	5.0613341	-0.73001178	0.39081678	14160.038	95.575977	93.606112	0.089595004	0.52707979
2292	3.0415866	0.97230674	0.86008948	4059.5021	52.254305	46.858554	0.11237404	0.12254982
2293	0.68084321	-1.1738535	0.57013717	3599.9695	57.546775	51.560695	0.11252072	0.038217548
2294	4.7709488	-1.3098973	3.029658	1541.0395	41.00344	24.228041	0.057982248	0.073534476
2295	1.2071063	0.24375541	0.12085572	878.19659	7.7276179	3.9681627	0.11969251	-0.0038105495
2296	3.4362357	-0.65260432	2.3422527	575.25666	2.0623237	2.0163988	0.11939967	0.0060275107
2297	0.39731516	0.32092738	1.353421	233.3655	1.5711746	1.4294458	0.16201157	0.091491152
2298	5.6850098	0.36976728	0.88647724	4624.3115	47.382289	24.938588	-0.04074027	0.073295047
2299	3.4253403	-0.77541581	2.3792424	1659.2252	12.139539	11.332969	0.016285556	0.0047689506
2300	2.9911566	-0.64745106	1.3494329	1172.2857	24.674586	20.998655	0.15424624	0.1532663
2301	3.7252111	0.070601854	2.627199	4975.419	40.835719	26.303962	0.021447025	0.20113022
2302	0.11159166	1.0737754	0.85038233	360.52417	1.4727539	1.3976436	0.066262658	0.024371825
2303	5.9183995	-1.1822475	0.98930204	7515.2209	74.845848	57.222013	0.20094972	0.00038507105
2304	4.4110835	1.1809965	2.5377619	11016.06	128.68267	90.962266	0.033176234	0.019597882
2305	3.9186339	0.19822659	0.63761863	3356.3946	49.16365	40.147064	0.16414846	0.037224947
2306	4.8247817	-0.78104895	1.7986294	2046.1379	27.859426	7.0168707	0.20373463	-0.007051025
2307	4.7559345	0.093280147	0.098542035	1318.4886	10.319669	10.225088	0.086229978	0.020079627
2308	0.14063192	-0.22116013	2.7836798	374.50046	1.4291	1.4158108	-0.0006833976	-0.063675948
2309	6.2313178	0.15031146	2.6068741	758.41167	12.701743	9.2741629	-0.2391988	0.010917733
2310	0.21834276	-0.431591	0.57233489	3924.1181	50.204961	44.834625	0.087246478	0.47091614
2311	6.0719671	0.95990034	1.6193403	121.91736	2.0433701	1.6082343	0.0027147616	0.0012188914
2312	5.9067891	0.81745227	0.21493333	1318.6505	12.313409	8.2814956	-0.035583838	0.1249924
2313	4.8433225	0.10960918	2.2471057	778.72059	37.258768	31.839787	0.10231832	0.025864257
2314	5.4619452	-0.50868863	0.14966062	11449.398	205.59868	193.94571	-0.50663586	0.012633418
2315	1.0823769	1.3963046	1.1890621	1354.8991	11.160213	10.722844	-0.030918298	0.072190865
2316	3.1523261	0.33925665	1.9890369	508.87401	11.218549	7.0554483	0.045312974	-0.029423915
2317	1.0131667	-0.036913635	0.37308363	3525.3009	90.930675	79.51993	0.070244545	0.07493633
2318	2.395969	-0.66646825	2.1722248	1241.213	11.337788	10.593004	-0.16194659	-0.074722447
2319	1.1411346	0.89108286	2.0482238	2689.62	52.722194	47.019383	0.048043691	0.28277086
2320	0.91908096	0.38912113	1.0954727	7064.7006	72.327485	62.124796	-0.00849422	-0.06963667
2321	4.0513118	-0.37669608	2.4561366	9335.618	131.27305	90.104951	0.16916834	-0.0002944211
2322	4.073958	-0.43265966	0.86310892	2733.1658	42.117385	27.016435	-0.10899461	0.0090286728
2323	0.97334893	0.40038576	0.93688976	6554.589	51.757803	47.344419	0.0080894327	-0.0026813064
2324	3.4525099	0.70856383	0.9971093	447.46081	2.0068377	1.485719	0.025798362	0.0032284433
2325	1.3411298	0.19092511	1.9445994	269.19231	2.7283919	1.8975816	0.059175225	-0.060557796
2326	4.8777859	0.72487877	0.63878696	1268.7206	11.116596	8.6126476	0.044604133	0.048131636
2327	0.8376275	0.36807558	2.3563944	8339.441	58.524384	54.392629	-0.19135955	-0.052582901
2328	3.1471043	0.58880174	1.6769339	258.3162	8.6882702	8.5697764	0.010170568	0.085535121
2329	6.0087041	1.0422194	0.38680758	7231.6742	71.655819	55.866484	0.0065382949	0.21651728
2330	4.6415484	0.45635652	2.6637138	1038.5892	10.146108	9.413413	0.18587978	0.092098025
2331	5.2219512	-1.3861145	0.77607323	1957.635	41.382086	41.204345	0.13584358	0.031595658
2332	5.7510619	0.52648647	2.366101	1041.0478	45.979974	45.671368	0.14576278	0.023479332
2333	2.7888975	0.35398359	1.1922383	1634.5069	15.381957	5.9083623	0.068216829	0.13027376
2334	4.6877313	-0.23886296	2.7784187	3020.8473	112.02294	109.31794	0.058164728	0.042951131
2335	2.0497471	-0.22602548	0.50669128	3520.905	77.729172	62.00709	-0.0029756203	0.40521311
2336	2.1221472	0.039974536	0.71526452	4319.8956	84.519867	57.959905	-0.054864896	-0.46613633
2337	5.8099138	0.0194323	2.2729596	4694.9001	121.01649	119.80801	0.009996102	0.038831492
2338	2.8201633	0.37502968	1.5658061	1252.8335	34.556588	31.747797	0.011231476	-0.097752345
2339	4.352725	-0.20932182	2.475205	326.81002	3.6708561	3.1145496	0.065892	0.0006058553
2340	2.4007264	-1.0518314	0.26534588	4521.7175	57.738825	49.790828	-0.083849708	0.09935219
2341	2.4724741	0.89307425	2.8656156	8278.1266	67.057156	50.632784	-0.17575186	0.13390499
2342	4.957438	-0.8247992	0.86483797	3306.3434	47.976283	41.920567	0.039547674	0.0091834566
2343	1.2443698	0.10124449	1.1155995	691.35443	9.4246426	8.0398392	-0.19364085	0.018904193
2344	2.6256301	0.96105232	0.38111325	2268.422	13.949092	11.63632	0.03281096	0.013993386
2345	1.1175186	-1.1111254	2.4676614	1674.8105	11.259172	9.9205154	0.059523004	0.11899404
2346	3.9566382	-0.16361863	0.35658304	4532.2169	59.774678	14.577023	-0.00070107848	0.22275691
2347	1.4064912	-0.70876056	1.1918454	815.09751	9.4327759	7.1691461	0.083910602	0.43059101
2348	0.41483577	1.0050277	1.590745	1245.5283	8.5153773	5.2616267	-0.004365613	0.065994638
2349	4.5395402	-0.19260687	0.4677018	964.55487	12.509276	10.622929	0.11528619	0.15130434
2350	1.923831	-0.19676601	1.7686707	1454.2536	45.171369	35.981504	0.26976419	-0.015011584
2351	1.0954321	0.097811752	2.926219	4853.0765	32.058718	29.203978	0.021148408	0.29481657
2352	2.1716302	-0.34022488	3.0920399	1148.6529	10.818283	7.8625357	0.027605506	-0.03699416
2353	1.892857	0.43580376	0.6653411	6296.5462	33.926457	33.649707	0.076784171	0.0014519742
2354	3.9796406	0.40797636	1.1310837	1747.7563	38.109605	27.276061	-0.1144274	-0.044275171
2355	0.12277808	1.1522171	2.2824307	766.81689	11.638514	10.387983	-0.0037821104	-0.037436065
2356	3.8872451	0.39335287	1.9478676	1240.1626	37.511833	24.413839	-0.067351654	0.017196013
2357	1.316626	0.40326659	2.6246973	4256.8184	35.101084	19.211199	0.0021249589	-0.0022511316
2358	5.6581802	0.50721785	2.7512809	2106.9394	12.669186	12.619097	0.27257423	0.03273757
2359	4.7916729	0.50644015	2.3135196	2891.684	47.616931	39.278795	0.17766257	0.0035299369
2360	5.1468147	-1.139756	0.76739559	1896.4209	11.477425	10.109709	-0.012440965	0.075488339
2361	0.83947348	-0.18226436	0.16383137	6894.1498	69.577968	56.833969	0.27780585	-0.14778932
2362	4.6512092	-0.93786515	1.3821671	473.91093	10.018732	4.5205467	-0.044993013	0.045488216
2363	5.4123946	-0.15368832	2.6129334	5646.3621	120.77431	50.382892	-0.031043512	0.013070515
2364	3.8066317	-0.76212337	0.90304152	1369.3572	51.320474	31.554325	0.10205187	0.0065323816
2365	2.9403158	-0.8117018	0.030009461	2323.667	13.401609	11.288828	0.40300578	0.18799405
2366	0.57645429	0.092345655	1.8212636	1941.5079	46.453916	42.7528	0.18220894	-0.013639447
2367	2.2702526	0.87796346	0.7078456	5941.5102	66.827363	55.616502	0.014557361	8.9065883e-05
2368	1.6068046	-0.97938512	1.2290507	1848.5666	39.521743	31.120132	-0.15183836	-0.034992026
2369	1.3314483	1.0396964	2.2425403	5181.4219	66.680378	49.262836	-0.0093790931	0.1772574
2370	2.3600956	-0.10212196	2.3242887	624.82824	55.142372	26.177881	0.19920915	0.075098491
2371	0.67172327	1.3131361	0.5239583	4036.1654	18.910493	16.730789	0.23262441	0.24544601
2372	3.5940285	0.79539683	1.6814787	328.79553	9.4309524	2.413593	-0.27654166	0.041156482
2373	1.9372451	0.92269549	2.0966424	3521.9144	52.193449	48.018303	0.070740908	0.0081545757
2374	4.2476826	0.97708194	2.9325377	12312.362	84.732194	67.393799	0.36712075	0.014384316
2375	3.3067192	-0.74279307	2.7847321	731.84193	3.3684469	2.7165278	0.053398575	0.1591048
2376	1.6676837	-0.51391748	0.29067223	5639.642	66.79386	65.018994	-0.027346316	0.089895006
2377	0.20700016	-0.90128058	2.609448	4310.4314	65.145899	42.985766	0.042493017	0.089945681
2378	3.2141361	-0.19905869	2.6024729	6249.354	131.65696	59.272889	-0.12677504	-0.033287438
2379	3.1087164	-0.72294449	2.2690877	2154.31	92.880619	84.716867	0.055850847	0.004386172
2380	1.1790883	0.33965289	1.3443708	1571.3391	35.291147	28.207754	-0.18292489	-0.04946593
2381	5.2034527	-0.27299987	2.0065466	923.46814	11.131412	2.3220767	0.042302157	0.0095041452
2382	2.5686846	-0.76862224	1.2899004	2320.3574	48.92578	44.124831	0.044481774	-0.011272828
2383	6.1037238	0.67127725	0.50181649	4219.1736	15.940365	14.498473	0.036960032	0.016219968
2384	5.7848771	0.32373763	2.585375	781.55186	11.380915	10.760957	0.08562719	0.057091227
2385	4.5637518	1.0414738	0.20447836	8706.5753	74.589124	72.358346	0.15840312	0.026225767
2386	2.2171316	0.54310115	2.3609898	1228.6719	10.930261	3.2379458	0.034078992	0.088410295
2387	5.0821476	-1.3874047	0.58466972	1268.7839	10.629166	2.2467671	0.012728782	0.27606814
2388	2.6183955	0.67018993	2.6732249	3127.5522	58.268136	12.513174	-0.077797061	0.29109197
2389	5.396097	0.34358556	1.7816001	649.01789	11.553704	10.63966	0.14365673	-0.010748354
2390	2.9182711	0.34226777	2.0914151	1481.2066	20.772408	19.799032	0.21467648	0.0017366083
2391	0.34252446	-0.57397438	2.5414144	10201.987	75.962835	60.296305	0.0069410207	0.047319405
2392	2.2943121	0.27901397	0.81653876	2810.5126	52.072967	12.67221	0.036366281	0.16741637
2393	3.9733508	0.7470468	2.8375454	795.92905	27.936258	3.9897467	0.17779644	0.11252337
2394	2.1698687	0.80703778	1.4167116	1161.7481	40.206645	32.825929	0.24356452	-0.20971914
2395	4.1413497	-0.25296475	0.17961236	2724.8546	34.56948	14.11539	0.0070733618	0.065700936
2396	5.3986676	-0.37957607	2.8830283	457.57096	36.713706	26.120217	0.0087346695	-0.073615883
2397	3.066247	0.81502026	2.6586064	1540.3505	14.216178	5.2333467	0.036546154	-0.030186707
2398	2.6542248	0.50200798	2.4195971	2500.0816	39.627064	2.7572433	0.12718928	0.15995224
2399	3.1621239	0.45418833	0.81565144	1564.3287	10.431661	8.6655563	0.12120508	-0.0071345386
2400	0.077548815	-0.45927487	0.076843292	544.81528	9.96681	1.606872	-0.053676791	-0.040328901
2401	3.2840247	0.40591116	0.79555527	1756.2893	29.951417	21.807493	-0.038513339	0.19975591
2402	6.0894067	-0.57253996	2.0929443	172.01381	2.1405462	1.4251079	0.00073066622	0.055512199
2403	1.3837906	-0.81107298	0.55725633	789.76341	10.707932	9.1616012	-0.14940952	0.11664638
2404	5.4135921	0.009060388	1.1334167	2039.1835	47.406264	31.991114	-0.011554239	0.0051449106
2405	2.2587889	0.24794612	2.5542281	1547.4216	42.34237	38.281158	0.029120113	0.036657783
2406	2.3664981	-0.058269797	2.362924	1092.3389	11.694784	9.3038818	0.13776553	-0.05107419
2407	1.3275103	0.72778792	0.82336008	2304.8648	39.057362	11.074967	0.051392169	0.030239087
2408	5.2875358	0.091639686	2.6791434	472.98117	2.8823212	1.8548412	0.11960483	-0.0072959299
2409	0.45832813	0.2016665	1.9111322	4043.0219	55.378101	46.012133	0.1118008	-0.00057792034
2410	1.6490531	-0.25124159	0.67181306	6619.6266	88.647392	66.030498	-0.052757342	0.3357217
2411	5.9953196	1.1477781	1.8667036	304.77735	18.976002	1.7017489	-8.0786664e-05	0.07849135
2412	2.5285362	1.116056	0.77214608	1459.1749	43.277702	42.395384	0.042563323	0.063551211
2413	5.6656529	1.4836901	0.59972009	4020.327	35.856476	31.168537	0.061074777	0.1160651
2414	4.7658221	0.90961017	0.86144146	265.42023	10.26034	8.9430314	-0.049848481	0.1116231
2415	5.3581076	-0.19961658	1.5737431	726.15403	13.040159	9.711959	0.10312938	0.031182045
2416	2.5221868	1.0558466	0.94665279	507.89223	1.4890781	1.3186656	0.026998344	-0.045790772
2417	3.2630706	0.53286011	2.0315102	317.85952	11.775616	11.045233	0.17244753	-0.20606057
2418	1.5246348	-1.0522401	2.4498257	7285.9677	66.430292	62.55623	0.37259892	0.11449297
2419	2.3424043	-0.35543633	0.59102681	4033.6851	51.049001	38.23112	0.25127468	0.013413677
2420	0.40493361	-0.61907099	1.0459486	3111.3956	51.440579	43.388281	0.048680482	0.10111932
2421	0.78503863	-0.089348515	0.65022327	1803.3838	13.246199	11.329168	-0.055325002	-0.38940385
2422	1.4518982	0.71454263	2.3525424	1061.4864	43.885642	3.7128758	-0.0070131735	-0.0035901747
2423	4.5574553	0.27322547	0.68223138	1738.9631	18.428175	10.029916	0.24896562	-0.054751219
2424	0.70881622	-0.087805968	2.4699835	2968.4692	52.114564	42.569187	0.27780585	-0.14778932
2425	3.7592734	-1.2083861	2.4122334	976.78316	10.157867	2.0636885	0.035313914	0.0017356827
2426	4.132629	0.66791728	0.79442484	2204.079	11.36043	9.8425209	0.15907824	0.10573078
2427	4.6637064	-0.55449608	2.2050508	1674.0379	32.565129	9.6806937	-0.12874144	0.34781354
2428	6.1005144	-0.84514363	0.48313919	1710.2727	20.863255	10.555572	0.0046656699	0.08048431
2429	5.8315751	-0.85885323	2.4779801	1890.3988	12.706665	11.088875	-0.20965905	-0.01082875
2430	3.252497	-0.044675446	0.25375978	9111.521	85.273467	58.488651	0.09078499	0.026311133
2431	1.9770757	0.64993666	2.8986967	11275.176	159.26348	75.081848	0.016949657	-0.065618618
2432	6.1378655	-0.66689946	0.90147045	559.59494	2.2698668	1.7849203	-0.003504337	0.054749459
2433	0.71523952	0.20186047	0.36665032	1298.6648	10.948567	10.882011	-0.30565116	-0.024887235
2434	2.5370047	-0.19843913	0.39629633	4242.9254	42.104315	14.990711	0.15012297	0.0030320854
2435	5.356471	-0.29731696	0.55463712	1386.6709	33.161385	10.77253	0.15024454	0.0055953569
2436	3.6014392	-0.95394995	0.48375547	2457.8433	17.246534	12.405818	0.2807366	0.0064363452
2437	4.6268917	-0.76318637	2.5155098	1939.1	22.58619	13.938073	0.19462829	-0.056901059
2438	5.5013204	-0.35919313	2.2482668	4674.2776	73.93933	51.706323	0.04239349	-0.039248369
2439	3.5233535	-0.34072058	0.45712945	5222.4797	24.023028	17.464724	-0.22535869	-0.057124025
2440	4.5975627	0.23894144	2.2851015	2159.4986	19.259759	17.357959	0.05645995	0.048379828
2441	1.7061291	0.16231165	0.8685675	447.98091	11.559342	2.6724923	-0.047796219	0.080343126
2442	1.3637744	-0.39944072	0.29070263	527.14513	8.1737257	2.2790579	-0.24497429	-0.00072064754
2443	5.098917	-0.80014794	1.2870638	1591.4018	48.437207	20.315367	-0.063704361	0.027475731
2444	2.0378188	1.2896008	2.3462969	2131.0203	32.650437	11.147321	0.029901462	0.13505696
2445	3.1259537	-0.72964632	2.4426045	264.62688	2.3448613	1.3086893	0.016357854	0.0065703365
2446	2.3879956	0.61326999	0.89160004	1020.244	7.1646171	3.6631406	0.037957839	0.027003086
2447	2.4435086	0.56302952	1.1362373	200.69541	1.7499947	1.5574655	-0.063622731	0.020884055
2448	5.2303837	0.3743016	2.0555102	3250.9668	75.756911	47.062426	-0.038257273	0.12421503
2449	2.5326737	0.23198038	2.4675862	2489.8561	48.610458	32.576851	0.010602962	0.15870989
2450	3.6890504	-0.11550531	2.4177786	1668.5163	12.033217	11.036935	0.057166166	-0.05007444
2451	2.0212484	-0.061188043	0.76836852	1732.2267	12.040802	10.484049	-0.017206508	0.10071978
2452	4.0412368	-1.1126112	2.8002949	1331.4366	12.380756	8.6230744	0.37107141	0.39951982
2453	3.6245977	0.90728988	2.4835798	513.66458	1.8760178	1.4874036	0.02452225	-0.01054018
2454	4.5754328	-0.0031597928	1.8469245	809.76514	11.422251	10.413758	0.046345748	0.204273
2455	2.8106911	0.48749773	2.7809668	4696.0151	59.914672	50.259914	-0.024112207	0.10304364
2456	4.0489254	1.2914076	2.3818643	2056.0983	35.716795	26.492934	0.53399375	0.13596551
2457	3.641958	0.59084146	0.27447649	4367.757	33.366206	29.513633	0.0052674483	0.07510664
2458	3.7041731	-0.27567622	2.8253319	2289.6569	33.560508	14.235183	0.16121189	-0.11414357
2459	5.6668552	-0.090546085	2.4039732	912.61	10.845074	8.0832464	0.22145595	-0.020906541
2460	6.0742641	-0.056737907	0.9590473	1794.2175	46.402392	21.13565	0.63984465	0.013927098
2461	2.5482213	-0.98788215	2.1372584	2476.708	47.088303	39.21887	-0.21030825	-0.12236683
2462	1.3776303	-0.30762208	2.3712017	1850.1106	47.41003	31.105287	-0.027940517	0.058115077
2463	1.3123001	1.1222333	0.64388916	1280.1553	11.944691	9.7487177	-0.25022022	-0.18488896
2464	1.8597445	0.70429418	0.47316281	654.62058	6.2604082	2.6422563	0.019070772	0.020726015
2465	5.2354195	0.46493305	2.1106444	1382.9921	12.730745	10.483713	-0.17841015	0.35086834
2466	3.1494119	-0.82152585	2.7680128	1486.9863	28.779035	28.724142	0.022758368	-0.014721123
2467	5.0740829	-0.2005232	1.0304753	884.98252	47.619888	30.786638	0.040062017	0.015349425
2468	3.9046364	-0.34983571	2.3868441	2957.2403	15.218641	14.641982	0.091834246	-0.10627904
2469	0.11167902	0.64656025	0.93543435	1332.5068	17.608292	11.300381	0.038452555	0.21264906
2470	2.7973354	0.93408963	2.6366816	5364.5837	61.34848	54.205604	-0.096411827	0.027866764
2471	0.42950029	-0.27782797	2.4680672	3491.9086	50.413482	44.353945	0.063497227	-0.081768691
2472	6.090656	-1.2120679	2.4220768	4192.0849	73.52727	51.7724	-0.016903677	0.28223609
2473	1.2255392	-0.46317626	0.66481241	1566.0039	13.140932	10.795157	-0.0078102733	0.67456252
2474	0.80982434	0.12011835	0.49566862	256.24106	2.7615705	1.6406418	-0.0021488362	0.11025433
2475	0.98766471	0.40812557	0.80456244	7165.3257	88.960159	78.521322	0.075444149	-0.087018711
2476	6.0993134	-0.67771531	0.41012753	2900.97	13.877317	12.430969	-0.0094913734	0.48356671
2477	1.2871998	-0.056990934	0.92131486	604.16511	11.434455	8.3551712	0.34092253	0.026447206
2478	3.3763303	0.64988217	0.60172983	3436.7863	68.731218	41.306204	0.034280586	0.24039095
2479	5.4805546	0.082934727	2.1201029	3661.3722	49.82951	46.751936	0.23836457	0.04527699
2480	3.3694077	-0.41553254	2.4835082	2374.6373	117.39022	38.016242	0.038213388	0.0083020053
2481	2.9435171	-0.44717413	2.781547	1298.486	11.750028	11.035708	0.28987732	0.071937636
2482	2.435001	0.061535911	0.31674158	570.61762	1.4326745	1.3521622	0.016296421	0.17645695
2483	3.0335191	0.069731604	2.0685588	5600.7616	66.385549	57.1104	0.0064662522	0.30900678
2484	4.1621538	0.59041995	0.56475627	413.19053	6.4483743	1.7042501	0.049318401	0.063821053
2485	4.6558113	-1.2092029	1.0179439	801.35708	10.506234	9.5736997	0.45424758	0.55701116
2486	5.0075051	-0.032932481	1.1960937	1528.1303	36.041713	29.930993	0.31066799	0.1737156
2487	2.0857112	-0.75170117	2.2908743	3148.7895	60.297327	34.422327	0.0244876	-0.058028896
2488	0.31482288	0.40019362	0.73387661	6959.6357	65.115467	61.624132	0.37367318	-0.0047345052
2489	3.7656282	-1.3979562	1.7182698	984.35589	99.844481	75.287395	0.013432305	0.0154219
2490	3.2777717	0.47732369	1.8783347	165.11982	2.5043792	1.2138982	-0.095549114	0.1012518
2491	2.5981716	0.38683747	0.86118304	2632.8771	54.353337	50.272153	-0.030728606	0.14196321
2492	1.0679859	-0.95319689	2.6548691	659.6595	4.7259115	1.8835757	0.083922206	0.0057181481
2493	4.6340165	0.20400417	2.3230796	1278.3763	19.412617	19.207132	-0.0043988933	-0.052833739
2494	3.842259	0.71248829	0.68016147	8029.663	61.348013	47.862462	0.013151318	-0.0039434297
2495	3.9349974	-1.0120891	2.5092153	1183.8487	26.276173	25.439461	-0.051462415	0.21080176
2496	3.3433079	-0.40868786	2.9075634	1271.2593	10.690466	1.6509531	0.090494483	0.17220857
2497	5.4868468	-0.42776283	2.9022198	463.32619	1.8077447	1.4822241	0.0086176099	0.041611964
2498	5.4202211	-0.4916349	1.5798052	2754.2886	21.825119	21.784109	0.18430676	0.12654504
2499	6.1161199	0.25967526	0.4539339	291.31722	2.072882	1.3524032	-0.040136348	0.062917092
2500	3.2719223	-0.41298837	0.45914908	1131.2708	41.958167	40.591212	0.095176359	0.13573274
2501	2.5074136	-0.54057757	1.0849248	1830.4242	21.359838	11.896617	0.0074740234	0.090430178
2502	1.542413	-0.037454785	2.4426368	7025.641	56.367577	56.237553	-0.0035606138	0.035304967
2503	0.56763232	0.45414615	0.35989828	4934.8831	53.39834	51.271803	0.42980844	-0.016924914
2504	6.2123405	0.25875325	0.34896887	2821.1306	96.032864	45.959741	-0.023173408	0.23326859
2505	5.9293398	-0.039041227	2.7421869	5212.2994	35.79171	34.917382	0.032850509	-0.0035445494
2506	5.5690898	0.44311738	2.2394209	4624.671	60.389047	45.837057	-0.050990116	0.029493939
2507	4.8315971	0.37076052	0.48345173	152.92304	8.6253717	8.0237699	-0.028347095	-0.0066533709
2508	2.602259	-0.027067084	0.25168223	1277.7959	13.069741	9.046711	0.15700066	-0.11300557
2509	1.2043307	0.5840365	2.8272663	10569.689	108.27235	73.744269	0.041508254	-0.27987597
2510	1.2176255	0.47774108	2.4158976	553.5554	7.7710475	5.1208219	0.14120777	0.015208162
2511	3.4258036	-0.70043249	0.94990471	5888.6688	82.484081	59.542816	-0.03097011	-0.028484577
2512	1.6093593	-0.44245072	1.3480696	524.51648	9.2030032	8.8062967	0.22651063	0.13588545
2513	4.9436724	1.179321	0.73130172	4708.5546	70.470708	45.369016	-0.14516802	0.056370336
2514	4.0780505	0.68020567	1.095273	2919.8581	52.829851	50.797648	0.21730055	-0.003259848
2515	1.4887648	-0.50882363	2.3838869	2034.7417	11.846273	5.3547948	0.11480643	-0.028830588
2516	2.6507004	0.30305059	1.1933895	533.13734	9.8885362	9.8006402	0.42541591	0.041611065
2517	4.8529973	0.53811399	2.4341016	1712.5142	13.591871	13.272303	-0.25751128	-0.28547347
2518	5.2129948	-0.031394651	2.0461053	1018.0366	11.845114	10.722117	-0.021353579	-0.010476107
2519	2.9237781	0.61532042	0.78191493	741.69192	19.711518	9.0794565	0.046473302	0.007862108
2520	0.6043997	1.1912165	1.0943982	1611.886	11.041027	8.8998406	-0.12176541	0.06688156
2521	0.747174	-0.10300137	1.9495558	543.48695	11.582782	5.5734292	-0.38540396	0.39310828
2522	3.8085556	0.52344601	0.78067081	366.76949	1.7263685	1.3241608	0.014528196	0.027355513
2523	1.2763145	-0.19315485	0.13241921	7287.3136	67.777793	63.827194	-0.24290326	0.0024006173
2524	5.4045672	0.78104141	2.1344898	693.96526	43.287917	34.782014	0.17241625	0.0041276269
2525	4.5077445	-0.029995094	0.59027095	9302.5558	80.739278	52.916888	0.65497809	0.45806832
2526	3.2485366	-0.66278775	2.7146056	3081.598	22.875454	13.564125	0.07885381	0.12382633
2527	5.0931887	-0.1544933	2.8238121	4807.88	67.377734	29.17564	-0.10838702	0.020464427
2528	0.30096786	-0.40205972	2.3960423	1670.8104	29.782596	22.782885	0.097043337	0.035142313
2529	4.8397154	-0.84555864	0.67431167	8302.2819	82.480118	76.302057	0.023232094	0.16599281
2530	0.53015851	0.20821811	0.83971269	204.35264	3.1537852	1.7285062	0.25809488	0.19216084
2531	4.6911298	0.80984639	2.5632211	1023.3694	11.558088	2.7730147	-0.067301643	0.070454036
2532	0.39471019	0.26470087	2.3187105	13673.164	205.92596	203.24337	0.00025594208	0.050025641
2533	1.6565758	1.1988004	2.4672396	902.2662	12.222844	9.6345791	-0.091638592	-0.0037585564
2534	0.36642254	0.67292716	1.9466002	772.59018	22.254931	17.378528	0.023373926	0.14783457
2535	1.3451691	-0.51985572	0.9403052	3466.5684	76.773517	52.826313	0.082237973	0.010402575
2536	3.5977838	0.81906032	1.0210185	4305.2286	51.121986	42.505002	0.00063980547	-0.21108863
2537	3.5329258	-0.85538163	1.9916691	315.56913	41.653601	38.888994	0.029334889	-0.0047722487
2538	0.72464995	-0.31190226	2.9414624	7389.6167	70.089432	52.859026	0.002711965	-0.030833441
2539	6.0338849	-0.35258575	2.802187	761.18796	2.8836931	2.3379608	0.26231841	-0.00080242899
2540	5.0720663	1.1174444	2.7557591	6737.7393	60.17831	44.377213	0.0090363279	0.26911915
2541	2.2692954	-0.70023374	0.84947873	1110.0837	12.723305	9.3936764	0.032041063	0.1076778
2542	3.4732477	1.2902223	1.8070199	273.61429	10.191336	9.7634543	0.17993471	0.37894541
2543	3.7306088	-0.11020004	0.32018514	10081.145	73.360736	64.100915	0.039547674	0.0091834566
2544	2.0248144	-0.074526657	0.29510512	1415.1398	10.422671	8.6045831	0.24346273	-0.12869306
2545	2.9381198	0.11069597	0.57740544	2585.5491	37.371722	12.901415	-0.11185292	0.053280956
2546	4.7230291	0.82785624	1.5318395	169.62853	2.1748886	1.2793018	-0.14105694	-0.20047522
2547	3.8439298	-0.19528853	2.5050997	3292.3826	37.090542	36.414207	0.00077279519	0.037120037
2548	0.900709	0.79999214	0.70640569	7684.3638	62.704024	52.086943	-0.046101066	0.059898636
2549	5.1971284	-0.61464756	0.43245808	3339.5981	50.458421	36.237505	0.024381061	0.0089169355
2550	3.5451884	-0.70867054	2.4935607	8872.2491	123.68137	74.326397	0.047854603	-0.0038187555
2551	3.8335491	0.47781848	0.91233435	375.04118	7.3350843	2.0553626	0.18972312	0.086186519
2552	4.2623452	-1.0261051	0.78681426	7319.6773	145.10057	66.500657	0.21834043	-0.019372601
2553	2.2597025	-0.44226242	1.9317498	143.74792	1.7731537	1.7617563	-0.031947976	-0.29763275
2554	4.3459484	0.74993851	0.42629018	2853.0623	13.629916	13.55594	0.055403526	0.052341265
2555	1.3614383	-0.6421388	2.5285789	7049.8021	69.186551	68.384579	0.202378	0.0058264866
2556	0.12652332	0.60348671	2.4409324	4568.4722	62.570858	52.522272	0.02845707	-0.092571317
2557	2.1568687	-0.86863476	1.976042	2835.3087	52.937533	45.095016	-0.0031690015	0.0015775276
2558	5.8162245	0.53972228	2.4111968	2894.9038	47.666793	45.706595	-0.024043282	0.17961723
2559	0.037798908	0.21849261	2.6006104	8732.425	141.60166	129.49111	0.10567488	0.11177395
2560	0.11872806	0.67742329	1.0169301	957.42302	12.317621	9.6455317	0.060923079	0.49905936
2561	3.7851281	-0.98436024	0.41366292	1254.4672	13.587415	11.776995	-0.1711965	-0.25228111
2562	2.3485519	-0.61884512	2.7801618	1248.2836	12.542804	11.172255	-0.084151706	0.0019577214
2563	5.259609	0.84438703	0.52681903	744.73314	11.137297	10.824681	-0.010817184	-0.052599534
2564	1.9528207	-0.19139042	0.56358141	1015.2883	9.4265403	2.4885695	0.12245375	0.23465707
2565	0.61085175	0.76138993	0.70896	10482.71	197.45095	101.45232	0.11372004	0.25541917
2566	6.2609659	-1.169761	2.2013461	3570.3042	51.378036	15.228873	0.13092512	0.75581713
2567	3.7198671	-0.019783232	0.7554301	451.57396	2.3080981	1.5554002	-0.085309517	-0.14162957
2568	1.3912508	0.21697208	1.3537156	850.00224	7.0318249	6.2271513	0.13349025	0.41318313
2569	5.8135302	0.94308596	1.1029682	1408.4805	25.210558	12.137689	-0.0048760023	-0.048822718
2570	2.2159486	0.35007869	1.9318566	2613.9429	53.463715	40.952119	0.0081849601	0.07455587
2571	5.7393157	0.16448662	2.6793364	299.7192	10.368782	8.5722452	-0.24715941	-0.11805546
2572	4.2320023	1.1869366	2.6018652	1607.4004	12.014938	11.387313	0.0020249459	0.0092012251
2573	2.0743979	0.79180399	0.86985775	360.72291	10.090141	9.8773589	-0.073690569	-0.17272041
2574	2.0940066	-0.10035688	2.847795	417.43725	1.5086671	1.4518014	0.014608153	0.031243069
2575	4.6526085	0.28989042	2.3392028	2386.1391	12.976563	10.671462	-0.16947542	0.13084707
2576	2.0609168	0.79309326	2.6022046	6944.93	74.384185	70.254146	-0.11009867	-0.00075976469
2577	1.1766675	-0.88652163	2.3922629	607.00972	12.299077	1.5823924	0.023272191	0.12581119
2578	4.7235986	-0.26372171	0.28416813	2558.7452	13.471027	12.668071	0.0087083729	0.25240758
2579	3.8885514	-0.011152501	2.4820278	4071.4794	81.111301	34.731481	0.20802354	-0.20688127
2580	5.1351704	0.036381865	0.50239838	540.38957	2.3190979	2.1641408	0.0039214534	0.051293685
2581	5.140268	-0.42019075	2.5171237	475.11315	1.5486743	1.4197977	0.083256869	-0.016364713
2582	6.2079073	0.9140226	0.7881412	7364.9088	66.015423	61.108702	0.34027175	0.033704192
2583	2.3939327	0.16797156	2.4973627	2045.2638	14.087204	13.431484	0.21216783	0.18722384
2584	5.8170598	0.10377073	0.78475765	1733.9888	31.259497	29.093917	-0.094215774	0.0027474473
2585	4.7106494	0.038163444	0.61151649	1166.4155	10.161038	10.09518	0.0059005381	0.27679051
2586	2.1043396	0.39561321	2.50917	1924.0603	40.756121	11.370675	0.18996712	-0.070600965
2587	6.0636713	-0.70811941	0.15407743	220.98951	8.5241715	1.4494232	-0.14193554	0.14907717
2588	0.55188306	-1.0985074	1.4730804	4886.7232	68.854338	64.306516	-0.10434833	-0.26414039
2589	1.5527962	-0.82296554	1.181067	4406.3671	116.07982	113.16847	-0.0045012882	0.021780956
2590	3.2882901	1.4100707	2.7272984	2635.2079	56.831995	45.542256	-0.037745473	0.15439233
2591	4.0501979	0.63152129	2.6133313	463.30373	58.529205	1.2578498	0.26863078	-0.026809709
2592	1.9709903	1.0174587	0.21069027	4204.8945	45.53439	41.935529	0.12506086	0.21684917
2593	1.8876327	-0.37724343	0.78977495	3983.2955	57.07591	42.90933	0.018304625	-0.24559077
2594	6.1039854	0.37229371	0.75275562	219.07612	1.4850832	1.2353485	0.030986262	0.034075312
2595	3.8235475	-0.46404661	1.264451	631.12068	10.099126	9.1744234	-0.0065630382	0.12810727
2596	4.5819882	0.53843197	0.19405926	193.40088	1.8169043	1.3850313	0.049378083	0.062261061
2597	1.010706	0.46286356	2.0316803	793.94693	11.41134	9.2323375	-0.0020629323	-0.008391674
2598	5.1051986	-1.3475471	1.2094943	507.99233	11.156824	1.4568281	0.23805419	0.18139793
2599	5.4092726	-0.8270873	2.0004622	745.23804	45.663919	40.448748	0.14121613	0.11038092
2600	4.8953678	0.29239959	2.5687888	1959.4355	12.963643	12.378975	0.030334872	-0.087037854
2601	5.713036	0.99363239	2.6737409	1235.6314	10.950678	10.182998	-0.06425956	0.10775511
2602	2.3400452	-0.065049113	2.5081153	2804.6702	43.558728	18.391554	-0.055429385	-0.0019618573
2603	2.117529	0.081959658	2.1010439	1462.8588	12.850759	11.832634	-0.015314543	-0.19214632
2604	0.11486761	0.38312941	2.6576321	2904.4269	38.068114	33.61264	-0.014434355	0.18723579
2605	5.9846342	-1.3269434	2.3378311	587.32985	9.2411	3.045561	0.0068147333	0.14251897
2606	0.82428568	-0.3599969	2.074105	1934.321	49.773833	11.986885	0.048048917	0.11790399
2607	5.3722756	-1.126462	0.54256721	3324.0368	41.625983	8.2801168	0.30419794	0.012244166
2608	6.238272	0.048354037	0.4285131	3316.3365	51.15104	48.756803	0.12786016	0.071891106
2609	4.4875069	-0.48568382	2.9421173	1772.5568	11.053954	9.1756695	0.043328076	0.093470799
2610	5.9966209	0.61367729	0.99155653	1941.7776	53.784785	44.069724	0.051087484	0.01046392
2611	2.0892357	-0.59604255	1.1605354	5622.195	122.32268	70.767348	0.35033997	0.056180553
2612	4.3871207	-0.30223059	0.53658327	4139.5582	39.513966	27.912097	0.047427958	0.043476434
2613	0.42181903	-0.94418465	1.9860785	3163.8132	62.930964	50.315458	0.12676253	-0.027423448
2614	5.3208748	0.22355278	2.7912695	2934.722	144.78507	98.354683	0.072906563	-0.0073424443
2615	0.25219339	0.38111167	0.67783788	545.48005	1.9427886	1.4218527	0.0050929158	-0.097600224
2616	4.5529171	-0.17003309	2.4512573	1958.5844	40.373518	34.631653	0.049959112	0.09443276
2617	4.3884329	0.93961538	1.1916993	1831.8389	37.683351	30.545527	0.015914675	0.33375499
2618	0.48892136	-0.28778849	1.4023138	580.99588	11.207395	9.7755022	0.052494923	-0.14772761
2619	4.2376775	0.17884774	2.2815011	2499.6037	56.48436	42.485159	0.024161043	-0.12881749
2620	2.6545204	0.74196296	2.7686412	2269.3206	12.83819	10.540581	0.15053291	-0.42242606
2621	3.6291912	0.23596232	2.3076076	2267.8369	47.546441	28.414538	0.080142444	0.15888682
2622	5.0695722	-0.8222666	0.51017537	2044.7454	39.599267	15.827523	0.087655687	-0.081512916
2623	4.8874518	-1.4133474	0.66239914	3303.5346	49.870439	23.570796	0.01456395	0.23609554
2624	0.21372131	-0.70796579	2.6618614	6531.9227	69.507833	65.725249	-0.48169163	0.066900024
2625	5.3258788	0.45208111	2.5405943	1121.5677	12.861769	11.099255	-0.070437252	0.082347942
2626	0.9786653	0.07811748	2.5879843	1638.0091	36.106677	22.62566	-0.026579894	0.00027192139
2627	0.84669973	-0.40337177	0.59575305	912.4189	10.254307	2.3399183	-0.11288819	-0.007135707
2628	2.754659	0.41067798	1.1140399	1050.4803	12.318073	11.727452	0.091963997	0.37227495
2629	2.7713372	-0.82735467	2.2580676	2223.8557	22.132917	14.108577	-0.0092325646	-0.031386543
2630	0.13991725	0.069273105	2.1819551	7933.0891	212.64155	100.72883	0.2309623	-0.014233604
2631	1.521299	-0.3419864	2.1941861	164.46443	1.7579365	1.1616952	-0.14701402	0.085921011
2632	4.1266457	-0.34672477	0.12397511	1226.7275	26.572879	10.12872	0.031707721	0.14353074
2633	3.1787768	-0.023657587	2.2427158	2310.1294	24.159227	14.703164	0.023113526	0.20535413
2634	4.8641572	0.74558053	2.347952	4742.8565	52.092985	52.02245	-0.0051341057	-0.03039175
2635	1.6689582	-0.53461044	0.78415569	3661.7837	90.084853	44.096671	0.18891718	-0.048476572
2636	3.3801739	0.27641867	2.3107786	435.51934	9.4319436	7.540469	0.039891175	-0.049507326
2637	2.5804445	0.031340715	2.8299704	875.32804	11.919657	10.636042	0.043925101	-0.079179089
2638	1.5541427	0.13202921	2.5292362	1028.552	24.992731	11.410221	-0.0077924225	0.007171055
2639	3.1804089	-0.99744665	0.1497757	3624.519	22.946945	19.575412	0.052886396	-0.063126766
2640	2.3956942	1.2112369	0.30654475	94.557462	9.2935123	1.2244996	-0.094354854	-0.018384474
2641	5.9139896	-0.7803485	2.9746603	1416.7429	12.254404	10.075406	-0.07088369	-0.013812526
2642	4.3144413	0.39166148	1.5685599	663.75507	26.880082	9.4162887	-0.02687667	0.0022167265
2643	5.7951117	0.054496059	1.8554182	1057.8923	31.152582	12.154228	-0.053051898	-0.038766218
2644	2.5470395	-1.0247171	0.75927479	3452.1998	42.736741	12.862572	0.013941566	-0.027688731
2645	5.0434481	0.28609579	2.7872379	1034.0539	12.906728	10.034887	0.23630107	-0.1953165
2646	2.3608522	0.050888034	1.335243	1196.2538	29.910206	21.53812	-0.046669442	0.50951608
2647	5.2391451	-1.3762359	0.52012663	350.0279	1.4904248	1.3710335	-0.063267112	-0.26435071
2648	2.3295917	-0.19612931	1.0361917	3479.6557	36.87253	34.582521	0.025333682	0.26908779
2649	3.4607829	-0.65042496	0.71415192	1855.8713	13.337458	11.682348	0.044337863	0.04927039
2650	5.6954961	0.95489208	2.6558663	2213.3203	12.183796	4.7515731	-0.025467245	0.1152623
2651	0.082541707	-0.75667565	2.8474283	1517.8653	10.998384	8.7123164	-0.31488744	0.075740886
2652	3.666094	-0.38274828	2.6400756	658.32009	1.8599894	1.4390792	0.1092532	0.032272646
2653	0.21685543	-1.0262973	1.5474671	1989.5776	33.169057	14.286851	-0.012512166	-0.00086920808
2654	2.26356	-0.13587488	1.694136	2570.4447	52.869828	48.096278	0.20483042	0.29918241
2655	5.5841938	0.65011755	2.7673599	8048.3236	77.628577	59.193213	0.066724727	0.056374029
2656	4.0330722	0.18783225	2.6552018	4243.0418	68.439266	62.734387	0.19117359	0.13175319
2657	5.3927493	1.3677051	1.9460251	4479.248	142.76662	100.8839	0.56374515	0.1590644
2658	5.4572592	-0.81687965	3.034313	6110.0639	28.308742	17.571965	0.18233283	-0.046722549
2659	5.4198652	0.37582941	0.40276116	4509.8825	16.84026	16.029091	-0.19320376	0.020131779
2660	1.8469529	-0.26358191	2.7591294	4213.3418	37.103542	25.752755	0.024168646	0.26311194
2661	5.5262749	0.29359639	0.56983896	528.35122	1.9945384	1.4291158	0.039240767	0.054876387
2662	4.7471085	-0.95617819	1.8012685	5551.7551	69.063131	68.932134	-0.0042220381	0.0052983311
2663	0.34410677	0.8037959	2.5114153	15197.422	246.85604	198.55206	0.20791621	0.28291589
2664	6.1934407	0.6719386	2.3623725	1622.422	12.499536	11.74666	0.13801483	-0.015513483
2665	1.2992979	-0.046310213	2.6705064	7974.6348	74.100397	73.753964	0.01306045	-0.073721647
2666	0.91804508	0.16948969	1.70309	3823.0661	77.319112	52.945694	-0.038584634	0.11224544
2667	3.7755151	0.7552102	0.70135439	3317.7542	38.201634	16.147743	0.033288053	0.0077831035
2668	2.148906	0.83279485	0.56069846	4531.5722	73.795188	18.974936	-0.064162063	0.072345098
2669	3.2544269	0.82825292	0.81556324	4946.7233	59.439031	50.515752	0.014318484	0.082016575
2670	5.9740185	0.54574253	2.5971362	4447.3275	47.196786	36.191519	-0.1506537	-0.22365579
2671	2.2088224	-1.0459584	0.89462475	2717.9016	40.196256	34.336118	0.24465833	0.062571994
2672	3.3501735	0.67543083	2.4207227	3384.608	69.052341	46.460025	0.033621657	-0.036129656
2673	5.9907681	0.19857969	2.1512927	2895.5938	44.987857	40.308059	0.15489852	0.0020180767
2674	4.3603062	0.94324499	2.2683971	910.36207	11.481389	9.5850911	-0.016451723	-0.067766774
2675	4.5995868	-0.59140862	2.0560074	5567.6246	62.335939	45.517286	0.06909906	0.005671593
2676	2.6445525	-1.2531978	0.31843967	3658.1025	54.6714	46.146664	0.048557986	-0.016526426
2677	5.5875576	0.41015666	0.6895136	739.85138	2.2754344	1.8975573	-0.037422026	0.25798858
2678	3.9251882	-0.31246129	0.40622177	3360.0893	61.942193	54.867917	0.14121613	0.11038092
2679	6.1195166	0.78393006	2.8649268	5161.2357	65.278215	15.868231	-0.024289998	0.15644937
2680	0.31909545	1.0504814	2.8055617	3028.366	23.586481	22.734693	0.013360116	0.090083218
2681	1.1606393	0.82476141	2.4809255	3445.036	13.898412	10.06692	-0.29363396	0.031678035
2682	0.38040081	-0.89353286	2.4545684	415.98823	1.9962453	1.5188074	0.008484695	0.11229352
2683	5.5817613	0.80383944	1.0828396	5330.0909	55.948608	52.645719	0.12503846	0.16396838
2684	2.7960937	0.39811958	2.8403246	4653.7541	69.100877	55.768449	0.12626536	-0.062129599
2685	5.4358047	0.14189844	0.75986492	4100.51	55.678233	52.343089	-0.025204492	0.089076718
2686	3.5525899	-0.38981753	2.5334156	395.6158	24.431578	9.1834252	0.1311327	-0.00011714042
2687	1.7224036	0.6745089	1.1150657	523.26925	10.39747	3.0524703	0.042093713	0.012861743
2688	0.57660948	-0.49745493	0.39244888	11571.369	126.18629	77.873606	0.055913521	0.12455958
2689	2.8900944	-0.0036437098	2.3935372	1194.571	36.159133	2.10328	0.35306745	0.026858319
2690	6.1357426	0.40924224	0.45001847	9223.7228	52.471921	45.138824	0.48116455	0.038453819
2691	2.1452351	-0.90251424	2.8946532	1031.0074	24.364801	1.8822861	-0.071545423	-0.08718023
2692	6.2140297	-0.2191686	0.94094193	1256.2321	11.544728	10.28316	0.0026292332	0.14362004
2693	3.019289	-1.2385877	1.6795337	1554.8969	57.315793	34.803883	0.083116985	-0.0066078247
2694	1.3799334	0.7595849	0.60287938	1404.9175	45.764601	42.719567	0.00069758783	0.020076824
2695	4.5465067	0.50315662	1.1363331	580.12252	11.275528	9.7876622	-0.0795475	-0.02433501
2696	1.7928949	0.77874698	2.5767614	6521.1653	56.622392	51.451937	0.71435817	0.27520895
2697	2.4492133	-0.74253561	2.8678688	505.51624	11.885124	8.9867387	0.048223299	0.026834497
2698	2.876411	0.25014894	1.8411911	1211.1856	15.242686	11.023223	0.086637612	0.0062696835
2699	0.24563885	-1.3581839	2.4914663	883.51908	9.0899292	3.9468035	-0.082553108	0.030735683
2700	1.3619222	-1.4144636	0.6290206	785.88806	11.065259	10.71617	0.41778737	0.078019158
2701	1.6548837	0.12918975	2.5006096	2323.5086	14.562178	13.672817	0.047372287	0.081563104
2702	5.8240659	-0.92375395	0.36474309	3980.2746	14.742278	13.542236	0.14858723	0.28244087
2703	5.513453	-0.064588796	1.0045019	2900.8004	52.374465	44.054984	0.22906521	0.45732611
2704	1.256184	1.0701434	0.075714361	7383.2566	74.605223	71.516494	0.00058345531	0.01430549
2705	4.3079172	-0.84677778	0.13258101	2735.7188	14.976872	13.157835	0.00039386002	0.11166521
2706	3.3693255	-1.0873534	2.537713	2504.1315	55.131098	37.599216	0.076902362	0.11045304
2707	2.3118228	0.27958155	1.6100898	387.24356	6.5846423	1.7603542	0.014350463	-0.044182692
2708	1.6392626	0.63573647	0.78043433	3496.4441	122.62763	41.255454	0.042095389	-0.068856413
2709	3.4153086	0.031810886	0.39867145	2602.3861	33.828154	15.64885	-0.078960911	-0.060817405
2710	3.4687127	-0.73678201	0.32730322	2735.923	54.336797	43.005292	-0.016433779	-0.07054839
2711	4.9193947	-1.3092143	0.63054305	7872.3581	84.240271	76.730916	0.24627552	0.29622916
2712	5.1852529	-0.82919999	0.22081054	2680.8764	40.579815	37.898663	0.061919155	0.039490803
2713	4.1836669	-1.038152	2.6351542	851.57269	9.8557039	1.9239724	0.0080861733	0.089675524
2714	3.1636151	-0.19226523	2.0255515	4752.5489	57.723803	52.727328	0.35764872	0.13819478
2715	4.7775137	0.63136363	2.4211686	7876.5905	126.75679	75.676887	-0.066888948	0.0080913892
2716	4.8057892	-0.46477312	2.3222168	1862.0193	38.926448	34.74056	0.0031741301	0.15092824
2717	4.1633983	-0.19653867	2.5395596	3499.3366	53.954721	40.153372	0.12373682	0.012986138
2718	0.38569037	-0.1176914	0.51530987	1501.314	44.927419	31.858759	0.08797872	-0.22056228
2719	2.1379276	0.94138515	2.3390101	8005.4298	72.700056	62.572343	0.016829025	0.15375634
2720	4.1091487	-0.48477145	2.8089998	10892.892	95.447917	71.118492	-0.016947146	0.0054473205
2721	4.5152578	-0.37778456	0.14519821	439.7892	1.5942433	1.4043404	0.034049576	-0.13640267
2722	0.87551026	0.35334592	0.38167439	3089.8786	44.715551	37.756509	0.11705976	0.079399012
2723	0.97775207	0.84846127	2.4562101	3774.209	121.80074	106.31483	0.064620622	0.043410745
2724	3.7547616	-0.38887193	2.2175406	1862.8179	12.063027	11.23211	0.018957157	-0.10903084
2725	2.7257461	-0.71746322	1.9609802	2618.3527	28.631901	28.555428	0.1085891	-0.031157513
2726	4.5055391	-0.69797065	2.2937538	10146.222	88.214851	72.289092	0.040303655	-0.013756751
2727	2.2806465	-0.087964686	0.43909541	3411.1921	15.546595	14.335775	0.087509071	0.029187045
2728	5.2570836	-0.082881167	2.9331451	2535.201	12.728507	10.986121	0.11281918	0.094366018
2729	1.1029267	-0.58080906	0.60167026	3790.974	15.625516	13.764718	0.18269681	0.18633664
2730	3.8392385	-0.58197603	0.21219118	2551.2299	54.01729	50.281474	0.0031121452	0.0037447519
2731	5.3992271	-1.4501808	0.80644908	8129.9856	73.125584	65.480144	-0.028128337	0.01846397
2732	1.885206	1.4633649	2.5103516	1926.5537	12.297902	12.07154	0.23289875	0.075174917
2733	4.4489025	0.076187493	2.4003163	3099.5304	43.112518	13.548171	0.2043216	-0.068239422
2734	1.061299	-0.35023361	1.9901309	926.91068	11.174293	10.705229	0.068315699	-0.099746659
2735	1.1896633	1.2011304	2.3426921	5369.5532	71.273117	55.495556	0.02345132	0.07028694
2736	5.7088896	-1.3918099	2.3188159	999.91732	11.90273	11.546775	0.46563489	0.47921084
2737	1.8822023	0.70483715	0.16390953	4877.3086	59.099037	53.070225	0.15793142	0.27418787
2738	2.154159	-0.97000019	2.5975201	4485.5213	157.6062	132.89501	0.072656943	0.25832343
2739	4.0436573	-0.61991193	0.60785397	4844.0772	121.29167	62.023077	0.057579534	-0.2209628
2740	4.3523475	-0.91705831	2.4143918	4928.3307	55.398937	52.694004	-0.0037469313	-0.49352022
2741	0.42343133	0.3862752	1.3474564	754.75142	33.237987	2.8391491	0.59825794	0.035883845
2742	1.850396	-0.025676638	2.0103123	1153.6897	16.975723	11.928754	-0.00085548225	-0.010383696
2743	5.1155875	-0.088093002	0.30729582	2487.0004	13.104773	12.785022	0.035398315	0.015572009
2744	4.0498041	0.16835522	1.9252424	228.89011	10.732921	9.2990134	0.3107066	-0.00046583169
2745	6.2309341	1.1623229	0.81410956	1094.7907	12.088611	11.866727	-0.38154516	0.40312698
2746	0.9995197	-0.45230719	0.89253438	2192.2214	11.996063	10.712427	-0.063303169	0.012873471
2747	0.15997803	0.18904901	1.9338519	980.86639	33.796395	32.849036	0.055385857	-0.051367483
2748	5.6099664	0.84940235	2.5167413	1534.4581	26.612137	14.39468	-0.15057417	0.075530387
2749	3.3659356	-0.51532543	2.9140695	1102.1942	11.8779	10.855969	0.074562481	0.0040972257
2750	4.6369339	-0.68720388	2.3804259	475.88748	10.775402	1.3839023	0.22252713	0.31589675
2751	5.0284049	-0.42297912	2.881506	3115.3103	14.196623	13.572092	-0.0088286097	0.088338924
2752	1.5343516	0.605346	2.5661	2059.5533	43.379844	33.986116	0.029024514	0.29118665
2753	2.8366349	0.1701463	0.3131639	8264.1537	52.021287	45.934561	-0.046144447	0.10079755
2754	2.9164511	0.86012758	2.7699642	3174.8285	43.213518	32.515023	0.3877361	-0.094850264
2755	3.2743953	-0.61258567	2.7388288	6287.3523	66.503635	66.100668	-0.02274802	0.078571596
2756	4.5400592	0.9798869	2.3504623	1429.5999	23.243623	12.262344	-0.38730813	0.0012706257
2757	3.50867	0.72579001	2.0823202	1161.2213	10.574576	10.419299	-0.092520029	0.004455853
2758	1.5774563	0.80839543	2.1213013	7407.2711	137.77608	112.23465	0.11345811	0.047541019
2759	5.9647016	0.79362054	2.809341	1253.55	10.15188	1.5288172	-0.074791611	0.045479521
2760	0.10981579	-0.53539419	2.8279495	110.86707	1.8162522	1.5894491	-0.099950324	0.060191233
2761	6.1194721	-0.25000134	2.125031	5378.9463	73.81874	61.650038	0.067547677	-0.23276325
2762	5.3313428	0.056405	1.7040322	496.93377	2.5605929	1.6273627	-0.0090999472	0.00077933777
2763	0.24785858	-1.1186795	0.13683641	5109.3999	52.173779	18.146832	-0.20286192	0.13462431
2764	1.8571069	-0.39768169	0.86430584	2375.9986	55.977142	50.156579	-0.02163333	-0.27179242
2765	2.6351303	-0.53891123	0.81197472	3122.9584	36.964516	13.015784	0.13497167	0.084343057
2766	4.1637117	-1.2747372	2.2602934	3349.3879	57.906698	40.077533	-0.31338999	-0.29998788
2767	4.6323353	0.53460542	2.5874251	1169.7062	8.9014651	8.8647847	0.00013534737	0.13086014
2768	0.79291088	0.022813077	2.106949	911.09483	25.274205	24.974795	-0.047733562	0.30592685
2769	1.0351946	-0.52505448	2.5940963	202.73992	2.0088391	1.5089329	-0.012025163	-0.21828529
2770	4.4538703	0.470297	2.2656383	1059.0332	12.043792	9.3126547	-0.54089781	0.0053594002
2771	5.1572509	0.8870629	1.5904389	1957.142	46.697199	31.36805	0.033534199	0.25066345
2772	5.0236894	-0.013764244	0.16083587	3054.2985	19.241303	13.432407	0.0069197911	0.12472444
2773	4.2741029	-0.32233834	1.0310633	3733.2354	34.167723	32.821281	0.19395913	0.043309169
2774	6.0880154	0.33161791	1.5328944	801.1652	11.949739	3.348862	0.13986505	0.22456914
2775	2.8938882	0.13901796	0.62217996	4789.3006	49.652903	16.830519	0.0075735266	0.064674824
2776	4.3140167	0.54304834	0.96083533	343.05495	1.4536188	1.3820302	-0.033332335	-0.025257311
2777	3.3130373	-0.29839685	2.607834	11982.995	125.93295	101.81055	-0.060066914	0.22316858
2778	1.5126511	-0.88071561	2.4492958	3345.8478	42.283032	39.05791	-0.21075149	0.2170556
2779	0.80705835	-0.039906721	0.76225936	2569.1224	47.737894	36.520185	0.036057097	0.063972006
2780	5.9442449	0.20122466	2.5276772	2420.9162	34.120988	12.383235	0.0099378889	-0.15660837
2781	2.5579024	0.08123767	2.4954695	2741.065	52.953012	35.800161	0.0081914632	-0.18461125
2782	1.0334248	-0.19423854	0.18115168	371.84899	2.480693	2.4214936	0.048635184	-0.011867508
2783	1.7216019	-1.0887058	1.1778074	158.37126	36.644228	2.551	0.055219311	0.2561742
2784	5.7574679	-0.47554227	0.29174071	661.58748	1.9846191	1.8168172	-0.19171913	-0.049109517
2785	4.0444611	-0.86991341	0.2605292	11895.766	60.174939	57.165112	0.023271461	0.025657204
2786	3.2194063	1.1921495	0.86890021	1408.882	32.1113	17.573654	-0.039351547	0.00024315853
2787	3.1639111	0.045305643	0.92605912	1196.5017	11.535241	11.398335	-0.10269723	0.089008804
2788	4.9887005	0.96944128	2.1298398	775.7282	13.109355	7.1529807	-0.024106394	0.073065164
2789	1.9452875	0.79773721	0.92811706	376.64238	1.6711547	1.5590487	0.0020305599	-0.0073635459
2790	0.52886956	-1.0294383	2.8743569	599.38093	1.4751883	1.4217342	0.083336408	0.20974456
2791	2.6131376	-0.83922492	2.0649541	2147.9061	41.90462	41.559385	-0.10103194	0.37715343
2792	5.4162411	0.30065943	2.5410133	1393.5868	11.502718	1.7331372	-0.091178711	0.091019671
2793	3.96285	0.53972533	0.60502124	6228.2485	65.839267	57.027226	0.26177059	-0.17643128
2794	2.3464219	0.19515941	2.6540725	931.78147	2.8407695	2.6099729	-0.11919476	-0.10052441
2795	2.6653865	0.49196958	0.86342204	1966.3794	34.745205	10.934288	-0.037424289	0.048229639
2796	3.3929633	-1.2949641	2.5524914	1322.1774	25.619431	13.341343	-0.13605804	0.00010464396
2797	1.8461318	-0.55641744	0.55407691	714.79563	42.656025	29.173178	0.028126066	0.086865516
2798	1.9704224	-0.14178671	2.507136	2865.5651	15.319634	10.75113	-0.16026561	0.1678057
2799	3.7700649	-0.018138615	2.0508018	888.39405	10.622013	9.8497525	-0.31054834	0.18646306
2800	4.2563178	-0.06782342	2.6252735	1512.3905	16.416163	5.1439412	-0.056624695	-0.0015329201
2801	5.1345303	0.28801032	2.844414	270.95799	9.2204026	8.3064566	0.26064295	0.014520041
2802	4.1714014	0.16685018	2.8206226	844.21009	10.792798	10.020725	0.2160471	0.0095227616
2803	3.8611311	1.3289284	0.37451928	9197.7612	98.98195	77.957651	0.17634597	0.17498553
2804	4.1293789	-1.2966675	2.5466669	3377.6673	14.539809	12.688319	0.016857064	0.058104926
2805	3.0390823	-1.1027157	1.4002864	8285.5006	165.16411	151.59857	0.048307371	0.4453423
2806	2.7041404	0.5138952	2.4953803	3712.4381	36.44776	33.953461	0.19530405	0.029025213
2807	5.8440701	-0.87026517	2.6209895	3262.8888	26.614031	22.6532	0.19384365	0.030591387
2808	3.0001689	-0.23730884	1.0002669	1154.893	10.227318	4.5678697	-0.29427525	0.13272708
2809	4.5709679	0.59616547	1.8607057	456.90191	26.362378	9.2424731	-0.062215232	0.014620062
2810	0.35300548	0.6099245	0.38559879	4438.284	17.154994	17.015588	0.055502328	0.068086485
2811	4.561683	0.12208786	2.2224934	5990.186	117.97653	47.64479	-0.036617025	0.4101588
2812	3.2405073	-0.15980399	2.4386899	2440.263	64.085741	62.024905	-0.032505849	-0.12574895
2813	5.1175531	0.69799412	1.7787046	517.67871	9.9949081	9.2748093	-0.10437427	0.18773097
2814	3.108803	-0.27194577	0.28694057	153.82902	9.1391153	1.59011	0.0005718551	0.042812798
2815	0.22617272	-0.47506487	0.33851533	318.84077	1.7802737	1.6638306	-0.010689949	0.070799594
2816	1.6280151	0.13848754	0.59353847	980.67938	85.04883	20.259419	0.11112279	0.10971157
2817	5.168951	1.1407408	0.41565847	3050.8057	43.521529	19.490194	0.11632388	0.10035723
2818	2.9485259	0.69418583	2.5392243	6910.1234	71.864888	67.741577	-0.022977715	0.12467706
2819	4.8997582	-0.35973964	0.73316968	505.97817	2.9885575	1.7984816	0.039935594	0.014504541
2820	2.6577648	0.3417275	2.632744	2742.5396	51.241506	28.061579	0.030347853	0.01858467
2821	5.8754208	-1.2331653	2.3651113	552.81377	9.1969704	5.5694392	0.018917805	0.098663354
2822	1.2389474	-0.87537546	2.3208763	4740.525	30.532722	15.051749	0.0015392265	0.37650493
2823	2.9096953	0.53375113	2.5977244	2371.7228	22.749718	11.996885	0.088262847	0.087935267
2824	1.4123159	0.33115853	0.80402217	2136.4866	49.678127	36.477983	-0.35143432	-0.0024260518
2825	0.0080134468	-0.034185299	0.61000808	683.42846	33.86425	4.2372191	0.0020695627	0.0064244421
2826	5.360535	-0.38321662	1.8587141	1984.145	30.559307	18.231149	0.097529489	-0.056150258
2827	3.3864537	-0.49771376	2.450581	646.42297	9.6565977	2.9047439	0.30222223	0.0197273
2828	5.391269	0.33945873	0.48586575	1001.762	12.836136	12.646701	-0.18580178	0.027403918
2829	3.6318976	0.032086414	1.9411771	3029.3985	46.677367	39.629864	0.11131126	-0.0034068171
2830	5.373951	-0.029018148	2.6836657	6534.3886	55.480083	38.183473	0.18649545	0.054971379
2831	5.4537721	0.7534396	0.61465207	573.61489	2.4298306	2.0555868	-0.01542252	0.17396207
2832	3.738846	-0.41576819	2.4269541	13115.228	111.96506	86.886823	0.0010912414	0.33528922
2833	1.5483546	-0.73543567	2.4241442	2135.8503	19.216489	15.738228	0.045153824	-0.031305976
2834	1.8788582	-0.70049301	0.24073653	2943.6674	28.148297	11.682784	-0.013522774	-0.099016698
2835	1.507912	1.1242941	0.88047407	2866.7136	51.412068	37.948236	0.00023530061	-0.10992571
2836	1.1665583	-1.039319	2.2355774	1543.8535	26.56737	16.392976	-0.17615334	0.031707053
2837	6.0011795	0.90584316	1.3793904	925.48926	10.801872	10.168435	0.11886297	0.091471638
2838	0.56990809	-0.6314844	2.2243054	866.33342	11.247489	10.583064	0.051669727	-0.0095310308
2839	5.4533706	0.34540748	0.62030976	1723.7764	11.313336	10.451775	-0.28651577	0.051754073
2840	0.16380109	-1.0313562	2.9643513	3003.805	39.87254	36.039253	-0.35631507	-0.41009775
2841	3.8200966	-0.72009745	2.7961721	1413.8767	17.024752	3.7139269	0.00037925418	0.033000968
2842	1.6743816	0.11380085	2.8211465	3602.7393	38.757482	14.686666	0.11628069	-0.36265304
2843	1.0339413	-0.21047652	1.3241056	450.49607	11.129506	6.8959768	0.025974253	-0.026158621
2844	0.90705789	0.45529327	1.7005345	1868.915	54.005691	44.868279	-0.06450041	-0.10192333
2845	5.4436608	0.058270744	3.0766566	4160.1463	30.981474	24.747528	0.063804028	0.0067628061
2846	0.28980277	-0.33332808	2.4668494	5496.6789	53.575071	49.87519	-0.011755501	-0.03871571
2847	5.9125921	0.8837983	2.5521915	602.67275	34.014151	2.4536547	0.081126522	0.026497243
2848	6.267354	1.3953396	2.4291661	1160.8776	12.019322	10.407703	-0.068101075	0.10652175
2849	1.3669877	0.81772063	0.70278978	825.08423	10.430755	8.6200174	0.0082377571	0.025713045
2850	0.78237526	0.38543834	2.8350017	1674.8034	46.860946	8.0355869	0.14352387	-0.36568492
2851	3.9955488	0.34169917	2.2345867	1366.2465	38.322858	37.731034	0.090537622	0.017100145
2852	0.40473243	-0.231739	2.9123083	10638.567	97.528086	89.771749	0.20244502	-0.036776073
2853	3.5163899	-0.16577013	0.61095591	1607.3932	38.336251	33.666063	-0.042352521	0.049492126
2854	4.4508329	0.73574401	1.8917782	1803.6991	41.499499	37.604455	0.026646148	0.1828073
2855	6.0955736	0.0024292799	0.59812669	2055.8769	12.453907	10.356721	-0.18968851	0.077449445
2856	4.1820554	-0.33135339	2.538894	6686.9055	49.522779	34.963089	0.049484949	0.15081885
2857	5.3127154	0.87195716	2.6090996	4709.297	51.344173	42.033312	-0.040671154	-0.034436637
2858	5.4420952	1.2471307	0.6197204	5869.9927	134.81899	43.042749	-0.012285655	0.16564748
2859	0.29252669	0.59647128	0.5502262	1131.9187	42.635394	41.982496	0.00232864	0.0055148034
2860	4.2644342	1.194071	0.94135031	464.29608	35.503165	26.219654	-0.21371189	-0.1248948
2861	3.3269878	-0.6784189	1.8516889	1618.1076	40.121654	28.373372	0.17486487	0.24978276
2862	5.5393111	0.16673938	1.586064	731.18061	11.295282	6.1195449	-0.035703927	0.01500368
2863	4.4986764	-1.0076797	0.6487214	321.9351	9.9126527	1.4305673	0.080308704	0.0013002139
2864	5.5196754	-1.0768105	1.953857	722.99868	10.986827	10.092009	-0.24407286	-0.022555144
2865	4.3311078	1.0836142	2.8195192	2919.1615	15.991741	13.077413	0.067683639	0.20667608
2866	1.9855817	-1.0105074	1.0122228	2115.0913	44.27509	43.926703	-0.0011655009	0.19433279
2867	1.5342007	1.0761327	2.1430993	2353.6213	14.625339	13.703156	0.091127109	0.48844494
2868	3.7123363	0.91369593	0.58265801	11235.335	90.083607	69.534485	0.0010466288	-0.046844441
2869	1.5272665	1.0584148	0.6956806	1852.9457	44.599257	12.1869	-0.028115111	-0.025456129
2870	1.5381603	-0.56684803	2.237744	4036.7572	61.017562	48.68191	-0.094163235	0.04775126
2871	2.7033458	-0.077084328	0.5881515	1691.0382	11.889516	11.820732	-0.18277237	0.45328168
2872	3.0516512	0.71416832	0.20465482	1124.0264	10.103499	8.5061368	-0.002192613	0.112042
2873	4.5605338	-0.80905369	2.8433522	755.01357	10.049195	9.9568039	0.49643695	0.14636126
2874	4.6534347	0.078867231	0.30604175	3931.6987	79.586959	44.701375	0.067085027	-0.0001112049
2875	1.8644955	-0.32219083	1.0491639	1406.8339	38.036697	12.986823	0.043521815	0.094074221
2876	4.4726193	-0.62079968	0.61711651	6014.0809	63.184497	55.572172	0.043763235	-0.027129423
2877	1.2528745	-0.30025087	2.1955301	3903.7492	45.532229	43.02306	0.50961196	0.2000519
2878	6.0214156	0.85624891	2.4180556	1623.3654	13.607655	11.932847	0.15668251	-0.14693343
2879	1.9256023	0.19344807	0.65780509	6438.0316	46.829706	46.162356	0.011431396	0.26817601
2880	4.4936964	0.44931441	3.0675229	8305.4396	66.527921	53.065482	0.11151863	-0.019730403
2881	2.9043061	-1.1330248	1.8310419	2302.2539	46.59566	32.640809	0.14669969	0.09859148
2882	3.3685024	0.43278483	0.58780165	704.44372	22.674856	1.5694855	0.087749673	0.28714206
2883	5.880642	-0.55214609	0.86981416	3513.3007	21.653066	21.574097	-0.10968074	0.52975033
2884	4.459395	-0.1196007	1.9744716	2956.0136	54.929486	46.069359	-0.16468656	-0.0040338654
2885	3.7728084	-0.12703205	0.87808231	2082.177	29.142402	28.989612	-0.23837531	0.047675224
2886	5.8369597	0.32669479	0.56820835	3083.5388	56.791485	44.04668	0.029936811	0.0044965925
2887	5.0409584	0.17660748	2.1175208	1576.594	51.593817	48.844498	-0.12659614	0.071103748
2888	2.8409174	0.23579701	2.279222	1114.0676	11.186918	10.106228	0.089011186	0.11423251
2889	4.2578735	0.34696694	2.7939181	4278.5504	37.11866	37.006606	0.11591909	0.0044364002
2890	0.35871829	-0.41513754	0.91435974	3362.2709	37.358567	36.044893	0.066611868	0.024081424
2891	0.51891792	-0.25364155	0.30600857	1920.3778	12.665262	2.0329564	-0.027350125	0.042238578
2892	3.1426817	0.35194277	0.51909886	2669.0644	15.034449	13.027893	0.025033713	-0.0099647028
2893	5.1321599	-0.60202745	1.3859576	184.71734	9.3209405	3.1120591	-0.074860559	0.035325929
2894	4.311345	0.13860908	0.54504258	1822.3275	12.789673	8.8316072	-0.098841412	0.066750383
2895	5.5122031	0.48476405	0.12959843	3015.9719	16.796718	14.115611	0.24954	0.016576411
2896	4.0934421	-0.81330717	0.81236017	1542.186	13.609952	12.230198	0.14625659	-0.01484575
2897	6.231781	0.33298827	0.5761275	4904.3244	79.958345	60.129221	0.006342514	0.086690722
2898	0.92187348	1.2576743	0.49870568	2112.5341	11.367882	10.955145	0.077912399	0.078649569
2899	1.9159718	-0.82228744	1.1077869	582.18523	36.742573	33.206473	-0.054148769	0.11689947
2900	0.61805548	-0.023384479	0.87986968	1828.3508	13.500824	10.41547	-0.21736076	0.013776802
2901	1.6296784	0.34444356	1.4638324	789.04213	44.158839	41.235833	-0.0060870475	0.028433991
2902	6.199683	-1.0253706	0.28014989	857.24445	45.071561	25.214798	-0.099332851	-0.018622421
2903	0.097817565	-0.20829717	2.957114	811.38363	6.9451704	2.023837	-0.02823289	0.19860752
2904	0.95879227	-0.91018214	2.6758802	2810.0578	54.078304	31.482126	-0.034212622	0.10271807
2905	0.63831926	-0.36846994	1.1737649	182.82226	1.9087474	1.3378243	0.2524673	-0.11439545
2906	1.4307079	0.96796501	2.7073554	107.77878	1.2357826	1.2063561	0.066188668	0.033844027
2907	3.2543599	1.2747772	0.816528	1614.8978	33.533369	9.7188331	0.12404947	0.13169419
2908	2.2887178	-0.54034633	2.9984178	2757.6169	14.4595	14.2687	-0.039792778	0.030567886
2909	6.2809958	0.57241777	2.0989567	1847.3685	16.160014	11.549823	-0.014140057	0.030580854
2910	0.19132503	0.97824719	0.57105561	3504.6956	124.85701	16.710529	-0.074240481	0.26332575
2911	1.2065566	1.0709832	2.3208936	1990.9067	56.054985	14.144066	0.29986535	-0.095932051
2912	4.8327377	1.2665309	2.2559379	3722.7004	49.721261	37.880935	-0.31549499	0.14401227
2913	0.38629419	0.401788	2.4662774	1465.9523	10.603208	2.3334072	0.10409317	0.23734132
2914	2.8773435	0.28543307	0.28236039	4985.4253	38.932596	17.346794	-0.015244833	0.051695942
2915	2.7355636	1.1793886	0.71495534	3960.5336	60.442177	19.202655	0.05815374	0.45470312
2916	5.1202145	1.1124895	2.3500928	5825.4111	66.872536	64.225749	0.0029782064	0.074660311
2917	2.830361	-0.24229603	0.40679887	7200.1855	57.162917	56.349991	-0.049445512	-0.088474191
2918	3.133087	-1.169251	2.7747349	442.44803	2.6546796	1.3652002	0.085505974	-0.024184194
2919	5.8706682	-0.50141231	2.2211834	5352.2707	105.35902	90.933307	-0.021123832	0.20530434
2920	3.3450829	-0.66647046	2.9108284	5547.0882	65.530717	64.51068	-0.049585529	0.083261047
2921	5.3446757	0.5116628	2.3109199	6088.2695	177.28934	97.283197	0.021433695	-0.028697632
2922	1.1844375	0.075727926	2.8193605	1466.4134	39.440818	21.712476	0.34999877	-0.11079001
2923	0.48102803	-0.9614645	0.49220973	3829.6518	76.913247	55.552585	0.026258905	0.061117482
2924	3.4127575	0.40755272	2.5272673	626.70494	2.3774857	1.320711	-0.28249012	-0.0076786549
2925	2.8276071	0.52097287	0.16839409	1924.9365	40.735508	31.693369	-0.007672833	-0.13172997
2926	4.2977307	0.88675022	1.816353	331.00434	12.945172	10.702871	-0.0063475512	-0.021948394
2927	6.2817591	-1.0724999	0.72627841	5682.8348	65.274968	55.393495	0.074152595	0.020185746
2928	2.0668014	-0.43308664	0.57618574	6647.8649	66.389109	47.232985	0.0087346695	-0.073615883
2929	3.1548073	-0.090559441	0.16633162	2981.5993	41.167371	26.086111	-0.03420191	0.013889804
2930	5.5887789	0.77446821	0.50381144	3381.6487	58.545565	50.28797	0.016261498	0.00068119024
2931	5.0712042	0.56885613	2.6253117	2410.7809	46.317352	43.99338	0.11618272	-0.013097637
2932	2.5535152	-0.37660752	1.1079775	1194.3455	62.009472	39.61422	0.1707181	0.001003693
2933	4.4312951	1.3223532	0.37216959	3206.7894	45.739271	42.949078	-0.091844217	-0.0074453952
2934	0.64547536	-1.1850919	1.2797461	2050.7542	44.309336	38.385465	0.21732646	0.084271827
2935	4.4887964	0.35659869	2.0865815	2618.9558	126.8155	46.497579	0.23219804	0.088580647
2936	5.0097353	0.49636669	1.1679174	1875.1454	30.436963	30.013092	-0.025001713	-0.011866292
2937	2.9006647	0.34962728	1.7947063	1044.6626	19.127739	18.048206	0.2977549	-0.12646269
2938	1.4205518	-0.79019841	1.1301226	453.285	9.3872666	2.2494548	-0.038364484	0.020632203
2939	1.306777	-0.6437971	0.6219213	1271.1208	12.376086	10.741388	0.0010926947	0.12973498
2940	5.0326046	0.53335592	1.0692005	8828.14	69.911545	65.351054	0.034933255	-0.04182148
2941	4.7017522	-0.12400582	2.7516283	3188.9871	16.87586	13.850662	0.016106419	0.045279628
2942	4.7581988	0.51011108	2.5671644	347.89003	2.0752118	1.8161814	-0.11765879	0.20373473
2943	0.37941502	0.97481487	0.74557132	1460.8425	19.054378	14.459327	-0.009876885	-0.012228925
2944	2.1054889	0.35054636	2.0427211	1504.0908	46.27776	31.925282	-0.042776933	0.14084413
2945	2.6667663	-0.1647957	0.86666836	819.30838	11.197718	10.169584	0.023465595	0.041333276
2946	2.924821	-0.14594115	0.73646161	3374.233	44.632319	39.600415	-0.053927953	0.016003784
2947	4.0042082	-0.50849343	2.2633475	2605.7231	49.787084	5.4178454	0.0086841946	0.14275939
2948	3.8835508	0.34474246	0.9630213	1447.8507	12.821857	10.981285	0.0042086259	-0.12160877
2949	6.0453227	1.1394793	0.84650122	2046.7623	12.968524	9.9287789	0.0074243426	-0.12460452
2950	4.2218427	-0.39069808	2.3022406	2908.9624	24.741049	14.227656	0.10954345	0.27767502
2951	5.0858592	-0.33572458	1.1328244	1147.6917	24.612979	20.503205	0.11868843	0.0081995922
2952	4.8155738	-0.87912469	0.83504133	274.945	2.9280039	1.8665803	-0.015158284	0.32929168
2953	0.089585001	-1.1454249	2.2404439	6828.2774	56.473444	48.229425	-0.14618381	0.0018518276
2954	4.0935138	-0.93293128	2.562452	2100.2768	51.375768	50.471922	0.13125209	0.13776376
2955	4.9830636	-1.1322356	2.1048215	504.40737	12.063474	6.6933276	0.13606262	0.054884764
2956	3.6807197	-0.16316269	2.630236	9392.1474	86.812068	57.847882	-0.034807211	0.075063296
2957	3.3882199	-0.39512057	0.69455147	383.75671	1.4142799	1.3867245	-0.038361349	0.022234106
2958	1.3408761	-1.1649466	2.0135077	4000.8067	81.099171	49.685814	-0.031652336	-0.0039820021
2959	2.9183557	-0.63958247	0.83206449	1038.1275	11.12988	9.2645816	0.078887659	0.14660656
2960	4.8863735	0.66770047	2.7607227	1640.0842	45.352408	40.817299	0.20440954	0.064644671
2961	1.4584453	0.15918384	2.4257777	1013.8208	11.878036	10.665998	0.19031145	0.091975548
2962	3.3464599	1.2617222	0.4471107	6308.5909	98.40277	63.502195	0.51429352	0.089892536
2963	0.96433778	0.74869924	2.3323645	9344.3781	63.539274	60.375551	0.022356256	-0.013453663
2964	3.7461926	-0.65891529	0.967395	11100.371	94.383794	85.278254	0.25281901	0.24033942
2965	5.9787203	0.10775521	2.2387345	2279.6614	49.103211	43.706527	0.057929596	-0.59142523
2966	0.48816816	-0.43315011	2.6987184	5193.6461	54.906757	50.628106	0.031445963	-0.011663856
2967	5.7997916	0.300762	0.80968187	1045.1387	34.252714	31.349059	0.22206903	0.037808876
2968	4.0928085	-1.0566474	2.9087141	1055.3861	12.314913	3.3836881	-0.15882372	-0.030282057
2969	5.2375422	0.29459992	1.8763702	185.89552	1.3778344	1.2930624	0.10199547	-0.005043985
2970	3.2559006	0.19464713	1.9070086	2207.7037	53.453363	48.040632	0.06754314	-0.0130268
2971	6.0939626	0.46199633	0.31169803	6245.423	55.101727	48.350536	-0.051469206	0.016631605
2972	4.8824358	0.8954366	1.8724815	1162.7186	42.408647	25.834894	0.52226588	-0.061602197
2973	2.0915722	-0.2924226	2.8062858	3992.4248	107.42674	78.584193	0.047208432	-0.082362295
2974	5.3807447	0.40768312	3.0863056	905.91591	9.8151259	2.754139	0.014005932	0.00521688
2975	3.6950492	-0.8754986	2.0655203	3595.9232	33.695811	25.640064	0.3051117	0.069418556
2976	1.511984	-0.96663793	2.0974882	2472.1567	47.450818	42.594502	-0.1113228	-0.19443415
2977	5.6106768	-0.60922579	0.6209888	570.11691	7.5093217	2.2601959	0.30926509	0.040245394
2978	0.78279146	-0.76942738	1.30837	499.81705	10.057238	2.2523038	0.55453874	0.011253631
2979	2.1326511	0.94640025	1.9343938	506.86997	10.441548	8.4300159	-0.10778591	0.39554253
2980	1.1016967	0.15761575	1.532322	776.94282	11.091968	10.905247	0.065263659	0.34144582
2981	5.5618851	-0.57450321	2.5712153	6417.0333	52.845691	45.095389	-0.045353426	0.047254128
2982	5.05893	0.73670892	2.3921282	7736.108	72.770474	45.527163	0.064459366	-0.018725782
2983	5.0537467	-0.0034540515	1.0102007	5058.306	51.022442	47.497492	0.0071850804	0.32105056
2984	1.6345527	-0.48033427	0.62469291	4439.82	56.550132	56.248396	0.037621203	0.6133309
2985	2.0577037	-0.30196664	2.6175102	9709.993	83.690801	83.119725	0.16208556	-0.0033149676
2986	2.6217222	0.072934172	2.3231002	4064.658	33.281176	31.006809	0.32340175	0.1554681
2987	5.7144005	1.1856369	2.1191078	3480.6742	53.653571	49.58911	-0.15413781	-0.15170594
2988	5.2108253	-0.56529191	2.0324542	2253.6733	49.569275	35.867766	0.063735173	0.0037076019
2989	3.697035	0.38311085	1.9762819	730.10678	10.604023	9.7150713	-0.4593747	-0.079963227
2990	2.0546578	0.060593425	2.4577047	1159.8088	10.471239	9.6298757	0.040782512	0.10042719
2991	3.0210491	0.11696089	1.829708	132.0224	1.820388	1.2465644	0.025441593	0.10495734
2992	4.6708882	-0.6023828	1.1691819	1008.7044	11.326941	9.3423802	0.040840785	-0.60140708
2993	3.1463324	0.10553593	2.3242721	787.98532	9.5928695	2.4130262	0.44962293	-0.0028946964
2994	4.8820954	0.7598857	2.79911	1809.5238	42.552664	36.883238	-0.16173429	0.58039427
2995	2.1849744	0.77599627	2.3246459	2946.6402	148.66279	112.0009	0.17321775	0.39352024
2996	1.4565279	-0.46820763	3.0014266	5242.5187	70.912813	58.353838	0.066357012	-0.13742821
2997	1.252958	-0.29179582	0.85708481	2652.7425	50.548973	48.997675	0.015596553	-0.12700678
2998	0.46563402	-0.74231419	2.4581028	349.70417	10.288014	8.8399456	0.027544353	-0.030718141
2999	3.9643702	-0.070220368	0.84488399	5533.1416	88.630162	67.607148	0.14552396	-0.047687021
3000	5.8002328	0.32242924	2.2059959	1161.2897	24.206693	20.153425	-0.0033557423	0.038627357
3001	3.8352983	-0.032227672	0.98331705	3422.0319	39.00004	34.264305	0.12844848	0.15969314
3002	5.3747793	0.27979822	0.40620603	4577.2088	62.183354	50.269029	-0.0015897334	-0.022021293
3003	0.6087209	-0.61393063	3.0936319	5655.8442	32.749666	19.084114	-0.062797839	0.021586375
3004	0.23945051	-0.93728692	2.4785402	2242.9779	23.602052	13.611793	-0.076254472	0.050262587
3005	4.3430594	0.059860929	0.87053967	2039.676	93.236106	88.054148	-0.29864676	-0.075728048
3006	4.9165171	0.34668435	0.36292221	3938.5417	15.508981	13.856602	0.10440046	-0.024367218
3007	2.1105586	0.14347842	0.99501402	1331.5115	41.207468	20.687135	-0.037210907	0.48224606
3008	5.3673069	1.3451417	2.1397599	2886.8446	44.35893	40.027755	0.11375934	0.057035107
3009	5.2542254	-1.4528478	0.3028958	4596.4243	60.812186	59.954563	0.053422232	0.041446335
3010	4.5670144	0.50655009	2.1109101	995.30851	43.643553	12.335657	0.31904503	0.014758981
3011	2.0086964	-0.24089056	0.072219117	2730.3921	34.985413	23.401492	0.00095134575	0.072226768
3012	1.8352607	-0.064728548	2.3640094	4554.575	47.117992	45.214437	0.17676311	-0.57351708
3013	0.49026803	0.14138456	2.3692463	717.21455	10.383707	10.156491	0.027493411	0.04381541
3014	6.2317042	0.0033441476	2.3525467	309.18388	1.5729708	1.3083831	0.01134707	-0.0009153178
3015	4.9437108	1.0440083	0.58152756	228.09415	5.0955933	1.4882085	0.08318558	0.0027164563
3016	6.1120368	-0.12760913	2.2426956	4058.4954	40.599846	39.61899	0.11421818	-0.049002999
3017	4.4500804	0.7895246	1.5236814	715.43235	10.376805	10.263539	0.029556482	-0.11268237
3018	4.8104635	0.19388821	0.36169899	531.18209	1.6328361	1.6273441	-0.046878879	0.086128809
3019	1.3920732	-1.0109686	0.56181168	4088.3495	74.876899	50.13562	-0.021622878	-0.10731041
3020	5.3603424	0.84937099	1.2058893	331.99921	1.3231549	1.3186411	0.0023485032	0.14545936
3021	0.25027209	-0.36289899	1.4249374	1426.3239	39.79985	37.249074	-0.066526503	0.26602598
3022	2.022897	-1.1678378	0.2328935	1534.3424	11.78745	11.500198	0.090715664	-0.043371427
3023	0.16758545	0.1514605	0.4073876	3902.1058	35.34203	34.377244	0.38335048	-0.26275282
3024	4.4439313	0.81531667	0.71943519	11185.502	87.679713	70.998532	-0.060606217	0.084446845
3025	2.1571668	0.26660186	0.79646418	1634.4226	47.163432	37.310044	-0.066023111	0.11458578
3026	2.9804949	1.0628574	2.6070752	6322.5746	79.68298	53.946027	0.081409836	-0.10777122
3027	4.053079	0.64357889	1.6251579	880.85764	9.9465604	5.3311021	0.19387108	0.010585724
3028	4.753324	-1.038312	2.4205579	374.32428	9.2144048	9.0381304	0.13640706	-0.11369935
3029	2.752565	-0.37608455	0.038858068	10084.339	83.570716	52.665144	0.35466057	0.057500864
3030	0.97801495	-0.25218363	2.5098418	7642.7193	100.90848	59.777155	0.0055159603	-0.00074573676
3031	0.53569259	0.80046523	1.8000885	1758.5229	37.48061	32.405528	0.026031738	-0.0035940266
3032	3.3868371	0.74771719	0.59651787	1433.5674	12.529906	11.095416	-0.18048648	-0.38079464
3033	4.9635336	0.51398966	0.99324305	120.84379	2.2874699	1.2837874	-0.041263559	0.014567224
3034	5.9885184	0.74223178	0.99392555	671.31967	10.701414	10.454762	-0.014950829	0.086499018
3035	2.6340305	-0.63055744	2.7515974	9823.4971	80.867946	78.445737	-0.098289122	0.090831056
3036	1.3834404	-0.60119645	2.9254992	6390.7717	58.44464	32.344253	-0.090564456	0.0042782351
3037	6.2577802	-0.31261833	0.28765137	6957.0923	75.323342	71.563008	0.092143477	-0.044347315
3038	1.5417852	-1.016973	1.7088542	2003.6979	41.977801	27.535022	0.063285184	-0.077573583
3039	1.5256355	-0.42430669	0.97409419	754.18109	10.504245	10.068944	0.74029311	0.0069266671
3040	1.8418589	0.70344952	1.791062	1064.641	10.988623	10.199912	0.085910284	0.13835508
3041	3.2678602	-0.12740417	2.4387205	2212.8097	13.521368	13.157601	0.022523257	0.034961082
3042	2.3583834	0.63411026	0.75117593	3144.1205	75.4131	55.150466	0.12807993	0.32365662
3043	3.4144173	-0.25737829	2.6971405	9446.9044	78.885723	62.755401	0.35952891	-0.25027305
3044	5.8727221	0.41425323	1.182494	143.13294	4.8784556	1.2986397	-0.045874571	-0.18689716
3045	3.2617651	-0.75696282	1.9272882	564.10316	11.035317	4.4579714	0.028407357	0.088941454
3046	3.7776562	-0.86170714	0.71536916	2288.402	11.191429	10.625356	0.044015478	0.3805368
3047	3.1742339	0.8266166	0.24849174	4228.098	116.19216	113.89718	0.071187686	0.047401997
3048	4.2497309	0.43723398	0.24702605	7098.6761	152.29449	107.57784	0.11752151	0.049957852
3049	5.8272666	-0.48260024	2.2952973	5020.1045	130.4593	112.53766	0.00042333933	-0.025406965
3050	5.799425	-0.68471613	2.1307265	1376.5923	15.3211	11.388742	0.0018084068	0.03068428
3051	1.0880268	0.72434752	1.7491159	785.9062	34.752362	8.9905844	-0.038644121	-0.0039670569
3052	4.0562324	-0.45680935	0.90423589	185.38415	1.7886188	1.6290548	0.0046645296	0.17979618
3053	4.0325237	-0.49089534	0.39706936	10548.594	81.675589	77.681995	0.46038865	-0.017305287
3054	3.3812079	-0.14556635	2.8023767	2451.6109	73.134606	34.330555	0.19681685	-0.012186115
3055	0.053273024	0.32984339	2.3612477	1641.5672	23.367198	10.471421	-0.089972089	-0.062744681
3056	2.8860116	-0.95921813	0.57186498	402.86504	20.71216	10.315529	0.056557973	0.24242734
3057	0.8074853	0.26948537	2.4503465	2320.27	69.216852	43.569044	0.04875968	0.14996778
3058	2.6636346	-0.063313227	1.223133	671.30564	10.788058	2.1792936	0.0433503	0.017194199
3059	4.1354777	-0.1636253	2.7528012	2274.0603	13.291929	9.6789217	-0.089382293	-0.056571877
3060	5.2458212	0.97546698	3.0029379	186.26216	1.2888331	1.2418059	0.10857652	0.11309296
3061	0.6484367	-0.99745022	1.8740799	2172.6215	37.442662	23.99026	-0.022189084	-0.18549943
3062	1.6098437	0.14625536	2.7088828	498.64125	13.708286	9.1743409	-0.12002254	-0.042561714
3063	1.6335483	-0.85855199	2.6162658	3962.2873	61.383995	49.141931	0.01205661	0.0096218353
3064	5.8800753	-0.43799511	0.51338033	339.28822	1.7090585	1.3095767	0.037399003	0.14717494
3065	2.5867942	0.060935005	0.41219546	1639.6395	52.194894	10.443835	-0.24947509	0.23430109
3066	4.0351964	-0.027137078	1.6899458	605.23321	9.7419827	9.5402052	0.15556134	-0.15472269
3067	1.872524	0.14178037	2.6366901	7499.6306	127.46603	74.476295	0.16286546	0.10963474
3068	1.697572	0.39148847	2.7065834	1455.5718	11.058383	10.322794	-0.086795966	0.15068938
3069	3.9207468	0.16933839	1.5251317	1215.7178	26.14624	23.010763	0.017635685	0.18639487
3070	0.66978089	-0.064132858	2.7586261	1578.4232	38.704309	36.192515	0.025075324	0.18421963
3071	5.3952632	-0.073748654	1.0462833	717.56578	43.161728	40.488164	0.0402101	-0.13159164
3072	5.2149085	-0.48232104	0.31624673	926.4664	12.262045	8.0199913	0.17798325	0.005209716
3073	1.4776997	0.64860954	0.34008345	1629.5962	9.9352644	8.7969768	0.062635779	0.048386774
3074	2.94251	0.19951762	2.6952145	2898.2468	46.98515	24.89001	-0.021938636	0.29627953
3075	1.0150294	0.1172008	2.44644	4102.5104	55.16913	42.608971	-0.070972305	-0.0032131114
3076	1.889993	-0.94893169	0.87151313	510.60158	11.51921	1.4767741	-0.10420049	-0.0032356053
3077	1.1712407	-0.11587156	2.1670707	401.30811	9.767928	2.1854144	0.022208921	0.08837228
3078	4.6256952	-0.5994774	1.2058209	2293.232	42.093515	40.16153	0.098921697	-0.12820937
3079	4.7776598	-0.13122499	2.5038616	4037.7941	53.040033	35.826769	-0.026942836	0.0037363888
3080	5.8734359	-1.1494878	0.28143912	1994.3944	19.640942	13.411477	0.13757024	-0.0044828675
3081	3.5389917	-0.24353522	2.8287025	1768.1752	19.586392	13.023511	0.22736781	0.096788658
3082	5.3302086	0.92571096	0.98956724	4272.6625	110.70509	81.135881	0.1648949	-0.038914047
3083	0.78668544	-0.61958115	0.30513782	3740.5783	81.966377	55.332569	0.69680281	0.38090975
3084	4.0501452	-0.48387441	0.33548665	5258.767	16.901969	15.643782	-0.059526282	0.05581537
3085	6.1710596	0.056195133	1.3108529	3998.8252	55.605653	51.478766	0.17791959	0.020786575
3086	1.9523441	0.48009621	0.59991814	1084.2453	36.594666	10.896494	-0.043731603	0.33069863
3087	2.7374734	0.65363009	0.63880325	690.91304	38.012662	4.108855	0.30827721	-0.23517751
3088	3.7514131	-0.28745926	0.52748832	2418.1211	105.84079	44.333282	0.47266171	0.19381377
3089	0.090836961	-0.088447036	2.9317134	8512.1047	105.79606	68.475044	0.29911532	-0.092187691
3090	4.9232777	-0.66021004	1.859855	1676.8855	35.780364	23.62305	0.027468201	-0.037864952
3091	4.3240964	-0.045642672	2.1368008	6114.301	65.041133	54.612923	0.031675507	-0.0036435272
3092	0.98394739	-0.97134452	0.84380759	1951.954	30.123081	11.979696	0.054066781	0.42271253
3093	5.7492726	-0.90110523	2.3043079	1868.6871	11.880816	10.667822	0.034602909	0.10032568
3094	0.057439442	0.47422823	1.1391588	1055.8054	10.042934	4.719184	0.15634834	0.0064809286
3095	5.5256967	-0.027744651	2.2200613	795.30056	66.091764	20.490473	-0.011276805	0.064032998
3096	1.8444118	0.38148264	2.9458264	1368.9292	11.619828	11.21217	0.0087532733	0.02078836
3097	5.7666465	0.41432775	1.7130321	792.77722	58.343986	12.732781	0.33782822	-0.0012611755
3098	1.9887374	-1.2029098	2.3364845	1075.8825	29.806561	1.7793923	0.11451042	-0.024925189
3099	5.9256695	0.17623628	1.966824	1344.4297	12.64713	9.8333713	-0.066810195	-0.057838247
3100	6.0005315	-0.26479146	0.93860694	271.73554	1.6026577	1.4211024	0.014616297	0.15959363
3101	0.58088424	-0.48965214	1.8861194	845.63979	14.618096	9.4347407	-0.0005509273	0.21327873
3102	0.36441773	0.186414	0.9249648	5015.6586	130.28876	106.85646	-0.089059268	-0.014827645
3103	1.6181569	0.45173565	2.3026392	221.97113	6.8317014	3.3483667	-0.13742603	0.089848904
3104	0.56504909	-0.1764816	0.74922786	5019.6777	55.908477	45.699608	0.086927586	-0.061098643
3105	1.9450441	1.052708	2.5842968	1780.9158	11.426814	10.275617	0.040830349	0.31208927
3106	5.7629725	1.1090549	1.8385132	789.48248	28.248036	28.049673	0.0039571075	-0.18659922
3107	1.5780707	-0.24003038	2.524346	3619.6162	43.195027	35.741354	-0.0085738623	0.114554
3108	5.9333321	-0.4284993	0.84505466	5801.0903	57.519233	51.112028	0.0099925248	-0.046543858
3109	1.1248265	0.87182407	2.4075481	2496.3376	35.382178	23.296047	-0.082431125	0.236132
3110	4.0435145	1.1919799	2.7433308	5296.58	52.793627	43.44376	-0.008075535	-0.042145029
3111	1.3394001	0.33501386	2.4252564	1132.8847	46.94672	40.735053	0.057352056	0.24312248
3112	1.6288469	1.2133958	3.0161516	4577.1827	45.430546	41.129369	0.24831176	0.030865972
3113	1.620317	1.3411917	2.6200914	1636.9485	13.83798	10.274432	0.11945901	-0.0016380846
3114	6.0215215	0.59982914	0.70039051	539.35213	1.6805879	1.6114916	0.16438225	0.029950315
3115	5.6593265	0.65722301	2.8227146	3049.9784	26.318349	22.36522	0.090709359	0.0040183945
3116	4.8371207	-1.3290306	2.3764357	4100.3353	64.239117	46.866163	0.030174167	0.022763895
3117	3.6468661	-0.77260945	0.49212928	10779.557	90.712054	79.349945	-0.0050510844	-0.22537178
3118	3.543563	-1.0965988	2.672026	4397.6881	68.012642	25.721106	0.0075764012	0.48636016
3119	2.0380494	0.12369894	2.416183	5054.6022	163.96788	140.02403	0.034465761	0.12060122
3120	3.7307398	-0.98151421	2.874697	1024.8929	2.5271912	2.4905225	-0.0036807527	0.26552422
3121	4.8994855	1.1463166	2.1399309	3987.8523	72.870915	62.012169	0.15873235	0.022759799
3122	5.1151065	-0.056921916	0.10186036	8711.5734	77.224173	71.389226	-0.0035344634	-0.00054418967
3123	2.2040609	0.92357357	0.1962244	1351.1653	37.722767	10.933646	-0.0066573437	0.33040445
3124	6.0827045	0.26956432	2.1346883	2583.7521	30.285464	15.493382	0.065596707	0.10107904
3125	4.9012203	-0.027147992	1.1479644	3792.0392	41.169296	36.567369	0.35895189	0.16004837
3126	5.0595797	0.51521456	0.96541056	2806.7605	40.378074	35.514891	0.10542722	0.11408883
3127	2.4454956	0.68356215	2.4846457	1973.9704	45.134133	36.134089	0.16225834	0.19848204
3128	5.5464964	1.3008472	1.1982089	1671.6159	30.128713	12.465396	0.0061091414	0.0013271694
3129	3.7561885	0.7214938	2.6559071	14821.799	130.10963	121.37894	-0.091765807	0.018415891
3130	3.1500779	-0.41411048	0.46298632	1717.1846	14.063994	11.052115	0.030732704	0.082531877
3131	5.700264	-0.55914911	2.316621	952.59748	9.8534429	9.6077228	0.24136954	0.16211852
3132	1.5322586	0.39449544	2.1300695	1470.0255	10.857731	9.7861027	0.046860114	0.0032772107
3133	2.5381365	-0.23359808	2.3450545	6885.8553	79.142467	61.379501	-0.061451639	-0.12959035
3134	2.5738365	-0.56772854	2.1781352	15153.709	150.8178	104.94006	0.22279439	0.36031764
3135	2.6180209	-0.77113084	0.87746506	406.12941	8.0085055	4.2355773	0.0034885847	0.067960872
3136	1.9816342	-1.0282385	0.5631523	3977.6824	21.480497	18.486483	0.16469423	0.0027897776
3137	4.357218	-0.29373634	0.2446804	4744.9928	69.354415	33.723278	0.0064794458	-0.0040111809
3138	4.1319569	1.1500444	0.20291351	6305.6452	75.040986	72.671489	0.11841699	0.026369413
3139	0.64622594	0.88043621	2.0816851	2002.2398	12.958739	11.961532	0.33415666	-0.0029046158
3140	5.5709767	-0.60087552	0.45287553	468.60338	2.1605717	1.4247691	0.08130229	0.11422407
3141	3.7742297	-0.037839642	0.79116377	1291.7255	12.279935	3.4469651	0.064137768	0.11780139
3142	0.62096864	0.042235127	1.4911835	1178.7951	42.106277	24.564007	0.2089414	-0.051599137
3143	2.3019021	-0.081482342	0.39811987	1744.8319	12.204614	12.202915	0.029658549	0.20000401
3144	1.6993383	-0.15060263	2.0926735	913.09401	11.434929	11.406286	-0.29145252	0.075154812
3145	1.1237133	-1.2355477	0.90628457	1583.8826	12.619172	8.8927725	0.089799615	-0.28799757
3146	5.7481528	0.59884247	2.6530063	1121.2388	11.399803	1.8261147	0.13285097	0.13094316
3147	0.32951844	-0.32278653	1.7200137	988.89647	30.711812	16.725249	-0.0070240606	0.028349154
3148	5.4575252	-0.66769801	1.0270798	4700.6821	57.859089	56.632056	0.10621547	0.05299318
3149	0.7034117	-1.2579589	2.8431721	3884.2815	14.568107	13.527033	-0.13681235	0.13184238
3150	4.4510437	-0.9324038	1.3176522	4780.851	47.572625	42.962888	0.011546641	0.26980198
3151	0.9042801	-0.37333004	1.3714688	470.53036	26.93278	9.3479564	0.24341124	0.061493059
3152	4.4989704	-0.89865625	0.30367891	4853.8583	64.726351	41.283686	0.02005793	0.061593314
3153	3.9648326	1.1499004	0.5217395	1262.1469	12.4763	12.244017	0.17454048	-0.16748168
3154	2.8475456	-0.19369574	2.9032771	8972.2202	85.318529	81.536903	-0.0076238276	0.32565593
3155	1.5219558	-0.49061963	0.13513084	5241.1797	66.411865	59.955959	0.2262043	0.014584472
3156	2.5087436	0.30947929	0.32473584	4737.63	53.177367	50.465957	-0.038234765	0.11965704
3157	0.53458482	0.92341314	2.0906378	2504.2922	41.39836	18.380625	-0.00068994088	0.057267848
3158	1.8439086	1.3103602	2.3044461	192.61185	34.863448	1.3907466	0.057043594	-0.019412121
3159	3.2420687	0.36214356	0.98963817	1021.1521	12.933376	3.4631123	-0.28318229	0.021704681
3160	1.6238469	0.80679236	0.86775427	1183.4465	45.863703	45.580037	0.17785744	0.14145485
3161	5.1419132	-0.13706883	0.77429427	4188.4357	44.485418	37.99921	0.05560044	0.34409117
3162	5.2964848	-0.20346614	2.525983	1131.6399	11.268139	10.845484	-0.28276977	0.030360442
3163	0.50167923	-0.047361094	2.2877503	239.52054	1.5337373	1.3474424	0.16362082	0.18892649
3164	1.7189115	-0.94000555	2.0420658	2313.6633	47.348293	41.414902	0.027286882	0.03632645
3165	1.06626	1.0048551	0.82157551	2007.6193	13.250611	12.029436	-7.8949591e-05	0.055756807
3166	0.47428084	-0.23676828	2.5327988	1316.5334	12.724136	7.4986073	0.15651196	0.093489582
3167	6.1805713	0.1926121	1.0275951	1730.4335	14.548286	13.961557	0.181473	0.039306708
3168	3.5346405	-0.03865754	2.6575798	167.99449	1.452506	1.3699205	0.029159446	0.1244874
3169	2.0539753	1.1247904	0.40139273	2530.8674	26.140837	23.060221	-0.16569702	0.00480562
3170	3.8199231	0.94179386	2.1618274	1710.8024	11.155348	10.2333	0.00011888828	0.043914438
3171	0.33022072	-0.09570695	1.017055	116.85391	8.3340941	8.1946159	0.20560887	-0.13078603
3172	2.3840943	0.13315818	0.7722668	3245.9741	66.277421	54.11346	-0.015518981	-0.00032882488
3173	3.9701762	-0.68437331	1.3381923	1199.1384	37.989499	10.981493	-0.15821207	0.030018126
3174	4.064912	0.35562525	0.75901954	2471.7716	13.173745	6.4885591	0.074024549	0.092485294
3175	5.8630478	0.40061976	0.78226241	884.97927	9.8675586	9.5961505	0.011015129	0.16629251
3176	4.8463831	0.68310934	2.4611651	1454.1608	11.948289	3.8158674	0.0013113628	0.16435
3177	0.1978352	0.058372097	0.82267777	2022.0769	42.521245	38.294401	0.0023398056	-0.11730115
3178	0.5742425	0.61170435	1.9774999	1687.1805	44.833172	25.010914	0.14444185	0.05493868
3179	6.1405432	0.10626306	2.7112264	169.26011	1.9805391	1.5697938	-0.073762122	0.1127719
3180	6.2615388	0.061375404	2.7602759	299.46919	3.3828239	2.3763353	0.0048257703	0.084835254
3181	4.3895054	0.23434631	2.0733252	744.2057	10.742023	9.2112363	0.3169518	-0.059077182
3182	3.4192877	1.0712697	0.96461029	580.89539	16.687268	10.449734	-0.16674741	0.0072663362
3183	1.001203	-0.34391301	2.3557632	3611.9707	42.389965	23.568247	-0.48294404	-0.5243934
3184	0.57254015	1.1979284	1.9649098	3625.1848	64.897412	46.503732	0.11983795	0.36646784
3185	4.6833475	-0.39041642	2.5286352	531.98315	19.356515	9.4872206	0.020920393	0.10835227
3186	2.4804834	-0.098091907	1.293665	813.58319	13.124066	11.104534	0.012930319	0.0065535631
3187	3.7940692	-0.58610303	0.42553374	5395.2662	36.914711	36.057542	-0.10711291	-0.066470298
3188	4.9419933	-1.0508252	0.76889838	2186.4659	39.980933	23.201028	0.69936604	0.043781513
3189	2.2085081	0.5928458	0.5279767	1924.921	42.113354	32.761416	0.29798597	0.12174782
3190	4.5708733	0.98661396	0.56975152	521.42731	9.2305818	7.2257996	0.073772726	0.0057764253
3191	2.4077505	0.63600216	1.0893979	346.21757	34.970477	34.03348	-0.019279624	0.066203157
3192	2.1884617	0.098079738	2.4062696	2081.9891	21.931497	12.269205	0.062901246	-0.025395541
3193	0.48798245	-0.8391892	2.5818128	3108.6918	22.116045	14.309823	0.00067101592	0.25290811
3194	4.0574047	0.11222096	1.5776984	4291.4458	51.030905	27.976167	0.050867212	0.20990993
3195	3.5585942	1.4054017	0.24468464	389.81398	32.486934	1.3897968	0.062135095	0.047517092
3196	2.3897144	1.1171047	1.1431904	1730.8705	41.427987	40.594983	0.0031924155	0.048599394
3197	2.1840546	0.86366723	0.40695325	410.04104	8.9323362	1.4840157	0.00072038482	0.23171972
3198	6.0997657	1.139045	2.1706719	1397.3813	57.814442	9.5969747	0.0011694181	0.015189468
3199	4.0705596	1.2598567	0.66992265	3461.002	15.580617	14.756378	-0.20240285	0.0029588783
3200	0.26757631	-0.11332656	0.57022835	568.6995	16.048286	1.6146682	-0.024272535	0.13948198
3201	2.4886491	-0.81642834	0.5264198	2205.6493	48.934832	13.917409	-0.017955529	0.0051201258
3202	5.4860868	-0.28367459	0.4749886	679.41579	16.149501	2.0082425	0.026484442	-0.1812982
3203	0.6832541	0.69918468	0.7351716	7616.4166	82.963253	68.474849	0.12668645	0.089138311
3204	3.839573	-0.60575849	3.0499143	939.69308	11.687626	2.5142992	0.12793118	-0.035213512
3205	4.0404469	0.92942575	0.93804476	759.26239	35.763581	34.704149	0.21377787	0.12214018
3206	5.5819263	0.26324861	0.87696559	4789.759	57.46725	53.46485	0.046089915	0.13888521
3207	0.16949673	1.0744144	2.9425853	10465.848	66.888867	57.187282	-0.13951268	0.0027720748
3208	1.5671637	0.78794953	2.6249205	5524.4322	65.580933	64.110598	0.14568167	0.13704127
3209	4.4905265	-0.30444877	2.488111	365.70734	2.5809048	1.4892739	0.1762469	-0.073588793
3210	1.1895383	0.075694494	0.60400997	1936.3812	47.220897	29.115493	0.14615369	0.086750717
3211	3.9586991	-0.33148244	2.3314431	4612.7885	64.459705	54.440435	0.024926305	0.078017217
3212	2.3391945	0.71950059	2.8611872	3779.439	66.38616	33.111294	0.20422103	0.010058806
3213	6.1175896	-0.94197395	2.8738004	3088.5853	42.787876	30.949962	0.14646556	-0.49243555
3214	2.9831797	0.19419269	0.29655559	2656.9346	17.062003	13.895563	0.072636722	0.081586317
3215	1.6204386	0.59687574	2.4572834	5536.6578	76.021682	43.813855	0.018306087	0.089629732
3216	5.0391607	-0.70800449	0.76001026	3362.9066	18.566629	9.0125908	0.032449797	-0.17683029
3217	1.2211001	0.1651385	0.92195873	1804.374	18.921406	18.156341	0.20350904	-0.02586764
3218	0.31487712	-1.4186619	1.02501	761.21992	10.685571	5.4469426	-0.21541293	-0.024265958
3219	5.8580859	-0.33450307	2.3336606	1646.0461	12.405793	10.57748	0.16392584	0.12858346
3220	1.0045023	-0.24854718	0.69962187	943.91994	16.508782	10.858064	0.030936942	-0.053031485
3221	1.4105034	0.63589246	2.3461775	1587.2225	56.826748	27.521949	0.10535532	0.053351331
3222	2.534779	1.1956186	0.8057994	1365.3228	24.475504	10.882843	-0.14819234	0.11522283
3223	3.6380621	1.1169331	2.2327265	1012.3363	10.899027	1.5393102	-0.037769355	0.03636057
3224	2.5584945	0.30972096	2.3382882	1037.9683	12.226911	11.144382	0.23822053	0.02723708
3225	0.851905	-0.14855883	0.66829782	3825.3134	51.130138	32.953422	0.32307381	0.0017181803
3226	1.3925475	0.31789875	0.85826784	1534.0647	11.732325	11.335687	-0.17054366	0.06135301
3227	3.7928421	-0.40173565	0.64904142	6341.0135	80.480764	61.193793	0.03624505	0.034694047
3228	6.0857545	-1.3044035	0.85832641	5461.1468	42.145963	33.044017	-0.063622181	-0.012045199
3229	1.6226522	-0.29625174	2.3121945	1534.0907	15.040933	12.019294	0.148381	0.28731605
3230	0.38310769	-0.35867912	0.59274396	3230.5766	57.76681	53.316456	0.021430516	0.092481978
3231	1.9951582	-0.84918925	0.36451661	1647.8039	11.493801	10.030557	0.10207767	0.079874839
3232	0.48282746	0.39667534	2.6971864	2166.569	12.882347	11.763874	0.19876286	-0.097940644
3233	0.85750666	0.76707344	0.36341441	12384.831	88.573625	67.167825	-0.50255182	0.17202577
3234	5.7120645	-0.59052466	0.31339305	7786.0499	76.310063	61.689062	-0.0015897334	-0.022021293
3235	5.3930429	0.21470598	0.42968243	2492.596	13.986169	11.221794	-0.01530545	0.013834896
3236	3.3563971	-0.49461732	0.14229261	3240.8414	91.554588	64.6183	0.00029728394	-0.0034278637
3237	1.6809762	0.73221322	2.6894244	497.91099	10.032518	1.3765436	0.060707081	0.0043937111
3238	5.3881003	-0.39390511	2.5950694	2586.1601	14.95909	12.174448	-0.11485423	0.036266108
3239	3.3004701	-0.51702545	0.81236856	87.561359	1.6240154	1.2927624	0.046853069	0.080192282
3240	2.7901468	0.94287256	0.74616858	1004.8454	11.575064	11.037786	0.22789639	0.055594889
3241	4.5870617	0.04358232	2.186284	849.46587	10.054912	9.1875605	0.015104004	0.17033784
3242	1.3856291	0.23503594	0.97582492	918.49419	3.8447037	3.2116448	0.0050272119	-0.040300951
3243	4.0289593	0.22333301	0.49316033	1817.7031	16.225047	11.654944	-0.17534407	-0.033121667
3244	3.8374593	0.84740933	2.4454035	328.56882	33.885297	1.4836946	-0.048469633	0.10426879
3245	3.0786507	-0.11816343	2.1843648	4039.3991	49.535253	45.753463	-0.20582578	0.023265605
3246	4.8932156	-0.11101226	2.1749337	508.55059	25.982616	8.4430224	-0.0054596463	-0.12136131
3247	0.029240009	0.25507356	2.2341888	1034.6853	11.297581	6.0667798	0.2414725	0.022166165
3248	0.8471614	0.016836239	1.4195833	68.868881	1.5065897	1.3194538	-0.098010322	0.026296608
3249	3.5740462	0.83582939	1.6011805	555.74839	11.306213	9.6920747	0.049295269	0.0036920212
3250	5.0150736	-1.2446973	2.3817478	5290.4728	59.793395	56.308188	-0.24290326	0.0024006173
3251	2.5125525	0.81705625	2.4378908	2404.5065	36.644521	25.343655	0.064735239	0.054394873
3252	0.5190983	-0.86608429	2.2168232	6726.7328	72.912688	71.881646	0.033408609	-0.0010410385
3253	0.12028456	-0.25230182	0.74000548	323.45117	1.4129184	1.3249086	0.079689089	-0.055417725
3254	3.2096624	0.75696734	2.818669	685.57172	1.8233604	1.3393213	-0.020110731	-0.097248974
3255	1.2019952	-0.52090971	2.3314379	1090.5482	24.278023	10.844911	0.1078961	-0.22455982
3256	4.1610716	0.59789983	0.57229653	1805.3775	13.775038	11.069082	0.087020627	0.0012352115
3257	3.7901859	0.67220136	1.5186477	651.42644	29.400619	10.015273	0.047429443	-0.058774978
3258	0.43670065	-1.1470881	0.2214427	4734.0018	65.372829	57.975096	-0.089791064	0.010866431
3259	0.63968571	0.37448021	1.9835309	1418.6796	17.49358	11.53482	0.31045428	-0.11862806
3260	3.1902643	0.57278339	1.7939334	4119.0421	50.196023	42.962341	0.00090298195	0.21178211
3261	4.2450386	0.1578805	0.53792063	1751.5335	30.68276	19.539522	0.13042284	-0.052456107
3262	0.91555365	0.14069836	0.5206599	248.94086	1.9020951	1.4472722	0.25753858	0.1572519
3263	3.2203335	1.1816222	0.15246465	308.35367	2.9325584	1.3310168	-0.0054256534	0.25873014
3264	5.3349036	-0.15440866	1.038737	2668.7921	31.863328	20.222945	0.11418744	0.28641233
3265	4.9934233	0.94191492	0.59470509	2384.4115	12.817584	10.764229	0.0027703418	0.44787745
3266	1.029599	1.1361497	0.13123585	2726.8749	27.927209	6.8602472	0.066217045	0.027639515
3267	2.5510566	-0.37183119	0.60890132	183.7779	2.3880281	1.5894764	0.12832303	-0.0097714821
3268	1.5166221	-1.0480315	0.35473671	7352.928	70.699543	68.903022	0.16017897	0.022430671
3269	5.3717438	0.6506221	0.91638609	2347.6907	13.568587	13.291679	0.11139153	-0.016146223
3270	0.31476152	-1.1739334	0.25922623	11896.349	78.66958	73.245116	0.10339841	0.12725796
3271	5.549578	-0.21125475	0.11117024	6544.4249	83.703494	78.426023	-0.025374337	0.017225083
3272	2.9982118	0.044093155	1.6640247	3337.1021	105.61739	103.72997	-0.018370293	0.091533839
3273	3.7897286	-0.056279878	1.0176719	5412.7433	90.589137	64.936842	0.011582339	0.40419128
3274	5.4191128	1.4122264	2.5020165	1919.1916	13.529108	11.561414	0.023180912	0.098641419
3275	2.8009122	0.094195659	2.4293639	1710.6289	12.838059	9.839169	0.16012555	-0.010681626
3276	0.44539114	1.2997589	2.9762411	1901.9413	13.065653	12.468695	0.033694585	0.053076253
3277	2.6490746	1.1167601	2.3854206	7938.1057	93.039029	80.437908	0.037342664	-0.04221374
3278	5.6617762	-0.32006933	0.85312731	2213.6428	51.244332	36.151292	0.10183288	0.36527808
3279	4.2086815	0.91350864	2.3605657	3377.268	61.513077	47.070845	0.16989874	0.49186638
3280	4.3216143	0.6794445	2.0980947	1404.9336	13.184314	9.8289268	-0.072288649	-0.041484875
3281	5.9698746	0.52042812	2.278338	619.75019	3.0116306	1.8833005	0.035005374	0.0084711723
3282	4.4137854	-0.35665554	2.4208139	10064.651	75.477656	48.818198	0.020421051	-0.11868541
3283	0.80885875	-0.93857921	0.80430483	2284.4674	17.518563	16.274916	-0.017900139	0.044937527
3284	0.16615752	0.21482645	2.6398611	4558.8443	81.963483	28.020349	0.074377988	-0.098088187
3285	1.9289631	-0.64664731	3.0056512	10855.848	66.903864	44.625537	-0.011542726	-0.30186713
3286	3.229972	-0.54111362	0.3948827	451.91887	1.9825141	1.4272354	0.015089101	0.086779304
3287	1.1052495	0.15206662	1.2773455	3236.026	48.191546	39.09911	0.11520299	0.27260432
3288	5.6793715	-1.0937095	0.42560323	422.13757	2.3765019	1.2830733	0.018799662	0.038519948
3289	0.12692526	-0.92535465	1.4064272	320.77179	24.824984	11.240201	0.031786769	0.01052519
3290	0.37398334	0.66816452	2.7602768	556.27141	8.5984267	1.9571706	0.012217736	0.22636011
3291	0.71740762	0.19240252	0.63223199	3125.6728	62.48403	45.227361	-0.043246729	-0.014900586
3292	6.1599071	-0.63943822	0.33550838	511.39802	1.9548619	1.4516845	0.00273419	0.36849859
3293	4.0281786	-0.37388225	0.62053808	3541.344	27.366972	12.419966	0.10647556	0.11695143
3294	5.5985271	0.29812479	0.52017386	4960.5321	47.070136	36.763856	0.095066863	-0.24374788
3295	5.7282195	-0.28280591	1.837131	1154.3877	49.018345	26.053977	-0.00057678416	-0.25759831
3296	5.5905414	-0.75090351	0.30424203	1364.8778	34.266573	30.873152	0.0050615179	0.0037129214
3297	4.2998818	0.40020055	0.49319508	1215.5354	10.21418	2.4269709	0.067931783	0.013589825
3298	0.36695137	-0.11917947	2.2163807	1798.2924	13.016611	11.100315	-0.047753545	0.18877053
3299	2.6684612	-0.020267104	0.35008001	4781.3524	98.020608	49.507932	-0.13733395	0.15681622
3300	4.0671585	0.55932995	1.9912439	945.07216	40.332586	12.367985	0.13740245	-0.032490313
3301	1.5736486	-0.97060611	2.6267255	1373.4705	12.035406	11.597028	-0.0661348	0.06168388
3302	4.6888494	-1.1862241	1.8828389	232.96364	1.4319907	1.2718325	0.074674707	0.14307746
3303	0.35434054	-0.67048552	0.86000945	433.52901	11.134529	3.4339311	-0.34664331	0.010329806
3304	2.1121503	0.16057889	2.8781849	1674.1578	43.209445	39.650497	-0.031775627	0.055917316
3305	4.1393506	-1.0434983	0.65914093	1080.7517	9.5075622	9.3560097	0.43835694	-0.049032727
3306	4.1716213	-0.51360035	1.491884	387.65259	10.019778	2.7135541	0.10515859	0.042569564
3307	4.1425551	-0.34600353	0.61440987	738.37265	5.2911501	4.2302626	0.17651778	0.022641989
3308	2.5540166	-0.86746559	1.1601262	1074.9726	9.7879092	8.5320068	0.022965504	0.042190122
3309	5.7045722	-0.60718946	2.9487405	533.47132	10.09664	1.9054561	0.22828838	0.059280955
3310	2.9806791	-0.23562206	2.2277422	8018.8851	75.711826	75.379526	0.59306548	0.10702566
3311	1.6819063	0.50732941	2.3470031	3268.574	56.680945	24.05898	0.0060452521	0.073049724
3312	4.0083589	0.56685873	2.7403227	1700.9201	11.616071	11.138261	-0.015949482	0.36829259
3313	4.4356428	-1.1527873	2.4778758	1739.7557	43.260081	12.235461	0.075342195	0.014673787
3314	1.5310497	-1.0056636	2.8940506	5809.699	18.437515	18.11824	0.13261584	0.067059582
3315	3.2613883	-0.21387145	2.6581614	10273.792	79.511334	77.834769	-0.39900055	-0.1098845
3316	1.7262706	-0.37208984	2.0340202	1344.5378	12.511001	10.085822	0.25612151	0.053638072
3317	5.4871698	-0.3933659	2.8946002	4177.2897	44.064406	20.007143	0.0095759943	0.32279194
3318	4.3951618	0.12628948	2.5350011	223.2954	1.8756987	1.3284705	0.0022365027	0.049508798
3319	2.3784859	0.25351372	0.68841728	97.742144	2.6615943	2.5381452	-0.0051939355	0.073682683
3320	4.1285907	0.42518501	0.45626359	6594.9702	66.797471	61.874185	-0.0048465879	0.0061145377
3321	6.2188129	-0.2726542	0.57783552	2247.4805	14.481824	12.668156	0.010438811	0.061044523
3322	5.7163746	0.17015359	2.5722528	637.75686	39.62018	1.6114147	0.58686789	-0.0021500906
3323	1.3457925	0.6867003	0.69719915	2569.7273	33.445189	14.929343	0.28971941	-0.018382503
3324	2.9778866	0.3466027	2.9952758	2409.205	40.409835	35.512464	0.089386588	-0.053346884
3325	5.074365	0.0957301	0.80801326	2233.4522	47.678813	41.297399	0.26177059	-0.17643128
3326	3.0353562	0.16302212	2.7401781	3336.2602	39.14641	36.183891	-0.29942682	-0.049622647
3327	0.14904642	0.76821643	2.4779801	5562.1406	89.370528	71.235174	0.036818489	0.09936953
3328	1.838126	1.0853045	2.8310369	1498.2451	10.330294	10.2574	-0.043012264	-0.193417
3329	6.0596793	-0.57336627	2.7166736	7130.0883	56.822941	54.07476	0.00081583048	0.019967385
3330	3.526138	0.8656971	2.5214117	7114.1891	44.674894	44.212691	0.0080413214	-0.026998082
3331	5.1788708	0.152351	1.6046907	1885.5488	82.187817	55.938263	0.14009241	-0.027813159
3332	0.68182669	-0.39795496	2.4147372	8086.3063	84.725423	54.945311	0.178227	-0.041875956
3333	4.3438699	0.91433406	0.29173075	3741.9082	26.319905	15.550906	0.084518866	0.013698144
3334	6.2290692	0.061394768	0.46053316	1267.7077	86.533838	85.669706	0.009996102	0.038831492
3335	2.3815334	0.43480608	0.84656592	958.27556	10.106583	1.6586835	-0.075634967	0.18186661
3336	4.0561567	1.0723246	2.4675951	12024.715	91.769286	62.448148	0.031471231	-0.16157563
3337	4.861083	0.055856749	1.0677925	663.33483	9.8719132	6.7063895	-0.024972595	-0.016723538
3338	5.0167188	-0.28361626	2.3374287	747.85715	9.381598	1.5370165	-0.041720927	-0.12280683
3339	4.151204	0.38101165	2.3478945	195.28495	1.4589505	1.4372056	0.00068961334	0.018327413
3340	4.3288115	0.82184738	2.6391013	4244.6017	62.730894	15.074399	0.34880809	0.25855945
3341	2.5597688	-1.1524964	0.59513978	5160.1882	17.560837	16.196906	-0.1449418	0.42888523
3342	4.1975356	-0.25226527	2.6771664	668.36313	13.541366	10.888231	0.032975034	-0.042273953
3343	0.31435895	-0.52526792	2.7716335	1952.9701	42.854665	26.169079	0.076564776	-0.2535675
3344	4.7919352	-0.47044521	0.19535623	4851.9562	131.23834	58.801653	0.2542385	0.04879425
3345	1.789546	-0.15037349	2.7962061	2889.1535	12.836721	10.806949	-0.074110742	0.047487713
3346	5.0712295	-0.55123336	1.901755	703.90956	24.665441	10.376078	0.0082162349	0.10765773
3347	0.89150158	0.77795656	2.6063312	9590.2398	67.98567	40.025122	0.022664774	-0.0042258879
3348	6.0445569	0.14030776	0.26562536	10221.824	89.556244	67.088235	0.084830946	0.03028121
3349	0.52936465	-0.25803502	1.1332621	1115.0723	11.415204	10.675068	0.35651181	0.012536361
3350	0.010727561	-0.78835748	2.5372298	477.9023	1.8851514	1.5093205	0.1490128	0.048427562
3351	5.9535169	1.422353	0.82406859	2850.5042	42.634499	18.748896	0.03824271	-0.0037551823
3352	0.16871451	0.45081007	1.9120578	130.69299	1.2914192	1.2882097	0.03760819	-0.055393722
3353	5.7760501	-0.32784678	1.4296711	1259.7403	10.723608	10.373818	0.040662515	0.065378778
3354	3.7317402	0.49333243	2.0732924	165.62456	1.4005765	1.2770208	0.044640836	0.025845873
3355	5.0001072	-0.22654955	2.3055302	1415.4002	12.042729	11.280391	-0.30797672	-0.033153764
3356	0.62155013	1.2148093	0.70822386	2008.8085	13.033951	12.63775	0.14629418	0.1764536
3357	6.0666135	0.40452232	0.99122995	5484.9697	97.734029	82.405127	-0.02938081	-0.019818092
3358	0.90774744	-0.093933857	0.89213624	129.91678	2.1151273	1.2594362	0.020654483	-0.015909832
3359	5.5272626	-0.94533089	0.51153143	736.96392	2.3880907	2.3776216	-0.18621544	-0.0073273649
3360	1.0556566	0.76812057	0.74514118	3753.7328	27.849866	27.47653	0.074330244	-0.011506817
3361	4.6398763	-0.42159763	2.7949955	1888.5352	12.235236	10.715879	0.045092709	0.0034955432
3362	3.6873929	-1.2162497	2.6185365	6699.6263	74.42147	59.6929	0.0029018929	0.49666717
3363	5.716608	-0.74371473	1.259811	456.40451	3.2679619	1.6551014	-0.042308423	0.031111132
3364	4.867667	-0.83861681	2.575569	1399.8747	10.204345	4.1048765	0.038098936	0.030872833
3365	4.2517902	-0.94459637	2.5653166	1945.1698	11.953368	11.557671	-0.013838132	0.029083377
3366	3.3981315	-0.090771704	0.78906637	2426.194	43.150008	34.69258	0.0056706004	-0.46201939
3367	3.4991405	-1.016968	2.2560101	612.88302	4.1939002	1.5459775	0.13068661	0.10478448
3368	4.0950527	-0.13803115	2.8340825	4161.2356	16.321001	15.083063	0.21258126	0.021095541
3369	1.7787466	-0.45543403	2.8148091	6186.4127	64.916274	61.741036	-0.0088878023	-0.63977707
3370	6.0846524	-0.70143887	2.8292026	6571.9172	95.172362	62.776095	0.53280977	-0.047844687
3371	0.92889445	0.34382757	0.67177148	3430.166	37.378235	14.960265	0.10686288	0.12757987
3372	1.4337556	0.79559611	2.3548761	6186.6388	41.076952	40.378509	-0.068917289	-0.13710041
3373	3.0177989	0.97628152	2.4513293	6209.6368	59.660836	52.630599	0.14672276	0.02253791
3374	4.5415415	-0.70716833	1.1042445	2129.7968	49.199665	35.917202	0.09933461	0.061538056
3375	1.9315632	-0.46626489	1.632007	168.03713	11.10552	7.8732969	-0.0056985313	0.14539896
3376	3.7069246	-0.57844839	0.48548426	1336.5427	16.903623	2.9515457	0.066120256	-0.0037430321
3377	1.9804958	0.12452496	1.0194434	1821.3417	47.918504	36.51542	-0.054231127	0.034450406
3378	5.5307051	0.72117799	2.792307	3343.1714	33.705615	26.314998	-0.092888295	0.0031719569
3379	0.24941831	-0.15285453	0.67433883	5419.2627	54.82684	52.875294	0.52074852	-0.058781602
3380	0.80592803	-0.73939666	1.2178758	2546.8012	53.041795	35.799173	0.005293407	0.19988606
3381	2.8253689	-0.25948006	3.1202682	4719.1387	37.533201	30.583086	-0.0032912268	-0.27765064
3382	4.4676419	0.74155163	0.54204222	494.0888	8.4209129	1.5491671	-0.035186419	0.001064366
3383	5.5242707	0.046106001	2.6943221	958.02752	13.002955	9.2261501	-0.0059683566	-0.0034777003
3384	6.2611123	0.18691084	1.2075565	2076.3381	46.085238	39.955992	0.10747185	0.033449437
3385	6.0611695	-0.33170793	0.82837388	1521.3392	12.500417	10.385527	0.22654045	0.42404732
3386	3.9348856	-0.77988004	0.69734112	6706.5883	71.426211	62.021695	-0.092936577	0.013540938
3387	0.39878331	-1.051867	0.72260535	5311.1216	140.64881	139.61403	-0.075391329	0.019844764
3388	2.5939406	0.16079607	2.0330739	1100.683	25.734624	19.801492	0.050403394	-0.0012525589
3389	2.6338251	-0.11604382	2.1146573	7160.112	66.215758	45.811917	0.043048926	0.43548785
3390	1.1883306	-0.50937143	2.6011754	6705.2409	77.464233	67.438176	-0.14413525	0.24163276
3391	5.9048313	-0.32113586	2.879058	5810.3586	61.178306	58.78605	0.19807182	0.066103878
3392	4.5291627	0.38437949	1.8130314	3377.1075	103.06665	48.124138	-0.0073596233	0.050781825
3393	0.47498042	-1.0550863	1.9131215	833.44749	30.993027	9.6998715	-0.0014613294	0.025738554
3394	6.2537941	1.0603364	0.81862435	2699.8878	15.928263	12.023902	0.18247991	-0.2418293
3395	4.0446558	-0.044720556	0.81021976	5787.3404	77.30438	68.758734	0.098452458	-0.031258516
3396	4.1940266	0.65059022	2.8442692	1227.5819	2.6223563	1.4456673	-0.17059052	0.075758024
3397	5.2048654	1.0903399	1.2966055	1711.635	50.709224	49.725813	-0.039886179	0.20601948
3398	6.1175053	-0.36341957	0.40469147	4006.9468	111.80467	47.544055	0.16902858	0.049609792
3399	0.39794747	0.054532884	2.2994393	2360.1851	13.745709	13.236241	0.0042930425	-0.002879607
3400	2.3654991	0.1062174	2.1287841	291.91929	9.4917425	3.0189669	-0.20740709	-0.068287824
3401	3.874783	-1.0125848	0.5017938	1787.7753	13.909459	12.175587	0.064796453	0.067267905
3402	4.1548245	0.91816971	0.63492085	6666.5556	57.808007	46.424639	0.12475233	0.24286932
3403	3.1014683	0.52534557	1.9920921	2234.6296	47.05665	39.503488	-0.05132133	-0.0083365655
3404	4.4529192	0.57937195	1.9587894	380.97266	2.186137	1.3050201	0.021089936	0.15421606
3405	6.2481572	-0.13647976	0.44709024	4789.9563	53.190303	41.548874	0.041462537	-0.085422083
3406	1.4464351	-0.92270286	2.6111923	327.91729	2.0103936	1.2875897	0.11464856	0.21044957
3407	1.1803629	0.58630469	2.3698076	6134.5022	56.643227	50.675739	-0.0034677359	0.30562085
3408	2.6842422	-1.3061763	2.3788044	1823.868	30.904059	25.706845	-0.0058457518	0.10489415
3409	0.30826153	-0.53688645	3.0321268	2830.9595	15.257205	14.170414	-0.10016192	-0.21851934
3410	0.15000985	0.67476261	0.21150728	1789.8247	51.286976	43.197953	-0.045192019	-0.012185564
3411	5.3150871	-0.3587318	1.4731735	1976.3774	45.566209	39.505993	0.10747185	0.033449437
3412	3.6890062	-0.20078038	0.93916921	2074.5081	40.594982	39.332868	0.055865864	0.048987981
3413	4.8649248	0.41623941	2.5516677	1847.7027	13.402097	13.129592	-0.126271	0.057140983
3414	3.5874295	1.33345	2.3218962	12933.68	162.25267	110.13697	0.0036553481	-0.054657714
3415	1.5675956	0.70961383	2.2541332	8003.9816	118.06192	113.72644	-0.035702061	0.12919118
3416	1.3422775	-0.51824872	1.8351546	5437.6662	69.982305	65.916861	0.11043396	0.22208289
3417	2.1624566	1.2283186	2.9825015	945.38882	11.128046	8.8484013	0.11448829	0.046667273
3418	4.6835698	-0.22726359	0.93838631	440.4499	1.896046	1.4607541	0.044186484	0.0092367475
3419	2.6574987	-0.039147462	2.5747789	3260.0492	54.414696	32.113979	0.14336568	-0.1050757
3420	2.5784259	-1.0120151	3.085829	2265.0923	50.284693	41.575752	0.023974145	0.15713492
3421	0.46056069	-0.21712298	2.0557111	1974.9376	34.659563	34.57674	0.31226611	-0.25373382
3422	2.6504628	-0.15895155	2.4593995	4791.9745	60.858911	54.773198	0.20440954	0.064644671
3423	1.4966642	0.86543845	2.4637737	678.55831	13.446498	10.38797	0.03280034	-0.001031634
3424	3.1438805	0.44593483	1.1580866	586.58627	19.545451	13.656711	0.017118794	0.00038330811
3425	6.0354659	-0.15009968	0.8136457	1478.2732	78.950321	41.857042	0.024519621	0.040451277
3426	4.0503518	0.031096995	0.45572138	6371.6982	99.169913	64.582903	0.045282305	0.091386563
3427	2.4990223	-1.4092069	0.95609435	282.08564	9.4000062	4.8231743	0.20867198	-0.036363205
3428	3.1197218	-0.98785294	2.3251303	2448.0011	11.764921	11.693418	0.058902562	0.085546029
3429	2.8503984	0.058055936	2.8700436	4426.787	47.603572	29.671771	0.0025442251	-0.1402518
3430	5.7720182	-0.42104049	0.77006058	3142.5544	34.305642	30.901023	0.0016271876	-0.040959318
3431	0.10627226	-0.86501788	1.3835285	1538.7072	37.918566	36.671591	-0.066489171	0.045282303
3432	1.3999795	0.37461312	2.7468652	7519.7628	136.99328	63.060654	-0.32732951	-0.43681137
3433	0.50871042	-0.75735709	0.20506541	1615.4423	129.73639	104.49506	0.023070546	-0.1223111
3434	0.70019393	-0.90897804	2.2202536	1234.9987	10.579838	8.9008684	0.096686358	0.081433953
3435	1.1370454	0.30671483	0.32663498	3873.0974	16.419694	12.571143	0.00092089853	-0.13026159
3436	3.8894764	-0.54857422	0.6878853	4695.2455	54.230319	32.07149	0.05542865	0.046737863
3437	3.6656858	-0.025436931	2.697223	2873.6991	35.886551	13.60017	-0.03931253	-0.032168712
3438	5.481006	1.1509725	2.5078152	6413.0173	50.480474	44.822928	0.17897242	0.016549898
3439	1.4812117	0.67671589	2.8525178	608.65781	10.861432	9.9823435	-0.020439612	0.12800025
3440	3.904842	0.9060967	0.2505245	1587.6164	11.349976	10.445099	0.043408005	-0.065048672
3441	4.9450263	-0.83502483	0.93882772	433.35938	41.650454	2.5207984	0.017284541	0.16245407
3442	3.4954209	0.093729958	0.98748916	108.4579	9.3615503	9.002324	-0.014049416	0.017606125
3443	5.745357	-1.2610347	2.0215631	2114.7582	50.364113	40.726185	0.17637978	0.011109349
3444	0.64459022	-0.80850669	0.70712326	4414.6221	42.109432	36.626395	-0.00025508428	0.015697235
3445	5.1349698	1.3737758	2.4167897	14284.609	91.596574	82.091138	0.11178259	-0.21639869
3446	4.1342283	0.59394581	1.305349	614.84736	11.054318	4.9518385	0.10500809	0.31540918
3447	4.1686651	-0.35754995	0.45956954	2655.8482	13.7761	12.455199	-0.029000165	0.10969601
3448	0.69831382	-0.15914891	2.7692385	858.38419	10.494514	9.2446851	-0.076833756	0.013112434
3449	4.5824649	0.99056827	2.3077737	3794.1466	46.351525	40.173515	-0.048588405	0.090359379
3450	1.5816059	0.50307041	1.9339349	618.02022	19.349797	10.037587	-0.012374355	0.10376959
3451	1.3138026	0.014408374	0.72847529	884.99099	11.011101	10.065059	0.03463306	0.316421
3452	5.5863409	-1.0718127	1.5237078	1818.2035	13.705078	12.360372	0.2221764	-0.23508851
3453	3.9032352	0.24173203	0.78444483	1170.1559	18.043475	13.878502	0.0070463608	0.09052252
3454	2.1137093	0.58579413	2.4202324	576.24427	11.523632	9.7536455	0.077714898	0.15197465
3455	5.1798823	0.490185	2.3364326	120.24772	1.5110806	1.3157946	-0.14673043	0.21589104
3456	1.6944878	0.39073908	0.21283334	11216.45	93.106108	75.776505	-0.044804884	0.068312365
3457	4.1000867	0.10372694	2.4071082	11140.768	73.585865	62.815845	0.14781718	0.17859328
3458	3.3958226	0.58501599	1.3026086	2255.6371	49.74527	49.721982	0.056004265	-0.039217228
3459	0.92088574	0.53883783	2.5490138	1659.5443	13.167364	11.347343	0.11440805	-0.01609425
3460	0.2400986	-0.29028235	1.4717571	1342.181	84.475902	43.544955	0.17097917	0.010863064
3461	3.7644862	-0.13570968	0.56600961	2123.8104	45.41864	33.870187	-0.1192183	0.082815766
3462	2.9762521	0.75165844	2.1077188	1866.6022	47.221086	40.684723	-0.14007697	0.02040571
3463	1.0511093	-0.56939133	0.84025595	1434.8912	9.1386398	8.8051815	0.024279645	0.0088345517
3464	3.5593925	-0.1448279	2.2219581	2986.989	67.581077	41.244335	0.067556147	0.060375679
3465	0.35369783	0.58995226	0.40434464	5651.3841	65.901581	62.492131	0.16028887	0.0070934294
3466	4.0355752	-0.45265451	0.1469732	701.48092	10.77152	10.144418	-0.078898813	0.15888566
3467	0.43656238	0.95555674	2.6742428	224.30909	3.0918188	1.5719148	0.022547012	0.032426656
3468	1.2644821	0.418337	0.63144829	10487.679	88.933982	82.211433	-0.041260207	0.084854979
3469	0.77171233	0.15919293	2.181105	1047.3473	11.566743	10.425208	-0.0068008467	-0.042730382
3470	0.44251396	0.51043234	2.1644063	2942.4759	60.158238	31.974996	-0.00057678416	-0.25759831
3471	1.4971392	0.13368182	2.786823	1204.936	11.987851	4.0312817	0.10172488	0.024447294
3472	5.8238003	-1.1795583	2.298664	1727.1499	13.772534	12.991784	-0.069481383	0.031483433
3473	5.0983352	0.33591369	2.6342062	2092.3976	12.431368	11.259714	-0.0055361681	0.032386983
3474	3.2754776	0.84275776	0.68617364	1524.6928	10.950587	10.712476	0.30864697	0.0078262055
3475	6.1465032	0.28722252	0.53471116	933.1071	36.174606	10.468875	0.048582396	0.085495396
3476	4.572333	-0.17090385	2.6539057	772.33182	11.359486	10.27639	-0.14736494	0.074939966
3477	1.6434006	1.2377045	2.7554168	1701.6614	7.7827693	4.4695618	0.20485985	0.21358377
3478	0.71544211	0.61651047	0.79330646	5752.1814	71.365917	59.132283	0.044385344	0.2502263
3479	4.9051533	-0.32727175	1.8419959	7053.2092	152.26459	75.99433	0.012795763	0.080999467
3480	5.500394	0.18497563	2.4859422	940.36274	11.362302	10.782175	0.083652805	0.0058104507
3481	0.13246352	-0.67461142	1.7560972	970.42583	38.992894	23.411301	-0.051271149	0.33693752
3482	4.1497404	-0.82226101	2.1826074	2015.3757	15.857659	12.9819	0.087748926	-0.015203248
3483	4.5968992	-0.017916293	0.59368934	2777.4072	66.532653	54.377133	0.012157148	-0.083146573
3484	4.6974258	-1.3637231	2.0439212	1893.633	45.475637	40.784344	0.034395376	0.074430503
3485	4.3832194	0.6232748	2.566568	3661.7867	54.414748	19.051001	-0.022864013	0.14448836
3486	4.1450488	-0.13358774	1.4750636	1290.7266	11.752155	10.931883	-0.61825658	0.005110232
3487	1.6643696	0.92083613	0.64846902	3899.6359	55.453397	46.968154	0.30658145	0.025960154
3488	5.6324961	-0.25254006	2.0357902	361.57823	1.9662026	1.4163376	0.12422689	-0.010037117
3489	4.0231135	0.086176199	0.19157886	1946.5441	15.975599	13.265885	-0.1021807	-0.31160682
3490	4.9408212	0.93126992	0.63122757	625.94916	10.054799	3.3257637	0.38247444	-0.12348577
3491	0.50807021	0.13052319	2.8470125	3155.6251	75.504338	49.560608	-0.17373066	0.023054161
3492	3.8350256	0.31888909	2.4899201	6523.3439	63.155692	50.003509	0.27022196	0.51522653
3493	5.9360816	-0.89154891	0.15756179	13885.875	68.875724	59.907469	-0.00025508428	0.015697235
3494	4.2957024	-0.26099605	2.5502395	1648.9313	19.513697	14.807879	-0.009876885	-0.012228925
3495	0.56348594	-1.0244634	0.41468776	2311.4029	71.499598	46.140789	0.51429352	0.089892536
3496	5.8534087	0.013097119	2.9827983	4267.1422	34.623283	25.941204	-0.0082101024	0.16929074
3497	4.2588407	0.11270724	1.3192222	943.14659	39.672088	34.745552	-0.018620052	-0.34824501
3498	3.8729977	-0.12766785	1.0025772	1675.3228	10.801332	10.669477	0.10128275	-0.013720559
3499	0.38915003	-0.46375733	1.2520313	3631.3257	60.389893	53.117736	0.019668013	0.034768908
3500	2.3441856	0.97340873	2.5324493	1052.084	41.428977	25.921874	0.37728426	0.0054189423
3501	0.058507117	-0.88723248	2.3497412	3306.5273	30.082543	24.908299	0.0039238215	0.13853974
3502	1.9032338	0.61438202	0.70704629	10636.597	117.65531	87.737773	-0.021533827	0.12702436
3503	2.4871665	0.056670743	1.2121105	1007.8451	33.221905	27.514037	-0.091109071	0.23444074
3504	1.5926825	-0.35353597	2.0305234	375.89993	2.0020462	1.4346628	0.038726631	0.16001033
3505	2.9274442	0.63870463	2.3549963	1696.5813	12.087533	11.11834	-0.01050862	-0.0048594017
3506	5.7152086	-0.59142236	1.9883555	4793.7775	89.558566	84.789312	-0.019500683	-0.33630429
3507	5.9829057	-0.84797849	2.5715195	1284.3067	11.294506	10.679581	0.042813058	-0.0031295558
3508	3.2202545	0.50980015	0.87716153	384.18766	2.5664673	2.0545692	0.019771345	0.16502397
3509	2.1691059	0.05535635	0.55965475	1676.8326	21.721739	10.435775	0.018686079	-0.25271628
3510	2.7461585	-1.334727	2.6755258	7950.6591	65.251436	56.630323	0.17870313	0.099215956
3511	1.8015176	-0.12172568	2.5791631	2652.3447	25.757642	16.600214	-0.046247185	0.1951158
3512	3.0525567	1.0034372	0.49296806	294.66009	8.2445967	1.2738397	0.17133954	-0.13354239
3513	1.4022598	-0.98365432	0.83239397	2906.3938	54.505686	49.49312	-0.07762818	0.36216601
3514	1.9017163	-0.027257642	0.8876339	800.39317	3.3174843	3.114211	-0.14109413	0.047531554
3515	3.9395553	-0.043645574	0.80978684	1551.6209	11.811454	11.225591	-0.11023942	0.047581498
3516	2.298828	0.45762185	0.98336847	273.68074	3.1980037	1.404797	-0.06551551	-0.017067687
3517	4.6524923	-1.3022816	0.85944179	902.86103	10.224111	9.6102632	0.059019613	0.1167323
3518	3.3539552	-0.034407601	0.43725466	6321.2428	59.846072	39.612947	-0.010779074	-0.36004357
3519	0.2215166	-1.0038424	2.0559698	1153.448	17.392056	11.160955	-0.0064939764	0.001377708
3520	5.157059	-0.21593755	1.3122121	1638.7658	27.502432	25.350021	0.15903236	-0.01382797
3521	4.1984202	0.02919769	2.4428553	850.24333	10.685578	9.9750762	-0.088715963	0.062984915
3522	3.4257703	-0.49219593	2.9165948	786.55912	10.638634	1.3696659	0.0039550722	-0.0063477922
3523	1.499529	-0.91417394	0.79999859	2707.5753	46.183219	45.962179	0.11391144	0.044833163
3524	1.5470606	1.3104525	2.2470492	837.87608	21.088765	9.9423452	-0.030043277	0.014251855
3525	1.1414231	1.4941172	1.4110453	4198.5006	149.23242	62.232806	0.23514994	-0.012650303
3526	5.23917	-0.37868619	1.3223451	1712.139	61.166881	32.507907	0.006376941	0.23552744
3527	5.9108106	-0.0046287368	2.1867582	3690.3909	53.154083	41.579747	0.056793857	0.127051
3528	2.6929584	0.25531267	2.6046626	555.40442	9.399702	1.5142251	0.58450284	0.07861616
3529	4.6392008	-0.56395682	0.97742753	4112.1541	111.94562	43.680106	0.12927435	0.12981963
3530	2.4010238	-0.15600198	0.80103109	2629.1521	30.754601	13.045229	0.40024833	0.0033786739
3531	2.9483201	0.92504169	0.68562553	3338.978	51.448854	48.286442	0.025787318	0.063626343
3532	3.6509859	0.72458489	0.59179117	1628.709	12.622667	10.816603	0.13146564	-0.076291107
3533	1.8758681	0.10289532	2.2832159	1987.9457	32.26159	24.73117	-8.4161447e-05	-0.013024427
3534	3.4331239	-0.43651765	1.2204613	1188.7884	24.76684	14.03428	-0.0014311891	-0.14079212
3535	3.9138574	-0.42464307	2.1386013	1002.6446	26.180362	20.617743	0.040658657	-0.080632699
3536	3.9927816	-1.0741125	2.2643924	1928.308	14.425545	11.507041	0.35971918	0.003998907
3537	0.23809353	-0.78079378	2.7346151	1259.4822	12.505389	11.152902	0.46211454	0.0016722117
3538	4.4005876	1.339807	2.4273776	5577.5474	56.901875	43.343766	0.059580964	-0.26825667
3539	1.2145006	0.64836592	1.1145875	1848.495	30.696462	26.156802	0.11313837	-0.014631588
3540	4.4944805	-0.70193822	0.69341604	897.1864	12.424829	10.939934	0.064206351	-0.28978224
3541	1.3293502	-0.5004633	1.1089295	918.98375	11.915824	10.79848	-0.027042567	-0.041118029
3542	4.2214981	-0.29992648	2.4483967	827.54455	11.428968	10.676884	0.1745461	0.30056206
3543	1.9741789	0.35921076	2.2285184	200.6839	1.2947916	1.2480909	0.18949562	-0.055226604
3544	3.9092542	0.4677527	2.0982747	3810.3075	17.026197	15.586981	0.016926893	-0.012522278
3545	3.889126	0.079022893	2.1895803	578.2037	9.2554321	8.4273294	0.0028201187	-0.067685362
3546	3.0966021	0.62088369	0.6192513	11087.281	84.283058	73.728855	0.002387396	-0.19801744
3547	0.67384323	-1.1693389	0.73914847	3202.2311	14.762796	13.629873	0.19580988	-0.007836591
3548	1.4465885	0.66584687	2.6228763	6757.2181	44.930188	42.632788	0.03308801	-0.0008947808
3549	0.73159747	0.078800456	2.6791274	2253.836	40.500276	33.895868	0.012713409	0.016312848
3550	2.6055764	0.55728047	1.6907931	1702.7437	32.541474	9.6515712	-0.0088022252	0.27306852
3551	0.11026564	-0.80198676	2.802584	10895.422	57.640996	50.254766	0.020969816	0.12020432
3552	0.20552296	-0.19852949	0.14192989	608.2872	2.564485	1.3058876	-0.03271071	-0.039755167
3553	3.7307022	-0.20156936	0.43884189	2513.6341	55.45516	18.899145	-0.014492682	0.15284621
3554	1.5255829	-0.65095395	1.2782117	1620.1348	51.27698	41.651698	-0.12500634	0.35653932
3555	3.1478507	0.96093588	2.3474535	3194.5921	35.260655	30.089086	0.15454588	0.089759414
3556	0.37074268	-0.20293052	2.3064468	3560.377	45.023717	28.514919	-0.12979838	-0.15258793
3557	3.8252449	-1.0401703	0.59847579	1132.793	11.043249	10.242635	0.20377523	-0.059057412
3558	4.3028137	1.1674887	2.4483606	2266.8977	46.512064	30.767746	0.00013610385	0.25418416
3559	2.8028958	1.2497319	2.6654446	470.86814	2.4129467	1.7126546	0.013357813	0.03338327
3560	5.3415175	0.97711074	0.69878625	904.0301	9.4637205	7.4506638	0.069059831	0.11168829
3561	1.0509788	0.78075748	1.2108532	949.56546	41.076024	12.332191	0.091453537	0.39680281
3562	2.6942592	0.94521714	2.273281	8095.9238	111.70728	78.962832	0.033176234	0.019597882
3563	3.7487273	-0.040767909	2.676142	1891.3908	19.738616	17.708358	0.074833176	0.10971813
3564	2.2354818	0.21258328	1.4433042	4379.9164	53.09334	34.803475	0.026939055	-0.020770723
3565	5.0261576	-0.29184037	0.46359758	519.291	2.3169497	2.0332028	-0.002372252	0.18482984
3566	0.67197185	0.7371954	2.7066147	2261.1293	35.319062	13.39121	0.009465437	0.067906857
3567	5.0791308	0.45446541	2.6486896	10847.105	103.7422	72.953376	0.080202269	0.087232071
3568	3.425955	0.90026505	3.0607674	1262.3794	11.632396	10.839545	0.076968434	0.13471805
3569	4.2609144	0.022268352	0.23044358	5449.4592	59.813005	31.508918	0.3598084	0.20889032
3570	4.8366793	-0.076831836	0.23460917	1571.7214	33.180045	30.150201	-0.15167914	0.073501448
3571	4.3429157	0.53800032	0.20925886	4372.8604	56.14658	41.79358	0.3873412	-0.32901026
3572	1.2346774	-1.1225003	0.13525126	3164.5182	49.75108	27.762195	0.36869376	0.0083164052
3573	0.80868787	0.2161236	0.78749326	6751.1699	86.04263	70.91971	0.10450561	0.15753741
3574	1.3447015	1.4568893	2.2298455	4188.8937	89.815067	19.229632	-0.014813732	-0.16004965
3575	4.9177785	-1.0272219	0.30153903	5773.4247	95.085601	61.361529	0.51429352	0.089892536
3576	2.5340821	0.1138766	2.4104265	3213.5146	47.133794	18.385807	0.22938893	0.020375319
3577	2.2820748	-0.47187644	0.52117802	367.02974	1.5901283	1.3723343	0.16387268	0.14511316
3578	0.54391109	-0.89970252	0.33261953	2801.185	13.862145	10.375799	0.0016749046	-0.037665606
3579	5.0952586	0.53093183	0.65263185	9248.5825	67.11502	31.384514	0.34709345	0.11375984
3580	2.7423468	0.89675995	0.38479497	1695.3452	92.254718	37.467076	-0.034863908	-0.17492318
3581	4.2302584	-0.84403903	2.0576622	1472.7794	53.698632	10.258563	-0.078353214	-0.0024623548
3582	0.0074217694	0.16467606	0.3687851	289.42728	1.7181077	1.3430752	-0.014004575	0.021562626
3583	4.8507767	-0.23628222	2.2825846	2353.162	50.090584	34.670626	-0.06512517	-0.005460585
3584	3.9651768	1.3536034	0.53052027	1644.336	12.821339	11.223433	0.00064798992	0.093605599
3585	1.0239005	0.027537481	0.57221556	3706.577	36.06193	25.330644	0.039270728	-0.1853009
3586	6.0014958	-0.57773785	2.0625463	754.71711	1.6557461	1.6435145	-0.1244528	0.042886328
3587	3.2814186	1.5039757	2.4758104	1171.699	11.340431	9.7766505	-0.023598407	0.38105894
3588	4.3286718	-0.96065623	2.6424947	1555.22	12.172301	11.353115	0.077318068	0.21547555
3589	3.7471262	-0.59585285	2.6994358	828.85139	5.6728491	2.1562873	0.062452771	0.001581957
3590	2.161914	-1.1740282	0.50398787	5094.3657	65.17084	51.390176	0.20592763	0.29995229
3591	3.0565483	0.66995139	0.54337299	1927.8315	34.878643	26.697294	0.2416246	-0.16394706
3592	0.4532823	0.66414172	2.2123242	692.68394	11.24853	8.2434113	-0.29090822	-0.083332056
3593	1.5233007	-0.61985886	0.36726896	2231.5	16.945323	13.238145	-0.17221793	-0.095446814
3594	0.76223409	-0.22812668	2.15063	875.6261	19.016275	4.4308108	0.10627017	-0.12571423
3595	0.73142982	-1.1132377	0.85833044	1375.4139	49.443208	30.657174	0.17719505	0.039906965
3596	2.4517796	0.48241507	0.73206521	1247.9261	9.9194577	1.7304659	0.47351688	0.014054622
3597	1.9280234	0.5966573	2.1162566	362.58365	2.0738509	1.6663477	0.0514207	-0.1117294
3598	3.2086975	-0.47200237	2.8463412	1463.4314	34.712229	18.361278	0.30966747	-0.10196538
3599	1.6473134	-0.52310005	0.44819552	5678.4708	76.140453	66.271709	0.31475231	0.34865622
3600	6.0179669	0.60490011	0.4123612	1189.9739	11.362436	2.5810399	0.25494583	0.0017843798
3601	0.11046231	0.73071774	2.7189561	1982.4433	16.539787	9.0139957	0.035727335	-0.0079968184
3602	4.0730168	-0.94078627	0.38280832	2398.8251	14.687813	13.513658	0.019288147	0.11978659
3603	3.4661303	-0.95995313	2.4825927	2800.1721	32.11026	17.319752	0.12136317	0.046143665
3604	1.7479472	-0.80507016	2.8831222	1144.1492	9.9464882	2.2741045	-0.058081361	-0.047438579
3605	3.9600496	-0.11752509	0.5306986	2656.6375	30.19746	12.45161	0.043686236	0.23441706
3606	6.2764474	0.39345144	1.0051925	4287.1362	42.197464	30.606248	-0.12481732	0.30640129
3607	2.0872831	-0.30361843	2.8842341	605.0034	9.219726	2.0674645	-0.090794368	-0.10163465
3608	5.4217868	0.63845647	2.7025338	4799.4825	135.86512	59.104446	-0.0016851835	-0.057281042
3609	0.26471671	-0.58824949	2.5246909	188.18059	1.7128872	1.4124659	-0.27865477	0.015609485
3610	5.7118372	0.54535518	0.53476773	5091.0334	62.140498	50.097116	0.029051302	0.036801063
3611	2.4329787	-0.59071085	1.3373469	992.48218	10.656702	9.5963818	-0.084878674	-0.037335402
3612	5.8689565	-0.58194017	2.4774793	1268.4716	7.2449733	4.1166913	0.035919852	0.0023482258
3613	3.4814032	0.61681576	0.57330906	691.32504	14.529297	2.7157515	0.15647956	-0.0028892899
3614	2.5599826	0.20624608	1.1997083	176.53192	1.8222536	1.6104501	0.040560717	-0.075683283
3615	6.1266455	-0.86159752	1.2498909	1951.3253	51.4632	34.913789	0.010985694	0.15647698
3616	2.3279891	-0.40156658	2.5966171	2104.1341	12.37124	12.295937	0.0046856013	0.007089102
3617	5.2016375	-0.10647687	2.9268974	1370.7369	37.158202	30.675449	0.10057799	0.089118621
3618	1.8270671	-1.2268242	0.76835157	10881.972	97.022275	87.793018	0.018961039	0.19054352
3619	4.4834575	0.76640376	0.27827124	1246.0773	9.6212762	3.8663621	0.14332793	0.019907475
3620	0.62177052	1.0362246	2.8408607	7624.0605	53.194208	39.980601	0.21234658	0.012562129
3621	0.020689196	0.58758225	2.0603372	1410.4802	26.019818	24.162281	0.1205012	0.0059166201
3622	1.8399784	-0.93338382	0.52572498	1601.8463	41.640442	31.44529	0.018560676	0.089330217
3623	1.666247	-0.35809245	2.5106083	1498.1404	10.922809	10.756821	-0.00025718941	0.22601413
3624	2.2894483	-1.4056596	1.8277778	3016.5529	29.058786	28.496263	0.071107018	0.04720023
3625	2.55374	0.95220202	2.1427755	5231.6047	70.92698	39.141708	0.11724799	-0.33871163
3626	1.4257877	0.79342125	2.2834774	401.09265	1.4140613	1.3143436	0.06583973	0.28164773
3627	3.9080367	-0.99538477	0.076756665	267.05077	1.3132444	1.2344187	0.0066691374	0.081844751
3628	0.1121596	1.089976	2.1868957	827.22586	11.65376	1.4706341	0.11495706	-0.11018603
3629	2.2721071	-1.155515	0.68812659	1707.8754	12.581696	11.487476	0.0091011553	0.010365928
3630	4.8675091	-1.0946887	1.8951614	1793.0207	12.914295	11.081957	0.25477161	-0.0015819259
3631	5.7194142	-0.76797571	0.5726735	6156.2268	39.732984	28.336228	0.45274755	-0.24398772
3632	2.6846772	0.77658046	2.3140908	5371.6907	63.694432	58.964437	0.051473012	-0.0060713233
3633	2.6443424	-1.0927614	2.4537812	457.50564	9.1707854	1.3378327	0.17274862	0.21638211
3634	2.1254503	-0.59093215	0.44580631	4087.8729	14.227089	13.745651	0.078678935	0.0042762791
3635	2.6877071	-0.59284665	0.98633319	1940.4249	40.857274	40.408468	0.059897984	0.035792355
3636	0.13096961	-0.24510136	0.46250582	1929.6822	12.251112	8.3010477	0.29433866	0.17235854
3637	3.7780298	-0.32770858	0.39089915	520.05633	11.043057	1.3513476	0.02200796	-0.014149641
3638	3.1201519	1.0520991	2.6415793	4926.0437	65.591203	51.200491	0.19136028	0.30457785
3639	6.202076	0.39679136	0.86807454	527.06276	10.45662	9.902863	-0.0088335002	0.033737378
3640	0.62183324	-0.9323011	2.451826	1946.2844	12.967219	12.424071	0.029314591	-0.14425457
3641	1.2209816	-0.2597746	0.49090973	1182.6275	41.689452	36.945559	0.00011101289	0.10863853
3642	1.3410271	-0.66125992	2.2932871	1021.4474	11.64456	11.154657	0.18579287	0.028843693
3643	0.67562426	-0.29343457	0.70942204	1257.4146	11.934364	11.274406	0.030961844	0.065877326
3644	2.5939387	-0.33980413	2.2159174	2863.6338	52.12449	32.343536	-0.0061335394	-0.0094310493
3645	3.3975538	0.69281955	0.86958011	3037.4388	45.654766	21.555145	2.0730528e-05	0.093202715
3646	5.3604085	1.1118897	0.76175951	311.25903	3.0830487	2.437339	0.098291484	-0.032792766
3647	2.4951419	1.12275	2.7522049	4496.926	57.399802	16.63973	0.26273835	0.19258246
3648	2.223696	0.12455351	2.8165459	1022.3209	8.8797061	3.8136297	-0.22157822	0.0078037585
3649	1.9458551	-1.2639077	2.2856112	6799.1522	83.204973	71.603121	-0.0088878053	0.092246326
3650	1.7980421	0.78299995	0.06913186	348.04521	9.7530178	1.8947447	0.15776437	0.18685386
3651	4.5694596	-0.25682947	1.9979237	3327.3922	52.964868	51.576546	0.31762963	0.0057002533
3652	4.8124428	-1.0379536	2.3187542	1755.8543	13.095365	12.725445	0.057486261	0.030851847
3653	5.0036323	-0.30081296	0.099035055	513.37488	2.0360794	1.721213	-0.2186641	0.058918678
3654	5.4342465	-0.89317649	2.4380727	4872.92	58.275502	44.491387	0.20905888	-0.0028255413
3655	5.5512347	0.80163254	2.3867197	6827.038	73.041007	69.741393	-0.080436724	0.11455666
3656	3.6578928	-0.11040455	0.47331293	2008.7315	12.213232	8.5119212	0.063753834	-0.046786225
3657	3.596193	-0.70101027	2.5111561	1430.859	30.538719	2.4249458	0.19965691	-0.024947288
3658	3.6117513	-0.35492033	2.3145601	3566.175	59.587889	33.789315	0.052792894	0.15428904
3659	1.6239803	0.64771045	0.92357259	2028.2423	33.533173	18.490487	0.27137166	0.018235469
3660	5.8795599	-0.68680363	0.72928788	566.51066	8.5688972	4.4891948	0.047798199	0.0043008518
3661	2.8465222	-0.64972933	0.60283129	2255.1836	39.458474	32.435641	-0.013111951	0.0046643195
3662	2.4006855	0.62164632	2.7658462	4205.9252	15.265755	13.107726	-0.11919281	0.021103525
3663	4.07317	-0.30883276	0.37202245	3813.9414	28.072291	26.988117	-0.18141806	0.088209321
3664	3.7599318	-0.29473046	1.7031224	3786.4191	59.169415	43.430532	0.1202666	0.044577614
3665	3.9765742	-1.0430506	2.4964119	2438.0855	14.310738	13.878435	0.11250894	0.048449731
3666	3.5854535	1.0274818	2.6034895	1234.85	46.777524	37.744523	0.061063323	0.52700264
3667	0.41085246	0.762293	0.8035094	2523.1811	47.983479	29.265018	0.036797523	0.0020737665
3668	4.3826952	0.18413137	0.24301948	749.65221	20.722731	1.4685506	-0.067738895	-0.0098619659
3669	5.8918413	-0.67502262	2.4166068	7203.5394	119.70787	57.188579	-0.0059608724	0.031767273
3670	5.282014	0.1987758	0.44792638	931.95408	10.699832	1.5815408	0.010142318	-0.14424684
3671	0.37799763	0.065515303	1.3444753	1268.3271	38.918389	10.280326	-0.039500073	0.045667404
3672	5.923047	-0.44265198	0.8179927	2464.6931	74.555484	31.096607	-0.042210755	-0.056554535
3673	5.2181019	-0.079635295	0.52549592	4303.9276	61.086196	42.815601	0.072206669	0.016246114
3674	0.13279912	-1.3633024	2.8075191	2228.3565	13.35064	12.358028	-0.025402534	0.099621957
3675	4.658136	0.3090102	0.98654687	534.54551	10.071625	9.5049405	-0.0092193024	-0.28437114
3676	2.4837556	-0.088128896	2.0549471	2018.9423	43.106674	21.887186	0.074505841	-0.29176818
3677	3.5588425	0.074804866	0.42309868	8134.7612	52.845431	24.169097	-0.099896141	-0.022256131
3678	3.8979482	1.0091068	1.0223909	2684.9301	61.613365	56.562267	-0.0019466769	-0.020624279
3679	3.4522622	-0.68322005	2.7517801	16444.776	115.70046	81.986646	0.064717211	0.17455546
3680	5.1899572	-0.54719353	2.4319879	1681.5309	12.26399	10.760295	0.3910415	0.031681809
3681	2.5113928	-0.028536783	2.6612004	2088.2643	33.898058	22.181089	0.37614352	-0.025151018
3682	1.1468408	-0.39083201	2.1606686	2361.0529	35.554588	33.434583	0.40865625	0.044794908
3683	2.6794083	-0.39377516	2.1242556	7067.5557	74.728165	65.27852	-0.0032349764	0.68481458
3684	6.2184689	0.62320041	2.7955114	3465.7092	35.661066	35.300166	0.10995022	0.059002682
3685	5.4636732	-1.0435284	2.3561078	577.67035	9.7931951	9.0830779	0.012209171	0.15203719
3686	3.0965465	0.086618797	0.84850286	427.01072	4.1095705	1.3094113	-0.34466023	-0.045819642
3687	1.8469168	-1.297854	1.4622052	1422.6407	12.22698	10.778528	0.29595558	0.12018883
3688	2.7483757	-1.0617922	2.210065	1096.359	11.801311	10.700398	-0.033033574	0.21654191
3689	5.5505252	0.66419554	0.33140878	12492.718	81.286324	63.685609	0.30011533	0.48835606
3690	5.8751853	0.93378436	0.28503875	7913.6281	76.107914	51.080121	-0.00065339106	0.21613515
3691	3.8040016	-0.64508216	1.8877455	3764.5167	28.569753	15.824715	0.066004183	0.25825869
3692	1.7007133	0.11107908	0.70709824	620.81744	5.6824774	3.8024969	0.11603795	0.22448503
3693	3.8216892	0.18499768	2.6516556	8545.547	51.309985	50.302923	0.24860075	0.010803458
3694	0.25992788	-0.2197403	2.0654882	2622.9573	38.879385	34.004175	0.29305558	0.00060587602
3695	1.5982652	0.1373488	0.54651524	2255.6322	44.779465	44.404346	-0.085454053	0.33172113
3696	4.6876272	0.54004236	2.9161972	2091.9892	40.581183	39.212495	0.060744002	0.18539233
3697	4.155191	0.2306321	0.80597656	7446.2995	64.822081	61.342826	-0.13696352	-0.34510422
3698	1.1236324	0.34872008	0.31392495	13250.061	94.536807	83.805297	0.024470513	0.22889057
3699	2.9408596	0.50854621	0.66275003	822.72017	26.756706	25.073813	0.059779698	0.039420205
3700	0.62455344	-1.1409014	0.56132442	458.31819	1.4874556	1.4453927	0.19752393	0.1144025
3701	0.018788266	0.31530047	2.7952987	1700.1428	12.673735	12.425209	0.19102291	0.083237492
3702	1.8795618	1.0383747	1.0898794	2668.3732	13.31511	12.429017	0.070482389	-0.17997168
3703	5.0010048	-0.62826339	0.8031093	2903.94	55.168166	37.084257	0.11269685	0.65448455
3704	0.064703446	0.33044164	2.4014173	5939.0156	73.634939	66.10447	0.27180696	0.048663168
3705	3.5290533	-0.0021404391	0.54915014	293.63168	1.7508227	1.4293841	0.11843916	0.023155567
3706	4.7736912	-0.039373238	2.5568911	2042.7731	23.100282	12.628746	-0.33082837	-0.35360303
3707	2.7396239	1.2058141	2.5603182	4712.0972	83.145537	71.141624	-0.027353798	-0.035303549
3708	0.18471208	-0.36403293	0.2016333	473.59167	2.7494797	1.4583073	0.085518428	0.078536871
3709	0.10254355	0.015394335	0.99437122	2739.6921	35.353571	35.282931	0.056555795	0.0026790906
3710	6.0849546	0.81458666	2.3260967	3616.4382	39.305352	36.675106	0.11971968	0.042687699
3711	3.3373687	1.2113419	2.8857213	2180.5544	25.204937	12.323967	-7.7938459e-05	0.037306274
3712	1.9826979	0.65187802	0.47130255	8336.9358	75.580838	70.764619	0.33564978	0.18552221
3713	2.9083657	-0.57347397	0.23774838	599.21126	10.224836	1.487585	0.017888881	-0.00094298479
3714	3.3656553	1.1441947	2.0181433	3609.43	140.24793	92.45857	0.19184345	0.023839776
3715	5.2367614	-1.2897094	0.69931095	2402.7894	17.802922	12.962933	0.23120046	-0.040728788
3716	1.7024497	-0.95100105	1.028295	2854.1805	13.845229	11.711635	0.0035317039	-0.043419823
3717	4.4023573	-0.85121312	0.83895227	1381.6036	11.891356	10.860821	0.075077935	-0.32706907
3718	2.2350707	0.60757056	2.4856067	12879.342	92.488276	59.429162	0.25833087	0.05884889
3719	5.4670573	0.6198326	2.3302865	5052.2426	170.2146	167.26612	-0.074262366	0.28906176
3720	1.1974442	0.33186816	0.78298838	2095.0354	14.78456	14.64853	0.0043839443	0.17180039
3721	2.4523426	-0.19326564	2.2241925	483.35968	2.4852252	1.88254	-0.026872013	0.0026118779
3722	4.0332794	-0.28660888	2.0502542	244.92085	1.5009346	1.3626011	0.00065183546	0.023947212
3723	1.612307	-1.3884182	0.85975688	1388.3619	11.048971	10.591494	0.27613897	0.094351427
3724	3.2601677	-0.41948249	0.61027013	1554.7273	27.849023	9.9289227	0.097630035	0.0092947602
3725	4.4464895	1.2929092	0.33211156	1010.2763	40.880066	36.28132	0.18907766	0.19480421
3726	5.7727637	-1.2580026	0.67312815	5300.9288	57.317346	30.820499	0.054020305	0.15856833
3727	2.8654497	0.69558729	2.4900994	4984.7345	50.149832	44.616051	0.043098143	0.086516916
3728	0.2633346	-0.49827652	2.4311755	1627.5832	12.564388	10.12365	-0.029231913	0.045591281
3729	4.9632147	0.98081201	2.7875854	557.12191	2.5187137	2.0206843	0.042915198	0.24434391
3730	1.3418183	1.1440515	0.44079484	3127.1994	74.22605	41.690328	0.067085027	-0.0001112049
3731	0.37166503	-0.59228118	0.91790614	871.35096	11.787977	10.396547	-0.060048076	-0.0293375
3732	4.0715979	-0.67038101	2.6308354	966.05681	14.850156	11.925583	-0.023506488	0.022101204
3733	6.1045431	-0.023971707	0.4393094	2404.9924	50.071751	47.016124	0.053502173	0.065663774
3734	4.3187616	0.042638744	0.42793394	12278.347	90.590402	89.098075	-0.060497532	0.43931278
3735	0.97203667	-1.096924	2.0685713	2850.506	54.026235	47.898486	0.022087327	0.17457471
3736	0.38767555	0.32220202	2.2313445	2020.9202	30.364763	29.015948	0.024223115	0.055001605
3737	2.4683342	-0.38275554	2.4864954	5545.4406	87.753147	58.315813	0.028824463	-0.057050461
3738	0.25692766	0.80486901	2.5714749	5425.7499	53.184797	47.465662	0.0031741301	0.15092824
3739	6.1056994	0.63333212	0.048231766	1034.6969	10.03595	9.9233902	-0.016080303	-0.080488408
3740	5.7296109	-0.75814397	2.4593407	6160.7159	78.789898	64.23679	-0.52186729	-0.011029418
3741	2.580411	-0.55700714	0.59375761	1959.5074	43.023781	41.202735	-0.065986306	0.18319914
3742	3.0036145	1.0524133	0.38267542	6631.6108	59.79551	37.35531	0.082340625	-0.00078697251
3743	5.6933114	-0.51403945	2.7720551	2128.9206	51.486325	35.21237	0.028126066	0.086865516
3744	1.1610727	0.036187202	0.81259737	3985.8972	46.790718	42.824197	0.22206903	0.037808876
3745	3.3447549	0.60113473	2.8016749	3999.9173	13.555581	13.473195	0.058902562	0.085546029
3746	1.6734693	0.4707897	1.3863272	560.16868	37.282999	26.370896	0.2776299	0.26357681
3747	2.1676906	-0.81290942	0.84575081	2039.9933	13.937964	11.368826	0.12503176	-0.19066938
3748	0.85740393	-0.47615535	1.3498474	324.50178	1.694933	1.6432458	0.18413039	0.076070267
3749	4.7947339	-0.69502457	2.9580938	919.10015	18.951171	12.551743	4.8796792e-05	0.1378014
3750	4.5648384	1.1033871	0.73008657	1309.1418	11.916724	10.550376	0.10992532	0.06549969
3751	5.9549372	0.58733857	0.55103664	1597.6487	12.175812	10.582985	0.3068778	-0.0030398917
3752	1.8322104	-0.86828076	2.6584254	15611.719	180.46461	112.84685	-0.032206661	0.074505915
3753	4.2604369	0.60303677	0.62169308	723.98443	39.200138	21.66579	0.11943379	0.35199866
3754	4.7350456	-0.94738531	0.72950025	8412.8109	71.61241	69.704308	0.024331578	0.017388539
3755	5.1803444	0.35900921	2.7722678	4597.4794	47.887833	43.107682	0.097963173	0.10185691
3756	3.3559982	-0.47611545	2.5159263	963.22466	3.4323222	2.9737067	0.13820969	-0.33978734
3757	2.1341194	-0.68388388	2.0176808	3427.6622	50.507942	22.066212	0.26413424	-0.56014543
3758	2.8959789	0.38556044	1.7242303	291.48783	11.164695	2.3228047	0.060834095	0.070014723
3759	0.84874233	-0.57812425	2.5343174	8174.2733	48.396517	42.544943	0.16943538	0.11021736
3760	0.3106181	-0.049778991	0.45863808	2175.9962	14.339926	12.883025	-0.011109314	-0.095740374
3761	1.4327598	0.93510791	0.51036654	2764.5968	16.094107	12.212864	0.0018430687	0.028945639
3762	6.1334122	0.655039	2.3835591	4621.8529	59.405197	37.169491	0.37728426	0.0054189423
3763	5.0349421	0.1547829	1.9724581	1056.7266	9.9308422	9.1879517	0.035173414	0.2007406
3764	2.1945492	-0.17082987	0.65412334	736.56756	37.045416	36.272901	0.090073754	0.15055094
3765	5.6071816	-0.5836893	0.87387554	6742.5224	54.990294	52.154267	0.23283059	0.0070654812
3766	6.2337527	-0.48132392	0.53160318	596.05786	3.4163627	2.8160052	0.09021487	0.018987258
3767	2.0162179	0.17529389	2.9079149	3794.9354	121.64289	115.80473	-0.020564869	-0.021724006
3768	6.0433722	0.92698548	2.4923601	5557.2625	60.884893	53.813424	0.040802807	0.00065053278
3769	5.5047512	0.83775422	1.2028316	851.65584	20.680466	4.1468573	0.1843406	0.052599731
3770	6.2638624	-0.37249003	2.6205326	8902.6334	97.378204	77.848203	-0.097771916	0.05282443
3771	1.7739982	-0.82819198	0.92434742	6908.9598	64.567248	55.18617	0.02131228	-0.092484823
3772	3.7109499	0.3429574	0.38638644	954.0035	17.224537	11.55787	0.013950303	0.16150339
3773	3.6453397	0.57189076	2.5365924	5309.0848	63.31201	42.379475	0.014803654	-0.044876667
3774	1.2874335	-0.81581625	1.2180419	1299.0782	12.741701	12.037402	0.03416159	0.010028851
3775	1.1560485	-0.84893969	0.19726657	5383.6267	46.381108	27.017168	-0.057457677	0.014664872
3776	5.0843516	1.0859198	0.79797453	1659.7449	48.686955	36.327507	0.010736777	0.0050159859
3777	0.62864336	-0.29677142	0.59389263	2995.5379	36.367888	27.433525	-0.017084314	0.22676955
3778	3.1962647	-1.0273351	0.98228663	633.04355	40.324238	29.190168	0.0030650421	-0.016240017
3779	4.1709802	0.4814583	1.0199863	5165.5574	48.812262	45.889085	0.0087420881	0.26105681
3780	3.3605943	-0.0028795811	2.6575576	1001.8309	12.008809	9.6952121	-0.025615867	-0.0026067842
3781	2.6441876	0.59619185	0.52100636	320.85052	10.606602	9.7151523	0.167908	0.0012018421
3782	3.0005598	0.39443917	2.4368233	678.53051	48.733588	1.3397831	0.080006567	0.21988441
3783	0.13503305	-0.098599533	2.3262252	1522.5482	11.723563	10.702551	0.091143703	0.34172509
3784	6.0973658	0.41440914	2.0729061	8412.5397	71.672465	57.880263	0.083553208	0.0058668543
3785	3.6591824	-1.3507718	1.5205433	1207.2452	26.712931	8.6369222	-0.23592994	0.02957606
3786	2.8848436	-0.90743956	2.0375106	786.46013	10.418034	9.7384223	-0.087155931	0.042391729
3787	2.0162427	-0.13512039	0.39948222	2339.3255	14.708233	12.944028	-0.12635443	0.11359228
3788	4.8320657	-0.43186827	0.92616273	3620.0293	47.255718	26.966175	0.1274171	-0.14707544
3789	4.3729855	-1.0519315	0.92042573	8999.8345	139.50858	107.58035	-0.363872	-0.064323157
3790	1.4282797	0.7072727	2.3941806	3781.7672	54.045897	25.308152	-0.081600596	-0.0086830863
3791	2.1183959	-0.73051412	2.0718135	1933.2488	24.09431	12.249991	-0.0031772299	-0.19115879
3792	4.5566434	0.16552009	2.4207464	12624.582	86.449911	75.299356	-0.074910579	0.15500332
3793	4.2169508	-0.013716059	1.0093605	219.08516	1.9838089	1.8183626	-0.19187227	0.03092498
3794	4.2504983	-0.31951351	2.5400552	2656.6793	45.427957	24.666342	0.17752094	0.03884248
3795	4.5241658	-0.33322651	0.73910891	1972.9667	11.61734	10.927113	0.012299584	0.42286279
3796	0.43317438	-0.21554858	2.24999	3106.1309	48.367962	44.305483	0.055480858	0.021817542
3797	2.1518606	1.0198403	0.89807909	2761.7039	41.725009	34.618025	0.27789462	0.011077539
3798	4.816842	-0.79070384	3.002836	1243.0374	14.141865	12.122505	0.0064818814	0.34731538
3799	3.851374	1.1350174	0.72238579	735.66876	16.593269	10.978208	0.2409369	-0.43505344
3800	4.4540629	0.054947368	0.85508714	4135.8894	39.42091	37.231703	0.11002005	-0.063585882
3801	2.4577047	-0.1856428	2.1949402	1805.4562	13.157176	12.813729	0.41854369	0.13306253
3802	1.3778914	-0.031402469	2.7341283	4557.5626	117.15715	57.366412	-0.069813153	0.26005628
3803	5.8000358	0.22180738	2.577929	5047.5515	69.656504	43.286419	0.10452532	-0.005680107
3804	5.6335241	-0.33700164	2.5464793	1137.4571	11.785544	10.112374	-0.075068092	0.041268344
3805	0.21926202	-1.1058981	0.80656256	5422.2277	58.087184	49.949336	-0.25896516	0.19338454
3806	2.8771989	0.58035174	1.9146458	1081.1915	12.140316	9.9503026	0.043679755	0.00040598865
3807	2.0169314	-0.51896841	0.9952365	715.29013	4.5580212	2.5330221	0.01921172	-0.1127312
3808	1.2136844	-0.96921747	1.5593517	637.16717	56.664049	37.348891	0.079528331	0.02997127
3809	0.65160983	-0.60140158	2.6134091	4042.8313	51.116079	41.317202	0.039517693	0.025876741
3810	1.1825715	0.48387217	0.49545442	1691.561	19.809299	12.510648	0.018290547	0.18739748
3811	4.0495388	1.0110325	1.2846976	1922.3922	19.565278	11.160839	0.044372788	0.083071185
3812	6.0062067	-0.11529644	2.6011027	1963.0077	13.096057	12.886735	0.037545971	0.2344566
3813	1.6019293	0.84527711	1.9438721	2114.2943	15.468319	9.0725307	0.19055598	-0.016082445
3814	5.7358024	0.8363817	2.6799215	4575.4287	77.117111	35.402398	1.216486e-05	0.11707182
3815	3.6103074	0.8655479	0.31233847	1550.6333	29.617561	13.541907	-0.031117249	-0.00098187916
3816	0.90632138	-0.46713501	2.1409517	1248.5234	12.220572	2.8790295	0.31010747	-0.027413653
3817	1.1564873	-1.0991133	1.3484019	6083.4438	103.83191	95.887883	-0.036459562	0.019298246
3818	4.9727277	-1.2870509	1.8997037	2004.9544	55.789256	29.659386	0.0029071162	0.29601444
3819	1.8534452	-0.24589365	2.5731934	1077.6588	11.572002	9.8526759	0.1177595	0.10979732
3820	5.1846452	0.53252074	2.1280262	6570.7313	58.890811	51.440614	0.075387124	0.10619818
3821	3.4958831	0.63268189	2.6369367	8412.5958	77.674729	61.825091	-0.04022503	-0.13715454
3822	5.7804886	1.1745425	3.0922153	5088.032	151.8513	57.008914	0.14924506	0.094234895
3823	3.3641093	1.1648105	0.79993466	3893.1544	49.912426	44.21167	0.038166566	0.14335133
3824	4.1736598	0.30084599	0.19529228	3635.362	41.524905	26.194659	0.18907985	0.072071797
3825	4.8766621	-0.56435524	2.4322051	9507.9284	58.345395	43.412998	0.11559629	0.05756847
3826	0.27395699	-0.58187005	2.5951836	246.49233	1.3745314	1.354048	0.05682469	-0.0078405069
3827	6.2031375	-0.0062902628	0.29159947	1216.8914	33.583016	25.84234	0.09094407	0.17347619
3828	2.3036061	-0.59593452	2.8650277	7174.4941	54.013481	51.80297	0.14876607	0.0070881378
3829	2.7757536	0.16876191	0.95622642	3839.8119	58.357597	56.80005	0.084698207	0.064507251
3830	5.0242655	-0.44409928	0.38051731	2309.7664	59.457544	38.297338	-0.17019282	0.061540926
3831	1.63008	-0.50319731	2.0517208	461.69129	41.38539	1.5906218	0.12012184	-0.20441043
3832	0.20064213	-0.019930038	2.8396133	2542.4225	41.412426	12.294888	0.058462782	0.0083013739
3833	3.660163	-0.154575	1.1288879	3339.1466	32.908185	32.607172	0.14905055	0.059630381
3834	0.087306763	0.92911179	2.3395539	7680.8113	72.966786	59.034879	-0.10418917	-0.39855141
3835	1.3090633	0.44423551	2.7964577	2570.0324	49.325897	48.283785	0.012020882	-0.069446705
3836	0.72365806	-0.64150703	0.74612299	1062.4112	11.06436	10.488797	-0.23202527	-0.27592568
3837	6.180171	-1.232105	0.65117941	1565.3536	85.960282	42.279315	-0.34249081	0.047416305
3838	5.9495725	0.15383843	2.8716626	1518.7633	11.330921	2.8993402	0.024128005	0.037378396
3839	3.4825343	-0.34602282	2.0437131	1586.7391	13.184949	13.055521	0.17434442	-0.0099052553
3840	2.9458763	-0.22776329	2.227528	7436.2474	75.844334	71.596453	0.11740091	0.2915744
3841	1.1383608	-0.20357608	2.560112	1074.5674	14.013141	12.954637	-0.39144741	-0.042724514
3842	0.67375152	-0.49574256	2.7247054	494.21456	2.2303229	1.4507341	-0.018142446	0.070912249
3843	2.7836542	0.16163099	2.6307452	2383.7281	21.85877	13.479718	-0.13191568	0.064357741
3844	0.61344845	-0.53730687	0.78793178	412.01164	11.599724	9.706793	-0.0557773	0.15295968
3845	6.1623274	-0.48475113	1.9550223	3005.2024	48.068301	33.616783	-0.014267472	0.017282235
3846	1.8830374	-0.03802473	2.473125	931.59801	9.0070156	7.0322306	0.17543583	0.12208719
3847	0.14113795	0.26754423	1.929141	1082.9357	10.041359	2.7348053	0.090135787	-0.014104314
3848	5.7574519	0.14195682	0.62300352	939.31873	22.969211	19.018471	0.0039238215	0.13853974
3849	4.9140364	0.68089636	0.49000697	1995.3719	14.377586	12.141058	-0.14748712	-0.23825576
3850	4.8997777	1.0615156	2.447856	3075.1998	18.15871	14.828039	0.022268641	0.038544512
3851	3.6553981	0.20552777	2.7732683	4373.7039	45.430189	37.533239	0.022942925	0.0028414319
3852	2.6525145	0.20567022	1.0321763	213.4209	36.739733	23.12222	0.10469421	-0.18370006
3853	2.6093924	0.8889686	1.0911235	3857.4052	66.025393	51.420262	0.01501654	-0.13835637
3854	4.0356283	0.99080267	1.7593511	1449.7042	92.271397	29.315846	-0.010645611	-0.066023849
3855	2.2235881	-0.069172259	2.2613482	1190.6648	10.403179	9.2716903	-0.044244333	0.14190758
3856	3.7152584	0.58629607	2.770749	6244.8825	72.280093	65.702166	0.041640491	-0.41397394
3857	0.47250619	-0.80454225	2.6093081	7391.4331	85.521562	64.012544	0.17248875	-0.0085511793
3858	2.8015168	0.36142296	0.90557373	2056.9686	35.60982	22.463316	0.18907985	0.072071797
3859	4.6407572	-0.4980844	0.52256144	1495.0673	12.22226	10.754726	0.15898181	0.16979206
3860	0.94053692	0.44862241	0.59542849	461.30607	5.8574193	1.9601782	-0.091970031	-0.083997353
3861	0.81065064	0.75519841	2.7921412	426.22852	10.551117	8.7682227	-0.06560528	0.7120184
3862	4.7664188	0.037909894	2.0516362	2611.4367	55.954612	49.807456	-0.013561603	0.0032881467
3863	1.5277048	1.3900167	0.45650264	342.98479	12.185769	1.4664085	0.0037559981	0.098169203
3864	6.2379841	-1.0999909	2.3854945	2975.038	54.107767	33.73687	-0.12471996	0.29608733
3865	3.2273721	1.2926812	2.894672	474.12956	5.818006	1.9826574	-0.047859907	-0.005572797
3866	0.57158797	0.17077769	1.3701165	645.09803	11.462899	10.311697	-0.086265047	0.19213361
3867	2.5559373	0.17134726	0.75314618	553.88686	9.5006055	2.5651323	-0.019856187	0.042084473
3868	4.661556	0.56974168	0.64566741	1355.5584	11.159179	10.299313	0.10079509	0.039124669
3869	5.602657	-0.51596394	1.1058298	476.99162	2.075253	1.2699938	0.0011946087	0.01596218
3870	0.86775659	-0.36017692	0.65446227	981.22319	11.919349	9.6594764	-0.0014472825	0.46165935
3871	5.0782473	-0.34507525	0.79321765	2018.4131	13.135898	13.091704	-0.0076391309	-0.0072245333
3872	3.343158	0.44205646	0.48222509	4009.6173	84.015058	30.435924	-0.028155962	0.17790334
3873	0.47678939	0.63529978	2.2240838	2126.9788	11.510635	10.968301	-0.010175407	-0.075224931
3874	3.5214511	0.95363613	2.1775253	2145.4	26.744184	26.420722	-0.26495516	-0.068192961
3875	2.3548217	-0.10593784	1.3955158	1238.0379	39.891531	39.498822	-0.015478176	0.37260231
3876	4.8228248	0.37699004	1.1692622	1317.7974	12.129256	10.705684	-0.036311195	0.01109649
3877	0.93467816	0.10582096	1.9029845	1440.8455	38.729928	36.536151	-0.013197138	-0.23669773
3878	1.9979092	0.039906209	0.9289787	159.56516	2.3470971	1.334317	0.045297084	-0.092334076
3879	4.80965	-0.78214463	0.21896082	3690.7056	22.706959	13.365975	0.018448934	0.20411504
3880	5.8224752	1.3340548	2.7826723	4448.1701	63.938248	47.362073	-0.0026002574	0.00068303502
3881	0.5427609	0.53200667	0.13628501	1309.5856	2.2711438	1.6866738	0.011944411	0.031786515
3882	1.9718946	-0.88438018	2.6626824	669.76033	2.5885204	1.9133847	-0.0024934468	0.17876349
3883	4.4779202	-0.88486116	1.286568	1668.9703	49.183115	35.75773	-0.11691864	0.024971119
3884	4.3639185	0.063546158	0.61175091	2956.4539	48.400531	11.530824	0.0032509523	0.78897512
3885	2.7853434	-1.3194107	1.2990247	1213.6153	34.225006	27.071329	0.19652285	0.14198433
3886	4.1753556	0.11572929	0.68633859	954.34557	10.832866	10.731156	-0.040223717	0.03569573
3887	0.97501699	0.71049302	2.8053563	825.2672	44.144279	39.080926	0.30227993	0.29410907
3888	2.7432465	-0.022549464	0.83362684	2700.0555	64.470135	45.395043	-0.016903677	0.28223609
3889	4.4962813	0.4796487	0.99647564	2763.5947	35.809768	34.880898	0.12330347	-0.056527199
3890	4.7666032	0.45767271	1.6864315	705.42962	9.4416863	9.0380599	-0.052756457	0.0079837462
3891	1.2268039	0.59268041	1.1270269	7555.0164	82.058425	70.025104	-0.087048383	0.039462015
3892	1.181269	-1.4830988	2.989352	4539.244	22.328674	18.624725	0.029873169	-0.0020622504
3893	0.095079293	-0.35429045	0.5639443	2753.3468	13.010166	12.17611	0.24170989	-0.056712129
3894	2.0581477	-1.0919827	0.49185219	2747.5003	14.654867	12.422166	-0.040754515	-0.026211039
3895	6.143272	-0.15967238	2.7569982	2806.5767	34.058874	28.548505	0.035396693	0.10598381
3896	0.37457537	-0.72777152	0.58264299	1578.7399	10.866883	10.170521	0.022083734	0.083373269
3897	5.2576699	1.4085946	0.73698094	216.66329	5.351418	1.2725082	0.028646867	0.080338235
3898	1.7934582	-0.087751624	2.7696372	501.3209	1.420057	1.3201105	0.029259162	0.20095814
3899	3.7414964	0.53952771	2.1833836	1088.098	14.536307	11.518783	0.0065520844	0.1318236
3900	3.5018677	0.7655386	0.26752745	2716.371	46.014495	35.88265	0.16933405	0.30218312
3901	5.1885061	0.50637363	2.6432101	13230.323	157.63425	55.387945	0.024396844	-0.16076009
3902	1.6524265	0.59566415	2.4825291	2596.4749	15.391896	12.718964	0.010198326	-0.025091719
3903	1.3628046	-0.51767295	1.214256	1524.7769	43.561287	29.313474	-0.041007021	0.011476576
3904	3.8097844	-1.1136727	2.7361947	504.68065	1.9643928	1.6563036	0.046478858	0.015936597
3905	1.4450194	-0.27283292	0.6046622	1847.9536	12.583379	12.087258	0.23235303	-0.24621178
3906	0.01520886	-0.10584181	1.9766872	2293.9941	36.252572	27.169814	-0.077611933	-0.14568589
3907	2.4623531	0.31609676	2.9185268	444.95482	9.6288759	9.0653921	0.10174537	0.024518242
3908	6.0776813	-1.1166768	0.3606336	1521.6856	11.730306	1.8259682	-0.1137528	-0.015639568
3909	1.5759355	-0.77713748	0.74913211	8560.2369	68.522461	40.826908	-0.061746621	-0.22698054
3910	4.0923709	-0.273274	3.0259173	3048.8286	29.216217	22.814487	0.023373926	0.14783457
3911	4.7611753	-0.027285101	2.2364883	2295.4908	47.357211	47.002644	0.16519809	0.012156198
3912	0.57401506	-0.33619151	2.5304045	3240.5583	74.872849	42.775868	0.083160228	-0.010396632
3913	5.9598517	1.0573526	2.1117717	511.31051	11.361545	2.5544272	0.17578608	-0.053912579
3914	0.54631993	1.347793	2.5388679	2724.5279	57.675486	36.158594	0.21845925	0.0019239174
3915	5.0105261	0.25071794	2.5925041	1397.0901	11.135465	10.612529	-0.02613205	-0.042988383
3916	2.8587312	0.0088052749	2.4938955	2930.1907	36.393959	27.098006	-0.09161631	0.18733897
3917	2.999878	0.0091050931	2.7608069	3036.2132	14.18031	12.831249	0.10135535	-0.060252857
3918	1.6051483	-0.85668797	2.8247429	1028.7912	11.312597	9.0789665	-0.011662872	0.04392192
3919	0.60857351	0.47145878	0.47660479	3854.3561	49.937164	21.406278	0.01924832	-0.14791861
3920	3.7995438	-1.289152	2.9221845	219.96224	1.3430999	1.2096736	0.27966327	-0.080100598
3921	3.6307006	0.54146055	3.0177142	9862.681	93.44663	90.492234	0.17844306	0.26432575
3922	3.2754343	-0.98980501	0.85791438	2061.2742	13.781103	13.391243	0.018088635	0.0053824076
3923	1.9130244	-1.3685389	0.31845971	5900.4559	53.202214	25.681638	0.21616536	0.012131927
3924	5.0494219	-1.0411902	0.74341657	5820.0985	69.083849	37.504761	0.13976978	-0.020312855
3925	1.4838606	-1.1188927	1.0142604	658.29969	12.399525	10.166843	-0.0038451601	-0.037894824
3926	5.3342278	-0.52278365	2.6155142	1656.3233	11.731531	10.219929	-0.095528979	-0.015166923
3927	1.287621	-0.67387954	0.38468513	2154.952	31.245747	12.805025	0.035222635	0.16994838
3928	0.61406805	-0.77346716	0.92910047	1371.8585	10.285768	9.7238328	0.20711423	0.22303292
3929	2.2413218	0.45121867	0.43913766	3586.6852	38.739642	28.980822	0.54480075	0.0021317217
3930	3.9049811	0.009335505	2.3787154	6466.0368	63.564611	55.441111	0.0015749519	0.025519441
3931	0.58796142	-0.97749815	0.65122049	1185.175	29.018763	28.830142	0.0017458755	0.0050242579
3932	2.9260044	-0.65927276	0.33168885	942.7314	35.177587	25.379188	0.0015310286	0.23501148
3933	1.5858271	-0.30753541	1.805085	4246.0506	64.170076	54.068039	-0.024938574	0.05224427
3934	5.9808669	-0.031545342	2.9205328	2482.2188	13.727476	12.798733	0.035254801	-0.1001351
3935	4.8754026	-0.81757878	2.4305805	1095.2215	17.236327	1.7370466	-0.043824015	0.013422395
3936	2.2977504	1.3370008	2.4588416	667.41129	15.654689	1.7670466	-0.027053527	-0.0056410281
3937	0.77086627	-0.42354997	2.516516	8850.5882	92.743345	84.647422	0.28021517	-0.033352155
3938	0.24258036	-0.84515971	2.7830783	918.26364	11.034073	10.260092	-0.014114295	0.14207049
3939	1.0603209	0.13717532	2.3432089	4916.776	49.61389	27.160972	0.12807342	0.1212513
3940	3.002346	-0.23593374	0.79089464	2100.516	31.655463	30.816221	-0.18126268	0.34334912
3941	0.10990379	1.1416069	0.73732549	343.72811	1.5701437	1.4067338	0.11732273	-0.01678321
3942	4.3438604	-0.24506585	0.73450455	472.57969	8.4775897	4.4167735	0.049329976	-0.19778413
3943	0.1931146	-0.49943502	1.0274999	4467.3265	56.712751	55.516914	-0.39900055	-0.1098845
3944	1.153113	0.33812269	2.1140035	1013.1557	10.844897	10.014231	0.046858382	-0.06237268
3945	3.3195202	1.4706633	0.28145943	2033.519	14.935311	11.33196	0.054865957	0.055098565
3946	1.6945796	-0.59729059	2.8093375	933.84663	9.7342752	9.5707995	0.070983871	0.18999132
3947	4.3802725	-0.18948659	0.26204833	5858.2928	73.256564	49.962042	0.34958745	0.17970363
3948	5.4766761	-0.87780626	0.77068299	9396.5875	83.00075	63.207418	0.020302138	-0.049363423
3949	5.317895	0.94465447	2.6893338	5864.8011	60.744674	58.703142	0.023138402	-0.074730889
3950	5.479924	0.38570664	1.5178877	899.52131	15.438552	9.6629767	-0.0090020603	-0.079553116
3951	4.9683082	-0.0066406543	2.4280308	2934.1846	12.896288	11.61502	0.050575248	-0.04666809
3952	1.8258333	0.38206026	1.9129444	575.89901	18.428098	8.6321501	0.23854148	-0.2087589
3953	5.4625148	-1.0633798	2.5673893	6567.3185	64.787297	49.964475	0.016221739	0.11905553
3954	4.6386165	-1.300527	2.2479158	1863.5233	43.385455	42.17569	0.033171355	0.046700155
3955	2.0730858	-0.82010607	0.71610218	971.39952	13.105563	3.0564354	-0.29616471	0.15087928
3956	3.4615199	-0.86338551	2.6606239	3145.5218	16.333284	15.076301	-0.14291163	-0.18313866
3957	4.4368513	-0.16871132	0.35332698	1840.773	12.381591	11.107335	0.072695855	-0.046561786
3958	0.38691087	0.15631279	2.0615985	4394.8454	46.894781	40.773176	-0.23095674	0.039885507
3959	0.55872102	-1.5113892	2.6631505	2065.7115	12.447214	12.111285	0.0095983233	0.025183303
3960	1.4558186	0.75165483	0.40031769	4656.7524	39.527711	29.936097	-0.13853247	0.044127556
3961	0.10094945	0.49620723	0.75759051	1157.3262	27.29056	19.691919	0.11777895	0.083464555
3962	4.8554075	0.54629632	2.0374724	2548.8451	52.803597	50.854589	0.12902224	0.44126819
3963	5.4157247	0.2565629	0.25818943	664.01476	3.4739751	2.8285063	0.011397591	0.024509401
3964	3.2691004	1.2333418	2.8918981	1129.8205	12.411219	11.573189	-0.064464603	0.12710042
3965	5.954763	-0.43953947	2.8228954	2854.2651	32.383928	20.761212	-0.0070167037	-0.022938517
3966	5.6898783	0.39756942	1.9017483	1049.1579	36.398711	35.04452	-0.0041347466	0.056272792
3967	1.0286451	-0.90316814	0.5710328	3889.7955	120.22133	113.58972	0.089775146	0.07629148
3968	0.64492872	-0.093502947	2.2617985	1593.5574	45.329301	37.193395	0.015138458	0.032735375
3969	4.5805237	-0.99227633	1.1437856	1506.1095	13.361464	11.355497	0.32377885	0.054780573
3970	4.7063363	-0.56891276	1.8672078	1112.5214	105.67047	36.677832	0.30186497	0.0021054757
3971	4.3736796	0.30508271	1.3958027	4074.9653	111.62168	100.66985	-0.058538729	0.007589183
3972	5.0500069	1.2877255	0.30619193	3301.3865	13.781728	12.385963	0.51362408	0.077543513
3973	2.1727231	0.060303405	0.89231131	2647.0089	30.032048	27.928064	0.18753496	0.047462457
3974	2.2631096	0.15261856	1.0766799	1548.7746	13.621074	10.599916	0.034253129	0.17534519
3975	2.7562161	-0.69019555	0.42932839	5700.8738	41.725412	19.224011	0.042959937	0.059125862
3976	2.2931873	-0.20856894	1.6293228	2127.9812	54.222439	49.33098	-0.04610923	0.097370368
3977	5.5642605	-0.70477258	2.4179599	385.18353	10.175117	3.3081899	0.032006507	0.11304109
3978	0.23958565	0.51652235	2.1826246	4651.0226	58.023279	35.639474	0.21400023	0.01377168
3979	4.2221764	-0.77999801	1.4763741	3464.1947	42.33136	32.899999	0.11048794	0.41635562
3980	3.6694747	0.29432305	0.56453289	2365.6996	12.005486	10.886704	-0.22638087	0.11123926
3981	2.0854264	-0.37176646	2.3446829	2867.9082	29.632482	21.591107	0.010013316	0.1252844
3982	6.0240989	-0.21192773	2.4202398	2829.9288	39.409332	30.15981	0.094579641	0.53703855
3983	1.6480902	-0.17868519	0.83994792	5295.5667	46.259482	35.640945	0.025655158	-0.10629509
3984	0.17001217	0.48201198	0.99454082	6383.8103	108.80872	60.078962	0.62263052	0.22396463
3985	3.8786954	0.59203354	2.6539605	1757.4943	13.292539	8.6450289	0.022995674	0.057512408
3986	0.72411795	0.79372955	0.48097668	4436.1602	48.016066	46.303435	0.43999363	0.36047464
3987	2.5666648	1.2745757	2.4647683	2652.6792	98.290906	55.278796	-0.66656632	0.031139828
3988	3.9943235	-0.43018065	0.35230793	2963.8652	39.029536	20.624715	-0.061233171	-0.16330762
3989	5.9890078	0.14419283	1.8762762	1976.784	53.981216	34.981083	0.070178691	0.0047560312
3990	0.50239177	1.30605	1.4687288	542.19404	5.0202324	2.6129782	-0.15461778	0.11578254
3991	2.2501526	0.22678866	0.31004142	4018.8084	77.26663	40.21095	-0.1534907	-0.051370585
3992	3.3475908	0.32236777	1.6911806	1632.6803	73.229304	26.036328	-0.022441422	0.18031616
3993	5.1230274	0.67456702	0.30727089	1672.4106	37.778424	34.167363	0.045148514	0.098018958
3994	5.2823889	-0.91401232	1.5549809	1246.1658	32.773771	27.437579	0.010109435	-0.079553282
3995	2.2964494	1.0513008	2.5813652	9578.9177	91.360427	84.419864	-0.035991795	-0.02880085
3996	0.0020445835	1.1781678	2.5709531	2240.4306	31.752516	31.637937	0.11655317	-0.2214485
3997	0.79555739	-0.67086128	0.98139193	722.42841	16.333644	13.895635	-0.023809407	0.21735617
3998	1.0615417	1.1584155	0.68447252	988.12472	12.422714	2.7631041	0.030969742	0.015409532
3999	1.563286	0.12178092	0.47909561	271.06047	26.153781	2.0096491	-0.046374463	-0.059076815
4000	1.8681106	0.36119911	2.1515419	739.49895	45.012991	3.2755709	-0.059650746	-0.027677415
4001	5.8615744	0.58101308	1.7750569	3732.8127	31.07346	18.965194	0.083779298	-0.16426401
4002	4.4167076	0.87059902	2.0158962	1271.6488	39.949651	24.256197	0.15295418	-0.020172642
4003	4.7373656	-1.4119125	2.7328962	815.33694	2.8291044	2.3926461	-0.10900864	-0.0017564372
4004	5.4894483	-1.2078617	0.62918081	1175.1851	44.00411	33.493776	0.28762501	0.033580872
4005	1.1739652	1.2980038	2.305551	3332.7292	46.367939	28.098462	-0.052065867	0.3288991
4006	4.338345	0.34651952	0.9500128	2548.9159	15.86054	14.465275	-0.0082900659	0.087850496
4007	4.1251169	-0.4172167	0.78411965	3554.4831	27.30048	15.210083	0.52237916	0.50318886
4008	4.7666491	-0.4415764	2.8721813	1363.4806	28.110052	1.6738038	0.066821505	0.059135251
4009	3.1768734	-0.50000824	1.9579978	975.92045	46.436914	28.686877	0.19160519	-0.02158549
4010	1.7422576	-1.1249608	0.97171963	1297.8962	17.948144	16.79708	-0.054598494	-0.27626625
4011	0.19602281	0.53504955	2.6899584	468.82329	22.078941	11.538605	0.0072627517	-0.010558805
4012	0.095591683	-0.60917904	1.8869614	612.68031	11.58756	10.050199	0.05506759	-0.00013018228
4013	5.7419736	-0.83781697	2.9566515	2543.0698	12.631813	12.478853	0.077822376	0.09468022
4014	4.4090261	-0.62375344	1.4508816	1201.6025	35.464271	33.280689	0.14185013	0.080580645
4015	1.6449736	0.30322026	0.61080017	2272.5315	46.929291	41.681188	-0.0084463102	-0.40819366
4016	1.0832252	-0.73208202	0.75775302	17272.611	106.8942	86.190777	0.3628508	0.022576893
4017	0.95834552	0.7268346	2.6836827	3335.5184	16.871746	16.351438	0.10498605	0.23474878
4018	1.6847985	-0.88018509	2.4494144	1799.862	58.195889	31.842901	-0.04159121	0.13278212
4019	0.64185696	0.81303405	0.65550415	926.01472	10.375772	1.8182735	-0.12487458	0.024770384
4020	5.4046164	0.98044496	2.6338744	2560.0674	31.943163	18.316799	0.35927475	0.076397552
4021	1.9893968	-0.79529232	2.1861356	1164.5692	46.522573	32.947215	-0.16895341	0.12574434
4022	0.10252753	-0.20151704	2.9708923	1552.1988	13.366687	12.258143	-0.020493441	0.058291301
4023	5.187835	0.015748031	0.52795792	2066.9318	19.531475	11.217935	-0.20173575	0.0088275096
4024	6.1103877	-0.80275605	0.72338534	7422.7027	70.952004	56.443946	0.35952891	-0.25027305
4025	4.1954357	-0.59598893	2.1950848	1651.7406	48.469604	32.153337	-0.016745649	0.0011243823
4026	4.7004367	-1.0241975	0.58189923	8370.6026	76.830561	61.64691	0.089641735	-0.0065941367
4027	1.3232931	0.088669586	2.2100431	7904.8532	69.153315	69.096854	0.24626925	0.42412239
4028	6.001564	-0.042375584	2.9170948	1734.6479	14.275283	11.504258	0.11625494	0.03085398
4029	4.9098644	-0.26252703	2.0599693	721.2344	14.516399	11.349448	0.3688324	0.06066678
4030	0.054704209	0.42634137	1.0317965	988.9919	11.204498	11.090067	0.00076033652	-8.8356268e-05
4031	3.0636651	-0.095645628	2.3796262	1640.6306	32.689949	20.702025	0.22633312	-0.26182066
4032	3.3213672	-1.1436614	2.2863052	9317.797	140.0429	92.87818	0.019199804	0.045022926
4033	5.748648	0.64799543	0.88707148	5055.147	50.764035	32.176293	-0.054363621	-0.16287836
4034	1.7008187	-1.1163718	0.52597796	3083.1613	15.310521	13.19785	0.062134017	0.021291334
4035	4.5725301	0.90998834	0.4133158	2313.4038	13.817285	13.63496	-0.039792778	0.030567886
4036	1.3752705	0.21858745	2.3319999	1475.9137	42.142614	38.771471	0.070740908	0.0081545757
4037	2.2475474	-1.2771753	1.2853262	3087.4298	88.892696	70.3567	-0.032950455	-0.002286759
4038	5.9026442	-0.74124576	0.75864398	4258.8585	48.466604	33.81024	-0.018183778	-0.28150868
4039	5.463687	0.93739731	2.2124824	3532.0731	56.450724	42.2717	0.28063403	0.094778797
4040	5.3642616	-0.077578398	0.97543256	5972.1006	84.101408	76.192295	0.0069943192	0.049698881
4041	4.7163859	1.4260641	2.7170919	5249.9594	63.391046	44.951614	0.08797872	-0.22056228
4042	1.3441799	-0.62457662	2.1026117	2287.1425	60.932297	37.567849	0.010903879	-0.035839216
4043	1.4496767	0.39321666	2.5765447	3130.5583	61.695943	46.241661	-0.11062046	-0.080083164
4044	1.85622	-0.44709942	1.9721544	768.86541	33.571411	32.218266	0.06140528	0.28176489
4045	4.3179111	0.66724734	2.8653901	6321.4615	72.859984	65.529152	0.042671941	0.42874212
4046	2.6107088	0.34136205	1.4363267	218.94927	1.8813916	1.6398398	0.15053795	-0.011455654
4047	3.6614016	1.3307234	1.8139128	517.28249	41.590204	38.711842	0.0018800149	-0.017053646
4048	3.1024508	0.91333967	2.3089315	1069.3389	12.421829	10.82349	-0.20708026	-0.13303795
4049	2.0336379	0.46787795	2.3122231	713.5488	11.998351	2.8639826	-0.0084165633	0.1859817
4050	3.4826184	1.282876	0.71420695	3941.2963	58.916001	34.612197	0.097366686	0.200613
4051	5.1665928	1.0812983	2.3071369	475.91252	3.4612855	2.3656227	0.016167741	0.053119246
4052	5.0381776	1.0827726	0.27192079	6124.8271	61.237842	54.070644	-0.0032519605	0.15625158
4053	3.7197726	-0.33705295	0.6259311	2932.7018	45.896994	27.099528	0.0035256528	0.063723138
4054	0.24925158	-0.02078659	2.7276462	7089.3954	55.415586	51.772718	0.010904789	-0.025956448
4055	2.163952	0.8498581	0.475648	2326.0335	14.740016	13.348891	0.0086776436	-0.091551234
4056	5.6244034	-0.27675905	1.9414884	1985.5653	40.357465	33.386836	0.073442771	-0.00075143409
4057	1.4509996	-0.21498298	2.6453079	5221.4707	52.89593	41.651573	-0.050843237	-0.092395393
4058	5.1583731	1.0652014	2.4116581	2661.6777	14.226272	13.013999	0.084790313	-0.071097381
4059	4.8958855	0.53512608	2.3456211	2719.4752	60.592371	51.712024	0.0083514403	0.28368152
4060	2.7936857	-0.15287883	0.12312899	8666.2274	74.557415	64.294266	-0.083849708	0.09935219
4061	5.7347661	-0.039776787	0.66999283	6980.6959	70.557549	62.961518	0.14959507	0.067582773
4062	1.8772596	-0.8281625	1.7615638	3050.1716	96.387862	46.702411	0.22870628	0.18012366
4063	0.11484678	0.7855258	0.72130616	5568.5026	157.23698	68.141049	0.15618835	0.11897426
4064	6.2209174	-1.1383124	0.78758162	3675.5564	49.846133	38.158432	0.12445729	0.26578447
4065	5.4974578	-0.25248436	2.4258736	2515.468	35.420026	31.54715	0.034436403	0.37222932
4066	6.0414571	0.13854381	2.8743555	6859.1875	70.771642	64.35151	-0.046299722	0.05493377
4067	3.7897185	-0.21821163	0.38580575	4819.1342	59.447762	43.620547	0.013384557	0.27741308
4068	1.3502844	-0.80132146	2.1717197	5217.2341	58.413325	46.777191	-0.020186033	0.07703654
4069	4.2206562	0.86780244	1.0961632	568.69595	9.9464042	8.7524651	-0.010527942	-0.053448121
4070	2.1928904	-1.090042	0.25049942	25103.704	164.84521	129.96035	0.046572699	0.33771434
4071	4.0317893	-1.301337	3.1040871	3183.81	39.1377	33.26982	-0.25780521	-0.10325886
4072	1.0956896	0.81813115	1.7791265	555.21154	8.9887953	2.0214829	0.023211682	-0.090095804
4073	6.2673156	-0.59449899	1.4136772	764.87947	9.9057983	9.0210883	0.13448756	0.074578666
4074	4.9583854	-1.3439492	1.0505938	1777.2575	42.881294	34.381597	0.14023919	0.016371505
4075	1.4244787	-0.53131469	0.68653097	1173.7553	12.377423	11.519289	0.082571403	-0.063069123
4076	5.4859743	-0.0077896166	2.7156795	1066.9852	32.589298	3.9276578	-0.10936525	0.28411392
4077	4.1272182	-1.0784028	1.0519882	547.48967	9.5363193	1.4141561	-0.089628269	-0.0032114181
4078	5.9834201	-0.73282105	2.0312004	240.32973	1.5957803	1.4384089	0.038196603	0.02216738
4079	3.2472162	0.52116802	2.7008006	745.02735	9.3941397	2.2020574	-0.50517319	-0.06197647
4080	3.7720074	1.0306887	0.34631458	1362.9327	12.976775	11.593602	0.016292994	0.089611353
4081	1.7447695	0.02851888	2.2214972	11854.346	254.11496	253.33602	0.36604909	0.093882468
4082	1.2298667	0.98178057	2.756631	7796.6573	71.817123	64.308485	-0.028128337	0.01846397
4083	4.86001	1.3503493	2.287532	1227.1344	10.168913	9.5091469	0.4862808	0.18322694
4084	0.78314001	-0.12904414	0.8591182	3663.2151	82.856866	57.652376	0.22279439	0.36031764
4085	2.6442657	-0.84235831	2.5690506	6314.596	65.653266	56.157596	-0.05493378	-0.095105934
4086	3.0749243	-0.738625	1.5234151	5368.4671	49.120189	41.755324	0.15519071	0.2202388
4087	3.8454935	-0.51097177	2.9224631	5641.6941	64.895003	53.007023	0.19117051	0.33147494
4088	2.6591767	-0.59631225	0.46276641	1772.0136	11.529755	10.244461	0.05589911	0.048175308
4089	2.1181125	-0.47621237	1.2059628	1848.6051	22.601335	21.599344	-0.029900598	-0.028427201
4090	0.83978204	0.21676408	1.1682025	725.1615	16.882196	8.5913915	0.085233365	0.37597548
4091	2.6293049	-0.35750727	2.1937206	2980.7384	44.977222	20.377717	0.0032959746	0.030506919
4092	3.3601802	0.74540223	0.11139009	2155.4986	57.583618	46.234013	0.22183108	0.012100508
4093	2.1290177	-0.45406915	0.31918547	705.05627	10.449636	1.8801335	-0.036914418	-0.05315626
4094	4.4626733	0.2004428	2.0893972	2149.1649	39.515571	34.315089	0.077216741	0.24475943
4095	5.9723098	0.15956381	2.8699899	458.88994	9.298991	1.6565383	0.21927684	0.011400085
4096	0.044698159	-0.54793667	0.74258226	3565.2932	12.650895	11.423408	0.13355514	-0.044112677
4097	5.5793161	-0.51155623	2.8850658	1159.7591	15.012921	9.7857539	0.095807005	0.47330629
4098	2.4618489	-1.0379971	0.38571417	348.97685	2.0020298	1.8299872	0.085798956	0.11503548
4099	1.7374694	-0.1293316	1.1572473	1272.0946	29.615024	11.678169	0.14460394	-0.12374997
4100	4.9543952	-0.12131953	2.9906989	2272.1645	13.748686	12.030434	0.10861443	-0.14304002
4101	4.7347133	-1.0169478	0.43029147	7016.8321	70.030559	39.12212	0.061722993	0.46433833
4102	1.8143835	-0.4734691	2.1207033	506.64558	16.417011	8.9584929	-0.017417786	0.10506122
4103	0.2007846	-0.94876415	0.43718334	3167.2584	59.187356	40.220664	0.050023836	-0.24552239
4104	3.3595715	0.3050908	2.7595106	2648.9102	17.364106	13.550894	-0.25542894	0.19579647
4105	5.6499561	0.9125494	2.2203942	1316.6713	32.043002	14.016172	0.020444298	0.021148087
4106	4.4292003	0.24157442	0.83099588	1303.1687	12.185149	11.109081	0.047987925	-0.0018566306
4107	0.67878368	-0.44150996	2.8155429	1259.9676	10.772538	3.3951212	0.15272791	0.015071806
4108	0.25747594	0.36572934	0.76949017	1042.6567	66.045361	34.550393	-0.12474119	0.332895
4109	3.0719485	-0.68280627	1.0560566	3460.5471	44.456906	39.069475	-0.082816664	-0.18225166
4110	6.1445993	0.20910714	1.3050154	310.74041	54.167189	36.566332	0.69680281	0.38090975
4111	1.9204938	-0.81621032	0.92880515	1327.6932	11.098658	10.848252	-0.18362685	0.72841167
4112	2.6258015	-0.32241168	1.0920931	1607.2448	27.402115	10.452603	0.18298401	-0.040672897
4113	4.8042333	-0.79049618	2.7196187	530.62366	1.3709685	1.3451907	-0.1020282	-0.2002624
4114	3.7077668	0.095170872	2.115004	7826.4828	205.1558	170.34894	0.022756904	0.045839349
4115	0.81194858	-1.3507457	0.75746346	1236.6123	34.503274	14.702009	0.11843964	0.45508492
4116	4.2489525	0.45316269	0.66956167	4120.3331	70.707033	61.055799	-0.28463572	-0.1070321
4117	4.7870101	-1.3905902	2.6341042	6891.8458	52.681517	46.775828	0.22816581	0.1828255
4118	3.9520892	-1.0486098	2.9469334	3843.9696	43.255614	41.446602	-0.094954873	-0.09125837
4119	0.61099623	-0.9983507	0.77737358	8020.6008	84.06617	61.417302	-0.02699431	-0.55229402
4120	5.3938877	-0.83176074	1.7926355	2526.6735	44.518439	36.834496	0.094565798	0.26130226
4121	3.8045785	0.488024	1.0493793	3913.8485	52.557778	48.273917	0.073784931	0.35791076
4122	5.0125039	0.85894371	0.4296619	1461.8007	11.584407	11.34921	0.14159927	-0.0022061465
4123	1.4386002	0.44663902	2.2952142	1057.8232	16.493089	12.507135	-0.48674724	-0.089036794
4124	5.9294418	-0.57720636	2.2700107	2062.0825	12.777261	12.391948	-0.15391826	-0.11750107
4125	0.023880617	-1.3871151	2.1867286	2588.4611	43.460509	24.956471	0.20891967	-0.078327286
4126	0.23483458	0.77241612	2.5631681	1196.1383	37.66834	13.536106	-0.015660587	0.30663819
4127	0.37344432	0.4014215	0.81086456	497.33736	3.2703256	1.4211	-0.020821382	0.27214958
4128	3.7505296	0.70090655	0.30836638	358.14251	1.3232517	1.299089	0.045307698	0.11357838
4129	0.65846667	-0.70985791	1.7445852	1230.859	10.80256	10.164372	0.047762809	0.23898884
4130	4.348498	0.76450792	0.84984387	2948.0931	53.776542	44.495656	0.012686719	0.010451566
4131	4.8517898	0.27531663	2.3026459	602.82586	2.2613484	1.619328	0.093557796	-0.056606808
4132	3.5181755	-0.54077168	0.78059246	4154.5751	63.783555	57.748261	0.2367705	0.025142335
4133	1.3246246	-0.88320322	0.52693422	778.58665	10.395518	2.7997085	-0.090349589	0.057837592
4134	5.7906442	-0.029061714	2.4533985	456.52614	6.439447	1.6045324	0.021709763	-0.041237826
4135	1.2547244	0.41805441	0.88543697	258.54225	1.6990194	1.6227334	0.032210702	0.050594938
4136	2.1228964	0.90572234	0.31613325	2273.4903	14.312887	10.326442	0.044656921	0.020674433
4137	5.3397534	-1.082045	0.315231	7823.3844	159.60865	139.3158	0.064620622	0.043410745
4138	2.1834767	0.41929701	2.5468232	6269.7155	63.775808	57.44059	0.0043398427	0.21057356
4139	4.2659614	0.26794878	1.9998637	1423.8152	12.456422	11.96332	0.52307503	0.07791398
4140	4.158876	0.38193046	0.79588365	5035.424	50.824961	47.366915	0.061051975	0.024178305
4141	2.6197589	-0.34776447	2.552674	11648.243	89.063076	82.605061	0.022137952	0.095592326
4142	4.2993645	0.8103423	2.3416124	3255.9129	50.673703	48.118295	0.028305063	-0.21484332
4143	4.1063953	0.43450531	0.33377399	7391.4301	47.294143	34.799243	-0.14231337	0.18628957
4144	0.78878776	-0.10541107	1.7489239	917.27658	12.677612	10.095317	0.068917019	0.28839693
4145	2.8597379	-0.86154379	0.3412064	1290.9762	9.4869291	8.6053813	-0.074830239	0.027241847
4146	5.4260324	-0.076670222	1.1733087	875.9422	24.781056	2.9368512	-0.00033940648	-0.0056492299
4147	1.2348915	-1.2084553	0.61948728	4141.9713	107.90725	57.125727	0.43769645	0.23819288
4148	4.187304	0.070109697	0.82025932	1259.1674	29.87321	8.4220399	0.12207284	-0.070287423
4149	1.6690659	-0.28661328	0.75554307	2876.3343	13.743437	11.17007	-0.13277103	0.6119767
4150	5.0373305	0.67307714	0.80888102	1659.8961	44.918163	13.533793	-0.033039104	0.26112648
4151	5.8261956	1.0964428	1.1972557	559.46703	10.693371	10.175631	0.26694954	-0.037081473
4152	5.8022164	0.99671411	0.11739449	10948.681	79.074084	75.403152	-0.0089854959	-0.026358162
4153	0.44909692	-1.0263435	0.66796839	2154.6102	12.729217	11.423441	0.023186683	-0.012392798
4154	0.5773303	0.8544816	1.4527075	3415.4111	56.18174	48.332231	0.0064662522	0.30900678
4155	1.0301757	-0.63537404	0.90436069	2414.2959	45.366957	35.065817	0.0030774043	0.016996841
4156	4.026568	0.043007618	0.60045111	7764.8594	65.651849	50.258094	0.12445729	0.26578447
4157	1.6529017	1.3657686	1.990317	4107.1327	58.64784	41.05454	0.14502766	0.043271693
4158	4.92422	-0.45476094	1.1360545	2103.7407	22.814009	12.767946	0.019296126	0.14727131
4159	2.1116645	1.1704055	0.42665425	10152.08	95.266811	86.531682	0.12789099	0.065825229
4160	1.8080733	-0.29227976	2.2981768	876.57501	39.682853	29.030219	0.035913516	0.054515499
4161	1.849199	0.35964748	0.81189144	2394.0167	54.148986	27.823873	-0.00084614616	-0.023532391
4162	5.1005279	-0.092764312	0.7124165	2157.4312	12.666353	11.611255	-0.078329147	0.12662451
4163	3.3025971	1.0831086	0.40019296	2449.1288	49.009073	47.960771	0.22676607	0.027528839
4164	4.9164532	-0.39746491	1.6755915	1741.6847	10.939265	10.83227	-0.19512916	0.00028055397
4165	4.2434581	-0.085233859	1.1132601	871.30546	10.189065	8.4756152	0.16632571	-0.041320052
4166	2.2967708	-0.61112852	2.8367865	7214.842	82.282761	49.591995	-0.36865152	-0.062727426
4167	2.2963823	-0.46020926	2.6817199	5539.9986	49.585617	33.851215	0.19470483	0.06886781
4168	4.6966493	-1.2061549	0.97136587	884.83615	9.8436176	7.543472	0.032133762	-0.075101176
4169	6.1286882	-1.1998148	1.1522555	2663.6592	32.084268	31.21472	0.083405922	0.16808529
4170	2.6539663	1.1669383	0.80137111	1636.8635	40.485706	35.964221	0.030975464	0.0087669044
4171	1.4277729	1.1271108	2.2711475	1341.1062	18.17666	9.7444372	-0.14801843	0.34009179
4172	0.1818049	0.31510965	0.41388911	3597.4784	52.747035	43.550929	-0.17191517	-0.0042698928
4173	2.4632398	-0.85514511	1.8488797	4963.5928	54.11294	49.153243	0.6674622	0.078088719
4174	6.18627	0.49334932	2.2977828	318.62619	9.6975049	1.2303463	0.22909545	-0.10087073
4175	1.2950919	0.29068436	0.5732475	8138.6449	61.428186	58.895022	0.055248208	0.094869604
4176	2.0912117	1.0174336	0.49659652	9037.3383	109.4835	81.220174	0.00062445088	-0.06940933
4177	6.2348664	0.95176516	0.2511134	1817.5045	7.474236	5.0461707	0.075587992	0.054303631
4178	4.0737702	-0.60403745	2.5369989	2726.1793	38.924558	12.887097	-0.070787962	-0.011961912
4179	1.1488257	0.61274452	0.83611712	2167.4657	19.702556	12.030657	-0.0069345722	-0.0055144063
4180	2.6725666	0.1070173	2.2304868	1725.355	49.84537	37.896656	-0.001476626	-0.10721188
4181	5.478946	0.42349455	2.8843555	1488.3439	12.249284	1.57901	0.29519394	0.053153108
4182	2.5270942	-1.0712189	2.852461	2340.3739	12.296111	10.61789	0.026627419	0.086911147
4183	6.2684163	0.51760097	0.23254028	2576.748	16.957669	13.713515	0.018579519	0.029786326
4184	2.2091846	-0.020685928	0.48271998	6296.6208	149.62368	62.667196	-0.089418217	-0.033208644
4185	3.1875108	0.56356603	0.73097157	4841.4922	50.326981	48.623697	-0.25782406	0.053022997
4186	4.1517396	0.36986256	0.45090894	4455.5397	68.747844	57.116157	-0.06450041	-0.10192333
4187	0.33226582	1.2138381	0.54499801	1139.2628	8.1164484	6.3273367	0.14836579	0.28946211
4188	4.7232933	-0.0016376814	2.7882672	1295.0793	18.589292	12.034384	0.0033959679	0.075635232
4189	5.0946867	0.99499718	2.2789467	3582.968	37.476066	23.262075	0.025449344	-0.0028999873
4190	4.4968279	-0.42923635	2.1147732	763.60801	55.728168	41.557541	-0.021533827	0.12702436
4191	5.2145683	0.72936516	1.9164517	260.02694	3.3688125	3.3054638	-0.026090511	-0.0011525406
4192	5.4990094	-0.73421745	2.8705513	3701.0289	17.748092	15.510984	0.072953286	0.17441061
4193	2.4077571	0.21017483	0.41374533	2223.3332	14.502958	10.939871	-0.078473807	0.058064079
4194	3.6647421	0.59845318	1.8677139	1009.2966	15.935697	10.112601	-0.24868854	0.048306263
4195	0.41308339	0.27840213	0.55672377	1307.3504	17.824416	17.804516	0.017954587	0.01289647
4196	4.2119404	0.56552799	0.21877151	1096.9289	10.340404	4.9117704	-0.034422454	0.13680976
4197	3.9014003	0.2458531	0.53026972	282.79802	1.3294806	1.314404	0.024607252	-0.0096939488
4198	5.3611609	-0.14459302	0.8654788	1259.768	79.687006	44.398737	0.20329921	0.15952124
4199	2.3562826	-0.96537918	2.1610077	2163.4311	15.698671	11.342979	0.15007212	0.22685259
4200	2.7469238	0.45443887	0.79488173	4923.3096	57.591621	53.808158	0.051228951	-0.18538905
4201	4.183847	0.53927272	2.525661	1295.7001	32.198835	31.576826	-0.0059980481	0.3757277
4202	0.63052029	-0.38476447	2.5831871	524.4876	16.570613	1.6329715	0.12598534	0.0012604831
4203	1.997003	-0.28936368	0.95560543	2952.0369	61.462424	47.099664	0.047781956	0.026774354
4204	5.0659187	0.37629035	0.38963185	1120.8383	12.497123	12.021432	-0.045812604	0.19963172
4205	5.1241587	-0.33187423	0.12382662	2118.2155	11.171477	10.873645	-0.10880515	-0.084539101
4206	2.4883634	-0.92751583	2.023826	1432.3312	43.596584	20.663575	0.068679605	-0.057094552
4207	5.1618074	0.60473125	0.92504554	430.96743	15.484806	7.944918	-0.002194547	-0.0028077452
4208	1.921815	0.046137121	1.9722586	1960.944	40.49755	17.083498	0.024259454	0.05761499
4209	0.66532857	0.083381028	0.68671479	3762.0163	53.386362	48.759229	0.15582633	0.1837302
4210	2.9787377	-1.3810616	0.83322181	5324.377	59.357278	43.623264	-0.17640381	-0.11177016
4211	3.2634811	0.18666961	2.4137027	4410.615	75.399594	59.876944	0.37552575	-0.25736915
4212	0.17571896	-0.89577193	2.0465604	2291.5408	25.744801	11.276617	0.55968809	0.0181499
4213	4.0625704	0.31888466	0.55043804	432.50731	2.4807268	1.8660223	0.16444459	-0.061224993
4214	1.3642903	0.98775299	0.18288865	2780.0543	14.727519	14.070574	-0.026324833	0.015390383
4215	4.4362395	-0.19996714	0.52510083	99.712639	1.3021268	1.2538401	0.10239067	0.17942519
4216	1.6495765	-0.98240209	0.8882623	4772.6341	70.379911	42.816216	0.0018109166	0.2953167
4217	1.2986139	0.15271202	1.0148396	4735.2064	130.28386	42.968171	0.029537299	0.12796437
4218	3.725484	-0.79112341	1.1094978	4225.5423	43.845097	42.752998	0.11140798	0.063075715
4219	0.16937416	-1.2636806	2.4500248	10415.116	213.53278	154.80582	0.034102432	0.040914696
4220	0.37490313	-1.2481028	2.3439163	3560.5144	52.654766	33.456006	0.081456298	0.31456272
4221	0.28101593	-0.21432022	0.45785793	1913.3416	51.928652	34.640607	0.062054686	0.026923678
4222	0.49702726	0.49976751	0.44141584	1176.8457	12.934776	10.095003	-0.024013447	-0.051102115
4223	0.68797732	0.28034722	1.777323	510.90682	33.120749	23.630792	-0.030105046	0.2180307
4224	4.742671	-1.3193248	0.52086761	5871.6904	48.130318	20.755357	0.097676769	-0.1393934
4225	6.2310145	-0.1183805	0.50736272	6131.441	87.613844	68.467384	-0.049056196	-0.026330059
4226	3.4631854	-0.83470301	1.8702586	846.01268	19.573425	3.444196	0.016875735	-0.04419195
4227	0.50035817	-1.2358795	0.21442002	1735.2708	12.62743	10.992771	0.0085681645	0.072684258
4228	5.7038048	0.22392875	1.1979538	909.15446	14.993172	11.236104	0.026395412	-0.034249506
4229	3.1067796	1.4497811	1.3551546	44.686776	2.249355	1.2120011	0.016146357	0.024736293
4230	3.9632907	-0.56306782	2.3245627	8392.0954	72.897039	70.976501	-0.02012289	0.16819413
4231	5.1383264	-0.72867986	0.15604793	5841.2867	30.153365	17.824109	0.19153449	-0.0022482939
4232	4.5617515	0.56289593	2.1472338	668.53028	8.2244054	3.1763	0.10330413	0.19267348
4233	4.0682898	-0.20185106	2.3192381	1648.0693	12.91076	10.86896	-0.099620085	0.028554518
4234	1.8583604	-0.43882063	2.2771466	558.48629	35.04909	25.024535	0.30274549	0.082813294
4235	2.7578857	0.4392656	0.65197345	3053.3795	49.065802	30.683533	-0.0017387919	0.016808286
4236	5.1260508	0.55587943	2.2351736	401.11109	3.3076122	1.6530711	0.011541042	-0.092438242
4237	4.1273019	0.64291835	2.5451897	2885.4221	42.413977	40.511629	0.16571867	0.01792449
4238	4.3325458	-0.92938547	0.78903222	3037.215	36.360258	20.711193	-0.0098199509	0.019511221
4239	3.5488827	0.30285399	2.5050954	2521.2608	55.143179	29.618218	0.07582083	0.35508851
4240	2.6610235	-0.94599703	2.4999098	11398.339	80.990603	68.220425	0.39975422	0.0072754531
4241	2.9573194	0.54587827	0.59487178	382.27759	1.5882064	1.4371328	-0.028105951	0.01280445
4242	2.0580524	0.051490023	0.34606896	9437.533	68.017755	65.918938	0.074122646	-0.0046939973
4243	4.6065055	-0.69247506	2.6952814	7709.9107	53.535357	48.709941	-0.039315931	0.22181805
4244	2.5564383	-0.16105793	2.9466159	1584.8741	13.445259	13.086446	0.076272803	0.13516157
4245	4.930932	-0.24278807	0.79767016	804.63878	11.020362	9.7679664	-0.068334128	0.06392163
4246	3.257074	0.92321543	0.67128202	5021.3808	51.077036	36.653165	0.08774784	0.16882173
4247	2.1927325	-0.30251971	2.5981426	2363.3177	17.064861	12.514988	-0.15376744	0.19122363
4248	5.5794602	-0.14299361	1.1131192	495.70338	10.185416	1.6898468	0.11360139	0.0091864009
4249	3.9726741	-0.99936609	2.4614461	2442.4672	46.757767	44.755478	-0.11750856	0.010386409
4250	0.13313776	0.46488118	2.2001458	1214.5369	45.413187	40.372749	0.01100168	0.043006936
4251	1.5707272	-0.12308761	0.43347329	4757.724	58.480682	43.308055	0.32550626	0.054427531
4252	4.0017895	-0.66974567	0.10956028	2469.0081	14.053013	13.216873	0.40175116	-0.0040128681
4253	5.3221753	-0.39141773	0.53815014	1503.3907	13.899703	13.378485	-0.062935512	-0.093697346
4254	3.723579	-0.14614429	1.9314541	2923.2131	54.729215	53.012937	0.17851554	-0.12466627
4255	2.7493965	-0.88821157	1.0947797	6344.3475	74.452355	46.473714	0.089163555	0.11088844
4256	1.1305301	-0.19711236	0.87036905	696.77194	10.349977	9.3987106	0.17766838	0.012803055
4257	4.1845611	1.1140929	0.24202814	6978.8393	68.526637	52.362843	-0.0094502932	-0.30465181
4258	5.22296	-0.24928768	0.2371225	1512.9585	14.133586	11.108239	0.014732899	-0.019730441
4259	1.7729095	-0.5456213	0.31108477	7539.3668	65.120709	58.916573	0.011473335	0.088203842
4260	6.2601547	0.39659978	2.9124957	3702.1176	27.100427	16.519096	-0.010682792	-0.13977114
4261	3.0498791	0.96509467	2.1463664	695.84655	10.02207	1.3229948	0.21800746	0.088762208
4262	6.1716289	1.1469521	0.58800805	2661.0604	57.811755	51.562786	-0.0034641013	0.23116206
4263	0.45616448	0.12541505	2.7464829	1338.5334	46.944584	15.489983	0.0037910576	-0.021216293
4264	6.2702903	-0.013240791	0.82196858	3006.1935	49.816958	34.470428	0.02827633	0.011164706
4265	1.6964548	-1.064598	2.0108934	483.97146	8.2268841	8.2161963	0.05706036	0.010240363
4266	2.0653381	-0.58684042	2.606369	3246.4001	82.886143	44.483351	-0.044248811	-0.054501439
4267	0.27535881	0.6885697	1.018445	8579.161	69.127963	63.499366	0.19298986	0.07587451
4268	0.89969087	-0.81726305	1.4439824	426.33783	9.6021257	8.4547375	0.013262713	0.095489116
4269	2.2028454	-0.24201711	0.73976648	1041.5974	10.891244	7.4424375	0.032272714	-0.0033490187
4270	1.7253383	-0.54891631	0.52706704	4991.2943	56.035986	48.894325	-0.27562933	-0.1452886
4271	3.0389839	0.0083053036	0.089442915	2145.1827	15.634781	12.479046	0.033028631	-0.12190029
4272	1.9018191	0.825795	1.1576462	1674.4558	43.679907	10.477452	0.030029783	0.10439102
4273	4.5268939	-0.7912064	2.7041956	10653.062	120.09412	70.443395	0.014158141	0.27304062
4274	3.9812598	0.73701536	0.25124978	534.37286	8.9052878	7.1777898	-0.042207741	0.035834479
4275	5.7180145	-0.69324714	1.1556091	162.36787	1.8928175	1.6872953	-0.075618655	-0.054061389
4276	0.13362094	-0.10487015	1.1347209	4593.9812	60.831918	32.30325	0.092273483	4.2532367e-05
4277	6.0072199	-0.16459958	2.1157312	742.01337	11.614309	9.5059524	-0.019419512	-0.13665482
4278	0.33938407	0.74514478	2.7769667	294.38831	1.5164117	1.3099923	-0.034219309	0.075561879
4279	0.41196277	0.52664911	0.77864356	2746.8953	38.406403	31.149731	-0.29858915	-0.18499375
4280	0.2409873	0.58289928	0.40717585	8526.9035	81.888747	73.217788	0.0031715761	0.31372894
4281	6.0848768	-1.4898905	2.6133853	2193.7897	13.319941	11.877808	0.39080556	0.10227853
4282	1.3966033	-0.66789093	2.9890953	629.2531	2.7161	1.4748254	-0.24532848	0.02918162
4283	3.869129	0.79289282	1.2989574	523.2	10.902667	9.7480941	-0.080549	-0.15975245
4284	0.088284725	0.42239845	2.5130333	894.47132	10.750589	3.5621375	0.28635199	-0.077271115
4285	1.0462183	0.4210849	2.7622991	4574.2126	63.060585	56.798401	-0.10230049	0.042040779
4286	1.498649	-1.011277	1.2286958	2236.8112	31.706944	25.931399	-0.021461594	0.00017931799
4287	5.9076456	0.28029452	0.31909462	271.07012	10.716212	1.3296112	0.21319291	0.14207225
4288	5.9120696	-0.93574615	0.76467741	1127.5882	10.173719	9.6123688	-0.026177877	-0.014848719
4289	5.0046487	0.12506792	2.5725726	812.50331	10.536223	10.344691	0.13198825	0.011150553
4290	0.46811754	-0.69988243	2.4855822	5346.4639	62.756125	61.563656	-0.0085014655	-0.020808031
4291	0.62648542	0.92685563	2.908112	3590.2674	14.540386	13.233717	0.022413406	0.12876166
4292	4.8017647	-0.69142236	3.0807278	485.69045	10.708628	10.154109	0.0845395	0.076559983
4293	3.6360829	-0.39281937	2.4184856	1765.8348	50.607848	49.577695	0.14855881	0.42687069
4294	3.2712485	-0.45181527	2.712963	4545.9789	63.464629	56.160633	-0.11462909	-0.06717997
4295	1.1258226	-1.0284207	0.21772039	1701.4879	11.216999	9.9617805	-0.27777503	0.0012350267
4296	1.857617	0.40554006	0.27555269	914.08216	35.232952	27.242415	0.15070723	0.048045304
4297	3.1497866	0.83465439	1.8960155	471.38877	9.4276856	8.581321	-0.55690083	-0.076277789
4298	4.8958251	-0.84727643	0.72260668	7153.3101	71.939677	46.533725	0.19113998	-0.13200751
4299	5.8634326	0.43712603	2.4298625	3362.3488	15.761555	11.753018	0.14022868	0.092849412
4300	0.96419446	1.3362714	1.0976016	516.80185	29.912426	1.6533808	0.001085442	0.11428947
4301	3.4338209	0.8414769	1.2407428	980.12074	17.922475	12.060356	0.068278094	0.051698356
4302	1.2165064	1.2646526	0.59587567	990.38885	9.6844248	7.9061006	-0.36818818	0.017888864
4303	4.4165287	-0.01468004	1.6197819	527.90896	40.071735	33.002619	-0.0036556149	0.039305878
4304	1.9769415	-0.11573086	0.35643927	7197.151	67.533447	54.096605	0.13267702	0.046683351
4305	0.73547321	0.90059226	2.2179226	938.89937	4.6526179	2.0930464	-0.087124152	0.0077680733
4306	4.0944089	0.97730136	0.56763549	5215.781	68.260081	56.980352	-0.35700599	0.28893442
4307	5.2635004	-1.0034649	3.0053718	1977.9916	21.424617	14.299999	-0.19130076	0.10906188
4308	2.7442775	0.30502809	2.3738797	1110.9842	18.679055	17.383198	-0.0072960758	-0.16295125
4309	4.5549977	-1.523	0.37782702	6005.3307	49.078075	32.562789	-0.033479908	-0.4168543
4310	1.1077645	0.48428224	2.8726744	2905.9283	79.295393	56.568611	-0.27766769	-0.32073264
4311	1.4512448	-0.37608078	2.4353628	4843.8304	66.782287	56.469347	0.010895647	0.029220807
4312	5.1634423	-0.58164444	2.2636839	5023.5541	21.012317	19.152311	0.27007737	-0.023381419
4313	5.2128438	0.67374513	0.75288055	8941.989	144.21155	80.349494	0.20329921	0.15952124
4314	2.6467952	-1.0319293	0.43479072	1495.0593	33.875333	27.791937	0.1686643	0.059275443
4315	0.75828793	-0.66313217	2.1232382	3685.4469	47.146231	41.294929	-0.042685296	0.28157772
4316	1.1238698	-0.38130855	1.4769388	1216.4249	12.771895	9.9964525	0.12055561	-0.24508301
4317	2.3515721	-0.52742617	1.2039277	3549.6009	54.92122	33.45742	0.52226588	-0.061602197
4318	2.9239262	-0.64803145	0.58555379	3863.2896	57.736805	53.289148	0.20612425	0.22863225
4319	1.5451548	-0.039129396	2.46246	1467.9733	48.846441	30.947601	0.16598083	0.016801634
4320	6.1766873	0.16272006	2.216083	7319.3245	53.35503	49.583547	0.47177747	-0.0041184309
4321	1.368815	0.3449008	2.6853485	1259.582	12.369747	12.23671	-0.19357112	0.22564768
4322	3.1268431	1.257564	2.3538026	1463.6404	31.267113	28.341911	0.0090490726	0.017532968
4323	2.3555359	0.56859571	2.0985925	819.72265	10.500892	7.7839552	-0.12524757	0.087712588
4324	2.8128185	-0.14599258	2.6306034	3086.6694	50.706414	41.519089	0.01224498	0.029178785
4325	2.6711196	-1.0755272	2.2814029	7613.4402	50.594586	38.629095	0.73872013	0.58268664
4326	5.5590159	-1.0665301	2.927877	5118.5652	63.991219	50.320091	-0.26093987	-0.0059535767
4327	0.3304201	-0.64317846	0.34164327	9367.7778	80.325328	51.103382	0.059026038	0.00026710295
4328	3.9394708	0.50417791	0.60270687	1607.8208	46.969888	6.3917139	0.040254691	0.086118837
4329	0.2982628	-0.80532884	2.6268305	724.72973	51.566321	2.8832536	0.051858815	-0.014732864
4330	1.5229823	-0.61817472	2.6378497	939.44231	9.6966033	9.4025229	-0.057306374	0.13903971
4331	4.6076783	0.5800802	0.96128677	4882.2266	54.669415	53.049933	0.21377787	0.12214018
4332	2.2300139	-0.71943799	2.170551	2256.5551	44.09478	37.957442	-0.028921614	0.12627844
4333	2.9122443	-1.022929	0.81109672	1438.7477	11.745384	8.5829013	-0.18548986	0.21361759
4334	5.1717713	-0.84424476	0.68593169	3392.6863	14.574314	13.726429	0.05246967	0.015935222
4335	2.4190991	1.0828304	1.9288191	2261.4738	30.384208	29.985471	-0.094769968	0.050460927
4336	2.3234735	-1.2792179	1.7807512	641.05531	9.1815495	3.0188155	0.060388653	-0.038417312
4337	0.33236119	-0.16780067	1.2949626	555.30447	19.386494	12.743187	-0.37504829	-0.15852782
4338	4.8174374	-0.38177077	0.51429227	797.59365	3.0857125	2.145763	0.10055792	-0.005900527
4339	4.5340501	0.36879812	2.9883213	8294.1775	79.805329	45.385532	0.39259737	0.085809551
4340	2.5493194	0.65005973	2.3741321	1565.0926	11.448553	11.301101	-0.028156529	0.049532455
4341	5.4661115	-0.32342518	2.5599352	470.29785	9.2060773	6.1668614	0.12238125	0.027610384
4342	5.069755	-0.55865089	0.34491435	785.34819	3.2699886	2.6184297	-0.098310913	-0.0058257239
4343	2.0697469	-0.52242802	0.45799114	2308.5693	57.137892	25.793713	-0.2037428	-0.0082198397
4344	1.5445669	-1.4984199	0.83205328	2048.2568	35.986772	32.918183	0.0080894327	-0.0026813064
4345	1.858783	0.54369721	1.1545331	328.42724	1.6035321	1.4229829	0.18997401	0.0051588032
4346	4.9159598	-0.98956442	2.912768	3922.2884	52.019049	43.086399	-0.25263212	-0.44195443
4347	1.5607356	0.49641401	2.3853244	578.85643	28.762095	1.8936649	0.22793933	0.18393099
4348	3.1722394	1.459405	2.0563698	547.94886	10.188985	3.8027295	-0.12741443	0.011309014
4349	4.0988588	-1.3149	0.88560235	3100.6334	33.43047	24.055554	0.053155778	0.10230081
4350	2.8082373	1.1748682	2.1483826	867.25685	25.612693	16.560258	0.14208283	-0.31636144
4351	0.77359288	-0.054154377	1.1433097	3234.6427	46.899017	43.893977	0.073259793	-0.055066323
4352	1.358932	0.63254912	2.1878062	907.12082	63.283155	34.850627	5.9681247e-05	0.13678863
4353	5.7086037	-0.90578456	2.4552007	5927.9456	32.166324	23.383927	-0.056991877	-0.067550981
4354	2.8528729	-0.8306575	0.61715314	1904.1629	49.840329	39.520102	-0.029224087	-0.12296162
4355	4.0470818	0.62574439	0.82822645	2024.257	11.906403	7.9927763	0.3625561	0.10596914
4356	3.5127266	1.011462	2.5088734	317.36231	8.8812193	8.2260403	0.21410857	-0.40527215
4357	4.1376625	0.5866234	0.48528988	1509.6748	12.892229	1.9280426	0.050702583	0.088503898
4358	2.1402315	-0.92402871	1.598708	3960.436	50.454966	48.859162	-0.097944455	0.091056034
4359	4.959928	0.24258882	1.2631878	2069.7463	14.694655	10.162113	0.13005223	0.0056012603
4360	4.2663461	0.50730893	0.24391458	6596.5222	39.139123	37.639367	-0.04492138	0.10797997
4361	1.0287794	-1.007817	0.73871323	2767.3736	56.972221	29.993188	0.28855235	0.020767531
4362	2.4428674	-0.92195929	0.80380519	7737.6747	79.082249	70.133128	-0.089791064	0.010866431
4363	5.3141458	0.28447355	1.3227911	3041.6873	75.266577	49.967097	0.088273268	-0.016918601
4364	3.1047484	0.578226	0.38272154	1108.7507	12.71411	12.445385	-0.035105718	-0.010951648
4365	1.4232292	-0.98912912	1.2996627	73.853794	1.4694578	1.4135265	0.032659073	0.024279462
4366	3.3592741	-0.58533444	0.7686798	1344.38	15.25137	5.7749694	0.091823761	0.15869496
4367	2.7821227	-0.48241988	0.21096227	494.73659	9.8193715	1.3282789	0.10019369	0.11943048
4368	3.6853123	0.75792958	1.9952067	4654.335	82.818722	61.512686	-0.113682	0.068512733
4369	0.97758557	0.89414633	0.57796037	5141.2567	18.608454	15.864271	0.028859004	-0.052630715
4370	4.8233254	-0.67164658	2.4173922	6580.6162	58.038145	40.601122	0.0042192021	0.065994324
4371	0.16077071	1.0453417	2.3082767	5228.7046	72.647888	68.289719	0.03589898	0.11140357
4372	1.1731957	0.25207813	2.8629298	1552.9631	12.564941	11.432903	0.066234664	0.075931184
4373	4.0424382	-0.24670009	2.7344457	1178.4147	31.496202	27.549315	0.0072073396	0.22724052
4374	5.8233012	0.66723898	2.6006054	329.26855	2.2826076	1.4182635	-0.014101064	-0.017877662
4375	2.6645735	0.7100302	2.4263924	2791.9279	25.458669	13.498837	0.025511699	0.074505799
4376	5.539418	-0.3733231	2.4683265	1498.8447	25.096887	21.193334	0.14879313	0.28690724
4377	3.4657405	0.26264024	0.35948064	1904.1438	10.06254	8.7866813	0.019774956	0.13038469
4378	4.7464077	-0.87024633	2.654899	391.14566	1.6299933	1.3340435	0.014097301	-0.15817144
4379	3.5617267	-0.5133532	0.60590043	3762.3997	56.497638	35.057099	-0.0061335394	-0.0094310493
4380	0.92949045	0.93993491	2.791692	3861.5959	122.19058	42.302248	0.19138565	-0.17955514
4381	3.8832551	0.11777313	2.7550118	4077.4134	106.70368	42.964245	0.017287521	0.18921892
4382	1.3213302	0.5288105	2.6261632	185.59286	1.2973921	1.2675343	0.036933011	0.070301244
4383	2.2679808	-0.65074304	2.4968593	306.82594	26.782682	13.433482	0.33892582	-0.66118046
4384	1.3867324	-1.169946	2.7469643	706.95906	11.495594	10.820711	-0.049383545	0.031181419
4385	3.6853421	0.81822261	2.8596491	1599.1796	11.728804	10.716886	0.040479472	-0.088504728
4386	3.5108333	-0.18762344	2.4080669	267.43064	2.220899	1.5752259	0.17695543	0.013194611
4387	3.4595954	-0.85310271	2.5095073	555.52186	1.4935944	1.4451928	0.16550775	0.036168018
4388	1.3315666	-0.65029375	0.14042475	1309.7246	12.841897	11.461759	-0.0090557945	0.0015956107
4389	1.6901557	1.2007461	0.95158896	3190.9941	76.206564	59.672448	-0.012444195	0.070036624
4390	0.3003712	0.47808649	0.2459772	3348.7806	24.527924	17.067218	0.17249436	0.26694709
4391	4.0027323	0.44667263	0.48545622	285.73902	1.496902	1.3076322	-0.028261896	0.056089664
4392	3.3366667	0.83699416	2.8283488	3569.2659	59.170821	35.660172	0.41084867	0.099770644
4393	3.6482557	-0.49481642	2.3571695	3317.9974	15.750752	14.905163	0.2980509	0.018208515
4394	1.4009355	-0.26927929	3.0117623	4747.7461	83.791694	49.222882	0.13518225	0.031902237
4395	0.65728918	0.37047965	2.3880598	228.50226	1.897155	1.3103656	0.1021877	0.034319286
4396	6.2110003	0.37877089	0.84984948	144.58104	1.3171302	1.2850976	-0.037455674	0.045379469
4397	4.9601399	1.3054882	0.54108794	1302.7576	13.536745	8.8312701	-0.27816257	0.16436536
4398	1.1862671	0.47639298	2.8746522	293.35603	1.3406895	1.3360529	0.076655526	0.13665061
4399	5.0298178	0.031030264	2.1797778	569.84656	10.315777	9.4740452	-0.12849659	0.13008733
4400	0.22972982	-0.17758491	0.14125651	302.95608	7.3052484	1.3426371	0.11777041	0.051797298
4401	1.0560772	0.44766539	3.0167621	1046.6987	44.061975	11.961061	0.014834756	0.53600258
4402	0.3459134	0.86539984	0.75868267	1518.3217	32.185904	10.170957	0.016954711	-0.10078582
4403	4.4228741	-0.25465767	2.7235794	307.95542	1.6309605	1.4305692	0.35189757	0.17277034
4404	0.25780551	-0.11133453	2.6447731	3087.8712	49.270174	44.692795	0.21527341	0.021751729
4405	0.37693788	-0.1722325	0.51829878	3633.0629	50.430528	40.012911	0.061257636	0.0010830907
4406	0.097896489	-0.019932707	1.1194666	1076.8315	22.786982	20.372592	-0.13223358	0.034333971
4407	5.8214619	0.89403353	0.28745474	2228.9485	13.413233	12.948101	-0.052873483	-0.082835503
4408	2.4301625	0.56026005	2.5465479	1549.1541	12.289221	2.7945524	-0.067156042	0.030226734
4409	3.4214255	0.092998456	2.4706296	10164.884	85.446307	77.804956	-0.028287525	0.14407834
4410	2.7740452	0.88685044	2.3549594	9356.3691	173.00776	60.954086	0.15691923	-0.034718877
4411	5.5602326	-0.20794665	0.43064178	1389.2864	17.242552	4.4789475	-0.02729664	0.015337913
4412	3.8200415	-0.69558201	2.0149913	437.061	6.6033905	2.0575498	0.061113512	0.070123885
4413	1.3648707	0.70691507	0.64672409	822.98767	28.889904	1.7063859	-0.00072841098	-0.081051629
4414	5.1077793	-0.56249885	0.61080321	2508.0797	45.698947	42.865612	0.077665342	0.0047541454
4415	1.0151865	-0.7218057	3.0357484	108.48656	2.059097	1.6141338	-0.082702863	-0.081473109
4416	2.2435885	1.0912302	2.0566087	1935.0973	37.917037	35.063371	0.074801611	0.014810966
4417	5.1611561	0.81434219	0.69879726	2915.3446	47.685998	36.671466	0.25875481	0.047546936
4418	2.5999108	0.84289554	1.1794223	1315.3066	10.760923	8.9757626	0.037040078	0.33220153
4419	1.1178085	-1.2520861	0.88410066	4830.7849	56.429494	39.534691	0.09683169	0.1010018
4420	3.1576325	-0.10732077	1.8211267	4253.5688	81.289106	64.793661	0.036818489	0.09936953
4421	3.625657	-1.0480361	0.52598153	485.03216	2.1218628	1.6179048	-0.017477298	0.0064541405
4422	1.4159958	0.27552445	2.5545698	1806.3494	11.951656	11.613112	-0.13075837	-0.12498205
4423	3.7062052	-0.13926755	2.0415383	698.17481	11.397555	11.348432	-0.12451421	0.18103463
4424	4.46079	-0.24912007	0.69691602	3417.1408	16.196876	14.914677	-0.16246364	-0.014328657
4425	2.7750699	-0.65267703	0.68700466	1209.9173	9.0045165	8.4725589	-0.016794877	-0.10603001
4426	1.8796552	-0.14438169	0.14458025	6727.9166	77.517567	67.417904	0.13005978	0.099296711
4427	1.9051205	-0.27614748	2.7293536	402.1736	2.62433	1.3411108	0.018472451	0.06841983
4428	0.38315657	-0.099884853	2.687099	6432.1393	66.955683	66.749926	-0.00041414076	0.0096709405
4429	3.1748191	-0.15711681	0.94970888	1096.2617	30.947079	13.243117	0.00627491	0.015545861
4430	5.4151134	-0.57297608	2.953425	4225.8623	44.695936	31.63835	-0.078559676	0.0072184001
4431	1.8568206	-0.42375873	1.6298323	2968.9361	28.377974	23.498262	-0.18576446	0.097581212
4432	4.2655445	0.53554684	0.84017301	1443.3336	32.488295	31.842739	-0.02285189	-0.047774491
4433	2.1208164	-0.03624131	2.2438416	605.42654	20.004829	2.5811995	0.03781561	0.012657161
4434	4.3708735	-0.13081211	1.1621398	2778.6159	45.947836	41.15264	-0.023963616	0.34474078
4435	0.41192249	-0.081380637	1.035934	777.06865	38.392809	37.054792	0.00018074908	-0.0082151528
4436	5.4286519	0.31288301	3.0647529	1835.8593	44.025271	13.555273	-0.090320804	0.094077046
4437	3.5995579	0.45752546	2.2823435	2329.7317	35.063143	13.743953	0.063097249	-0.26053778
4438	2.8019418	-0.14985758	2.5472847	2522.2038	49.702652	36.563203	-0.049619376	0.17968093
4439	1.3304053	0.31117126	0.67675957	5438.7979	65.053157	55.178701	0.039102877	-0.015506006
4440	3.591652	1.3090779	1.9160333	614.62961	11.644409	6.2613015	-0.41407768	-0.045393275
4441	1.043768	-0.97917371	2.0386177	1208.0213	12.07825	8.2560599	0.35218887	0.024467445
4442	3.9382238	-1.239737	0.34636801	1108.3637	12.176062	9.6603951	0.072149894	0.027475022
4443	5.7039949	-0.12517304	0.6390159	4635.6511	53.70061	50.774636	0.051811018	0.00082300158
4444	5.2417814	-0.57273456	1.0240123	5221.3421	68.008931	55.843201	-0.022370766	-0.087887341
4445	0.98019495	-0.91856036	0.9241435	292.25465	2.2053202	1.6455784	0.13625823	0.049825442
4446	0.10378861	0.21924421	2.3918483	2694.536	53.896125	33.584928	0.0015120682	0.02005528
4447	0.70227595	-1.0151064	0.60501495	7178.0965	126.49778	97.547231	-0.363872	-0.064323157
4448	3.401326	0.29808515	1.2844797	1272.9706	56.76185	46.022628	-0.073872111	-0.02243079
4449	0.86461673	1.0426146	1.7986968	1681.6315	36.895894	29.170399	-0.16264267	0.29972443
4450	4.7064005	-0.41887419	1.8661903	3009.1793	46.642525	44.365101	0.36310379	0.40385136
4451	3.4216766	0.80957857	2.5023271	5398.0635	92.311188	56.14004	0.38662975	-0.063759409
4452	4.7744552	1.3318253	0.51754698	5658.6236	91.436619	39.138281	-0.022820294	0.17013156
4453	0.9809863	-0.26147609	0.17433838	10692.112	96.390152	75.877978	-0.24482223	-0.29035099
4454	2.6993858	0.02432392	0.43958377	1186.7405	36.6879	34.911615	0.031202321	0.004885658
4455	3.9217123	0.087265997	0.49544225	353.85107	1.4151808	1.3262183	-0.00026897048	-0.08878662
4456	3.0672025	0.10861106	2.2735131	2604.4713	61.494831	33.077651	0.044435098	0.0019419382
4457	2.2392545	1.0096903	1.0624873	472.97322	10.465777	8.7821798	0.093514518	0.19414259
4458	1.9307347	-0.90310526	2.5220438	2834.978	13.613221	12.678545	0.0098215493	0.1457403
4459	3.6458755	1.213335	2.4406431	2709.7353	47.010371	14.43455	-0.021683496	0.001878875
4460	3.7087962	-0.92379893	1.8745146	2805.1576	44.15437	41.644491	0.023436165	0.2804792
4461	2.340928	-0.48441025	2.9280996	1023.7869	8.8264264	4.7262793	0.052054547	-0.0052217005
4462	4.1300775	0.051586413	2.7460766	675.96751	2.6140107	2.1847185	0.13535821	-0.3094874
4463	1.2291544	-0.042180541	0.77249698	5760.2882	77.158021	65.515263	0.16083026	0.49307649
4464	0.84114947	0.765498	2.1470298	1197.2914	30.697284	27.850515	-0.011093453	0.056568294
4465	6.2506614	0.34689363	2.5438977	2580.7115	73.287325	13.351607	-0.00086319631	0.086387832
4466	0.88123984	0.96471987	1.6074306	361.21209	9.9885183	9.7426936	0.10351535	-0.018100454
4467	1.5585665	0.74644058	2.2615134	1465.1446	11.920359	11.012322	0.19638956	0.01468311
4468	0.19626506	0.7026236	2.462035	1251.4714	12.212516	11.894609	-0.12655691	0.15534995
4469	3.1086411	0.45301362	1.8491354	806.03109	18.986141	4.3912185	-0.4184034	-0.081045618
4470	2.6707477	1.54865	0.28766061	1443.15	14.15127	13.046752	0.22383811	0.46316667
4471	0.0047915438	0.12508722	1.5448235	2126.5356	46.495162	32.643968	0.07467708	0.1927462
4472	0.085090974	-0.18648647	2.097233	147.65118	1.3119305	1.2894075	0.17292837	0.059880179
4473	5.1641313	0.81218456	2.6893902	2189.202	12.784966	12.130901	0.13849948	0.011541303
4474	5.5779931	0.55059021	2.8382407	3137.9765	52.792559	52.429712	0.24510996	0.043674452
4475	3.0187134	-0.86437267	2.2550019	920.32425	9.4393683	8.2244349	0.18254759	0.013818432
4476	3.9224443	1.1471047	2.5437821	1915.0675	18.831841	11.470859	-0.041518625	0.170966
4477	4.0701524	0.51177048	2.801624	368.29429	3.0178832	1.7883814	0.021680283	0.0015041599
4478	0.85361046	-0.87525153	1.8233773	1220.0126	11.684044	10.767235	0.19688586	0.12100391
4479	4.249634	-0.38644422	1.0488899	1822.9842	11.491418	11.383285	-0.4619239	-0.05065001
4480	3.4259427	0.64169925	2.7319098	3931.0304	35.15613	24.189784	0.028576532	-0.023521039
4481	5.0596754	-0.12293458	3.085011	853.73854	6.636001	2.1267114	0.29128836	0.00046809851
4482	5.6490175	0.65639577	2.2802609	7111.1537	71.766807	66.357402	0.25528315	-0.00083814171
4483	2.5065497	1.2890588	2.5523421	5411.3518	54.968138	45.132943	0.28325992	0.079138004
4484	0.72354439	0.54347775	2.3231171	706.60885	10.792488	9.7125582	0.3925786	0.038711176
4485	5.082436	0.52121122	2.2777405	5124.1037	50.829577	35.769632	0.026800335	-0.043399831
4486	2.9520228	-0.55073111	2.9499068	2460.4987	21.311554	12.064524	0.41857414	0.14633406
4487	1.3235063	0.92448354	0.67957271	944.26875	9.9921845	5.0108446	-0.11412935	-0.07526656
4488	0.81140058	-1.0422274	0.8612697	1305.137	16.682458	10.469429	-0.064609583	-0.31495621
4489	2.8370591	0.84979523	0.43563847	4025.354	23.715465	15.959656	0.00059785485	0.12507491
4490	0.49044135	0.39370211	2.943228	13577.3	96.592267	93.772367	0.0037051791	0.02054531
4491	3.1222676	0.68684411	2.7303735	2678.554	45.292319	39.853133	0.12112741	0.0043241164
4492	4.7053694	0.61731194	1.1657045	326.88926	1.7684698	1.3938166	0.16187487	0.014358229
4493	5.1970669	0.55616137	2.6255921	1620.1987	12.815783	12.664927	0.038936129	0.080116245
4494	4.4256048	-0.39013046	0.70794594	2017.6391	41.828142	24.323002	-0.04388377	0.048154701
4495	5.8067355	1.4060647	2.5475553	316.53353	3.8712211	1.4442889	0.040973731	0.0050345512
4496	3.6859999	-1.0427394	1.9151112	8421.3739	93.495353	90.493462	0.18907411	-0.033406807
4497	4.9106037	0.98858924	2.0832683	3062.9939	43.315781	27.622425	0.01428159	0.040018518
4498	4.2834138	1.0004587	2.1496789	620.45979	11.965755	4.1247006	0.20850561	0.20948305
4499	3.6570233	-0.068677283	0.83684634	3312.1402	52.050416	43.247252	0.1118008	-0.00057792034
4500	4.6450124	-0.61189994	1.2575879	807.79251	32.644747	17.873762	0.048975174	0.038729265
4501	2.1756527	0.30315091	0.70755792	4677.0893	51.069451	48.773506	0.21141767	-0.089644814
4502	0.73533703	0.76966838	2.4687107	2097.3375	15.770345	11.557677	-0.073452467	0.15417084
4503	3.6783135	-1.2611071	1.0406174	4057.5387	40.854345	34.306254	0.30189801	-0.063236296
4504	3.1432124	-1.015137	0.61435565	3149.3721	14.464008	14.153888	0.28459428	0.0088289617
4505	1.1258402	0.19506742	0.29018759	4365.5183	55.146004	53.951232	0.35645673	0.0280498
4506	5.4301452	0.83893258	2.4109191	876.99395	10.94279	10.689377	0.083941435	0.09780929
4507	2.9367922	0.91330505	0.9350313	2413.4275	13.192429	11.138554	0.046425571	0.027107375
4508	5.8454308	0.54740703	2.794604	2292.2452	35.313844	34.009428	0.027186634	-0.0045015198
4509	3.8951843	0.40894191	2.2960548	4375.0367	33.693925	18.820742	0.16724488	0.016551655
4510	5.4395384	-0.54278086	2.1702003	515.59747	22.065141	17.653889	0.047556593	0.47877366
4511	0.36002516	0.74695939	0.57381458	1961.5875	16.088551	11.562778	0.018406041	0.0016969218
4512	5.4424872	-1.4817047	2.1092897	301.49912	1.5204546	1.2802512	-0.00045494377	0.0097001747
4513	3.2994494	-0.64905971	3.0305143	2275.323	11.034854	9.6305536	0.35673323	-0.14973632
4514	2.2704117	0.36257768	2.8015893	1660.5014	46.337532	30.194713	0.15016382	-0.035253984
4515	2.148319	0.47680336	0.313213	7130.3335	44.684519	38.165709	0.080698756	0.18910957
4516	5.8663377	0.55773897	0.81832435	4725.5777	56.462893	42.901484	0.085689607	0.070458179
4517	1.1874514	0.31331465	2.4657145	6223.7358	63.525056	36.175909	0.0140189	0.00074631319
4518	6.0669607	0.97487723	0.82983167	2970.9061	53.652018	26.267671	0.0052316221	-0.020238677
4519	4.7342281	1.1552177	2.9541925	5538.2899	26.407271	23.234732	0.0016303021	0.11868264
4520	1.7794417	0.98149346	2.4378727	1292.5648	21.64654	21.409787	0.038160622	0.13810223
4521	6.2828358	0.76924029	0.59285156	4941.6177	62.440915	62.139452	0.022960426	-0.15285589
4522	1.7721812	0.90038633	0.80031352	4230.6317	47.756171	34.710952	0.52643485	0.057099544
4523	1.6396683	-0.85852068	2.113756	4527.1111	71.721929	61.865039	0.0044939008	-0.080071883
4524	0.70294099	-0.8562148	2.4727876	174.23061	2.1064565	1.5320057	0.080110539	0.075301979
4525	0.85061565	1.0425741	2.8332431	5660.9218	59.854246	53.083448	0.013719227	-0.073001025
4526	3.0215219	-0.95988777	2.3449619	5634.2748	64.218151	49.358486	0.049828583	0.040351682
4527	3.5403192	-0.7861445	0.93875867	1833.1596	11.607712	11.063179	-0.22720728	0.35211265
4528	0.87655707	-0.7839159	0.86059165	6708.1231	169.90773	41.777865	-0.0044674671	0.3318618
4529	1.9162367	0.39893499	1.1867646	411.72953	6.9328714	1.9647776	-0.15123574	0.11835311
4530	4.4644385	0.24083501	0.33763404	2146.0264	17.274098	11.983941	-0.0012270029	-0.084810543
4531	3.4488202	-0.22367376	0.68033749	864.55119	16.055168	14.552522	0.15845712	0.4959469
4532	5.9377834	-0.50617325	2.4682267	663.85343	13.66658	2.5925757	0.19089475	0.084543557
4533	0.14772272	0.41437794	1.7445438	228.28745	1.9245252	1.2686354	-0.10653256	0.18149376
4534	2.6412296	0.64936938	2.362651	1310.3866	12.223707	11.539677	-0.24648507	-0.044211474
4535	5.4167365	-0.25104312	0.89827587	6879.5507	86.58305	59.740936	0.34172453	-0.18456561
4536	4.0414846	-0.98213462	2.6722972	3573.8239	19.651793	15.894788	-0.12113488	0.028185162
4537	5.3667679	0.13588947	0.81328489	564.58342	10.255297	1.6293648	0.040800833	0.055592914
4538	4.991121	0.1988823	0.85114833	6915.991	56.87071	54.474012	0.070984382	0.21234893
4539	4.7735233	-1.1830776	2.734675	2421.0847	13.903953	13.188536	0.56379034	0.3263782
4540	1.7160139	-0.30305317	1.8036833	1229.7858	43.86748	38.7922	0.1682483	0.043033491
4541	3.9309169	-0.0057738577	2.1056095	6448.6675	37.761487	36.247617	0.15615952	0.011495279
4542	6.2605667	-0.42724306	2.9414219	4455.0692	32.968016	22.947432	0.30389082	0.041221917
4543	4.2297966	-1.3410261	0.1581093	3660.9252	60.947471	39.437873	-0.14132301	0.13541378
4544	3.5955631	0.45531287	0.46611846	444.01799	9.8645942	1.4094798	0.0051992879	0.089440173
4545	0.57460561	0.50729848	1.4194101	1088.1696	10.923778	9.8264641	0.087256948	0.1048091
4546	1.0172725	-0.39646966	0.61337553	8010.0262	79.925941	75.935833	0.092143477	-0.044347315
4547	1.8694095	0.63666734	0.14064128	4782.605	54.702177	51.745387	0.065488997	0.00069223246
4548	2.0953833	-0.36568793	1.050746	4610.8683	70.063127	61.807439	0.23124583	0.0037633832
4549	0.96643213	0.23937576	0.92221037	3022.6921	41.930163	33.927247	0.20358803	-0.060368728
4550	0.21975963	-0.22927974	0.52908701	2110.3757	46.16942	13.450027	0.0076273187	-0.1331303
4551	5.1958048	-0.053720104	2.8801065	1108.4525	9.5759827	2.323785	0.03453474	0.0011663242
4552	5.7585445	0.79170108	0.63617457	2119.1156	14.257107	11.464513	0.0049815546	0.19333312
4553	0.6703811	-0.080828364	2.3073072	1094.3902	24.394469	17.041252	-0.003822866	0.05483315
4554	0.30765559	-0.95288738	3.0394108	415.97072	5.4501731	1.4277765	0.036144201	0.068475271
4555	3.2173694	-0.62421023	2.6814566	804.70713	7.7183192	2.7558649	0.074972139	-0.149141
4556	2.6252275	-0.54713003	0.45311622	3174.3767	14.160021	12.482568	-0.16312288	0.36240911
4557	3.3307695	0.80091219	0.37429467	6184.0409	43.853434	33.583168	0.073947208	-0.01504415
4558	3.9037336	0.38525324	3.0536346	928.76926	4.7738051	1.7993591	-0.21425496	0.0095369694
4559	5.6452031	0.36558262	1.1519804	774.7314	10.703045	9.895561	0.180087	-0.024789128
4560	6.0321803	-1.4827247	1.0154829	1222.3712	14.998895	10.771576	0.076769292	0.011785181
4561	5.4317089	0.21462026	2.3062522	2484.9332	51.703514	44.595939	0.047640185	0.026977912
4562	4.0302168	-0.96799631	1.8455063	573.01805	9.2453279	4.258529	-0.60358095	0.010198121
4563	4.2505448	-0.70643603	0.58039651	980.64615	2.6558977	2.0371469	0.082959391	0.101444
4564	1.9179347	-0.048000045	0.90367021	297.649	2.2665326	1.9758682	0.15460779	0.0052502354
4565	4.1078131	1.2238319	0.26773156	11353.128	114.3746	92.138073	-0.016526715	0.01190384
4566	2.2832044	0.82883826	1.1898674	3981.0194	89.627992	45.46309	0.049159414	0.24260716
4567	1.1839292	-0.38583684	0.84997601	1935.866	41.976182	12.431104	0.036887387	0.029791275
4568	2.7872076	-0.38896751	0.59727824	2588.0856	47.164732	41.729669	0.039752229	-0.058465521
4569	5.3347742	-0.78207926	2.3068667	1308.6298	11.963619	9.3216136	0.04287333	0.12256039
4570	4.9896244	0.21900468	2.5596473	10856.4	81.673123	79.28148	0.032437968	0.11443851
4571	4.5038039	-0.96990351	1.0227593	942.88258	30.575173	22.914837	-0.077611933	-0.14568589
4572	2.4012145	-0.10223357	2.2892025	525.147	8.8863277	1.37782	0.015285677	0.081397728
4573	5.2441658	-0.39910025	0.58741787	193.19803	1.8302513	1.5036957	0.0059360218	0.020353549
4574	3.3324811	0.91132357	0.42775817	2089.2038	12.540595	11.683058	0.15351961	0.2614111
4575	4.6454884	0.7962395	2.2906565	752.96986	10.947865	2.0405104	-0.10719871	-0.18124169
4576	3.550317	0.5868723	2.3520827	6312.1651	73.472946	54.652992	-0.054193068	-0.38907779
4577	3.1886456	-0.29071333	1.4754464	947.54404	17.931147	8.8097869	0.24359436	0.4136315
4578	3.2210768	0.82142647	2.4497853	3389.4074	49.369909	49.310079	-0.0024414337	0.10926061
4579	1.7971861	-0.44943395	2.2455882	2567.1666	20.930941	16.323193	0.086992738	0.018196123
4580	2.9293587	0.10210594	2.2578133	563.00674	10.334624	9.538094	-0.019643423	0.1079644
4581	0.20283999	0.068207548	2.0397958	953.37851	56.980838	40.591573	-0.33443984	0.047669486
4582	2.131094	0.38163012	0.24707967	867.2536	9.7578357	1.5517013	0.091003031	0.02418519
4583	2.2425456	0.63522086	0.28907133	606.87885	1.9321446	1.6978132	-0.021625929	0.025265682
4584	5.8634981	-0.67788169	2.6976074	683.24093	1.9053166	1.4162303	-0.20955866	-0.010079116
4585	5.7543141	0.35349328	0.49865321	6476.2435	36.609396	32.092049	-0.13763123	0.080234615
4586	1.2526459	1.0878832	0.48132542	3239.3542	39.185399	15.188165	-0.047312338	-0.0032422079
4587	3.9951208	0.85718117	2.1536845	661.11403	7.8743783	4.1720765	0.23843413	-0.053073809
4588	2.6388846	1.0153002	2.6540838	2529.2776	25.399295	25.140869	0.0054325673	0.11408505
4589	4.3287886	-0.02809344	2.9518215	8351.2255	136.59326	57.563586	0.038274766	0.064255161
4590	3.8875556	-0.45923124	2.3030158	1500.5171	10.496409	9.0157133	-0.1566165	-0.059800902
4591	2.3894245	1.2405866	1.3605719	2176.8547	37.395717	35.801051	0.00020925392	0.033390726
4592	0.75713051	-0.74092713	0.40267921	1135.2441	11.34217	10.579767	0.0012365354	0.030702947
4593	5.7135385	-1.4863903	2.6281026	2868.1933	65.081165	52.875221	0.046359576	-0.0062041892
4594	4.2744349	-0.34333799	2.7282997	1419.1997	11.277378	1.7679912	0.093056511	0.1190862
4595	4.7839181	-0.58366709	0.38737649	4272.319	47.158552	44.564746	0.055059337	-0.32937163
4596	1.7319119	0.56399737	0.65060144	582.92224	10.322948	9.5643091	-0.0070395398	-0.19379897
4597	1.9551653	0.68990724	1.2032566	8675.6062	155.7486	82.065825	-0.08815801	0.01577095
4598	6.1474315	-0.47239926	0.82115492	322.99203	10.036258	1.8917822	-0.11998433	0.0463637
4599	4.2523226	0.24471685	2.917352	1673.0585	22.085405	11.119848	0.31569074	-0.10131715
4600	4.8862634	0.37278662	0.33124493	3401.5698	15.077367	14.239175	0.021907013	0.39900283
4601	0.60713186	1.2197916	0.23894885	1849.8014	23.265871	10.45796	-0.34448307	0.027756052
4602	5.7599749	1.2095803	0.96606651	456.06402	10.653364	1.4988442	0.063451844	0.17744811
4603	2.9869745	-1.1186633	0.30868356	3531.5533	48.862602	38.858203	0.41993995	0.014473357
4604	5.3428856	-1.2256578	2.9155075	3587.7989	39.173935	15.258173	-0.12891795	-0.0015345238
4605	4.9901517	0.75725388	1.3557751	2142.2185	62.246467	48.997078	-0.022317993	-0.0071933873
4606	3.9370017	0.24804897	0.6581587	2969.0158	42.673055	42.51265	0.089651308	0.013635137
4607	2.3413491	0.58217914	1.1476745	3062.1904	71.247441	49.025835	-0.16283969	-0.02186026
4608	1.1986391	0.35148759	2.8395593	678.05188	11.957396	11.736184	0.16768541	-0.074110899
4609	0.94670188	-0.20725887	3.0327812	1087.8655	7.3965793	1.7386335	0.02674611	0.024913234
4610	5.8439771	1.3925877	1.371188	2695.7798	58.711651	53.885114	0.21929122	0.30631895
4611	5.8527596	0.96007978	2.3922858	2334.2371	25.329165	25.26672	0.033637254	-0.013447859
4612	3.5359973	-0.63842373	2.6292499	969.71292	10.861654	3.0151358	0.12184976	0.004049885
4613	5.6832907	0.47745076	2.4556187	1193.3689	10.247717	1.8667799	0.11679507	-0.0023283038
4614	4.8602511	0.07147093	2.4387675	2137.4835	12.741711	12.515489	0.71972374	0.32838951
4615	4.6968488	0.90350152	1.478121	3658.1389	124.75167	107.04961	0.24330638	0.12707073
4616	1.3342971	0.46135958	2.5688534	1009.3145	3.218546	3.0488534	0.17177458	0.045646862
4617	5.0187208	-0.7928131	2.8969253	6019.7772	22.19317	18.525295	0.11418608	0.15899496
4618	3.9538	0.2859456	2.2931146	859.21413	30.037375	27.79285	0.57608844	0.30840976
4619	2.1673856	0.39770524	1.4179167	3329.2997	53.335684	52.194836	0.22676607	0.027528839
4620	6.2632404	0.87825546	0.5182888	303.01026	1.3892294	1.3713025	0.15574441	-0.017545997
4621	0.0089220066	-0.40476499	0.34191077	925.55903	10.270928	8.5004109	0.01842484	0.029889454
4622	1.0653599	1.3089932	2.4740396	537.47014	3.163366	2.2256387	-0.0023676166	0.15647375
4623	5.940742	0.19918741	0.20388269	1231.8432	43.851984	40.366018	-0.30714287	0.072739342
4624	5.6115999	-0.28033411	0.24933704	8351.1039	82.271684	67.623118	0.048718278	0.093663472
4625	1.6132217	-0.7014267	1.9975192	4141.5622	23.684952	22.727278	0.20350904	-0.02586764
4626	1.238834	-0.72905599	1.9968888	1282.2376	11.453895	10.484166	0.34586676	-0.041062082
4627	6.2745444	0.28464558	2.7381946	4444.6401	66.102649	63.81525	0.063804011	-0.041235348
4628	1.6717617	0.53894568	2.1156566	349.50599	1.5888281	1.338142	0.033972191	0.12490791
4629	3.8767135	0.37060139	0.29192304	5412.0313	60.190105	57.953662	0.0013988514	0.18341635
4630	1.2292494	0.89502827	2.6683645	1113.55	24.795798	2.0811528	0.0064544387	0.017651363
4631	1.6681813	-0.75346434	2.7658981	3425.333	67.136639	65.262059	0.022020115	0.058942309
4632	3.3375928	0.46530173	2.5504948	1252.8123	48.960126	35.043784	0.093345288	0.031164225
4633	1.009297	-1.0375735	0.8697986	2412.3661	55.696806	46.427059	0.15077109	-0.00052577549
4634	3.7290129	0.26632415	0.1806543	817.65852	16.833489	11.328439	-0.22005322	-0.19870044
4635	5.8415386	-0.058343676	0.36305229	448.79724	10.64822	9.1061723	-0.01290226	-0.1418084
4636	4.0911197	0.056692026	1.0044465	2697.1398	99.116042	52.57112	0.094809637	-0.02519319
4637	0.98069922	1.242507	2.2695813	164.20612	5.3998972	3.7318511	0.026813368	0.057345429
4638	5.3591839	-0.076815691	0.68507991	3525.9489	64.900815	41.794752	-0.17481486	-0.023355778
4639	4.4990185	0.55796463	1.5813253	2850.7305	51.741227	46.567255	0.20440954	0.064644671
4640	1.980775	0.33718073	2.1964814	3056.6301	42.33363	15.520438	0.3714648	-0.044368101
4641	1.7537758	0.70253858	1.0615159	5242.0456	47.575448	26.627091	-0.0131858	0.38990928
4642	2.4898063	0.19466537	2.1257593	1274.7402	41.738059	37.480274	0.15793142	0.27418787
4643	4.1248474	1.1663017	2.2530335	2833.0519	45.768197	42.713705	0.084571828	-0.048297553
4644	0.39820948	0.87164382	0.48969702	15270.807	88.177756	83.127847	0.028491534	0.078794024
4645	5.4475464	0.69735261	2.3752613	685.84572	33.405799	3.0848751	-0.015247834	-0.023285052
4646	4.0598618	-0.76723839	2.5216765	370.4263	1.5290618	1.472205	-0.01846364	0.30033913
4647	5.4658918	1.4132828	2.5208692	475.31519	9.986423	9.6090755	0.053625119	0.0049101619
4648	1.3955789	-0.64876785	0.26331366	1043.1842	7.1665107	2.1147591	0.20462852	0.11858217
4649	5.1310053	0.35153676	1.0396025	5814.964	73.728419	61.818194	0.039253597	0.14225901
4650	3.1572223	0.54940898	0.33361262	5615.1254	52.773079	51.914769	0.12206516	0.13842648
4651	5.9519389	0.98816306	2.2629483	6510.1487	78.910694	65.24435	-0.23002822	0.067413074
4652	3.7084137	0.49134253	1.9532322	1306.6038	38.875552	36.474518	0.23836457	0.04527699
4653	5.7184369	0.42853543	1.5923703	2125.5604	18.553993	13.223406	0.14678343	0.060173917
4654	0.64610953	-0.8677673	0.83014334	535.25049	10.967513	9.5245596	0.068553579	-0.43992845
4655	4.0786092	-0.0028861906	1.9130181	2105.7126	56.736484	29.035253	-0.088665088	-0.068893179
4656	3.3709311	-1.1457263	0.51026884	335.0032	2.2087508	1.5520671	0.13388126	-0.0033967693
4657	2.0128466	-1.0721305	2.4297998	1174.6781	42.089817	40.634313	0.11542682	0.23493312
4658	5.3466144	-0.52343097	1.33816	827.35249	30.948589	30.778032	0.0090471123	-0.041540849
4659	5.3435495	-0.58284896	0.44834939	2115.0073	47.312374	29.711208	0.018532112	-0.043516181
4660	3.3605799	0.85183971	2.9294841	1590.0334	12.579784	2.1061549	0.31921876	0.0050610052
4661	2.8897492	-0.62011313	2.4818131	1012.4413	10.335072	5.0303114	0.061691002	0.029479174
4662	5.0843791	1.4063124	0.89279146	378.9022	23.043291	10.805529	-0.010158144	-0.017449978
4663	0.24607891	0.50048922	2.4059475	1143.3618	11.694792	8.8019884	-0.047981368	-0.12460793
4664	0.76274609	0.48371175	1.3011378	2508.3978	44.845339	29.856632	0.081290139	-0.27948415
4665	0.38929708	0.17763284	2.2115471	299.00646	2.4621272	1.5612684	-0.22146649	-0.28315235
4666	3.6134913	0.13387438	2.8546543	6695.8506	78.766667	72.240473	-0.1525538	-0.0031146937
4667	3.0436747	0.13804132	0.99240156	1334.7507	22.665606	11.332099	-0.090728985	0.59181409
4668	4.8606243	-0.27985378	2.5117983	933.41186	4.5395962	1.4005092	0.13241676	0.0013328853
4669	3.6819082	0.63585238	0.60693561	3175.9847	50.044921	47.666675	-0.21736781	0.1817954
4670	5.9372716	0.017473601	2.5879285	5410.4541	57.372781	31.707807	-0.0012920111	-0.025541855
4671	3.6915895	-0.7041399	0.28305134	1381.3856	10.562276	10.182075	-0.071167362	0.056380524
4672	2.2904197	-0.13073423	2.5916095	11899	64.813436	63.913002	-0.0021997081	0.27998366
4673	5.0138264	1.3872197	0.49676144	4284.3596	28.323892	25.489523	0.091604353	0.039953699
4674	5.5799865	-0.17733367	0.72900299	876.8424	11.911609	9.6193185	-0.31051196	-0.0027233742
4675	6.0150033	0.29909248	0.42489897	7572.5655	86.648962	79.085042	0.28021517	-0.033352155
4676	4.4505871	0.46204351	0.90609013	2414.4084	36.082416	27.834115	0.31548336	0.064661451
4677	6.072558	0.91885144	0.10648669	1595.2973	30.166584	29.807716	-0.10943792	0.076040861
4678	0.027472879	-0.91673427	0.95539515	7233.6985	128.34477	59.364769	0.10531497	0.10640002
4679	3.8923533	0.37076759	0.26824956	4031.9711	37.23877	15.158754	0.41009058	0.47011605
4680	4.5861059	0.86456203	0.28390971	6707.9674	71.199229	60.454147	0.017437011	-0.014187364
4681	5.8911309	0.89533154	2.5066541	534.41008	2.3755591	2.1561063	0.099404219	0.061965073
4682	4.6837274	-0.71025787	0.36611863	1155.3746	11.112494	2.1401595	0.12895473	0.048005449
4683	1.0302976	-0.081407324	0.40993175	5156.089	63.265961	51.558367	0.010807424	0.006544891
4684	0.62888524	-0.20362371	0.36876677	1756.8753	22.006718	11.798128	-0.054465038	0.0074262631
4685	3.5127877	-0.046408451	2.8079095	345.77948	1.4958458	1.2562777	0.050891515	0.29348116
4686	4.340095	0.032438198	0.69060269	262.12985	1.3237176	1.3018144	-0.0087444454	0.032406082
4687	2.7989001	1.1341442	0.33892671	5511.7441	45.871495	28.055899	0.31886373	0.00014770133
4688	2.7487441	-0.27866217	0.44104173	2236.2464	31.346344	12.686072	0.10014732	0.0039767422
4689	3.8882921	0.7382391	2.5663992	1396.4773	24.755383	11.871349	-0.15655923	0.04628768
4690	3.946002	0.77011007	1.5700315	482.56955	1.68841	1.52607	0.036852327	0.014949503
4691	0.13824325	-1.1757334	2.372645	678.88063	10.227361	7.9269827	0.1594334	-0.018918234
4692	1.3360408	0.60583016	0.31723138	997.69252	12.097778	4.5407341	0.26615557	-0.055876562
4693	3.6799238	0.73402549	1.0178216	1342.1267	40.520433	28.006414	-0.064702485	-0.0078634172
4694	1.4391596	-0.61947341	2.5397135	3582.5504	37.795607	20.040145	0.25722101	0.059561919
4695	0.0050528823	0.057882066	2.2590418	1727.9796	42.922977	31.322335	0.37310345	0.26610427
4696	0.83147134	1.1723689	2.8977874	64.190269	1.455011	1.2701308	0.11591576	0.3282714
4697	1.2880301	0.11535094	2.8219403	5326.2559	99.467948	64.529953	0.058536843	0.012745925
4698	4.0782909	0.51825691	2.9636192	1217.7738	13.565599	5.0443651	-0.18527125	-0.011267529
4699	1.3370708	-1.0909428	0.78431633	3870.9165	32.648901	24.200479	-0.0094657181	0.070622131
4700	3.7110722	0.90442092	2.0225911	398.39793	8.458414	2.5782009	0.15776468	0.12800472
4701	2.0580892	0.23718252	2.2378854	3261.9081	50.110139	38.473526	0.059972366	0.043877058
4702	2.1585001	0.37872525	1.2799928	3169.3295	86.593468	49.235905	0.061954657	0.049321494
4703	0.20501109	-0.1173725	2.7863642	1531.6852	12.065565	11.5881	0.036238721	0.15214083
4704	2.3208155	-0.698417	2.3675171	1274.1657	11.894037	11.876933	-0.16722266	0.1707829
4705	1.6815252	-0.71801072	1.0043772	2967.315	50.122404	48.109599	0.11309829	-0.0082226839
4706	5.3759649	0.42018201	1.6587004	1844.8471	15.222092	14.06382	0.34239903	0.0013214336
4707	4.3233805	-0.55033464	0.97428898	4283.2839	51.146087	40.223074	0.012408094	0.085152123
4708	1.8931128	-0.25996127	0.79585961	1374.2988	12.409057	9.1419862	0.28605628	-0.053170889
4709	2.1935151	0.67858088	1.9036121	3680.6723	49.565442	48.97099	0.040301776	0.10156267
4710	1.5757369	0.3633365	2.8121066	2926.3042	36.061738	11.625895	0.0037038499	0.008861869
4711	6.062286	-0.13834093	2.8733161	1713.0753	26.534582	13.092349	-0.026652078	0.025258075
4712	4.7796074	1.0644118	2.0576395	1713.4762	11.270794	11.205314	-0.020549541	0.156226
4713	6.1266831	-0.37035438	2.0078064	4373.2772	78.507792	56.576798	0.29022451	-0.23242712
4714	0.84917791	-0.9759373	2.5812236	1650.2009	10.744854	9.6435781	-0.11324248	0.014738391
4715	5.1872842	0.6055642	0.91033987	1065.2254	11.267775	11.174581	-0.011481622	-0.18885039
4716	2.7430062	1.083979	0.22571423	868.3171	36.566626	28.389998	0.012158271	0.022683978
4717	6.1812166	0.74641324	0.26974581	9848.4961	78.398877	45.33464	0.2982636	0.37916889
4718	4.7695195	-0.98064532	2.5147532	2828.375	15.461152	12.963567	0.0089248972	0.50097011
4719	1.8617484	0.9335865	0.87017179	2118.5359	14.768947	11.903929	0.0089012489	0.0067828709
4720	0.70175835	-0.8348909	1.0221357	2678.9688	54.904896	50.960091	0.055113459	-0.34221512
4721	4.2616721	0.041097703	0.86410201	1141.9659	17.077479	13.314004	0.36677325	-0.018173453
4722	0.62359273	0.2332313	0.90001374	1747.6798	37.649448	31.334674	0.0006179818	0.021327864
4723	4.4994307	-0.86188972	2.5913248	1396.1824	12.411253	8.2231143	0.012123844	0.0067961877
4724	3.397151	-0.53295809	0.25430284	707.36315	1.5527918	1.3972609	-0.0061178726	-0.0091781921
4725	1.8640472	-0.63797633	2.9110398	13318.28	97.128568	85.155942	0.14601965	0.1545567
4726	0.61025236	-0.64276918	2.0073895	1533.7442	21.805006	10.209657	0.010450472	-0.36584881
4727	0.91348546	0.23271317	2.0164159	2794.7408	58.731538	39.480684	0.11700701	0.068658363
4728	6.1460185	-0.50440846	2.2114366	146.96112	1.4717274	1.282001	-0.077383814	0.070684727
4729	4.9261551	1.0432083	2.4886384	2748.807	12.052893	11.093562	0.19289128	-0.12918742
4730	1.6097032	-0.40050031	2.8122028	656.3852	1.532268	1.3636648	-0.25011823	0.064064909
4731	4.7764823	0.48130307	1.921071	1536.5279	11.527099	10.290912	-0.0060127546	0.0054497849
4732	3.6788849	-0.41624876	2.202555	1290.2728	12.487024	10.783406	0.029769949	0.18536259
4733	0.58755799	0.69645889	0.55598054	3488.1227	51.338324	43.38136	-0.24507202	-0.19553513
4734	0.85323004	1.1438284	2.2342261	6601.6278	68.958507	53.94046	0.082432181	-0.03179489
4735	2.5418921	0.073742832	0.33674636	1956.1426	12.284075	10.784204	0.023422292	-0.0062946195
4736	1.7666106	0.013069411	0.60459553	1925.1346	86.736998	46.852973	0.21048756	0.019712421
4737	4.0671818	-0.0075438353	1.0208561	4784.4896	61.360282	58.472363	-0.0075341362	0.06096459
4738	3.567422	0.38178874	0.12315336	6123.6346	101.35819	61.584195	0.043129031	0.014249972
4739	3.4073566	-0.1451231	2.2154215	2789.3106	38.094616	34.512528	-4.1375331e-05	0.00026275089
4740	3.2462401	-1.0124006	2.3602789	2979.7861	23.309788	21.33629	-0.039322837	0.35814978
4741	5.0705239	0.22595716	2.4284266	4657.6423	43.894588	37.494444	-0.023897306	-0.080506289
4742	3.0019882	-0.66577426	0.71583106	2885.5886	52.174439	13.960589	0.037312588	0.22444206
4743	4.9603666	0.12820358	2.7043989	5465.6645	48.997516	40.456964	0.0038133628	-0.014897124
4744	4.9220635	-0.19282235	0.62541169	1825.7376	12.491777	8.365347	0.073952239	-0.010810321
4745	0.46009381	-1.3641846	1.4144134	428.22645	9.6551751	9.2462178	0.021357469	0.0024265185
4746	6.0447292	-0.558885	0.86171203	568.25918	2.6182661	1.3556676	0.037565748	-0.035454273
4747	2.2859063	0.044311945	0.79721735	420.06515	26.851004	23.480643	0.0041648615	-0.041702578
4748	0.13396229	-1.2392387	2.3127683	1474.1586	36.803625	35.52828	-0.13680194	-0.053568379
4749	1.4455208	0.58261531	1.2996071	5521.0641	43.915541	37.98873	-0.014636999	0.33494475
4750	5.8844714	1.3489654	1.6964435	962.20786	25.747318	2.5465105	0.21922383	-0.002892228
4751	3.8121625	0.20605521	2.6579109	1586.2611	17.451101	14.413196	0.26373502	0.03467773
4752	0.21821889	-0.39844215	0.42174319	6089.7798	66.047507	60.627822	-0.11059198	-0.25300917
4753	3.5766531	1.5183708	0.48187379	1483.8843	9.9195804	8.7801551	-0.096660777	0.061446941
4754	6.0629693	0.7169648	0.39142335	1580.7593	12.237904	10.779658	-0.043990019	0.097692432
4755	0.065679749	0.11059392	0.27587742	2933.4871	21.891205	14.156644	-0.36380082	0.20833009
4756	2.19848	0.8048947	2.1957005	620.11185	11.284278	10.760212	-0.0002248673	-0.058422361
4757	1.2239974	-0.15398331	2.2188315	631.83981	7.6896361	1.4560841	-0.01785149	-0.33151305
4758	4.6889524	-0.090694418	0.5400347	1951.9015	13.280452	9.6513764	-0.0056998444	0.010281905
4759	0.27884454	-0.9954237	1.126332	1693.2	44.296148	41.108778	-0.063908651	-0.01669788
4760	1.7769603	-0.20967323	2.2379598	2227.4881	45.981918	40.750336	0.35803214	0.10585277
4761	3.1296045	0.84881532	2.0047274	842.32293	23.843739	8.1406892	-0.10416076	0.13824139
4762	0.35455764	-0.87614543	2.7899587	8812.3291	81.026792	71.836594	0.022087327	0.17457471
4763	5.9028821	-0.87229595	2.6329374	4015.6724	66.280303	54.697673	-0.0030605181	-0.24798021
4764	6.1304548	-0.80821008	1.6598064	2188.3849	58.861389	35.92454	0.35504344	0.026197734
4765	5.3820063	-0.80733999	2.2536654	4691.9124	58.670603	43.863274	0.08319842	0.21840273
4766	5.6681861	-0.16598683	2.955287	1962.4963	39.451674	39.167091	0.16991585	-0.73276205
4767	1.3675343	0.32343266	0.68653207	2569.6985	15.695304	13.755605	-0.21827717	0.070449037
4768	0.30545014	0.35376596	2.633597	1554.9608	12.927425	11.862106	-0.0037077342	0.086969272
4769	2.3549992	0.53116528	2.6276022	688.61921	2.146847	2.0085568	0.11225121	-0.023384887
4770	5.0539307	0.080948278	2.7605926	551.76715	10.183072	1.6975212	0.15820502	-0.022055931
4771	2.4886906	0.38584755	0.38492579	7104.9085	94.477096	78.01073	0.047584625	-0.026397413
4772	1.0440444	0.28571785	2.1561756	6525.5163	107.71613	44.981284	-0.029375091	0.32746338
4773	4.476548	-0.52331057	2.4609978	4297.9767	63.055514	58.694618	0.0031121452	0.0037447519
4774	0.084617621	-1.4043298	2.9001158	227.23548	1.6559193	1.3411188	-0.091081257	0.045104004
4775	3.3247996	-0.4553855	2.4507546	5308.8522	52.774337	41.815376	0.07476376	0.069214316
4776	3.2532303	-0.63704969	2.5763074	930.8711	11.656505	9.8278788	-0.040842071	-0.25347322
4777	5.4415916	0.55702997	1.5912807	1832.5897	13.858709	13.193376	0.056262695	0.68550777
4778	0.7134461	-0.59736185	0.78307735	1880.8814	13.625587	12.139966	0.0068811837	0.1498704
4779	5.0063424	0.074458216	0.27206602	6393.7684	63.451263	26.332257	0.22847991	0.014939996
4780	1.1887804	0.90598567	2.5976299	2998.8573	45.910066	30.600269	0.15435445	-0.12063143
4781	4.5297419	0.91291881	0.7328974	1249.1467	12.784414	10.16156	-0.00012073986	0.010588022
4782	2.5414063	-0.33686658	0.88608011	1036.0154	12.783579	11.97373	0.0070640862	0.34234631
4783	0.54931245	-1.3221751	0.8742765	834.06408	35.454882	9.2275637	0.077561911	-0.00054205427
4784	5.3901421	-0.96092313	0.27249755	1702.5533	11.976787	10.680719	0.12826162	-0.14377697
4785	2.8259412	0.23164366	1.2235874	1048.3616	8.784585	6.3325688	-0.072454835	0.049329692
4786	3.6028758	1.1190348	2.1666124	863.7412	38.082105	38.051012	0.24626925	0.42412239
4787	2.912871	-1.1329221	0.7280486	1847.9173	117.66874	77.573219	0.19184345	0.023839776
4788	1.9087481	-0.93189565	1.885898	325.8795	9.5297256	9.1208257	-0.084937203	0.035600137
4789	0.84583353	1.0289595	0.23645848	3424.3434	16.45851	16.162672	-0.12397245	0.05779627
4790	0.36292305	0.40174193	2.4499879	749.55828	12.682712	9.9133336	-0.013546533	-0.38223758
4791	4.2130274	0.10192995	2.7418173	10161.469	79.832613	78.13659	-0.2888639	-0.46008202
4792	1.7070333	-0.34684213	0.5950229	2941.4266	14.329547	13.423542	-0.046187259	0.020123223
4793	4.376374	-1.5135863	0.35977181	78.292521	1.701826	1.3494064	-0.002597044	0.26136584
4794	3.9783002	-0.012083413	2.1300371	1989.4048	39.112964	12.419791	0.26708183	0.45883864
4795	6.2650355	0.63091511	1.0572179	1709.5203	11.717233	10.008448	-0.0027348382	0.080958469
4796	1.7758696	-0.33303814	0.62176778	3964.5695	59.506831	15.207995	0.13503221	0.0049566379
4797	2.920011	0.063947397	2.3289578	7696.8705	115.23856	107.98566	0.051242988	0.067964179
4798	2.0082326	-0.15668213	0.92848928	2442.8205	36.082993	13.438207	0.096689134	-0.045850754
4799	3.5830907	-0.16863582	0.94091516	882.08875	10.464528	2.093019	0.0072641176	0.28556616
4800	4.9020921	-0.45450729	0.82923284	139.2578	2.1874282	1.9968836	-0.29902925	-0.042562566
4801	1.0392997	1.0965601	2.2952982	1353.4236	12.307885	11.519028	-0.056729913	0.076015781
4802	3.9117536	0.98681532	0.67039933	1658.5448	13.165542	10.072966	-0.035746724	0.20133429
4803	3.1528219	-0.43266841	0.33265821	145.2957	2.1229768	1.3882627	0.052810466	0.031427441
4804	3.2674128	1.0063316	0.076001941	1643.3176	30.099402	1.9600626	0.0093287292	-0.024628593
4805	2.5338404	-0.69201462	0.22700487	4495.4411	54.895365	54.01299	0.014816076	0.043833703
4806	3.5390456	0.3227933	1.5802454	1654.2233	46.29442	36.279052	0.045867878	-0.11789923
4807	2.7982967	-0.20138624	2.1688406	396.61128	6.9684547	2.2992376	0.046212739	0.0094752697
4808	3.8988994	0.84945232	0.67025562	1198.9336	10.654502	9.5452545	0.090288281	-0.048040996
4809	4.9697333	-0.069317116	2.441879	2978.8953	47.894884	44.105748	-0.12983821	-0.046776405
4810	2.4262277	-0.49459587	0.61350854	461.22161	8.9587711	3.6236921	0.022660937	0.0058208202
4811	2.3331953	0.90128769	1.8420314	3151.5036	50.47319	45.459397	0.0043398427	0.21057356
4812	2.0656246	0.45844493	2.6521921	2533.633	74.266877	44.400662	0.010451767	-0.058822332
4813	5.3011582	-1.1699672	1.3043144	3611.5392	49.198965	43.051397	0.087808894	0.12464379
4814	0.037319162	-0.80096855	2.5797652	243.41376	1.5792034	1.3848671	0.040009947	0.13658309
4815	3.6762799	0.61821734	0.25398354	3693.8843	15.252718	14.818225	0.13989419	0.41256972
4816	1.7398814	-1.1552363	0.25137641	15095.439	97.360207	92.284053	0.083794123	0.052473436
4817	2.4389338	0.45352298	0.54528966	1550.9031	36.687728	33.078151	-0.344594	-0.15509155
4818	2.9280217	0.7586895	0.36197586	2243.0029	12.971636	12.849584	0.10369363	-0.020911316
4819	0.9096674	0.44842492	0.92863452	1293.2928	20.930774	19.947956	0.0093375228	-0.080449022
4820	5.8364465	-0.15064386	2.2918825	2271.8291	48.888704	28.822919	0.36672402	0.12433618
4821	3.7372612	-0.80709725	2.8380734	1797.1741	23.762185	13.760547	0.094662323	0.054987064
4822	4.1383394	-1.1423097	2.9633458	2452.5193	37.606415	19.761102	-0.18378333	-0.15239037
4823	4.5107159	0.74669212	2.8128601	3917.0838	44.391331	39.207771	-0.23487933	-0.075122124
4824	0.24086432	-0.93836039	0.81430153	2805.3368	14.437366	11.844872	0.091943203	0.02593468
4825	3.1707494	0.11545469	1.2359244	2005.2471	46.304669	36.517864	0.15410691	-0.10930351
4826	5.6710608	-1.1319564	0.80259877	3436.1749	46.168417	26.400849	0.11751929	0.055128626
4827	1.8006474	0.80578099	3.000535	1451.0787	10.980674	3.0706461	-0.068394469	0.06556725
4828	0.62437862	-1.0098268	2.0850487	4763.3579	56.298102	38.428177	0.16245559	0.087499913
4829	5.3328933	0.38159727	0.99544911	416.45936	10.964001	10.324676	0.010850349	0.31765527
4830	1.7080033	-0.285523	0.30011328	1314.9964	12.101929	2.3206315	0.10164543	0.046402278
4831	4.2753355	0.47761517	2.1303593	1019.5086	10.417472	10.389654	0.35952155	0.067950182
4832	3.2878966	-0.68682727	1.3698239	592.46761	11.618936	1.6659325	0.025958178	0.14443169
4833	3.7632578	-0.068625149	2.2747242	391.3221	4.8504743	1.5669712	0.31743355	-0.049902997
4834	0.58928039	-0.87635299	2.0504474	7933.4751	75.96305	62.991072	0.091362376	0.70662408
4835	1.1110741	0.31940722	2.4995981	1722.5035	13.032473	12.305861	0.1266037	-0.087029832
4836	0.24853916	0.022557759	2.9308444	812.07641	3.4993777	1.8023992	0.22659471	-0.001078461
4837	4.1964134	-0.90258486	1.9636944	1974.9629	31.601074	13.694197	-0.40078316	0.019583276
4838	2.0783617	0.58459908	1.2256886	1720.5152	27.799687	26.903228	0.064132482	-0.52573016
4839	1.0204117	0.39477892	1.1994955	2469.0081	37.109237	34.486112	0.47177747	-0.0041184309
4840	3.2118698	0.0075923012	0.4961577	3520.2188	25.109984	24.906748	0.26343927	0.041404688
4841	1.3584501	0.99803884	0.8941881	397.54268	1.4377571	1.3970527	0.076147955	0.0083990027
4842	6.2577185	-0.0039863713	1.4297511	1519.4173	61.411665	44.348572	-0.0087528849	0.00075576957
4843	2.7842975	-0.83015625	1.2107285	165.39563	1.646435	1.3263378	0.036124492	0.01655475
4844	0.2838016	-1.3619311	2.898303	1816.0568	98.003314	31.097969	0.1723445	0.14480053
4845	4.2830858	-0.24572736	2.690457	5017.1741	74.709793	40.661664	-0.22610769	-0.036275279
4846	4.5423238	1.3050048	0.74132032	2172.9746	13.566529	6.096466	0.00081482484	0.0012927074
4847	4.2472203	-0.022423219	2.6861678	6210.3548	67.593792	64.412493	-0.0075341362	0.06096459
4848	3.4810211	-0.64340604	2.7742149	935.10276	3.9156939	3.0945519	0.47447291	-0.0034144623
4849	2.4518007	0.45075626	2.6511177	3504.1786	85.299806	62.906842	-0.19841168	0.10600596
4850	6.0275512	1.1220395	0.48113799	1305.4072	30.337109	13.67944	0.36775298	0.011665978
4851	0.84348693	-0.093138966	2.2085383	2102.6815	34.564401	21.903894	-0.033526949	0.15896642
4852	0.33771872	-0.63319463	2.8444778	4793.9801	19.218564	17.990362	0.087544875	0.15845939
4853	3.8624511	-0.69490829	0.083959083	19884.39	114.45782	84.698399	-0.063667654	-0.0015255873
4854	1.9536873	0.27693418	0.99333907	2255.3584	35.120375	30.660969	0.0065407834	0.07952779
4855	0.23930215	0.3681551	0.59482758	630.70474	10.655649	8.2991448	0.080424089	0.056991766
4856	5.0293968	1.5172186	2.4750195	5313.2036	64.769446	50.589638	-0.14813378	0.04535579
4857	5.1779043	-1.0020638	2.0940527	2055.7531	37.359316	29.633443	0.24077453	0.0058674375
4858	0.68766923	0.74205159	2.6120676	3143.3228	52.167177	44.655143	0.11159316	0.14330785
4859	5.303909	1.2861251	2.9250582	7701.463	128.6005	77.154648	0.15988563	0.013044954
4860	3.6356436	0.59111137	0.68955238	2444.8732	39.70197	30.377919	-0.035306161	0.10395264
4861	4.375122	0.072772304	0.56156639	6383.6312	73.122871	70.125633	0.10945921	-0.021358178
4862	3.1294069	-0.40248244	2.4958914	254.56788	1.3297024	1.3244963	0.057763912	-0.0073229575
4863	0.24995579	0.89349967	1.7470281	813.22833	26.635911	11.724213	-0.13909531	-0.035652446
4864	2.5469491	0.38292185	2.7650321	9042.0897	99.772441	79.055266	0.071007181	0.0091611774
4865	4.0190425	0.18331698	0.47987462	447.76743	9.3460559	8.2329144	0.25522704	0.040898178
4866	4.9166376	-0.38219138	2.5487866	791.2674	9.3194645	3.3558019	-0.00095465262	0.11709241
4867	5.2332414	1.1530227	1.3494103	2142.6927	60.418674	28.334345	0.055096469	0.22345873
4868	6.1233692	-0.3377877	2.3686124	979.01391	18.503808	9.7584166	-0.033480709	0.39326918
4869	3.6949161	0.49002038	0.55592263	1577.6613	13.65769	11.832004	-0.028525738	0.0075613719
4870	0.17179601	0.26559125	2.1515532	2024.2312	80.455655	54.568819	0.055956315	-0.061154043
4871	1.651914	-0.70391338	1.179075	1056.9701	10.766981	9.1085111	-0.043910297	0.18311435
4872	3.5920072	0.37807167	2.7112853	4537.853	61.969702	49.938655	0.0053064473	0.045096071
4873	4.6835563	-0.035174561	1.8383801	1248.1014	46.164073	26.076768	0.060965567	0.22583361
4874	5.1981089	0.99784159	0.59228348	605.3533	10.02571	3.8107625	-0.0034931073	-0.054195195
4875	5.4550997	0.67195411	2.5031164	7627.6596	122.30788	69.460161	0.007725087	-0.10541164
4876	6.0732538	0.61019543	1.2589426	388.21239	1.8647451	1.3859492	-0.021111887	-0.023116418
4877	5.4985859	-1.2754716	2.2285772	1493.4664	10.348286	10.314084	-0.10007879	0.33589335
4878	5.0733658	0.44659372	2.5175714	2117.6274	47.085263	39.174479	-0.12998271	0.30275025
4879	4.9366327	0.74018624	0.94356825	2043.0293	14.118241	13.870453	0.029248574	-0.18970606
4880	3.2702371	0.76770812	2.9670945	1814.1384	12.329325	8.1202455	-0.083402468	0.058682583
4881	5.6305444	-0.24575253	1.9639173	2528.5344	26.122131	24.960005	-0.0071981866	-0.04918516
4882	5.3951413	-0.52901665	0.9510678	212.12417	2.8523033	1.2236007	0.092932454	-0.081262993
4883	1.9261738	0.35303212	2.3558226	612.4686	11.020795	3.3533727	0.17198701	0.066204603
4884	1.8877335	-0.37191666	0.54750971	5333.7474	58.784568	55.356387	0.37259892	0.11449297
4885	0.84309323	0.17567747	2.4917589	2497.6231	53.082384	45.169189	0.20305793	0.012093897
4886	4.8922938	-0.064987688	2.1659898	1533.7786	24.435194	24.081175	-0.06459366	-0.0050316756
4887	3.4221084	1.014854	0.84236032	5313.7277	68.929262	63.76621	0.023232094	0.16599281
4888	6.0154199	0.92427632	1.81108	2932.2051	59.324874	52.329372	0.12062858	-0.020375527
4889	4.8507744	-0.77517875	0.916718	2919.8556	19.594299	19.235986	0.21054077	0.11158364
4890	3.6218913	-1.350866	0.1777851	439.28139	1.3080663	1.23694	0.045247868	0.00075982405
4891	4.6977618	-0.062858742	1.998632	464.15797	10.771535	6.9013828	0.11386556	0.00015306568
4892	2.2890597	1.2420252	2.1857828	1237.5234	13.206116	10.726944	0.026475279	0.0058669904
4893	3.9767342	-0.2438913	0.6228127	295.36477	1.6729163	1.4561715	-0.21646564	-0.016075898
4894	2.0970584	1.0947914	0.56319733	2292.6367	25.670276	14.266908	0.067478277	0.00012824922
4895	0.96800998	0.52699872	1.2369261	1100.5357	46.301725	37.887116	0.084018724	0.0014745564
4896	3.9764238	-0.2214948	2.6100525	15114.837	97.802104	95.442665	0.22868256	0.065559504
4897	2.7263871	-1.0909262	2.1277567	288.10662	10.317307	2.6343264	-0.26670165	-0.31997586
4898	0.88086336	0.35463534	2.6504707	391.09125	1.3409368	1.2472434	0.00036729419	0.04651947
4899	2.7557988	-0.65305177	2.4593801	2478.128	13.258648	10.735114	0.33571388	0.11243178
4900	3.2652498	0.24206661	0.68904836	1145.0814	12.620559	10.514174	0.21422053	-0.017797902
4901	0.34146406	0.60216518	0.57297503	1872.5997	12.480232	10.95236	0.0029947058	-0.016487716
4902	2.0301686	0.1548074	2.6712504	7765.4978	84.924043	59.902843	0.032063369	0.081399359
4903	5.9817833	1.2527276	1.9633637	1029.9326	25.661021	9.9773135	-0.30852239	0.29407783
4904	2.2740237	-0.47367186	2.9051103	1009.3411	2.8581295	2.1041001	-0.016618402	-0.02569927
4905	1.1101958	0.36017999	1.2657126	5048.4781	77.634198	62.663388	-0.13789558	0.034468085
4906	1.2240371	1.2786151	0.75582846	4753.5711	55.591019	47.359941	0.033771468	0.10775144
4907	5.1894159	0.17790491	2.4054075	1101.3703	45.327881	2.9325068	0.052438266	-0.13102223
4908	3.3233047	0.60348506	0.24889061	1519.4139	20.603726	12.844561	0.40300183	0.0035427473
4909	4.6016894	-1.0915081	1.3218125	675.17994	10.332076	9.8578874	0.0046081846	-0.10866149
4910	4.8728608	-0.98444474	0.68150641	2531.078	32.31428	13.835335	0.01153826	0.064509166
4911	1.4028928	0.96094012	1.0200883	524.68688	9.7975459	9.593382	0.14170003	-0.023260245
4912	5.9537194	-0.51177781	2.3616544	703.32813	10.492821	10.061135	-0.19152518	-0.29681309
4913	3.2054979	-0.63172534	2.2825293	1066.1322	10.49656	10.394129	-0.0050127053	-0.0025139517
4914	3.3315963	-0.65949814	2.6506181	4183.0987	63.853019	53.800895	-0.024938574	0.05224427
4915	5.6386758	-1.0747611	2.3183182	9096.2757	86.471055	44.45018	-0.010116484	0.084707504
4916	4.1316134	-1.309454	2.3663624	469.4266	2.4473529	1.4688114	-0.00020038589	0.25701229
4917	1.8902321	-0.52641016	2.6133045	1530.2114	12.914795	12.803949	0.001530731	0.17382331
4918	2.6510294	-0.78851498	2.1755675	815.27394	43.446943	34.916661	0.12548997	0.21617202
4919	0.68669431	1.0426724	0.64354578	261.69376	1.3810686	1.2942601	0.011442234	-0.019313992
4920	0.3928452	0.47852144	0.66476065	907.08016	16.432076	1.8705593	-0.10277145	0.17961984
4921	0.94951791	0.31511818	0.8339247	2317.2949	40.515223	35.498934	0.075123581	0.093719596
4922	3.7418858	-0.37591202	0.72469227	439.60484	1.9918802	1.4204864	0.019123874	-0.075327342
4923	5.0361451	0.17502582	1.0033395	2316.5099	31.460966	30.820982	0.073078953	-0.13377571
4924	0.71907576	0.63017118	2.3696255	1410.9334	12.306338	11.788275	-0.37875139	0.068549259
4925	2.4103318	0.032346073	2.082418	499.18469	9.7179431	8.4469897	-0.13251055	0.055525583
4926	4.7045884	0.25944516	2.4811119	1437.8673	12.122925	11.845517	0.041734825	-0.080700622
4927	5.1428245	-0.39206089	0.73656856	296.60988	1.9194172	1.5094658	0.0045871444	-0.15258758
4928	2.8711557	0.55889819	0.23175992	10650.969	86.776461	76.605529	0.3560191	0.10338342
4929	1.5801111	-0.87706795	0.36525549	585.07651	1.7120632	1.5696251	0.018009739	0.17045585
4930	1.9726132	-1.3216484	2.883708	10508.731	91.944269	67.350882	-0.16435236	0.36603079
4931	5.8524796	0.6444982	2.9155103	7112.5625	68.773949	68.742036	-0.10300457	0.058353189
4932	2.6981289	0.82491821	2.631621	853.02798	9.4834004	2.1987696	-0.0051479557	-0.0085061158
4933	2.9911268	-0.56316247	0.29848937	12037.019	100.45698	67.931431	0.038161334	-0.0018604531
4934	4.313026	0.2480322	2.3761689	3400.4645	75.187927	44.168656	0.13518225	0.031902237
4935	2.1939089	-1.324337	1.3716484	6420.9209	105.65398	73.133473	0.00037260237	0.035790131
4936	1.879723	-0.12879686	2.3879382	947.38616	11.767133	10.107725	0.0065931435	0.17830811
4937	2.838549	-0.90174806	2.8585287	10390.364	69.356847	47.285721	0.20899494	0.31257522
4938	1.2642835	0.62370545	0.47126144	735.02548	10.003471	1.9525183	-0.12264698	0.094760793
4939	0.26188596	0.91813497	0.72546109	1513.2129	10.98342	8.3849827	0.026841137	-0.082882823
4940	1.0702345	-0.42930129	2.4675963	3044.8438	13.734741	11.406053	-0.025733505	0.072217763
4941	2.1136127	-0.90212902	0.74118827	3660.7532	55.3683	34.157307	0.0069211881	0.016651916
4942	0.22633889	-1.0579688	2.3486081	7465.8123	73.60216	52.696413	0.080078404	0.16481854
4943	3.5877035	-0.21593658	2.7775605	3756.9516	49.143463	26.079255	0.070804216	-0.0019824137
4944	2.4324041	0.33017306	0.86912432	3239.0524	48.637004	41.060102	0.27911353	-0.14136471
4945	4.1584626	0.79659223	1.0959186	235.81173	1.8976474	1.466714	0.11298157	0.11537733
4946	0.30647766	0.77338982	2.0011145	5048.6422	49.594817	42.655718	0.049608025	0.1255794
4947	4.5433526	0.73673308	0.67202151	3170.8404	46.563674	32.400856	0.3978957	0.25412579
4948	2.5884368	0.6221961	2.7438146	15972.347	105.62519	89.703122	0.015329482	0.23577364
4949	1.8719234	0.048164571	2.4824049	3612.1053	44.853056	39.015552	0.01206764	0.26552643
4950	5.7714001	-0.57100416	2.7279936	2797.5858	17.92279	13.099675	0.22192112	0.006482452
4951	1.0644017	-0.4459456	0.9486103	1691.1716	17.48733	11.819787	0.13580761	0.20295707
4952	2.1439307	0.58847284	2.229203	2602.7506	54.387934	14.00691	-0.2211225	0.13512924
4953	1.3232225	-0.30517146	2.1828741	5398.3637	68.11127	62.116631	0.0284115	0.054848019
4954	1.2284181	-0.64473472	0.24279289	3639.1156	49.09356	42.179078	0.12175188	0.099543002
4955	3.1228461	0.041783143	0.43451474	793.62127	10.866396	10.850316	0.20937734	-0.012994434
4956	1.5902232	1.0806583	2.8272402	7773.5426	80.870143	59.467498	0.048968009	-0.048947959
4957	3.6654508	0.67689181	0.17810438	1437.214	12.609736	12.395498	0.049839275	0.050566774
4958	5.4883862	-0.45219883	2.5523144	2472.6207	53.69629	19.873844	0.013384457	0.0026815713
4959	4.1738566	0.52939889	2.4020899	2245.6795	48.198922	42.773234	0.051061684	-0.0013450087
4960	3.7834481	0.72126824	2.6466691	1810.807	25.601238	5.6421406	0.089435755	0.047748616
4961	0.29617218	0.79983983	2.3891229	12455.14	134.28864	88.044092	0.20546452	-0.030693473
4962	4.3442213	-1.2279901	1.3589245	1137.2151	21.547011	10.431897	0.03325652	0.1080742
4963	0.99702499	0.62925072	1.4014066	2198.6267	130.67765	82.145458	0.064778725	0.12425334
4964	3.0252105	0.16342306	0.12920596	1177.5866	11.217705	1.7392178	0.0068506691	-0.072704621
4965	2.8645697	-1.1084269	0.62792792	343.20641	2.7849791	2.2849415	-0.020733151	0.16944799
4966	5.9482054	-0.50894133	1.9299893	360.21984	10.223374	1.6761847	0.061680067	0.0083350834
4967	6.2713994	0.55567	1.5748236	361.63917	33.420544	17.644614	0.12012533	-0.19156429
4968	4.9649163	0.34559886	0.59073273	4301.792	52.950849	51.872191	-0.016275482	0.29339904
4969	1.2538892	-0.36037274	1.0911308	636.47386	12.571865	10.492895	0.064569643	-0.0069685348
4970	3.8958942	-1.2629678	0.46813436	1691.1101	49.427583	34.396081	0.0061394133	0.1234775
4971	0.79327792	0.24325041	1.9760788	802.28893	10.314996	9.8201788	-0.071193616	0.14248971
4972	1.4906978	-0.57066656	1.2697996	7247.3999	71.094647	68.018381	0.00036560129	0.021360331
4973	1.3693135	1.1556116	2.4721279	1564.0727	24.850859	13.089492	0.065633513	-0.32936808
4974	5.8809512	-1.2641065	2.0689294	600.75916	27.731937	9.9810062	0.35008589	0.059497183
4975	1.6193715	-1.2341327	2.9003426	4063.6322	31.450083	13.246896	-0.49403416	0.30805396
4976	4.3762155	-0.14117486	1.342702	447.07646	10.54976	9.5940124	-0.33841561	-0.082324639
4977	3.5235569	-0.16710398	2.5349308	385.5693	8.1735896	1.4591065	-0.32808332	0.042770624
4978	4.2087718	1.0049311	2.0216404	7645.8771	97.405979	69.070194	0.11352171	-0.061802879
4979	1.947985	1.2290168	2.7280273	12878.493	86.080319	73.339449	0.20218272	-0.044844317
4980	4.3540228	0.49367951	0.45032533	1358.6834	13.13342	10.136736	0.14780132	-0.25351624
4981	2.4378351	-1.0297269	0.619577	1234.6392	35.851506	29.334015	-0.23481162	-0.26848564
4982	3.1195173	-0.036790043	2.1054052	3052.8068	50.423762	29.88135	0.19421539	-0.057788624
4983	4.4943646	0.97707533	1.1914414	3244.5499	34.601945	31.493837	-0.33628691	0.09963174
4984	4.7522698	0.20316661	0.58656812	2297.1996	20.069287	20.046881	0.017954587	0.01289647
4985	3.5615138	-0.9674049	2.6695667	6158.9112	76.274987	38.246835	-0.084254696	0.12593014
4986	0.5147169	-0.087604905	0.1201206	5384.3445	63.579445	62.43353	0.022102306	0.013157466
4987	6.0517281	0.31178863	2.2181704	955.14065	10.571737	5.6914353	-0.010069338	0.027383264
4988	1.3033566	-0.62662323	2.0457471	6238.5376	54.15214	52.763745	0.16300293	-0.064262058
4989	0.9119306	1.15084	0.6761786	1084.9343	11.734266	11.535456	0.010715076	-0.053545777
4990	5.9155774	-0.19133793	1.6820483	772.55165	11.005231	10.949755	0.18257085	0.10375018
4991	0.60784831	-1.1168146	2.1890607	7868.0174	96.188907	75.262032	0.23295435	0.071680192
4992	6.061439	0.37072478	2.598165	332.88001	2.5097538	1.3100882	-0.088591563	0.21651226
4993	0.86780914	0.20265536	0.93395826	1516.785	31.954347	9.2042118	0.07623268	-0.044403313
4994	2.8200899	-0.62653935	0.41470946	2228.2013	50.556738	14.212782	0.016918709	0.20791696
4995	5.3949229	-1.005436	0.96987954	1235.5499	26.137172	12.539008	-0.02100718	0.087603706
4996	4.4734864	1.1330784	2.5325929	2425.7613	12.798069	10.591167	0.017745112	0.25621273
4997	2.9087316	0.37028248	2.0734437	819.02265	13.124037	9.9587671	-0.2038282	-0.012005805
4998	2.9959081	0.21476512	2.6485894	545.6948	2.6362256	1.3822881	-0.092699184	0.094292806
4999	2.863457	-0.64098079	1.4483422	1010.1587	9.335052	8.7085452	-0.0020787356	-0.06390618
5000	6.1668029	-0.074048336	2.1585422	4030.94	33.232232	31.882855	0.010720661	0.10586934
5001	1.3458627	-0.60968787	0.52796174	552.30216	9.6913017	8.7530161	0.047299515	0.11562541
5002	6.1363053	-0.076325322	1.3061362	708.9552	18.844146	11.5243	0.35464879	0.10187261
5003	0.83754966	0.5530869	0.1852059	642.26427	9.7310055	9.6052453	-0.10682614	-0.0049673696
5004	1.2375365	-0.97270958	2.7146328	6142.4543	53.833394	48.051002	0.14783323	-0.038285738
5005	2.8470119	-0.22942095	0.94393628	2748.0361	60.905506	50.715853	0.30669473	0.084973577
5006	4.2097459	0.94157281	2.8381264	2010.9543	21.471547	18.849799	0.0039532607	0.052068467
5007	1.7306731	-0.76766652	0.14361688	11348.586	77.540662	72.371621	-0.10336615	0.054519162
5008	3.1910368	0.098668976	1.3345749	1384.6655	36.22608	26.420901	0.0048405739	0.17909887
5009	1.6755336	-0.93705398	2.9020702	7148.0385	42.86777	41.173195	0.072360492	0.19084731
5010	5.8325558	1.0174978	0.16030172	3542.0745	35.608054	14.755764	0.44482864	-0.08035895
5011	6.1963032	-0.71149485	1.0370985	1465.4175	22.571184	11.57627	0.049178824	-0.32365857
5012	4.357376	-0.97216271	0.63061117	609.19232	9.5111891	8.9349149	0.34406056	-0.085759319
5013	3.2851744	0.67198561	0.42320426	2067.8427	10.920533	10.048808	0.0018936307	0.1018201
5014	0.08664585	1.2192706	0.5846039	943.30666	35.826948	19.766658	0.31871707	0.049298875
5015	0.23852456	-0.58643214	1.3425881	916.64356	10.67103	8.8216913	-0.087339496	0.014271342
5016	3.5432645	0.31623821	0.65644866	1126.5074	11.663688	11.197773	0.0031873108	0.070254983
5017	5.9456222	0.26041334	0.24842601	2240.1916	44.253329	34.670452	0.029024514	0.29118665
5018	4.8043351	-0.92055074	2.0055597	2004.4426	12.211956	11.760262	0.11196527	0.22079968
5019	5.9471936	0.19358214	0.4756494	4815.2557	38.094871	22.876434	-0.0047004862	0.2601584
5020	0.33828048	-0.67376423	2.4064609	1137.6512	28.09121	12.632434	0.0075084964	-0.18380725
5021	4.7467303	-0.32332357	2.7744437	7788.3307	94.874882	91.823944	-0.032505849	-0.12574895
5022	4.6974295	0.57795604	1.8573421	168.76508	1.937391	1.7999483	0.068463993	-0.0025342507
5023	3.3758194	-0.21166693	0.46766258	1578.1906	13.90329	11.221107	-0.069079473	-0.089167379
5024	2.1454575	0.31168385	0.91457635	4202.5253	62.913835	60.921076	-0.12791418	0.041307655
5025	3.6426857	0.3273376	0.63153193	194.19449	1.7539427	1.3766564	0.033856981	0.049941606
5026	2.1314836	-0.3988603	1.6746105	1766.4969	62.733562	31.62279	0.006158366	0.096732896
5027	2.2959064	0.58002919	2.7845711	633.87341	10.206226	10.1344	0.13053212	0.14912957
5028	5.7044111	0.7685697	0.82193128	3162.8027	14.052189	13.034449	-0.0091670005	0.18762514
5029	3.0928735	-0.49521516	2.6965385	3026.644	38.410591	36.870702	0.016713427	0.15130652
5030	1.5105795	-0.064466179	2.5265962	4901.3427	66.095948	55.776373	0.0048955581	0.005237137
5031	6.1636299	-1.1847497	1.8845393	2718.2073	47.234405	38.942331	-0.005938331	0.010102812
5032	4.8974562	-0.53160421	0.51626505	207.04015	1.660801	1.4354795	0.020946825	-0.043600397
5033	0.55389176	-0.65611139	1.7499818	928.85635	28.689663	13.230845	-0.072673947	0.41036408
5034	4.86605	0.15599065	1.6624684	1093.3972	50.049158	48.216943	-0.14122061	-0.36504868
5035	3.2122707	0.82825329	2.6636915	3198.7646	41.405287	36.596391	0.083657812	0.19527916
5036	3.8344539	0.87251086	2.7082511	3392.463	15.563325	14.348368	0.093102715	-0.0050785955
5037	6.1238151	-0.52633463	2.5355937	211.33717	2.0281514	1.4432202	0.0033529925	0.1143466
5038	4.5723797	-0.012052676	0.33997041	393.67781	1.4734486	1.3328386	0.096618541	0.013197853
5039	2.2160551	-0.53159712	2.7094663	2424.609	38.169277	36.51494	-0.30873109	0.011827051
5040	0.71968396	-1.2301337	2.799606	1620.6779	11.894261	10.723018	0.0081791967	0.002250158
5041	5.9422985	-0.68250335	2.4445564	192.12609	17.511789	2.4336218	0.23822337	-0.022864655
5042	2.7667197	0.1385758	2.473125	2250.9093	20.419161	16.58312	-0.25882656	-0.23119986
5043	0.96815779	0.67705411	0.24494404	2210.8609	46.119401	31.344102	0.095489661	0.0050453812
5044	5.8884883	-0.94026838	2.3694552	2645.8305	56.363048	48.087747	0.057563136	-0.16244526
5045	0.25414684	-1.0335611	0.79493082	4764.3932	119.4753	48.826133	0.037597454	0.027355549
5046	1.3214947	0.39200267	2.4942018	494.7648	1.5924026	1.3134822	0.046919372	-0.010768869
5047	1.7757096	-0.83637011	1.9402567	690.15689	21.023181	10.90011	0.01306385	-0.27173681
5048	2.4016645	-0.92373415	1.9381585	3687.4492	62.852809	49.140819	0.24141415	0.063738928
5049	2.5855464	0.074593683	2.8217633	1843.0545	12.61853	11.569229	0.26680778	0.027409889
5050	0.78568167	0.20771605	2.3928136	200.9564	1.6581956	1.4923001	0.36330151	0.12844157
5051	4.0032552	-0.53149358	2.7068087	780.00066	8.0817596	2.704358	0.036296088	-0.10045117
5052	2.4768046	-0.84350829	0.08038919	396.60198	1.9681345	1.4540274	0.0969723	-0.027352835
5053	6.206926	-0.40281491	0.44963028	2974.6917	54.115889	38.634787	0.16666535	0.28956402
5054	0.95544999	-0.96557484	2.8742071	1796.6826	27.595588	26.078365	-0.21192657	-0.022079385
5055	3.7888012	1.4469808	3.0462702	969.86326	10.636016	2.163477	0.0065445151	-0.044776023
5056	0.26249818	-0.7803095	1.174201	8096.1588	39.657003	32.554016	-0.059825243	-0.030312112
5057	3.5227341	-0.144201	2.3490619	578.16524	46.234513	9.9781327	0.068806718	0.097145588
5058	2.820401	0.36160957	0.81417144	5963.1233	53.49553	46.994268	0.019139305	0.058220248
5059	0.71386326	0.04231111	2.3104458	1759.7109	13.508819	10.551031	-0.1872435	-0.25260179
5060	5.2173448	1.2991299	1.3015401	1306.95	12.951764	12.029721	0.061565547	0.094124383
5061	3.8544304	0.72047662	2.3020331	374.25578	2.3305362	1.5272645	0.14533267	0.10826859
5062	0.003251165	-0.27723877	0.64750457	708.46212	29.568858	9.8083219	0.27591305	-0.20451057
5063	4.1561804	-0.58553113	0.67096702	4211.4635	15.573992	12.807285	-0.03674949	0.0038496219
5064	2.9120821	-1.0996468	0.55068105	2683.5009	15.907561	14.336195	-0.044284807	-0.010198573
5065	3.9278626	-1.3220851	2.4470519	7349.0824	83.67667	77.506205	0.098747994	0.17433068
5066	3.1169022	0.7273864	0.47503998	4416.1507	21.975551	17.519436	-0.039558647	0.010775877
5067	3.076304	0.47449602	0.79391937	1726.2539	16.870538	14.954607	-0.0085532328	-0.0702449
5068	4.4475561	-0.87656353	0.72517034	1151.5738	11.740128	10.170762	0.014032271	0.17021021
5069	2.4522417	0.19535598	1.4587591	1343.0398	35.193849	29.424833	0.13493278	0.12370359
5070	3.1091083	0.71150998	1.1523101	1591.2311	22.947123	11.32881	0.069236647	-0.047130481
5071	3.379295	0.77310766	2.6569608	2432.2326	49.175748	48.290714	-0.031748792	0.078400917
5072	3.5450108	0.72142034	2.1243367	438.76146	2.0279374	1.3829621	0.007300678	0.028041658
5073	4.0080529	0.40731599	0.97326042	1604.0549	21.075064	12.311617	-0.041458137	-0.13936487
5074	6.2369412	-0.023973467	2.7380864	4204.3137	18.328117	15.154151	0.16162736	0.4832868
5075	3.1141053	0.89688637	1.1574202	1908.202	37.509991	26.406902	0.043121805	0.42672217
5076	4.2909365	0.49766659	3.0152581	4558.5277	19.19887	16.010531	-0.12643976	0.012424048
5077	4.8621341	0.68679591	0.7413001	5284.6422	49.397456	43.397371	0.28570265	-0.0054819148
5078	5.8480551	-0.93924636	2.4067266	5541.3837	68.31396	57.019981	-0.010688322	0.031608516
5079	1.2531783	0.94889289	0.28245584	9613.5122	86.021643	63.551981	-0.0093790931	0.1772574
5080	0.64564893	-0.61152973	0.76384812	8225.3539	79.657087	79.338064	0.024820028	0.04538964
5081	3.582308	-0.60197528	2.5900281	4898.9692	18.027075	15.584732	0.16773928	0.23734422
5082	2.5493787	0.65612952	2.8382356	323.88715	1.7002633	1.4499713	-0.076151177	-0.091547748
5083	1.7018262	0.77188542	0.53625127	2510.8299	19.575105	16.731562	0.10333517	0.14900054
5084	5.986284	-0.11811026	0.21111501	729.19544	35.548035	25.920856	0.02629597	0.097741911
5085	4.812583	-0.35148014	0.74171782	6095.5783	56.473822	36.473642	-0.023927213	0.10986438
5086	4.3835988	-0.70450427	2.5732725	1070.3249	11.361294	2.432264	-0.06102088	-0.11728091
5087	0.42295865	-0.36607917	2.861524	652.76223	21.177313	2.7705909	-0.14080226	0.052580189
5088	1.4741215	0.14680806	2.1818633	3228.1568	42.098988	40.61893	0.023383426	0.031443595
5089	5.5987852	1.2189171	0.54085993	1521.158	15.866469	12.865606	0.087784606	0.090073233
5090	0.32569813	0.95737075	0.76460694	1595.4243	45.124479	30.484142	-0.1910197	-0.14412207
5091	0.65981269	-0.032295788	0.9835628	1851.0936	34.709645	32.922956	-0.051864061	-0.19818058
5092	3.5218369	-0.3441541	2.5337143	846.89437	27.280285	17.96964	0.0069112962	0.065113817
5093	2.9567612	-0.70979479	2.6931391	1386.6402	11.646728	1.9023714	0.15312156	0.014444795
5094	2.2059941	0.26457577	2.0339473	806.84968	20.048849	2.4363289	0.037258866	0.0087358855
5095	1.2308286	-0.14199838	0.66939414	1424.5259	16.6326	5.0298006	0.25037029	0.031039267
5096	6.2357873	0.87976766	0.97693364	465.81298	3.1493326	1.351817	0.013002771	-0.0018303412
5097	2.4303813	0.71756205	0.40009818	3346.5392	52.692059	19.780138	0.27219926	-0.01307276
5098	3.2672946	-0.73491397	0.65764384	2771.539	13.898433	12.258745	-0.24633758	0.13247244
5099	5.0118443	-0.39830007	2.4651337	5085.0174	54.04865	43.067028	0.027067872	0.065439254
5100	3.2586636	-0.37552211	2.6198349	1037.1515	40.877968	39.617379	0.62279159	-0.15759118
5101	3.4421926	-0.79464269	2.4618974	715.76631	10.539368	3.8001898	0.083460613	-0.046551593
5102	0.95568925	0.41420833	1.360471	2127.6711	34.686082	33.404855	0.027186634	-0.0045015198
5103	5.755618	-0.018152033	0.52257939	2503.3451	27.226144	12.151924	0.063159599	0.0094919508
5104	3.195571	0.24485017	2.0528679	768.68335	12.875712	9.3692301	0.17259912	-0.16890345
5105	2.9265496	-0.26172739	1.6589101	1042.3247	30.206636	27.114163	0.19180248	0.017580569
5106	1.0154617	-0.089551948	0.59678637	1236.5496	12.659251	7.8685985	0.13279922	0.079027017
5107	2.4900804	0.43304533	2.6756175	1210.3529	10.068291	2.2558243	0.2301807	0.15470806
5108	6.1015459	0.96890125	2.6458485	424.89167	1.4864659	1.272495	0.074230075	0.0085874408
5109	2.6387404	-0.66016858	2.1507235	5589.9986	98.518261	61.455915	0.013185168	0.15335534
5110	6.0026239	0.47776827	0.42636862	4317.5429	40.556543	15.924374	0.17343098	0.18752322
5111	2.2599085	0.19997635	2.4869921	4219.0316	47.17518	40.795917	0.056528892	0.17661334
5112	4.9911345	-1.2422623	2.7980672	174.29859	1.38599	1.244046	-0.23283917	-0.057376742
5113	1.6763031	1.2042127	1.5367126	5559.6644	80.479171	68.352561	0.089435595	-0.040205653
5114	4.3918173	-0.18938468	1.8170177	138.50271	1.6212839	1.2508747	0.027830735	0.13243349
5115	5.3894181	-1.0079019	2.0842033	623.65903	9.3044157	1.289482	-0.017740876	0.037634386
5116	5.8880565	-0.56708908	0.64644745	1781.8926	13.079819	12.328468	0.0066743176	0.066809577
5117	5.9026673	-0.54374576	1.6543413	1154.9751	41.164767	39.315892	0.23361826	0.078825975
5118	3.2297849	-0.078617894	2.054167	335.25814	34.492218	1.4736351	0.058423605	0.013663974
5119	1.3535163	0.6780848	0.24171933	3917.0071	27.197941	12.60639	0.13076906	0.2085555
5120	6.2527352	1.0232675	0.57697449	5895.1785	59.152944	36.862611	0.0041974561	0.041802282
5121	1.5161764	-0.83679867	0.43759897	3549.6665	15.663591	12.144459	0.055607697	-0.017070159
5122	3.0087441	0.16353608	2.6898232	344.6583	1.5246619	1.418549	-0.022537691	0.051694432
5123	5.6929598	1.5142536	2.5591473	4308.7856	35.071407	19.879947	-0.081956755	0.070453758
5124	1.2593907	-0.37761834	0.78980235	3315.8907	90.944652	34.082724	0.084397805	0.14428333
5125	4.2612701	0.66953587	0.77617291	3461.4613	59.809876	37.491395	0.12832179	-0.0027178144
5126	2.9314038	0.85157297	0.71267416	391.59454	11.100595	1.8070847	0.20174033	0.054689024
5127	1.768785	0.26729503	2.7045889	2756.5865	23.329695	10.615327	-0.26195585	0.28302231
5128	2.6827352	0.1767356	0.27478866	1653.445	19.059006	15.47849	-0.25882656	-0.23119986
5129	2.1836476	-0.55816735	0.45155001	1663.942	54.38283	39.726195	0.096877331	0.036600129
5130	5.0427961	-0.82632486	2.5886102	2869.5526	15.103678	12.058824	0.098969021	0.11276708
5131	3.9974119	-0.81875927	2.8992113	1756.3387	11.243712	7.8059834	0.059777632	0.13707705
5132	2.5222186	1.1424581	2.5708972	7131.5357	72.603606	55.631827	0.10629151	-0.050935472
5133	4.6661415	-0.83266221	2.1803043	6428.8349	65.500836	52.452883	0.34821198	0.004446779
5134	1.9860535	1.3218438	0.78039239	216.89138	1.4711362	1.3806553	0.066059992	-0.13963174
5135	1.6418009	-0.12188555	0.69987135	3595.2219	58.882653	54.237034	-0.012443827	-0.21532065
5136	6.1457764	-0.49458217	0.17025039	8737.1432	62.403561	46.602964	0.019630275	-0.019921133
5137	4.3576618	-0.56557073	2.6366455	10733.607	59.982897	39.367439	-0.41794885	-0.085198789
5138	2.9974762	0.51922223	2.7660204	1280.8961	35.772166	10.614941	-0.0083105329	0.057215781
5139	0.097872069	0.94721666	0.6939592	4043.6646	54.190899	17.94517	0.14537553	0.30769812
5140	4.2393031	-0.11268922	2.8352225	2825.0562	48.583655	47.583516	-0.21353284	0.19544865
5141	3.586514	-0.29736081	0.70751082	997.2151	11.127232	11.09812	0.06844629	0.041843654
5142	4.6365233	-1.0998451	2.502969	1859.6735	14.383338	11.414655	-0.20864297	-0.2495923
5143	0.069388057	0.65608963	2.6974097	471.05711	1.9406784	1.3743059	-0.035238452	0.021569679
5144	2.847508	0.95537691	1.8443208	861.62955	10.010473	7.8230002	0.0076828835	-0.13563297
5145	0.53897052	0.086863105	2.4592533	5130.9509	58.207464	37.241561	0.25072996	0.050073856
5146	0.21538583	-0.31447272	2.5487088	3739.9516	16.339455	15.640862	0.13147944	0.036696323
5147	3.7304101	0.40425893	2.6726543	7805.0019	75.963546	70.529973	0.055978062	0.27095667
5148	0.055936171	0.25862441	2.8209076	495.63868	1.6057901	1.4353635	-0.0042854006	0.0062521193
5149	2.1366167	-1.1395735	2.7083984	1160.0836	10.980785	1.7755301	-0.078110902	0.12798489
5150	1.1119766	1.0174081	1.7102339	1697.7185	40.495229	32.893742	0.13842474	0.14380126
5151	6.0090723	0.23581467	2.8604112	3764.439	16.107481	13.399547	0.048909672	-0.17088865
5152	3.2324636	0.51328159	2.1278633	2620.9899	121.71081	91.775624	0.013432305	0.0154219
5153	2.8841605	-0.63838764	2.4503707	675.14079	13.729153	9.3184619	0.0016920401	-0.0047216476
5154	6.1545011	-1.0108805	2.5682942	5374.623	33.889908	25.683637	0.055444898	0.075307663
5155	3.5525837	-0.046283383	2.5583161	1353.5721	12.95181	11.430197	-0.137301	-0.11419078
5156	3.5303023	-0.29255823	1.5410249	448.5649	9.1775806	9.0773997	-0.0017714167	0.051225598
5157	2.7617588	1.4144122	2.7175863	2753.4239	14.591949	11.406365	0.069350251	0.043642906
5158	4.4345964	0.81547482	2.4361833	6099.505	57.09778	33.14019	0.35748699	-0.039554034
5159	4.1238126	-0.57464561	2.9388602	1648.8214	10.392573	3.4929477	0.060012425	-0.034148911
5160	4.4284469	0.37736166	1.762634	1681.6462	50.261392	46.34933	0.014985469	0.21791043
5161	0.62826999	0.49384025	0.80355291	4702.629	42.917972	37.844823	-0.011596231	-0.14302289
5162	3.0038806	-0.1517822	0.81502736	1405.0169	12.959186	11.605996	-0.069229764	0.27983971
5163	4.1304509	0.8134234	2.5968018	8049.8459	65.496978	64.944996	-0.019140031	0.061930452
5164	3.1934827	1.2696372	0.56850524	1204.7991	12.774554	1.5413575	0.012727813	-0.068822176
5165	5.0219961	-0.25394834	0.51928211	3592.3159	43.738667	14.091169	-0.019326587	0.30833092
5166	1.7759651	0.33777863	2.2692069	576.74807	2.3991794	1.994744	0.1668273	0.11996233
5167	5.4951191	-0.45966	0.31273795	1297.9762	12.14936	11.221886	-0.043164707	0.084902631
5168	0.73005798	0.69145814	2.9106339	4666.3613	50.988899	21.528752	-0.055429385	-0.0019618573
5169	0.24289386	1.0474465	2.8060253	4000.6677	60.643986	60.593949	0.14451788	0.030916171
5170	2.9082361	0.68908654	1.5761812	1782.6729	49.986281	46.193514	-0.29805103	-0.037637963
5171	1.63577	-0.21007221	1.3296234	387.86656	22.774889	22.459539	0.087999403	0.16229808
5172	4.5383208	-0.87198636	0.53814949	6187.3901	53.28134	33.387882	-0.026579894	0.00027192139
5173	1.4691593	-0.17972266	0.64851755	2891.128	39.326084	21.791211	0.1706698	0.023764639
5174	2.7559127	-0.66319376	1.9064107	3070.6539	55.928298	55.446799	0.37643181	0.39341129
5175	6.1127249	0.35773112	1.9295425	2008.7676	48.560519	37.209039	0.10629151	-0.050935472
5176	1.7052004	-0.55112666	2.0671044	8902.6269	136.23597	96.360224	-0.06322923	0.022352464
5177	2.9384826	0.50466784	0.532928	6671.2703	82.068738	49.298259	0.094044754	-0.31521838
5178	2.6271634	-0.98724469	1.0484885	248.92329	1.5155516	1.3774311	0.022235746	-0.012242932
5179	0.26913514	0.41992528	0.95348372	10052.626	116.96127	86.289037	0.21259932	0.11699815
5180	1.1497546	0.93737407	2.6656017	1997.1267	13.103089	13.102275	0.074536897	0.11162621
5181	3.6765713	0.44442764	2.1449594	1151.7635	40.61516	10.170115	0.13222204	0.030703291
5182	4.7754262	-0.6367621	1.7407444	5112.4055	41.818739	39.642562	-0.10596966	0.12283005
5183	5.2287579	-0.047976106	1.9804513	2323.2983	26.905196	23.142349	0.21779226	0.0097840041
5184	0.97866201	-0.15832938	2.0402314	3191.5623	54.78412	39.677129	0.46094054	-0.032514987
5185	0.22033824	-0.6721701	2.262722	4494.2654	49.731558	39.25598	0.0031959042	0.0081125005
5186	6.0425944	1.0949111	2.1184743	509.43652	11.375467	10.302198	-0.26667298	-0.56022913
5187	0.1901802	0.54779935	0.65226219	225.07291	1.7644374	1.2895457	-0.0085202912	0.020191881
5188	0.4194017	0.77965421	1.1305385	345.52716	2.1876198	1.635376	-0.030972658	-0.064441885
5189	4.0709191	-0.094749711	0.7458865	2196.5131	13.298233	11.724377	0.095636017	0.021455415
5190	1.0303299	0.38152188	0.54410483	3470.105	12.696328	12.461997	-0.033174247	0.012951445
5191	0.64874207	-0.52248703	0.16055643	2594.1386	45.586503	42.276217	-0.091045583	0.10513849
5192	3.7112316	-0.27916283	1.7199329	4702.6167	158.24296	117.73552	-0.0011427867	0.11542728
5193	1.006282	0.28668791	0.5681962	596.55662	2.6153329	2.4782101	-0.0049349626	-0.004788386
5194	1.7624389	0.2847264	0.4023739	4946.8993	61.941124	16.714654	-0.019605547	-0.12012569
5195	1.0720862	-0.10705711	0.63482462	4762.6013	48.284203	25.116967	0.037199377	-0.056877525
5196	3.9123978	-0.18373514	2.3983415	3815.5876	43.638243	36.948215	0.050817868	-0.17761748
5197	1.7002085	0.20323724	2.7719745	2345.7791	21.07205	10.819207	-0.024591162	0.16295101
5198	3.3855892	-0.11390749	0.50672103	358.00978	9.1023664	3.2298774	0.073320717	0.10947185
5199	4.6361574	0.23075133	0.19254019	2515.4599	56.830679	44.736904	-0.24482223	-0.29035099
5200	0.053353036	0.46481449	2.1166484	62.299216	2.410578	1.6052756	-0.22316686	0.00190559
5201	0.7459264	-0.14878077	1.7134051	248.91809	28.759749	4.1571357	-0.034869727	-7.89571e-05
5202	3.9272206	1.297791	0.14523166	134.93957	1.5640034	1.1407705	-0.00033457302	-0.14752366
5203	0.84034514	1.5227934	0.3613461	5256.4815	81.93879	73.444984	-0.0077691063	0.063089517
5204	4.3738844	-0.98782661	2.0792438	2523.4099	47.682034	43.481334	0.0030198708	0.13130997
5205	4.5475126	-1.159365	2.7235046	2117.465	11.345924	9.8458289	0.10342663	0.18171342
5206	3.682211	-0.23239787	2.7381184	2803.8121	36.51804	29.726138	0.061711889	-0.014045298
5207	4.2551104	0.78384222	2.9107618	1203.32	9.8158789	2.0043985	0.082268535	0.025490231
5208	4.2196358	0.99989883	2.3391337	1331.4008	29.804601	4.2004516	-0.089081111	0.049671282
5209	5.0116693	0.52883872	1.8385344	1720.0461	39.720131	35.398915	-0.0079144297	-0.025763263
5210	4.3803968	-0.066211928	1.991177	1801.9738	21.112166	13.203641	0.0035542257	0.0044123723
5211	4.5581846	1.091489	0.33585195	378.49749	1.3253262	1.304607	0.030098377	0.00030036413
5212	3.7373543	0.96256892	0.94106803	366.67277	2.0293101	1.6275197	-0.007045543	0.030788347
5213	2.4106437	1.0301004	0.76893111	5127.5922	67.037288	58.686376	-0.039175459	0.0091481518
5214	2.90494	-1.3080475	0.28851414	298.1478	1.6045744	1.388535	-0.084665808	-0.10413291
5215	1.803403	0.72755717	0.98237826	574.45169	8.4298592	1.8204784	0.1062414	0.15822517
5216	6.1690662	0.41432625	2.135479	1157.5484	35.238117	19.301269	0.10652323	-0.062451533
5217	2.5098499	0.94825825	2.8215942	1151.5251	11.191832	10.770788	0.025289796	0.018404709
5218	3.5981492	-0.66491178	0.87183795	2806.1306	15.336899	13.35296	0.14882676	-0.013073418
5219	2.3466732	0.37362074	1.6636844	226.06924	38.997321	1.7613909	-0.16107143	0.073993704
5220	5.6093901	-1.4764781	1.1212853	650.58327	10.291477	8.5713092	-0.010556394	0.24778276
5221	0.47844443	0.49823276	2.8980855	1560.5559	12.141125	11.772538	-0.0062211468	0.017096221
5222	0.2552452	0.53227312	1.1594098	5642.0725	51.726038	35.319299	0.14405722	0.14129447
5223	2.457991	-0.90456459	1.3319301	3550.2032	78.292019	73.433637	-0.15113218	0.34182894
5224	0.038339031	0.83175006	0.87710042	307.69537	36.936064	2.0761173	-0.062651512	-0.016845597
5225	2.2472332	0.84447643	0.60619074	306.53825	1.8643458	1.2935705	-0.23700939	0.019676521
5226	2.3115142	0.66811672	0.64734708	582.6444	9.6989914	9.649375	0.33901638	-0.206529
5227	3.2194051	0.39376636	3.0036978	1195.5069	11.402369	10.73359	0.49553488	-0.01737195
5228	1.1525204	-0.32355388	0.23703362	2803.587	39.831133	30.956818	0.11048794	0.41635562
5229	2.4222186	0.39384428	1.5901857	3304.4278	57.867287	54.656266	0.059020111	-0.15442819
5230	2.9618766	0.70694697	0.94700021	6318.8883	86.009386	70.281919	0.022032805	0.021207263
5231	3.4924823	-0.58552202	2.8189475	1291.6106	11.117377	10.166971	0.22293937	0.048970889
5232	3.4059314	-1.0915391	1.2016478	296.42934	9.7446332	8.9667269	-0.0079574912	0.14621897
5233	5.4827423	-0.79799648	2.89188	2122.6886	10.468357	10.054133	0.12310048	0.22521277
5234	5.4692454	-0.76461597	2.1807815	3418.4568	52.207422	37.064921	-0.05673829	-0.0038672471
5235	3.0798478	-0.04590889	2.1522762	489.37843	10.590934	10.223516	-0.0021188078	-0.40393043
5236	2.9810013	0.21983372	0.21001845	1388.8593	10.170053	2.3623418	0.080512233	-0.0048676485
5237	1.187549	0.17002825	2.7232248	2685.1863	16.053799	14.857944	0.20996279	0.0044252041
5238	2.0215582	0.85019829	0.55201935	4274.1457	59.137618	36.375703	0.09380669	-0.029067686
5239	3.6336627	0.2715471	2.6307785	3747.3238	14.196607	13.268008	-0.0059369454	-0.01755351
5240	6.2565401	-0.44206119	2.2152011	2134.2538	43.87384	37.173571	0.032291207	-0.031636899
5241	0.93915636	0.56739033	2.113157	2599.158	89.969467	49.519782	0.0007715437	0.044881736
5242	3.4372415	1.1138568	2.626202	9923.0108	70.752219	61.637504	0.3234514	0.17214021
5243	0.035382302	0.25305958	0.78323402	2205.2122	12.735895	11.915795	-0.026536748	0.28047001
5244	3.6590992	-0.45114109	2.7294124	448.28305	1.94666	1.3560022	0.0032806174	0.078995019
5245	4.9531666	-0.66684251	1.0488458	1664.1605	21.590082	14.422435	-0.06577411	0.063108556
5246	4.0540303	-1.2114241	2.7984257	2340.34	76.722846	39.38393	0.12256829	-0.032791867
5247	3.8130627	0.28523208	2.6516589	2828.4183	14.347302	14.123345	0.011201784	0.0049205592
5248	2.5624265	0.68283988	2.5926705	6028.6112	71.831043	41.904797	0.07982214	0.072357133
5249	1.2068046	0.21027518	2.7289432	5293.2542	52.502454	49.022815	0.0069966086	0.047637988
5250	4.0106608	0.78938192	2.7763618	1132.8374	13.35602	1.7995648	0.04399918	-0.27214518
5251	2.0717342	0.078488273	2.2193305	9462.97	80.048837	79.901413	0.32918945	0.05913284
5252	2.0475693	0.3932979	2.0844637	2010.3591	12.786344	9.5708371	0.07671245	0.11477606
5253	1.6665563	0.16154754	1.0608776	4636.3493	120.05939	61.961475	0.13177814	-0.077786104
5254	5.778536	-0.27278141	1.2073702	2172.2346	55.295491	45.275896	-0.065588928	-0.0057320295
5255	1.1398726	0.6819266	0.54944613	13352.635	166.82648	113.54461	0.14009241	-0.027813159
5256	5.4039384	1.1223703	2.2789684	3202.8065	54.102144	52.716117	0.092377734	0.17462972
5257	1.2902517	-0.91628648	0.91023996	2874.1626	144.41969	119.91735	0.022756904	0.045839349
5258	2.2902897	-0.20863632	0.34939578	511.10097	12.86926	10.171463	0.10628439	0.1061459
5259	0.89790359	0.61928386	2.6911604	1714.7986	13.546652	10.325357	0.047562993	0.027033587
5260	0.14975457	-0.30588407	0.64440863	1168.6865	17.275619	11.708707	0.0014392092	0.82142146
5261	2.2501395	-0.26356969	0.59956672	6399.3666	81.116925	80.595375	0.045674827	-0.007817693
5262	5.0566241	-0.36913545	1.7926365	1669.8506	58.560599	37.566453	0.083329064	-0.29321482
5263	0.24202496	-0.36672458	0.72336484	5449.1925	58.838355	53.111588	-0.0076556443	0.081224139
5264	5.2897056	-0.88779724	1.9826877	1236.4688	12.509137	10.778302	0.15894447	0.21233281
5265	5.2039187	-0.10395901	0.51044658	3576.104	65.715482	22.216258	0.049058996	0.13862337
5266	5.053408	0.68080427	3.0737931	510.3654	3.094014	1.8164413	-0.17309747	-0.00061202715
5267	6.2028456	0.91444345	3.0173716	9753.5679	86.600151	63.979378	-0.0093790931	0.1772574
5268	1.3425917	0.24393438	1.0077002	2362.5432	39.775894	35.659618	-0.068243983	0.035946645
5269	5.3189263	-0.82323181	1.9293872	1031.215	64.510304	23.567215	-0.081183185	-0.0025644831
5270	4.070768	-0.66588486	2.1743903	1266.8423	44.721498	39.8841	0.048043691	0.28277086
5271	2.1132493	0.90666364	2.8686113	2561.8192	12.6464	12.550402	0.052682688	-0.016365433
5272	2.8444154	-0.98968586	2.8781087	957.66342	33.469855	14.301945	0.086010368	-0.011470454
5273	2.443147	0.35796234	0.55616429	1605.2895	10.856606	10.417194	0.058821361	0.05039916
5274	6.1522166	-0.61053612	0.82268426	4283.4289	58.284406	32.560208	0.061722993	0.46433833
5275	0.99645541	-0.18316147	0.68009912	995.63585	38.125998	11.561028	0.32452071	-0.16263847
5276	1.2146602	0.61816464	0.1941197	7534.3813	45.25176	43.722817	0.21797935	0.014556192
5277	4.2068525	0.2433613	2.2846207	2948.1309	43.898303	37.896746	0.11839941	-0.0011591175
5278	0.69763714	-0.22088446	0.42775033	687.58866	10.084121	1.3849302	-0.0058330668	-0.014222229
5279	3.5123397	-0.53320947	0.69510047	5231.3858	48.158922	17.714321	0.299711	0.16861148
5280	1.700991	1.0069115	2.7175968	5657.5575	65.918788	52.88024	0.098063125	0.071807327
5281	3.4789455	-0.72245487	2.0367617	1144.7693	11.200124	10.006809	0.24477451	0.025819608
5282	3.2720819	-0.59699367	1.0981338	236.45923	2.6945667	1.8007843	0.23533094	0.016801039
5283	5.7374118	0.45484399	1.3424789	3390.1477	60.740846	52.751173	0.11715774	0.016314174
5284	0.73191634	-0.6329917	1.5766501	2549.7773	82.278383	67.527105	-0.18135721	-0.050265184
5285	6.2809468	1.1628442	2.2767616	685.49233	12.950067	9.9702641	0.087494367	0.040210442
5286	5.3936683	0.86405284	2.8679286	978.6253	9.1339533	8.4005884	-0.0089981863	0.054142021
5287	3.0840981	-0.55955544	2.3923808	3170.3405	53.069722	39.816078	0.28043214	0.035084969
5288	4.5199594	-1.0707889	0.098358568	3820.2658	28.301035	14.000837	0.33297973	0.0040934173
5289	5.8901577	-0.20256269	0.30076113	2601.6658	53.274886	51.77744	0.11088983	-0.093621251
5290	5.2655187	-0.20153849	1.2223892	748.14417	31.895447	23.528938	0.040450419	0.1157411
5291	3.8536241	0.59714464	0.45566776	1938.6506	30.785606	12.183485	0.058741921	0.055449527
5292	5.9581657	1.1394943	2.1539949	1017.6324	12.151075	11.227651	-0.19407203	0.037215192
5293	3.1361544	-0.11561867	0.854189	3132.2885	44.571073	35.482135	0.10231128	-0.0031515912
5294	2.9982835	0.25438726	0.83574367	1176.5642	43.707476	31.845564	0.23559759	0.0037783105
